ticker,Year_Quarter,year,quarter,Q1,Q2,Q3,Q4,revenue,grossProfit,costOfRevenue,operatingExpenses,snaExpenses,ebitda,operatingIncome,incomeBeforeTax,netIncome,rnd,net_plus_rnd,totalAssets,totalEquity,totalAssets_lag1,totalEquity_lag1,rnd_to_rev_ratio,sna_to_rev_ratio,grossProfitRatio,operatingIncomeRatio,netIncomeRatio,rnd_lag1,rnd_lag2,rnd_lag3,rnd_lag4,rnd_lag5,rnd_lag6,rnd_lag7,rnd_lag8,rnd_lag9,rnd_lag10,rnd_lag11,rnd_lag12,rnd_to_rev_ratio_lag1,rnd_to_rev_ratio_lag2,rnd_to_rev_ratio_lag3,rnd_to_rev_ratio_lag4,rnd_to_rev_ratio_lag5,rnd_to_rev_ratio_lag6,rnd_to_rev_ratio_lag7,rnd_to_rev_ratio_lag8,rnd_to_rev_ratio_lag9,rnd_to_rev_ratio_lag10,rnd_to_rev_ratio_lag11,rnd_to_rev_ratio_lag12,revenue_yoy,netIncome_yoy,grossProfit_yoy,rnd_yoy,ebitda_yoy,operatingIncome_yoy,incomeBeforeTax_yoy,costOfRevenue_yoy,snaExpenses_yoy,operatingExpenses_yoy,rnd_to_rev_ratio_yoy,sna_to_rev_ratio_yoy,grossProfitRatio_yoy,operatingIncomeRatio_yoy,netIncomeRatio_yoy,net_plus_rnd_yoy,gics_sectors,gics_sector_code,quarter_int,time_idx,revenue_log,revenue_lag1,revenue_lag4,totalAssets_log,totalEquity_log,totalAssets_lag1_log,totalEquity_lag1_log
ADP,1995Q2,1995,Q2,0,1,0,0,799.8,452.9,346.9,302.4,195.2,203.4,150.5,144.5,105.9,54.3,160.2,3201.1,2096.6,3080.2,2019.6,0.0678919729932483,0.2440610152538134,0.5662665666416604,0.1881720430107527,0.1324081020255064,48.1,,,,,,,,,,,,0.0602002503128911,,,,,,,,,,,,,,,,,,,,,,,,,,,,Industrials,20.0,2.0,1,6.685611228001011,799.0,,8.071562123549947,7.648549113009436,8.033074410478811,7.611149775993632
ADP,1995Q3,1995,Q3,0,0,1,0,747.1,430.3,316.8,313.7,215.0,161.1,116.6,110.8,81.9,54.2,136.10000000000002,3275.4,2131.5,3201.1,2096.6,0.0725471824387632,0.2877794137331013,0.575960380136528,0.1560701378664168,0.1096238789987953,54.3,48.1,,,,,,,,,,,0.0678919729932483,0.0602002503128911,,,,,,,,,,,,,,,,,,,,,,,,,,,Industrials,20.0,3.0,2,6.617536658878359,799.8,,8.094500537641448,7.665050279365834,8.071562123549947,7.648549113009436
ADP,1995Q4,1995,Q4,0,0,0,1,819.7,477.0,342.7,317.8,210.3,207.8,159.2,150.6,108.9,58.9,167.8,3727.5,2249.2,3275.4,2131.5,0.071855556911065,0.2565572770525802,0.5819202147126997,0.1942173966085152,0.1328534829815786,54.2,54.3,48.1,,,,,,,,,,0.0725471824387632,0.0678919729932483,0.0602002503128911,,,,,,,,,,,,,,,,,,,,,,,,,,Industrials,20.0,4.0,3,6.710157634635666,747.1,,8.22376128698385,7.7187743801369715,8.094500537641448,7.665050279365834
ADP,1996Q1,1996,Q1,1,0,0,0,1031.9,603.5,428.4,395.8,276.7,263.0,207.7,199.9,143.9,63.8,207.7,3946.5,2419.9,3727.5,2249.2,0.0618276964822172,0.2681461381916852,0.5848434925864909,0.2012791937203217,0.1394514972381044,58.9,54.2,54.3,48.1,,,,,,,,,0.071855556911065,0.0725471824387632,0.0678919729932483,0.0602002503128911,,,,,,,,,0.2914893617021277,0.1484437350359138,0.2331426236207601,0.3264033264033263,0.2108655616942909,0.1861793260993718,0.18214074512123,0.3837209302325579,0.2347166443551984,0.2593063951638561,0.0270338771162492,-0.043959105688726,-0.0451778696840902,-0.0815415432179493,-0.1107602051616484,0.1978085351787772,Industrials,20.0,1.0,4,6.940125659012588,819.7,799.0,8.280837746129798,7.7918946508392075,8.22376128698385,7.7187743801369715
ADP,1996Q2,1996,Q2,0,1,0,0,967.9,539.3,428.6,357.7,231.7,234.8,181.6,174.1,120.0,72.8,192.8,3839.9,2315.3,3946.5,2419.9,0.075214381650997,0.2393842339084616,0.5571856596755863,0.1876226882942452,0.1239797499741708,63.8,58.9,54.2,54.3,48.1,,,,,,,,0.0618276964822172,0.071855556911065,0.0725471824387632,0.0678919729932483,0.0602002503128911,,,,,,,,0.2101775443860964,0.1331444759206799,0.1907705895341134,0.3406998158379373,0.1543756145526056,0.2066445182724252,0.2048442906574394,0.2355145575093689,0.1869877049180328,0.1828703703703704,0.1078538203400996,-0.0191623448771127,-0.0160364526197086,-0.0029194279220108,-0.0636543528862902,0.2034956304619226,Industrials,20.0,2.0,5,6.876161407390958,1031.9,799.8,8.253461993120244,7.7477263639828795,8.280837746129798,7.7918946508392075
ADP,1996Q3,1996,Q3,0,0,1,0,910.7,519.2,391.5,380.0,260.8,192.3,139.2,132.1,93.3,66.1,159.39999999999998,3970.9,2370.5,3839.9,2315.3,0.0725815306906774,0.2863731195783463,0.5701109037004503,0.1528494564620621,0.1024486658614252,72.8,63.8,58.9,54.2,54.3,48.1,,,,,,,0.075214381650997,0.0618276964822172,0.071855556911065,0.0725471824387632,0.0678919729932483,0.0602002503128911,,,,,,,0.2189800562173738,0.1391941391941391,0.2066000464792006,0.2195571955719555,0.1936685288640596,0.1938250428816466,0.1922382671480145,0.2357954545454545,0.2130232558139535,0.2113484220592922,0.0004734608672536,-0.0048867086651975,-0.0101560396128135,-0.0206361155848487,-0.0654530126364979,0.1711976487876558,Industrials,20.0,3.0,6,6.815310988590857,967.9,747.1,8.286999848614501,7.771277945317636,8.253461993120244,7.7477263639828795
ADP,1996Q4,1996,Q4,0,0,0,1,995.6,577.6,418.0,389.9,261.5,243.0,187.7,180.7,127.6,73.1,200.7,4123.8,2526.6,3970.9,2370.5,0.07342306147047,0.2626556850140619,0.5801526717557252,0.1885295299316994,0.1281639212535154,66.1,72.8,63.8,58.9,54.2,54.3,48.1,,,,,,0.0725815306906774,0.075214381650997,0.0618276964822172,0.071855556911065,0.0725471824387632,0.0678919729932483,0.0602002503128911,,,,,,0.2145907039160668,0.1717171717171717,0.2109014675052412,0.2410865874363326,0.1693936477382098,0.1790201005025125,0.199867197875166,0.2197257076159906,0.2434617213504517,0.2268722466960351,0.0218146602265589,0.0237701617024561,-0.0030374317858113,-0.0292860823805648,-0.0352987488383228,0.1960667461263407,Industrials,20.0,4.0,7,6.9043494858473045,910.7,819.7,8.324772812744868,7.8350255148993,8.286999848614501,7.771277945317636
ADP,1997Q1,1997,Q1,1,0,0,0,1126.3,686.0,440.3,442.1,308.1,303.1,243.9,236.6,164.9,74.8,239.7,4283.3,2583.9,4123.8,2526.6,0.066412145964663,0.2735505637929504,0.6090739589807334,0.2165497647163278,0.1464085945130072,73.1,66.1,72.8,63.8,58.9,54.2,54.3,48.1,,,,,0.07342306147047,0.0725815306906774,0.075214381650997,0.0618276964822172,0.071855556911065,0.0725471824387632,0.0678919729932483,0.0602002503128911,,,,,0.0914817327260391,0.1459346768589298,0.1367025683512841,0.1724137931034481,0.152471482889734,0.1742898411169957,0.1835917958979489,0.0277777777777779,0.1134803035778824,0.116978271854472,0.0741487997011882,0.0201547769351122,0.0414306847924088,0.0758676081404847,0.0498890109657548,0.1540683678382282,Industrials,20.0,1.0,8,7.027580672050486,995.6,1031.9,8.362712457126998,7.857442101474721,8.324772812744868,7.8350255148993
ADP,1997Q2,1997,Q2,0,1,0,0,1079.6,606.5,473.1,396.1,257.7,266.3,210.4,174.5,127.7,82.5,210.2,4382.8,2660.6,4283.3,2583.9,0.0764171915524268,0.2386995183401259,0.5617821415339015,0.1948869951834012,0.1182845498332716,74.8,73.1,66.1,72.8,63.8,58.9,54.2,54.3,48.1,,,,0.066412145964663,0.07342306147047,0.0725815306906774,0.075214381650997,0.0618276964822172,0.071855556911065,0.0725471824387632,0.0678919729932483,0.0602002503128911,,,,0.1154044839342907,0.0641666666666667,0.1246059707027629,0.1332417582417582,0.1341567291311753,0.1585903083700441,0.0022975301550833,0.1038264115725617,0.1122140699179974,0.1073525300531172,0.0159917541702463,-0.0028603202356152,0.0082494618777364,0.0387176356718836,-0.0459365351364702,0.0902489626556015,Industrials,20.0,2.0,9,6.9852717214099656,1126.3,967.9,8.385671207149251,7.886682724704267,8.362712457126998,7.857442101474721
ADP,1997Q3,1997,Q3,0,0,1,0,1038.5,595.1,443.4,434.1,289.4,218.4,161.0,153.4,105.4,87.3,192.7,4536.1,2698.5,4382.8,2660.6,0.08388273450189668,0.2786711603273952,0.5730380356283101,0.1550312951372171,0.1014925373134328,82.5,74.8,73.1,66.1,72.8,63.8,58.9,54.2,54.3,48.1,,,0.0764171915524268,0.066412145964663,0.07342306147047,0.0725815306906774,0.075214381650997,0.0618276964822172,0.071855556911065,0.0725471824387632,0.0678919729932483,0.0602002503128911,,,0.1403316130449103,0.1296891747052519,0.146186440677966,0.3207261724659607,0.1357254290171605,0.156609195402299,0.1612414837244513,0.132567049808429,0.1096625766871164,0.1423684210526317,0.1581948245207034,-0.0268948400684092,0.0051343201978082,0.0142744287461469,-0.0093327574346914,0.2089084065244668,Industrials,20.0,3.0,10,6.946495107298068,1079.6,910.7,8.420043320417317,7.9008218496583416,8.385671207149251,7.886682724704267
ADP,1997Q4,1997,Q4,0,0,0,1,1148.0,657.8,490.2,435.9,286.4,280.1,221.9,214.6,147.4,91.4,238.8,4695.0,3033.2,4536.1,2698.5,0.0796167247386759,0.2494773519163763,0.5729965156794424,0.1932926829268292,0.128397212543554,87.3,82.5,74.8,73.1,66.1,72.8,63.8,58.9,54.2,54.3,48.1,,0.08388273450189668,0.0764171915524268,0.066412145964663,0.07342306147047,0.0725815306906774,0.075214381650997,0.0618276964822172,0.071855556911065,0.0725471824387632,0.0678919729932483,0.0602002503128911,,0.153073523503415,0.1551724137931036,0.1388504155124652,0.2503419972640219,0.1526748971193416,0.1822056473095366,0.1876037631433316,0.1727272727272726,0.0952198852772465,0.1179789689664017,0.0843558296829793,-0.0501734165661789,-0.0123349532367504,0.0252647582416154,0.0018202571188274,0.1898355754857998,Industrials,20.0,4.0,11,7.046647277848756,1038.5,995.6,8.454466361507933,8.017703077313993,8.420043320417317,7.9008218496583416
ADP,1998Q1,1998,Q1,1,0,0,0,1309.3,773.3,536.0,489.6,334.5,350.1,283.7,279.1,190.6,93.6,284.2,4948.6,3242.2,4695.0,3033.2,0.0714885816848697,0.2554800274956083,0.5906209424883525,0.2166806690598029,0.1455739708241044,91.4,87.3,82.5,74.8,73.1,66.1,72.8,63.8,58.9,54.2,54.3,48.1,0.0796167247386759,0.08388273450189668,0.0764171915524268,0.066412145964663,0.07342306147047,0.0725815306906774,0.075214381650997,0.0618276964822172,0.071855556911065,0.0725471824387632,0.0678919729932483,0.0602002503128911,0.1624789132557933,0.155852031534263,0.1272594752186588,0.2513368983957218,0.1550643352029033,0.1631816318163181,0.1796280642434489,0.2173518055870997,0.0856864654333007,0.1074417552589912,0.0764383629902252,-0.0660592178893099,-0.0302968403431028,0.0006045000494303,-0.0057006468211712,0.1856487275761369,Industrials,20.0,1.0,12,7.17801139761054,1148.0,1126.3,8.507062044216779,8.084315775697736,8.454466361507933,8.017703077313993
ADP,1998Q2,1998,Q2,0,1,0,0,1302.2,708.7,593.5,466.8,296.4,309.4,241.9,237.2,161.9,102.9,264.8,5175.4,3406.5,4948.6,3242.2,0.0790201197972661,0.227614805713408,0.5442328367378283,0.1857625556750115,0.1243280602058055,93.6,91.4,87.3,82.5,74.8,73.1,66.1,72.8,63.8,58.9,54.2,54.3,0.0714885816848697,0.0796167247386759,0.08388273450189668,0.0764171915524268,0.066412145964663,0.07342306147047,0.0725815306906774,0.075214381650997,0.0618276964822172,0.071855556911065,0.0725471824387632,0.0678919729932483,0.2061874768432754,0.2678151918559124,0.168507831821929,0.2472727272727273,0.1618475403680059,0.1497148288973384,0.3593123209169053,0.2544916508137813,0.150174621653085,0.1784902802322645,0.0340620767651944,-0.046437934620895,-0.0312386305982532,-0.046819129720806,0.0510929819748446,0.2597526165556614,Industrials,20.0,2.0,13,7.1725780572878355,1309.3,1079.6,8.551865112947516,8.133734163570688,8.507062044216779,8.084315775697736
ADP,1998Q3,1998,Q3,0,0,1,0,1210.3,680.4,529.9,492.6,323.0,261.1,187.8,182.3,123.2,100.7,223.9,5400.6,3545.4,5175.4,3406.5,0.0832025117739403,0.2668759811616955,0.5621746674378253,0.1551681401305461,0.101792943898207,102.9,93.6,91.4,87.3,82.5,74.8,73.1,66.1,72.8,63.8,58.9,54.2,0.0790201197972661,0.0714885816848697,0.0796167247386759,0.08388273450189668,0.0764171915524268,0.066412145964663,0.07342306147047,0.0725815306906774,0.075214381650997,0.0618276964822172,0.071855556911065,0.0725471824387632,0.1654309099662974,0.1688804554079697,0.1433372542429842,0.1534936998854525,0.1955128205128204,0.1664596273291927,0.1883963494132985,0.195083446098331,0.1161022805805114,0.1347615756738078,-0.0102427436742605,-0.0423265154235632,-0.0189574993544252,0.0008826927054172,0.0029598884088049,0.1619097042034252,Industrials,20.0,3.0,14,7.099449442022756,1302.2,1038.5,8.594450484961584,8.173688283430844,8.551865112947516,8.133734163570688
ADP,1998Q4,1998,Q4,0,0,0,1,1274.9,739.3,535.6,457.8,284.4,328.9,281.5,275.9,168.4,105.4,273.8,5299.2,3722.4,5400.6,3545.4,0.0826731508353596,0.2230763197113498,0.5798886187151933,0.2208016315005098,0.1320887912777472,100.7,102.9,93.6,91.4,87.3,82.5,74.8,73.1,66.1,72.8,63.8,58.9,0.0832025117739403,0.0790201197972661,0.0714885816848697,0.0796167247386759,0.08389134491617461,0.0764171915524268,0.066412145964663,0.07342306147047,0.0725815306906774,0.075214381650997,0.0618276964822172,0.071855556911065,0.1105400696864111,0.1424694708276797,0.1238978412891456,0.1531728665207876,0.174223491610139,0.2685894547093286,0.2856477166821993,0.0926152590779274,-0.0069832402234636,0.0502408809359946,0.0383892468161142,-0.1058253665201478,0.0120281761706322,0.1423175888354451,0.0287512373599312,0.1465661641541038,Industrials,20.0,4.0,15,7.151407090927697,1210.3,1148.0,8.57549983467729,8.222392508337796,8.594450484961584,8.173688283430844
ADP,1999Q1,1999,Q1,1,0,0,0,1514.1,902.9,611.2,547.4,379.5,420.9,355.5,351.7,225.7,102.5,328.2,5764.9,3911.0,5299.2,3722.4,0.0676969817053034,0.250643946899148,0.5963278515289612,0.2347929463047355,0.1490654514232877,105.4,100.7,102.9,93.6,91.4,87.3,82.5,74.8,73.1,66.1,72.8,63.8,0.0826731508353596,0.0832025117739403,0.0790201197972661,0.0714885816848697,0.0796167247386759,0.08389995533045255,0.0764171915524268,0.066412145964663,0.07342306147047,0.0725815306906774,0.075214381650997,0.0618276964822172,0.1564194607805697,0.1841552990556139,0.1675934307513256,0.0950854700854701,0.2022279348757496,0.2530842439196334,0.2601218201361517,0.1402985074626865,0.1345291479820627,0.1180555555555553,-0.0530378403124588,-0.0189293881164288,0.0096625578777562,0.0835897236404306,0.0239842368757117,0.1548205489092189,Industrials,20.0,1.0,16,7.32323672236579,1274.9,1309.3,8.659716535002516,8.271804031154709,8.57549983467729,8.222392508337796
ADP,1999Q2,1999,Q2,0,1,0,0,1470.6,819.7,650.9,523.4,351.4,365.2,296.3,292.6,191.7,103.1,294.79999999999995,5824.8,4007.9,5764.9,3911.0,0.0701074391404868,0.2389500883992928,0.5573915408676732,0.2014823881408949,0.1303549571603427,102.5,105.4,100.7,102.9,93.6,91.4,87.3,82.5,74.8,73.1,66.1,72.8,0.0676969817053034,0.0826731508353596,0.0832025117739403,0.0790201197972661,0.0714885816848697,0.0796167247386759,0.08390856574473048,0.0764171915524268,0.066412145964663,0.07342306147047,0.0725815306906774,0.075214381650997,0.1293196129626783,0.1840642371834464,0.1566248059827852,0.0019436345966956,0.1803490627020039,0.2248863166597767,0.2335581787521081,0.0967144060657119,0.1855600539811066,0.1212510711225363,-0.1127900170190281,0.0498002871577567,0.0241784457709666,0.0846232568709108,0.0484757579629293,0.1132930513595165,Industrials,20.0,2.0,17,7.294105523230619,1514.1,1302.2,8.67005160805955,8.296272168455125,8.659716535002516,8.271804031154709
ADP,1999Q3,1999,Q3,0,0,1,0,1351.1,800.0,551.1,574.3,405.0,291.3,225.7,222.2,146.2,103.7,249.9,5946.7,4094.3,5824.8,4007.9,0.0767522759233217,0.2997557545703501,0.5921101324846422,0.1670490711272296,0.1082081267115683,103.1,102.5,105.4,100.7,102.9,93.6,91.4,87.3,82.5,74.8,73.1,66.1,0.0701074391404868,0.0676969817053034,0.0826731508353596,0.0832025117739403,0.0790201197972661,0.0714885816848697,0.0796167247386759,0.0839171761590084,0.0764171915524268,0.066412145964663,0.07342306147047,0.0725815306906774,0.1163347930265223,0.1866883116883115,0.1757789535567313,0.0297914597815291,0.1156644963615471,0.2018104366347177,0.2188699945145362,0.0400075485940745,0.2538699690402477,0.1658546488022734,-0.0775245327706424,0.1232024450665469,0.0532494023312206,0.0765681085478489,0.0630218811608049,0.1161232693166591,Industrials,20.0,3.0,18,7.209414218364712,1470.6,1210.3,8.69075986918633,8.317595253677041,8.67005160805955,8.296272168455125
ADP,1999Q4,1999,Q4,0,0,0,1,1492.5,878.7,613.8,571.8,395.1,374.5,306.9,303.2,199.5,109.2,308.7,6132.8,4322.5,5946.7,4094.3,0.0731658291457286,0.2647236180904522,0.5887437185929648,0.2056281407035175,0.1336683417085427,103.7,103.1,102.5,105.4,100.7,102.9,93.6,91.4,87.3,82.5,74.8,73.1,0.0767522759233217,0.0701074391404868,0.0676969817053034,0.0826731508353596,0.0832025117739403,0.0790201197972661,0.0714885816848697,0.0796167247386759,0.08392578657328634,0.0764171915524268,0.066412145964663,0.07342306147047,0.1706800533375165,0.1846793349168645,0.1885567428648722,0.0360531309297913,0.1386439647309212,0.0902309058614563,0.0989488945270025,0.1460044809559371,0.3892405063291142,0.2490170380078635,-0.1149989034355839,0.1866952907999917,0.0152703460491965,-0.068720012138847,0.0119582472934745,0.1274653031409787,Industrials,20.0,4.0,19,7.308877637656164,1351.1,1274.9,8.721569738991024,8.371820538400485,8.69075986918633,8.317595253677041
ADP,2000Q1,2000,Q1,1,0,0,0,1719.73,1057.795,661.935,639.529,446.931,491.117,418.266,415.45,271.31,119.747,391.057,6202.992,4344.568,6132.8,4322.5,0.0696312793287318,0.2598844004582114,0.6150936484215546,0.2432160862460967,0.1577631372366592,109.2,103.7,103.1,102.5,105.4,100.7,102.9,93.6,91.4,87.3,82.5,74.8,0.0731658291457286,0.0767522759233217,0.0701074391404868,0.0676969817053034,0.0826731508353596,0.0832025117739403,0.0790201197972661,0.0714885816848697,0.0796167247386759,0.08393439698756426,0.0764171915524268,0.066412145964663,0.1358100521762104,0.2020824102791316,0.1715527743936207,0.1682634146341464,0.1668258493703969,0.1765569620253164,0.1812624395791868,0.0830088350785338,0.1776837944664031,0.16830288637194,0.0285728783573937,0.036866853053433,0.0314689257670568,0.0358747572017303,0.0583480996456613,0.1915204143814748,Industrials,20.0,1.0,20,7.450503898372049,1492.5,1514.1,8.732948234804947,8.37691175412696,8.721569738991024,8.371820538400485
ADP,2000Q2,2000,Q2,0,1,0,0,1375.605,637.911,737.694,602.241,396.343,113.92,35.67,348.76,223.79,127.648,351.438,16850.816,4582.818,6202.992,4344.568,0.08388273450189668,0.2881226805660055,0.463731230985639,0.0259304088019453,0.1626847823321374,119.747,109.2,103.7,103.1,102.5,105.4,100.7,102.9,93.6,91.4,87.3,82.5,0.0696312793287318,0.0731658291457286,0.0767522759233217,0.0701074391404868,0.0676969817053034,0.0826731508353596,0.0832025117739403,0.0790201197972661,0.0714885816848697,0.0796167247386759,0.0839430074018422,0.0764171915524268,-0.064596083231334,0.167396974439228,-0.221775039648652,0.2380989330746847,-0.6880613362541073,-0.8796152548093149,0.1919343814080654,0.1333445997849132,0.1278969834945931,0.1506324035154758,0.3235981920534101,0.2057860388172101,-0.1680332459589111,-0.8713018589802876,0.248013776200529,0.1921234735413841,Industrials,20.0,2.0,21,7.227375602094817,1719.73,1470.6,9.732213704453967,8.430287554290496,8.732948234804947,8.37691175412696
ADP,2000Q3,2000,Q3,0,0,1,0,1470.884,810.926,659.958,636.053,435.435,329.662,174.873,286.61,173.4,119.074,292.474,16681.275,4719.901,16850.816,4582.818,0.0809540385237721,0.29603626118715,0.5513187987631928,0.118889728897724,0.1178882903070534,127.648,119.747,109.2,103.7,103.1,102.5,105.4,100.7,102.9,93.6,91.4,87.3,0.08388273450189668,0.0696312793287318,0.0731658291457286,0.0767522759233217,0.0701074391404868,0.0676969817053034,0.0826731508353596,0.0832025117739403,0.0790201197972661,0.0714885816848697,0.0796167247386759,0.08395161781612012,0.0886566501369254,0.186046511627907,0.0136575000000001,0.1482545805207329,0.1316924133196015,-0.2251971643774922,0.2898739873987399,0.1975285792052257,0.0751481481481481,0.1075274246909281,0.0547444691366294,-0.0124084136050409,-0.0688914637388128,-0.2882945825710457,0.0894587485216136,0.1703641456582634,Industrials,20.0,3.0,22,7.29429849183577,1375.605,1351.1,9.722102057499637,8.459754950192965,9.732213704453967,8.430287554290496
ADP,2000Q4,2000,Q4,0,0,0,1,1553.721,876.619,677.102,616.654,410.627,424.59,259.965,342.9,207.44,127.503,334.943,21057.479,5073.269,16681.275,4719.901,0.0820629958660531,0.2642861878033443,0.5642061863101548,0.1673176844491385,0.1335117437429242,119.074,127.648,119.747,109.2,103.7,103.1,102.5,105.4,100.7,102.9,93.6,91.4,0.0809540385237721,0.08388273450189668,0.0696312793287318,0.0731658291457286,0.0767522759233217,0.0701074391404868,0.0676969817053034,0.0826731508353596,0.0832025117739403,0.0790201197972661,0.0714885816848697,0.0796167247386759,0.041019095477387,0.039799498746867,-0.0023682713098895,0.1676098901098901,0.1337516688918556,-0.1529325513196481,0.1309366754617413,0.1031313131313131,0.039298911667932,0.0784435117173838,0.1216027594330071,-0.0016524037041472,-0.0416777818733286,-0.1863094035831238,-0.0011715411713563,0.0850113378684807,Industrials,20.0,4.0,23,7.349051387293557,1470.884,1492.5,9.955058560857594,8.53193775412645,9.722102057499637,8.459754950192965
ADP,2001Q1,2001,Q1,1,0,0,0,1894.32,1140.02,754.3,624.579,418.101,554.8,515.441,475.4,288.88,126.564,415.444,19841.183,4634.449,21057.479,5073.269,0.0668123653870518,0.2207129735208412,0.6018096203386968,0.2720981671523291,0.1524979940031251,127.503,119.074,127.648,119.747,109.2,103.7,103.1,102.5,105.4,100.7,102.9,93.6,0.0820629958660531,0.0809540385237721,0.08388273450189668,0.0696312793287318,0.0731658291457286,0.0767522759233217,0.0701074391404868,0.0676969817053034,0.0826731508353596,0.0832025117739403,0.0790201197972661,0.0714885816848697,0.1015217505073471,0.064759868784785,0.0777324528854834,0.0569283572866126,0.1296697121052619,0.2323282313169132,0.1443013599711156,0.139537870032556,-0.0645066016901937,-0.0233765787008877,-0.0404834432004591,-0.1507263493626613,-0.0215967570417074,0.1187507016990978,-0.03337372294794,0.0623617528902433,Industrials,20.0,1.0,24,7.54714296869572,1553.721,1719.73,9.895565405027916,8.441488344937113,9.955058560857594,8.53193775412645
ADP,2001Q2,2001,Q2,0,1,0,0,1853.088,1044.324,808.764,623.297,401.285,501.901,421.027,420.1,255.0,141.138,396.138,17889.09,4700.997,19841.183,4634.449,0.0761636792208465,0.2165493489785698,0.5635587732476818,0.2272029175085047,0.1376081438118427,126.564,127.503,119.074,127.648,119.747,109.2,103.7,103.1,102.5,105.4,100.7,102.9,0.0668123653870518,0.0820629958660531,0.0809540385237721,0.08388273450189668,0.0696312793287318,0.0731658291457286,0.0767522759233217,0.0701074391404868,0.0676969817053034,0.0826731508353596,0.0832025117739403,0.0790201197972661,0.347107636276402,0.1394611019259126,0.6370998462167923,0.1056812484331912,3.405732092696629,10.803392206335856,0.2045532744580802,0.0963407591765692,0.0124689978125007,0.0349627474715272,-0.1792183351514119,-0.2484126950604259,0.2152702591323512,7.762026053806744,-0.1541424966786276,0.1271917094907211,Industrials,20.0,2.0,25,7.525148209940045,1894.32,1375.605,9.792002207233542,8.45574259107344,9.895565405027916,8.441488344937113
ADP,2001Q3,2001,Q3,0,0,1,0,1607.883,931.531,676.352,641.853,456.561,359.141,289.678,320.2,196.6,115.829,312.429,16664.067,4570.18,17889.09,4700.997,0.0720382017845825,0.2839516308089581,0.5793524777611306,0.1801611186883622,0.1222725782908333,141.138,126.564,127.503,119.074,127.648,119.747,109.2,103.7,103.1,102.5,105.4,100.7,0.0761636792208465,0.0668123653870518,0.0820629958660531,0.0809540385237721,0.08389134491617461,0.0696312793287318,0.0731658291457286,0.0767522759233217,0.0701074391404868,0.0676969817053034,0.0826731508353596,0.0832025117739403,0.0931405875650288,0.1337946943483274,0.1487250377962969,-0.0272519609654501,0.0894218927264896,0.6565050064904245,0.1171975855692404,0.0248409747286948,0.0485170002411381,0.0091187369605991,-0.1101345516761513,-0.0408214531886423,0.0508484003462743,0.5153631887187449,0.0371901905809348,0.0682282869588406,Industrials,20.0,3.0,26,7.383295428375795,1853.088,1470.884,9.721070011135799,8.427526656248176,9.792002207233542,8.45574259107344
ADP,2001Q4,2001,Q4,0,0,0,1,1681.028,989.058,691.97,579.547,393.558,477.96,409.511,429.9,264.6,117.54,382.14,17621.282,4867.069,16664.067,4570.18,0.0699215004152221,0.234117456699115,0.5883649766690382,0.2436074830401397,0.157403683936258,115.829,141.138,126.564,127.503,119.074,127.648,119.747,109.2,103.7,103.1,102.5,105.4,0.0720382017845825,0.0761636792208465,0.0668123653870518,0.0820629958660531,0.0809540385237721,0.08389995533045255,0.0696312793287318,0.0731658291457286,0.0767522759233217,0.0701074391404868,0.0676969817053034,0.0826731508353596,0.0819368470915948,0.2755495564982646,0.1282643885199841,-0.0781393378979318,0.1256977319296262,0.5752543611640031,0.2537182852143482,0.0219582869346126,-0.0415681384809084,-0.0601747495353958,-0.1479533536729385,-0.1141517510051561,0.0428190809407447,0.4559577718408594,0.1789501022422233,0.1409105429879116,Industrials,20.0,4.0,27,7.427755487243325,1607.883,1553.721,9.7769194030225,8.490452628205814,9.721070011135799,8.427526656248176
ADP,2002Q1,2002,Q1,1,0,0,0,1870.036,1097.544,772.492,558.807,369.217,611.94,538.737,571.85,352.26,116.387,468.647,19228.232,4996.981,17621.282,4867.069,0.0622378392715434,0.1974384450352827,0.5869106263194933,0.2880891063059748,0.1883707051628952,117.54,115.829,141.138,126.564,127.503,119.074,127.648,119.747,109.2,103.7,103.1,102.5,0.0699215004152221,0.0720382017845825,0.0761636792208465,0.0668123653870518,0.0820629958660531,0.0809540385237721,0.08390856574473048,0.0696312793287318,0.0731658291457286,0.0767522759233217,0.0701074391404868,0.0676969817053034,-0.0128193758182355,0.2193990584325671,-0.0372589954562199,-0.0804099111911759,0.1029920692141315,0.0451962494252493,0.2028817837610435,0.0241177250430864,-0.1169191176294723,-0.105306134212005,-0.068468255674045,-0.1054515650542888,-0.0247569887812999,0.0587690072336779,0.2352339871371356,0.1280629880320813,Industrials,20.0,1.0,28,7.534247567136552,1681.028,1894.32,9.864186900187795,8.516789309867063,9.7769194030225,8.490452628205814
ADP,2002Q2,2002,Q2,0,1,0,0,1845.316,1015.485,829.831,580.403,387.354,503.044,435.082,465.02,287.31,125.087,412.397,18276.522,5114.205,19228.232,4996.981,0.0677862219804087,0.2099120150695057,0.5503041213537411,0.2357764198652155,0.1556969104478582,116.387,117.54,115.829,141.138,126.564,127.503,119.074,127.648,119.747,109.2,103.7,103.1,0.0622378392715434,0.0699215004152221,0.0720382017845825,0.0761636792208465,0.0668123653870518,0.0820629958660531,0.0809540385237721,0.0839171761590084,0.0696312793287318,0.0731658291457286,0.0767522759233217,0.0701074391404868,-0.004194080367473,0.1267058823529412,-0.0276149930481345,-0.1137255735521263,0.0022773415474366,0.0333826571692552,0.1069269221613899,0.0260483898887684,-0.0347159749305358,-0.0688179150549417,-0.1099928118775118,-0.0306504449926607,-0.0235195555870005,0.037735001164278,0.1314512799529441,0.0410437776734369,Industrials,20.0,2.0,29,7.520947581344758,1870.036,1853.088,9.813427277832456,8.539972755783985,9.864186900187795,8.516789309867063
ADP,2002Q3,2002,Q3,0,0,1,0,1646.685,938.217,708.468,635.535,447.953,370.366,302.682,340.4,210.4,119.898,330.298,15695.995,4748.926,18276.522,5114.205,0.0728117399502637,0.2720332061080291,0.5697610654132393,0.1838129332568159,0.1277718567910681,125.087,116.387,117.54,115.829,141.138,126.564,127.503,119.074,127.648,119.747,109.2,103.7,0.0677862219804087,0.0622378392715434,0.0699215004152221,0.0720382017845825,0.0761636792208465,0.0668123653870518,0.0820629958660531,0.0809540385237721,0.08392578657328634,0.0696312793287318,0.0731658291457286,0.0767522759233217,0.024132352913738,0.0701932858596134,0.0071774315615906,0.0351293717462812,0.0312551337775413,0.0448912240487715,0.0630855715178013,0.0474841502649507,-0.0188539976038251,-0.0098433753523002,0.0107378883220081,-0.0419734328236613,-0.0165554005826585,0.0202697152140274,0.0449755666978279,0.0571937944300946,Industrials,20.0,3.0,30,7.407126551422992,1845.316,1607.883,9.661224571742952,8.465884317959965,9.813427277832456,8.539972755783985
ADP,2002Q4,2002,Q4,0,0,0,1,1682.995,980.279,702.716,592.084,402.005,456.894,388.195,423.45,261.69,121.38,383.07,19002.943,4979.109,15695.995,4748.926,0.0721214263856993,0.2388628605551413,0.5824610292959872,0.2306572509128072,0.1554906580233453,119.898,125.087,116.387,117.54,115.829,141.138,126.564,127.503,119.074,127.648,119.747,109.2,0.0728117399502637,0.0677862219804087,0.0622378392715434,0.0699215004152221,0.0720382017845825,0.0761636792208465,0.0668123653870518,0.0820629958660531,0.0809540385237721,0.08393439698756426,0.0696312793287318,0.0731658291457286,0.0011701173329652,-0.0109977324263039,-0.0088761225327533,0.0326697294538029,-0.0440748179763996,-0.0520523258227496,-0.015003489183531,0.0155295749815742,0.0214631642604139,0.0216324129018008,0.0314627969567749,0.0202693294337508,-0.0100344983253005,-0.0531602394381237,-0.0121536285878001,0.0024336630554244,Industrials,20.0,4.0,31,7.428924225676724,1646.685,1681.028,9.85240176293376,8.513207057329371,9.661224571742952,8.465884317959965
ADP,2003Q1,2003,Q1,1,0,0,0,1905.778,1109.198,796.58,603.697,412.793,573.004,505.501,533.0,329.39,123.401,452.791,20329.399,5227.856,19002.943,4979.109,0.064750983587805,0.2166007793142748,0.5820184722459805,0.2652465292389774,0.1728375498090543,121.38,119.898,125.087,116.387,117.54,115.829,141.138,126.564,127.503,119.074,127.648,119.747,0.0721214263856993,0.0728117399502637,0.0677862219804087,0.0622378392715434,0.0699215004152221,0.0720382017845825,0.0761636792208465,0.0668123653870518,0.0820629958660531,0.0809540385237721,0.0839430074018422,0.0696312793287318,0.019113001033135,-0.0649236359507182,0.0106182531178704,0.0602644625258834,-0.0636271529888551,-0.0616924399103829,-0.0679373961703244,0.0311821999451127,0.1180227345978111,0.0803318498157681,0.0403796845404096,0.0970547264772456,-0.0083354327799302,-0.0792899716337647,-0.0824605680613047,-0.0338335676959417,Industrials,20.0,1.0,32,7.553170185609402,1682.995,1870.036,9.919872532598026,8.561947795082599,9.85240176293376,8.513207057329371
ADP,2003Q2,2003,Q2,0,1,0,0,1911.559,1022.604,888.955,700.911,495.602,392.489,321.693,348.35,216.67,134.513,351.183,19833.671,5371.473,20329.399,5227.856,0.0703682177740786,0.2592658662379764,0.5349581153393644,0.1682882924356507,0.1133472730896613,123.401,121.38,119.898,125.087,116.387,117.54,115.829,141.138,126.564,127.503,119.074,127.648,0.064750983587805,0.0721214263856993,0.0728117399502637,0.0677862219804087,0.0622378392715434,0.0699215004152221,0.0720382017845825,0.0761636792208465,0.0668123653870518,0.0820629958660531,0.0809540385237721,0.08395161781612012,0.0358979166711825,-0.2458668337335978,0.0070104432857205,0.0753555525354352,-0.2197720278941802,-0.2606152403454981,-0.2508924347339898,0.071248242111948,0.2794549688398726,0.2076281480281803,0.0380902743689728,0.2351168471806093,-0.0278864093850972,-0.2862378157584427,-0.2720004991517122,-0.1484346394372413,Industrials,20.0,2.0,33,7.556197414898052,1905.778,1845.316,9.895186745969426,8.589043602910738,9.919872532598026,8.561947795082599
ADP,2003Q3,2003,Q3,0,0,1,0,1720.277,926.036,794.241,633.358,426.878,367.404,292.678,311.27,194.85,131.754,326.604,18714.386,5349.633,19833.671,5371.473,0.0765888284270498,0.2481449208470496,0.5383063308990353,0.1701342283829871,0.113266642523268,134.513,123.401,121.38,119.898,125.087,116.387,117.54,115.829,141.138,126.564,127.503,119.074,0.0703682177740786,0.064750983587805,0.0721214263856993,0.0728117399502637,0.0677862219804087,0.0622378392715434,0.0699215004152221,0.0720382017845825,0.0761636792208465,0.0668123653870518,0.0820629958660531,0.0809540385237721,0.0446910004038416,-0.0739068441064639,-0.0129831371633641,0.098884051443727,-0.0079974943704335,-0.0330511890366788,-0.0855757931844888,0.121068276901709,-0.0470473464850106,-0.0034254604388429,0.0518747179969352,-0.0878138577372539,-0.0552068865769027,-0.0744164441068871,-0.1135243286909332,-0.0111838400474723,Industrials,20.0,3.0,34,7.450821736194346,1911.559,1646.685,9.837101245292812,8.584970150648068,9.895186745969426,8.589043602910738
ADP,2003Q4,2003,Q4,0,0,0,1,1827.4,1017.1,810.3,666.027,459.293,424.682,351.073,365.14,228.58,133.125,361.705,24700.123,5374.413,18714.386,5349.633,0.0728494035241326,0.2513368720586625,0.5565831235635329,0.1921161212651854,0.1250848199627886,131.754,134.513,123.401,121.38,119.898,125.087,116.387,117.54,115.829,141.138,126.564,127.503,0.0765888284270498,0.0703682177740786,0.064750983587805,0.0721214263856993,0.0728117399502637,0.0677862219804087,0.0622378392715434,0.0699215004152221,0.0720382017845825,0.0761636792208465,0.0668123653870518,0.0820629958660531,0.0858023939465062,-0.1265237494745691,0.0375617553778058,0.096762234305487,-0.0705021295967992,-0.0956271976712734,-0.1377022080528988,0.1530974106182296,0.1425056902277335,0.1248859959059864,0.0100937706714254,0.052222482283476,-0.0444285616219382,-0.1670926428503694,-0.1955476840029291,-0.055773096300937,Industrials,20.0,4.0,35,7.511196546457589,1720.277,1682.995,10.114603987169584,8.589590687253338,9.837101245292812,8.584970150648068
ADP,2004Q1,2004,Q1,1,0,0,0,2121.435,1177.062,944.373,709.419,487.41,544.828,467.643,479.64,300.25,144.824,445.074,25425.481,5624.698,24700.123,5374.413,0.0682669985175129,0.2297548593287091,0.5548423590635584,0.220437109786536,0.1415315576484785,133.125,131.754,134.513,123.401,121.38,119.898,125.087,116.387,117.54,115.829,141.138,126.564,0.0728494035241326,0.0765888284270498,0.0703682177740786,0.064750983587805,0.0721214263856993,0.0728117399502637,0.0677862219804087,0.0622378392715434,0.0699215004152221,0.0720382017845825,0.0761636792208465,0.0668123653870518,0.1131595600327004,-0.0884665593976744,0.0611829447943468,0.1736047519874233,-0.0491724316060622,-0.0748920378001231,-0.1001125703564728,0.1855344096010445,0.1807613016693596,0.1751242759198736,0.0543005640206217,0.0607296061264328,-0.0466928705502263,-0.1689349888234345,-0.1811295762706758,-0.0170431832788195,Industrials,20.0,1.0,36,7.66031929345273,1827.4,1905.778,10.143546468974488,8.635100308263121,10.114603987169584,8.589590687253338
ADP,2004Q2,2004,Q2,0,1,0,0,2085.83,1109.331,976.499,782.489,529.775,408.094,326.842,338.48,211.89,171.462,383.352,21120.559,5417.67,25425.481,5624.698,0.0822032476280425,0.2539876212347123,0.5318415211210885,0.1566963750641231,0.1015854599847542,144.824,133.125,131.754,134.513,123.401,121.38,119.898,125.087,116.387,117.54,115.829,141.138,0.0682669985175129,0.0728494035241326,0.0765888284270498,0.0703682177740786,0.064750983587805,0.0721214263856993,0.0728117399502637,0.0677862219804087,0.0622378392715434,0.0699215004152221,0.0720382017845825,0.0761636792208465,0.091166948025146,-0.022061199058476,0.0848099557600008,0.2746872049541677,0.039759076050539,0.01600594355488,-0.028333572556337,0.098479675574129,0.0689525062449303,0.1163885286434369,0.1681871479530856,-0.0203584261972198,-0.0058258658554957,-0.0688813060240658,-0.1037679406332353,0.0916018144386259,Industrials,20.0,2.0,37,7.643401447123109,2121.435,1911.559,9.95804955138379,8.59760567686739,10.143546468974488,8.635100308263121
ADP,2004Q3,2004,Q3,0,0,1,0,1854.682,987.662,867.02,669.303,446.158,426.301,318.359,330.94,208.161,148.724,356.885,23787.478,5413.534,21120.559,5417.67,0.0801884096572889,0.2405576805080332,0.5325236347794393,0.1716515284021735,0.1122354128632293,171.462,144.824,133.125,131.754,134.513,123.401,121.38,119.898,125.087,116.387,117.54,115.829,0.0822032476280425,0.0682669985175129,0.0728494035241326,0.0765888284270498,0.0703682177740786,0.064750983587805,0.0721214263856993,0.0728117399502637,0.0677862219804087,0.0622378392715434,0.0699215004152221,0.0720382017845825,0.0781298593191677,0.0683140877598151,0.0665481687536986,0.128800643623723,0.1603058213846337,0.0877448937057105,0.0631927265717866,0.0916333959087984,0.0451651291469694,0.0567530527758393,0.0469987765078256,-0.0305758437977177,-0.0107423892079037,0.00891825256803,-0.0091044427297015,0.0927147248655864,Industrials,20.0,3.0,38,7.526007562459525,2085.83,1720.277,10.076956624789725,8.596842098483569,9.95804955138379,8.59760567686739
ADP,2004Q4,2004,Q4,0,0,0,1,1993.584,1077.865,915.719,691.594,465.363,494.005,386.271,397.62,250.103,150.07,400.173,28189.379,5656.523,23787.478,5413.534,0.0752764869702004,0.2334303445453013,0.5406669596064174,0.1937570726891869,0.125453956291784,148.724,171.462,144.824,133.125,131.754,134.513,123.401,121.38,119.898,125.087,116.387,117.54,0.0801884096572889,0.0822032476280425,0.0682669985175129,0.0728494035241326,0.0765888284270498,0.0703682177740786,0.064750983587805,0.0721214263856993,0.0728117399502637,0.0677862219804087,0.0622378392715434,0.0699215004152221,0.0909401335230382,0.0941595940152244,0.0597433880641038,0.1272863849765257,0.1632350794241337,0.1002583508273209,0.0889521827244346,0.1300987288658524,0.0132159645367988,0.0383873326456736,0.0333164491218342,-0.0712451275719776,-0.0285962029448754,0.0085414561422274,0.0029510881424716,0.1063518613234539,Industrials,20.0,4.0,39,7.598190786277116,1854.682,1827.4,10.246736028501642,8.64074144289934,10.076956624789725,8.596842098483569
ADP,2005Q1,2005,Q1,1,0,0,0,2348.963,1280.89,1068.073,745.005,512.886,589.824,535.885,537.95,338.371,154.362,492.733,32772.727,5769.642,28189.379,5656.523,0.0657149559188458,0.2183457125548593,0.5453002026851849,0.2281368416616183,0.1440512260090942,150.07,148.724,171.462,144.824,133.125,131.754,134.513,123.401,121.38,119.898,125.087,116.387,0.0752764869702004,0.0801884096572889,0.0822032476280425,0.0682669985175129,0.0728494035241326,0.0765888284270498,0.0703682177740786,0.064750983587805,0.0721214263856993,0.0728117399502637,0.0677862219804087,0.0622378392715434,0.1072519308864048,0.1269641965029142,0.0882094571059131,0.0658592498480914,0.0825875322120008,0.145927555849227,0.1215703444249856,0.1309863793225769,0.0522681110358833,0.0501621749628922,-0.0373832547803071,-0.0496579128170987,-0.0171979594248686,0.0349293813665878,0.0178028731010915,0.1070810696648196,Industrials,20.0,1.0,40,7.7621548623334045,1993.584,2121.435,10.397382467297875,8.66053861847728,10.246736028501642,8.64074144289934
ADP,2005Q2,2005,Q2,0,1,0,0,2302.471,1183.783,1118.688,779.698,532.693,506.725,404.085,411.39,258.765,170.944,429.709,27615.4,5783.8,32772.727,5769.642,0.0742437146873945,0.231357094182728,0.5141359000829977,0.175500581766285,0.1123857803203601,154.362,150.07,148.724,171.462,144.824,133.125,131.754,134.513,123.401,121.38,119.898,125.087,0.0657149559188458,0.0752764869702004,0.0801884096572889,0.0822032476280425,0.0682669985175129,0.0728494035241326,0.0765888284270498,0.0703682177740786,0.064750983587805,0.0721214263856993,0.0728117399502637,0.0677862219804087,0.103863210328742,0.2212232762282315,0.0671143238582532,-0.0030210775565431,0.2416869642778381,0.236331316048733,0.2154041597731031,0.1456110042099379,0.0055079986786843,-0.0035668233035864,-0.0968274754382421,-0.0891009055558309,-0.0332911597439186,0.1200040951455756,0.1063175806579679,0.120925415805839,Industrials,20.0,2.0,41,7.742172394759063,2348.963,2085.83,10.226165078135152,8.662989066860742,10.397382467297875,8.66053861847728
ADP,2005Q3,2005,Q3,0,0,1,0,2046.2,1072.7,973.5,722.9,485.5,431.6,349.8,353.1,220.0,159.8,379.8,24826.4,5728.7,27615.4,5783.8,0.0780959827973805,0.2372690841559964,0.5242400547356075,0.1709510311797478,0.1075163718111621,170.944,154.362,150.07,148.724,171.462,144.824,133.125,131.754,134.513,123.401,121.38,119.898,0.0742437146873945,0.0657149559188458,0.0752764869702004,0.0801884096572889,0.0822032476280425,0.0682669985175129,0.0728494035241326,0.0765888284270498,0.0703682177740786,0.064750983587805,0.0721214263856993,0.0728117399502637,0.1032619068929336,0.0568742463766027,0.0861003055701241,0.0744735214222318,0.0124301843063938,0.098759576452998,0.0669607783888319,0.1228114691702613,0.0881795238458125,0.080078828273592,-0.0260938815079522,-0.0136707185781452,-0.015555328445211,-0.00408092621689,-0.042045918767349,0.0642083584347898,Industrials,20.0,3.0,42,7.624228284845579,2302.471,1854.682,10.11970316097764,8.653418452317219,10.226165078135152,8.662989066860742
ADP,2005Q4,2005,Q4,0,0,0,1,2153.2,1161.0,992.2,732.1,489.0,489.7,428.9,438.4,259.7,163.7,423.4,29643.2,5855.9,24826.4,5728.7,0.0760263793423741,0.2271038454393461,0.5391974735277727,0.199191900427271,0.1206111833550065,159.8,170.944,154.362,150.07,148.724,171.462,144.824,133.125,131.754,134.513,123.401,121.38,0.0780959827973805,0.0742437146873945,0.0657149559188458,0.0752764869702004,0.0801884096572889,0.0822032476280425,0.0682669985175129,0.0728494035241326,0.0765888284270498,0.0703682177740786,0.064750983587805,0.0721214263856993,0.0800648480324881,0.038372190657449,0.0771293251010099,0.0908242820017324,-0.0087144866954788,0.1103603428680899,0.1025602333886623,0.0835201628447155,0.0507926070615842,0.0585690448442293,0.009961840706921,-0.0271022994815801,-0.0027179135927123,0.028049699877549,-0.0386019945478172,0.0580423966634429,Industrials,20.0,4.0,43,7.67517470391667,2046.2,1993.584,10.297021769776327,8.675375732356866,10.11970316097764,8.653418452317219
ADP,2006Q1,2006,Q1,1,0,0,0,2438.6,1290.1,1148.5,734.8,517.3,543.0,555.3,571.4,370.6,146.6,517.2,32643.2,6043.8,29643.2,5855.9,0.0601164602640859,0.2121299106044451,0.5290330517510047,0.2277126219962273,0.1519724432051177,163.7,159.8,170.944,154.362,150.07,148.724,171.462,144.824,133.125,131.754,134.513,123.401,0.0760263793423741,0.0780959827973805,0.0742437146873945,0.0657149559188458,0.0752764869702004,0.0801884096572889,0.0822032476280425,0.0682669985175129,0.0728494035241326,0.0765888284270498,0.0703682177740786,0.064750983587805,0.0381602434776535,0.0952475241672603,0.0071903129855022,-0.0502843964188077,-0.0793863932291666,0.036229788107523,0.0621805000464725,0.0753010327945749,0.0086062009881338,-0.0136978946450024,-0.0851936302243547,-0.0284677078275691,-0.0298315512337552,-0.0018594965298074,0.0549888912123763,0.049655695883978,Industrials,20.0,1.0,44,7.799589370422301,2153.2,2348.963,10.393422477270525,8.70695367730719,10.297021769776327,8.675375732356866
ADP,2006Q2,2006,Q2,0,1,0,0,2473.8,1220.6,1253.2,833.0,602.6,477.3,387.6,424.6,703.7,155.3,859.0,27490.1,6011.6,32643.2,6043.8,0.0627779125232435,0.2435928531004931,0.4934109467216427,0.1566820276497695,0.2844611528822055,146.6,163.7,159.8,170.944,154.362,150.07,148.724,171.462,144.824,133.125,131.754,134.513,0.0601164602640859,0.0760263793423741,0.0780959827973805,0.0742437146873945,0.0657149559188458,0.0752764869702004,0.0801884096572889,0.0822032476280425,0.0682669985175129,0.0728494035241326,0.0765888284270498,0.0703682177740786,0.0744109263482581,1.7194558769539934,0.0311011393135396,-0.0915153500561586,-0.0580689723222656,-0.0407958721556107,0.0321106492622573,0.1202408535713264,0.1312331868449558,0.0683623659416852,-0.1544346509657828,0.0528868974646665,-0.0403102630219155,-0.1072278731336411,1.531113385264022,0.9990272486729396,Industrials,20.0,2.0,45,7.813914863656834,2438.6,2302.471,10.221617594909477,8.701612546292338,10.393422477270525,8.70695367730719
ADP,2006Q3,2006,Q3,0,0,1,0,2217.6,1105.7,1111.9,747.8,528.4,373.9,357.9,412.7,257.5,137.6,395.1,26209.3,5847.9,27490.1,6011.6,0.062049062049062,0.2382756132756132,0.4986020923520924,0.1613906926406926,0.1161165223665223,155.3,146.6,163.7,159.8,170.944,154.362,150.07,148.724,171.462,144.824,133.125,131.754,0.0627779125232435,0.0601164602640859,0.0760263793423741,0.0780959827973805,0.0742437146873945,0.0657149559188458,0.0752764869702004,0.0801884096572889,0.0822032476280425,0.0682669985175129,0.0728494035241326,0.0765888284270498,0.0837650278565145,0.1704545454545454,0.0307634939871352,-0.1389236545682103,-0.1336886005560705,0.0231560891938249,0.1687907108467854,0.1421674370826913,0.0883625128733265,0.034444598146355,-0.2054769038498701,0.0042421418837483,-0.0489050047815312,-0.0559244274402936,0.0799892184835366,0.0402843601895734,Industrials,20.0,3.0,46,7.704631645304559,2473.8,2046.2,10.17390774226492,8.674008888357223,10.221617594909477,8.701612546292338
ADP,2006Q4,2006,Q4,0,0,0,1,2316.1,1205.7,1110.4,771.6,564.3,457.1,434.1,453.7,297.7,145.1,442.8,31612.2,5906.5,26209.3,5847.9,0.0626484175985492,0.2436423297785069,0.5205733776607228,0.1874271404516213,0.1285350373472648,137.6,155.3,146.6,163.7,159.8,170.944,154.362,150.07,148.724,171.462,144.824,133.125,0.062049062049062,0.0627779125232435,0.0601164602640859,0.0760263793423741,0.0780959827973805,0.0742437146873945,0.0657149559188458,0.0752764869702004,0.0801884096572889,0.0822032476280425,0.0682669985175129,0.0728494035241326,0.0756548393089355,0.1463226800154025,0.0385012919896641,-0.1136224801466095,-0.0665713702266693,0.0121240382373515,0.0348996350364962,0.1191292078210037,0.1539877300613497,0.053954377817238,-0.1759647356554897,0.0728234447424973,-0.0345403989844375,-0.0590624415471416,0.0656975064155969,0.0458195559754368,Industrials,20.0,4.0,47,7.748071682758703,2217.6,2153.2,10.361330033872646,8.683978009061063,10.17390774226492,8.674008888357223
ADP,2007Q1,2007,Q1,1,0,0,0,2189.3,1289.9,899.4,730.3,554.1,649.6,559.6,577.8,388.9,122.2,511.1,32922.9,5988.7,31612.2,5906.5,0.0558169277851368,0.2530945964463527,0.5891837573653679,0.255606814963687,0.1776366875256931,145.1,137.6,155.3,146.6,163.7,159.8,170.944,154.362,150.07,148.724,171.462,144.824,0.0626484175985492,0.062049062049062,0.0627779125232435,0.0601164602640859,0.0760263793423741,0.0780959827973805,0.0742437146873945,0.0657149559188458,0.0752764869702004,0.0801884096572889,0.0822032476280425,0.0682669985175129,-0.1022307881571392,0.0493793847814354,-0.0001550267421128,-0.1664392905866302,0.1963167587476979,0.0077435620385377,0.0112005600280014,-0.2168915977361776,0.0711386042915138,-0.0061241154055525,-0.071520053909723,0.1931113143129241,0.1136993339362733,0.1224973509282321,0.1688743286566518,-0.0117942768754835,Industrials,20.0,1.0,48,7.69179379973015,2316.1,2438.6,10.401954116789902,8.697796606382822,10.361330033872646,8.683978009061063
ADP,2007Q2,2007,Q2,0,1,0,0,1945.7,1090.2,855.5,819.2,635.7,354.6,271.0,287.4,194.7,130.4,325.1,26648.9,5147.9,32922.9,5988.7,0.0670195816415685,0.3267204605026468,0.5603124839389423,0.1392814925219715,0.1000668140001027,122.2,145.1,137.6,155.3,146.6,163.7,159.8,170.944,154.362,150.07,148.724,171.462,0.0558169277851368,0.0626484175985492,0.062049062049062,0.0627779125232435,0.0601164602640859,0.0760263793423741,0.0780959827973805,0.0742437146873945,0.0657149559188458,0.0752764869702004,0.0801884096572889,0.0822032476280425,-0.2134772414908239,-0.7233195964189285,-0.1068327052269374,-0.1603348358016741,-0.257071024512885,-0.3008255933952528,-0.3231276495525201,-0.3173475901691669,0.0549286425489545,-0.0165666266506602,0.0675662657109616,0.3412563478118948,0.1355898924857903,-0.1110563565509463,-0.6482232706075681,-0.6215366705471479,Industrials,20.0,2.0,49,7.5738909102952325,2189.3,2473.8,10.190540677241735,8.546538378610702,10.401954116789902,8.697796606382822
ADP,2007Q3,2007,Q3,0,0,1,0,1992.0,1083.7,908.3,717.4,533.6,449.7,366.3,381.5,297.4,124.4,421.8,25703.3,4997.9,26648.9,5147.9,0.0624497991967871,0.2678714859437751,0.5440261044176707,0.1838855421686747,0.14929718875502,130.4,122.2,145.1,137.6,155.3,146.6,163.7,159.8,170.944,154.362,150.07,148.724,0.0670195816415685,0.0558169277851368,0.0626484175985492,0.062049062049062,0.0627779125232435,0.0601164602640859,0.0760263793423741,0.0780959827973805,0.0742437146873945,0.0657149559188458,0.0752764869702004,0.0801884096572889,-0.1017316017316016,0.1549514563106795,-0.0198968978927376,-0.0959302325581394,0.2027280021396096,0.0234702430846607,-0.0755997092318875,-0.183109991905747,0.0098410295230886,-0.040652580903985,0.0064583917063603,0.1242085678064264,0.0911027305386873,0.1393813308556943,0.2857531875073107,0.0675778283978738,Industrials,20.0,3.0,50,7.597396320212795,1945.7,2217.6,10.154413572062786,8.516973167212688,10.190540677241735,8.546538378610702
ADP,2007Q4,2007,Q4,0,0,0,1,2150.1,1170.3,979.8,742.9,554.5,511.6,427.4,440.6,291.2,128.8,420.0,27545.7,5177.6,25703.3,4997.9,0.0599041905027673,0.2578949816287614,0.5443002651039487,0.1987814520254872,0.1354355611366913,124.4,130.4,122.2,145.1,137.6,155.3,146.6,163.7,159.8,170.944,154.362,150.07,0.0624497991967871,0.0670195816415685,0.0558169277851368,0.0626484175985492,0.062049062049062,0.0627779125232435,0.0601164602640859,0.0760263793423741,0.0780959827973805,0.0742437146873945,0.0657149559188458,0.0752764869702004,-0.0716722075903458,-0.0218340611353712,-0.0293605374471261,-0.1123363197794623,0.1192299278057318,-0.0154342317438379,-0.02887370509147,-0.1176152737752163,-0.0173666489455962,-0.0371954380508036,-0.0438036138975921,0.0584982579308424,0.0455783727355525,0.0605798687773113,0.0536859360050074,-0.051490514905149,Industrials,20.0,4.0,51,7.6737346181917525,1992.0,2316.1,10.223638025192443,8.552290028453667,10.154413572062786,8.516973167212688
ADP,2008Q1,2008,Q1,1,0,0,0,2427.2,1393.7,1033.5,776.2,585.3,527.4,617.5,635.5,413.6,132.0,545.6,32775.5,5498.8,27545.7,5177.6,0.0543836519446275,0.2411420566908372,0.5742007251153594,0.2544083717864205,0.1704021094264997,128.8,124.4,130.4,122.2,145.1,137.6,155.3,146.6,163.7,159.8,170.944,154.362,0.0599041905027673,0.0624497991967871,0.0670195816415685,0.0558169277851368,0.0626484175985492,0.062049062049062,0.0627779125232435,0.0601164602640859,0.0760263793423741,0.0780959827973805,0.0742437146873945,0.0657149559188458,0.1086648700497874,0.0635124710722552,0.0804713543685555,0.0801963993453354,-0.188115763546798,0.1034667619728377,0.0998615437867775,0.1490993995997331,0.0563075257173795,0.0628508831986855,-0.0256781571000562,-0.0472255825424112,-0.0254301515659691,-0.0046886198141341,-0.0407268239459094,0.067501467423205,Industrials,20.0,1.0,52,7.794905521109875,2150.1,2189.3,10.397467074175031,8.612467006923026,10.223638025192443,8.552290028453667
ADP,2008Q2,2008,Q2,0,1,0,0,2207.2,1213.1,994.1,898.4,697.0,400.8,314.7,354.5,233.5,140.8,374.3,23734.4,5087.2,32775.5,5498.8,0.0637912287060529,0.3157847046031171,0.5496103660746647,0.1425788329104748,0.1057901413555636,132.0,128.8,124.4,130.4,122.2,145.1,137.6,155.3,146.6,163.7,159.8,170.944,0.0543836519446275,0.0599041905027673,0.0624497991967871,0.0670195816415685,0.0558169277851368,0.0626484175985492,0.062049062049062,0.0627779125232435,0.0601164602640859,0.0760263793423741,0.0780959827973805,0.0742437146873945,0.1343989309759983,0.199280945043657,0.1127316088791046,0.0797546012269938,0.1302876480541455,0.1612546125461254,0.2334725121781491,0.162010520163647,0.096429133238949,0.0966796875,-0.0481702937625215,-0.0334712918888077,-0.0191002666744861,0.023673930604837,0.0571950592476639,0.1513380498308212,Industrials,20.0,2.0,53,7.699932983005037,2427.2,1945.7,10.074722883592518,8.534679412423513,10.397467074175031,8.612467006923026
ADP,2008Q3,2008,Q3,0,0,1,0,2181.5,1134.6,1046.9,716.5,526.7,326.5,418.1,441.3,276.9,130.4,407.3,24176.9,4861.3,23734.4,5087.2,0.0597753839101535,0.2414393765757506,0.5201008480403392,0.1916571166628466,0.1269310107724043,140.8,132.0,128.8,124.4,130.4,122.2,145.1,137.6,155.3,146.6,163.7,159.8,0.0637912287060529,0.0543836519446275,0.0599041905027673,0.0624497991967871,0.0670195816415685,0.0558169277851368,0.0626484175985492,0.062049062049062,0.0627779125232435,0.0601164602640859,0.0760263793423741,0.0780959827973805,0.0951305220883533,-0.0689307330195023,0.0469687182799667,0.0482315112540192,-0.2739604180564821,0.1414141414141414,0.1567496723460026,0.1525927556974569,-0.0129310344827585,-0.0012545302481181,-0.0428250422104027,-0.0986745911939744,-0.043978140355859,0.042263107814334,-0.14980977317206,-0.0343764817449028,Industrials,20.0,3.0,54,7.688226287713757,2207.2,1992.0,10.093194271761988,8.489266855975396,10.074722883592518,8.534679412423513
ADP,2008Q4,2008,Q4,0,0,0,1,2203.3,1196.2,1007.1,753.5,573.1,383.1,442.7,473.2,300.5,123.1,423.6,33361.0,4837.7,24176.9,4861.3,0.0558707393455271,0.2601098352471293,0.5429129033722144,0.2009258839014205,0.1363863295965143,130.4,140.8,132.0,128.8,124.4,130.4,122.2,145.1,137.6,155.3,146.6,163.7,0.0597753839101535,0.0637912287060529,0.0543836519446275,0.0599041905027673,0.0624497991967871,0.0670195816415685,0.0558169277851368,0.0626484175985492,0.062049062049062,0.0627779125232435,0.0601164602640859,0.0760263793423741,0.0247430352076649,0.0319368131868131,0.0221310775014953,-0.0442546583850933,-0.2511727912431587,0.0357978474496958,0.0739900136177937,0.0278628291488058,0.0335437330928765,0.0142684075918697,-0.0673317028973763,0.0085881997562717,-0.0025488904207483,0.010787887169968,0.0070200798951423,0.0085714285714286,Industrials,20.0,4.0,55,7.698165277162293,2181.5,2150.1,10.415172806714,8.484401368591246,10.093194271761988,8.489266855975396
ADP,2009Q1,2009,Q1,1,0,0,0,2374.7,1156.1,1218.6,520.4,520.4,708.2,635.7,629.1,402.5,0.0,402.5,29174.4,4992.5,33361.0,4837.7,0.0,0.2191434707542005,0.4868404430033267,0.2676969722491262,0.1694950941171516,123.1,130.4,140.8,132.0,128.8,124.4,130.4,122.2,145.1,137.6,155.3,146.6,0.0558707393455271,0.0597753839101535,0.0637912287060529,0.0543836519446275,0.0599041905027673,0.0624497991967871,0.0670195816415685,0.0558169277851368,0.0626484175985492,0.062049062049062,0.0627779125232435,0.0601164602640859,-0.0216298615688859,-0.0268375241779497,-0.1704814522494081,-1.0,0.3428138035646568,0.0294736842105263,-0.0100708103855231,0.1791001451378808,-0.1108833077054501,-0.3295542385982994,-1.0,-0.0912266663000247,-0.15214240994642,0.0522333458187518,-0.005322793904375,-0.2622800586510264,Industrials,20.0,1.0,56,7.773047409884477,2203.3,2427.2,10.281081167429237,8.51589234568319,10.415172806714,8.484401368591246
ADP,2009Q2,2009,Q2,0,1,0,0,2107.7,911.0,1196.7,577.4,577.4,443.8,333.6,361.0,352.6,0.0,352.6,25351.7,5322.6,29174.4,4992.5,0.0,0.2739479052996157,0.4322246999098544,0.1582767946102386,0.16729136025051,0.0,123.1,130.4,140.8,132.0,128.8,124.4,130.4,122.2,145.1,137.6,155.3,0.0,0.0558707393455271,0.0597753839101535,0.0637912287060529,0.0543836519446275,0.0599041905027673,0.0624497991967871,0.0670195816415685,0.0558169277851368,0.0626484175985492,0.062049062049062,0.0627779125232435,-0.0450797390358825,0.5100642398286939,-0.2490314071387354,-1.0,0.1072854291417164,0.0600571973307912,0.0183356840620592,0.2038024343627402,-0.1715925394548063,-0.3573018699910952,-1.0,-0.132485198597831,-0.2135797892663171,0.1101002258141683,0.5813511363808384,-0.0579748864547154,Industrials,20.0,2.0,57,7.653826922849969,2374.7,2207.2,10.140640512223401,8.579905045212401,10.281081167429237,8.51589234568319
ADP,2009Q3,2009,Q3,0,0,1,0,2102.8,909.5,1193.3,492.7,492.7,339.2,416.8,447.3,284.1,0.0,284.1,24436.1,5654.0,25351.7,5322.6,0.0,0.2343066387673577,0.4325185466996385,0.1982119079322807,0.1351055735210196,0.0,0.0,123.1,130.4,140.8,132.0,128.8,124.4,130.4,122.2,145.1,137.6,0.0,0.0,0.0558707393455271,0.0597753839101535,0.0637912287060529,0.0543836519446275,0.0599041905027673,0.0624497991967871,0.0670195816415685,0.0558169277851368,0.0626484175985492,0.062049062049062,-0.0360760944304376,0.0260021668472374,-0.198395910453023,-1.0,0.038897396630934,-0.0031093039942597,0.0135961930659416,0.1398414366224087,-0.0645528764002278,-0.3123517096999302,-1.0,-0.0295425622346858,-0.1683948443281672,0.0342006150544615,0.0644016202098385,-0.3024797446599556,Industrials,20.0,3.0,58,7.651500512305174,2107.7,2181.5,10.103857748307314,8.640295388550221,10.140640512223401,8.579905045212401
ADP,2009Q4,2009,Q4,0,0,0,1,2204.4,973.1,1231.3,520.1,520.1,375.6,453.0,480.1,315.8,0.0,315.8,29598.9,5747.9,24436.1,5654.0,0.0,0.2359372164761386,0.4414353111957902,0.2054980947196516,0.1432589366721103,0.0,0.0,0.0,123.1,130.4,140.8,132.0,128.8,124.4,130.4,122.2,145.1,0.0,0.0,0.0,0.0558707393455271,0.0597753839101535,0.0637912287060529,0.0543836519446275,0.0599041905027673,0.0624497991967871,0.0670195816415685,0.0558169277851368,0.0626484175985492,0.000499251123315,0.0509151414309485,-0.1865072730312656,-1.0,-0.0195771339075959,0.0232663203072058,0.01458157227388,0.222619402244067,-0.0924794974699005,-0.3097544790975447,-1.0,-0.092932352012081,-0.1869132075257611,0.0227557083709248,0.0503907326777393,-0.2544853635505193,Industrials,20.0,4.0,59,7.698664177324578,2102.8,2203.3,10.295526261928067,8.656763811142559,10.103857748307314,8.640295388550221
ADP,2010Q1,2010,Q1,1,0,0,0,2443.2,1112.5,1330.7,504.9,504.9,529.8,607.6,633.0,403.6,0.0,403.6,34986.2,5938.3,29598.9,5747.9,0.0,0.2066552062868369,0.4553454485920105,0.2486902423051735,0.1651931892599869,0.0,0.0,0.0,0.0,123.1,130.4,140.8,132.0,128.8,124.4,130.4,122.2,0.0,0.0,0.0,0.0,0.0558707393455271,0.0597753839101535,0.0637912287060529,0.0543836519446275,0.0599041905027673,0.0624497991967871,0.0670195816415685,0.0558169277851368,0.0288457489367077,0.0027329192546583,-0.0377130006054838,,-0.2519062411748095,-0.0442032405222589,0.0061993323795899,0.0919908091252257,-0.0297847809377401,-0.0297847809377401,,-0.0569867056699622,-0.0646926418376893,-0.0710009148936675,-0.0253807042591531,0.0027329192546583,Industrials,20.0,1.0,60,7.8014731500039005,2204.4,2374.7,10.462737559296059,8.689346560294563,10.295526261928067,8.656763811142559
ADP,2010Q2,2010,Q2,0,1,0,0,2190.3,908.0,1282.3,611.9,611.9,383.7,296.1,305.5,207.9,0.0,207.9,26862.2,5478.9,34986.2,5938.3,0.0,0.2793681230881614,0.4145550837784778,0.1351869606903163,0.0949185043144774,0.0,0.0,0.0,0.0,0.0,123.1,130.4,140.8,132.0,128.8,124.4,130.4,0.0,0.0,0.0,0.0,0.0,0.0558707393455271,0.0597753839101535,0.0637912287060529,0.0543836519446275,0.0599041905027673,0.0624497991967871,0.0670195816415685,0.0391896379940222,-0.4103800340328984,-0.0032930845225027,,-0.1354213609734115,-0.112410071942446,-0.1537396121883656,0.0715300409459345,0.0597506061655697,0.0597506061655697,,0.0197855785121539,-0.0408806255983562,-0.1458826227608518,-0.4326156223947132,-0.4103800340328984,Industrials,20.0,2.0,61,7.692250254001358,2443.2,2107.7,10.198512599243168,8.608842131600378,10.462737559296059,8.689346560294563
ADP,2010Q3,2010,Q3,0,0,1,0,2229.4,917.5,1311.9,515.6,515.6,499.4,401.9,436.4,278.5,0.0,278.5,30878.9,5756.7,26862.2,5478.9,0.0,0.231272988247959,0.4115457073652103,0.1802727191172512,0.1249215035435543,0.0,0.0,0.0,0.0,0.0,0.0,123.1,130.4,140.8,132.0,128.8,124.4,0.0,0.0,0.0,0.0,0.0,0.0,0.0558707393455271,0.0597753839101535,0.0637912287060529,0.0543836519446275,0.0599041905027673,0.0624497991967871,0.0602054403652272,-0.0197113692361845,0.0087960417811985,,0.4722877358490565,-0.0357485604606526,-0.0243684328191371,0.0993882510684658,0.046478587375685,0.046478587375685,,-0.0129473519630435,-0.0484900346920676,-0.0905051013441554,-0.075378607351686,-0.0197113692361845,Industrials,20.0,3.0,62,7.709936220566205,2190.3,2102.8,10.3378607657915,8.658293368390689,10.198512599243168,8.608842131600378
ADP,2010Q4,2010,Q4,0,0,0,1,2405.7,1025.4,1380.3,570.1,570.1,552.0,455.3,484.6,310.1,0.0,310.1,32660.3,5775.6,30878.9,5756.7,0.0,0.2369788419171135,0.4262376854969448,0.1892588435798312,0.1289021906305857,0.0,0.0,0.0,0.0,0.0,0.0,0.0,123.1,130.4,140.8,132.0,128.8,0.0,0.0,0.0,0.0,0.0,0.0,0.0,0.0558707393455271,0.0597753839101535,0.0637912287060529,0.0543836519446275,0.0599041905027673,0.0913173652694609,-0.0180493983533881,0.0537457609700955,,0.4696485623003195,0.0050772626931567,0.0093730472818163,0.1210103143019571,0.0961353585848874,0.0961353585848874,,0.0044148416113922,-0.0344277526364553,-0.07902385256649,-0.1002153609054363,-0.0180493983533881,Industrials,20.0,4.0,63,7.786011793538359,2229.4,2204.4,10.393946169773937,8.661570553294048,10.3378607657915,8.658293368390689
ADP,2011Q1,2011,Q1,1,0,0,0,2737.3,1216.7,1520.6,577.3,577.3,718.9,639.4,653.0,423.8,0.0,423.8,41596.4,6194.5,32660.3,5775.6,0.0,0.2109012530595842,0.4444890950937055,0.2335878420341212,0.1548240967376612,0.0,0.0,0.0,0.0,0.0,0.0,0.0,0.0,123.1,130.4,140.8,132.0,0.0,0.0,0.0,0.0,0.0,0.0,0.0,0.0,0.0558707393455271,0.0597753839101535,0.0637912287060529,0.0543836519446275,0.1203749181401443,0.050049554013875,0.0936629213483146,,0.3569271423178559,0.0523370638578011,0.0315955766192732,0.1427068460208911,0.1433947316300257,0.1433947316300257,,0.0205465269858906,-0.0238420160602776,-0.060727755665298,-0.0627694917010559,0.050049554013875,Industrials,20.0,1.0,64,7.915092568874635,2405.7,2443.2,10.63579294429615,8.731578501056548,10.393946169773937,8.661570553294048
ADP,2011Q2,2011,Q2,0,1,0,0,2371.4,852.7,1518.7,660.3,660.3,374.6,192.4,358.7,241.8,0.0,241.8,34238.3,6010.4,41596.4,6194.5,0.0,0.278443113772455,0.3595766214050772,0.081133507632622,0.1019650839166737,0.0,0.0,0.0,0.0,0.0,0.0,0.0,0.0,0.0,123.1,130.4,140.8,0.0,0.0,0.0,0.0,0.0,0.0,0.0,0.0,0.0,0.0558707393455271,0.0597753839101535,0.0637912287060529,0.08268273752454,0.1630591630591631,-0.0609030837004405,,-0.0237164451394317,-0.3502195204322864,0.1741407528641569,0.1843562348904313,0.0790978918123876,0.0790978918123876,,-0.0033110768167863,-0.132620403233986,-0.3998422094976962,0.0742382073241483,0.1630591630591631,Industrials,20.0,2.0,65,7.771657379964571,2737.3,2190.3,10.441129386121466,8.701412945493272,10.63579294429615,8.731578501056548
ADP,2011Q3,2011,Q3,0,0,1,0,2400.6,894.5,1506.1,589.2,589.2,225.6,305.3,459.3,302.7,0.0,302.7,28020.2,6019.2,34238.3,6010.4,0.0,0.245438640339915,0.3726151795384487,0.1271765391985337,0.1260934766308422,0.0,0.0,0.0,0.0,0.0,0.0,0.0,0.0,0.0,0.0,123.1,130.4,0.0,0.0,0.0,0.0,0.0,0.0,0.0,0.0,0.0,0.0,0.0558707393455271,0.0597753839101535,0.0767919619628598,0.0868940754039497,-0.0250681198910082,,-0.5482579094913896,-0.2403582980841004,0.0524747937671861,0.1480295754249561,0.1427463149728471,0.1427463149728471,,0.0612507850539305,-0.0945958787324058,-0.2945325292629731,0.0093816761249543,0.0868940754039497,Industrials,20.0,3.0,66,7.7838904608791974,2371.4,2229.4,10.24071664552643,8.702875760342371,10.441129386121466,8.701412945493272
ADP,2011Q4,2011,Q4,0,0,0,1,2465.1,945.2,1519.9,577.5,577.5,288.5,367.7,579.7,375.0,0.0,375.0,32484.4,6182.4,28020.2,6019.2,0.0,0.2342704149933065,0.3834327207821184,0.1491623057888118,0.1521236460995497,0.0,0.0,0.0,0.0,0.0,0.0,0.0,0.0,0.0,0.0,0.0,123.1,0.0,0.0,0.0,0.0,0.0,0.0,0.0,0.0,0.0,0.0,0.0,0.0558707393455271,0.0246913580246914,0.2092873266688164,-0.0782133801443339,,-0.477355072463768,-0.1924006149791346,0.1962443252166736,0.1011374338911832,0.0129801789159795,0.0129801789159795,,-0.0114289820217549,-0.1004251059239885,-0.2118608411242157,0.1801478730141461,0.2092873266688164,Industrials,20.0,4.0,67,7.810393234402505,2400.6,2405.7,10.388546036614226,8.729623560980508,10.24071664552643,8.702875760342371
ADP,2012Q1,2012,Q1,1,0,0,0,2789.8,1165.1,1624.7,622.1,622.1,461.9,543.0,685.6,452.4,0.0,452.4,39376.1,6456.6,32484.4,6182.4,0.0,0.2229908954046885,0.4176285038354003,0.1946376084307118,0.1621621621621621,0.0,0.0,0.0,0.0,0.0,0.0,0.0,0.0,0.0,0.0,0.0,0.0,0.0,0.0,0.0,0.0,0.0,0.0,0.0,0.0,0.0,0.0,0.0,0.0,0.0191794834325795,0.0674846625766869,-0.0424097969918633,,-0.3574906106551676,-0.1507663434469814,0.0499234303215927,0.0684598184927003,0.0776026329464751,0.0776026329464751,,0.0573237103607378,-0.060430259267986,-0.1667476922780925,0.0473961455556546,0.0674846625766869,Industrials,20.0,1.0,68,7.934083572065082,2465.1,2737.3,10.580939708039097,8.773013010719236,10.388546036614226,8.729623560980508
ADP,2012Q2,2012,Q2,0,1,0,0,2516.3,927.1,1589.2,677.4,677.4,419.8,249.7,397.5,258.4,0.0,258.4,30815.5,6114.0,39376.1,6456.6,0.0,0.2692047848030838,0.3684377856376425,0.0992330008345586,0.1026904582124547,0.0,0.0,0.0,0.0,0.0,0.0,0.0,0.0,0.0,0.0,0.0,0.0,0.0,0.0,0.0,0.0,0.0,0.0,0.0,0.0,0.0,0.0,0.0,0.0,0.061103145821034,0.0686517783291975,0.087252257534889,,0.1206620395088093,0.2978170478170476,0.1081683858377473,0.0464212813590569,0.0258973194002727,0.0258973194002727,,-0.0331785147932256,0.0246433269158035,0.2230828387685677,0.0071139479115602,0.0686517783291975,Industrials,20.0,2.0,69,7.8309421775441335,2789.8,2371.4,10.33580553980371,8.718500048121273,10.580939708039097,8.773013010719236
ADP,2012Q3,2012,Q3,0,0,1,0,2530.7,944.2,1586.5,611.4,611.4,547.0,332.8,465.6,305.3,0.0,305.3,30144.1,6292.7,30815.5,6114.0,0.0,0.2415932350732998,0.3730983522345596,0.1315051171612597,0.1206385585016003,0.0,0.0,0.0,0.0,0.0,0.0,0.0,0.0,0.0,0.0,0.0,0.0,0.0,0.0,0.0,0.0,0.0,0.0,0.0,0.0,0.0,0.0,0.0,0.0,0.0541947846371739,0.0085893624050215,0.0555617663499161,,1.4246453900709222,0.0900753357353423,0.0137165251469628,0.0533829095013611,0.0376782077393074,0.0376782077393074,,-0.0156674811321051,0.0012967069583944,0.0340359785696693,-0.0432609067098055,0.0085893624050215,Industrials,20.0,3.0,70,7.836646292832031,2516.3,2400.6,10.313777668217721,8.74730441204604,10.33580553980371,8.718500048121273
ADP,2012Q4,2012,Q4,0,0,0,1,2646.1,1021.8,1624.3,624.7,624.7,609.1,397.1,528.8,390.9,0.0,390.9,33330.0,6395.3,30144.1,6292.7,0.0,0.2360832923925777,0.3861532066059484,0.1500699142133706,0.1477268432787876,0.0,0.0,0.0,0.0,0.0,0.0,0.0,0.0,0.0,0.0,0.0,0.0,0.0,0.0,0.0,0.0,0.0,0.0,0.0,0.0,0.0,0.0,0.0,0.0,0.0734250131840492,0.0423999999999999,0.0810410495133304,,1.1112651646447145,0.0799564862659778,-0.0878040365706401,0.0686887295216789,0.0817316017316018,0.0817316017316018,,0.0077383966700319,0.0070950799876461,0.0060847036371496,-0.0289028230225615,0.0423999999999999,Industrials,20.0,4.0,71,7.88121998013081,2530.7,2465.1,10.414243173852004,8.76347497716907,10.313777668217721,8.74730441204604
ADP,2013Q1,2013,Q1,1,0,0,0,3002.3,1256.4,1745.9,654.4,654.4,805.3,602.0,724.8,482.7,0.0,482.7,40166.3,6561.1,33330.0,6395.3,0.0,0.2179662258934816,0.4184791659727542,0.2005129400792725,0.160776737834327,0.0,0.0,0.0,0.0,0.0,0.0,0.0,0.0,0.0,0.0,0.0,0.0,0.0,0.0,0.0,0.0,0.0,0.0,0.0,0.0,0.0,0.0,0.0,0.0,0.0761703347910245,0.066976127320955,0.0783623723285555,,0.7434509634119939,0.1086556169429098,0.0571761960326719,0.0745983873945959,0.0519209130364892,0.0519209130364892,,-0.0225330702497427,0.0020368871605784,0.0301860041126234,-0.00854345002165,0.066976127320955,Industrials,20.0,1.0,72,8.007466963093547,2646.1,2789.8,10.600808510755284,8.789065952661256,10.414243173852004,8.76347497716907
ADP,2013Q2,2013,Q2,0,1,0,0,2710.0,1017.2,1692.8,730.1,730.1,447.2,287.1,365.1,227.0,0.0,227.0,32268.1,6189.9,40166.3,6561.1,0.0,0.2694095940959409,0.3753505535055351,0.1059409594095941,0.0837638376383763,0.0,0.0,0.0,0.0,0.0,0.0,0.0,0.0,0.0,0.0,0.0,0.0,0.0,0.0,0.0,0.0,0.0,0.0,0.0,0.0,0.0,0.0,0.0,0.0,0.0769781027699398,-0.121517027863777,0.0971847697120051,,0.065269175797999,0.1497797356828194,-0.081509433962264,0.0651900327208658,0.0777974608798346,0.0777974608798346,,0.0007607936575382,0.0187623749174608,0.0675980623242358,-0.1843074897467239,-0.121517027863777,Industrials,20.0,2.0,73,7.905072849498666,3002.3,2516.3,10.381865394976264,8.730835750909375,10.600808510755284,8.789065952661256
ADP,2013Q3,2013,Q3,0,0,1,0,2750.4,1026.0,1724.4,638.6,638.6,469.5,387.4,497.3,328.6,0.0,328.6,29481.3,6192.8,32268.1,6189.9,0.0,0.2321844095404305,0.3730366492146597,0.1408522396742292,0.1194735311227458,0.0,0.0,0.0,0.0,0.0,0.0,0.0,0.0,0.0,0.0,0.0,0.0,0.0,0.0,0.0,0.0,0.0,0.0,0.0,0.0,0.0,0.0,0.0,0.0,0.086813925000988,0.0763183753684899,0.0866341876721032,,-0.1416819012797074,0.1640625,0.0680841924398625,0.0869208950520012,0.0444880601897286,0.0444880601897286,,-0.038944904769435,-0.0001653800386156,0.0710780136525595,-0.0096571725767025,0.0763183753684899,Industrials,20.0,3.0,74,7.919865152026896,2710.0,2530.7,10.291545362255878,8.731304070699599,10.381865394976264,8.730835750909375
ADP,2013Q4,2013,Q4,0,0,0,1,2893.6,1121.2,1772.4,675.6,675.6,531.0,445.6,561.1,377.0,0.0,377.0,38321.8,6258.5,29481.3,6192.8,0.0,0.2334807851810893,0.3874758086812275,0.1539950235001382,0.1302875311031241,0.0,0.0,0.0,0.0,0.0,0.0,0.0,0.0,0.0,0.0,0.0,0.0,0.0,0.0,0.0,0.0,0.0,0.0,0.0,0.0,0.0,0.0,0.0,0.0,0.0935338800498848,-0.0355589664875927,0.0972793110197691,,-0.1282219668363159,0.1221354822462854,0.0610816944024206,0.0911777381025673,0.0814791099727869,0.0814791099727869,,-0.011023682299215,0.0034250708077865,0.0261552044414903,-0.1180510717524258,-0.0355589664875927,Industrials,20.0,4.0,75,7.970602211203504,2750.4,2646.1,10.553800298308923,8.741855588699718,10.291545362255878,8.731304070699599
ADP,2014Q1,2014,Q1,1,0,0,0,3219.9,1335.5,1884.4,673.2,673.2,726.6,662.3,769.8,521.6,0.0,521.6,36596.5,6616.1,38321.8,6258.5,0.0,0.2090748159880741,0.4147644336780645,0.2056896176899903,0.1619926084661014,0.0,0.0,0.0,0.0,0.0,0.0,0.0,0.0,0.0,0.0,0.0,0.0,0.0,0.0,0.0,0.0,0.0,0.0,0.0,0.0,0.0,0.0,0.0,0.0,0.0724777670452652,0.0805883571576548,0.0629576567971983,,-0.0977275549484663,0.1001661129568105,0.0620860927152318,0.0793287129847071,0.0287286063569682,0.0287286063569682,,-0.040792603849335,-0.008876743687,0.0258171747353124,0.007562478553504,0.0805883571576548,Industrials,20.0,1.0,76,8.077416102590329,2893.6,3002.3,10.507735211045567,8.797412486486651,10.553800298308923,8.741855588699718
ADP,2014Q2,2014,Q2,0,1,0,0,2978.6,1133.0,1845.6,776.4,776.4,267.4,356.5,449.3,288.7,0.0,288.7,32051.7,6670.2,36596.5,6616.1,0.0,0.2606593701739072,0.3803800443161216,0.1196871013227691,0.0969247297388034,0.0,0.0,0.0,0.0,0.0,0.0,0.0,0.0,0.0,0.0,0.0,0.0,0.0,0.0,0.0,0.0,0.0,0.0,0.0,0.0,0.0,0.0,0.0,0.0,0.0991143911439114,0.2718061674008809,0.1138419189933148,,-0.4020572450805009,0.2417276210379657,0.2306217474664476,0.0902646502835538,0.0634159704150116,0.0634159704150116,,-0.0324792587710058,0.0133994495641855,0.1297528547011641,0.1571190202297681,0.2718061674008809,Industrials,20.0,2.0,77,7.999544342302121,3219.9,2710.0,10.375136702170277,8.805555032772775,10.507735211045567,8.797412486486651
ADP,2014Q3,2014,Q3,0,0,1,0,2483.5,921.6,1561.9,578.0,578.0,520.0,343.6,452.5,295.2,0.0,295.2,30208.1,5827.3,32051.7,6670.2,0.0,0.2327360579826857,0.3710891886450574,0.1383531306623716,0.1188645057378699,0.0,0.0,0.0,0.0,0.0,0.0,0.0,0.0,0.0,0.0,0.0,0.0,0.0,0.0,0.0,0.0,0.0,0.0,0.0,0.0,0.0,0.0,0.0,0.0,-0.0970404304828388,-0.1016433353621425,-0.1017543859649122,,0.1075612353567625,-0.113061435209086,-0.0900864669213754,-0.094235676177221,-0.0948950829940494,-0.0948950829940494,,0.0023759064760082,-0.0052205609655302,-0.0177427708472198,-0.0050975758325092,-0.1016433353621425,Industrials,20.0,3.0,78,7.817826711042375,2978.6,2750.4,10.315898482477161,8.670480641625137,10.375136702170277,8.805555032772775
ADP,2014Q4,2014,Q4,0,0,0,1,2570.3,983.3,1587.0,590.2,590.2,570.4,393.1,501.1,331.5,0.0,331.5,43503.1,5492.2,30208.1,5827.3,0.0,0.2296230012060849,0.3825623468077656,0.1529393456016807,0.1289732716025366,0.0,0.0,0.0,0.0,0.0,0.0,0.0,0.0,0.0,0.0,0.0,0.0,0.0,0.0,0.0,0.0,0.0,0.0,0.0,0.0,0.0,0.0,0.0,0.0,-0.1117293337019628,-0.1206896551724138,-0.1229932215483411,,0.0741996233521657,-0.1178186714542189,-0.1069328105507039,-0.1046039268788084,-0.1264061574896388,-0.1264061574896388,,-0.0165229184577749,-0.0126806932545928,-0.0068552728163748,-0.0100873774294427,-0.1206896551724138,Industrials,20.0,4.0,79,7.852166886572947,2483.5,2893.6,10.680610465508815,8.611266242656127,10.315898482477161,8.670480641625137
ADP,2015Q1,2015,Q1,1,0,0,0,2930.3,1242.3,1688.0,608.2,608.2,810.7,634.1,742.6,489.6,0.0,489.6,37107.3,5178.1,43503.1,5492.2,0.0,0.2075555403883561,0.423949766235539,0.2163942258471828,0.1670818687506398,0.0,0.0,0.0,0.0,0.0,0.0,0.0,0.0,0.0,0.0,0.0,0.0,0.0,0.0,0.0,0.0,0.0,0.0,0.0,0.0,0.0,0.0,0.0,0.0,-0.0899406813876206,-0.0613496932515337,-0.0697865967802321,,0.1157445637214422,-0.0425788917409027,-0.0353338529488177,-0.1042241562300998,-0.0965537730243613,-0.0965537730243613,,-0.0072666599874214,0.0221459021353889,0.0520425302813591,0.0314166203799564,-0.0613496932515337,Industrials,20.0,1.0,80,7.983201289618408,2570.3,3219.9,10.521595943250562,8.552386574984343,10.680610465508815,8.611266242656127
ADP,2015Q2,2015,Q2,0,1,0,0,2599.1,997.3,1601.8,720.5,720.5,202.6,272.1,381.6,336.2,0.0,336.2,33110.5,4808.5,37107.3,5178.1,0.0,0.2772113423877496,0.3837097456811973,0.1046900850294332,0.1293524681620561,0.0,0.0,0.0,0.0,0.0,0.0,0.0,0.0,0.0,0.0,0.0,0.0,0.0,0.0,0.0,0.0,0.0,0.0,0.0,0.0,0.0,0.0,0.0,0.0,-0.1274088497952058,0.1645306546588154,-0.1197705207413946,,-0.2423335826477187,-0.2367461430575034,-0.1506788337413754,-0.1320979627221499,-0.0719989696032972,-0.0719989696032972,,0.0635003921125076,0.008753617375123,-0.1253018589939132,0.3345661990561146,0.1645306546588154,Industrials,20.0,2.0,81,7.863305184808409,2930.3,2978.6,10.407635933048793,8.47834840759267,10.521595943250562,8.552386574984343
ADP,2015Q3,2015,Q3,0,0,1,0,2626.2,979.7,1646.5,605.3,605.3,578.7,374.4,505.0,336.6,0.0,336.6,34380.3,4630.2,33110.5,4808.5,0.0,0.230485111568045,0.3730485111568045,0.1425633995887594,0.1281699794379712,0.0,0.0,0.0,0.0,0.0,0.0,0.0,0.0,0.0,0.0,0.0,0.0,0.0,0.0,0.0,0.0,0.0,0.0,0.0,0.0,0.0,0.0,0.0,0.0,0.0574592309240988,0.1402439024390245,0.0630425347222223,,0.1128846153846154,0.0896391152502908,0.1160220994475138,0.0541647992829246,0.0472318339100346,0.0472318339100346,,-0.0096716702781316,0.0052799234569487,0.0304313238611293,0.0782863954410622,0.1402439024390245,Industrials,20.0,3.0,82,7.873673919258109,2599.1,2483.5,10.44526809090375,8.440571292764794,10.407635933048793,8.47834840759267
ADP,2015Q4,2015,Q4,0,0,0,1,2717.7,1035.2,1682.5,627.2,627.2,597.3,408.0,507.9,341.4,0.0,341.4,39899.5,4206.2,34380.3,4630.2,0.0,0.2307833830076903,0.3809103285866726,0.1501269455789822,0.125620929462413,0.0,0.0,0.0,0.0,0.0,0.0,0.0,0.0,0.0,0.0,0.0,0.0,0.0,0.0,0.0,0.0,0.0,0.0,0.0,0.0,0.0,0.0,0.0,0.0,0.0573473913550945,0.029864253393665,0.0527814502186516,,0.0471598877980363,0.0379038412617653,0.0135701456795049,0.0601764335223693,0.0626906133514062,0.0626906133514062,,0.0050534214582624,-0.0043182980104496,-0.0183889895149884,-0.0259925339449763,0.029864253393665,Industrials,20.0,4.0,83,7.907909103863283,2626.2,2570.3,10.59414413412776,8.344552622275135,10.44526809090375,8.440571292764794
ADP,2016Q1,2016,Q1,1,0,0,0,3145.8,1333.1,1812.7,634.4,634.4,884.4,698.7,794.8,532.5,0.0,532.5,51125.6,4503.2,39899.5,4206.2,0.0,0.2016657130141776,0.4237713777099624,0.2221056646957848,0.1692733168033568,0.0,0.0,0.0,0.0,0.0,0.0,0.0,0.0,0.0,0.0,0.0,0.0,0.0,0.0,0.0,0.0,0.0,0.0,0.0,0.0,0.0,0.0,0.0,0.0,0.0735419581612804,0.0876225490196078,0.0730902358528535,,0.0909090909090908,0.1018766756032172,0.0702935631564771,0.0738744075829385,0.0430779348898386,0.0430779348898386,,-0.0283771146901599,-0.0004207775066384,0.0263936749062583,0.0131160135393721,0.0876225490196078,Industrials,20.0,1.0,84,8.054141342455088,2717.7,2930.3,10.84206018869892,8.412765573807011,10.59414413412776,8.344552622275135
ADP,2016Q2,2016,Q2,0,1,0,0,2800.9,1102.4,1698.5,770.3,770.3,519.0,332.1,427.0,282.0,0.0,282.0,43670.0,4481.6,51125.6,4503.2,0.0,0.2750187439751508,0.3935877753579206,0.1185690313827698,0.1006819236673926,0.0,0.0,0.0,0.0,0.0,0.0,0.0,0.0,0.0,0.0,0.0,0.0,0.0,0.0,0.0,0.0,0.0,0.0,0.0,0.0,0.0,0.0,0.0,0.0,0.0776422607825786,-0.1612135633551457,0.105384538253284,,1.5616979269496545,0.2205071664829105,0.1189727463312368,0.0603695842177549,0.0691186675919499,0.0691186675919499,,-0.0079094830453652,0.025743494367564,0.1325717363724992,-0.221646675181677,-0.1612135633551457,Industrials,20.0,2.0,85,7.938053037466373,3145.8,2599.1,10.68443954523277,8.407958514209811,10.84206018869892,8.412765573807011
ADP,2016Q3,2016,Q3,0,0,1,0,2916.9,1307.8,1609.1,742.3,587.4,626.2,565.5,528.7,368.7,154.9,523.6,34337.4,4250.1,43670.0,4481.6,0.0531043230827248,0.2013781754602489,0.4483527032123144,0.1938702046693407,0.1264013164661112,0.0,0.0,0.0,0.0,0.0,0.0,0.0,0.0,0.0,0.0,0.0,0.0,0.0,0.0,0.0,0.0,0.0,0.0,0.0,0.0,0.0,0.0,0.0,0.0,0.1106922549691571,0.0953654188948305,0.3348984382974378,,0.082080525315362,0.5104166666666667,0.0469306930693069,-0.0227148496811419,-0.0295721130018172,0.226334049231786,,-0.1262855370994454,0.2018616608922936,0.3598876375604236,-0.0137993544168111,0.5555555555555556,Industrials,20.0,3.0,86,7.978619458447522,2800.9,2626.2,10.4440195404714,8.354933051958843,10.68443954523277,8.407958514209811
ADP,2016Q4,2016,Q4,0,0,0,1,2987.3,1348.5,1638.8,768.6,616.1,885.1,579.9,786.2,510.9,152.5,663.4,39999.4,3815.1,34337.4,4250.1,0.0510494426405115,0.2062397482676664,0.4514109731195393,0.1941217822113614,0.1710240016068021,154.9,0.0,0.0,0.0,0.0,0.0,0.0,0.0,0.0,0.0,0.0,0.0,0.0531043230827248,0.0,0.0,0.0,0.0,0.0,0.0,0.0,0.0,0.0,0.0,0.0,0.0992015307061118,0.4964850615114236,0.3026468315301389,,0.4818349238238741,0.4213235294117645,0.5479425083677891,-0.0259732540861813,-0.0176977040816327,0.2254464285714286,,-0.106349228528321,0.1850846229201814,0.2930509007740611,0.3614292008400881,0.9431751611013476,Industrials,20.0,4.0,87,8.002459942819229,2916.9,2717.7,10.596644733046073,8.246984237675553,10.4440195404714,8.354933051958843
ADP,2017Q1,2017,Q1,1,0,0,0,3410.8,1631.7,1779.1,796.3,643.0,922.3,835.4,827.9,587.9,153.3,741.2,43855.9,4103.1,39999.4,3815.1,0.0449454673390406,0.1885188225636214,0.4783921660607482,0.244927876158086,0.1723642547203002,152.5,154.9,0.0,0.0,0.0,0.0,0.0,0.0,0.0,0.0,0.0,0.0,0.0510494426405115,0.0531043230827248,0.0,0.0,0.0,0.0,0.0,0.0,0.0,0.0,0.0,0.0,0.0842393031979147,0.104037558685446,0.2239891981096693,,0.0428539122568973,0.1956490625447258,0.0416456970306995,-0.0185358856953715,0.0135561160151325,0.255201765447667,,-0.0651915005979818,0.1288921131152216,0.1027538468843669,0.0182600422518692,0.3919248826291079,Industrials,20.0,1.0,88,8.134995290246419,2987.3,3145.8,10.688687340039406,8.319741753025482,10.596644733046073,8.246984237675553
ADP,2017Q2,2017,Q2,0,1,0,0,3064.8,1359.8,1705.0,921.9,755.0,493.8,437.9,388.4,265.8,166.9,432.7000000000001,37180.0,3977.0,43855.9,4103.1,0.0544570608196293,0.2463456016705821,0.443683111459149,0.1428804489689376,0.0867267032106499,153.3,152.5,154.9,0.0,0.0,0.0,0.0,0.0,0.0,0.0,0.0,0.0,0.0449454673390406,0.0510494426405115,0.0531043230827248,0.0,0.0,0.0,0.0,0.0,0.0,0.0,0.0,0.0,0.0942197150915777,-0.0574468085106382,0.2334905660377357,,-0.0485549132947976,0.3185787413429688,-0.0903981264637002,0.003826906093612,-0.0198623912761261,0.1968064390497208,,-0.1042588657417454,0.1272786891200386,0.2050401972812323,-0.1386070105577678,0.5343971631205675,Industrials,20.0,2.0,89,8.028063825732007,3410.8,2800.9,10.523553157094481,8.288534459413917,10.688687340039406,8.319741753025482
ADP,2017Q3,2017,Q3,0,0,1,0,3077.2,1359.3,1717.9,805.7,647.5,680.1,553.6,548.2,401.5,158.2,559.7,35661.1,3953.4,37180.0,3977.0,0.051410373066424,0.2104185623293903,0.4417327440530352,0.1799038086572208,0.1304757571818536,166.9,153.3,152.5,154.9,0.0,0.0,0.0,0.0,0.0,0.0,0.0,0.0,0.0544570608196293,0.0449454673390406,0.0510494426405115,0.0531043230827248,0.0,0.0,0.0,0.0,0.0,0.0,0.0,0.0,0.0549556035517158,0.0889612150800109,0.0393791099556506,0.0213040671400903,0.0860747365059086,-0.0210433244916002,0.0368829203707206,0.0676154372009198,0.1023152877085462,0.0854102115047825,-0.031898533263704,0.0448925850503896,-0.0147650702490452,-0.0720399301993854,0.0322341636120122,0.0689457601222307,Industrials,20.0,3.0,90,8.032100289545854,3064.8,2916.9,10.48184377919527,8.28258416199275,10.523553157094481,8.288534459413917
ADP,2017Q4,2017,Q4,0,0,0,1,3238.3,1434.3,1804.0,859.8,700.4,709.8,574.5,565.7,467.5,159.4,626.9,44545.5,3931.2,35661.1,3953.4,0.0492233579347188,0.2162863230707469,0.4429175802118395,0.1774078992063737,0.1443658709816879,158.2,166.9,153.3,152.5,154.9,0.0,0.0,0.0,0.0,0.0,0.0,0.0,0.051410373066424,0.0544570608196293,0.0449454673390406,0.0510494426405115,0.0531043230827248,0.0,0.0,0.0,0.0,0.0,0.0,0.0,0.0840223613296287,-0.0849481307496574,0.0636262513904337,0.0452459016393442,-0.198056716755169,-0.0093119503362648,-0.2804629865174256,0.1008054674151819,0.1368284369420547,0.1186572989851677,-0.0357709038794389,0.0487130870138654,-0.0188152114446954,-0.0860999874130019,-0.1558736222673785,-0.0550195960205004,Industrials,20.0,4.0,91,8.083112536061629,3077.2,2987.3,10.704288866400793,8.27695434467339,10.48184377919527,8.28258416199275
ADP,2018Q1,2018,Q1,1,0,0,0,3696.0,1754.5,1941.5,876.1,712.2,990.1,878.4,852.6,643.1,163.9,807.0,44065.5,4029.2,44545.5,3931.2,0.0443452380952381,0.1926948051948052,0.4747023809523809,0.2376623376623376,0.1739989177489177,159.4,158.2,166.9,153.3,152.5,154.9,0.0,0.0,0.0,0.0,0.0,0.0,0.0492233579347188,0.051410373066424,0.0544570608196293,0.0449454673390406,0.0510494426405115,0.0531043230827248,0.0,0.0,0.0,0.0,0.0,0.0,0.0836167468042687,0.0938935193060044,0.0752589324017896,0.0691454664057402,0.0735118724926813,0.0514723485755326,0.0298345210774249,0.0912821089314823,0.1076205287713842,0.1002134873791285,-0.0133546112508929,0.0221515420815576,-0.0077128878149286,-0.0296639917420381,0.0094837704677814,0.0887749595250944,Industrials,20.0,1.0,92,8.215276958936633,3238.3,3410.8,10.693455135576201,8.301571281500873,10.704288866400793,8.27695434467339
ADP,2018Q2,2018,Q2,0,1,0,0,3316.2,1500.9,1815.3,925.8,771.9,382.8,575.1,204.5,108.7,153.9,262.6,38849.1,3459.6,44065.5,4029.2,0.0464085398950606,0.2327664193956938,0.452596345214402,0.1734213859236475,0.032778481394367,163.9,159.4,158.2,166.9,153.3,152.5,154.9,0.0,0.0,0.0,0.0,0.0,0.0443452380952381,0.0492233579347188,0.051410373066424,0.0544570608196293,0.0449454673390406,0.0510494426405115,0.0531043230827248,0.0,0.0,0.0,0.0,0.0,0.0820281910728268,-0.59104589917231,0.1037652595969995,-0.0778909526662672,-0.2247873633049817,0.3133135419045445,-0.473480947476828,0.0646920821114369,0.0223841059602649,0.0042303937520338,-0.1477957275591266,-0.0551224872001024,0.0200891887138545,0.213751686638034,-0.62204857119091,-0.3931130113242431,Industrials,20.0,2.0,93,8.106876332577048,3696.0,3064.8,10.567465929795056,8.149197263422549,10.693455135576201,8.301571281500873
ADP,2018Q3,2018,Q3,0,0,1,0,3310.3,1514.3,1796.0,845.5,687.5,781.7,668.8,646.8,505.4,158.0,663.4,37416.7,4678.8,38849.1,3459.6,0.0477298130078844,0.2076851040691175,0.4574509863154396,0.2020360692384376,0.1526749841404102,153.9,163.9,159.4,158.2,166.9,153.3,152.5,154.9,0.0,0.0,0.0,0.0,0.0464085398950606,0.0443452380952381,0.0492233579347188,0.051410373066424,0.0544570608196293,0.0449454673390406,0.0510494426405115,0.0531043230827248,0.0,0.0,0.0,0.0,0.0757506824385807,0.2587795765877956,0.1140292797763555,-0.0012642225031604,0.1493897956182914,0.2080924855491328,0.1798613644655233,0.0454624832644507,0.0617760617760618,0.049398038972322,-0.0715917788377867,-0.0129905756888207,0.0355831494812555,0.1230227461353326,0.1701406256460031,0.1852778274075395,Industrials,20.0,3.0,94,8.105096140510025,3316.2,3077.2,10.529899133481553,8.45101065295579,10.567465929795056,8.149197263422549
ADP,2018Q4,2018,Q4,0,0,0,1,3492.4,1622.5,1869.9,872.2,716.1,877.1,750.3,741.0,558.2,156.1,714.3000000000001,38806.3,4763.9,37416.7,4678.8,0.0446970564654678,0.205045241094949,0.4645802313595235,0.2148379337991066,0.1598327797503149,158.0,153.9,163.9,159.4,158.2,166.9,153.3,152.5,154.9,0.0,0.0,0.0,0.0477298130078844,0.0464085398950606,0.0443452380952381,0.0492233579347188,0.051410373066424,0.0544570608196293,0.0449454673390406,0.0510494426405115,0.0531043230827248,0.0,0.0,0.0,0.0784670969335761,0.1940106951871658,0.1312138325315486,-0.020702634880803,0.2357001972386589,0.3060052219321147,0.3098815626657238,0.036529933481153,0.0224157624214735,0.0144219585950222,-0.0919543415801467,-0.0519731521448121,0.048908989201384,0.2109829086538677,0.1071368784287596,0.1394161748285214,Industrials,20.0,4.0,95,8.158630752994293,3310.3,3238.3,10.566363652244338,8.46903182950922,10.529899133481553,8.45101065295579
ADP,2019Q1,2019,Q1,1,0,0,0,3828.2,1869.8,1958.4,884.6,724.5,1109.3,985.2,984.5,753.7,160.1,913.8,48196.3,5246.2,38806.3,4763.9,0.0418212214617836,0.1892534350347421,0.4884279818191317,0.2573533253226059,0.1968810406979781,156.1,158.0,153.9,163.9,159.4,158.2,166.9,153.3,152.5,154.9,0.0,0.0,0.0446970564654678,0.0477298130078844,0.0464085398950606,0.0443452380952381,0.0492233579347188,0.051410373066424,0.0544570608196293,0.0449454673390406,0.0510494426405115,0.0531043230827248,0.0,0.0,0.0357683982683982,0.1719794744207743,0.0657167284126531,-0.0231848688224527,0.1203918796081202,0.1215846994535521,0.1547032606145906,0.0087046098377543,0.0172704296545913,0.009702088802648,-0.0569174220698462,-0.0178591745459041,0.0289141184403025,0.0828527896087791,0.1315072716836065,0.1323420074349444,Industrials,20.0,1.0,96,8.250411183072199,3492.4,3696.0,10.783058281872194,8.565449879979525,10.566363652244338,8.46903182950922
ADP,2019Q2,2019,Q2,0,1,0,0,3498.7,1613.8,1884.9,993.5,831.4,776.4,620.3,633.3,475.5,162.1,637.6,41887.7,5399.9,48196.3,5246.2,0.0463314945551204,0.2376311201303341,0.461257038328522,0.1772944236430674,0.1359076228313373,160.1,156.1,158.0,153.9,163.9,159.4,158.2,166.9,153.3,152.5,154.9,0.0,0.0418212214617836,0.0446970564654678,0.0477298130078844,0.0464085398950606,0.0443452380952381,0.0492233579347188,0.051410373066424,0.0544570608196293,0.0449454673390406,0.0510494426405115,0.0531043230827248,0.0,0.0550328689463843,3.3744250229990795,0.0752215337464188,0.0532813515269654,1.0282131661442009,0.0785950269518342,2.09682151589242,0.0383407701206413,0.0770825236429588,0.0731259451285375,-0.001660154361985,0.0208994954996943,0.0191355789893028,0.0223331032605462,3.1462452514561265,1.428027418126428,Industrials,20.0,2.0,97,8.160432529518111,3828.2,3316.2,10.642771379799942,8.594320885331687,10.783058281872194,8.565449879979525
ADP,2019Q3,2019,Q3,0,0,1,0,3495.7,1590.7,1905.0,866.3,698.1,896.3,724.4,739.1,582.4,168.2,750.5999999999999,37714.7,5360.7,41887.7,5399.9,0.0481162571158852,0.1997024916325772,0.4550447692879824,0.20722602053952,0.1666046857567869,162.1,160.1,156.1,158.0,153.9,163.9,159.4,158.2,166.9,153.3,152.5,154.9,0.0463314945551204,0.0418212214617836,0.0446970564654678,0.0477298130078844,0.0464085398950606,0.0443452380952381,0.0492233579347188,0.051410373066424,0.0544570608196293,0.0449454673390406,0.0510494426405115,0.0531043230827248,0.0560070084282389,0.1523545706371192,0.0504523542230734,0.0645569620253163,0.1466035563515413,0.0831339712918661,0.1427025355596785,0.0606904231625835,0.0154181818181817,0.0246008279124778,0.0080964932323726,-0.038436133743534,-0.0052600542996708,0.0256882413157493,0.0912376162657138,0.1314440759722639,Industrials,20.0,3.0,98,8.15957494556526,3498.7,3310.3,10.537831732370032,8.587036367958026,10.642771379799942,8.594320885331687
ADP,2019Q4,2019,Q4,0,0,0,1,3669.5,1715.9,1953.6,897.1,728.4,984.7,818.8,835.5,651.6,168.7,820.3,49059.4,5364.4,37714.7,5360.7,0.0459735658809102,0.1985011581959395,0.4676113911977109,0.2231366671208611,0.177571876277422,168.2,162.1,160.1,156.1,158.0,153.9,163.9,159.4,158.2,166.9,153.3,152.5,0.0481162571158852,0.0463314945551204,0.0418212214617836,0.0446970564654678,0.0477298130078844,0.0464085398950606,0.0443452380952381,0.0492233579347188,0.051410373066424,0.0544570608196293,0.0449454673390406,0.0510494426405115,0.0507101133890735,0.1673235399498387,0.0575654853620954,0.0807174887892376,0.1226770037623987,0.0912968146074904,0.1275303643724696,0.0447617519653456,0.0171763720150817,0.0285484980509056,0.0285591382606713,-0.0319153122699356,0.0065245131703455,0.0386278771863193,0.1109853470284278,0.1483970320593586,Industrials,20.0,4.0,99,8.208083171550836,3495.7,3492.4,10.800807471060939,8.587726209601477,10.537831732370032,8.587036367958026
ADP,2020Q1,2020,Q1,1,0,0,0,4047.8,1953.1,2094.699999,901.0,728.9,1217.3,1052.099999,1076.7,820.9,172.1,993.0,43383.4,5490.7,49059.4,5364.4,0.0425169227728642,0.1800731261425959,0.4825090172439349,0.2599189680814269,0.2028015218143188,168.7,168.2,162.1,160.1,156.1,158.0,153.9,163.9,159.4,158.2,166.9,153.3,0.0459735658809102,0.0481162571158852,0.0463314945551204,0.0418212214617836,0.0446970564654678,0.0477298130078844,0.0464085398950606,0.0443452380952381,0.0492233579347188,0.051410373066424,0.0544570608196293,0.0449454673390406,0.0573637740974872,0.0891601432930873,0.0445502192747886,0.0749531542785759,0.0973586946723159,0.0679049928948436,0.0936515997968512,0.0695976302083332,0.0060731538992409,0.0185394528600497,0.0166351265401563,-0.0485080172545399,-0.0121183977894793,0.0099693398389346,0.0300713623584654,0.0866710439921207,Industrials,20.0,1.0,100,8.306175819899869,3669.5,3828.2,10.677855208467328,8.610993140486908,10.800807471060939,8.587726209601477
ADP,2020Q2,2020,Q2,0,1,0,0,3376.8,1445.9,1930.9,901.9,736.8,671.4,544.0,531.3,411.5,165.1,576.6,39165.5,5752.2,43383.4,5490.7,0.0488924425491589,0.2181947405828002,0.4281864487088367,0.1610992655768775,0.1218609334280976,172.1,168.7,168.2,162.1,160.1,156.1,158.0,153.9,163.9,159.4,158.2,166.9,0.0425169227728642,0.0459735658809102,0.0481162571158852,0.0463314945551204,0.0418212214617836,0.0446970564654678,0.0477298130078844,0.0464085398950606,0.0443452380952381,0.0492233579347188,0.051410373066424,0.0544570608196293,-0.0348415125618085,-0.1345951629863302,-0.1040401536745568,0.0185070943861813,-0.1352395672333848,-0.1230049975818151,-0.1610611084793937,0.0244044776911243,-0.1137839788308876,-0.0921992954202315,0.0552744524783619,-0.0817922313242203,-0.0716966612358365,-0.0913461220799268,-0.1033546839434593,-0.0956712672521957,Industrials,20.0,2.0,101,8.124979888983821,4047.8,3498.7,10.575577068570038,8.657511500729735,10.677855208467328,8.610993140486908
ADP,2020Q3,2020,Q3,0,0,1,0,3470.7,1577.5,1893.2,822.1,653.4,911.4,755.4,765.2,602.1,168.7,770.8,42390.1,5808.9,39165.5,5752.2,0.0486069092690235,0.1882617339441611,0.4545192612441294,0.2176506180309447,0.1734808540063964,165.1,172.1,168.7,168.2,162.1,160.1,156.1,158.0,153.9,163.9,159.4,158.2,0.0488924425491589,0.0425169227728642,0.0459735658809102,0.0481162571158852,0.0463314945551204,0.0418212214617836,0.0446970564654678,0.0477298130078844,0.0464085398950606,0.0443452380952381,0.0492233579347188,0.051410373066424,-0.0071516434476642,0.0338255494505495,-0.0082982334821147,0.0029726516052319,0.0168470378221576,0.0427940364439536,0.0353132187795968,-0.0061942257217847,-0.0640309411259132,-0.0510215860556388,0.0101972219484278,-0.0572890082386421,-0.0011548491034745,0.0503054465085224,0.0412723580875,0.0269118038902211,Industrials,20.0,3.0,102,8.152399666517114,3376.8,3495.7,10.654693713526395,8.667318637993874,10.575577068570038,8.657511500729735
ADP,2020Q4,2020,Q4,0,0,0,1,3695.7,1721.2,1974.5,903.7,729.2,973.2,817.5,832.6,647.5,174.5,822.0,49325.9,5900.0,42390.1,5808.9,0.047217036014828,0.1973103877479232,0.4657304434883784,0.2212030197256271,0.175203615012041,168.7,165.1,172.1,168.7,168.2,162.1,160.1,156.1,158.0,153.9,163.9,159.4,0.0486069092690235,0.0488924425491589,0.0425169227728642,0.0459735658809102,0.0481162571158852,0.0463314945551204,0.0418212214617836,0.0446970564654678,0.0477298130078844,0.0464085398950606,0.0443452380952381,0.0492233579347188,0.0071399373211609,-0.006292203806016,0.0030887580861356,0.034380557202134,-0.0116786838631055,-0.0015876893014166,-0.0034709754637941,0.0106981981981981,0.0010982976386602,0.0073570393490134,0.0270475024090783,-0.0059988085653425,-0.0040224591289675,-0.0086657536844301,-0.0133369163801647,0.0020724125320006,Industrials,20.0,4.0,103,8.2151958087682,3470.7,3669.5,10.806224850169214,8.682877107057168,10.654693713526395,8.667318637993874
ADP,2021Q1,2021,Q1,1,0,0,0,4102.0,1975.6,2126.4,914.7,736.1,1206.6,1060.9,1066.2,810.7,178.6,989.3,54407.7,5673.9,49325.9,5900.0,0.0435397367137981,0.1794490492442711,0.4816187225743539,0.2586299366162847,0.1976352998537299,174.5,168.7,165.1,172.1,168.7,168.2,162.1,160.1,156.1,158.0,153.9,163.9,0.047217036014828,0.0486069092690235,0.0488924425491589,0.0425169227728642,0.0459735658809102,0.0481162571158852,0.0463314945551204,0.0418212214617836,0.0446970564654678,0.0477298130078844,0.0464085398950606,0.0443452380952381,0.0133899896239932,-0.0124253867706175,0.0115201474578874,0.0377687391051713,-0.0087899449601577,0.0083642248915163,-0.0097520200612983,0.015133432479655,0.0098778982027714,0.0152053274139845,0.0240566314358636,-0.0034656859226771,-0.0018451358166656,-0.0049593589673623,-0.0254742761019272,-0.0037260825780462,Industrials,20.0,1.0,104,8.319473692442186,3695.7,4047.8,10.904279346527748,8.643808221048975,10.806224850169214,8.682877107057168
ADP,2021Q2,2021,Q2,0,1,0,0,3736.9,1699.8,2037.1,1009.1,814.2,840.3,690.7,697.1,538.2,194.9,733.1,48772.5,5670.1,54407.7,5673.9,0.0521555299847467,0.2178811314190906,0.4548690090716904,0.184832347667853,0.1440231207685514,178.6,174.5,168.7,165.1,172.1,168.7,168.2,162.1,160.1,156.1,158.0,153.9,0.0435397367137981,0.047217036014828,0.0486069092690235,0.0488924425491589,0.0425169227728642,0.0459735658809102,0.0481162571158852,0.0463314945551204,0.0418212214617836,0.0446970564654678,0.0477298130078844,0.0464085398950606,0.1066394219379294,0.3078979343863914,0.1755999723355694,0.180496668685645,0.2515638963360143,0.2696691176470589,0.3120647468473556,0.0550002589466052,0.1050488599348535,0.118860184055882,0.0667401190338747,-0.0014372902063171,0.0623152844825258,0.1473196169205994,0.1818645788851631,0.271418661116892,Industrials,20.0,2.0,105,8.226279235383716,4102.0,3376.8,10.794942411558651,8.643138381432884,10.904279346527748,8.643808221048975
ADP,2021Q3,2021,Q3,0,0,1,0,3832.3,1772.4,2059.9,881.9,693.1,1048.4,890.5,900.8,700.5,188.8,889.3,59987.2,5350.7,48772.5,5670.1,0.0492654541659055,0.1808574485296036,0.4624898885786603,0.2323669858831511,0.1827884038305978,194.9,178.6,174.5,168.7,165.1,172.1,168.7,168.2,162.1,160.1,156.1,158.0,0.0521555299847467,0.0435397367137981,0.047217036014828,0.0486069092690235,0.0488924425491589,0.0425169227728642,0.0459735658809102,0.0481162571158852,0.0463314945551204,0.0418212214617836,0.0446970564654678,0.0477298130078844,0.1041864753507939,0.1634280019930243,0.1235499207606973,0.1191464137522231,0.1503181917928462,0.1788456446915542,0.1772085729221117,0.0880519754912318,0.0607591062136516,0.0727405425130762,0.0135483804007621,-0.0393297419472064,0.0175363906750911,0.067614638475844,0.0536517408650651,0.1537363777893097,Industrials,20.0,3.0,106,8.25148132999325,3736.9,3470.7,11.001903155196146,8.585169546425332,10.794942411558651,8.643138381432884
ADP,2021Q4,2021,Q4,0,0,0,1,4025.4,1858.2,2167.2,956.3,756.6,1055.0,901.9,910.1,694.4,199.7,894.0999999999999,59102.6,5049.6,59987.2,5350.7,0.0496099766482834,0.1879564763750186,0.4616187211208824,0.2240522680975803,0.1725045958165648,188.8,194.9,178.6,174.5,168.7,165.1,172.1,168.7,168.2,162.1,160.1,156.1,0.0492654541659055,0.0521555299847467,0.0435397367137981,0.047217036014828,0.0486069092690235,0.0488924425491589,0.0425169227728642,0.0459735658809102,0.0481162571158852,0.0463314945551204,0.0418212214617836,0.0446970564654678,0.089211786670996,0.0724324324324323,0.0795956309551475,0.1444126074498566,0.0840526099465679,0.1032415902140673,0.0930819120826327,0.097594327677893,0.0375754251234228,0.0582051565785104,0.0506796028599481,-0.0474070903193138,-0.0088285454064345,0.0128806938326944,-0.0154050428428131,0.0877128953771289,Industrials,20.0,4.0,107,8.30062795546215,3832.3,3695.7,10.987047115244609,8.527262327093021,11.001903155196146,8.585169546425332
ADP,2022Q1,2022,Q1,1,0,0,0,4513.0,2171.5,2341.5,988.2,790.9,1336.2,1183.3,1189.9,928.5,197.3,1125.8,72068.1,4192.9,59102.6,5049.6,0.043718147573676,0.1752492798581874,0.4811655218258365,0.2621980943939729,0.2057389762907157,199.7,188.8,194.9,178.6,174.5,168.7,165.1,172.1,168.7,168.2,162.1,160.1,0.0496099766482834,0.0492654541659055,0.0521555299847467,0.0435397367137981,0.047217036014828,0.0486069092690235,0.0488924425491589,0.0425169227728642,0.0459735658809102,0.0481162571158852,0.0463314945551204,0.0418212214617836,0.1001950268161873,0.145306525225114,0.0991597489370319,0.1047032474804032,0.1074092491297862,0.1153737392779714,0.116019508534984,0.1011568848758464,0.0744464067382149,0.0803542144965563,0.00409765591948,-0.0234036870285493,-0.0009409948726557,0.0137963834518588,0.0410031833532944,0.1379763469119579,Industrials,20.0,1.0,108,8.414938957377482,4025.4,4102.0,11.185380659981487,8.341386367591527,10.987047115244609,8.527262327093021
ADP,2022Q2,2022,Q2,0,1,0,0,4127.6,1928.5,2199.1,1101.0,888.2,961.5,827.5,803.3,625.4,212.8,838.2,63068.2,3225.3,72068.1,4192.9,0.051555383273573,0.2151855799980618,0.4672206609167554,0.2004796976451206,0.1515166198275026,197.3,199.7,188.8,194.9,178.6,174.5,168.7,165.1,172.1,168.7,168.2,162.1,0.043718147573676,0.0496099766482834,0.0492654541659055,0.0521555299847467,0.0435397367137981,0.047217036014828,0.0486069092690235,0.0488924425491589,0.0425169227728642,0.0459735658809102,0.0481162571158852,0.0463314945551204,0.1045519013085714,0.162021553325901,0.134545240616543,0.0918419702411492,0.144234202070689,0.1980599391921238,0.1523454310715821,0.079524814687546,0.0908867600098255,0.0910712516103458,-0.0115068663159824,-0.0123716606549284,0.0271543050828471,0.0846569887506172,0.0520298339527955,0.1433637975719548,Industrials,20.0,2.0,109,8.32569364543649,4513.0,3736.9,11.05198781525824,8.079091248781776,11.185380659981487,8.341386367591527
ADP,2022Q3,2022,Q3,0,0,1,0,4215.6,2006.1,2209.5,984.4,774.6,1197.4,1021.7,1010.0,779.0,209.8,988.8,46364.7,2576.5,63068.2,3225.3,0.0497675301261979,0.1837460859664104,0.4758753202391118,0.2423617041465034,0.1847898282569503,212.8,197.3,199.7,188.8,194.9,178.6,174.5,168.7,165.1,172.1,168.7,168.2,0.051555383273573,0.043718147573676,0.0496099766482834,0.0492654541659055,0.0521555299847467,0.0435397367137981,0.047217036014828,0.0486069092690235,0.0488924425491589,0.0425169227728642,0.0459735658809102,0.0481162571158852,0.1000182657933879,0.1120628122769451,0.1318551117129314,0.111228813559322,0.1421213277375048,0.1473329590117911,0.1212255772646537,0.0726248847031409,0.1175876496897994,0.1162263295158181,0.0101912378317177,0.0159719019608639,0.0289421066081856,0.0430126432348627,0.0109494058945196,0.1118857528393117,Industrials,20.0,3.0,110,8.346784395085892,4127.6,3832.3,10.744315240715528,7.854575215891115,11.05198781525824,8.079091248781776
ADP,2022Q4,2022,Q4,0,0,0,1,4391.0,2119.699999,2271.3,1035.099999,830.9,1250.8,1084.6,1058.1,813.1,204.2,1017.3,54453.0,2986.7,46364.7,2576.5,0.0465042131632885,0.1892279662946936,0.4827374172170348,0.2470052379867911,0.1851742199954452,209.8,212.8,197.3,199.7,188.8,194.9,178.6,174.5,168.7,165.1,172.1,168.7,0.0497675301261979,0.051555383273573,0.043718147573676,0.0496099766482834,0.0492654541659055,0.0521555299847467,0.0435397367137981,0.047217036014828,0.0486069092690235,0.0488924425491589,0.0425169227728642,0.0459735658809102,0.0908232722213941,0.1709389400921659,0.1407275852975997,0.0225338007010516,0.1855924170616112,0.202572347266881,0.1626194923634765,0.0480343300110743,0.0982024848004228,0.0824009191676253,-0.062603607073101,0.0067648103656621,0.0457492192796533,0.1024447111564796,0.0734451399332738,0.1377921932669723,Industrials,20.0,4.0,111,8.387539983189367,4215.6,4025.4,10.905111587554558,8.002259139605703,10.744315240715528,7.854575215891115
ADP,2023Q1,2023,Q1,1,0,0,0,4927.8,2491.0,2436.8,1125.0,916.4,1538.2,1366.0,1364.0,1043.1,208.6,1251.6999999999998,59881.8,3693.8,54453.0,2986.7,0.0423312634441332,0.1859653395024148,0.5054994115020902,0.277202808555542,0.2116766102520394,204.2,209.8,212.8,197.3,199.7,188.8,194.9,178.6,174.5,168.7,165.1,172.1,0.0465042131632885,0.0497675301261979,0.051555383273573,0.043718147573676,0.0496099766482834,0.0492654541659055,0.0521555299847467,0.0435397367137981,0.047217036014828,0.0486069092690235,0.0488924425491589,0.0425169227728642,0.0919122534899181,0.1234248788368335,0.147133317982961,0.0572731880385199,0.1511749738063164,0.1543987154567734,0.1463148163711236,0.0407004057228272,0.1586799848274118,0.1384335154826956,-0.0317233050006412,0.0611475245598664,0.0505728041026631,0.0572266331540278,0.0288600345368377,0.1118315864274293,Industrials,20.0,1.0,112,8.50285082970036,4391.0,4513.0,11.000144597627383,8.214681704718455,10.905111587554558,8.002259139605703
ADP,2023Q2,2023,Q2,0,1,0,0,4477.8,2188.7,2289.1,1150.9,928.6,1253.9,1037.8,1005.6,776.7,222.3,999.0,50971.0,3509.1,59881.8,3693.8,0.0496449149135736,0.2073786234311492,0.4887891375228906,0.2317655991781678,0.1734557148599758,208.6,204.2,209.8,212.8,197.3,199.7,188.8,194.9,178.6,174.5,168.7,165.1,0.0423312634441332,0.0465042131632885,0.0497675301261979,0.051555383273573,0.043718147573676,0.0496099766482834,0.0492654541659055,0.0521555299847467,0.0435397367137981,0.047217036014828,0.0486069092690235,0.0488924425491589,0.0848434925864909,0.2419251678925489,0.134923515685766,0.0446428571428572,0.304108164326573,0.2541389728096677,0.2518361757749285,0.0409258332954389,0.0454852510695789,0.045322434150772,-0.0370566221932964,-0.0362801102517321,0.0461633622190738,0.156055211078919,0.1447966240102918,0.1918396564065854,Industrials,20.0,2.0,113,8.407110432386043,4927.8,4127.6,10.83903174133217,8.163399806082568,11.000144597627383,8.214681704718455
ADP,2023Q3,2023,Q3,0,0,1,0,4512.4,2213.3,2299.1,1096.6,860.1,1327.0,1116.7,1092.8,859.4,236.5,1095.9,49323.6,3472.8,50971.0,3509.1,0.0524111337647371,0.1906081021186065,0.4904928641077919,0.2474736282244482,0.1904529740271252,222.3,208.6,204.2,209.8,212.8,197.3,199.7,188.8,194.9,178.6,174.5,168.7,0.0496449149135736,0.0423312634441332,0.0465042131632885,0.0497675301261979,0.051555383273573,0.043718147573676,0.0496099766482834,0.0492654541659055,0.0521555299847467,0.0435397367137981,0.047217036014828,0.0486069092690235,0.0704051617800549,0.1032092426187418,0.1032849808085341,0.127264061010486,0.108234508100885,0.0929822844279142,0.0819801980198018,0.0405521611224257,0.1103795507358635,0.1139780577001219,0.0531190443213824,0.0373451010730669,0.0307171715930449,0.0210921279661191,0.030646415030487,0.1083131067961167,Industrials,20.0,3.0,114,8.414806028737809,4477.8,4215.6,10.806178221379982,8.153004374619913,10.83903174133217,8.163399806082568
ADP,2023Q4,2023,Q4,0,0,0,1,4668.0,2314.6,2353.4,1130.7,902.0,1389.9,1183.9,1143.8,878.4,228.7,1107.1,57069.4,4319.6,49323.6,3472.8,0.0489931448157669,0.1932305055698372,0.4958440445586975,0.2536203941730934,0.1881748071979434,236.5,222.3,208.6,204.2,209.8,212.8,197.3,199.7,188.8,194.9,178.6,174.5,0.0524111337647371,0.0496449149135736,0.0423312634441332,0.0465042131632885,0.0497675301261979,0.051555383273573,0.043718147573676,0.0496099766482834,0.0492654541659055,0.0521555299847467,0.0435397367137981,0.047217036014828,0.0630835800501024,0.0803099249784773,0.0919469741434859,0.1199804113614104,0.1112088263511354,0.0915544901346119,0.0809942349494377,0.03614670012768,0.0855698640028885,0.0923582273136491,0.0535205626152426,0.0211519436239682,0.0271506348466252,0.0267814409128279,0.0162041303728566,0.0882728791900127,Industrials,20.0,4.0,115,8.448700194970938,4512.4,4391.0,10.952040872442586,8.371149560482877,10.806178221379982,8.153004374619913
ADP,2024Q1,2024,Q1,1,0,0,0,5253.8,2702.7,2551.1,1158.0,915.3,1752.5,1544.7,1546.3,1184.9,242.7,1427.6,64181.6,4626.7,57069.4,4319.6,0.0461951349499409,0.1742167573946476,0.5144276523659065,0.2940157600213179,0.2255319958886901,228.7,236.5,222.3,208.6,204.2,209.8,212.8,197.3,199.7,188.8,194.9,178.6,0.0489931448157669,0.0524111337647371,0.0496449149135736,0.0423312634441332,0.0465042131632885,0.0497675301261979,0.051555383273573,0.043718147573676,0.0496099766482834,0.0492654541659055,0.0521555299847467,0.0435397367137981,0.0661552822760664,0.1359409452593234,0.0849859494179043,0.163470757430489,0.1393186841763098,0.1308199121522695,0.1336510263929617,0.0469057780695993,-0.0012003491924923,0.0293333333333334,0.0912770182469762,-0.0631761926131112,0.0176622181167056,0.0606521685454248,0.0654554398813989,0.140528880722218,Industrials,20.0,1.0,116,8.566897223595353,4668.0,4927.8,11.069487424905933,8.439815263394845,10.952040872442586,8.371149560482877
ADP,2024Q2,2024,Q2,0,1,0,0,4768.5,2360.2,2408.3,1262.6,1014.7,1328.3,1097.6,1089.4,829.3,247.9,1077.2,54362.7,4547.6,64181.6,4626.7,0.0519869980077592,0.2127922826884764,0.4949564852679039,0.2301772045716682,0.1739121316975988,242.7,228.7,236.5,222.3,208.6,204.2,209.8,212.8,197.3,199.7,188.8,194.9,0.0461951349499409,0.0489931448157669,0.0524111337647371,0.0496449149135736,0.0423312634441332,0.0465042131632885,0.0497675301261979,0.051555383273573,0.043718147573676,0.0496099766482834,0.0492654541659055,0.0521555299847467,0.0649202733485192,0.0677224153469806,0.0783570155800246,0.1151596941070625,0.0593348751894089,0.0576218924648295,0.0833333333333334,0.0520728670656591,0.0927202239931079,0.0970544791033103,0.0471766967123004,0.0261051942951324,0.0126176039350391,-0.0068534528512083,0.0026313162295712,0.0782782782782782,Industrials,20.0,2.0,117,8.469996756585262,5253.8,4477.8,10.903451930702275,8.422574772290313,11.069487424905933,8.439815263394845
ADP,2024Q3,2024,Q3,0,0,1,0,4832.7,2408.3,2424.4,1136.3,903.7,1511.5,1272.0,1236.2,956.3,232.6,1188.9,49511.4,5348.6,54362.7,4547.6,0.0481304446789579,0.1869969168373787,0.4983342644898297,0.2632069029734931,0.197881101661597,247.9,242.7,228.7,236.5,222.3,208.6,204.2,209.8,212.8,197.3,199.7,188.8,0.0519869980077592,0.0461951349499409,0.0489931448157669,0.0524111337647371,0.0496449149135736,0.0423312634441332,0.0465042131632885,0.0497675301261979,0.051555383273573,0.043718147573676,0.0496099766482834,0.0492654541659055,0.0709821824306355,0.1127530835466603,0.0881037365020558,-0.0164904862579281,0.139035418236624,0.1390704755081937,0.1312225475841875,0.0544995867948328,0.0506917800255783,0.0362028086813788,-0.0816751857533625,-0.0189456022125478,0.0159867777002247,0.0635755610079611,0.0390024239443684,0.0848617574596219,Industrials,20.0,3.0,118,8.48336749893214,4768.5,4512.4,10.809978422236135,8.584777070739769,10.903451930702275,8.422574772290313
ADP,2024Q4,2024,Q4,0,0,0,1,5048.4,2521.2,2527.2,1221.4,981.9,1540.6,1299.8,1261.3,963.2,239.5,1202.7,64096.7,5078.1,49511.4,5348.6,0.0474407733143174,0.1944972664606608,0.4994057523175659,0.2574677125425877,0.1907931225734886,232.6,247.9,242.7,228.7,236.5,222.3,208.6,204.2,209.8,212.8,197.3,199.7,0.0481304446789579,0.0519869980077592,0.0461951349499409,0.0489931448157669,0.0524111337647371,0.0496449149135736,0.0423312634441332,0.0465042131632885,0.0497675301261979,0.051555383273573,0.043718147573676,0.0496099766482834,0.081491002570694,0.0965391621129327,0.0892594832800484,0.0472234368167905,0.1084250665515502,0.0978967818227889,0.1027277496065746,0.0738505991331688,0.0885809312638581,0.0802157955248961,-0.0316854839036567,0.0065556982686969,0.0071831209791748,0.0151695938413713,0.0139142715995503,0.0863517297443774,Industrials,20.0,4.0,119,8.527024703329527,4832.7,4668.0,11.06816376082975,8.532889359522562,10.809978422236135,8.584777070739769
ADP,2025Q1,2025,Q1,1,0,0,0,5553.0,2871.3,2681.7,1238.3,991.2,1842.3,1633.0,1621.9,1249.5,247.1,1496.6,56448.6,5855.3,64096.7,5078.1,0.0444984692958761,0.1784981091301999,0.5170718530524041,0.2940752746263281,0.2250135062128579,239.5,232.6,247.9,242.7,228.7,236.5,222.3,208.6,204.2,209.8,212.8,197.3,0.0474407733143174,0.0481304446789579,0.0519869980077592,0.0461951349499409,0.0489931448157669,0.0524111337647371,0.0496449149135736,0.0423312634441332,0.0465042131632885,0.0497675301261979,0.051555383273573,0.043718147573676,0.056949255776771,0.0545193687230989,0.0623820623820625,0.0181293778327154,0.0512410841654777,0.0571632032109794,0.0488909008601177,0.0511936027595938,0.082923631596198,0.0693436960276339,-0.0367282324405691,0.0245748560562046,0.0051400827197696,0.00020241977847,-0.0022989628313673,0.0483328663491171,Industrials,20.0,1.0,120,8.622273667866745,5048.4,5253.8,10.941103483635962,8.675273283837157,11.06816376082975,8.532889359522562
ADP,2025Q2,2025,Q2,0,1,0,0,5126.8,2579.1,2547.7,1372.4,1103.1,1420.6,1206.7,1190.6,910.6,269.3,1179.9,53369.3,6188.0,56448.6,5855.3,0.052527892642584,0.2151634547866115,0.5030623390809081,0.2353709916517125,0.1776156666926737,247.1,239.5,232.6,247.9,242.7,228.7,236.5,222.3,208.6,204.2,209.8,212.8,0.0444984692958761,0.0474407733143174,0.0481304446789579,0.0519869980077592,0.0461951349499409,0.0489931448157669,0.0524111337647371,0.0496449149135736,0.0423312634441332,0.0465042131632885,0.0497675301261979,0.051555383273573,0.0751389325783788,0.0980344869166767,0.0927463774256418,0.0863251311012505,0.0694873146126626,0.0993986880466473,0.0928951716541213,0.0578831540920981,0.0871193456193948,0.0869634088389039,0.0104044214044458,0.0111431301369437,0.0163769019181894,0.0225642981880389,0.0212954378680996,0.0953397697734868,Industrials,20.0,2.0,121,8.542431996279863,5553.0,4768.5,10.885009690447662,8.73052880173936,10.941103483635962,8.675273283837157
