ticker,Year_Quarter,year,quarter,Q1,Q2,Q3,Q4,revenue,grossProfit,costOfRevenue,operatingExpenses,snaExpenses,ebitda,operatingIncome,incomeBeforeTax,netIncome,rnd,net_plus_rnd,totalAssets,totalEquity,totalAssets_lag1,totalEquity_lag1,rnd_to_rev_ratio,sna_to_rev_ratio,grossProfitRatio,operatingIncomeRatio,netIncomeRatio,rnd_lag1,rnd_lag2,rnd_lag3,rnd_lag4,rnd_lag5,rnd_lag6,rnd_lag7,rnd_lag8,rnd_lag9,rnd_lag10,rnd_lag11,rnd_lag12,rnd_to_rev_ratio_lag1,rnd_to_rev_ratio_lag2,rnd_to_rev_ratio_lag3,rnd_to_rev_ratio_lag4,rnd_to_rev_ratio_lag5,rnd_to_rev_ratio_lag6,rnd_to_rev_ratio_lag7,rnd_to_rev_ratio_lag8,rnd_to_rev_ratio_lag9,rnd_to_rev_ratio_lag10,rnd_to_rev_ratio_lag11,rnd_to_rev_ratio_lag12,revenue_yoy,netIncome_yoy,grossProfit_yoy,rnd_yoy,ebitda_yoy,operatingIncome_yoy,incomeBeforeTax_yoy,costOfRevenue_yoy,snaExpenses_yoy,operatingExpenses_yoy,rnd_to_rev_ratio_yoy,sna_to_rev_ratio_yoy,grossProfitRatio_yoy,operatingIncomeRatio_yoy,netIncomeRatio_yoy,net_plus_rnd_yoy,gics_sectors,gics_sector_code,quarter_int,time_idx,revenue_log,revenue_lag1,revenue_lag4,totalAssets_log,totalEquity_log,totalAssets_lag1_log,totalEquity_lag1_log
ADSK,1995Q2,1995,Q2,0,1,0,0,138.7,128.1,10.6,89.7,63.8,45.1,38.4,40.9,26.0,19.2,45.2,512.7,361.2,482.1,323.5,0.13846444981806386,0.4599855803893295,0.923576063446287,0.2768565248738284,0.1874549387166546,16.7,,,,,,,,,,,,0.13846444981806386,,,,,,,,,,,,,,,,,,,,,,,,,,,,Information Technology,45.0,2.0,1,4.939497266262916,129.6,,6.241639437473222,5.892196545449313,6.180223671560361,5.782285536144145
ADSK,1995Q3,1995,Q3,0,0,1,0,140.7,130.2,10.5,91.3,64.9,45.8,38.9,41.4,26.3,19.5,45.8,529.3,369.4,512.7,361.2,0.138592750533049,0.4612651030561479,0.9253731343283582,0.2764747690120824,0.1869225302061123,19.2,16.7,,,,,,,,,,,0.13846444981806386,0.13846444981806386,,,,,,,,,,,,,,,,,,,,,,,,,,,Information Technology,45.0,3.0,2,4.953712146696635,138.7,,6.273442884143084,5.914583502772024,6.241639437473222,5.892196545449313
ADSK,1995Q4,1995,Q4,0,0,0,1,128.5,119.0,9.5,90.9,64.7,34.7,28.1,30.2,19.2,19.6,38.8,529.6,362.7,529.3,369.4,0.1525291828793774,0.5035019455252918,0.926070038910506,0.2186770428015564,0.1494163424124513,19.5,19.2,16.7,,,,,,,,,,0.138592750533049,0.13846444981806386,0.13846444981806386,,,,,,,,,,,,,,,,,,,,,,,,,,Information Technology,45.0,4.0,3,4.863680881139593,140.7,,6.274008441703639,5.896329351992943,6.273442884143084,5.914583502772024
ADSK,1996Q1,1996,Q1,1,0,0,0,126.3,115.3,11.0,91.7,66.2,28.6,23.6,25.7,16.3,20.5,36.8,517.9,342.3,529.6,362.7,0.1623119556611243,0.5241488519398259,0.9129057798891528,0.1868566904196358,0.1290577988915281,19.6,19.5,19.2,16.7,,,,,,,,,0.1525291828793774,0.138592750533049,0.13846444981806386,0.13846444981806386,,,,,,,,,-0.0254629629629629,1.116883116883117,-0.0228813559322034,0.2275449101796407,-0.3041362530413625,-0.3333333333333332,1.12396694214876,-0.0517241379310344,0.0996677740863787,0.1101694915254238,0.2596185301605815,0.1284001862359041,0.0026490599460524,-0.3159144893111638,1.1721936021223427,0.5081967213114753,Information Technology,45.0,1.0,4,4.846546505563361,128.5,129.6,6.251711186373694,5.838604700463646,6.274008441703639,5.896329351992943
ADSK,1996Q2,1996,Q2,0,1,0,0,136.3,126.5,9.8,98.4,68.0,35.6,28.1,29.6,19.1,22.9,42.0,520.2,343.4,517.9,342.3,0.1680117388114453,0.4988994864269992,0.9280997798972852,0.2061628760088041,0.14013206162876,20.5,19.6,19.5,19.2,16.7,,,,,,,,0.1623119556611243,0.1525291828793774,0.138592750533049,0.13846444981806386,0.1384628049371025,,,,,,,,-0.0173035328046141,-0.2653846153846153,-0.0124902419984386,0.1927083333333332,-0.2106430155210643,-0.2682291666666666,-0.276283618581907,-0.0754716981132074,0.0658307210031348,0.0969899665551838,0.2137098006847637,0.0845980998028963,0.0048980442759833,-0.2553439869161166,-0.2524493481573453,-0.0707964601769912,Information Technology,45.0,2.0,5,4.922168312773925,126.3,138.7,6.25613384525069,5.841803772553575,6.251711186373694,5.838604700463646
ADSK,1996Q3,1996,Q3,0,0,1,0,128.7,120.6,8.1,100.3,68.9,25.6,20.3,18.5,10.6,22.9,33.5,510.8,328.4,520.2,343.4,0.1779331779331779,0.5353535353535355,0.9370629370629372,0.1577311577311577,0.0823620823620823,22.9,20.5,19.6,19.5,19.2,16.7,,,,,,,0.1680117388114453,0.1623119556611243,0.1525291828793774,0.138592750533049,0.1384628049371025,0.13846116005614115,,,,,,,-0.0852878464818763,-0.5969581749049431,-0.0737327188940092,0.1743589743589741,-0.4410480349344977,-0.4781491002570693,-0.5531400966183575,-0.2285714285714286,0.0616332819722649,0.0985761226725081,0.2838563146255453,0.1606200681701453,0.0126325287615609,-0.429491673707612,-0.5593785175534225,-0.2685589519650654,Information Technology,45.0,3.0,6,4.865224091322398,136.3,140.7,6.237933923725689,5.79727281774354,6.25613384525069,5.841803772553575
ADSK,1996Q4,1996,Q4,0,0,0,1,116.6,110.4,6.2,101.4,68.7,18.0,9.0,9.1,5.9,23.7,29.6,477.2,243.9,510.8,328.4,0.2032590051457976,0.5891938250428816,0.9468267581475128,0.0771869639794168,0.0506003430531732,22.9,22.9,20.5,19.6,19.5,19.2,16.7,,,,,,0.1779331779331779,0.1680117388114453,0.1623119556611243,0.1525291828793774,0.138592750533049,0.13846116005614115,0.13845951517517982,,,,,,-0.0926070038910505,-0.6927083333333333,-0.0722689075630251,0.2091836734693877,-0.4812680115273775,-0.6797153024911032,-0.6986754966887417,-0.3473684210526315,0.0618238021638331,0.1155115511551154,0.3325909265936217,0.1701917545287525,0.022413768251726,-0.6470275846492861,-0.6613466623785019,-0.2371134020618556,Information Technology,45.0,4.0,7,4.767289035464526,128.7,128.5,6.170029055024225,5.500849963958122,6.237933923725689,5.79727281774354
ADSK,1997Q1,1997,Q1,1,0,0,0,115.0,109.6,5.4,102.6,68.6,16.8,7.0,9.3,6.0,24.2,30.2,492.2,243.6,477.2,243.9,0.2104347826086956,0.5965217391304347,0.9530434782608695,0.0608695652173913,0.0521739130434782,23.7,22.9,22.9,20.5,19.6,19.5,19.2,16.7,,,,,0.2032590051457976,0.1779331779331779,0.1680117388114453,0.1623119556611243,0.1525291828793774,0.138592750533049,0.13845951517517982,0.13845787029421847,,,,,-0.0894695170229611,-0.6319018404907976,-0.0494362532523851,0.1804878048780487,-0.4125874125874126,-0.7033898305084746,-0.6381322957198443,-0.509090909090909,0.0362537764350452,0.1188658669574698,0.2964835630965003,0.1380769735977929,0.0439669670802067,-0.6742446573323508,-0.5957321952520672,-0.1793478260869564,Information Technology,45.0,1.0,8,4.7535901911063645,116.6,126.3,6.200914771290189,5.499624223253072,6.170029055024225,5.500849963958122
ADSK,1997Q2,1997,Q2,0,1,0,0,119.0,111.1,7.9,106.7,71.0,12.5,4.4,-51.4,-52.7,27.6,-25.1,543.3,271.0,492.2,243.6,0.2319327731092437,0.5966386554621849,0.9336134453781512,0.0369747899159663,-0.4428571428571429,24.2,23.7,22.9,22.9,20.5,19.6,19.5,19.2,16.7,,,,0.2104347826086956,0.2032590051457976,0.1779331779331779,0.1680117388114453,0.1623119556611243,0.1525291828793774,0.138592750533049,0.13845787029421847,0.1384562254132571,,,,-0.1269258987527514,-3.7591623036649215,-0.1217391304347826,0.2052401746724892,-0.648876404494382,-0.8434163701067616,-2.7364864864864864,-0.1938775510204081,0.0441176470588235,0.0843495934959348,0.3804557630912628,0.195909540286703,0.0059408111070515,-0.8206525314752235,-4.160284218399402,-1.5976190476190475,Information Technology,45.0,2.0,9,4.787491742782046,115.0,136.3,6.299500565440154,5.605802066295998,6.200914771290189,5.499624223253072
ADSK,1997Q3,1997,Q3,0,0,1,0,154.1,147.4,6.7,121.9,79.5,37.5,25.5,27.8,17.8,30.4,48.2,577.9,289.2,543.3,271.0,0.1972744970798183,0.5158987670343933,0.9565217391304348,0.1654769630110318,0.1155094094743673,27.6,24.2,23.7,22.9,22.9,20.5,19.6,19.5,19.2,16.7,,,0.2319327731092437,0.2104347826086956,0.2032590051457976,0.1779331779331779,0.1680117388114453,0.1623119556611243,0.1525291828793774,0.138592750533049,0.1384562254132571,0.13845458053229576,,,0.1973581973581974,0.679245283018868,0.2222222222222223,0.3275109170305676,0.46484375,0.2561576354679802,0.5027027027027027,-0.1728395061728395,0.1538461538461537,0.2153539381854436,0.1086999028022974,-0.0363400389357561,0.0207657365347178,0.0491076423408762,0.4024585848444406,0.4388059701492537,Information Technology,45.0,3.0,10,5.044070070182493,119.0,128.7,6.361129751084959,5.670570340450087,6.299500565440154,5.605802066295998
ADSK,1997Q4,1997,Q4,0,0,0,1,162.2,156.1,6.1,126.0,81.5,41.5,30.1,32.8,21.0,33.1,54.1,569.0,338.2,577.9,289.2,0.2040690505548705,0.5024660912453761,0.9623921085080148,0.1855733662145499,0.1294697903822441,30.4,27.6,24.2,23.7,22.9,22.9,20.5,19.6,19.5,19.2,16.7,,0.1972744970798183,0.2319327731092437,0.2104347826086956,0.2032590051457976,0.1779331779331779,0.1680117388114453,0.1623119556611243,0.1525291828793774,0.138592750533049,0.13845458053229576,0.13845293565133443,,0.3910806174957117,2.559322033898305,0.4139492753623186,0.3966244725738397,1.3055555555555554,2.344444444444445,2.604395604395604,-0.0161290322580646,0.1863173216885005,0.2426035502958579,0.003985286696114,-0.1471972890944562,0.0164394914133561,1.404206055624058,1.5586741624694351,0.8277027027027026,Information Technology,45.0,4.0,11,5.094976442530006,154.1,116.6,6.345636360828596,5.826589903917748,6.361129751084959,5.670570340450087
ADSK,1998Q1,1998,Q1,1,0,0,0,181.8,175.6,6.2,132.0,88.3,56.0,43.6,45.9,29.4,31.3,60.7,533.7,303.1,569.0,338.2,0.1721672167216721,0.4856985698569857,0.965896589658966,0.2398239823982398,0.1617161716171617,33.1,30.4,27.6,24.2,23.7,22.9,22.9,20.5,19.6,19.5,19.2,16.7,0.2040690505548705,0.1972744970798183,0.2319327731092437,0.2104347826086956,0.2032590051457976,0.1779331779331779,0.1680117388114453,0.1623119556611243,0.1525291828793774,0.138592750533049,0.13845293565133443,0.13845129077037308,0.5808695652173914,3.9,0.6021897810218979,0.2933884297520661,2.333333333333333,5.228571428571429,3.935483870967741,0.1481481481481481,0.2871720116618077,0.2865497076023393,-0.1818500031821364,-0.1857822808519919,0.0134863851348638,2.9399654251139395,2.0995599559955997,1.0099337748344372,Information Technology,45.0,1.0,12,5.20839265902005,162.2,115.0,6.281705841954686,5.717356594683319,6.345636360828596,5.826589903917748
ADSK,1998Q2,1998,Q2,0,1,0,0,187.2,179.8,7.4,140.2,92.5,60.8,39.6,41.8,27.6,35.4,63.0,595.4,370.1,533.7,303.1,0.1891025641025641,0.4941239316239316,0.9604700854700856,0.2115384615384615,0.1474358974358974,31.3,33.1,30.4,27.6,24.2,23.7,22.9,22.9,20.5,19.6,19.5,19.2,0.1721672167216721,0.2040690505548705,0.1972744970798183,0.2319327731092437,0.2104347826086956,0.2032590051457976,0.1779331779331779,0.1680117388114453,0.1623119556611243,0.1525291828793774,0.138592750533049,0.13845129077037308,0.573109243697479,-1.523719165085389,0.6183618361836185,0.2826086956521738,3.864,8.0,-1.813229571984436,-0.0632911392405063,0.3028169014084507,0.3139643861293344,-0.1846664808621331,-0.1718204526303117,0.0287663381722789,4.721153846153847,-1.3329197684036391,-3.50996015936255,Information Technology,45.0,2.0,13,5.23750522715128,181.8,119.0,6.390911582890583,5.916471568066552,6.281705841954686,5.717356594683319
ADSK,1998Q3,1998,Q3,0,0,1,0,186.6,180.2,6.4,140.7,93.7,61.3,39.5,26.4,9.1,35.1,44.2,565.7,349.2,595.4,370.1,0.1881028938906752,0.5021436227224009,0.9657020364415864,0.2116827438370846,0.0487674169346195,35.4,31.3,33.1,30.4,27.6,24.2,23.7,22.9,22.9,20.5,19.6,19.5,0.1891025641025641,0.1721672167216721,0.2040690505548705,0.1972744970798183,0.2319327731092437,0.2104347826086956,0.2032590051457976,0.1779331779331779,0.1680117388114453,0.1623119556611243,0.1525291828793774,0.138592750533049,0.2109020116807267,-0.4887640449438203,0.2225237449118045,0.1546052631578949,0.6346666666666665,0.5490196078431373,-0.0503597122302158,-0.044776119402985,0.1786163522012578,0.15422477440525,-0.0464915806397021,-0.0266624872764532,0.0095975835525674,0.279227875501755,-0.5778056769873672,-0.0829875518672199,Information Technology,45.0,3.0,14,5.234312036572124,187.2,154.1,6.339830063175573,5.8585044198517515,6.390911582890583,5.916471568066552
ADSK,1998Q4,1998,Q4,0,0,0,1,177.2,168.1,9.1,139.0,92.7,41.0,29.1,31.4,20.7,37.3,58.0,624.7,394.5,565.7,349.2,0.2104966139954853,0.5231376975169301,0.948645598194131,0.1642212189616253,0.1168171557562076,35.1,35.4,31.3,33.1,30.4,27.6,24.2,23.7,22.9,22.9,20.5,19.6,0.1881028938906752,0.1891025641025641,0.1721672167216721,0.2040690505548705,0.1972744970798183,0.2319327731092437,0.2104347826086956,0.2032590051457976,0.1779331779331779,0.1680117388114453,0.1623119556611243,0.1525291828793774,0.092478421701603,-0.0142857142857143,0.076873798846893,0.1268882175226584,-0.0120481927710843,-0.0332225913621262,-0.0426829268292682,0.4918032786885247,0.1374233128834356,0.1031746031746032,0.031497002721079,0.0411403010705035,-0.0142836897688146,-0.1150604081204111,-0.0977265398258627,0.0720887245841035,Information Technology,45.0,4.0,15,5.182906515036709,186.6,162.2,6.438871023004318,5.980150787207709,6.339830063175573,5.8585044198517515
ADSK,1999Q1,1999,Q1,1,0,0,0,189.2,198.9,-9.7,170.3,105.3,58.6,28.6,46.7,33.1,35.0,68.1,693.9,460.2,624.7,394.5,0.1849894291754757,0.556553911205074,1.0512684989429175,0.1511627906976744,0.1749471458773784,37.3,35.1,35.4,31.3,33.1,30.4,27.6,24.2,23.7,22.9,22.9,20.5,0.2104966139954853,0.1881028938906752,0.1891025641025641,0.1721672167216721,0.2040690505548705,0.1972744970798183,0.2319327731092437,0.2104347826086956,0.2032590051457976,0.1779331779331779,0.1680117388114453,0.1623119556611243,0.0407040704070404,0.1258503401360544,0.1326879271070615,0.1182108626198081,0.0464285714285714,-0.3440366972477063,0.0174291938997821,-2.564516129032258,0.1925254813137034,0.2901515151515152,0.0744753426230506,0.1458833641798693,0.0883861794295128,-0.3696927672285043,0.0818160245070545,0.1219110378912684,Information Technology,45.0,1.0,16,5.24807615011129,177.2,181.8,6.543767950320282,6.133831788394904,6.438871023004318,5.980150787207709
ADSK,1999Q2,1999,Q2,0,1,0,0,194.9,172.1,22.8,170.6,115.2,18.339,1.5,-15.7,-17.1,38.6,21.5,930.3,644.6,693.9,460.2,0.1980502821959979,0.5910723447922012,0.8830169317598768,0.0076962544894817,-0.0877373011800923,35.0,37.3,35.1,35.4,31.3,33.1,30.4,27.6,24.2,23.7,22.9,22.9,0.1849894291754757,0.2104966139954853,0.1881028938906752,0.1891025641025641,0.1721672167216721,0.2040690505548705,0.1972744970798183,0.2319327731092437,0.2104347826086956,0.2032590051457976,0.1779331779331779,0.1680117388114453,0.0411324786324787,-1.6195652173913042,-0.042825361512792,0.0903954802259887,-0.6983717105263159,-0.9621212121212122,-1.375598086124402,2.081081081081081,0.2454054054054053,0.2168330955777462,0.0473167465279893,0.1962026264335141,-0.0806408808373252,-0.9636177060497224,-1.5950877819171485,-0.6587301587301587,Information Technology,45.0,2.0,17,5.277604324950495,189.2,187.2,6.836581459527612,6.470180116955739,6.543767950320282,6.133831788394904
ADSK,1999Q3,1999,Q3,0,0,1,0,202.9,181.8,21.1,187.1,116.1,21.0,-5.3,0.6,0.4,44.7,45.1,928.3,644.3,930.3,644.6,0.2203055692459339,0.5722030556924593,0.8960078856579596,-0.0261212419911286,0.0019714144898965,38.6,35.0,37.3,35.1,35.4,31.3,33.1,30.4,27.6,24.2,23.7,22.9,0.1980502821959979,0.1849894291754757,0.2104966139954853,0.1881028938906752,0.1891025641025641,0.1721672167216721,0.2040690505548705,0.1972744970798183,0.2319327731092437,0.2104347826086956,0.2032590051457976,0.1779331779331779,0.087352625937835,-0.956043956043956,0.0088790233074362,0.2735042735042736,-0.6574225122349102,-1.1341772151898737,-0.9772727272727272,2.296875,0.23906083244397,0.3297796730632552,0.1711971288117173,0.139520706427032,-0.0721694147404258,-1.123398069760623,-0.9595751710093752,0.0203619909502261,Information Technology,45.0,3.0,18,5.31762967758041,194.9,186.6,6.834431614563294,6.469715324941794,6.836581459527612,6.470180116955739
ADSK,1999Q4,1999,Q4,0,0,0,1,202.1,177.2,24.9,166.9,107.6,28.372,10.3,2.1,1.4,41.2,42.6,944.9,654.0,928.3,644.3,0.2038594755071746,0.5324096981692231,0.8767936665017317,0.0509648688767936,0.0069272637308263,44.7,38.6,35.0,37.3,35.1,35.4,31.3,33.1,30.4,27.6,24.2,23.7,0.2203055692459339,0.1980502821959979,0.1849894291754757,0.2104966139954853,0.1881028938906752,0.1891025641025641,0.1721672167216721,0.2040690505548705,0.1972744970798183,0.2319327731092437,0.2104347826086956,0.2032590051457976,0.1405191873589164,-0.932367149758454,0.0541344437834621,0.1045576407506703,-0.308,-0.6460481099656357,-0.9331210191082804,1.7362637362637363,0.1607335490830634,0.2007194244604317,-0.0315308563037171,0.0177238243321071,-0.0757415960493346,-0.689657224571552,-0.9406999452607524,-0.2655172413793103,Information Technology,45.0,4.0,19,5.313698468586339,202.9,177.2,6.852136855219125,6.484635235635252,6.834431614563294,6.469715324941794
ADSK,2000Q1,2000,Q1,1,0,0,0,220.182,194.334,25.848,165.523,107.39,47.359,28.811,37.02,25.208,39.585,64.793,907.326,602.299,944.9,654.0,0.1797830885358476,0.4877328755302432,0.8826062075919013,0.1308508415765139,0.1144871061212996,41.2,44.7,38.6,35.0,37.3,35.1,35.4,31.3,33.1,30.4,27.6,24.2,0.2038594755071746,0.2203055692459339,0.1980502821959979,0.1849894291754757,0.2104966139954853,0.1881028938906752,0.1891025641025641,0.1721672167216721,0.2040690505548705,0.1972744970798183,0.2319327731092437,0.2104347826086956,0.1637526427061311,-0.2384290030211481,-0.0229562594268476,0.131,-0.1918259385665529,0.0073776223776222,-0.2072805139186295,-3.664742268041237,0.0198480531813864,-0.0280504991192015,-0.0281439899719323,-0.1236556500444253,-0.1604369307371156,-0.1343713557246,-0.3455903178806678,-0.0485609397944197,Information Technology,45.0,1.0,20,5.398985892015229,202.1,189.2,6.811603345002149,6.4024129278952016,6.852136855219125,6.484635235635252
ADSK,2000Q2,2000,Q2,0,1,0,0,223.329,198.399,24.93,161.216,101.955,56.989,37.183,38.711,25.606,40.255,65.861,813.385,529.053,907.326,602.299,0.1802497660402366,0.4565237832972878,0.888370968391924,0.1664942752620573,0.1146559560110867,39.585,41.2,44.7,38.6,35.0,37.3,35.1,35.4,31.3,33.1,30.4,27.6,0.1797830885358476,0.2038594755071746,0.2203055692459339,0.1980502821959979,0.1849894291754757,0.2104966139954853,0.1881028938906752,0.1891025641025641,0.1721672167216721,0.2040690505548705,0.1972744970798183,0.2319327731092437,0.145864545920985,-2.497426900584795,0.1528123184195235,0.0428756476683938,2.10753039969464,23.788666666666668,-3.4656687898089173,0.0934210526315788,-0.1149739583333333,-0.0550058616647126,-0.0898787719885463,-0.2276346756541546,0.006063345378187,20.63315616571665,-2.306809697459697,2.063302325581396,Information Technology,45.0,2.0,21,5.413113724296739,220.182,194.9,6.7024332271590525,6.272977001546501,6.811603345002149,6.4024129278952016
ADSK,2000Q3,2000,Q3,0,0,1,0,226.25,197.695,28.555,163.695,104.127,51.296,34.0,32.987,20.753,42.272,63.025,844.208,518.752,813.385,529.053,0.1868375690607734,0.4602298342541436,0.8737900552486187,0.1502762430939226,0.0917259668508287,40.255,39.585,41.2,44.7,38.6,35.0,37.3,35.1,35.4,31.3,33.1,30.4,0.1802497660402366,0.1797830885358476,0.2038594755071746,0.2203055692459339,0.1980502821959979,0.1849894291754757,0.2104966139954853,0.1881028938906752,0.1891025641025641,0.1721672167216721,0.2040690505548705,0.1972744970798183,0.1150813208477081,50.8825,0.0874312431243122,-0.0543176733780761,1.4426666666666668,-7.415094339622642,53.97833333333334,0.3533175355450235,-0.10312661498708,-0.1250935328701229,-0.1519162692968471,-0.1956879124016732,-0.0247964674920532,-6.753028249765454,45.52799668508287,0.397450110864745,Information Technology,45.0,3.0,22,5.426050733057588,223.329,202.9,6.73958275091244,6.253351774734567,6.7024332271590525,6.272977001546501
ADSK,2000Q4,2000,Q4,0,0,0,1,221.849,194.305,27.544,165.219,106.365,45.282,29.086,29.996,18.511,42.658,61.169,829.944,487.803,844.208,518.752,0.1922839408787058,0.4794477324666777,0.8758434791231875,0.1311071945332185,0.0834396368701233,42.272,40.255,39.585,41.2,44.7,38.6,35.0,37.3,35.1,35.4,31.3,33.1,0.1868375690607734,0.1802497660402366,0.1797830885358476,0.2038594755071746,0.2203055692459339,0.1980502821959979,0.1849894291754757,0.2104966139954853,0.1881028938906752,0.1891025641025641,0.1721672167216721,0.2040690505548705,0.0977189510143492,12.222142857142858,0.0965293453724605,0.035388349514563,0.5960101508529534,1.8238834951456304,13.283809523809522,0.1061847389558234,-0.0114776951672862,-0.0100718993409227,-0.0567819307867369,-0.0994759597442789,-0.001083706936816,1.572501360695482,11.045107579608525,0.4358920187793427,Information Technology,45.0,4.0,23,5.406494412059185,226.25,202.1,6.722562403896402,6.191959545318093,6.73958275091244,6.253351774734567
ADSK,2001Q1,2001,Q1,1,0,0,0,264.896,238.042,26.854,199.531,137.883,54.857,38.511,43.079,28.363,45.302,73.66499999999999,807.759,459.674,829.944,487.803,0.1710180599178545,0.5205174861077555,0.8986243657888379,0.1453815837158734,0.1070722094708866,42.658,42.272,40.255,39.585,41.2,44.7,38.6,35.0,37.3,35.1,35.4,31.3,0.1922839408787058,0.1868375690607734,0.1802497660402366,0.1797830885358476,0.2038594755071746,0.2203055692459339,0.1980502821959979,0.1849894291754757,0.2104966139954853,0.1881028938906752,0.1891025641025641,0.1721672167216721,0.2030774541061486,0.1251586797841954,0.2249117498739283,0.1444233926992546,0.1583225997170547,0.3366769636597133,0.1636682874122095,0.0389198390591147,0.2839463637210169,0.2054578517789069,-0.0487533543303512,0.0672183734628719,0.0181487033052265,0.1110481366744797,-0.0647662160536826,0.1369283718920251,Information Technology,45.0,1.0,24,5.5831052548864815,221.849,220.182,6.695500974037581,6.132690634490832,6.722562403896402,6.191959545318093
ADSK,2001Q2,2001,Q2,0,1,0,0,245.74,209.015,36.725,172.414,120.948,52.466,36.601,41.587,27.9,46.159,74.059,777.096,437.405,807.759,459.674,0.187836738015789,0.4921787254822169,0.8505534304549524,0.1489419711890616,0.1135346300968503,45.302,42.658,42.272,40.255,39.585,41.2,44.7,38.6,35.0,37.3,35.1,35.4,0.1710180599178545,0.1922839408787058,0.1868375690607734,0.1802497660402366,0.1797830885358476,0.2038594755071746,0.2203055692459339,0.1980502821959979,0.1849894291754757,0.2104966139954853,0.1881028938906752,0.1891025641025641,0.1003497082779218,0.0895883777239707,0.0535083342153941,0.1466650105576945,-0.0793661934759338,-0.0156523142296211,0.0742941282839504,0.4731247492980346,0.1862880682654111,0.0694596069868993,0.0420914386865769,0.0781009522163507,-0.0425695337674379,-0.1054228684161595,-0.0097799185776973,0.1244742715719469,Information Technology,45.0,2.0,25,5.508335150643319,264.896,223.329,6.656849909882258,6.083143140678257,6.695500974037581,6.132690634490832
ADSK,2001Q3,2001,Q3,0,0,1,0,231.36,196.167,35.193,167.005,118.248,44.982,19.388,27.39,19.173,43.583,62.756,830.416,459.386,777.096,437.405,0.1883774204702627,0.5110995850622406,0.8478864107883817,0.0838001383125864,0.0828708506224066,46.159,45.302,42.658,42.272,40.255,39.585,41.2,44.7,38.6,35.0,37.3,35.1,0.187836738015789,0.1710180599178545,0.1922839408787058,0.1868375690607734,0.1802497660402366,0.1797830885358476,0.2038594755071746,0.2203055692459339,0.1980502821959979,0.1849894291754757,0.2104966139954853,0.1881028938906752,0.022585635359116,-0.0761335710499687,-0.0077290776195654,0.0310134367903103,-0.123089519650655,-0.4297647058823529,-0.1696729014460242,0.2324636666082997,0.1356132415223718,0.0202205320871131,0.0082416583411466,0.1105311890319702,-0.02964515824441,-0.4423593737287445,-0.0965388159148317,-0.0042681475604918,Information Technology,45.0,3.0,26,5.4482878931243315,245.74,226.25,6.723130271280944,6.132065268044811,6.656849909882258,6.083143140678257
ADSK,2001Q4,2001,Q4,0,0,0,1,216.357,178.558,37.799,158.436,113.601,35.665,12.832,26.618,21.471,39.637,61.108,853.173,491.551,830.416,459.386,0.1832018377034253,0.5250627435211248,0.8252933808473957,0.059309382178529,0.0992387581635907,43.583,46.159,45.302,42.658,42.272,40.255,39.585,41.2,44.7,38.6,35.0,37.3,0.1883774204702627,0.187836738015789,0.1710180599178545,0.1922839408787058,0.1868375690607734,0.1802497660402366,0.1797830885358476,0.2038594755071746,0.2203055692459339,0.1980502821959979,0.1849894291754757,0.2104966139954853,-0.0247555769915572,0.1599049213980876,-0.0810426906152699,-0.0708190726241267,-0.2123801952210591,-0.5588255518118682,-0.1126150153353781,0.3723133894859134,0.0680298970526018,-0.0410546002578394,-0.0472327701095407,0.0951407379064355,-0.057715904132092,-0.5476267920331265,0.1893479152846653,-0.0009972371626149,Information Technology,45.0,4.0,27,5.381541163035358,231.36,221.849,6.750133749385212,6.199598008550363,6.723130271280944,6.132065268044811
ADSK,2002Q1,2002,Q1,1,0,0,0,254.034,212.548,41.486,166.629,122.21,61.598,29.353,31.098,21.769,39.195,60.964,902.444,529.314,853.173,491.551,0.154290370580316,0.4810773361046159,0.8366911515781352,0.1155475251344308,0.085693253658959,39.637,43.583,46.159,45.302,42.658,42.272,40.255,39.585,41.2,44.7,38.6,35.0,0.1832018377034253,0.1883774204702627,0.187836738015789,0.1710180599178545,0.1922839408787058,0.1868375690607734,0.1802497660402366,0.1797830885358476,0.2038594755071746,0.2203055692459339,0.1980502821959979,0.1849894291754757,-0.0410047716839817,-0.2324859852624898,-0.1070987472798917,-0.1348064103130104,0.1228831325081576,-0.2378021863883046,-0.2781169479328675,0.5448722722871824,-0.1136688351718486,-0.1648966827209808,-0.0978124143471944,-0.0757710375842682,-0.0689200255062479,-0.2052120895845293,-0.1996685780332259,-0.1724156655127943,Information Technology,45.0,1.0,28,5.541396869603661,216.357,264.896,6.806214126927086,6.273469283945464,6.750133749385212,6.199598008550363
ADSK,2002Q2,2002,Q2,0,1,0,0,229.327,188.635,40.692,165.905,120.495,35.367,21.188,24.166,17.641,45.207,62.848,929.631,601.939,902.444,529.314,0.1971289904808417,0.5254287545731641,0.8225590532296676,0.092392086409363,0.0769250895010181,39.195,39.637,43.583,46.159,45.302,42.658,42.272,40.255,39.585,41.2,44.7,38.6,0.154290370580316,0.1832018377034253,0.1883774204702627,0.187836738015789,0.1710180599178545,0.1922839408787058,0.1868375690607734,0.1802497660402366,0.1797830885358476,0.2038594755071746,0.2203055692459339,0.1980502821959979,-0.0667901033612762,-0.3677060931899641,-0.0975049637585818,-0.0206243636127299,-0.3259063012236497,-0.4211087128766974,-0.4189049462572438,0.1080190605854323,-0.003745411251116,-0.0377521546974143,0.0494698351515858,0.0675568190363573,-0.0329131318773364,-0.3796772953133281,-0.3224526346243651,-0.1513793056887076,Information Technology,45.0,2.0,29,5.439500038339473,254.034,245.74,6.835862850697543,6.401816030747725,6.806214126927086,6.273469283945464
ADSK,2002Q3,2002,Q3,0,0,1,0,211.401,177.191,34.21,163.063,116.377,26.21,10.393,16.109,11.76,46.642,58.402,918.002,589.291,929.631,601.939,0.2206328257671439,0.550503545394771,0.8381748430707517,0.0491624921357987,0.0556288759277392,45.207,39.195,39.637,43.583,46.159,45.302,42.658,42.272,40.255,39.585,41.2,44.7,0.1971289904808417,0.154290370580316,0.1832018377034253,0.1883774204702627,0.187836738015789,0.1710180599178545,0.1922839408787058,0.1868375690607734,0.1802497660402366,0.1797830885358476,0.2038594755071746,0.2203055692459339,-0.0862681535269709,-0.3866374589266155,-0.0967339052949782,0.070187917307207,-0.4173224845493752,-0.4639467711986795,-0.4118656443957648,-0.0279316909612705,-0.0158226777619918,-0.0236040837100686,0.1712275559159863,0.0770964435976442,-0.0114538546603193,-0.4133363843336906,-0.3287280689176577,-0.0693798202562304,Information Technology,45.0,3.0,30,5.358475997454629,229.327,231.36,6.823288298631883,6.380615635645577,6.835862850697543,6.401816030747725
ADSK,2002Q4,2002,Q4,0,0,0,1,188.701,156.866,31.835,151.425,110.22,17.42,-7.845,-5.356,-3.91,41.179,37.269000000000005,900.485,585.527,918.002,589.291,0.2182235388259734,0.5840986534252601,0.8312939518073568,-0.0415737065516345,-0.0207206109135616,46.642,45.207,39.195,39.637,43.583,46.159,45.302,42.658,42.272,40.255,39.585,41.2,0.2206328257671439,0.1971289904808417,0.154290370580316,0.1832018377034253,0.1883774204702627,0.187836738015789,0.1710180599178545,0.1922839408787058,0.1868375690607734,0.1802497660402366,0.1797830885358476,0.2038594755071746,-0.1278257694458695,-1.1821060965954078,-0.1214843356220386,0.0389030451345964,-0.5115659610262161,-1.6113622194513717,-1.201217221429108,-0.1577819519034894,-0.02976206195368,-0.044251306521245,0.1911645732464901,0.1124359148170262,0.0072708337413294,-1.7009634062026189,-1.2087955482010837,-0.3901125875499116,Information Technology,45.0,4.0,31,5.245449148408361,211.401,216.357,6.804043403569835,6.374218702839542,6.823288298631883,6.380615635645577
ADSK,2003Q1,2003,Q1,1,0,0,0,195.516,162.091,33.425,153.541,113.558,20.696,1.226,3.547,6.413,39.957,46.370000000000005,883.65,569.208,900.485,585.527,0.2043669060332658,0.5808118005687515,0.8290421244297143,0.0062705865504613,0.0328003846232533,41.179,46.642,45.207,39.195,39.637,43.583,46.159,45.302,42.658,42.272,40.255,39.585,0.2182235388259734,0.2206328257671439,0.1971289904808417,0.154290370580316,0.1832018377034253,0.1883774204702627,0.187836738015789,0.1710180599178545,0.1922839408787058,0.1868375690607734,0.1802497660402366,0.1797830885358476,-0.2303549918514844,-0.7054067710965133,-0.2373910834258614,0.0194412552621507,-0.6640150654242021,-0.9582325486321672,-0.8859412180847643,-0.1943065130405438,-0.0707961705261434,-0.0785457513398028,0.324560342065433,0.2073148264927764,-0.0091419959850103,-0.9457315373638164,-0.6172349254727576,-0.2393871793189422,Information Technology,45.0,1.0,32,5.280743852930873,188.701,254.034,6.785192086559012,6.346001206545004,6.804043403569835,6.374218702839542
ADSK,2003Q2,2003,Q2,0,1,0,0,210.766,173.815,36.951,167.208,119.816,6.607,6.607,9.879,7.508,47.392,54.900000000000006,872.463,559.338,883.65,569.208,0.2248560014423579,0.5684787869011131,0.8246823491454979,0.0313475608020268,0.0356224438476794,39.957,41.179,46.642,45.207,39.195,39.637,43.583,46.159,45.302,42.658,42.272,40.255,0.2043669060332658,0.2182235388259734,0.2206328257671439,0.1971289904808417,0.154290370580316,0.1832018377034253,0.1883774204702627,0.187836738015789,0.1710180599178545,0.1922839408787058,0.1868375690607734,0.1802497660402366,-0.0809368281972903,-0.5744005441868374,-0.0785644233572772,0.0483332227309929,-0.8131874346141883,-0.6881725505002831,-0.591202515931474,-0.0919345325862577,-0.0056350885928876,0.0078538922877551,0.1406541518519612,0.08193314879183,0.0025813294589529,-0.6607116256349621,-0.5369203457708305,-0.1264638492871689,Information Technology,45.0,2.0,33,5.355481891480424,195.516,229.327,6.772465770348409,6.328540173081792,6.785192086559012,6.346001206545004
ADSK,2003Q3,2003,Q3,0,0,1,0,211.705,176.809,34.896,162.868,117.114,13.941,13.941,17.011,32.602,45.754,78.356,916.113,580.821,872.463,559.338,0.2161214898089322,0.5531943033938735,0.8351668595451217,0.0658510663423159,0.1539973075742188,47.392,39.957,41.179,46.642,45.207,39.195,39.637,43.583,46.159,45.302,42.658,42.272,0.2248560014423579,0.2043669060332658,0.2182235388259734,0.2206328257671439,0.1971289904808417,0.154290370580316,0.1832018377034253,0.1883774204702627,0.187836738015789,0.1710180599178545,0.1922839408787058,0.1868375690607734,0.0014380253641184,1.7722789115646256,-0.00215586570424,-0.0190386347069165,-0.4681037771842807,0.3413836235928027,0.055993543981625,0.0200526161940952,0.0063328664598676,-0.0011958568160771,-0.0204472563977085,0.00488781229769,-0.0035887303830426,0.3394574498058245,1.7682980287837955,0.3416663812883118,Information Technology,45.0,3.0,34,5.359906229217159,210.766,211.401,6.82123069258165,6.366162840287662,6.772465770348409,6.328540173081792
ADSK,2003Q4,2003,Q4,0,0,0,1,233.862,198.498,35.364,170.558,121.996,27.94,27.94,29.745,22.606,48.562,71.168,934.828,596.486,916.113,580.821,0.2076523761876662,0.5216580718543414,0.8487826153885625,0.1194721673465548,0.0966638444894852,45.754,47.392,39.957,41.179,46.642,45.207,39.195,39.637,43.583,46.159,45.302,42.658,0.2161214898089322,0.2248560014423579,0.2043669060332658,0.2182235388259734,0.2206328257671439,0.1971289904808417,0.154290370580316,0.1832018377034253,0.1883774204702627,0.187836738015789,0.1710180599178545,0.1922839408787058,0.2393257057461275,-6.78158567774936,0.2653984929812705,0.1792904150173631,0.6039035591274395,-4.561504142766093,-6.5535847647498136,0.1108528349301083,0.1068408637270912,0.1263529800231135,-0.0484418990507589,-0.1069007456270543,0.0210378814174971,-3.873743460861981,-5.665105912790373,0.909576323486007,Information Technology,45.0,4.0,35,5.458998107612164,211.705,188.701,6.841431698907768,6.392730852568813,6.82123069258165,6.366162840287662
ADSK,2004Q1,2004,Q1,1,0,0,0,295.31,254.393,40.917,193.462,125.299,75.257,57.748,66.56,57.599,67.641,125.24,1017.16,621.643,934.828,596.486,0.229050827943517,0.4242965019809692,0.8614439064034405,0.1955504385222308,0.1950458839863194,48.562,45.754,47.392,39.957,41.179,46.642,45.207,39.195,39.637,43.583,46.159,45.302,0.2076523761876662,0.2161214898089322,0.2248560014423579,0.2043669060332658,0.2182235388259734,0.2206328257671439,0.1971289904808417,0.154290370580316,0.1832018377034253,0.1883774204702627,0.187836738015789,0.1710180599178545,0.5104134699973404,7.981599875253391,0.5694455583591933,0.6928448081687815,2.6363065326633164,46.10277324632953,17.765153650972653,0.2241436050860137,0.1033920991916024,0.2600022143922469,0.1207823829668059,-0.2694767882376304,0.0390833963907624,30.18535035735113,4.946451123260445,1.7008841923657538,Information Technology,45.0,1.0,36,5.691406203588145,233.862,195.516,6.925752355683792,6.433973320833024,6.841431698907768,6.392730852568813
ADSK,2004Q2,2004,Q2,0,1,0,0,297.876,256.004,41.872,194.233,136.352,74.273,53.521,55.937,42.505,57.881,100.386,990.3,637.223,1017.16,621.643,0.1943123984476762,0.4577475191019082,0.8594314412708646,0.1796754354160792,0.1426936040500074,67.641,48.562,45.754,47.392,39.957,41.179,46.642,45.207,39.195,39.637,43.583,46.159,0.229050827943517,0.2076523761876662,0.2161214898089322,0.2248560014423579,0.2043669060332658,0.2182235388259734,0.2206328257671439,0.1971289904808417,0.154290370580316,0.1832018377034253,0.1883774204702627,0.187836738015789,0.4133019557234088,4.661294619072989,0.4728533210597476,0.221324274139095,10.24156197971848,7.100650824882701,4.662212774572325,0.1331763687045004,0.1380116178139814,0.1616250418640257,-0.1358362809920889,-0.1947852239180677,0.0421363354767714,4.731719815484388,3.0057219167826137,0.8285245901639342,Information Technology,45.0,2.0,37,5.700028771653276,295.31,210.766,6.899017213038852,6.45868775205405,6.925752355683792,6.433973320833024
ADSK,2004Q3,2004,Q3,0,0,1,0,279.578,239.362,40.216,186.301,127.959,65.931,49.344,51.523,39.165,58.342,97.507,1049.406,661.065,990.3,637.223,0.2086787944688065,0.4576862270994141,0.856154633054103,0.1764945739650473,0.1400861298099278,57.881,67.641,48.562,45.754,47.392,39.957,41.179,46.642,45.207,39.195,39.637,43.583,0.1943123984476762,0.229050827943517,0.2076523761876662,0.2161214898089322,0.2248560014423579,0.2043669060332658,0.2182235388259734,0.2206328257671439,0.1971289904808417,0.154290370580316,0.1832018377034253,0.1883774204702627,0.3206017807798584,0.2013066683025581,0.3537885514877636,0.2751234864711283,3.729287712502689,2.5394878416182483,2.0288048909529133,0.1524530032095368,0.0926020800245914,0.1438772502885772,-0.034437553371974,-0.1726483365944168,0.0251300363144346,1.6802082907445914,-0.090333902478045,0.2444101281331361,Information Technology,45.0,3.0,38,5.6368517611734115,297.876,211.705,6.956932035081945,6.495363738428128,6.899017213038852,6.45868775205405
ADSK,2004Q4,2004,Q4,0,0,0,1,300.158,256.764,43.394,199.984,140.042,69.989,53.858,56.659,74.07,59.942,134.012,1082.127,673.278,1049.406,661.065,0.1997014905483112,0.4665609445691935,0.8554294738104599,0.1794321657260509,0.2467700344485237,58.342,57.881,67.641,48.562,45.754,47.392,39.957,41.179,46.642,45.207,39.195,39.637,0.2086787944688065,0.1943123984476762,0.229050827943517,0.2076523761876662,0.2161214898089322,0.2248560014423579,0.2043669060332658,0.2182235388259734,0.2206328257671439,0.1971289904808417,0.154290370580316,0.1832018377034253,0.2834834218470723,2.276563744138724,0.2935344436719767,0.2343396071002019,1.5049749463135291,0.9276306370794558,0.9048243402252478,0.227067073860423,0.1479228827174661,0.1725278204481761,-0.0382894035952151,-0.1056192365418476,0.0078310492008069,0.5018741997503835,1.5528679906308351,0.8830373201438848,Information Technology,45.0,4.0,39,5.707635043971691,279.578,233.862,6.98760750697711,6.513642488780877,6.956932035081945,6.495363738428128
ADSK,2005Q1,2005,Q1,1,0,0,0,356.155,312.194,43.961,222.233,158.994,103.329,78.15,82.209,65.768,63.239,129.007,1142.204,648.078,1082.127,673.278,0.1775603318779745,0.4464179921663321,0.876567786497452,0.2194269349019388,0.1846611728039758,59.942,58.342,57.881,67.641,48.562,45.754,47.392,39.957,41.179,46.642,45.207,39.195,0.1997014905483112,0.2086787944688065,0.1943123984476762,0.229050827943517,0.2076523761876662,0.2161214898089322,0.2248560014423579,0.2043669060332658,0.2182235388259734,0.2206328257671439,0.1971289904808417,0.154290370580316,0.2060377230706713,0.1418253789128285,0.2272114405663678,-0.0650788722816044,0.3730151348047357,0.3532936205582879,0.2351111778846153,0.0743945059510715,0.268916751131294,0.1487165438173905,-0.2247994321951976,0.0521368667478552,0.0175564305250637,0.1220989150427989,-0.0532424010704681,0.0300782497604599,Information Technology,45.0,1.0,40,5.878169861222992,300.158,295.31,7.041590125559852,6.475552894382309,6.98760750697711,6.513642488780877
ADSK,2005Q2,2005,Q2,0,1,0,0,355.119,311.612,43.507,220.99,155.138,103.207,90.622,93.634,76.078,65.852,141.93,1177.605,710.791,1142.204,648.078,0.1854364311681436,0.4368620096362064,0.8774861384493648,0.2551876976450147,0.2142324122336456,63.239,59.942,58.342,57.881,67.641,48.562,45.754,47.392,39.957,41.179,46.642,45.207,0.1775603318779745,0.1997014905483112,0.2086787944688065,0.1943123984476762,0.229050827943517,0.2076523761876662,0.2161214898089322,0.2248560014423579,0.2043669060332658,0.2182235388259734,0.2206328257671439,0.1971289904808417,0.1921705676187408,0.7898600164686507,0.2172153560100622,0.1377135847687498,0.3895628290226596,0.6932045365370603,0.6739188730178594,0.0390475735575086,0.1377757568645858,0.1377572297189457,-0.0456788519437821,-0.0456267016076434,0.0210077224447389,0.4202703728201342,0.5013455834962806,0.4138425676887216,Information Technology,45.0,2.0,41,5.875264944659295,356.155,297.876,7.072086814716212,6.567784328995033,7.041590125559852,6.475552894382309
ADSK,2005Q3,2005,Q3,0,0,1,0,372.984,328.512,44.472,239.618,166.623,103.115,88.894,91.726,75.298,72.995,148.293,1181.892,712.28,1177.605,710.791,0.1957054458100079,0.4467296184286725,0.880767003410334,0.2383319391716535,0.2018799734036848,65.852,63.239,59.942,58.342,57.881,67.641,48.562,45.754,47.392,39.957,41.179,46.642,0.1854364311681436,0.1775603318779745,0.1997014905483112,0.2086787944688065,0.1943123984476762,0.229050827943517,0.2076523761876662,0.2161214898089322,0.2248560014423579,0.2043669060332658,0.2182235388259734,0.2206328257671439,0.3340963881278211,0.9225839397421168,0.3724484253975151,0.251156970964314,0.5639835585688067,0.8015158884565501,0.780292296644217,0.105828525959817,0.3021592853961032,0.2861874064014686,-0.0621689841165815,-0.0239391268996209,0.0287475759705146,0.3503641149832306,0.4411132185434805,0.520844657306655,Information Technology,45.0,3.0,42,5.924213015750746,355.119,279.578,7.075717566488835,6.569874050197504,7.072086814716212,6.567784328995033
ADSK,2005Q4,2005,Q4,0,0,0,1,378.262,335.864,42.398,242.827,168.793,104.7,93.037,96.204,94.537,74.034,168.57100000000003,1290.629,777.101,1181.892,712.28,0.1957214840507373,0.4462330342461045,0.8879136683039797,0.2459591500071379,0.2499246553975815,72.995,65.852,63.239,59.942,58.342,57.881,67.641,48.562,45.754,47.392,39.957,41.179,0.1957054458100079,0.1854364311681436,0.1775603318779745,0.1997014905483112,0.2086787944688065,0.1943123984476762,0.229050827943517,0.2076523761876662,0.2161214898089322,0.2248560014423579,0.2043669060332658,0.2182235388259734,0.2602096229319224,0.2763196975833673,0.3080649935349191,0.2350939241266558,0.4959493634714025,0.7274499610085783,0.6979473693499707,-0.0229524819099413,0.2053026949058141,0.2142321385710857,-0.0199297786243165,-0.0435696784304547,0.0379741352011415,0.3707639820981565,0.0127836467507398,0.2578798913530133,Information Technology,45.0,4.0,43,5.938227259125558,372.984,300.158,7.163659491403816,6.656856335803912,7.075717566488835,6.569874050197504
ADSK,2006Q1,2006,Q1,1,0,0,0,416.835,376.312,40.523,279.065,190.346,107.135,97.247,101.436,82.987,88.719,171.706,1360.8,791.3,1290.629,777.101,0.2128396127964302,0.4566459150503197,0.9027840752336056,0.2332985473868557,0.1990883682992071,74.034,72.995,65.852,63.239,59.942,58.342,57.881,67.641,48.562,45.754,47.392,39.957,0.1957214840507373,0.1957054458100079,0.1854364311681436,0.1775603318779745,0.1997014905483112,0.2086787944688065,0.1943123984476762,0.229050827943517,0.2076523761876662,0.2161214898089322,0.2248560014423579,0.2043669060332658,0.1703752579635271,0.2618142561732148,0.2053787068297277,0.402915922136656,0.0368338027078556,0.2443634037108124,0.2338795022442799,-0.0782056823093195,0.1971898310628075,0.2557315970175446,0.198688978249381,0.0229110901967786,0.0299078852086356,0.0632174554646907,0.078127931693287,0.3309820397342777,Information Technology,45.0,1.0,44,6.035086617753556,378.262,356.155,7.216562633048866,6.674940107971196,7.163659491403816,6.656856335803912
ADSK,2006Q2,2006,Q2,0,1,0,0,436.0,386.1,49.9,326.8,227.4,59.3,59.3,62.8,48.5,99.4,147.9,1439.6,846.3,1360.8,791.3,0.2279816513761468,0.521559633027523,0.8855504587155963,0.1360091743119266,0.1112385321100917,88.719,74.034,72.995,65.852,63.239,59.942,58.342,57.881,67.641,48.562,45.754,47.392,0.2128396127964302,0.1957214840507373,0.1957054458100079,0.1854364311681436,0.1775603318779745,0.1997014905483112,0.2086787944688065,0.1943123984476762,0.229050827943517,0.2076523761876662,0.2161214898089322,0.2248560014423579,0.2277574559513853,-0.3624963852887826,0.2390408585035235,0.5094454230699144,-0.4254265699032042,-0.3456335106265586,-0.3293034581455454,0.1469418714229895,0.4657917467029353,0.4787999456989005,0.2294329109980848,0.1938772919665132,0.0091902537406256,-0.4670229969270478,-0.4807576923104751,0.0420629887972945,Information Technology,45.0,2.0,45,6.07993319509559,416.835,355.119,7.272814972455262,6.742054823204418,7.216562633048866,6.674940107971196
ADSK,2006Q3,2006,Q3,0,0,1,0,449.6,393.8,55.8,291.7,193.7,102.1,102.1,104.9,86.8,98.0,184.8,1475.5,895.0,1439.6,846.3,0.2179715302491103,0.4308274021352313,0.8758896797153025,0.2270907473309608,0.1930604982206405,99.4,88.719,74.034,72.995,65.852,63.239,59.942,58.342,57.881,67.641,48.562,45.754,0.2279816513761468,0.2128396127964302,0.1957214840507373,0.1957054458100079,0.1854364311681436,0.1775603318779745,0.1997014905483112,0.2086787944688065,0.1943123984476762,0.229050827943517,0.2076523761876662,0.2161214898089322,0.2054136370460932,0.1527530611702834,0.1987385544515878,0.3425577094321528,-0.009843378751879,0.1485589578599229,0.1436234001264635,0.2547220723151644,0.162504576198964,0.2173542889098481,0.1137734535027625,-0.0355969598554394,-0.0055375867580715,-0.047166115795317,-0.0436867264956918,0.2461815459934049,Information Technology,45.0,3.0,46,6.110580027998144,436.0,372.984,7.297429701183978,6.79794041297493,7.272814972455262,6.742054823204418
ADSK,2006Q4,2006,Q4,0,0,0,1,456.8,400.5,56.3,331.9,223.0,68.6,68.6,74.6,58.0,108.9,166.9,1600.3,1000.6,1475.5,895.0,0.2383975481611208,0.4881786339754816,0.8767513134851138,0.1501751313485113,0.126970227670753,98.0,99.4,88.719,74.034,72.995,65.852,63.239,59.942,58.342,57.881,67.641,48.562,0.2179715302491103,0.2279816513761468,0.2128396127964302,0.1957214840507373,0.1957054458100079,0.1854364311681436,0.1775603318779745,0.1997014905483112,0.2086787944688065,0.1943123984476762,0.229050827943517,0.2076523761876662,0.2076285749031095,-0.3864835990141426,0.1924469428101851,0.4709457816678823,-0.3447946513849094,-0.2626589421412987,-0.2245644671739221,0.3278928251332609,0.3211448342052099,0.3668167048969017,0.2180448626647471,0.0939993154030891,-0.0125714415909231,-0.389430597137154,-0.4919659788316279,-0.0099127370662808,Information Technology,45.0,4.0,47,6.126432407518466,449.6,378.262,7.378571078328431,6.909354000345834,7.297429701183978,6.79794041297493
ADSK,2007Q1,2007,Q1,1,0,0,0,497.4,442.8,54.6,323.1,223.1,134.0,119.7,124.2,96.4,100.0,196.4,1797.5,1115.0,1600.3,1000.6,0.2010454362685967,0.4485323683152392,0.8902291917973463,0.2406513872135102,0.1938078005629272,108.9,98.0,99.4,88.719,74.034,72.995,65.852,63.239,59.942,58.342,57.881,67.641,0.2383975481611208,0.2179715302491103,0.2279816513761468,0.2128396127964302,0.1957214840507373,0.1957054458100079,0.1854364311681436,0.1775603318779745,0.1997014905483112,0.2086787944688065,0.1943123984476762,0.229050827943517,0.1932779157220483,0.1616277248243702,0.1766831777886435,0.1271542736054285,0.2507583889485227,0.2308862998344423,0.2244173666154028,0.347382967697357,0.1720761140239353,0.1577947789941411,-0.0554134466459211,-0.0177676980515338,-0.0139068507970864,0.0315168693033569,-0.0265237380837025,0.1438155917673234,Information Technology,45.0,1.0,48,6.211402967473243,456.8,416.835,7.494708263135679,7.017506142941256,7.378571078328431,6.909354000345834
ADSK,2007Q2,2007,Q2,0,1,0,0,508.6,455.9,52.7,354.5,239.8,101.4,101.4,111.2,83.3,114.7,198.0,1989.4,1244.2,1797.5,1115.0,0.2255210381439245,0.4714903657097916,0.8963822257176562,0.1993708218639402,0.1637829335430593,100.0,108.9,98.0,99.4,88.719,74.034,72.995,65.852,63.239,59.942,58.342,57.881,0.2010454362685967,0.2383975481611208,0.2179715302491103,0.2279816513761468,0.2128396127964302,0.1957214840507373,0.1957054458100079,0.1854364311681436,0.1775603318779745,0.1997014905483112,0.2086787944688065,0.1943123984476762,0.16651376146789,0.7175257731958762,0.1807821807821805,0.1539235412474848,0.7099494097807759,0.7099494097807759,0.7707006369426752,0.0561122244488978,0.0545294635004398,0.0847613219094247,-0.0107930318837921,-0.0959991229135043,0.0122316768010828,0.4658630410232367,0.4723579180365749,0.3387423935091278,Information Technology,45.0,2.0,49,6.2336261042579535,497.4,436.0,7.59609090254486,7.127051438567453,7.494708263135679,7.017506142941256
ADSK,2007Q3,2007,Q3,0,0,1,0,525.9,474.0,51.9,359.5,244.6,114.5,114.5,117.9,91.6,114.9,206.5,1878.1,1112.7,1989.4,1244.2,0.2184826012549914,0.4651074348735501,0.901312036508842,0.2177220003803004,0.1741776003042403,114.7,100.0,108.9,98.0,99.4,88.719,74.034,72.995,65.852,63.239,59.942,58.342,0.2255210381439245,0.2010454362685967,0.2383975481611208,0.2179715302491103,0.2279816513761468,0.2128396127964302,0.1957214840507373,0.1957054458100079,0.1854364311681436,0.1775603318779745,0.1997014905483112,0.2086787944688065,0.1697064056939501,0.0552995391705068,0.2036566785170137,0.1724489795918367,0.1214495592556317,0.1214495592556317,0.1239275500476644,-0.0698924731182795,0.2627774909654103,0.2324305793623586,0.0023446686147363,0.0795679025252873,0.0290246104986677,-0.0412555203625553,-0.0978081901291881,0.1174242424242424,Information Technology,45.0,3.0,50,6.26701077721524,508.6,449.6,7.538548217795107,7.015443084399054,7.59609090254486,7.127051438567453
ADSK,2007Q4,2007,Q4,0,0,0,1,538.4,486.8,51.6,381.2,258.0,105.6,105.6,110.0,84.8,123.2,208.0,1991.0,1178.8,1878.1,1112.7,0.2288261515601783,0.4791976225854383,0.9041604754829125,0.1961367013372957,0.1575037147102526,114.9,114.7,100.0,108.9,98.0,99.4,88.719,74.034,72.995,65.852,63.239,59.942,0.2184826012549914,0.2255210381439245,0.2010454362685967,0.2383975481611208,0.2179715302491103,0.2279816513761468,0.2128396127964302,0.1957214840507373,0.1957054458100079,0.1854364311681436,0.1775603318779745,0.1997014905483112,0.178633975481611,0.4620689655172414,0.2154806491885144,0.1313131313131312,0.5393586005830904,0.5393586005830904,0.4745308310991958,-0.0834813499111899,0.1569506726457399,0.1485387164808678,-0.0401488885887102,-0.0183969775918015,0.0312621852698984,0.3060531366017007,0.2404775324076447,0.2462552426602755,Information Technology,45.0,4.0,51,6.2904574107056295,525.9,456.8,7.596894438144544,7.073100211568975,7.538548217795107,7.015443084399054
ADSK,2008Q1,2008,Q1,1,0,0,0,599.1,548.3,50.8,424.2,291.8,141.3,124.1,130.9,96.5,132.4,228.9,2208.9,1230.5,1991.0,1178.8,0.2209981639125354,0.4870639292271741,0.915206142547154,0.2071440494074445,0.1610749457519612,123.2,114.9,114.7,100.0,108.9,98.0,99.4,88.719,74.034,72.995,65.852,63.239,0.2288261515601783,0.2184826012549914,0.2255210381439245,0.2010454362685967,0.2383975481611208,0.2179715302491103,0.2279816513761468,0.2128396127964302,0.1957214840507373,0.1957054458100079,0.1854364311681436,0.1775603318779745,0.204463208685163,0.0010373443983402,0.2382565492321589,0.324,0.0544776119402985,0.0367585630743525,0.0539452495974235,-0.0695970695970696,0.307933662034962,0.3129062209842153,0.0992448673009513,0.0859058646239194,0.0280567644601497,-0.1392360052191905,-0.1688933815661252,0.165478615071283,Information Technology,45.0,1.0,52,6.397096307995467,538.4,497.4,7.70070254461926,7.115988217560592,7.596894438144544,7.073100211568975
ADSK,2008Q2,2008,Q2,0,1,0,0,598.8,541.0,57.8,421.1,277.4,119.9,119.9,126.8,94.6,143.7,238.3,2140.0,1135.4,2208.9,1230.5,0.2399799599198396,0.4632598530394121,0.9034736138944556,0.2002338009352037,0.1579826319305277,132.4,123.2,114.9,114.7,100.0,108.9,98.0,99.4,88.719,74.034,72.995,65.852,0.2209981639125354,0.2288261515601783,0.2184826012549914,0.2255210381439245,0.2010454362685967,0.2383975481611208,0.2179715302491103,0.2279816513761468,0.2128396127964302,0.1957214840507373,0.1957054458100079,0.1854364311681436,0.177349587101848,0.1356542617046818,0.1866637420486949,0.2528334786399302,0.1824457593688362,0.1824457593688362,0.1402877697841726,0.096774193548387,0.1567973311092576,0.1878702397743301,0.0641134055381906,-0.0174563750798789,0.0079111209184474,0.0043285123830831,-0.0354145666282544,0.2035353535353534,Information Technology,45.0,2.0,53,6.3965962663149085,599.1,508.6,7.669028288589683,7.035620649980033,7.70070254461926,7.115988217560592
ADSK,2008Q3,2008,Q3,0,0,1,0,619.5,560.0,59.5,441.2,288.0,118.8,118.8,125.1,89.8,153.2,243.0,2443.5,1259.9,2140.0,1135.4,0.2472962066182405,0.4648910411622276,0.903954802259887,0.1917675544794188,0.144955609362389,143.7,132.4,123.2,114.9,114.7,100.0,108.9,98.0,99.4,88.719,74.034,72.995,0.2399799599198396,0.2209981639125354,0.2288261515601783,0.2184826012549914,0.2255210381439245,0.2010454362685967,0.2383975481611208,0.2179715302491103,0.2279816513761468,0.2128396127964302,0.1957214840507373,0.1957054458100079,0.1779806046776955,-0.019650655021834,0.1814345991561181,0.3333333333333332,0.0375545851528384,0.0375545851528384,0.0610687022900762,0.1464354527938343,0.1774325429272281,0.2272600834492351,0.1318805488297012,-0.0004652553261835,0.0029321318744188,-0.1192091100373242,-0.1677712340209565,0.1767554479418887,Information Technology,45.0,3.0,54,6.430525604644662,598.8,525.9,7.801595882018701,7.139581030679181,7.669028288589683,7.035620649980033
ADSK,2008Q4,2008,Q4,0,0,0,1,607.1,554.4,52.7,414.8,279.6,139.6,139.6,136.2,104.5,135.2,239.7,2373.7,1400.1,2443.5,1259.9,0.2226980728051391,0.460550156481634,0.9131938725086476,0.2299456432218744,0.1721297973974633,153.2,143.7,132.4,123.2,114.9,114.7,100.0,108.9,98.0,99.4,88.719,74.034,0.2472962066182405,0.2399799599198396,0.2209981639125354,0.2288261515601783,0.2184826012549914,0.2255210381439245,0.2010454362685967,0.2383975481611208,0.2179715302491103,0.2279816513761468,0.2128396127964302,0.1957214840507373,0.1276002971768202,0.2323113207547169,0.1388660640920296,0.0974025974025973,0.321969696969697,0.321969696969697,0.238181818181818,0.0213178294573643,0.0837209302325583,0.0881427072402938,-0.0267805000139049,-0.0389139370166211,0.0099909222651106,0.1723743779418296,0.0928618268725738,0.1524038461538461,Information Technology,45.0,4.0,55,6.410339342126064,619.5,538.4,7.772626392700756,7.245012921377186,7.801595882018701,7.139581030679181
ADSK,2009Q1,2009,Q1,1,0,0,0,489.8,440.7,49.1,534.3,261.4,-66.3,-133.8,-129.7,-105.4,144.0,38.6,2420.7,1310.7,2373.7,1400.1,0.2939975500204165,0.5336872192731726,0.8997550020416496,-0.273172723560637,-0.2151898734177215,135.2,153.2,143.7,132.4,123.2,114.9,114.7,100.0,108.9,98.0,99.4,88.719,0.2226980728051391,0.2472962066182405,0.2399799599198396,0.2209981639125354,0.2288261515601783,0.2184826012549914,0.2255210381439245,0.2010454362685967,0.2383975481611208,0.2179715302491103,0.2279816513761468,0.2128396127964302,-0.1824403271574027,-2.0922279792746115,-0.1962429327010759,0.0876132930513595,-1.4692144373673035,-2.078162771958098,-1.9908326967150491,-0.0334645669291338,-0.1041809458533242,0.2595473833097594,0.3303167085893619,0.0957231427914933,-0.0168826888142397,-2.318757281911181,-2.33596117268971,-0.8313674093490607,Information Technology,45.0,1.0,56,6.196036712836756,607.1,599.1,7.792225051866456,7.1790792848211,7.772626392700756,7.245012921377186
ADSK,2009Q2,2009,Q2,0,1,0,0,425.8,373.5,52.3,355.4,231.3,45.1,-19.4,-19.4,-32.1,124.1,92.0,2269.5,1328.5,2420.7,1310.7,0.2914513856270549,0.5432127759511508,0.8771723813997182,-0.0455612963832785,-0.075387505871301,144.0,135.2,153.2,143.7,132.4,123.2,114.9,114.7,100.0,108.9,98.0,99.4,0.2939975500204165,0.2226980728051391,0.2472962066182405,0.2399799599198396,0.2209981639125354,0.2288261515601783,0.2184826012549914,0.2255210381439245,0.2010454362685967,0.2383975481611208,0.2179715302491103,0.2279816513761468,-0.2889111556446225,-1.339323467230444,-0.3096118299445471,-0.1363952679192762,-0.6238532110091743,-1.1618015012510423,-1.1529968454258674,-0.0951557093425605,-0.1661860129776494,-0.1560199477558775,0.2144821831139909,0.1725876360474012,-0.0291112347834543,-1.2275404860242467,-1.4771885678196095,-0.6139320184641208,Information Technology,45.0,2.0,57,6.056315519427598,489.8,598.8,7.727755350538006,7.1925582106830745,7.792225051866456,7.1790792848211
ADSK,2009Q3,2009,Q3,0,0,1,0,414.9,364.8,50.1,335.7,225.9,57.6,2.7,13.4,10.5,109.8,120.3,2311.1,1385.1,2269.5,1328.5,0.2646420824295011,0.5444685466377441,0.8792480115690529,0.0065075921908893,0.0253073029645697,124.1,144.0,135.2,153.2,143.7,132.4,123.2,114.9,114.7,100.0,108.9,98.0,0.2914513856270549,0.2939975500204165,0.2226980728051391,0.2472962066182405,0.2399799599198396,0.2209981639125354,0.2288261515601783,0.2184826012549914,0.2255210381439245,0.2010454362685967,0.2383975481611208,0.2179715302491103,-0.3302663438256659,-0.8830734966592427,-0.3485714285714285,-0.2832898172323759,-0.5151515151515151,-0.9772727272727272,-0.8928856914468425,-0.1579831932773109,-0.2156249999999999,-0.2391205802357208,0.0701421022524539,0.1711745300072307,-0.0273318872017352,-0.9660652073884178,-0.8254134277666929,-0.5049382716049382,Information Technology,45.0,3.0,58,6.030444846748866,425.8,619.5,7.745911481452057,7.234249327219307,7.727755350538006,7.1925582106830745
ADSK,2009Q4,2009,Q4,0,0,0,1,416.9,371.9,45.0,340.7,231.4,60.1,26.3,32.0,29.5,109.3,138.8,2315.4,1431.7,2311.1,1385.1,0.2621731830175102,0.5550491724634206,0.8920604461501559,0.0630846725833533,0.0707603741904533,109.8,124.1,144.0,135.2,153.2,143.7,132.4,123.2,114.9,114.7,100.0,108.9,0.2646420824295011,0.2914513856270549,0.2939975500204165,0.2226980728051391,0.2472962066182405,0.2399799599198396,0.2209981639125354,0.2288261515601783,0.2184826012549914,0.2255210381439245,0.2010454362685967,0.2383975481611208,-0.3132927030143304,-0.7177033492822966,-0.3291847041847042,-0.191568047337278,-0.569484240687679,-0.8116045845272206,-0.7650513950073421,-0.1461100569259962,-0.1723891273247496,-0.1786403085824494,0.1772584275882431,0.2051872410677491,-0.0231423216851376,-0.7256539776120787,-0.5889126969279979,-0.4209428452231956,Information Technology,45.0,4.0,59,6.03524216945387,414.9,607.1,7.747769535351635,7.267316054899327,7.745911481452057,7.234249327219307
ADSK,2010Q1,2010,Q1,1,0,0,0,456.1,411.7,44.4,355.2,238.4,83.6,56.1,58.7,50.1,116.8,166.9,2447.2,1473.5,2315.4,1431.7,0.256084192063144,0.522692392019294,0.9026529269896952,0.1229993422495066,0.1098443323832492,109.3,109.8,124.1,144.0,135.2,153.2,143.7,132.4,123.2,114.9,114.7,100.0,0.2621731830175102,0.2646420824295011,0.2914513856270549,0.2939975500204165,0.2226980728051391,0.2472962066182405,0.2399799599198396,0.2209981639125354,0.2288261515601783,0.2184826012549914,0.2255210381439245,0.2010454362685967,-0.0688035933033891,-1.4753320683111957,-0.0658044020875879,-0.1888888888888888,-2.2609351432880844,-1.4192825112107623,-1.4525828835774863,-0.0957230142566192,-0.0879877582249425,-0.335204941044357,-0.1289580744963336,-0.0206016311742531,0.0032207933731625,-1.450262166171961,-1.510453074016276,3.323834196891193,Information Technology,45.0,1.0,60,6.124902185337699,416.9,489.8,7.803108339641412,7.296074228255331,7.747769535351635,7.267316054899327
ADSK,2010Q2,2010,Q2,0,1,0,0,474.6,423.3,51.3,365.4,238.2,84.6,50.8,47.4,36.9,127.2,164.1,2501.7,1514.1,2447.2,1473.5,0.2680151706700379,0.5018963337547407,0.8919089759797724,0.1070375052675937,0.0777496839443742,116.8,109.3,109.8,124.1,144.0,135.2,153.2,143.7,132.4,123.2,114.9,114.7,0.256084192063144,0.2621731830175102,0.2646420824295011,0.2914513856270549,0.2939975500204165,0.2226980728051391,0.2472962066182405,0.2399799599198396,0.2209981639125354,0.2288261515601783,0.2184826012549914,0.2255210381439245,0.1146077970878347,-2.149532710280374,0.1333333333333333,0.024979854955681,0.8758314855875831,-3.618556701030928,-3.443298969072165,-0.0191204588910134,0.0298313878080414,0.028137310073157,-0.0804120896752443,-0.0760594080727686,0.0168001123753334,-3.349307718708321,-2.0313338138166523,0.7836956521739129,Information Technology,45.0,2.0,61,6.1645771648166265,456.1,425.8,7.825125428075856,7.32323672236579,7.803108339641412,7.296074228255331
ADSK,2010Q3,2010,Q3,0,0,1,0,472.8,424.4,48.4,342.7,223.4,108.0,79.8,79.9,59.9,119.3,179.2,2525.0,1525.8,2501.7,1514.1,0.252326565143824,0.4725042301184433,0.8976311336717427,0.1687817258883248,0.1266920473773265,127.2,116.8,109.3,109.8,124.1,144.0,135.2,153.2,143.7,132.4,123.2,114.9,0.2680151706700379,0.256084192063144,0.2621731830175102,0.2646420824295011,0.2914513856270549,0.2939975500204165,0.2226980728051391,0.2472962066182405,0.2399799599198396,0.2209981639125354,0.2288261515601783,0.2184826012549914,0.1395516992046277,4.704761904761905,0.1633771929824561,0.0865209471766847,0.875,28.555555555555557,4.962686567164179,-0.0339321357285429,-0.0110668437361663,0.0208519511468572,-0.0465365038417798,-0.1321735056390345,0.0209077778519901,24.93612521150592,4.006145757795503,0.4896093100581877,Information Technology,45.0,3.0,62,6.160785291724685,474.6,414.9,7.8343923029104365,7.330929320871075,7.825125428075856,7.32323672236579
ADSK,2010Q4,2010,Q4,0,0,0,1,476.7,428.2,48.5,359.0,236.2,69.2,69.2,71.7,53.6,122.8,176.4,2581.1,1556.1,2525.0,1525.8,0.2576043633312356,0.4954898258863016,0.8982588630165723,0.145164673799035,0.1124396895322005,119.3,127.2,116.8,109.3,109.8,124.1,144.0,135.2,153.2,143.7,132.4,123.2,0.252326565143824,0.2680151706700379,0.256084192063144,0.2621731830175102,0.2646420824295011,0.2914513856270549,0.2939975500204165,0.2226980728051391,0.2472962066182405,0.2399799599198396,0.2209981639125354,0.2288261515601783,0.1434396737826817,0.8169491525423729,0.1513847808550685,0.1235132662397071,0.1514143094841931,1.6311787072243344,1.240625,0.0777777777777777,0.020743301642178,0.0537129439389492,-0.0174267239451773,-0.1073046308902371,0.0069484269739419,1.301108460335274,0.5890205615584545,0.2708933717579249,Information Technology,45.0,4.0,63,6.168982920395917,472.8,416.9,7.856358300323539,7.350580395847379,7.8343923029104365,7.330929320871075
ADSK,2011Q1,2011,Q1,1,0,0,0,527.7,479.3,48.4,405.9,279.0,99.2,71.6,73.0,61.6,126.9,188.5,2787.6,1609.3,2581.1,1556.1,0.2404775440591245,0.5287094940306992,0.9082812203903732,0.135683153306803,0.1167329922304339,122.8,119.3,127.2,116.8,109.3,109.8,124.1,144.0,135.2,153.2,143.7,132.4,0.2576043633312356,0.252326565143824,0.2680151706700379,0.256084192063144,0.2621731830175102,0.2646420824295011,0.2914513856270549,0.2939975500204165,0.2226980728051391,0.2472962066182405,0.2399799599198396,0.2209981639125354,0.1569831177373384,0.2295409181636727,0.1641972309934418,0.086472602739726,0.1866028708133973,0.2762923351158644,0.2436115843270867,0.09009009009009,0.1703020134228188,0.1427364864864864,-0.0609434259814495,0.0115117459203102,0.006235279621203,0.1031209665460406,0.0627129292674837,0.1294188136608747,Information Technology,45.0,1.0,64,6.270421163241404,476.7,456.1,7.93329495676092,7.38417577602395,7.856358300323539,7.350580395847379
ADSK,2011Q2,2011,Q2,0,1,0,0,528.3,473.7,54.6,395.1,258.5,78.6,78.6,84.5,69.3,136.6,205.9,2902.2,1751.2,2787.6,1609.3,0.2585652091614613,0.4893053189475677,0.8966496308915389,0.1487791027825099,0.131175468483816,126.9,122.8,119.3,127.2,116.8,109.3,109.8,124.1,144.0,135.2,153.2,143.7,0.2404775440591245,0.2576043633312356,0.252326565143824,0.2680151706700379,0.256084192063144,0.2621731830175102,0.2646420824295011,0.2914513856270549,0.2939975500204165,0.2226980728051391,0.2472962066182405,0.2399799599198396,0.1131479140328697,0.8780487804878048,0.1190644932671862,0.0738993710691824,-0.0709219858156028,0.5472440944881889,0.7827004219409284,0.064327485380117,0.0852225020990764,0.08128078817734,-0.0352590544966231,-0.0250868834067351,0.0053151779379267,0.3899716964680948,0.6871511474910323,0.2547227300426569,Information Technology,45.0,2.0,65,6.271555378863942,527.7,474.6,7.97356885589886,7.468627420232264,7.93329495676092,7.38417577602395
ADSK,2011Q3,2011,Q3,0,0,1,0,546.3,488.9,57.4,395.2,256.0,123.4,95.0,94.2,71.2,139.2,210.4,2973.7,1789.1,2902.2,1751.2,0.2548050521691378,0.4686069924949662,0.8949295259015193,0.1738971261211788,0.1303313197876624,136.6,126.9,122.8,119.3,127.2,116.8,109.3,109.8,124.1,144.0,135.2,153.2,0.2585652091614613,0.2404775440591245,0.2576043633312356,0.252326565143824,0.2680151706700379,0.256084192063144,0.2621731830175102,0.2646420824295011,0.2914513856270549,0.2939975500204165,0.2226980728051391,0.2472962066182405,0.155456852791878,0.1886477462437397,0.1519792648444864,0.1668063704945515,0.1425925925925926,0.1904761904761904,0.1789737171464329,0.1859504132231404,0.1459265890778871,0.1531952144733002,0.0098225370123083,-0.0082480481127126,-0.0030097081851122,0.0303077848382629,0.0287253421637196,0.1741071428571428,Information Technology,45.0,3.0,66,6.304997098149872,528.3,472.8,7.997898472558867,7.490026763196146,7.97356885589886,7.468627420232264
ADSK,2011Q4,2011,Q4,0,0,0,1,548.6,489.0,59.6,398.8,257.6,90.2,90.2,91.3,72.8,141.2,214.0,3005.0,1827.5,2973.7,1789.1,0.2573824279985417,0.4695588771418155,0.891359825009114,0.1644185198687568,0.1327014218009478,139.2,136.6,126.9,122.8,119.3,127.2,116.8,109.3,109.8,124.1,144.0,135.2,0.2548050521691378,0.2585652091614613,0.2404775440591245,0.2576043633312356,0.252326565143824,0.2680151706700379,0.256084192063144,0.2621731830175102,0.2646420824295011,0.2914513856270549,0.2939975500204165,0.2226980728051391,0.1508286133836796,0.3582089552238805,0.1419897244278374,0.1498371335504884,0.3034682080924855,0.3034682080924855,0.2733612273361225,0.2288659793814433,0.0906011854360713,0.1108635097493035,-0.0008615356115242,-0.0523339681054043,-0.0076804563712176,0.1326345147606411,0.1802008912782058,0.2131519274376416,Information Technology,45.0,4.0,67,6.309190740908139,546.3,476.7,8.00836557031292,7.511251237589436,7.997898472558867,7.490026763196146
ADSK,2012Q1,2012,Q1,1,0,0,0,592.4,534.9,57.5,443.1,293.6,122.1,91.8,92.9,72.0,149.5,221.5,3227.8,1882.9,3005.0,1827.5,0.2523632680621201,0.4956110735989197,0.9029372045914922,0.1549628629304524,0.1215395003376097,141.2,139.2,136.6,126.9,122.8,119.3,127.2,116.8,109.3,109.8,124.1,144.0,0.2573824279985417,0.2548050521691378,0.2585652091614613,0.2404775440591245,0.2576043633312356,0.252326565143824,0.2680151706700379,0.256084192063144,0.2621731830175102,0.2646420824295011,0.2914513856270549,0.2939975500204165,0.1226075421641081,0.1688311688311687,0.1160025036511578,0.1780929866036249,0.2308467741935482,0.282122905027933,0.2726027397260275,0.1880165289256199,0.0523297491039427,0.0916481892091649,0.0494255047784146,-0.062602281225269,-0.0058836577030452,0.1420936140837951,0.0411752325999457,0.1750663129973475,Information Technology,45.0,1.0,68,6.385868707856721,548.6,527.7,8.07986583015929,7.541099375171329,8.00836557031292,7.511251237589436
ADSK,2012Q2,2012,Q2,0,1,0,0,588.6,529.8,58.8,435.8,283.1,94.0,94.0,97.5,78.9,152.7,231.6,3317.0,2045.3,3227.8,1882.9,0.2594291539245667,0.4809717974855589,0.9001019367991844,0.1597009853890587,0.1340468909276248,149.5,141.2,139.2,136.6,126.9,122.8,119.3,127.2,116.8,109.3,109.8,124.1,0.2523632680621201,0.2573824279985417,0.2548050521691378,0.2585652091614613,0.2404775440591245,0.2576043633312356,0.252326565143824,0.2680151706700379,0.256084192063144,0.2621731830175102,0.2646420824295011,0.2914513856270549,0.1141396933560479,0.1385281385281387,0.1184293856871436,0.1178623718887261,0.1959287531806617,0.1959287531806617,0.1538461538461537,0.0769230769230768,0.0951644100580271,0.1030118957226018,0.0033413032089941,-0.0170313322567862,0.0038502284378489,0.0734100582829484,0.0218899347339711,0.1248178727537641,Information Technology,45.0,2.0,69,6.379444340875127,592.4,528.3,8.10711747075039,7.623788563328783,8.07986583015929,7.541099375171329
ADSK,2012Q3,2012,Q3,0,0,1,0,568.7,508.9,59.8,416.0,271.1,92.9,92.9,92.1,64.6,144.9,209.5,3375.9,2051.3,3317.0,2045.3,0.2547916300334095,0.4767012484614032,0.8948478987163706,0.1633550202215579,0.1135924037278002,152.7,149.5,141.2,139.2,136.6,126.9,122.8,119.3,127.2,116.8,109.3,109.8,0.2594291539245667,0.2523632680621201,0.2573824279985417,0.2548050521691378,0.2585652091614613,0.2404775440591245,0.2576043633312356,0.252326565143824,0.2680151706700379,0.256084192063144,0.2621731830175102,0.2646420824295011,0.0410031118433096,-0.0926966292134833,0.0409081611781549,0.0409482758620691,-0.2471636952998379,-0.0221052631578946,-0.0222929936305733,0.0418118466898953,0.058984375,0.0526315789473683,-5.267609733028422e-05,0.0172730157596272,-9.121074094242676e-05,-0.0606226573996095,-0.128433565217735,-0.0042775665399238,Information Technology,45.0,3.0,70,6.34510990648635,588.6,546.3,8.124713407865393,7.626716394435062,8.10711747075039,7.623788563328783
ADSK,2012Q4,2012,Q4,0,0,0,1,548.0,490.0,58.0,420.5,266.9,106.1,34.3,34.2,29.3,153.6,182.9,3429.2,2017.8,3375.9,2051.3,0.2802919708029197,0.4870437956204379,0.8941605839416058,0.0625912408759124,0.0534671532846715,144.9,152.7,149.5,141.2,139.2,136.6,126.9,122.8,119.3,127.2,116.8,109.3,0.2547916300334095,0.2594291539245667,0.2523632680621201,0.2573824279985417,0.2548050521691378,0.2585652091614613,0.2404775440591245,0.2576043633312356,0.252326565143824,0.2680151706700379,0.256084192063144,0.2621731830175102,-0.001093693036821,-0.5975274725274725,0.0020449897750511,0.0878186968838528,0.1762749445676275,-0.6197339246119735,-0.6254107338444688,-0.0268456375838926,0.0361024844720494,0.0544132397191574,0.0890097392527036,0.0372369032506685,0.0031421193258998,-0.6193175748943953,-0.5970868091762251,-0.1453271028037382,Information Technology,45.0,4.0,71,6.3080984415095305,568.7,548.6,8.140373847497981,7.610258554466108,8.124713407865393,7.626716394435062
ADSK,2013Q1,2013,Q1,1,0,0,0,606.9,544.9,62.0,453.1,303.7,126.5,84.6,86.1,74.5,149.4,223.9,4308.4,2043.2,3429.2,2017.8,0.2461690558576371,0.5004119294776734,0.8978414895369913,0.1393969352446861,0.1227549843466798,153.6,144.9,152.7,149.5,141.2,139.2,136.6,126.9,122.8,119.3,127.2,116.8,0.2802919708029197,0.2547916300334095,0.2594291539245667,0.2523632680621201,0.2573824279985417,0.2548050521691378,0.2585652091614613,0.2404775440591245,0.2576043633312356,0.252326565143824,0.2680151706700379,0.256084192063144,0.0244767049291019,0.0347222222222223,0.0186950831931203,-0.0006688963210701,0.0360360360360361,-0.0784313725490196,-0.0731969860064586,0.0782608695652173,0.034400544959128,0.0225682690137667,-0.0245448248156235,0.0096867405401011,-0.0056434877515167,-0.1004494069830931,0.0100007323190713,0.0108352144469525,Information Technology,45.0,1.0,72,6.410010394754677,548.0,592.4,8.368553962270132,7.622761793894976,8.140373847497981,7.610258554466108
ADSK,2013Q2,2013,Q2,0,1,0,0,570.4,502.9,67.5,421.1,270.3,108.8,-81.4,72.6,55.6,150.8,206.4,4289.7,2084.5,4308.4,2043.2,0.2643758765778401,0.4738779803646564,0.8816619915848527,-0.1427068723702665,0.0974754558204768,149.4,153.6,144.9,152.7,149.5,141.2,139.2,136.6,126.9,122.8,119.3,127.2,0.2461690558576371,0.2802919708029197,0.2547916300334095,0.2594291539245667,0.2523632680621201,0.2573824279985417,0.2548050521691378,0.2585652091614613,0.2404775440591245,0.2576043633312356,0.252326565143824,0.2680151706700379,-0.0309208290859668,-0.2953105196451204,-0.0507738769346922,-0.0124426981008511,0.1574468085106382,-1.8659574468085107,-0.2553846153846154,0.1479591836734695,-0.0452137054044508,-0.0337310692978429,0.0190677207185117,-0.0147489253174257,-0.0204865076503503,-1.893587926352541,-0.2728256869970509,-0.1088082901554403,Information Technology,45.0,2.0,73,6.348089489796672,606.9,588.6,8.36420516877443,7.642763913637,8.368553962270132,7.622761793894976
ADSK,2013Q3,2013,Q3,0,0,1,0,561.7,493.9,67.8,408.6,259.7,115.7,83.6,81.8,61.7,148.9,210.6,4223.3,2051.1,4289.7,2084.5,0.265088125333808,0.462346448282001,0.8792949973295352,0.148833897098095,0.1098451130496706,150.8,149.4,153.6,144.9,152.7,149.5,141.2,139.2,136.6,126.9,122.8,119.3,0.2643758765778401,0.2461690558576371,0.2802919708029197,0.2547916300334095,0.2594291539245667,0.2523632680621201,0.2573824279985417,0.2548050521691378,0.2585652091614613,0.2404775440591245,0.2576043633312356,0.252326565143824,-0.0123087743977492,-0.0448916408668729,-0.029475338966398,0.0276052449965493,0.2454251883745963,-0.1001076426264802,-0.1118349619978283,0.1337792642140467,-0.0420509037255626,-0.0177884615384614,0.0404114346262016,-0.0301127807525859,-0.0173804971874499,-0.088893032511446,-0.0329889196385805,0.0052505966587113,Information Technology,45.0,3.0,74,6.332746626439233,570.4,568.7,8.348608845591375,7.626618938046718,8.36420516877443,7.642763913637
ADSK,2013Q4,2013,Q4,0,0,0,1,555.2,488.1,67.1,415.6,266.6,110.8,68.1,69.2,57.6,149.0,206.6,4321.5,2161.9,4223.3,2051.1,0.268371757925072,0.4801873198847262,0.8791426512968299,0.1226585014409221,0.1037463976945244,148.9,150.8,149.4,153.6,144.9,152.7,149.5,141.2,139.2,136.6,126.9,122.8,0.265088125333808,0.2643758765778401,0.2461690558576371,0.2802919708029197,0.2547916300334095,0.2594291539245667,0.2523632680621201,0.2573824279985417,0.2548050521691378,0.2585652091614613,0.2404775440591245,0.2576043633312356,0.0131386861313869,0.9658703071672354,-0.003877551020408,-0.0299479166666666,0.0442978322337417,0.9854227405247812,1.0233918128654969,0.1568965517241378,-0.0011240164855749,-0.0116527942925088,-0.0425278428194044,-0.0140777396147245,-0.0167955654884432,0.9596751833710016,0.9403763118293316,0.1295790049207217,Information Technology,45.0,4.0,75,6.3211279417998645,561.7,548.0,8.371589217557446,7.679205192799256,8.348608845591375,7.626618938046718
ADSK,2014Q1,2014,Q1,1,0,0,0,586.6,514.7,71.9,456.7,294.3,91.2,51.7,56.3,53.9,162.4,216.3,4595.0,2261.5,4321.5,2161.9,0.2768496420047732,0.5017047391749062,0.8774292533242415,0.0881350153426525,0.0918854415274463,149.0,148.9,150.8,149.4,153.6,144.9,152.7,149.5,141.2,139.2,136.6,126.9,0.268371757925072,0.265088125333808,0.2643758765778401,0.2461690558576371,0.2802919708029197,0.2547916300334095,0.2594291539245667,0.2523632680621201,0.2573824279985417,0.2548050521691378,0.2585652091614613,0.2404775440591245,-0.0334486735870818,-0.276510067114094,-0.0554230133969534,0.0870147255689424,-0.2790513833992094,-0.3888888888888888,-0.3461091753774681,0.1596774193548387,-0.0309515969706947,0.0079452659457073,0.1246321802724022,0.0025834909623001,-0.0227347883235783,-0.3677406523468576,-0.2514728259999039,-0.0339437248771773,Information Technology,45.0,1.0,76,6.376046444299722,555.2,606.9,8.432941638968646,7.724225675574081,8.371589217557446,7.679205192799256
ADSK,2014Q2,2014,Q2,0,1,0,0,592.5,513.8,78.7,469.3,298.8,80.6,42.2,35.6,28.3,170.5,198.8,4648.6,2288.7,4595.0,2261.5,0.2877637130801688,0.5043037974683544,0.8671729957805906,0.0712236286919831,0.0477637130801687,162.4,149.0,148.9,150.8,149.4,153.6,144.9,152.7,149.5,141.2,139.2,136.6,0.2768496420047732,0.268371757925072,0.265088125333808,0.2643758765778401,0.2461690558576371,0.2802919708029197,0.2547916300334095,0.2594291539245667,0.2523632680621201,0.2573824279985417,0.2548050521691378,0.2585652091614613,0.0387447405329592,-0.4910071942446042,0.0216742891230861,0.1306366047745357,-0.2591911764705883,-1.5184275184275184,-0.5096418732782368,0.165925925925926,0.1054384017758045,0.1144621230111613,0.0884643364783042,0.0642060158192725,-0.0164337307750072,-1.4990903907359605,-0.5099924111343836,-0.0368217054263565,Information Technology,45.0,2.0,77,6.386037214049723,586.6,570.4,8.444536473375964,7.736176083599651,8.432941638968646,7.724225675574081
ADSK,2014Q3,2014,Q3,0,0,1,0,637.1,549.2,87.9,498.5,309.1,87.9,49.9,42.9,31.3,179.3,210.6,4703.4,2283.4,4648.6,2288.7,0.2814314864228535,0.4851671637105635,0.8620310783236541,0.0783236540574478,0.0491288651703029,170.5,162.4,149.0,148.9,150.8,149.4,153.6,144.9,152.7,149.5,141.2,139.2,0.2877637130801688,0.2768496420047732,0.268371757925072,0.265088125333808,0.2643758765778401,0.2461690558576371,0.2802919708029197,0.2547916300334095,0.2594291539245667,0.2523632680621201,0.2573824279985417,0.2548050521691378,0.1342353569521095,-0.4927066450567261,0.1119659850172101,0.2041638683680322,-0.240276577355229,-0.40311004784689,-0.4755501222493887,0.2964601769911505,0.1902194840200233,0.220019579050416,0.06165255825196,0.0493584746100252,-0.0196338192055141,-0.4737512382288464,-0.5527441885549569,0.0,Information Technology,45.0,3.0,78,6.458495010874302,592.5,561.7,8.456253519976881,7.7338586867907075,8.444536473375964,7.736176083599651
ADSK,2014Q4,2014,Q4,0,0,0,1,618.0,532.0,86.0,517.4,324.0,51.2,14.6,11.6,10.7,183.9,194.6,4736.8,2268.5,4703.4,2283.4,0.2975728155339806,0.5242718446601942,0.86084142394822,0.0236245954692556,0.0173139158576051,179.3,170.5,162.4,149.0,148.9,150.8,149.4,153.6,144.9,152.7,149.5,141.2,0.2814314864228535,0.2877637130801688,0.2768496420047732,0.268371757925072,0.265088125333808,0.2643758765778401,0.2461690558576371,0.2802919708029197,0.2547916300334095,0.2594291539245667,0.2523632680621201,0.2573824279985417,0.1131123919308356,-0.8142361111111112,0.0899405859455029,0.2342281879194632,-0.5379061371841155,-0.7856093979441997,-0.8323699421965318,0.2816691505216095,0.215303825956489,0.2449470644850817,0.1088082361373559,0.0918069323156032,-0.0208171305551079,-0.8073953685090933,-0.8331130888169723,-0.058083252662149,Information Technology,45.0,4.0,79,6.428105272684596,637.1,555.2,8.463328171924026,7.72731482189652,8.456253519976881,7.7338586867907075
ADSK,2015Q1,2015,Q1,1,0,0,0,664.6,575.1,89.5,561.1,360.3,50.0,14.0,-7.1,11.5,191.5,203.0,4913.8,2219.2,4736.8,2268.5,0.2881432440565754,0.5421306048751129,0.8653325308456215,0.0210653024375564,0.0173036412879927,183.9,179.3,170.5,162.4,149.0,148.9,150.8,149.4,153.6,144.9,152.7,149.5,0.2975728155339806,0.2814314864228535,0.2877637130801688,0.2768496420047732,0.268371757925072,0.265088125333808,0.2643758765778401,0.2461690558576371,0.2802919708029197,0.2547916300334095,0.2594291539245667,0.2523632680621201,0.1329696556426867,-0.7866419294990723,0.1173499125704293,0.1791871921182266,-0.4517543859649123,-0.7292069632495164,-1.126110124333925,0.2447844228094575,0.2242609582059123,0.2285964528136632,0.0407932694802162,0.0805770058434971,-0.0137865502350077,-0.760988270602116,-0.8116824493592474,-0.0614886731391586,Information Technology,45.0,1.0,80,6.500688889506999,618.0,586.6,8.500006339993416,7.705352560898547,8.463328171924026,7.72731482189652
ADSK,2015Q2,2015,Q2,0,1,0,0,646.5,554.7,91.8,533.2,329.8,59.3,21.5,21.8,19.1,194.5,213.6,4775.9,2224.4,4913.8,2219.2,0.3008507347254447,0.5101314771848414,0.8580046403712298,0.0332559938128383,0.0295436968290796,191.5,183.9,179.3,170.5,162.4,149.0,148.9,150.8,149.4,153.6,144.9,152.7,0.2881432440565754,0.2975728155339806,0.2814314864228535,0.2877637130801688,0.2768496420047732,0.268371757925072,0.265088125333808,0.2643758765778401,0.2461690558576371,0.2802919708029197,0.2547916300334095,0.2594291539245667,0.0911392405063291,-0.3250883392226148,0.0796029583495525,0.1407624633431086,-0.2642679900744417,-0.490521327014218,-0.3876404494382023,0.1664548919949173,0.1037483266398928,0.1361602386533136,0.0454783596763987,0.011555891004078,-0.0105726947840526,-0.5330763901870443,-0.3814614709812828,0.0744466800804828,Information Technology,45.0,2.0,81,6.4731187935736925,664.6,592.5,8.47154707953049,7.7076919537236,8.500006339993416,7.705352560898547
ADSK,2015Q3,2015,Q3,0,0,1,0,609.5,516.5,93.0,512.2,310.9,40.5,4.3,0.9,-235.5,193.1,-42.400000000000006,5341.8,1902.1,4775.9,2224.4,0.3168170631665299,0.5100902378999179,0.8474159146841673,0.0070549630844954,-0.3863822805578343,194.5,191.5,183.9,179.3,170.5,162.4,149.0,148.9,150.8,149.4,153.6,144.9,0.3008507347254447,0.2881432440565754,0.2975728155339806,0.2814314864228535,0.2877637130801688,0.2768496420047732,0.268371757925072,0.265088125333808,0.2643758765778401,0.2461690558576371,0.2802919708029197,0.2547916300334095,-0.0433212996389892,-8.523961661341854,-0.0595411507647487,0.0769659788064696,-0.5392491467576792,-0.9138276553106212,-0.9790209790209792,0.0580204778156996,0.0058233581365252,0.027482447342026,0.1257342495448756,0.0513700762408206,-0.0169543349503223,-0.9099255114001588,-8.864669359213938,-1.201329534662868,Information Technology,45.0,3.0,82,6.414278293550759,646.5,637.1,8.58350513910295,7.551239414522982,8.47154707953049,7.7076919537236
ADSK,2015Q4,2015,Q4,0,0,0,1,599.8,508.8,91.0,523.6,317.6,24.2,-14.8,-22.5,-43.8,197.9,154.10000000000002,5220.0,1733.1,5341.8,1902.1,0.329943314438146,0.5295098366122042,0.8482827609203069,-0.0246748916305435,-0.073024341447149,193.1,194.5,191.5,183.9,179.3,170.5,162.4,149.0,148.9,150.8,149.4,153.6,0.3168170631665299,0.3008507347254447,0.2881432440565754,0.2975728155339806,0.2814314864228535,0.2877637130801688,0.2768496420047732,0.268371757925072,0.265088125333808,0.2643758765778401,0.2461690558576371,0.2802919708029197,-0.0294498381877023,-5.093457943925234,-0.0436090225563909,0.0761283306144644,-0.52734375,-2.0136986301369864,-2.939655172413793,0.058139534883721,-0.019753086419753,0.0119829918824894,0.1087817744577175,0.0099909846492043,-0.0145888228406961,-2.0444577416216365,-5.217667571433468,-0.2081192189105857,Information Technology,45.0,4.0,83,6.398262100449925,609.5,618.0,8.560444233410552,7.458243825804503,8.58350513910295,7.551239414522982
ADSK,2016Q1,2016,Q1,1,0,0,0,648.3,553.4,94.9,563.1,350.6,28.5,-9.7,-20.5,-32.7,204.5,171.8,5515.3,1624.1,5220.0,1733.1,0.315440382538948,0.5407990128027149,0.8536171525528305,-0.0149622088539256,-0.0504396112910689,197.9,193.1,194.5,191.5,183.9,179.3,170.5,162.4,149.0,148.9,150.8,149.4,0.329943314438146,0.3168170631665299,0.3008507347254447,0.2881432440565754,0.2975728155339806,0.2814314864228535,0.2877637130801688,0.2768496420047732,0.268371757925072,0.265088125333808,0.2643758765778401,0.2461690558576371,-0.0245260306951551,-3.8434782608695657,-0.0377325682490002,0.0678851174934724,-0.43,-1.6928571428571428,1.887323943661972,0.0603351955307263,-0.0269220094365806,0.0035644270183567,0.0947346121952212,-0.0024562200702628,-0.0135385853127957,-1.7102774288799278,-3.9149709273082114,-0.1536945812807881,Information Technology,45.0,1.0,84,6.475894859514441,599.8,664.6,8.61546262467139,7.3933246313319625,8.560444233410552,7.458243825804503
ADSK,2016Q2,2016,Q2,0,1,0,0,511.9,419.4,92.5,522.1,318.7,-109.4,-155.0,-158.6,-173.0,195.5,22.5,5205.6,1435.9,5515.3,1624.1,0.3819105294002735,0.6225825356514945,0.8193006446571596,-0.3027935143582731,-0.3379566321547177,204.5,197.9,193.1,194.5,191.5,183.9,179.3,170.5,162.4,149.0,148.9,150.8,0.315440382538948,0.329943314438146,0.3168170631665299,0.3008507347254447,0.2881432440565754,0.2975728155339806,0.2814314864228535,0.2877637130801688,0.2768496420047732,0.268371757925072,0.265088125333808,0.2643758765778401,-0.2081979891724671,-10.057591623036648,-0.2439156300703083,0.0051413881748072,-2.8448566610455317,-8.209302325581396,-8.275229357798164,0.0076252723311547,-0.0336567616737417,-0.0208177044261065,0.2694352558214747,0.2204354435982147,-0.0451093081470099,-10.104930559656909,-12.43921270617932,-0.8946629213483146,Information Technology,45.0,2.0,85,6.240080894395223,648.3,646.5,8.557682330546283,7.270243294235161,8.61546262467139,7.3933246313319625
ADSK,2016Q3,2016,Q3,0,0,1,0,548.2,455.3,92.9,505.2,312.2,-16.9,-49.9,-73.0,-98.2,193.0,94.8,5047.4,1331.7,5205.6,1435.9,0.3520612914994527,0.5695001824151769,0.8305363006202116,-0.091025173294418,-0.1791317037577526,195.5,204.5,197.9,193.1,194.5,191.5,183.9,179.3,170.5,162.4,149.0,148.9,0.3819105294002735,0.315440382538948,0.329943314438146,0.3168170631665299,0.3008507347254447,0.2881432440565754,0.2975728155339806,0.2814314864228535,0.2877637130801688,0.2768496420047732,0.268371757925072,0.265088125333808,-0.1005742411812961,-0.5830148619957537,-0.118489835430784,-0.0005178663904712,-1.4172839506172838,-12.604651162790695,-82.11111111111111,-0.0010752688172042,0.0041814088131231,-0.0136665365091762,0.1112447289949065,0.1164694795176917,-0.0199189250183563,-13.90228909835996,-0.536387373926326,-3.235849056603773,Information Technology,45.0,3.0,86,6.308462673893816,511.9,609.5,8.526826640384476,7.194962238585681,8.557682330546283,7.270243294235161
ADSK,2016Q4,2016,Q4,0,0,0,1,488.6,400.3,88.3,519.5,326.9,-85.5,-119.2,-129.3,-142.8,192.6,49.79999999999998,4829.2,1060.6,5047.4,1331.7,0.39058932928618745,0.6690544412607449,0.819279574293901,-0.2439623413835448,-0.2922636103151863,193.0,195.5,204.5,197.9,193.1,194.5,191.5,183.9,179.3,170.5,162.4,149.0,0.3520612914994527,0.3819105294002735,0.315440382538948,0.329943314438146,0.3168170631665299,0.3008507347254447,0.2881432440565754,0.2975728155339806,0.2814314864228535,0.2877637130801688,0.2768496420047732,0.268371757925072,-0.1853951317105701,2.2602739726027403,-0.2132468553459119,-0.0267812026275897,-4.533057851239669,7.054054054054054,4.746666666666667,-0.0296703296703296,0.0292821158690175,-0.0078304048892284,0.1947127193286362,0.2635354340938121,-0.0341904703980311,8.887068402827714,3.002276563174629,-0.6768332251784557,Information Technology,45.0,4.0,87,6.193588731198116,548.2,599.8,8.48264315365683,6.967532483017997,8.526826640384476,7.194962238585681
ADSK,2017Q1,2017,Q1,1,0,0,0,478.0,385.8,92.2,542.7,355.7,-120.2,-156.9,-168.2,-170.5,187.0,16.5,4797.8,736.5,4829.2,1060.6,0.39058932928618745,0.744142259414226,0.8071129707112971,-0.3282426778242678,-0.356694560669456,192.6,193.0,195.5,204.5,197.9,193.1,194.5,191.5,183.9,179.3,170.5,162.4,0.39058932928618745,0.3520612914994527,0.3819105294002735,0.315440382538948,0.329943314438146,0.3168170631665299,0.3008507347254447,0.2881432440565754,0.2975728155339806,0.2814314864228535,0.2877637130801688,0.2768496420047732,-0.262687027610674,4.2140672782874615,-0.3028550777014817,-0.0855745721271393,-5.217543859649123,15.175257731958766,7.204878048780488,-0.0284510010537407,0.0145464917284654,-0.0362280234416622,0.2402133993514132,0.3760052104342344,-0.0544789683553779,20.9381162921106,6.071715097309123,-0.9039580908032596,Information Technology,45.0,1.0,88,6.171700597410915,488.6,648.3,8.476121165640773,6.603266088213975,8.48264315365683,6.967532483017997
ADSK,2017Q2,2017,Q2,0,1,0,0,483.7,399.8,83.9,519.0,331.3,-88.1,-119.2,-121.4,-129.6,187.7,58.1,4431.4,508.1,4797.8,736.5,0.3880504444903866,0.6849286747984288,0.8265453793673765,-0.2464337399214389,-0.267934670250155,187.0,192.6,193.0,195.5,204.5,197.9,193.1,194.5,191.5,183.9,179.3,170.5,0.39058932928618745,0.39058932928618745,0.3520612914994527,0.3819105294002735,0.315440382538948,0.329943314438146,0.3168170631665299,0.3008507347254447,0.2881432440565754,0.2975728155339806,0.2814314864228535,0.2877637130801688,-0.0550888845477631,-0.2508670520231214,-0.0467334287076776,-0.0398976982097187,-0.1946983546617916,-0.2309677419354838,-0.2345523329129886,-0.0929729729729729,0.0395356134295576,-0.005937559854434,0.0160768416093548,0.1001411629410595,0.0088425839250358,-0.1861327002207446,-0.2071921520170268,1.5822222222222218,Information Technology,45.0,2.0,89,6.18353014285133,478.0,511.9,8.39669647706217,6.232644460908291,8.476121165640773,6.603266088213975
ADSK,2017Q3,2017,Q3,0,0,1,0,499.0,419.5,79.5,528.9,335.1,-94.4,-109.4,-126.4,-144.0,193.8,49.80000000000001,4354.0,315.5,4431.4,508.1,0.388376753507014,0.6715430861723447,0.8406813627254509,-0.2192384769539078,-0.2885771543086172,187.7,187.0,192.6,193.0,195.5,204.5,197.9,193.1,194.5,191.5,183.9,179.3,0.3880504444903866,0.39058932928618745,0.39058932928618745,0.3520612914994527,0.3819105294002735,0.315440382538948,0.329943314438146,0.3168170631665299,0.3008507347254447,0.2881432440565754,0.2975728155339806,0.2814314864228535,-0.089748267055819,0.4663951120162932,-0.0786294750713815,0.0041450777202072,4.585798816568048,1.1923847695390783,0.7315068493150685,-0.1442411194833154,0.0733504163997438,0.0469121140142516,0.1031509651427209,0.1791797560527848,0.0122150736790955,1.4085477568363185,0.6109775559265171,-0.4746835443037973,Information Technology,45.0,3.0,90,6.214608098422191,483.7,548.2,8.379079889286603,5.757323241584231,8.39669647706217,6.232644460908291
ADSK,2017Q4,2017,Q4,0,0,0,1,512.9,430.7,82.2,536.0,344.2,-77.3,-105.3,-111.2,-119.8,191.8,72.00000000000001,4152.0,107.3,4354.0,315.5,0.3739520374341977,0.6710859816728407,0.8397348410996296,-0.2053031780074088,-0.2335737960616104,193.8,187.7,187.0,192.6,193.0,195.5,204.5,197.9,193.1,194.5,191.5,183.9,0.388376753507014,0.3880504444903866,0.39058932928618745,0.39058932928618745,0.3520612914994527,0.3819105294002735,0.315440382538948,0.329943314438146,0.3168170631665299,0.3008507347254447,0.2881432440565754,0.2975728155339806,0.0497339336880884,-0.1610644257703082,0.0759430427179614,-0.004153686396677,-0.095906432748538,-0.1166107382550336,-0.139984532095901,-0.0690826727066816,0.0529213826858367,0.0317613089509143,-0.0513345509327672,0.0030364351341389,0.0249673828660479,-0.158463651221309,-0.2008112272009603,0.4457831325301213,Information Technology,45.0,4.0,91,6.242028693998184,499.0,488.6,8.331586243630754,4.684905154006945,8.379079889286603,5.757323241584231
ADSK,2018Q1,2018,Q1,1,0,0,0,553.0,475.0,78.0,566.0,383.8,-163.0,-91.0,-198.3,-173.5,182.2,8.699999999999989,4113.6,-256.0,4152.0,107.3,0.3294755877034357,0.6940325497287523,0.8589511754068716,-0.1645569620253164,-0.3137432188065099,191.8,193.8,187.7,187.0,192.6,193.0,195.5,204.5,197.9,193.1,194.5,191.5,0.3739520374341977,0.388376753507014,0.3880504444903866,0.39058932928618745,0.3906176956423307,0.3520612914994527,0.3819105294002735,0.315440382538948,0.329943314438146,0.3168170631665299,0.3008507347254447,0.2881432440565754,0.1569037656903766,0.0175953079178885,0.2312078797304302,-0.025668449197861,0.3560732113144758,-0.420012746972594,0.1789536266349585,-0.1540130151843818,0.0789991565926342,0.0429334807444259,-0.1578110645869396,-0.0673388845365656,0.0642267025518004,-0.4986728626634719,-0.1204149056333619,-0.4727272727272734,Information Technology,45.0,1.0,92,6.317164686747284,512.9,478.0,8.322296903040131,0.0,8.331586243630754,4.684905154006945
ADSK,2018Q2,2018,Q2,0,1,0,0,562.4,491.8,70.6,525.4,352.6,-26.7,-33.6,-63.8,-82.4,172.8,90.4,3911.4,-128.6,4113.6,-256.0,0.3072546230440968,0.6269559032716928,0.874466571834993,-0.0597439544807965,-0.1465149359886202,182.2,191.8,193.8,187.7,187.0,192.6,193.0,195.5,204.5,197.9,193.1,194.5,0.3294755877034357,0.3739520374341977,0.388376753507014,0.3880504444903866,0.3906176956423307,0.3906460619984739,0.3520612914994527,0.3819105294002735,0.315440382538948,0.329943314438146,0.3168170631665299,0.3008507347254447,0.1627041554682653,-0.3641975308641975,0.2301150575287642,-0.0793819925412891,-0.6969353007945516,-0.7181208053691275,-0.4744645799011533,-0.1585220500595948,0.0642921823121038,0.0123314065510595,-0.2082095835565817,-0.0846405964004896,0.0579776908368836,-0.7575658491412642,-0.4531691779498795,0.555938037865749,Information Technology,45.0,2.0,93,6.333989855442272,553.0,483.7,8.271906275416338,0.0,8.322296903040131,0.0
ADSK,2018Q3,2018,Q3,0,0,1,0,615.2,541.6,73.6,547.4,366.6,7.5,-5.8,-23.4,-39.4,180.8,141.4,3833.0,-241.6,3911.4,-128.6,0.293888166449935,0.5959037711313394,0.8803641092327698,-0.0094278283485045,-0.0640442132639791,172.8,182.2,191.8,193.8,187.7,187.0,192.6,193.0,195.5,204.5,197.9,193.1,0.3072546230440968,0.3294755877034357,0.3739520374341977,0.388376753507014,0.3880504444903866,0.3906460619984739,0.3906744283546172,0.3520612914994527,0.3819105294002735,0.315440382538948,0.329943314438146,0.3168170631665299,0.2328657314629258,-0.726388888888889,0.2910607866507748,-0.067079463364293,-1.0794491525423728,-0.946983546617916,-0.814873417721519,-0.0742138364779875,0.0940017905102954,0.0349782567593117,-0.2432910471696721,-0.1126350886465581,0.0472030762983364,-0.956997382578576,-0.7780690109810722,1.8393574297188748,Information Technology,45.0,3.0,94,6.423571586162567,562.4,499.0,8.251663923605589,0.0,8.271906275416338,0.0
ADSK,2018Q4,2018,Q4,0,0,0,1,663.4,586.9,76.5,563.8,382.8,50.6,23.1,11.5,-23.7,181.0,157.3,3774.4,-338.3,3833.0,-241.6,0.2728369008139885,0.5770274344287006,0.8846849562858005,0.0348206210431112,-0.0357250527585167,180.8,172.8,182.2,191.8,193.8,187.7,187.0,192.6,193.0,195.5,204.5,197.9,0.293888166449935,0.3072546230440968,0.3294755877034357,0.3739520374341977,0.388376753507014,0.3880504444903866,0.3906744283546172,0.3907027947107604,0.3520612914994527,0.3819105294002735,0.315440382538948,0.329943314438146,0.2934295184246442,-0.8021702838063439,0.3626654283724169,-0.0563086548488008,-1.6545924967658474,-1.2193732193732194,-1.1034172661870505,-0.0693430656934307,0.1121441022661244,0.0518656716417909,-0.2703960040276606,-0.1401587126133627,0.0535289391200071,-1.1696058550143569,-0.8470502540914588,1.1847222222222218,Information Technology,45.0,4.0,95,6.49888437773914,615.2,512.9,8.236261616334634,0.0,8.251663923605589,0.0
ADSK,2019Q1,2019,Q1,1,0,0,0,737.3,654.1,83.2,608.8,418.4,72.7,45.3,33.0,64.7,190.4,255.1,4729.2,-210.9,3774.4,-338.3,0.2582395225823952,0.5674759256747592,0.8871558388715585,0.0614403906144039,0.0877526108775261,181.0,180.8,172.8,182.2,191.8,193.8,187.7,187.0,192.6,193.0,195.5,204.5,0.2728369008139885,0.293888166449935,0.3072546230440968,0.3294755877034357,0.3739520374341977,0.388376753507014,0.3880504444903866,0.3907027947107604,0.39073116106690364,0.3520612914994527,0.3819105294002735,0.315440382538948,0.333273056057866,-1.3729106628242076,0.3770526315789473,0.0450054884742041,-1.4460122699386504,-1.4978021978021978,-1.1664145234493193,0.0666666666666666,0.0901511203751952,0.0756183745583038,-0.2162104501203919,-0.1823496954191197,0.0328361660967828,-1.373368527579839,-1.279695641586582,28.32183908045981,Information Technology,45.0,1.0,96,6.60435024606512,663.4,553.0,8.461722763890162,0.0,8.236261616334634,0.0
ADSK,2019Q2,2019,Q2,0,1,0,0,732.0,639.6,92.4,615.3,410.0,62.2,24.3,8.6,-24.2,205.3,181.1,4808.5,-245.3,4729.2,-210.9,0.2804644808743169,0.5601092896174863,0.8737704918032787,0.0331967213114754,-0.0330601092896174,190.4,181.0,180.8,172.8,182.2,191.8,193.8,187.7,187.0,192.6,193.0,195.5,0.2582395225823952,0.2728369008139885,0.293888166449935,0.3072546230440968,0.3294755877034357,0.3739520374341977,0.388376753507014,0.3880504444903866,0.39073116106690364,0.3907595274230469,0.3520612914994527,0.3819105294002735,0.3015647226173543,-0.7063106796116505,0.3005286701911347,0.1880787037037037,-3.3295880149812738,-1.7232142857142856,-1.134796238244514,0.3087818696883855,0.1627906976744184,0.1711077274457555,-0.0871919904877556,-0.1066209175244632,-0.000796005306702,-1.555649882903981,-0.7743567297999894,1.0033185840707968,Information Technology,45.0,2.0,97,6.597145701886651,737.3,562.4,8.47834840759267,0.0,8.461722763890162,0.0
ADSK,2019Q3,2019,Q3,0,0,1,0,791.8,702.8,89.0,632.2,417.0,109.1,70.6,66.5,40.2,215.2,255.4,4872.7,-194.3,4808.5,-245.3,0.2717858044960848,0.5266481434705734,0.8875978782520838,0.0891639302854256,0.050770396564789,205.3,190.4,181.0,180.8,172.8,182.2,191.8,193.8,187.7,187.0,192.6,193.0,0.2804644808743169,0.2582395225823952,0.2728369008139885,0.293888166449935,0.3072546230440968,0.3294755877034357,0.3739520374341977,0.388376753507014,0.3880504444903866,0.3907595274230469,0.39078789377919015,0.3520612914994527,0.2870611183355005,-2.020304568527919,0.2976366322008861,0.1902654867256636,13.546666666666663,-13.172413793103448,-3.841880341880342,0.2092391304347827,0.1374795417348608,0.1549141395688711,-0.075206709480136,-0.1162194820973901,0.0082167922833862,-10.457525846826524,-1.792739796108077,0.8062234794908061,Information Technology,45.0,3.0,98,6.675570983015779,732.0,615.2,8.491608681203402,0.0,8.47834840759267,0.0
ADSK,2019Q4,2019,Q4,0,0,0,1,837.8,749.0,88.8,641.2,428.3,144.9,107.8,96.4,66.7,212.9,279.6,5036.6,-171.5,4872.7,-194.3,0.2541179279064216,0.5112198615421342,0.8940081164955838,0.1286703270470279,0.0796132728574838,215.2,205.3,190.4,181.0,180.8,172.8,182.2,191.8,193.8,187.7,187.0,192.6,0.2717858044960848,0.2804644808743169,0.2582395225823952,0.2728369008139885,0.293888166449935,0.3072546230440968,0.3294755877034357,0.3739520374341977,0.388376753507014,0.3880504444903866,0.39078789377919015,0.39081626013533344,0.2628881519445281,-3.8143459915611815,0.2761969671153519,0.176243093922652,1.863636363636364,3.666666666666666,7.382608695652175,0.16078431372549,0.1188610240334377,0.1372827243703442,-0.0686086553971264,-0.1140458303368552,0.0105383957798095,2.6952335481817458,-3.228499798044507,0.7774952320406867,Information Technology,45.0,4.0,99,6.731972299027765,791.8,663.4,8.524685057174533,0.0,8.491608681203402,0.0
ADSK,2020Q1,2020,Q1,1,0,0,0,895.1,802.6,92.5,665.3,449.3,165.9,137.3,123.3,131.8,216.0,347.8,6179.3,-139.1,5036.6,-171.5,0.2413138196849514,0.501955088816892,0.8966595911071389,0.1533906826052955,0.1472461177522064,212.9,215.2,205.3,190.4,181.0,180.8,172.8,182.2,191.8,193.8,187.7,187.0,0.2541179279064216,0.2717858044960848,0.2804644808743169,0.2582395225823952,0.2728369008139885,0.293888166449935,0.3072546230440968,0.3294755877034357,0.3739520374341977,0.388376753507014,0.3880504444903866,0.39081626013533344,0.2140241421402415,1.0370942812983,0.2270295061917138,0.134453781512605,1.281980742778542,2.0309050772626938,2.7363636363636363,0.111778846153846,0.0738527724665392,0.0928055190538765,-0.0655426509783895,-0.1154601171493917,0.0107126074350916,1.4965772689819952,0.6779685103354223,0.3633869070952567,Information Technology,45.0,1.0,100,6.798052013890174,837.8,737.3,8.72912209296285,0.0,8.524685057174533,0.0
ADSK,2020Q2,2020,Q2,0,1,0,0,883.0,791.8,91.2,660.5,443.2,141.8,131.3,90.5,66.5,217.3,283.8,5543.9,-139.1,6179.3,-139.1,0.2460928652321631,0.501925254813137,0.8967157417893544,0.1486976217440543,0.0753114382785957,216.0,212.9,215.2,205.3,190.4,181.0,180.8,172.8,182.2,191.8,193.8,187.7,0.2413138196849514,0.2541179279064216,0.2717858044960848,0.2804644808743169,0.2582395225823952,0.2728369008139885,0.293888166449935,0.3072546230440968,0.3294755877034357,0.3739520374341977,0.388376753507014,0.3880504444903866,0.2062841530054644,-3.7479338842975207,0.2379612257661036,0.0584510472479298,1.279742765273312,4.40329218106996,9.523255813953488,-0.0129870129870129,0.0809756097560976,0.0734601007638551,-0.1225524727231205,-0.103879788967765,0.0262600421979477,3.479286383401144,-3.278015405782316,0.5670900055218111,Information Technology,45.0,2.0,101,6.784457062637643,895.1,732.0,8.620633865356744,0.0,8.72912209296285,0.0
ADSK,2020Q3,2020,Q3,0,0,1,0,911.5,821.3,90.2,672.5,440.0,162.6,148.8,129.0,98.2,232.5,330.7,5747.3,67.3,5543.9,-139.1,0.2550740537575425,0.4827207899067471,0.9010422380691168,0.1632473944048272,0.1077345035655513,217.3,216.0,212.9,215.2,205.3,190.4,181.0,180.8,172.8,182.2,191.8,193.8,0.2460928652321631,0.2413138196849514,0.2541179279064216,0.2717858044960848,0.2804644808743169,0.2582395225823952,0.2728369008139885,0.293888166449935,0.3072546230440968,0.3294755877034357,0.3739520374341977,0.388376753507014,0.1511745390250063,1.4427860696517412,0.1686112692088788,0.0803903345724907,0.4903758020164985,1.107648725212465,0.9398496240601504,0.0134831460674158,0.0551558752997602,0.0637456501107243,-0.0614886813883729,-0.0834093010835436,0.0151469039600551,0.8308680862569715,1.1219945254528234,0.2948316366483947,Information Technology,45.0,3.0,102,6.816188085456647,883.0,791.8,8.656659437903762,4.223909766576744,8.620633865356744,0.0
ADSK,2020Q4,2020,Q4,0,0,0,1,952.6,859.1,93.5,688.8,456.1,202.1,170.3,156.1,132.2,232.7,364.9,5944.5,69.3,5747.3,67.3,0.2442788158723493,0.478794877178249,0.9018475750577368,0.1787738820071383,0.1387780810413604,232.5,217.3,216.0,212.9,215.2,205.3,190.4,181.0,180.8,172.8,182.2,191.8,0.2550740537575425,0.2460928652321631,0.2413138196849514,0.2541179279064216,0.2717858044960848,0.2804644808743169,0.2582395225823952,0.2728369008139885,0.293888166449935,0.3072546230440968,0.3294755877034357,0.3739520374341977,0.1370255430890428,0.9820089955022486,0.146995994659546,0.0930014091122592,0.3947550034506555,0.5797773654916514,0.6192946058091284,0.052927927927928,0.0649077749241187,0.0742358078602618,-0.0387186851204591,-0.0634266913379942,0.0087688896974256,0.3893947898476857,0.7431525681626956,0.3050786838340484,Information Technology,45.0,4.0,103,6.860244296311086,911.5,837.8,8.690389909877634,4.252771798816619,8.656659437903762,4.223909766576744
ADSK,2021Q1,2021,Q1,1,0,0,0,1043.599999,944.0,99.6,754.5,504.6,214.3,189.5,171.1,911.3,249.9,1161.2,7279.8,965.5,5944.5,69.3,0.2394595632804327,0.4835185899612098,0.9045611354010744,0.1815829821594317,0.8732272909862276,232.7,232.5,217.3,216.0,212.9,215.2,205.3,190.4,181.0,180.8,172.8,182.2,0.2442788158723493,0.2550740537575425,0.2460928652321631,0.2413138196849514,0.2541179279064216,0.2717858044960848,0.2804644808743169,0.2582395225823952,0.2728369008139885,0.293888166449935,0.3072546230440968,0.3294755877034357,0.1659032499162105,5.914264036418816,0.1761774233740343,0.1569444444444445,0.2917420132610007,0.380189366351056,0.3876723438767233,0.0767567567567566,0.123080347206766,0.1340748534495717,-0.0076840042022439,-0.0367293793138684,0.0088122007195385,0.1837940810699734,4.930392626417088,2.33870040253019,Information Technology,45.0,1.0,104,6.951389315044894,952.6,895.1,8.892996025263146,6.8736812986483855,8.690389909877634,4.252771798816619
ADSK,2021Q2,2021,Q2,0,1,0,0,994.8,893.7,101.1,741.4,475.9,175.0,152.3,131.4,155.6,265.5,421.1,7298.3,1128.4,7279.8,965.5,0.2668878166465621,0.4783876156011258,0.8983715319662244,0.1530960997185364,0.1564133494169682,249.9,232.7,232.5,217.3,216.0,212.9,215.2,205.3,190.4,181.0,180.8,172.8,0.2394595632804327,0.2442788158723493,0.2550740537575425,0.2460928652321631,0.2413138196849514,0.2541179279064216,0.2717858044960848,0.2804644808743169,0.2582395225823952,0.2728369008139885,0.293888166449935,0.3072546230440968,0.1266138165345411,1.3398496240601503,0.1286941146754232,0.2218131615278415,0.2341325811001409,0.15993907083016,0.4519337016574587,0.1085526315789473,0.0737815884476533,0.1224829674489023,0.0845004238330158,-0.0468947098921611,0.0018465050848399,0.0295800156242775,1.0768870306042548,0.4837914023960536,Information Technology,45.0,2.0,105,6.903546434208082,1043.599999,883.0,8.895533732127744,7.029441797238737,8.892996025263146,6.8736812986483855
ADSK,2021Q3,2021,Q3,0,0,1,0,1064.8,948.5,116.3,790.0,513.299999,189.3,158.5,138.8,115.6,276.7,392.3,7420.6,1327.8,7298.3,1128.4,0.2598610067618332,0.4820623581893313,0.8907776108189331,0.1488542449286251,0.1085649887302779,265.5,249.9,232.7,232.5,217.3,216.0,212.9,215.2,205.3,190.4,181.0,180.8,0.2668878166465621,0.2394595632804327,0.2442788158723493,0.2550740537575425,0.2460928652321631,0.2413138196849514,0.2541179279064216,0.2717858044960848,0.2804644808743169,0.2582395225823952,0.2728369008139885,0.293888166449935,0.168184311574328,0.1771894093686352,0.1548764154389383,0.1901075268817202,0.1642066420664207,0.0651881720430107,0.0759689922480622,0.2893569844789356,0.1665909068181816,0.174721189591078,0.0187669146813376,-0.0013640011600557,-0.0113919490302476,-0.0881677133572462,0.0077086275727942,0.1862715452071361,Information Technology,45.0,3.0,106,6.971480969862681,994.8,911.5,8.912149946339062,7.192031558299085,8.895533732127744,7.029441797238737
ADSK,2021Q4,2021,Q4,0,0,0,1,1128.8,1010.5,118.3,809.0,527.2,250.6,201.5,187.4,136.7,281.8,418.5,8531.0,1279.9,7420.6,1327.8,0.2496456413890857,0.4670446491849752,0.895198440822112,0.178508150248051,0.1211020552799432,276.7,265.5,249.9,232.7,232.5,217.3,216.0,212.9,215.2,205.3,190.4,181.0,0.2598610067618332,0.2668878166465621,0.2394595632804327,0.2442788158723493,0.2550740537575425,0.2460928652321631,0.2413138196849514,0.2541179279064216,0.2717858044960848,0.2804644808743169,0.2582395225823952,0.2728369008139885,0.1849674574847783,0.0340393343419063,0.1762309393551391,0.2110012892135797,0.2399802078179118,0.1832061068702288,0.2005124919923127,0.2652406417112298,0.1558868669151503,0.1745063879210222,0.0219700815953722,-0.0245412567121083,-0.0073727916108208,-0.0014864126465449,-0.1273690025743268,0.1468895587832284,Information Technology,45.0,4.0,107,7.029795904891162,1064.8,952.6,9.05157907959124,7.1553182348370905,8.912149946339062,7.192031558299085
ADSK,2022Q1,2022,Q1,1,0,0,0,1209.9,1087.0,122.9,936.5,646.9,167.2,150.5,107.1,89.1,289.6,378.7000000000001,8606.8,849.1,8531.0,1279.9,0.2393586246797256,0.5346722869658649,0.8984213571369534,0.1243904454913629,0.0736424497892387,281.8,276.7,265.5,249.9,232.7,232.5,217.3,216.0,212.9,215.2,205.3,190.4,0.2496456413890857,0.2598610067618332,0.2668878166465621,0.2394595632804327,0.2442788158723493,0.2550740537575425,0.2460928652321631,0.2413138196849514,0.2541179279064216,0.2717858044960848,0.2804644808743169,0.2582395225823952,0.1593522433493219,-0.9022275869636782,0.1514830508474576,0.1588635454181672,-0.2197853476434905,-0.2058047493403694,-0.3740502630040911,0.2339357429718875,0.2820055489496629,0.2412193505632869,-0.0004215267050698,0.1057946851821329,-0.0067875768965008,-0.3149663916074096,-0.9156663442045352,-0.6738718566999655,Information Technology,45.0,1.0,108,7.099119163760321,1128.8,1043.599999,9.060424047930903,6.745353989623313,9.05157907959124,7.1553182348370905
ADSK,2022Q2,2022,Q2,0,1,0,0,1164.0,1037.0,127.0,822.0,533.0,286.0,215.0,195.0,146.0,289.0,435.0,8261.0,681.0,8606.8,849.1,0.2482817869415807,0.4579037800687285,0.8908934707903781,0.1847079037800687,0.1254295532646048,289.6,281.8,276.7,265.5,249.9,232.7,232.5,217.3,216.0,212.9,215.2,205.3,0.2393586246797256,0.2496456413890857,0.2598610067618332,0.2668878166465621,0.2394595632804327,0.2442788158723493,0.2550740537575425,0.2460928652321631,0.2413138196849514,0.2541179279064216,0.2717858044960848,0.2804644808743169,0.1700844390832327,-0.0616966580976863,0.1603446346648762,0.0885122410546139,0.6342857142857143,0.4116874589625738,0.4840182648401825,0.2561819980217608,0.119983189745745,0.1087132452117616,-0.0697147960471392,-0.0428184904131726,-0.0083240184152757,0.2064834056494573,-0.198089205735033,0.0330087865115173,Information Technology,45.0,2.0,109,7.060476365999801,1209.9,994.8,9.01942196795671,6.525029657843462,9.060424047930903,6.745353989623313
ADSK,2022Q3,2022,Q3,0,0,1,0,1226.0,1099.0,127.0,857.0,553.0,296.0,242.0,232.0,186.0,304.0,490.0,8227.0,740.0,8261.0,681.0,0.2479608482871125,0.4510603588907014,0.8964110929853181,0.197389885807504,0.1517128874388254,289.0,289.6,281.8,276.7,265.5,249.9,232.7,232.5,217.3,216.0,212.9,215.2,0.2482817869415807,0.2393586246797256,0.2496456413890857,0.2598610067618332,0.2668878166465621,0.2394595632804327,0.2442788158723493,0.2550740537575425,0.2460928652321631,0.2413138196849514,0.2541179279064216,0.2717858044960848,0.1513899323816678,0.6089965397923875,0.1586715867158672,0.0986628117094325,0.5636555731642894,0.526813880126183,0.6714697406340056,0.0920034393809114,0.0773426866887643,0.0848101265822784,-0.0457943214451844,-0.0643111804354027,0.006324229637076,0.3260615167686458,0.3974384303188696,0.2490440989039002,Information Technology,45.0,3.0,110,7.112327444710911,1164.0,1064.8,9.015298250772847,6.608000625296087,9.01942196795671,6.525029657843462
ADSK,2022Q4,2022,Q4,0,0,0,1,1261.0,1132.0,129.0,871.0,562.0,303.0,261.0,242.0,198.0,309.0,507.0,8635.0,906.0,8227.0,740.0,0.2450436161776367,0.4456780333068993,0.8977002379064235,0.2069785884218873,0.1570182394924663,304.0,289.0,289.6,281.8,276.7,265.5,249.9,232.7,232.5,217.3,216.0,212.9,0.2479608482871125,0.2482817869415807,0.2393586246797256,0.2496456413890857,0.2598610067618332,0.2668878166465621,0.2394595632804327,0.2442788158723493,0.2550740537575425,0.2460928652321631,0.2413138196849514,0.2541179279064216,0.1171155209071581,0.4484272128749087,0.1202375061850569,0.0965223562810504,0.209098164405427,0.2952853598014888,0.2913553895410885,0.0904480135249365,0.0660091047040969,0.0766378244746601,-0.0184342301585649,-0.0457485508406148,0.0027946843629598,0.1594909707723397,0.2965778254505924,0.2114695340501793,Information Technology,45.0,4.0,111,7.140453043101158,1226.0,1128.8,9.063694791634697,6.810142450115136,9.015298250772847,6.608000625296087
ADSK,2023Q1,2023,Q1,1,0,0,0,1294.0,1160.0,134.0,889.0,577.0,316.0,271.0,277.0,293.0,312.0,605.0,9438.0,1145.0,8635.0,906.0,0.241112828438949,0.445904173106646,0.8964451313755796,0.2094281298299845,0.2264296754250386,309.0,304.0,289.0,289.6,281.8,276.7,265.5,249.9,232.7,232.5,217.3,216.0,0.2450436161776367,0.2479608482871125,0.2482817869415807,0.2393586246797256,0.2496456413890857,0.2598610067618332,0.2668878166465621,0.2394595632804327,0.2442788158723493,0.2550740537575425,0.2460928652321631,0.2413138196849514,0.0695098768493263,2.288439955106622,0.0671573137074517,0.0773480662983425,0.889952153110048,0.8006644518272426,1.5863678804855277,0.0903173311635474,-0.1080537950224145,-0.0507207688200747,0.0073287677081643,-0.1660234054077429,-0.0021996647182025,0.6836351779488261,2.0747167710073438,0.5975706363876419,Information Technology,45.0,1.0,112,7.166265974133638,1261.0,1209.9,9.152605321324945,7.044032897274685,9.063694791634697,6.810142450115136
ADSK,2023Q2,2023,Q2,0,1,0,0,1249.0,1112.0,137.0,914.0,587.0,254.0,198.0,221.0,161.0,327.0,488.0,9069.0,897.0,9438.0,1145.0,0.2618094475580464,0.4699759807846277,0.8903122497998399,0.1585268214571657,0.1289031224979984,312.0,309.0,304.0,289.0,289.6,281.8,276.7,265.5,249.9,232.7,232.5,217.3,0.241112828438949,0.2450436161776367,0.2479608482871125,0.2482817869415807,0.2393586246797256,0.2496456413890857,0.2598610067618332,0.2668878166465621,0.2394595632804327,0.2442788158723493,0.2550740537575425,0.2460928652321631,0.0730240549828178,0.1027397260273972,0.0723240115718417,0.1314878892733564,-0.1118881118881118,-0.0790697674418604,0.1333333333333333,0.078740157480315,0.1013133208255159,0.1119221411192215,0.0544851105798132,0.0263640555971982,-0.0006524023461778,-0.1417431619714376,0.0276933875867817,0.1218390804597702,Information Technology,45.0,2.0,113,7.1308988302963465,1294.0,1164.0,9.112727543109182,6.8001700683022,9.152605321324945,7.044032897274685
ADSK,2023Q3,2023,Q3,0,0,1,0,1328.0,1190.0,138.0,942.0,587.0,291.0,248.0,258.0,222.0,355.0,577.0,9107.0,1206.0,9069.0,897.0,0.2673192771084337,0.4420180722891566,0.8960843373493976,0.1867469879518072,0.1671686746987951,327.0,312.0,309.0,304.0,289.0,289.6,281.8,276.7,265.5,249.9,232.7,232.5,0.2618094475580464,0.241112828438949,0.2450436161776367,0.2479608482871125,0.2482817869415807,0.2393586246797256,0.2496456413890857,0.2598610067618332,0.2668878166465621,0.2394595632804327,0.2442788158723493,0.2550740537575425,0.0831973898858076,0.1935483870967742,0.0828025477707006,0.1677631578947369,-0.0168918918918918,0.0247933884297519,0.1120689655172413,0.0866141732283465,0.0614828209764919,0.0991831971995331,0.0780705057070385,-0.0200467330442928,-0.0003645153863862,-0.0539181519466295,0.1018752429071123,0.1775510204081631,Information Technology,45.0,3.0,114,7.192182058713246,1249.0,1226.0,9.11690842718363,7.095893221097532,9.112727543109182,6.8001700683022
ADSK,2023Q4,2023,Q4,0,0,0,1,1400.0,1263.0,137.0,934.0,595.0,357.0,329.0,320.0,241.0,339.0,580.0,9226.0,1482.0,9107.0,1206.0,0.2421428571428571,0.425,0.9021428571428572,0.235,0.1721428571428571,355.0,327.0,312.0,309.0,304.0,289.0,289.6,281.8,276.7,265.5,249.9,232.7,0.2673192771084337,0.2618094475580464,0.241112828438949,0.2450436161776367,0.2479608482871125,0.2482817869415807,0.2393586246797256,0.2496456413890857,0.2598610067618332,0.2668878166465621,0.2394595632804327,0.2442788158723493,0.1102299762093577,0.2171717171717171,0.1157243816254416,0.0970873786407766,0.1782178217821781,0.2605363984674329,0.3223140495867769,0.0620155038759691,0.0587188612099645,0.0723306544202067,-0.0118377253814146,-0.046396797153025,0.0049488894497728,0.135383141762452,0.0963239538239539,0.1439842209072979,Information Technology,45.0,4.0,115,7.244941546337007,1328.0,1261.0,9.129889247578555,7.301822342137932,9.11690842718363,7.095893221097532
ADSK,2024Q1,2024,Q1,1,0,0,0,1463.0,1322.0,141.0,995.0,644.0,374.0,327.0,337.0,282.0,351.0,633.0,9912.0,1855.0,9226.0,1482.0,0.239917976760082,0.4401913875598086,0.9036226930963772,0.2235133287764866,0.1927546138072453,339.0,355.0,327.0,312.0,309.0,304.0,289.0,289.6,281.8,276.7,265.5,249.9,0.2421428571428571,0.2673192771084337,0.2618094475580464,0.241112828438949,0.2450436161776367,0.2479608482871125,0.2482817869415807,0.2393586246797256,0.2496456413890857,0.2598610067618332,0.2668878166465621,0.2394595632804327,0.1306027820710973,-0.0375426621160409,0.1396551724137931,0.125,0.1835443037974684,0.2066420664206643,0.2166064981949458,0.0522388059701492,0.1161178509532061,0.1192350956130483,-0.0049555707450443,-0.0128116889039993,0.008006693850614,0.0672555255969511,-0.1487219444826774,0.0462809917355371,Information Technology,45.0,1.0,116,7.288927694521257,1400.0,1294.0,9.201602306032898,7.526178913346146,9.129889247578555,7.301822342137932
ADSK,2024Q2,2024,Q2,0,1,0,0,1412.0,1264.0,148.0,957.0,611.0,349.0,307.0,309.0,252.0,346.0,598.0,9830.0,2161.0,9912.0,1855.0,0.245042492917847,0.4327195467422096,0.8951841359773371,0.2174220963172804,0.178470254957507,351.0,339.0,355.0,327.0,312.0,309.0,304.0,289.0,289.6,281.8,276.7,265.5,0.239917976760082,0.2421428571428571,0.2673192771084337,0.2618094475580464,0.241112828438949,0.2450436161776367,0.2479608482871125,0.2482817869415807,0.2393586246797256,0.2496456413890857,0.2598610067618332,0.2668878166465621,0.1305044035228182,0.5652173913043479,0.1366906474820144,0.0581039755351682,0.374015748031496,0.5505050505050506,0.3981900452488687,0.0802919708029197,0.0408858603066439,0.0470459518599561,-0.0640425882128716,-0.0792730598279048,0.0054721095644729,0.3715161530317339,0.3845301145461262,0.2254098360655738,Information Technology,45.0,2.0,117,7.253470382684528,1463.0,1249.0,9.193295937366925,7.6787889981991535,9.201602306032898,7.526178913346146
ADSK,2024Q3,2024,Q3,0,0,1,0,1500.0,1347.0,153.0,994.0,627.0,398.0,353.0,352.0,282.0,367.0,649.0,9960.0,2474.0,9830.0,2161.0,0.2446666666666666,0.418,0.898,0.2353333333333333,0.188,346.0,351.0,339.0,355.0,327.0,312.0,309.0,304.0,289.0,289.6,281.8,276.7,0.245042492917847,0.239917976760082,0.2421428571428571,0.2673192771084337,0.2618094475580464,0.241112828438949,0.2450436161776367,0.2479608482871125,0.2482817869415807,0.2393586246797256,0.2496456413890857,0.2598610067618332,0.1295180722891566,0.2702702702702702,0.1319327731092436,0.0338028169014084,0.3676975945017182,0.4233870967741935,0.3643410852713178,0.108695652173913,0.0681431005110733,0.0552016985138004,-0.0847399061032863,-0.0543373083475298,0.0021378151260504,0.2601720430107528,0.1246126126126125,0.1247833622183709,Information Technology,45.0,3.0,118,7.313886831633462,1412.0,1328.0,9.206432747145165,7.813995675002791,9.193295937366925,7.6787889981991535
ADSK,2024Q4,2024,Q4,0,0,0,1,1567.0,1407.0,160.0,1056.0,677.0,399.0,351.0,351.0,275.0,379.0,654.0,10133.0,2616.0,9960.0,2474.0,0.2418634333120612,0.4320357370772176,0.8978940650925336,0.2239948947032546,0.175494575622208,367.0,346.0,351.0,339.0,355.0,327.0,312.0,309.0,304.0,289.0,289.6,281.8,0.2446666666666666,0.245042492917847,0.239917976760082,0.2421428571428571,0.2673192771084337,0.2618094475580464,0.241112828438949,0.2450436161776367,0.2479608482871125,0.2482817869415807,0.2393586246797256,0.2496456413890857,0.1192857142857142,0.1410788381742738,0.1140142517814726,0.1179941002949853,0.1176470588235294,0.0668693009118541,0.096875,0.167883211678832,0.1378151260504201,0.1306209850107067,-0.0011539627230507,0.0165546754758061,-0.0047096665640957,-0.0468302353052993,0.0194705637804615,0.1275862068965516,Information Technology,45.0,4.0,119,7.357556200910353,1500.0,1400.0,9.223651386035854,7.869783902530146,9.206432747145165,7.813995675002791
ADSK,2025Q1,2025,Q1,1,0,0,0,1633.0,1467.0,166.0,1084.0,691.0,418.0,383.0,372.0,303.0,393.0,696.0,10833.0,2621.0,10133.0,2616.0,0.2406613594611145,0.4231475811390079,0.8983466013472137,0.2345376607470912,0.1855480710349051,379.0,367.0,346.0,351.0,339.0,355.0,327.0,312.0,309.0,304.0,289.0,289.6,0.2418634333120612,0.2446666666666666,0.245042492917847,0.239917976760082,0.2421428571428571,0.2673192771084337,0.2618094475580464,0.241112828438949,0.2450436161776367,0.2479608482871125,0.2482817869415807,0.2393586246797256,0.1161995898838004,0.074468085106383,0.1096822995461421,0.1196581196581196,0.1176470588235294,0.1712538226299693,0.1038575667655785,0.177304964539007,0.0729813664596272,0.0894472361809044,0.0030984868706853,-0.0387190819776884,-0.0058388216558444,0.0493229286635916,-0.0373871350210419,0.0995260663507109,Information Technology,45.0,1.0,120,7.3987862754199485,1567.0,1463.0,9.290444616217844,7.871692664323645,9.223651386035854,7.869783902530146
ADSK,2025Q2,2025,Q2,0,1,0,0,1633.0,1473.0,160.0,1240.0,728.0,284.0,233.0,234.0,152.0,394.0,546.0,10585.0,2617.0,10833.0,2621.0,0.2412737293325168,0.445805266380894,0.9020208205756276,0.1426821800367421,0.0930802204531537,393.0,379.0,367.0,346.0,351.0,339.0,355.0,327.0,312.0,309.0,304.0,289.0,0.2406613594611145,0.2418634333120612,0.2446666666666666,0.245042492917847,0.239917976760082,0.2421428571428571,0.2673192771084337,0.2618094475580464,0.241112828438949,0.2450436161776367,0.2479608482871125,0.2482817869415807,0.1565155807365439,-0.3968253968253968,0.1653481012658229,0.1387283236994219,-0.1862464183381088,-0.2410423452768729,-0.2427184466019417,0.0810810810810811,0.1914893617021276,0.2957157784743991,-0.0153800409898445,0.030240648330315,0.0076371824784702,-0.3437549243912705,-0.4784552726989959,-0.0869565217391304,Information Technology,45.0,2.0,121,7.3987862754199485,1633.0,1412.0,9.267287652417933,7.870165946469845,9.290444616217844,7.871692664323645
ADSK,2025Q3,2025,Q3,0,0,1,0,1763.0,1627.0,136.0,1177.0,727.0,497.0,444.0,456.0,313.0,413.0,726.0,10856.0,2715.0,10585.0,2617.0,0.2342597844583097,0.4123652864435621,0.9228587634713556,0.2518434486670448,0.1775382870107771,394.0,393.0,379.0,367.0,346.0,351.0,339.0,355.0,327.0,312.0,309.0,304.0,0.2412737293325168,0.2406613594611145,0.2418634333120612,0.2446666666666666,0.245042492917847,0.239917976760082,0.2421428571428571,0.2673192771084337,0.2618094475580464,0.241112828438949,0.2450436161776367,0.2479608482871125,0.1753333333333333,0.1099290780141843,0.2078693392724573,0.1253405994550409,0.2487437185929648,0.2577903682719547,0.2954545454545454,-0.1111111111111111,0.1594896331738438,0.1841046277665996,-0.0425349409060912,-0.0134801759723394,0.0276823646674337,0.0701562974520317,-0.055647409517143,0.11864406779661,Information Technology,45.0,3.0,122,7.475339236566737,1633.0,1500.0,9.292565312231853,7.906915488678587,9.267287652417933,7.870165946469845
