ticker,Year_Quarter,year,quarter,Q1,Q2,Q3,Q4,revenue,grossProfit,costOfRevenue,operatingExpenses,snaExpenses,ebitda,operatingIncome,incomeBeforeTax,netIncome,rnd,net_plus_rnd,totalAssets,totalEquity,totalAssets_lag1,totalEquity_lag1,rnd_to_rev_ratio,sna_to_rev_ratio,grossProfitRatio,operatingIncomeRatio,netIncomeRatio,rnd_lag1,rnd_lag2,rnd_lag3,rnd_lag4,rnd_lag5,rnd_lag6,rnd_lag7,rnd_lag8,rnd_lag9,rnd_lag10,rnd_lag11,rnd_lag12,rnd_to_rev_ratio_lag1,rnd_to_rev_ratio_lag2,rnd_to_rev_ratio_lag3,rnd_to_rev_ratio_lag4,rnd_to_rev_ratio_lag5,rnd_to_rev_ratio_lag6,rnd_to_rev_ratio_lag7,rnd_to_rev_ratio_lag8,rnd_to_rev_ratio_lag9,rnd_to_rev_ratio_lag10,rnd_to_rev_ratio_lag11,rnd_to_rev_ratio_lag12,revenue_yoy,netIncome_yoy,grossProfit_yoy,rnd_yoy,ebitda_yoy,operatingIncome_yoy,incomeBeforeTax_yoy,costOfRevenue_yoy,snaExpenses_yoy,operatingExpenses_yoy,rnd_to_rev_ratio_yoy,sna_to_rev_ratio_yoy,grossProfitRatio_yoy,operatingIncomeRatio_yoy,netIncomeRatio_yoy,net_plus_rnd_yoy,gics_sectors,gics_sector_code,quarter_int,time_idx,revenue_log,revenue_lag1,revenue_lag4,totalAssets_log,totalEquity_log,totalAssets_lag1_log,totalEquity_lag1_log
AMAT,1995Q2,1995,Q2,0,1,0,0,675.4,305.0,370.4,160.3,86.9,164.7,144.7,144.1,93.6,73.4,167.0,2052.2,1150.4,1820.0,1031.8,0.1086763399466982,0.1286644951140065,0.45158424637252,0.2142434113118152,0.1385845424933372,60.0,,,,,,,,,,,,0.1185536455245998,,,,,,,,,,,,,,,,,,,,,,,,,,,,Information Technology,45.0,2.0,1,6.516784617024425,506.1,,7.627154830686148,7.048733872241709,7.507141079727608,6.940028839532433
AMAT,1995Q3,1995,Q3,0,0,1,0,897.7,408.4,489.3,195.0,106.6,231.9,213.4,214.2,139.2,85.8,225.0,2638.1,1607.3,2052.2,1150.4,0.09729036462325251,0.1187479113289517,0.454940403252757,0.2377186142363818,0.1550629386209201,73.4,60.0,,,,,,,,,,,0.1086763399466982,0.1185536455245998,,,,,,,,,,,,,,,,,,,,,,,,,,,Information Technology,45.0,3.0,2,6.800949274664328,675.4,,7.8781932289267385,7.382932999501602,7.627154830686148,7.048733872241709
AMAT,1995Q4,1995,Q4,0,0,0,1,982.7,458.5,524.2,224.8,118.5,262.8,233.6,239.0,155.4,110.5,265.9,2965.4,1783.5,2638.1,1607.3,0.1124453037549608,0.1205861402259082,0.4665716902411722,0.2377124249516637,0.158135748448153,85.8,73.4,60.0,,,,,,,,,,0.09729036462325251,0.1086763399466982,0.1185536455245998,,,,,,,,,,,,,,,,,,,,,,,,,,Information Technology,45.0,4.0,3,6.891320972518712,897.7,,7.995104375371536,7.486893542930215,7.8781932289267385,7.382932999501602
AMAT,1996Q1,1996,Q1,1,0,0,0,1040.6,496.8,543.8,237.2,126.9,289.3,259.6,264.0,171.6,110.4,282.0,3242.5,1943.2,2965.4,1783.5,0.1060926388621949,0.1219488756486642,0.477416874879877,0.2494714587737844,0.1649048625792812,110.5,85.8,73.4,60.0,,,,,,,,,0.1124453037549608,0.09729036462325251,0.1086763399466982,0.1185536455245998,,,,,,,,,1.056115392214977,1.60790273556231,1.0873949579831934,0.8400000000000001,1.457943925233645,1.5426052889324198,1.608695652173913,1.0283476314807904,0.7125506072874497,0.745401030169242,-0.1051085911973859,-0.1670941165210663,0.0152129427592679,0.2366063201313644,0.2683639962214927,1.2416534181240064,Information Technology,45.0,1.0,4,6.9485132714543045,982.7,506.1,8.08440827265311,7.572605860386969,7.995104375371536,7.486893542930215
AMAT,1996Q2,1996,Q2,0,1,0,0,1127.9,574.7,553.2,293.7,135.4,314.4,281.0,285.8,185.8,124.9,310.70000000000005,3333.8,2116.1,3242.5,1943.2,0.1107367674439223,0.120046103377959,0.509530986789609,0.249135561663268,0.1647309158613352,110.4,110.5,85.8,73.4,60.0,,,,,,,,0.1060926388621949,0.1124453037549608,0.09729036462325251,0.1086763399466982,0.1185536455245998,,,,,,,,0.6699733491264437,0.9850427350427352,0.8842622950819674,0.701634877384196,0.9089253187613844,0.9419488597097444,0.983344899375434,0.4935205183585316,0.5581127733026467,0.8321896444167185,0.0189593015207785,-0.0669834496953563,0.1283187818941045,0.1628621862292414,0.188667313811387,0.8604790419161679,Information Technology,45.0,2.0,5,7.028998986267501,1040.6,675.4,8.112167986536459,7.657802506674894,8.08440827265311,7.572605860386969
AMAT,1996Q3,1996,Q3,0,0,1,0,1115.4,572.8,542.6,316.8,147.7,296.9,256.1,260.1,169.1,128.3,297.4,3485.3,2292.7,3333.8,2116.1,0.1150259996413842,0.1324188631880939,0.513537744306975,0.2296037296037296,0.1516048054509592,124.9,110.4,110.5,85.8,73.4,60.0,,,,,,,0.1107367674439223,0.1060926388621949,0.1124453037549608,0.09729036462325251,0.1086763399466982,0.1185536455245998,,,,,,,0.2425086331736661,0.2147988505747127,0.4025465230166503,0.4953379953379955,0.2802932298404483,0.2000937207122775,0.2142857142857144,0.1089311260985081,0.3855534709193244,0.6246153846153846,0.2034829822618957,0.1151258300558342,0.1288022357109977,-0.0341365132836547,-0.0223014809387488,0.3217777777777777,Information Technology,45.0,3.0,6,7.017864501662167,1127.9,897.7,8.156596280896938,7.7379215132001695,8.112167986536459,7.657802506674894
AMAT,1996Q4,1996,Q4,0,0,0,1,860.9,379.6,481.3,272.7,129.8,177.0,106.9,112.6,73.1,117.9,191.0,3638.0,2370.4,3485.3,2292.7,0.1369497037983505,0.1507724474387269,0.4409339063770473,0.1241723777442211,0.084911139505169,128.3,124.9,110.4,110.5,85.8,73.4,60.0,,,,,,0.1150259996413842,0.1107367674439223,0.1060926388621949,0.1124453037549608,0.09724894338577258,0.1086763399466982,0.1185536455245998,,,,,,-0.123944235270174,-0.5296010296010296,-0.1720828789531079,0.0669683257918551,-0.3264840182648402,-0.5423801369863013,-0.5288702928870292,-0.0818389927508584,0.0953586497890295,0.2130782918149465,0.2179228409288609,0.2503298236121263,-0.0549492916101974,-0.4776361489330215,-0.4630490553942755,-0.281684843926288,Information Technology,45.0,4.0,7,6.759139254653354,1115.4,982.7,8.19946419761216,7.77123577702397,8.156596280896938,7.7379215132001695
AMAT,1997Q1,1997,Q1,1,0,0,0,835.8,371.7,464.1,301.9,125.9,177.8,69.8,77.5,29.6,116.5,146.1,3778.5,2432.2,3638.0,2370.4,0.13938741325676,0.150634122995932,0.4447236180904523,0.0835128021057669,0.035415171093563,117.9,128.3,124.9,110.4,110.5,85.8,73.4,60.0,,,,,0.1369497037983505,0.1150259996413842,0.1107367674439223,0.1060926388621949,0.1124453037549608,0.09720752214829266,0.1086763399466982,0.1185536455245998,,,,,-0.1968095329617528,-0.8275058275058275,-0.2518115942028985,0.0552536231884057,-0.385413066021431,-0.731124807395994,-0.7064393939393939,-0.1465612357484368,-0.0078802206461781,0.2727655986509274,0.3138273753168878,0.2352235491691638,-0.0684794746680261,-0.6652410559658666,-0.7852387701633933,-0.4819148936170213,Information Technology,45.0,1.0,8,6.729585093310658,860.9,1040.6,8.237347004732232,7.7969625424465505,8.19946419761216,7.77123577702397
AMAT,1997Q2,1997,Q2,0,1,0,0,900.9,414.1,486.8,266.5,134.6,204.9,147.5,157.1,102.1,132.0,234.1,3891.9,2505.4,3778.5,2432.2,0.1465201465201465,0.1494061494061494,0.4596514596514597,0.1637251637251637,0.1133311133311133,116.5,117.9,128.3,124.9,110.4,110.5,85.8,73.4,60.0,,,,0.13938741325676,0.1369497037983505,0.1150259996413842,0.1107367674439223,0.1060926388621949,0.1124453037549608,0.09716610091081274,0.1086763399466982,0.1185536455245998,,,,-0.2012589768596507,-0.4504843918191604,-0.2794501479032538,0.0568454763811048,-0.3482824427480915,-0.4750889679715302,-0.4503149055283415,-0.1200289226319595,-0.0059084194977844,-0.0926115083418454,0.3231390973584729,0.244573086522865,-0.0978930201133088,-0.3428270029693516,-0.312022805564248,-0.2465400708078533,Information Technology,45.0,2.0,9,6.804503649171663,835.8,1127.9,8.26690966014979,7.826602739637982,8.237347004732232,7.7969625424465505
AMAT,1997Q3,1997,Q3,0,0,1,0,1057.2,498.9,558.3,302.0,141.8,253.6,196.9,287.1,186.6,143.9,330.5,4249.4,2673.6,3891.9,2505.4,0.1361142640938327,0.1341278849791903,0.4719069239500567,0.1862466893681422,0.1765039727582292,132.0,116.5,117.9,128.3,124.9,110.4,110.5,85.8,73.4,60.0,,,0.1465201465201465,0.13938741325676,0.1369497037983505,0.1150259996413842,0.1107367674439223,0.1060926388621949,0.1124453037549608,0.09712467967333281,0.1086763399466982,0.1185536455245998,,,-0.052178590640129,0.1034890597279716,-0.1290153631284916,0.1215900233826967,-0.1458403502862916,-0.2311597032409216,0.1038062283737024,0.0289347585698487,-0.0399458361543667,-0.0467171717171717,0.18333476360297,0.0129061808110284,-0.0810667196684822,-0.1888342158483956,0.1642373223804196,0.1112979152656354,Information Technology,45.0,3.0,10,6.964324630470031,900.9,1115.4,8.354768375136734,7.891555115438696,8.26690966014979,7.826602739637982
AMAT,1997Q4,1997,Q4,0,0,0,1,1280.4,616.3,664.1,339.6,164.4,333.6,276.7,277.1,180.2,175.3,355.5,5070.8,2942.2,4249.4,2673.6,0.1369103405185879,0.1283973758200562,0.4813339581380818,0.2161043423930021,0.1407372696032489,143.9,132.0,116.5,117.9,128.3,124.9,110.4,110.5,85.8,73.4,60.0,,0.1361142640938327,0.1465201465201465,0.13938741325676,0.1369497037983505,0.1150259996413842,0.1107367674439223,0.1060926388621949,0.1124453037549608,0.09708325843585289,0.1086763399466982,0.1185536455245998,,0.4872807527006622,1.4651162790697674,0.6235511064278185,0.4868532654792197,0.8847457627118644,1.5884003741814778,1.4609236234458265,0.3798046956160399,0.266563944530046,0.2453245324532453,-0.0002874287323805,-0.1484029210825392,0.0916238265570983,0.7403576086635693,0.6574653269690431,0.8612565445026179,Information Technology,45.0,4.0,11,7.1557085092049215,1057.2,860.9,8.531451063162937,7.987252703790564,8.354768375136734,7.891555115438696
AMAT,1998Q1,1998,Q1,1,0,0,0,1307.7,696.4,611.3,401.4,152.2,361.9,295.0,352.1,228.9,182.3,411.2000000000001,5186.6,3104.1,5070.8,2942.2,0.1394050623231628,0.1163875506614666,0.5325380438938594,0.225586908312304,0.1750401468226657,175.3,143.9,132.0,116.5,117.9,128.3,124.9,110.4,110.5,85.8,73.4,60.0,0.1369103405185879,0.1361142640938327,0.1465201465201465,0.13938741325676,0.1369497037983505,0.1150259996413842,0.1107367674439223,0.1060926388621949,0.1124453037549608,0.09704183719837296,0.1086763399466982,0.1185536455245998,0.564608758076095,6.733108108108108,0.8735539413505515,0.5648068669527897,1.0354330708661417,3.226361031518625,3.5432258064516136,0.3171730230553757,0.2088959491660045,0.3295793309042729,0.0001266187957036,-0.2273493658232419,0.1974584263828023,1.7012254723126603,3.942518740350812,1.8145106091718004,Information Technology,45.0,1.0,12,7.176789557061435,1280.4,835.8,8.554026441461586,8.040801199968136,8.531451063162937,7.987252703790564
AMAT,1998Q2,1998,Q2,0,1,0,0,1176.3,554.3,622.0,343.4,161.4,280.6,210.9,217.3,141.2,181.9,323.1,5140.1,3190.6,5186.6,3104.1,0.1546374224262518,0.137209895434838,0.4712233273824704,0.1792909971945932,0.1200374054237864,182.3,175.3,143.9,132.0,116.5,117.9,128.3,124.9,110.4,110.5,85.8,73.4,0.1394050623231628,0.1369103405185879,0.1361142640938327,0.1465201465201465,0.13938741325676,0.1369497037983505,0.1150259996413842,0.1107367674439223,0.1060926388621949,0.1124453037549608,0.09700041596089305,0.1086763399466982,0.3056943056943058,0.3829578844270322,0.3385655638734604,0.3780303030303031,0.3694485114690093,0.4298305084745764,0.3831954169318907,0.2777321281840592,0.1991084695393761,0.2885553470919324,0.0554004080591685,-0.0816315393963922,0.0251753094394289,0.0950729448990443,0.05917432464534,0.3801794105083298,Information Technology,45.0,2.0,13,7.070978960084151,1307.7,900.9,8.545022343334914,8.068277637434125,8.554026441461586,8.040801199968136
AMAT,1998Q3,1998,Q3,0,0,1,0,884.5,394.4,490.1,338.6,149.6,165.3,55.8,63.4,47.5,154.0,201.5,5039.8,3260.2,5140.1,3190.6,0.1741096664782362,0.1691351045788581,0.4459016393442622,0.0630864895421141,0.0537026568682871,181.9,182.3,175.3,143.9,132.0,116.5,117.9,128.3,124.9,110.4,110.5,85.8,0.1546374224262518,0.1394050623231628,0.1369103405185879,0.1361142640938327,0.1465201465201465,0.13938741325676,0.1369497037983505,0.1150259996413842,0.1107367674439223,0.1060926388621949,0.1124453037549608,0.09695899472341313,-0.1633560348089292,-0.7454448017148982,-0.2094608137903387,0.0701876302988184,-0.348186119873817,-0.7166074149314373,-0.7791710205503309,-0.1221565466595019,0.0550070521861776,0.1211920529801324,0.2791434287754788,0.260998819187368,-0.0551068087497412,-0.6612745721486891,-0.6957425035307974,-0.3903177004538578,Information Technology,45.0,3.0,14,6.786152457222888,1176.3,1057.2,8.525320078627846,8.089850504788755,8.545022343334914,8.068277637434125
AMAT,1998Q4,1998,Q4,0,0,0,1,673.2,285.1,388.1,426.1,130.5,-134.8,-141.0,-195.0,-186.7,125.6,-61.1,4929.7,3120.6,5039.8,3260.2,0.1865715983363041,0.1938502673796791,0.4234997029114676,-0.2094474153297682,-0.2773321449792038,154.0,181.9,182.3,175.3,143.9,132.0,116.5,117.9,128.3,124.9,110.4,110.5,0.1741096664782362,0.1546374224262518,0.1394050623231628,0.1369103405185879,0.1361142640938327,0.1465201465201465,0.13938741325676,0.1369497037983505,0.1150259996413842,0.1107367674439223,0.1060926388621949,0.1124453037549608,-0.4742268041237113,-2.0360710321864595,-0.5374006165828329,-0.2835139760410725,-1.4040767386091126,-1.5095771593783882,-1.703717069649946,-0.4156000602318928,-0.2062043795620438,0.2547114252061249,0.3627283200787443,0.5097681408329755,-0.1201541138928392,-1.9691957737196797,-2.9705664729820898,-1.1718706047819971,Information Technology,45.0,4.0,15,6.51352680279996,884.5,1280.4,8.503236244787033,8.046100969868847,8.525320078627846,8.089850504788755
AMAT,1999Q1,1999,Q1,1,0,0,0,742.5,254.0,350.6,278.5,132.3,118.4,42.6,80.1,52.9,141.2,194.1,4960.7,3220.1,4929.7,3120.6,0.1901683501683501,0.1781818181818182,0.3420875420875421,0.0573737373737373,0.0712457912457912,125.6,154.0,181.9,182.3,175.3,143.9,132.0,116.5,117.9,128.3,124.9,110.4,0.1865715983363041,0.1741096664782362,0.1546374224262518,0.1394050623231628,0.1369103405185879,0.1361142640938327,0.1465201465201465,0.13938741325676,0.1369497037983505,0.1150259996413842,0.1107367674439223,0.1060926388621949,-0.4322092222986924,-0.7688947138488423,-0.6352670878805284,-0.2254525507405377,-0.672837800497375,-0.8555932203389831,-0.7725078102811702,-0.4264681825617535,-0.1307490144546648,-0.3061783756851021,0.3641423560896957,0.5309353721180268,-0.3576279741701912,-0.7456690292758089,-0.5929745687543853,-0.527966926070039,Information Technology,45.0,1.0,16,6.61136876590021,673.2,1307.7,8.509503702931857,8.077478195108199,8.503236244787033,8.046100969868847
AMAT,1999Q2,1999,Q2,0,1,0,0,1117.6,517.2,600.4,361.3,158.1,272.969,193.0,205.3,143.312,166.1,309.41200000000003,5323.5,3385.8,4960.7,3220.1,0.1486220472440945,0.1414638511095204,0.4627773801002148,0.1726914817465998,0.1282319255547602,141.2,125.6,154.0,181.9,182.3,175.3,143.9,132.0,116.5,117.9,128.3,124.9,0.1901683501683501,0.1865715983363041,0.1741096664782362,0.1546374224262518,0.1394050623231628,0.1369103405185879,0.1361142640938327,0.1465201465201465,0.13938741325676,0.1369497037983505,0.1150259996413842,0.1107367674439223,-0.0499022358241945,0.014957507082153,-0.0669312646581271,-0.0868609125893348,-0.0271952957947256,-0.0848743480322428,-0.0552231937413714,-0.0347266881028939,-0.0204460966542752,0.0521258008153757,-0.0388998671070458,0.0310032717480102,-0.0179234490133813,-0.0368089616949957,0.0682663883149041,-0.0423645930052615,Information Technology,45.0,2.0,17,7.0198331823874875,742.5,1176.3,8.580074089455438,8.127640801768122,8.509503702931857,8.077478195108199
AMAT,1999Q3,1999,Q3,0,0,1,0,1433.5,765.7,667.8,425.6,187.3,407.3,340.2,354.2,244.4,171.2,415.6,5766.9,3667.9,5323.5,3385.8,0.1194279734914544,0.1306592256714335,0.534147192186955,0.2373212417160795,0.1704918032786885,166.1,141.2,125.6,154.0,181.9,182.3,175.3,143.9,132.0,116.5,117.9,128.3,0.1486220472440945,0.1901683501683501,0.1865715983363041,0.1741096664782362,0.1546374224262518,0.1394050623231628,0.1369103405185879,0.1361142640938327,0.1465201465201465,0.13938741325676,0.1369497037983505,0.1150259996413842,0.6206896551724137,4.145263157894737,0.9414300202839758,0.1116883116883116,1.4640048396854204,5.096774193548387,4.586750788643533,0.3625790654968372,0.252005347593583,0.2569403425871235,-0.3140646587455098,-0.2274860621231084,0.1979036295369214,2.761839396019218,2.1747368421052635,1.062531017369727,Information Technology,45.0,3.0,18,7.268571635421419,1117.6,884.5,8.660063341782596,8.207647168600909,8.580074089455438,8.127640801768122
AMAT,1999Q4,1999,Q4,0,0,0,1,1565.5,784.9,780.6,426.8,180.3,424.5,358.0,385.7,307.8,203.3,511.1,6706.5,4575.258,5766.9,3667.9,0.1298626636857234,0.1151708719259022,0.5013733631427659,0.2286809326093899,0.1966145001596934,171.2,166.1,141.2,125.6,154.0,181.9,182.3,175.3,143.9,132.0,116.5,117.9,0.1194279734914544,0.1486220472440945,0.1901683501683501,0.1865715983363041,0.1741096664782362,0.1546374224262518,0.1394050623231628,0.1369103405185879,0.1361142640938327,0.1465201465201465,0.13938741325676,0.1369497037983505,1.3254604872251932,-2.648634172469202,1.753069098561908,0.6186305732484079,-4.149109792284866,-3.539007092198581,-2.977948717948718,1.0113372842051018,0.3816091954022989,0.0016428068528513,-0.3039526656590047,-0.4058771572374144,0.1838812629523325,-2.091829814415896,-1.7089495527986376,-9.364975450081834,Information Technology,45.0,4.0,19,7.356599110392247,1433.5,673.2,8.81098158229978,8.428636912589159,8.660063341782596,8.207647168600909
AMAT,2000Q1,2000,Q1,1,0,0,0,1667.0,835.5,777.332,415.809,183.2,524.8,443.9,469.2,328.5,223.28,551.78,7058.0,4756.5,6706.5,4575.258,0.1339412117576484,0.1098980203959208,0.5011997600479904,0.2662867426514697,0.1970605878824235,203.3,171.2,166.1,141.2,125.6,154.0,181.9,182.3,175.3,143.9,132.0,116.5,0.1298626636857234,0.1194279734914544,0.1486220472440945,0.1901683501683501,0.1865715983363041,0.1741096664782362,0.1546374224262518,0.1394050623231628,0.1369103405185879,0.1361142640938327,0.1465201465201465,0.13938741325676,1.245117845117845,5.209829867674858,2.2893700787401574,0.581303116147309,3.432432432432432,9.42018779342723,4.857677902621723,1.2171477467199088,0.384731670445956,0.4930305206463197,-0.2956703276908357,-0.3832253957371792,0.4651213458095782,3.641265408890052,1.7659260208449807,1.8427614631633176,Information Technology,45.0,1.0,20,7.419380582918692,1565.5,742.5,8.862058677395472,8.467477599170305,8.81098158229978,8.428636912589159
AMAT,2000Q2,2000,Q2,0,1,0,0,2190.031,1097.598,1092.433,523.753,230.47,670.354,573.845,669.816,468.871,253.283,722.154,8129.834,5493.02,7058.0,4756.5,0.1156527008065182,0.1052359532810266,0.5011792070523202,0.2620259713218671,0.2140933164873008,223.28,203.3,171.2,166.1,141.2,125.6,154.0,181.9,182.3,175.3,143.9,132.0,0.1339412117576484,0.1298626636857234,0.1194279734914544,0.1486220472440945,0.1901683501683501,0.1865715983363041,0.1741096664782362,0.1546374224262518,0.1394050623231628,0.1369103405185879,0.1361142640938327,0.1465201465201465,0.959583929849678,2.271679970972424,1.1221925754060322,0.5248826008428658,1.455788019885042,1.9732901554404148,2.2626205552849488,0.8195086608927382,0.4577482605945604,0.4496346526432329,-0.2218334833150824,-0.2560929703549947,0.0829812099800328,0.517306868131185,0.669578894343861,1.3339560198053078,Information Technology,45.0,2.0,21,7.69212748828588,1667.0,1117.6,9.003418780306408,8.611415506983503,8.862058677395472,8.467477599170305
AMAT,2000Q3,2000,Q3,0,0,1,0,2732.028,1391.902,1340.126,565.663,261.717,911.795,826.239,862.544,603.781,303.946,907.727,9218.823,6129.984,8129.834,5493.02,0.1112528861344027,0.0957958703205091,0.5094757447581065,0.3024269883031946,0.2210010292720279,253.283,223.28,203.3,171.2,166.1,141.2,125.6,154.0,181.9,182.3,175.3,143.9,0.1156527008065182,0.1339412117576484,0.1298626636857234,0.1194279734914544,0.1486220472440945,0.1901683501683501,0.1865715983363041,0.1741096664782362,0.1546374224262518,0.1394050623231628,0.1369103405185879,0.1361142640938327,0.9058444366934076,1.4704623567921438,0.8178163771712159,0.7753855140186918,1.2386324576479253,1.4286860670194006,1.4351891586674197,1.0067774782869123,0.3973144687666843,0.329095394736842,-0.068452031111762,-0.2668265878032574,-0.046188480983746,0.2743359427766885,0.2962560370763176,1.1841361886429258,Information Technology,45.0,3.0,22,7.913165431027434,2190.031,1433.5,9.129111118969403,8.721110538070814,9.003418780306408,8.611415506983503
AMAT,2000Q4,2000,Q4,0,0,0,1,2920.163,1508.907,1411.256,402.659,276.037,1198.616,1106.248,948.282,663.797,327.413,991.21,10545.73,7104.348,9218.823,6129.984,0.1121214808899366,0.0945279424470483,0.5167201282942082,0.3788309077267262,0.2273150505639582,303.946,253.283,223.28,203.3,171.2,166.1,141.2,125.6,154.0,181.9,182.3,175.3,0.1112528861344027,0.1156527008065182,0.1339412117576484,0.1298626636857234,0.1194279734914544,0.1486220472440945,0.1901683501683501,0.1865715983363041,0.1741096664782362,0.1546374224262518,0.1394050623231628,0.1369103405185879,0.8653229000319387,1.1565854450942172,0.9224194164861764,0.6104918839153959,1.8235948174322731,2.090078212290503,1.4585999481462275,0.8079118626697412,0.5309872434830836,-0.0565627928772258,-0.1366149614697699,-0.1792374159686404,0.0306094545095971,0.6565915811346088,0.1561459118189625,0.9393660731755038,Information Technology,45.0,4.0,23,7.97973710363808,2732.028,1565.5,9.26357113825234,8.868603018923576,9.129111118969403,8.721110538070814
AMAT,2001Q1,2001,Q1,1,0,0,0,2363.254,1142.746,1220.508,582.118,245.806,652.458,560.628,607.391,156.825,336.312,493.137,10773.019,7518.802,10545.73,7104.348,0.142308867349849,0.1040116720420234,0.4835476846754518,0.2372271452835793,0.0663597734310404,327.413,303.946,253.283,223.28,203.3,171.2,166.1,141.2,125.6,154.0,181.9,182.3,0.1121214808899366,0.1112528861344027,0.1156527008065182,0.1339412117576484,0.1298626636857234,0.1194279734914544,0.1486220472440945,0.1901683501683501,0.1865715983363041,0.1741096664782362,0.1546374224262518,0.1394050623231628,0.4176688662267547,-0.5226027397260274,0.36773907839617,0.5062343246148335,0.2432507621951221,0.2629601261545395,0.2945247229326513,0.5701244770574221,0.3417358078602621,0.3999648877248929,0.0624725988543455,-0.0535619143337714,-0.0352196405099004,-0.1091289678131858,-0.6632519259983428,-0.1062796766827358,Information Technology,45.0,1.0,24,7.768217817762648,2920.163,1667.0,9.284892866743657,8.925295086810017,9.26357113825234,8.868603018923576
AMAT,2001Q2,2001,Q2,0,1,0,0,1909.435,854.972,1054.463,580.535,209.515,497.607,404.433,445.944,318.377,312.606,630.983,10546.566,7752.134,10773.019,7518.802,0.1637164920513136,0.1097261755440745,0.4477617724614873,0.2118076813298174,0.1667388520688057,336.312,327.413,303.946,253.283,223.28,203.3,171.2,166.1,141.2,125.6,154.0,181.9,0.142308867349849,0.1121214808899366,0.1112528861344027,0.1156527008065182,0.1339412117576484,0.1298626636857234,0.1194279734914544,0.1486220472440945,0.1901683501683501,0.1865715983363041,0.1741096664782362,0.1546374224262518,-0.1281242137668371,-0.3209710133490874,-0.2210517876308083,0.2342162719171836,-0.2576951879156386,-0.29522257752529,-0.3342291017234584,-0.0347572803091814,-0.0909228966893739,0.1084136988236819,0.415587279065829,0.0426681388161807,-0.1065835011492335,-0.1916538644574381,-0.2211860939680666,-0.126248694876716,Information Technology,45.0,2.0,25,7.555086243800979,2363.254,2190.031,9.263650401385885,8.95585242770174,9.284892866743657,8.925295086810017
AMAT,2001Q3,2001,Q3,0,0,1,0,1333.871,533.032,800.839,531.831,240.348,221.504,123.782,167.226,114.945,277.333,392.278,10233.286,7794.614,10546.566,7752.134,0.2079159079101352,0.1801883390522771,0.3996128561157713,0.0927990787714853,0.0861740003343651,312.606,336.312,327.413,303.946,253.283,223.28,203.3,171.2,166.1,141.2,125.6,154.0,0.1637164920513136,0.142308867349849,0.1121214808899366,0.1112528861344027,0.1156527008065182,0.1339412117576484,0.1298626636857234,0.1194279734914544,0.1486220472440945,0.1901683501683501,0.1865715983363041,0.1741096664782362,-0.5117652527719334,-0.8096246817968766,-0.6170477519250637,-0.0875583162798655,-0.7570682006372047,-0.8501862052021267,-0.8061246730601569,-0.4024151460385068,-0.081649262371187,-0.0598094625245065,0.8688585540060108,0.880961449062593,-0.2156390952320938,-0.6931521247751515,-0.6100742126938492,-0.5678458391124204,Information Technology,45.0,3.0,26,7.1965899369519635,1909.435,2732.028,9.233498735036699,8.961316546831114,9.263650401385885,8.95585242770174
AMAT,2001Q4,2001,Q4,0,0,0,1,1368.81,531.378,837.432,627.403,206.255,8.22,-96.025,-54.087,-38.134,272.548,234.414,9828.51,7606.737,10233.286,7794.614,0.199113098238616,0.1506819792374398,0.3882043526859097,-0.070152175977674,-0.0278592353942475,277.333,312.606,336.312,327.413,303.946,253.283,223.28,203.3,171.2,166.1,141.2,125.6,0.2079159079101352,0.1637164920513136,0.142308867349849,0.1121214808899366,0.1112528861344027,0.1156527008065182,0.1339412117576484,0.1298626636857234,0.1194279734914544,0.1486220472440945,0.1901683501683501,0.1865715983363041,-0.5312556182651449,-1.0574482861477228,-0.6478391312387045,-0.1675712326633335,-0.993142090544428,-1.0868024168179289,-1.0570368308161495,-0.4066051800665506,-0.252799443552857,0.5581496998701134,0.7758693219016097,0.5940469594146438,-0.2487144753438455,-1.1851807087194666,-1.1225578127146885,-0.7635072285388566,Information Technology,45.0,4.0,27,7.2224273230729725,1333.871,2920.163,9.19314436449289,8.93692103475284,9.233498735036699,8.961316546831114
AMAT,2002Q1,2002,Q1,1,0,0,0,1000.46,385.452,615.008,486.125,153.847,-8.816,-100.673,-64.532,-45.495,246.799,201.304,9810.153,7617.217,9828.51,7606.737,0.23146691054794627,0.1537762629190572,0.3852747736041421,-0.1006267117126122,-0.0454740819223157,272.548,277.333,312.606,336.312,327.413,303.946,253.283,223.28,203.3,171.2,166.1,141.2,0.199113098238616,0.2079159079101352,0.1637164920513136,0.142308867349849,0.1121214808899366,0.1112528861344027,0.1156527008065182,0.1339412117576484,0.1298626636857234,0.1194279734914544,0.1486220472440945,0.1901683501683501,-0.5766599781487728,-1.2901004304160688,-0.662696697253808,-0.2661605889769024,-1.0135119808478097,-1.179571837296746,-1.1062445772163236,-0.4961049005823804,-0.3741121046679088,-0.1649029921768439,0.7334515357515337,0.4784519842823758,-0.2032331333305187,-1.424178740558227,-1.6852657803235471,-0.5917888943640408,Information Technology,45.0,1.0,28,6.909214214218381,1368.81,2363.254,9.191275078782391,8.938297631799566,9.19314436449289,8.93692103475284
AMAT,2002Q2,2002,Q2,0,1,0,0,1156.472,462.74,693.732,423.378,166.499,136.205,39.362,73.802,52.03,256.879,308.909,9857.203,7675.136,9810.153,7617.217,0.2221229740106116,0.1439714926085543,0.4001307424650143,0.0340362758458484,0.0449902807850082,246.799,272.548,277.333,312.606,336.312,327.413,303.946,253.283,223.28,203.3,171.2,166.1,0.23146691054794627,0.199113098238616,0.2079159079101352,0.1637164920513136,0.142308867349849,0.1121214808899366,0.1112528861344027,0.1156527008065182,0.1339412117576484,0.1298626636857234,0.1194279734914544,0.1486220472440945,-0.3943381157253324,-0.8365773909547486,-0.4587659011055333,-0.1782659321957991,-0.7262799759649683,-0.9026736196106648,-0.8345038838957357,-0.3420992486222846,-0.2053122688113022,-0.2707106376015227,0.356753807924199,0.3120979738396527,-0.1063758295725654,-0.8393057530673373,-0.7301751797688837,-0.5104321352556249,Information Technology,45.0,2.0,29,7.05399359560301,1000.46,1909.435,9.196059179465557,8.945871574531866,9.191275078782391,8.938297631799566
AMAT,2002Q3,2002,Q3,0,0,1,0,1459.682,606.143,853.539,469.73,193.778,236.109,136.413,163.443,115.227,275.952,391.179,10209.82,7857.185,9857.203,7675.136,0.1890493956902942,0.1327535723534304,0.4152568847187264,0.0934539166750018,0.0789397964762188,256.879,246.799,272.548,277.333,312.606,336.312,327.413,303.946,253.283,223.28,203.3,171.2,0.2221229740106116,0.23146691054794627,0.199113098238616,0.2079159079101352,0.1637164920513136,0.142308867349849,0.1121214808899366,0.1112528861344027,0.1156527008065182,0.1339412117576484,0.1298626636857234,0.1194279734914544,0.0943202153731506,0.0024533472530341,0.1371606207507241,-0.0049795732927564,0.0659356038717133,0.1020423001728847,-0.022622080298518,0.0658059859722115,-0.1937607136319005,-0.1167682966957548,-0.0907410712796227,-0.2632510347136544,0.0391479612418248,0.0070565129760495,-0.0839487992907004,-0.0028015845905201,Information Technology,45.0,3.0,30,7.2866587289219344,1156.472,1333.871,9.23120322135198,8.969310942727507,9.196059179465557,8.945871574531866
AMAT,2002Q4,2002,Q4,0,0,0,1,1445.698,602.326,843.372,467.47,194.831,233.986,134.856,167.798,147.242,272.639,419.881,10224.765,8019.649,10209.82,7857.185,0.188586412929948,0.1347660438072128,0.4166333494270587,0.0932808926898978,0.101848380505472,275.952,256.879,246.799,272.548,277.333,312.606,336.312,327.413,303.946,253.283,223.28,203.3,0.1890493956902942,0.2221229740106116,0.23146691054794627,0.199113098238616,0.2079159079101352,0.1637164920513136,0.142308867349849,0.1121214808899366,0.1112528861344027,0.1156527008065182,0.1339412117576484,0.1298626636857234,0.0561714189697621,-4.861173755703572,0.1335170067259088,0.0003338861411568,27.4654501216545,-2.404384274928404,-4.102372104202488,0.0070931132318803,-0.0553877481758018,-0.2549127116064156,-0.0528678695765805,-0.1056260045877627,0.0732320401470369,-2.329693504013112,-4.655821097175624,0.7911942119497981,Information Technology,45.0,4.0,31,7.277038997177963,1459.682,1368.81,9.232665794738296,8.989774620279762,9.23120322135198,8.969310942727507
AMAT,2003Q1,2003,Q1,1,0,0,0,1054.209,390.382,663.827,507.561,165.018,85.96,-117.179,-93.149,-65.67,243.205,177.53500000000005,10024.914,8016.479,10224.765,8019.649,0.2306990359596626,0.156532528179896,0.3703079749840876,-0.1111534809511207,-0.0622931505991696,272.639,275.952,256.879,246.799,272.548,277.333,312.606,336.312,327.413,303.946,253.283,223.28,0.188586412929948,0.1890493956902942,0.2221229740106116,0.23146691054794627,0.199113098238616,0.2079159079101352,0.1637164920513136,0.142308867349849,0.1121214808899366,0.1112528861344027,0.1156527008065182,0.1339412117576484,0.0537242868280591,0.4434553247609629,0.0127901788030675,-0.0145624577084996,-10.750453720508164,0.163956572268632,0.4434544102150872,0.0793794552265985,0.0726111006389464,0.044095654409874,-0.0648051348822155,0.0179238668473142,-0.0388470765423962,0.1046120762504168,0.3698605439816516,-0.1180751500218574,Information Technology,45.0,1.0,32,6.961494130555511,1445.698,1000.46,9.212928420088675,8.989379312293533,9.232665794738296,8.989774620279762
AMAT,2003Q2,2003,Q2,0,1,0,0,1107.177,372.774,734.403,486.935,161.766,76.52,-114.161,-88.122,-62.126,232.438,170.31199999999998,9923.895,7937.922,10024.914,8016.479,0.2099375257975915,0.1461067200637296,0.3366887137286992,-0.1031099815115379,-0.0561120760275908,243.205,272.639,275.952,256.879,246.799,272.548,277.333,312.606,336.312,327.413,303.946,253.283,0.2306990359596626,0.188586412929948,0.1890493956902942,0.2221229740106116,0.2314767550939499,0.199113098238616,0.2079159079101352,0.1637164920513136,0.142308867349849,0.1121214808899366,0.1112528861344027,0.1156527008065182,-0.0426253294502591,-2.1940418989044783,-0.1944201927648355,-0.0951459636638263,-0.4381997724018943,-3.900284538387277,-2.194032682041137,0.0586263859819067,-0.0284265971567396,0.1501188063621634,-0.0548590179259796,0.0148309044831593,-0.1585532477346755,-4.02941432189958,-2.2472043972281392,-0.4486661120265192,Information Technology,45.0,2.0,33,7.010471601841408,1054.209,1156.472,9.20280152615434,8.979532776761872,9.212928420088675,8.989379312293533
AMAT,2003Q3,2003,Q3,0,0,1,0,1094.907,346.928,747.979,433.634,150.428,73.959,-86.706,-52.201,-36.802,217.025,180.223,9823.379,7865.093,9923.895,7937.922,0.1982131815761521,0.1373888375907725,0.3168561348132764,-0.0791902873942718,-0.033611987136807,232.438,243.205,272.639,275.952,256.879,246.799,272.548,277.333,312.606,336.312,327.413,303.946,0.2099375257975915,0.2306990359596626,0.188586412929948,0.1890493956902942,0.2221229740106116,0.23148659963995355,0.199113098238616,0.2079159079101352,0.1637164920513136,0.142308867349849,0.1121214808899366,0.1112528861344027,-0.2499003207547946,-1.3193869492393275,-0.4276466114431743,-0.2135407607120079,-0.686759081610612,-1.6356139077653888,-1.3193835159658107,-0.123673317798015,-0.223709605837608,-0.0768441445085474,0.0484729710581584,0.0349163126473286,-0.2369635604527101,-1.8473725897403144,-1.4257926753957737,-0.5392825279475636,Information Technology,45.0,3.0,34,6.999337609893057,1107.177,1459.682,9.192622228633002,8.970316775957714,9.20280152615434,8.979532776761872
AMAT,2003Q4,2003,Q4,0,0,0,1,1220.998,494.371,726.627,490.107,148.653,205.924,4.264,21.916,15.451,227.95,243.401,10311.622,8068.034,9823.379,7865.093,0.1866915424922891,0.1217471281689241,0.4048909171022393,0.0034922252124901,0.0126544023823134,217.025,232.438,243.205,272.639,275.952,256.879,246.799,272.548,277.333,312.606,336.312,327.413,0.1982131815761521,0.2099375257975915,0.2306990359596626,0.188586412929948,0.1890493956902942,0.2221229740106116,0.2314964441859572,0.199113098238616,0.2079159079101352,0.1637164920513136,0.142308867349849,0.1121214808899366,-0.1554266520393609,-0.8950639083957023,-0.1792301843187909,-0.1639127197502925,-0.1199302522373132,-0.968381087975322,-0.8693905767649197,-0.1384264594982996,-0.2370156699909151,0.0484244978287375,-0.0100477569312631,-0.0966038274219336,-0.0281840912182553,-0.9625622663786072,-0.8757525419696429,-0.420309563900248,Information Technology,45.0,4.0,35,7.108242503068991,1094.907,1445.698,9.24112386087599,8.995789051496835,9.192622228633002,8.970316775957714
AMAT,2004Q1,2004,Q1,1,0,0,0,1555.448,676.169,879.279,411.337,168.692,353.98,97.373,116.846,82.376,242.645,325.021,10630.979,8218.914,10311.622,8068.034,0.155996857497004,0.1084523558486043,0.4347101285288868,0.0626012570011983,0.0529596617823289,227.95,217.025,232.438,243.205,272.639,275.952,256.879,246.799,272.548,277.333,312.606,336.312,0.1866915424922891,0.1982131815761521,0.2099375257975915,0.2306990359596626,0.188586412929948,0.1890493956902942,0.2221229740106116,0.23150628873196083,0.199113098238616,0.2079159079101352,0.1637164920513136,0.142308867349849,0.4754645426096722,-2.2543931780112683,0.7320701261840965,-0.0023025842396332,3.117961842717544,-1.8309765401650464,-2.2543988663324352,0.3245604653019536,0.0222642378407205,-0.189581153792352,-0.3238079350956635,-0.3071577063908096,0.173915113622834,-1.5631965500812974,-1.8501682973638984,0.8307432337285603,Information Technology,45.0,1.0,36,7.350161581035769,1220.998,1054.209,9.27162162522183,9.014315025708392,9.24112386087599,8.995789051496835
AMAT,2004Q2,2004,Q2,0,1,0,0,2018.105,938.641,1079.464,423.607,179.432,606.504,515.034,529.572,373.348,244.175,617.523,11207.449,8636.376,10630.979,8218.914,0.1209922179470344,0.0889111319777712,0.4651100909021086,0.2552067409773029,0.1849992938920422,242.645,227.95,217.025,232.438,243.205,272.639,275.952,256.879,246.799,272.548,277.333,312.606,0.155996857497004,0.1866915424922891,0.1982131815761521,0.2099375257975915,0.2306990359596626,0.188586412929948,0.1890493956902942,0.2221229740106116,0.23151613327796447,0.199113098238616,0.2079159079101352,0.1637164920513136,0.8227483049232418,-7.009529021665648,1.5179894520540596,0.0504951858129911,6.926084683742813,-5.511470642338452,-7.009532239395384,0.4698523835006118,0.1092071263429892,-0.1300543193650075,-0.4236751267437175,-0.3914644587258583,0.3814246570702997,-3.475092490912197,-4.296960422584903,2.625833763915637,Information Technology,45.0,2.0,37,7.610409622904112,1555.448,1107.177,9.324423147885385,9.063854111967089,9.27162162522183,9.014315025708392
AMAT,2004Q3,2004,Q3,0,0,1,0,2236.152,1059.232,1176.92,445.688,188.907,701.787,613.544,624.924,440.571,256.781,697.3520000000001,11918.469,9103.413,11207.449,8636.376,0.1148316393518866,0.0844786043167011,0.4736851519932455,0.2743749083246577,0.1970219376858102,244.175,242.645,227.95,217.025,232.438,243.205,272.639,275.952,256.879,246.799,272.548,277.333,0.1209922179470344,0.155996857497004,0.1866915424922891,0.1982131815761521,0.2099375257975915,0.2306990359596626,0.188586412929948,0.1890493956902942,0.2221229740106116,0.2315259778239681,0.199113098238616,0.2079159079101352,1.0423214026396763,-12.97138742459649,2.0531752986210394,0.1831862688630341,8.488865452480429,-8.076142366156898,-12.97149479895021,0.5734666347584625,0.2557967931502114,0.0277976357942411,-0.4206659797357165,-0.3851130426743269,0.4949533871969642,-4.464754546963601,-6.86165694054012,2.8693840408826845,Information Technology,45.0,3.0,38,7.712958907326596,2018.105,1094.907,9.385928392647228,9.116514520012034,9.324423147885385,9.063854111967089
AMAT,2004Q4,2004,Q4,0,0,0,1,2203.358,1027.213,1176.145,489.489,214.59,625.848,537.714,557.908,455.008,248.272,703.28,12093.445,9262.027,11918.469,9103.413,0.112678920084707,0.0973922530973178,0.466203404076868,0.2440429562513218,0.2065066139955467,256.781,244.175,242.645,227.95,217.025,232.438,243.205,272.639,275.952,256.879,246.799,272.548,0.1148316393518866,0.1209922179470344,0.155996857497004,0.1866915424922891,0.1982131815761521,0.2099375257975915,0.2306990359596626,0.188586412929948,0.1890493956902942,0.2221229740106116,0.23153582236997172,0.199113098238616,0.8045549624159909,28.448449938515303,1.077818075898465,0.0891511296336915,2.039218352401857,125.10553470919324,24.456652673845596,0.6186365219018837,0.4435631975136729,-0.0012609491396777,-0.3964433600983235,-0.2000447602986896,0.1514296428614294,68.88179209590795,15.318954286152003,1.8893882933923851,Information Technology,45.0,4.0,39,7.6981915890240895,2236.152,1220.998,9.400501535261245,9.133786164072191,9.385928392647228,9.116514520012034
AMAT,2005Q1,2005,Q1,1,0,0,0,1780.576,790.225,990.351,408.015,166.253,461.491,382.21,409.596,288.765,241.762,530.527,12098.549,9299.834,12093.445,9262.027,0.1357774113545279,0.0933703475729202,0.4438030165519472,0.214655257624499,0.1621750489729166,248.272,256.781,244.175,242.645,227.95,217.025,232.438,243.205,272.639,275.952,256.879,246.799,0.112678920084707,0.1148316393518866,0.1209922179470344,0.155996857497004,0.1866915424922891,0.1982131815761521,0.2099375257975915,0.2306990359596626,0.188586412929948,0.1890493956902942,0.2221229740106116,0.2315456669159754,0.1447351502589606,2.5054506166844708,0.1686797235602342,-0.003639061179913,0.3037205491835695,2.925215408788884,2.505434503534566,0.1263216794669268,-0.0144583027055226,-0.0080761030493244,-0.1296144452324266,-0.1390657506484978,0.0209171294302066,2.428928873111764,2.062237248407609,0.6322852984884055,Information Technology,45.0,1.0,40,7.4852536448151525,2203.358,1555.448,9.400923458162914,9.137859352539923,9.400501535261245,9.133786164072191
AMAT,2005Q2,2005,Q2,0,1,0,0,1861.189,818.43,1042.759,406.912,181.323,486.126,411.518,442.152,304.83,225.589,530.419,11916.158,9181.944,12098.549,9299.834,0.1212069273996353,0.0974232063482,0.4397350295966717,0.2211048958488363,0.1637823993157062,241.762,248.272,256.781,244.175,242.645,227.95,217.025,232.438,243.205,272.639,275.952,256.879,0.1357774113545279,0.112678920084707,0.1148316393518866,0.1209922179470344,0.155996857497004,0.1866915424922891,0.1982131815761521,0.2099375257975915,0.2306990359596626,0.188586412929948,0.1890493956902942,0.2221229740106116,-0.0777541307315525,-0.1835231473049273,-0.1280691979148578,-0.076117538650558,-0.1984784931344229,-0.2009886725924891,-0.1650767034510888,-0.0340029866674571,0.0105388113602926,-0.0394115300266522,0.0017745724166731,0.0957368799731051,-0.054557107665027,-0.1336243901625602,-0.1146863543636946,-0.1410538554839253,Information Technology,45.0,2.0,41,7.5295079564452525,1780.576,2018.105,9.38573448937331,9.125103129369947,9.400923458162914,9.137859352539923
AMAT,2005Q3,2005,Q3,0,0,1,0,1631.938,717.089,914.849,414.392,177.944,375.024,302.697,339.307,369.591,236.448,606.039,11618.649,9071.645,11916.158,9181.944,0.1448878572592831,0.1090384561178181,0.4394094628594959,0.1854831494823945,0.2264736773088193,225.589,241.762,248.272,256.781,244.175,242.645,227.95,217.025,232.438,243.205,272.639,275.952,0.1212069273996353,0.1357774113545279,0.112678920084707,0.1148316393518866,0.1209922179470344,0.155996857497004,0.1866915424922891,0.1982131815761521,0.2099375257975915,0.2306990359596626,0.188586412929948,0.1890493956902942,-0.2702025622587373,-0.1611091061372628,-0.3230104453037672,-0.0791842075542972,-0.4656156355133395,-0.506641740445673,-0.4570427764016104,-0.2226752880399687,-0.0580338473428725,-0.0702195257669041,0.2617416077749541,0.2907227457149357,-0.0723596443534678,-0.3239791837564126,0.1494845699364482,-0.1309424795512167,Information Technology,45.0,3.0,42,7.398136125317676,1861.189,2236.152,9.360452823409227,9.113019121323797,9.38573448937331,9.125103129369947
AMAT,2005Q4,2005,Q4,0,0,0,1,1718.12,760.13,957.99,408.59,171.882,425.908,351.54,390.514,246.714,236.708,483.422,11269.157,8928.549,11618.649,9071.645,0.1377715177053989,0.1000407422065979,0.4424196214466975,0.2046073615347007,0.1435953251228086,236.448,225.589,241.762,248.272,256.781,244.175,242.645,227.95,217.025,232.438,243.205,272.639,0.1448878572592831,0.1212069273996353,0.1357774113545279,0.112678920084707,0.1148316393518866,0.1209922179470344,0.155996857497004,0.1866915424922891,0.1982131815761521,0.2099375257975915,0.2306990359596626,0.188586412929948,-0.2202265814270764,-0.4577809620929741,-0.2600074181304169,-0.0465779467680608,-0.3194705423681149,-0.3462323837579085,-0.3000387160607125,-0.1854830824430661,-0.19902138962673,-0.1652723554564045,0.2226911440208014,0.0271940429043533,-0.0510158922525778,-0.161592841368506,-0.3046453944283585,-0.3126180184279375,Information Technology,45.0,4.0,43,7.4495678109743055,1631.938,2203.358,9.329913537726496,9.097121168675805,9.360452823409227,9.113019121323797
AMAT,2006Q1,2006,Q1,1,0,0,0,1857.592,837.699,1019.893,478.913,206.036,428.462,143.939,183.925,142.78,272.877,415.657,11209.908,8667.579,11269.157,8928.549,0.1468982424558245,0.1109156370182472,0.4509596294557685,0.0774868754818065,0.07686294945284,236.708,236.448,225.589,241.762,248.272,256.781,244.175,242.645,227.95,217.025,232.438,243.205,0.1377715177053989,0.1448878572592831,0.1212069273996353,0.1357774113545279,0.112678920084707,0.1148316393518866,0.1209922179470344,0.155996857497004,0.1866915424922891,0.1982131815761521,0.2099375257975915,0.2306990359596626,0.0432534191183078,-0.5055494952643153,0.0600765604732829,0.1287009538306269,-0.0715701931348606,-0.623403364642474,-0.5509599703122101,0.0298298280104731,0.2392919225517735,0.1737632194894796,0.0819048690820816,0.1879107222089386,0.0161256517799797,-0.6390171089246928,-0.5260494759235361,-0.2165205540905552,Information Technology,45.0,1.0,44,7.5275744907989,1718.12,1780.576,9.324642511893895,9.067460157841184,9.329913537726496,9.097121168675805
AMAT,2006Q2,2006,Q2,0,1,0,0,2247.686,1044.625,1203.061,485.132,209.249,625.331,561.071,600.466,412.814,275.883,688.697,11451.756,8618.67,11209.908,8667.579,0.1227408988622076,0.0930952988985116,0.4647557532502315,0.2496216108477785,0.1836617748208602,272.877,236.708,236.448,225.589,241.762,248.272,256.781,244.175,242.645,227.95,217.025,232.438,0.1468982424558245,0.1377715177053989,0.1448878572592831,0.1212069273996353,0.1357774113545279,0.112678920084707,0.1148316393518866,0.1209922179470344,0.155996857497004,0.1866915424922891,0.1982131815761521,0.2099375257975915,0.2076613390687351,0.3542433487517633,0.2763767212834329,0.222945267721387,0.286355800759474,0.3634178820853524,0.3580533391231975,0.1537287139214334,0.1540124529155153,0.1922282950613401,0.0126558068542941,-0.0444237837360845,0.0568995462483599,0.128973693185149,0.1213767510319261,0.298401829497058,Information Technology,45.0,2.0,45,7.718101324604045,1857.592,1861.189,9.34598567870906,9.061802079862279,9.324642511893895,9.067460157841184
AMAT,2006Q3,2006,Q3,0,0,1,0,2543.443,1223.354,1320.089,545.219,240.893,740.006,680.781,722.511,512.04,304.326,816.366,11773.857,8665.944,11451.756,8618.67,0.1196511972157425,0.0947113813834239,0.4809834543176316,0.267661197833016,0.2013176627115291,275.883,272.877,236.708,236.448,225.589,241.762,248.272,256.781,244.175,242.645,227.95,217.025,0.1227408988622076,0.1468982424558245,0.1377715177053989,0.1448878572592831,0.1212069273996353,0.1357774113545279,0.112678920084707,0.1148316393518866,0.1209922179470344,0.155996857497004,0.1866915424922891,0.1982131815761521,0.558541439687047,0.3854233463477194,0.7060002314914884,0.2870736906211937,0.9732230470583214,1.2490510312292489,1.1293725151558909,0.4429583461314379,0.3537573618666547,0.3157083148323327,-0.1741806423320792,-0.1313946954541758,0.0946133275956082,0.4430485927155425,-0.1110769909166415,0.3470519224010335,Information Technology,45.0,3.0,46,7.841667044520361,2247.686,1631.938,9.373721774437202,9.06727152782352,9.34598567870906,9.061802079862279
AMAT,2006Q4,2006,Q4,0,0,0,1,2518.293,1186.124,1332.169,1122.46,250.564,136.692,62.174,660.069,449.029,299.24,748.269,9480.837,6651.4,11773.857,8665.944,0.1188265225690577,0.0994975564797265,0.4710031755637648,0.0246889460440067,0.1783068928039747,304.326,275.883,272.877,236.708,236.448,225.589,241.762,248.272,256.781,244.175,242.645,227.95,0.1196511972157425,0.1227408988622076,0.1468982424558245,0.1377715177053989,0.1448878572592831,0.1212069273996353,0.1357774113545279,0.112678920084707,0.1148316393518866,0.1209922179470344,0.155996857497004,0.1866915424922891,0.4657259097152704,0.8200385871900258,0.5604225592990673,0.2641735809520591,-0.6790574490265504,-0.8231381919553963,0.6902569434130401,0.3905875844215494,0.4577675381948081,1.7471548496047389,-0.1375102448740669,-0.005429645111485,0.0646073382179568,-0.8793350060387752,0.2417318784680444,0.5478588065913426,Information Technology,45.0,4.0,47,7.831733585586841,2543.443,1718.12,9.15713335284816,8.802732970795985,9.373721774437202,9.06727152782352
AMAT,2007Q1,2007,Q1,1,0,0,0,2277.267,1062.538,1214.729,516.29,228.723,607.152,549.526,565.224,403.476,287.567,691.043,9808.003,6966.711,9480.837,6651.4,0.1262772437311918,0.1004374981062826,0.4665847263408287,0.2413094292412791,0.1771755354115262,299.24,304.326,275.883,272.877,236.708,236.448,225.589,241.762,248.272,256.781,244.175,242.645,0.1188265225690577,0.1196511972157425,0.1227408988622076,0.1468982424558245,0.1377715177053989,0.1448878572592831,0.1212069273996353,0.1357774113545279,0.112678920084707,0.1148316393518866,0.1209922179470344,0.155996857497004,0.225924207253261,1.825857963300182,0.2684007024002655,0.053833778588888,0.417049820054054,2.817770027581128,2.073122196547506,0.1910357262967781,0.1101118251179407,0.0780454905170666,-0.1403760751653231,-0.0944694471730869,0.0346485491482178,2.1141974397707792,1.3050837454557205,0.6625318471720671,Information Technology,45.0,1.0,48,7.731170345216058,2518.293,1857.592,9.191055916405842,8.849042042356485,9.15713335284816,8.802732970795985
AMAT,2007Q2,2007,Q2,0,1,0,0,2529.561,1136.61,1392.951,547.586,231.498,677.142,589.024,608.277,411.444,291.044,702.488,9896.223,7037.74,9808.003,6966.711,0.1150571186067463,0.0915170656094081,0.4493309313355162,0.2328562149716887,0.1626543103724322,287.567,299.24,304.326,275.883,272.877,236.708,236.448,225.589,241.762,248.272,256.781,244.175,0.1262772437311918,0.1188265225690577,0.1196511972157425,0.1227408988622076,0.1468982424558245,0.1377715177053989,0.1448878572592831,0.1212069273996353,0.1357774113545279,0.112678920084707,0.1148316393518866,0.1209922179470344,0.1254067516548129,-0.0033186858972805,0.0880555223166206,0.0549544553307017,0.0828537206695334,0.0498207891692852,0.0130082302744869,0.1578390455679306,0.1063278677556402,0.1287360965675321,-0.0626016293402516,-0.0169528784780426,-0.0331890929952841,-0.0671632388684226,-0.1143812558106782,0.0200247714161672,Information Technology,45.0,2.0,49,7.836196296271513,2277.267,2247.686,9.200009491723277,8.859184455861017,9.191055916405842,8.849042042356485
AMAT,2007Q3,2007,Q3,0,0,1,0,2560.984,1216.39,1344.594,542.912,250.328,736.81,671.862,686.907,473.515,292.584,766.0989999999999,10365.383,7388.137,9896.223,7037.74,0.1142467114202978,0.0977468035723768,0.4749697772418727,0.262345254792689,0.1848957275797115,291.044,287.567,299.24,304.326,275.883,272.877,236.708,236.448,225.589,241.762,248.272,256.781,0.1150571186067463,0.1262772437311918,0.1188265225690577,0.1196511972157425,0.1227408988622076,0.1468982424558245,0.1377715177053989,0.1448878572592831,0.1212069273996353,0.1357774113545279,0.112678920084707,0.1148316393518866,0.0068965571471426,-0.0752382626357315,-0.0056925468834041,-0.0385836241399026,-0.0043188839009413,-0.0131011294381012,-0.0492781424781074,0.0185631423335852,0.0391667669878328,-0.0042313272281413,-0.0451686729527658,0.0320491808335525,-0.0125028772232725,-0.0198607160222134,-0.0815722520847505,-0.061574097892367,Information Technology,45.0,3.0,50,7.8485372373161795,2529.561,2543.443,9.246323445780781,8.907766227691335,9.200009491723277,8.859184455861017
AMAT,2007Q4,2007,Q4,0,0,0,1,2367.044,1076.905,1290.139,512.772,241.894,645.157,561.094,579.245,421.761,270.878,692.639,10654.075,7821.409,10365.383,7388.137,0.11443724746984,0.102192439177303,0.4549577447652008,0.2370441783084725,0.1781804647484373,292.584,291.044,287.567,299.24,304.326,275.883,272.877,236.708,236.448,225.589,241.762,248.272,0.1142467114202978,0.1150571186067463,0.1262772437311918,0.1188265225690577,0.1196511972157425,0.1227408988622076,0.1468982424558245,0.1377715177053989,0.1448878572592831,0.1212069273996353,0.1357774113545279,0.112678920084707,-0.0600601280311704,-0.0607265900420684,-0.0920805919111323,-0.0947801096110146,3.719786088432389,8.024576189403932,-0.1224478046992055,-0.0315500510821076,-0.0346019380278092,-0.5431712488641021,-0.0369385134254584,0.0270849133679536,-0.0340665023741262,8.601227119454729,-0.0007090474941785,-0.0743449214119521,Information Technology,45.0,4.0,51,7.769819576912351,2560.984,2518.293,9.273791583456795,8.964747842365753,9.246323445780781,8.907766227691335
AMAT,2008Q1,2008,Q1,1,0,0,0,2087.397,934.981,1152.416,562.098,239.893,500.343,372.883,389.322,262.376,273.219,535.595,10352.488,7458.731,10654.075,7821.409,0.1308898115691457,0.1149244729201009,0.4479171906446162,0.1786354009323573,0.1256953037682817,270.878,292.584,291.044,287.567,299.24,304.326,275.883,272.877,236.708,236.448,225.589,241.762,0.11443724746984,0.1142467114202978,0.1150571186067463,0.1262772437311918,0.1188265225690577,0.1196511972157425,0.1227408988622076,0.1468982424558245,0.1377715177053989,0.1448878572592831,0.1212069273996353,0.1357774113545279,-0.0833762575929831,-0.3497110113117013,-0.1200493535290032,-0.0498944593781623,-0.1759180567633805,-0.3214461190189362,-0.3112075920343086,-0.051297861498326,0.0488363653852039,0.0887253287880842,0.0365273084972672,0.1442387065285937,-0.0400088872231456,-0.2597247380924166,-0.2905606099830384,-0.2249469280493399,Information Technology,45.0,1.0,52,7.644152065028949,2367.044,2277.267,9.24507874675106,8.917274633566432,9.273791583456795,8.964747842365753
AMAT,2008Q2,2008,Q2,0,1,0,0,2149.998,966.828,1183.17,528.567,241.445,514.108,437.751,454.143,302.507,287.122,589.629,10970.95,7710.804,10352.488,7458.731,0.1335452405072004,0.1123001044652134,0.4496878601747536,0.2036053056793541,0.1407010611172661,273.219,270.878,292.584,291.044,287.567,299.24,304.326,275.883,272.877,236.708,236.448,225.589,0.1308898115691457,0.11443724746984,0.1142467114202978,0.1150571186067463,0.1262772437311918,0.1188265225690577,0.1196511972157425,0.1227408988622076,0.1468982424558245,0.1377715177053989,0.1448878572592831,0.1212069273996353,-0.1500509376923505,-0.264767501774239,-0.149375775331908,-0.0134756256785913,-0.2407678153179098,-0.25681975607106,-0.2533944239219962,-0.1506018517521434,0.0429679738053891,-0.0347324438535682,0.1606864670724517,0.2270946813844172,0.0007943562624912,-0.1256179024291495,-0.1349687518572323,-0.1606561250868342,Information Technology,45.0,2.0,53,7.673687199467205,2087.397,2529.561,9.30309729499279,8.950507421029657,9.24507874675106,8.917274633566432
AMAT,2008Q3,2008,Q3,0,0,1,0,1848.168,742.314,1105.854,513.844,245.285,314.188,228.332,242.564,164.768,268.559,433.327,10998.441,7540.795,10970.95,7710.804,0.1453109241151237,0.132717913090152,0.4016485514303894,0.1235450456884872,0.0891520684266798,287.122,273.219,270.878,292.584,291.044,287.567,299.24,304.326,275.883,272.877,236.708,236.448,0.1335452405072004,0.1308898115691457,0.11443724746984,0.1142467114202978,0.1150571186067463,0.1262772437311918,0.1188265225690577,0.1196511972157425,0.1227408988622076,0.1468982424558245,0.1377715177053989,0.1448878572592831,-0.2783367643062198,-0.6520321425931597,-0.3897401326877071,-0.082113170918437,-0.5735834204204612,-0.6601504475621482,-0.6468750500431646,-0.1775554554014073,-0.0201455690134543,-0.0535409053400919,0.2719046553606694,0.3577724103467041,-0.1543702974897817,-0.5290745937596043,-0.5178251569482862,-0.4343720589636587,Information Technology,45.0,3.0,54,7.522491087183895,2149.998,2560.984,9.305599732307401,8.928215496329823,9.30309729499279,8.950507421029657
AMAT,2008Q4,2008,Q4,0,0,0,1,2043.677,798.705,1244.972,513.763,238.541,364.954,294.628,322.689,231.095,275.222,506.317,10906.318,7448.958,10998.441,7540.795,0.1346700090082728,0.1167214780026393,0.390817629204615,0.144165638699266,0.1130780451118254,268.559,287.122,273.219,270.878,292.584,291.044,287.567,299.24,304.326,275.883,272.877,236.708,0.1453109241151237,0.1335452405072004,0.1308898115691457,0.11443724746984,0.1142467114202978,0.1150571186067463,0.1262772437311918,0.1188265225690577,0.1196511972157425,0.1227408988622076,0.1468982424558245,0.1377715177053989,-0.1366121626805416,-0.4520711967204175,-0.2583329077309512,0.0160367397869152,-0.4343175382116291,-0.4749043832227756,-0.4429144835087052,-0.0350094059632333,-0.0138614434421688,0.0019326328270654,0.1768022386571746,0.1421733245854775,-0.1409803796035781,-0.3918195345356294,-0.3653734977542361,-0.2690030448761908,Information Technology,45.0,4.0,55,7.622995109791817,1848.168,2367.044,9.297189219091882,8.915963673773822,9.305599732307401,8.928215496329823
AMAT,2009Q1,2009,Q1,1,0,0,0,1333.396,391.576,941.82,587.668,225.356,-125.437,-196.092,-202.659,-132.934,229.54,96.606,10427.603,7356.671,10906.318,7448.958,0.1721469090952725,0.169009056574341,0.2936681975947131,-0.1470620880818601,-0.099695814296728,275.222,268.559,287.122,273.219,270.878,292.584,291.044,287.567,299.24,304.326,275.883,272.877,0.1346700090082728,0.1453109241151237,0.1335452405072004,0.1308898115691457,0.11443724746984,0.1142467114202978,0.1150571186067463,0.1262772437311918,0.1188265225690577,0.1196511972157425,0.1227408988622076,0.1468982424558245,-0.3612159067010252,-1.506654572064518,-0.5811936285336279,-0.1598680911649629,-1.250702018415367,-1.5258807722529588,-1.5205434062292909,-0.1827430372365533,-0.0605978498747358,0.0454902881703902,0.3152048049540645,0.4706098038129904,-0.3443694421013783,-1.8232527668888383,-1.7931546470544075,-0.8196286373099078,Information Technology,45.0,1.0,56,7.196234033998071,2043.677,2087.397,9.252307598467892,8.903498721427761,9.297189219091882,8.915963673773822
AMAT,2009Q2,2009,Q2,0,1,0,0,1020.077,155.519,864.558,448.802,185.758,-302.87,-293.283,-382.808,-255.39,236.335,-19.05499999999998,9749.099,7095.899,10427.603,7356.671,0.23146691054794627,0.182101939363401,0.1524580987513688,-0.287510648705931,-0.250363452955022,229.54,275.222,268.559,287.122,273.219,270.878,292.584,291.044,287.567,299.24,304.326,275.883,0.1721469090952725,0.1346700090082728,0.1453109241151237,0.1335452405072004,0.1308898115691457,0.11443724746984,0.1142467114202978,0.1150571186067463,0.1262772437311918,0.1188265225690577,0.1196511972157425,0.1227408988622076,-0.5255451400419908,-1.8442449265636829,-0.8391451219865373,-0.1768829974714582,-1.5891174617006545,-1.669976767614466,-1.842923924843056,-0.2692867466213646,-0.230640518544596,-0.150908021121258,0.7348689453858481,0.6215651822461989,-0.6609690581993433,-2.4120980185001386,-2.77939989199057,-1.0323169314942109,Information Technology,45.0,2.0,57,6.928613231579573,1333.396,2149.998,9.185032717786497,8.86741320705835,9.252307598467892,8.903498721427761
AMAT,2009Q3,2009,Q3,0,0,1,0,1133.74,324.874,808.866,402.057,168.005,4.21,-77.183,-74.184,-54.865,234.052,179.18699999999998,9580.281,7013.609,9749.099,7095.899,0.2064423941997283,0.1481865330675463,0.2865507082752659,-0.0680782189920087,-0.0483929295958509,236.335,229.54,275.222,268.559,287.122,273.219,270.878,292.584,291.044,287.567,299.24,304.326,0.23146691054794627,0.1721469090952725,0.1346700090082728,0.1453109241151237,0.1335452405072004,0.1308898115691457,0.11443724746984,0.1142467114202978,0.1150571186067463,0.1262772437311918,0.1188265225690577,0.1196511972157425,-0.3865600962683045,-1.3329833462808311,-0.5623496256301241,-0.1284894566929428,-0.9866003793906832,-1.3380297111224009,-1.3058326874556818,-0.2685598641411977,-0.3150620706525062,-0.217550462786371,0.4206942489483631,0.1165526161256536,-0.2865635709259401,-1.5510396520769003,-1.542813312689992,-0.5864854947880007,Information Technology,45.0,3.0,58,7.034158828783975,1020.077,1848.168,9.167566578100866,8.85575025327824,9.185032717786497,8.86741320705835
AMAT,2009Q4,2009,Q4,0,0,0,1,1526.394,558.836,967.558,389.587,155.399,250.801,172.942,173.848,137.862,234.188,372.05,9574.243,7094.608,9580.281,7013.609,0.1534256554991699,0.1018079211527299,0.3661151707881451,0.1133010218855682,0.090318751252953,234.052,236.335,229.54,275.222,268.559,287.122,273.219,270.878,292.584,291.044,287.567,299.24,0.2064423941997283,0.23146691054794627,0.1721469090952725,0.1346700090082728,0.1453109241151237,0.1335452405072004,0.1308898115691457,0.11443724746984,0.1142467114202978,0.1150571186067463,0.1262772437311918,0.1188265225690577,-0.2531138726912325,-0.4034401436638611,-0.3003223968799494,-0.1490941857845665,-0.3127873649829842,-0.4130157350964606,-0.4612521653976429,-0.2228275013413956,-0.3485438561924365,-0.2416989935047873,0.1392711460333007,-0.1277704592600536,-0.063207124168743,-0.2140913541685365,-0.2012706696190688,-0.2651836695192934,Information Technology,45.0,4.0,59,7.331318294202493,1133.74,2043.677,9.166936192316895,8.867231280073419,9.167566578100866,8.85575025327824
AMAT,2010Q1,2010,Q1,1,0,0,0,1848.902,711.184,1137.718,595.0,221.994,200.0,116.343,118.734,82.751,269.003,351.754,10003.838,7148.143,9574.243,7094.608,0.1454933793137764,0.1200680187484247,0.3846520799912596,0.0629254552161228,0.0447568340561046,234.188,234.052,236.335,229.54,275.222,268.559,287.122,273.219,270.878,292.584,291.044,287.567,0.1534256554991699,0.2064423941997283,0.23146691054794627,0.1721469090952725,0.1346700090082728,0.1453109241151237,0.1335452405072004,0.1308898115691457,0.11443724746984,0.1142467114202978,0.1150571186067463,0.1262772437311918,0.3866113292675244,-1.6224968781500595,0.8162093693178334,0.1719221050797246,-2.594425887098703,-1.5933082430695795,-1.5858807158823442,0.2079994054065532,-0.0149186176538455,0.0124764322712824,-0.1548301385228182,-0.2895764216303336,0.3098186427463012,-1.427883596900217,-1.4489339334035969,2.6411195991967378,Information Technology,45.0,1.0,60,7.52288794369628,1526.394,1333.396,9.210824054982696,8.874747768364392,9.166936192316895,8.867231280073419
AMAT,2010Q2,2010,Q2,0,1,0,0,2295.54,926.892,1368.648,541.0,226.199,479.0,385.797,387.052,264.004,305.928,569.932,10449.749,7321.081,10003.838,7148.143,0.1332706029953736,0.0985384702510084,0.4037795028620717,0.1680637235683107,0.1150073621021633,269.003,234.188,234.052,236.335,229.54,275.222,268.559,287.122,273.219,270.878,292.584,291.044,0.1454933793137764,0.1534256554991699,0.2064423941997283,0.23146691054794627,0.1721469090952725,0.1346700090082728,0.1453109241151237,0.1335452405072004,0.1308898115691457,0.11443724746984,0.1142467114202978,0.1150571186067463,1.2503595316824123,-2.033728806922745,4.9599920266977024,0.2944675989591045,-2.5815366328787928,-2.315442763474187,-2.01108649766985,0.5830609398097062,0.2177079856587602,0.2054313483451499,-0.4247729837234784,-0.4588829169228891,1.6484621425101338,-1.5845478222276494,-1.4593616230513664,-30.90983993702444,Information Technology,45.0,2.0,61,7.73915892142387,1848.902,1020.077,9.2544289294656,8.898649856170207,9.210824054982696,8.874747768364392
AMAT,2010Q3,2010,Q3,0,0,1,0,2517.79,860.128,1657.662,542.146,251.748,256.0,182.651,177.831,123.096,290.398,413.494,10726.148,7278.139,10449.749,7321.081,0.1153384515785669,0.0999876876149321,0.3416202304401876,0.0725441756461023,0.0488904952359013,305.928,269.003,234.188,234.052,236.335,229.54,275.222,268.559,287.122,273.219,270.878,292.584,0.1332706029953736,0.1454933793137764,0.1534256554991699,0.2064423941997283,0.2314767550939499,0.1721469090952725,0.1346700090082728,0.1453109241151237,0.1335452405072004,0.1308898115691457,0.11443724746984,0.1142467114202978,1.220782542734666,-3.2436161487286976,1.6475741364344332,0.2407413737118249,59.80760095011877,-3.366466708990321,-3.397161112908444,1.0493654078673105,0.4984554031130026,0.3484306951501901,-0.4413044276798127,-0.3252579330582235,0.1921807225547698,-2.065600374396072,-2.010281783810276,1.3076116012880403,Information Technology,45.0,3.0,62,7.831533906462194,2295.54,1133.74,9.280533003463193,8.892767864965606,9.2544289294656,8.898649856170207
AMAT,2010Q4,2010,Q4,0,0,0,1,2886.435,1216.798,1669.637,520.099,241.907,777.867,698.917,703.349,468.015,278.192,746.207,10943.345,7536.113,10726.148,7278.139,0.09729036462325251,0.0838082271036763,0.4215573882661484,0.2421384857098809,0.1621429202459088,290.398,305.928,269.003,234.188,234.052,236.335,229.54,275.222,268.559,287.122,273.219,270.878,0.1153384515785669,0.1332706029953736,0.1454933793137764,0.1534256554991699,0.2064423941997283,0.23148659963995355,0.1721469090952725,0.1346700090082728,0.1453109241151237,0.1335452405072004,0.1308898115691457,0.11443724746984,0.8910156879547482,2.3948078513295905,1.1773794100594808,0.1879003194015065,2.101530695651134,3.041337558256525,3.0457698679306064,0.7256195494223601,0.5566831189389894,0.3350009112213705,-0.3718188976600743,-0.1768005263760451,0.1514338161913679,1.1371253469755636,0.7952298719432029,1.0056632173095017,Information Technology,45.0,4.0,63,7.9681238437541655,2517.79,1526.394,9.300578163488264,8.927594496433747,9.280533003463193,8.892767864965606
AMAT,2011Q1,2011,Q1,1,0,0,0,2686.0,1136.0,1550.0,462.0,221.0,748.0,674.0,680.0,506.0,270.0,776.0,11274.0,7839.0,10943.345,7536.113,0.1005212211466865,0.0822784810126582,0.422933730454207,0.2509307520476545,0.1883842144452717,278.192,290.398,305.928,269.003,234.188,234.052,236.335,229.54,275.222,268.559,287.122,273.219,0.09729036462325251,0.1153384515785669,0.1332706029953736,0.1454933793137764,0.1534256554991699,0.2064423941997283,0.2314964441859572,0.1721469090952725,0.1346700090082728,0.1453109241151237,0.1335452405072004,0.1308898115691457,0.452754121094574,5.114729731362763,0.5973362730320142,0.0037062783686427,2.74,4.793214890453228,4.727087439149696,0.3623762654717599,-0.004477598493653,-0.2235294117647058,-0.3091010627370288,-0.3147344157893195,0.0995227959350102,2.9877463132497235,3.209060323818345,1.2060872086742438,Information Technology,45.0,1.0,64,7.8961806086154915,2886.435,1848.902,9.330343164370879,8.966994113344454,9.300578163488264,8.927594496433747
AMAT,2011Q2,2011,Q2,0,1,0,0,2862.0,1189.0,1673.0,516.0,219.0,756.0,677.0,686.0,489.0,297.0,786.0,11957.0,8182.0,11274.0,7839.0,0.1037735849056603,0.0765199161425576,0.4154437456324248,0.2365478686233403,0.1708595387840671,270.0,278.192,290.398,305.928,269.003,234.188,234.052,236.335,229.54,275.222,268.559,287.122,0.1005212211466865,0.09729036462325251,0.1153384515785669,0.1332706029953736,0.1454933793137764,0.1534256554991699,0.2064423941997283,0.23150628873196083,0.1721469090952725,0.1346700090082728,0.1453109241151237,0.1335452405072004,0.2467654669489531,0.8522446629596521,0.2827815969929614,-0.0291833372558248,0.5782881002087683,0.7548088761706284,0.7723716709899444,0.222374197017787,-0.0318259585586143,-0.0462107208872458,-0.2213317672970776,-0.2234513490250319,0.0288876544937883,0.4074891570945929,0.4856400117436756,0.3791118940505182,Information Technology,45.0,2.0,65,7.959625305098115,2686.0,2295.54,9.38915578944085,9.009814110527381,9.330343164370879,8.966994113344454
AMAT,2011Q3,2011,Q3,0,0,1,0,2787.0,1184.0,1603.0,522.0,240.0,753.0,687.0,669.0,476.0,282.0,758.0,14103.0,8551.0,11957.0,8182.0,0.1011840688912809,0.0861141011840689,0.4248295658414065,0.2465016146393972,0.1707929673484033,297.0,270.0,278.192,290.398,305.928,269.003,234.188,234.052,236.335,229.54,275.222,268.559,0.1037735849056603,0.1005212211466865,0.09729036462325251,0.1153384515785669,0.1332706029953736,0.1454933793137764,0.1534256554991699,0.2064423941997283,0.23151613327796447,0.1721469090952725,0.1346700090082728,0.1453109241151237,0.1069231349715424,2.8669006304022875,0.3765393057777446,-0.0289189319485672,1.94140625,2.7612714959129705,2.7619987516237328,-0.0329753592710697,-0.04666571333238,-0.0371597318803421,-0.1227204153824121,-0.1387529481058962,0.2435726224234473,2.3979518334032,2.493377731690196,0.8331584013310953,Information Technology,45.0,3.0,66,7.933079771880415,2862.0,2517.79,9.554213724077707,9.053920452704881,9.38915578944085,9.009814110527381
AMAT,2011Q4,2011,Q4,0,0,0,1,2181.0,851.0,1330.0,490.0,222.0,426.0,361.0,343.0,455.0,268.0,723.0,13861.0,8800.0,14103.0,8551.0,0.1228794131132508,0.1017881705639614,0.3901879871618524,0.16552040348464,0.20861989912884,282.0,297.0,270.0,278.192,290.398,305.928,269.003,234.188,234.052,236.335,229.54,275.222,0.1011840688912809,0.1037735849056603,0.1005212211466865,0.09729036462325251,0.1153384515785669,0.1332706029953736,0.1454933793137764,0.1534256554991699,0.2064423941997283,0.2315259778239681,0.1721469090952725,0.1346700090082728,-0.2443966346028925,-0.0278089377477217,-0.3006234395520045,-0.0366365675504687,-0.4523485377320287,-0.4834865942594042,-0.5123331376030961,-0.2034196654721954,-0.0822919551728557,-0.0578716744312141,0.2749591605421653,0.214536735612397,-0.0744131213861944,-0.3164225711605426,0.2866420489555961,-0.0310999494778257,Information Technology,45.0,4.0,67,7.687997166393016,2787.0,2886.435,9.53690656247793,9.082620630373812,9.554213724077707,9.053920452704881
AMAT,2012Q1,2012,Q1,1,0,0,0,2189.0,786.0,1403.0,607.0,303.0,295.0,179.0,159.0,117.0,304.0,421.0,13597.0,8650.0,13861.0,8800.0,0.1388761991777067,0.1384193695751484,0.3590680676107812,0.081772498857926,0.0534490634993147,268.0,282.0,297.0,270.0,278.192,290.398,305.928,269.003,234.188,234.052,236.335,229.54,0.1228794131132508,0.1011840688912809,0.1037735849056603,0.1005212211466865,0.09724894338577258,0.1153384515785669,0.1332706029953736,0.1454933793137764,0.1534256554991699,0.2064423941997283,0.23153582236997172,0.1721469090952725,-0.1850335070737155,-0.7687747035573123,-0.3080985915492957,0.125925925925926,-0.6056149732620321,-0.7344213649851632,-0.7661764705882352,-0.0948387096774193,0.3710407239819004,0.3138528138528138,0.3815610036715564,0.6823277225287276,-0.151006311969579,-0.674123246391114,-0.7162763151004754,-0.4574742268041237,Information Technology,45.0,1.0,68,7.691656822810547,2181.0,2686.0,9.517678002086406,9.065430200180375,9.53690656247793,9.082620630373812
AMAT,2012Q2,2012,Q2,0,1,0,0,2541.0,1011.0,1530.0,602.0,281.0,518.0,409.0,387.0,289.0,321.0,610.0,13877.0,8703.0,13597.0,8650.0,0.1263282172373081,0.110586383313656,0.3978748524203069,0.1609602518693428,0.1137347500983864,304.0,268.0,282.0,297.0,270.0,278.192,290.398,305.928,269.003,234.188,234.052,236.335,0.1388761991777067,0.1228794131132508,0.1011840688912809,0.1037735849056603,0.1005212211466865,0.09720752214829266,0.1153384515785669,0.1332706029953736,0.1454933793137764,0.1534256554991699,0.2064423941997283,0.2315456669159754,-0.1121593291404612,-0.4089979550102249,-0.1497056349873843,0.0808080808080808,-0.3148148148148147,-0.395864106351551,-0.4358600583090378,-0.0854751942618051,0.2831050228310503,0.1666666666666667,0.2173446388322419,0.4451973928935324,-0.0422894637284116,-0.3195446959378744,-0.3343377202830633,-0.2239185750636132,Information Technology,45.0,2.0,69,7.8407064517494,2189.0,2862.0,9.538060131459494,9.071537969095724,9.517678002086406,9.065430200180375
AMAT,2012Q3,2012,Q3,0,0,1,0,2343.0,930.0,1413.0,608.0,255.0,431.0,322.0,302.0,218.0,309.0,527.0,13320.0,8339.0,13877.0,8703.0,0.1318822023047375,0.1088348271446863,0.3969270166453265,0.137430644472898,0.0930431071276141,321.0,304.0,268.0,282.0,297.0,270.0,278.192,290.398,305.928,269.003,234.188,234.052,0.1263282172373081,0.1388761991777067,0.1228794131132508,0.1011840688912809,0.1037735849056603,0.1005212211466865,0.09716610091081274,0.1153384515785669,0.1332706029953736,0.1454933793137764,0.1534256554991699,0.2064423941997283,-0.1593110871905274,-0.5420168067226891,-0.2145270270270269,0.0957446808510638,-0.4276228419654714,-0.5312954876273653,-0.5485799701046338,-0.1185277604491578,0.0625,0.1647509578544062,0.3033889993734164,0.2638444302176694,-0.0656793957850295,-0.4424756824658418,-0.4552286983935699,-0.3047493403693931,Information Technology,45.0,3.0,70,7.759614150696903,2541.0,2787.0,9.497097016351463,9.028818495352793,9.538060131459494,9.071537969095724
AMAT,2012Q4,2012,Q4,0,0,0,1,1646.0,586.0,1060.0,540.0,237.0,-412.0,-499.0,-532.0,-515.0,303.0,-212.0,12102.0,7235.0,13320.0,8339.0,0.1840826245443499,0.1439854191980558,0.3560145808019441,-0.3031591737545565,-0.3128797083839611,309.0,321.0,304.0,268.0,282.0,297.0,270.0,278.192,290.398,305.928,269.003,234.188,0.1318822023047375,0.1263282172373081,0.1388761991777067,0.1228794131132508,0.1011840688912809,0.1037735849056603,0.1005212211466865,0.09712467967333281,0.1153384515785669,0.1332706029953736,0.1454933793137764,0.1534256554991699,-0.2453003209536909,-2.131868131868132,-0.3113983548766157,0.1305970149253732,-1.9671361502347415,-2.382271468144044,-2.5510204081632653,-0.2030075187969925,0.0675675675675675,0.1020408163265305,0.4980753885493552,0.4145594561754948,-0.0875819027860869,-2.831551684096088,-2.499759657110811,-1.293222683264177,Information Technology,45.0,4.0,71,7.4067107301776405,2343.0,2181.0,9.401208634738603,8.886823846515187,9.497097016351463,9.028818495352793
AMAT,2013Q1,2013,Q1,1,0,0,0,1573.0,582.0,991.0,534.0,230.0,148.0,39.0,18.0,34.0,304.0,338.0,11714.0,7141.0,12102.0,7235.0,0.193261284170375,0.1462174189446916,0.3699936427209154,0.024793388429752,0.0216147488874761,303.0,309.0,321.0,304.0,268.0,282.0,297.0,270.0,278.192,290.398,305.928,269.003,0.1840826245443499,0.1318822023047375,0.1263282172373081,0.1388761991777067,0.1228794131132508,0.1011840688912809,0.1037735849056603,0.1005212211466865,0.09708325843585289,0.1153384515785669,0.1332706029953736,0.1454933793137764,-0.2814070351758794,-0.7094017094017093,-0.2595419847328244,0.0,-0.4983050847457627,-0.782122905027933,-0.8867924528301887,-0.2936564504632929,-0.2409240924092409,-0.1202635914332784,0.3916083916083916,0.0563364028710562,0.0304275876794959,-0.696800406297613,-0.5956009802163649,-0.1971496437054631,Information Technology,45.0,1.0,72,7.3613754289773485,1646.0,2189.0,9.368625350941896,8.873748128154395,9.401208634738603,8.886823846515187
AMAT,2013Q2,2013,Q2,0,1,0,0,1973.0,808.0,1165.0,876.0,244.0,40.0,-68.0,-90.0,-129.0,344.0,215.0,11695.0,6898.0,11714.0,7141.0,0.1743537759756715,0.1236695387734414,0.4095286365940193,-0.0344652812975164,-0.0653826659908768,304.0,303.0,309.0,321.0,304.0,268.0,282.0,297.0,270.0,278.192,290.398,305.928,0.193261284170375,0.1840826245443499,0.1318822023047375,0.1263282172373081,0.1388761991777067,0.1228794131132508,0.1011840688912809,0.1037735849056603,0.1005212211466865,0.09704183719837296,0.1153384515785669,0.1332706029953736,-0.2235340417158599,-1.4463667820069204,-0.2007912957467853,0.071651090342679,-0.9227799227799228,-1.1662591687041566,-1.2325581395348837,-0.238562091503268,-0.1316725978647687,0.4551495016611295,0.3801649369289142,0.1183071104032553,0.0292900747630098,-1.2141229334400718,-1.5748697380028305,-0.6475409836065573,Information Technology,45.0,2.0,73,7.587817219993427,1573.0,2541.0,9.36700218198956,8.839131752546109,9.368625350941896,8.873748128154395
AMAT,2013Q3,2013,Q3,0,0,1,0,1975.0,806.0,1169.0,556.0,208.0,351.0,250.0,228.0,168.0,334.0,502.0,11751.0,6954.0,11695.0,6898.0,0.1691139240506329,0.1053164556962025,0.4081012658227848,0.1265822784810126,0.0850632911392405,344.0,304.0,303.0,309.0,321.0,304.0,268.0,282.0,297.0,270.0,278.192,290.398,0.1743537759756715,0.193261284170375,0.1840826245443499,0.1318822023047375,0.1263282172373081,0.1388761991777067,0.1228794131132508,0.1011840688912809,0.1037735849056603,0.1005212211466865,0.09700041596089305,0.1153384515785669,-0.157063593683312,-0.2293577981651375,-0.1333333333333333,0.0809061488673139,-0.185614849187935,-0.2236024844720496,-0.2450331125827815,-0.1726822363765039,-0.1843137254901961,-0.0855263157894736,0.2823104338208184,-0.0323276247207744,0.0281518987341773,-0.0789370233508922,-0.0857647195447682,-0.047438330170778,Information Technology,45.0,3.0,74,7.588829878307813,1973.0,2343.0,9.371778717853713,8.847216104357543,9.36700218198956,8.839131752546109
AMAT,2013Q4,2013,Q4,0,0,0,1,1988.0,795.0,1193.0,584.0,220.0,316.0,211.0,194.0,183.0,338.0,521.0,12043.0,7088.0,11751.0,6954.0,0.170020120724346,0.1106639839034205,0.3998993963782696,0.1061368209255533,0.0920523138832998,334.0,344.0,304.0,303.0,309.0,321.0,304.0,268.0,282.0,297.0,270.0,278.192,0.1691139240506329,0.1743537759756715,0.193261284170375,0.1840826245443499,0.1318822023047375,0.1263282172373081,0.1388761991777067,0.1228794131132508,0.1011840688912809,0.1037735849056603,0.1005212211466865,0.09695899472341313,0.2077764277035236,-1.3553398058252428,0.3566552901023891,0.1155115511551154,-1.766990291262136,-1.4228456913827654,-1.3646616541353382,0.1254716981132075,-0.0717299578059071,0.0814814814814814,-0.0763923474842452,-0.2314222890083114,0.1232669051853785,-1.3501026197263744,-1.2942099197124497,-3.457547169811321,Information Technology,45.0,4.0,75,7.5953872788539725,1975.0,1646.0,9.396321889601625,8.866299565855018,9.371778717853713,8.847216104357543
AMAT,2014Q1,2014,Q1,1,0,0,0,2190.0,891.0,1299.0,561.0,198.0,434.0,330.0,315.0,253.0,356.0,609.0,12199.0,7241.0,12043.0,7088.0,0.1625570776255707,0.0904109589041095,0.4068493150684931,0.1506849315068493,0.1155251141552511,338.0,334.0,344.0,304.0,303.0,309.0,321.0,304.0,268.0,282.0,297.0,270.0,0.170020120724346,0.1691139240506329,0.1743537759756715,0.193261284170375,0.1840826245443499,0.1318822023047375,0.1263282172373081,0.1388761991777067,0.1228794131132508,0.1011840688912809,0.1037735849056603,0.1005212211466865,0.3922441195168467,6.441176470588236,0.5309278350515463,0.1710526315789473,1.9324324324324325,7.461538461538462,16.5,0.3107971745711402,-0.1391304347826086,0.050561797752809,-0.1588740687334775,-0.3816676593210244,0.0996116367744668,5.077625570776255,4.344735428417942,0.8017751479289941,Information Technology,45.0,1.0,76,7.692113339595466,1988.0,1573.0,9.409191230721348,8.887652690325586,9.396321889601625,8.866299565855018
AMAT,2014Q2,2014,Q2,0,1,0,0,2353.0,1001.0,1352.0,614.0,236.0,482.0,387.0,365.0,262.0,355.0,617.0,12555.0,7475.0,12199.0,7241.0,0.1508712282192945,0.1002974925626859,0.425414364640884,0.1644708882277943,0.111347216319592,356.0,338.0,334.0,344.0,304.0,303.0,309.0,321.0,304.0,268.0,282.0,297.0,0.1625570776255707,0.170020120724346,0.1691139240506329,0.1743537759756715,0.193261284170375,0.1840826245443499,0.1318822023047375,0.1263282172373081,0.1388761991777067,0.1228794131132508,0.1011840688912809,0.1037735849056603,0.1926001013684743,-3.031007751937985,0.2388613861386139,0.0319767441860465,11.05,-6.691176470588236,-5.055555555555555,0.1605150214592274,-0.0327868852459016,-0.2990867579908676,-0.1346833334980578,-0.1889878982533633,0.0387902740550298,-5.772074448138796,-2.7030081999887985,1.869767441860465,Information Technology,45.0,2.0,77,7.763871287820222,2190.0,1973.0,9.437953917961844,8.919453168575453,9.409191230721348,8.887652690325586
AMAT,2014Q3,2014,Q3,0,0,1,0,2265.0,992.0,1273.0,601.0,234.0,487.0,391.0,370.0,301.0,357.0,658.0,12851.0,7684.0,12555.0,7475.0,0.1576158940397351,0.1033112582781456,0.4379690949227373,0.1726269315673289,0.1328918322295805,355.0,356.0,338.0,334.0,344.0,304.0,303.0,309.0,321.0,304.0,268.0,282.0,0.1508712282192945,0.1625570776255707,0.170020120724346,0.1691139240506329,0.1743537759756715,0.193261284170375,0.1840826245443499,0.1318822023047375,0.1263282172373081,0.1388761991777067,0.1228794131132508,0.1011840688912809,0.1468354430379745,0.7916666666666667,0.2307692307692308,0.0688622754491017,0.3874643874643875,0.5640000000000001,0.6228070175438596,0.0889649272882806,0.125,0.080935251798561,-0.0679898481183328,-0.0190397350993377,0.0731872983528612,0.3637527593818983,0.562270051508462,0.3107569721115537,Information Technology,45.0,3.0,78,7.725771441587952,2353.0,1975.0,9.461254720235749,8.947025655972697,9.437953917961844,8.919453168575453
AMAT,2014Q4,2014,Q4,0,0,0,1,2264.0,959.0,1305.0,549.0,189.0,515.0,412.0,398.0,256.0,360.0,616.0,13174.0,7868.0,12851.0,7684.0,0.1590106007067137,0.0834805653710247,0.4235865724381625,0.1819787985865724,0.1130742049469964,357.0,355.0,356.0,338.0,334.0,344.0,304.0,303.0,309.0,321.0,304.0,268.0,0.1576158940397351,0.1508712282192945,0.1625570776255707,0.170020120724346,0.1691139240506329,0.1743537759756715,0.193261284170375,0.1840826245443499,0.1318822023047375,0.1263282172373081,0.1388761991777067,0.1228794131132508,0.1388329979879274,0.3989071038251366,0.2062893081761005,0.0650887573964498,0.629746835443038,0.95260663507109,1.0515463917525771,0.093880972338642,-0.1409090909090908,-0.059931506849315,-0.0647542183285592,-0.2456392547381947,0.0592328377447386,0.7145680170147204,0.2283689586591746,0.1823416506717849,Information Technology,45.0,4.0,79,7.725330037917135,2265.0,1988.0,9.486076373409563,8.970686268534983,9.461254720235749,8.947025655972697
AMAT,2015Q1,2015,Q1,1,0,0,0,2359.0,959.0,1400.0,501.0,228.0,552.0,458.0,437.0,348.0,351.0,699.0,13073.0,8072.0,13174.0,7868.0,0.148791860958033,0.0966511233573548,0.4065281899109792,0.1941500635862653,0.1475201356506994,360.0,357.0,355.0,356.0,338.0,334.0,344.0,304.0,303.0,309.0,321.0,304.0,0.1590106007067137,0.1576158940397351,0.1508712282192945,0.1625570776255707,0.170020120724346,0.1691139240506329,0.1743537759756715,0.193261284170375,0.1840826245443499,0.1318822023047375,0.1263282172373081,0.1388761991777067,0.0771689497716894,0.3754940711462451,0.0763187429854097,-0.0140449438202246,0.271889400921659,0.3878787878787879,0.3873015873015872,0.077752117013087,0.1515151515151516,-0.106951871657754,-0.0846792823087292,0.0690200007707426,-0.0007892975252026,0.2884504219815793,0.2769529528657382,0.1477832512315271,Information Technology,45.0,1.0,80,7.7664168980196555,2264.0,2190.0,9.478380804172675,8.996280439395015,9.486076373409563,8.970686268534983
AMAT,2015Q2,2015,Q2,0,1,0,0,2442.0,1016.0,1426.0,600.0,249.0,506.0,416.0,389.0,364.0,365.0,729.0,13587.0,8351.0,13073.0,8072.0,0.1494676494676494,0.1019656019656019,0.416052416052416,0.1703521703521703,0.149058149058149,351.0,360.0,357.0,355.0,356.0,338.0,334.0,344.0,304.0,303.0,309.0,321.0,0.148791860958033,0.1590106007067137,0.1576158940397351,0.1508712282192945,0.1625570776255707,0.170020120724346,0.1691139240506329,0.1743537759756715,0.193261284170375,0.1840826245443499,0.1318822023047375,0.1263282172373081,0.0378240543986401,0.3893129770992367,0.014985014985015,0.028169014084507,0.0497925311203319,0.0749354005167959,0.0657534246575342,0.0547337278106507,0.0550847457627119,-0.0228013029315961,-0.0093031571904812,0.0166316162078874,-0.0220066583702948,0.0357588032006637,0.3386787203581098,0.1815235008103728,Information Technology,45.0,2.0,81,7.8009820712577405,2359.0,2353.0,9.516942329280475,9.03025631012242,9.478380804172675,8.996280439395015
AMAT,2015Q3,2015,Q3,0,0,1,0,2490.0,1018.0,1472.0,619.0,247.0,492.0,396.0,375.0,329.0,372.0,701.0,13153.0,7977.0,13587.0,8351.0,0.1493975903614458,0.0991967871485943,0.4088353413654618,0.1590361445783132,0.1321285140562249,365.0,351.0,360.0,357.0,355.0,356.0,338.0,334.0,344.0,304.0,303.0,309.0,0.1494676494676494,0.148791860958033,0.1590106007067137,0.1576158940397351,0.1508712282192945,0.1625570776255707,0.170020120724346,0.1691139240506329,0.1743537759756715,0.193261284170375,0.1840826245443499,0.1318822023047375,0.0993377483443709,0.0930232558139534,0.0262096774193547,0.0420168067226891,0.0102669404517454,0.0127877237851663,0.0135135135135135,0.1563236449332286,0.0555555555555555,0.0299500831946755,-0.0521413384630961,-0.039825970548862,-0.0665201127089001,-0.0787292392074693,-0.005743905855982,0.0653495440729483,Information Technology,45.0,3.0,82,7.820439515262181,2442.0,2265.0,9.484481173861296,8.984443032465352,9.516942329280475,9.03025631012242
AMAT,2015Q4,2015,Q4,0,0,0,1,2368.0,959.0,1409.0,536.0,173.0,525.0,423.0,397.0,336.0,363.0,699.0,15308.0,7613.0,13153.0,7977.0,0.1532939189189189,0.0730574324324324,0.4049831081081081,0.1786317567567567,0.1418918918918918,372.0,365.0,351.0,360.0,357.0,355.0,356.0,338.0,334.0,344.0,304.0,303.0,0.1493975903614458,0.1494676494676494,0.148791860958033,0.1590106007067137,0.1576158940397351,0.1508712282192945,0.1625570776255707,0.170020120724346,0.1691139240506329,0.1743537759756715,0.193261284170375,0.1840826245443499,0.0459363957597174,0.3125,0.0,0.0083333333333333,0.0194174757281553,0.0266990291262136,-0.0025125628140703,0.0796934865900382,-0.0846560846560846,-0.02367941712204,-0.0359515765765765,-0.1248569998569998,-0.0439189189189189,-0.0183924822881134,0.2548564189189188,0.1347402597402598,Information Technology,45.0,4.0,83,7.7702232041587855,2490.0,2264.0,9.63619616973208,8.937743936942443,9.484481173861296,8.984443032465352
AMAT,2016Q1,2016,Q1,1,0,0,0,2257.0,916.0,1341.0,562.0,188.0,452.0,354.0,314.0,286.0,374.0,660.0,13326.0,7168.0,15308.0,7613.0,0.1657066902968542,0.0832964111652636,0.4058484714222419,0.156845369960124,0.1267168808152414,363.0,372.0,365.0,351.0,360.0,357.0,355.0,356.0,338.0,334.0,344.0,304.0,0.1532939189189189,0.1493975903614458,0.1494676494676494,0.148791860958033,0.1590106007067137,0.1576158940397351,0.1508712282192945,0.1625570776255707,0.170020120724346,0.1691139240506329,0.1743537759756715,0.193261284170375,-0.0432386604493429,-0.1781609195402298,-0.0448383733055265,0.0655270655270654,-0.1811594202898551,-0.2270742358078602,-0.2814645308924485,-0.0421428571428571,-0.175438596491228,0.1217564870259482,0.1136811464680316,-0.1381744125488734,-0.0016720082533173,-0.1921436075634658,-0.1410197648185212,-0.055793991416309,Information Technology,45.0,1.0,84,7.722234744709607,2368.0,2359.0,9.497547331579726,8.877521453852872,9.63619616973208,8.937743936942443
AMAT,2016Q2,2016,Q2,0,1,0,0,2450.0,1004.0,1446.0,579.0,193.0,528.0,425.0,395.0,320.0,386.0,706.0,13075.0,6565.0,13326.0,7168.0,0.1575510204081632,0.0787755102040816,0.4097959183673469,0.173469387755102,0.1306122448979592,374.0,363.0,372.0,365.0,351.0,360.0,357.0,355.0,356.0,338.0,334.0,344.0,0.1657066902968542,0.1532939189189189,0.1493975903614458,0.1494676494676494,0.148791860958033,0.1590106007067137,0.1576158940397351,0.1508712282192945,0.1625570776255707,0.170020120724346,0.1691139240506329,0.1743537759756715,0.0032760032760033,-0.1208791208791209,-0.0118110236220472,0.0575342465753425,0.0434782608695651,0.0216346153846154,0.0154241645244215,0.0140252454417952,-0.2248995983935743,-0.035,0.0540810735253005,-0.2274305384804523,-0.0150377631367508,0.0182986656200943,-0.123749719668087,-0.0315500685871056,Information Technology,45.0,2.0,85,7.804251383528112,2257.0,2442.0,9.478533767844102,8.789660098061537,9.497547331579726,8.877521453852872
AMAT,2016Q3,2016,Q3,0,0,1,0,2821.0,1192.0,1629.0,596.0,210.0,699.0,596.0,564.0,505.0,386.0,891.0,13699.0,6819.0,13075.0,6565.0,0.1368309110244594,0.0744416873449131,0.4225451967387451,0.2112725983693725,0.1790145338532435,386.0,374.0,363.0,372.0,365.0,351.0,360.0,357.0,355.0,356.0,338.0,334.0,0.1575510204081632,0.1657066902968542,0.1532939189189189,0.1493975903614458,0.1494676494676494,0.148791860958033,0.1590106007067137,0.1576158940397351,0.1508712282192945,0.1625570776255707,0.170020120724346,0.1691139240506329,0.1329317269076304,0.5349544072948329,0.1709233791748525,0.0376344086021505,0.4207317073170731,0.505050505050505,0.504,0.1066576086956521,-0.1497975708502024,-0.037156704361874,-0.0841156762072475,-0.2495554595593776,0.033533929154691,0.3284564897468123,0.3548516391932415,0.2710413694721825,Information Technology,45.0,3.0,86,7.945201132412759,2450.0,2490.0,9.525151111816216,8.827614750837508,9.478533767844102,8.789660098061537
AMAT,2016Q4,2016,Q4,0,0,0,1,3297.0,1399.0,1898.0,622.0,228.0,878.0,777.0,740.0,610.0,394.0,1004.0,14589.0,7217.0,13699.0,6819.0,0.1195025781013042,0.0691537761601455,0.424325144070367,0.2356687898089172,0.1850166818319684,386.0,386.0,374.0,363.0,372.0,365.0,351.0,360.0,357.0,355.0,356.0,338.0,0.1368309110244594,0.1575510204081632,0.1657066902968542,0.1532939189189189,0.1493975903614458,0.1494676494676494,0.148791860958033,0.1590106007067137,0.1576158940397351,0.1508712282192945,0.1625570776255707,0.170020120724346,0.3923141891891892,0.8154761904761905,0.4588112617309698,0.0853994490358127,0.6723809523809523,0.8368794326241136,0.8639798488664987,0.3470546486870121,0.3179190751445087,0.1604477611940298,-0.2204349726063681,-0.0534327055073712,0.0477601054834504,0.3192995136347896,0.3039270910062539,0.4363376251788269,Information Technology,45.0,4.0,87,8.101071503119543,2821.0,2368.0,9.588091641516831,8.884333185202735,9.525151111816216,8.827614750837508
AMAT,2017Q1,2017,Q1,1,0,0,0,3278.0,1445.0,1833.0,638.0,221.0,904.0,807.0,771.0,703.0,417.0,1120.0,15244.0,7687.0,14589.0,7217.0,0.1272117144600366,0.0674191580231848,0.4408175716900549,0.2461866992068334,0.2144600366076876,394.0,386.0,386.0,374.0,363.0,372.0,365.0,351.0,360.0,357.0,355.0,356.0,0.1195025781013042,0.1368309110244594,0.1575510204081632,0.1657066902968542,0.1532939189189189,0.1493975903614458,0.1494676494676494,0.148791860958033,0.1590106007067137,0.1576158940397351,0.1508712282192945,0.1625570776255707,0.4523704031900752,1.458041958041958,0.5775109170305677,0.1149732620320855,1.0,1.279661016949153,1.4554140127388533,0.3668903803131991,0.1755319148936169,0.1352313167259786,-0.2323079156783353,-0.1906114911791051,0.0861629468389235,0.5696140681068449,0.6924346245578705,0.696969696969697,Information Technology,45.0,1.0,88,8.095293776844649,3297.0,2257.0,9.632006859422356,8.947415950650129,9.588091641516831,8.884333185202735
AMAT,2017Q2,2017,Q2,0,1,0,0,3546.0,1600.0,1946.0,660.0,223.0,1054.0,940.0,908.0,824.0,437.0,1261.0,18240.0,8212.0,15244.0,7687.0,0.1232374506486181,0.062887760857304,0.4512126339537507,0.2650874224478285,0.2323745064861816,417.0,394.0,386.0,386.0,374.0,363.0,372.0,365.0,351.0,360.0,357.0,355.0,0.1272117144600366,0.1195025781013042,0.1368309110244594,0.1575510204081632,0.1657066902968542,0.1532939189189189,0.1493975903614458,0.1494676494676494,0.148791860958033,0.1590106007067137,0.1576158940397351,0.1508712282192945,0.4473469387755102,1.5750000000000002,0.593625498007968,0.1321243523316062,0.9962121212121212,1.211764705882353,1.2987341772151897,0.3457814661134164,0.1554404145077721,0.1398963730569948,-0.2177933831888225,-0.2016838647647937,0.1010666864409255,0.5281510235227762,0.7791173152848276,0.7861189801699717,Information Technology,45.0,2.0,89,8.173857454773621,3278.0,2450.0,9.811427086686914,9.013473543740192,9.632006859422356,8.947415950650129
AMAT,2017Q3,2017,Q3,0,0,1,0,3744.0,1700.0,2044.0,677.0,223.0,1138.0,1023.0,978.0,925.0,454.0,1379.0,19078.0,8716.0,18240.0,8212.0,0.1212606837606837,0.0595619658119658,0.454059829059829,0.2732371794871794,0.2470619658119658,437.0,417.0,394.0,386.0,386.0,374.0,363.0,372.0,365.0,351.0,360.0,357.0,0.1232374506486181,0.1272117144600366,0.1195025781013042,0.1368309110244594,0.1575510204081632,0.1657066902968542,0.1532939189189189,0.1493975903614458,0.1494676494676494,0.148791860958033,0.1590106007067137,0.1576158940397351,0.3271889400921659,0.8316831683168318,0.4261744966442953,0.1761658031088082,0.6280400572246065,0.7164429530201342,0.7340425531914894,0.25475751995089,0.0619047619047619,0.1359060402684564,-0.1137917386298215,-0.1998842592592592,0.0745828672632362,0.2932920861297536,0.3801223872387238,0.547699214365881,Information Technology,45.0,3.0,90,8.22817689595132,3546.0,2821.0,9.85634353272731,9.073030421011577,9.811427086686914,9.013473543740192
AMAT,2017Q4,2017,Q4,0,0,0,1,3969.0,1787.0,2182.0,689.0,223.0,1236.0,1098.0,1074.0,982.0,466.0,1448.0,19424.0,9349.0,19078.0,8716.0,0.1174099269337364,0.056185437137818,0.4502393550012598,0.2766439909297052,0.2474174855127236,454.0,437.0,417.0,394.0,386.0,386.0,374.0,363.0,372.0,365.0,351.0,360.0,0.1212606837606837,0.1232374506486181,0.1272117144600366,0.1195025781013042,0.1368309110244594,0.1575510204081632,0.1657066902968542,0.1532939189189189,0.1493975903614458,0.1494676494676494,0.148791860958033,0.1590106007067137,0.2038216560509553,0.6098360655737705,0.2773409578270194,0.1827411167512691,0.4077448747152619,0.4131274131274132,0.4513513513513514,0.1496311907270811,-0.0219298245614034,0.107717041800643,-0.017511347460586,-0.1875290077044463,0.0610715893060425,0.1738677452963166,0.3372712290745077,0.4422310756972112,Information Technology,45.0,4.0,91,8.286521373681236,3744.0,3297.0,9.874316175235847,9.143131622282732,9.85634353272731,9.073030421011577
AMAT,2018Q1,2018,Q1,1,0,0,0,4204.0,1920.0,2284.0,724.0,236.0,1361.0,1215.0,1183.0,135.0,488.0,623.0,19663.0,8506.0,19424.0,9349.0,0.1160799238820171,0.0561370123691722,0.4567078972407231,0.2890104662226451,0.0321122740247383,466.0,454.0,437.0,417.0,394.0,386.0,386.0,374.0,363.0,372.0,365.0,351.0,0.1174099269337364,0.1212606837606837,0.1232374506486181,0.1272117144600366,0.1195025781013042,0.1368309110244594,0.1575510204081632,0.1657066902968542,0.1532939189189189,0.1493975903614458,0.1494676494676494,0.148791860958033,0.2824893227577791,-0.8079658605974396,0.3287197231833909,0.170263788968825,0.5055309734513274,0.5055762081784387,0.5343709468223088,0.2460447354064374,0.0678733031674208,0.134796238244514,-0.087506018020978,-0.167343318795717,0.0360473959550797,0.1739483373950812,-0.8502645316456724,-0.44375,Information Technology,45.0,1.0,92,8.344029572407049,3969.0,3278.0,9.886544831805816,9.048644632975885,9.874316175235847,9.143131622282732
AMAT,2018Q2,2018,Q2,0,1,0,0,4567.0,2090.0,2477.0,763.0,254.0,1425.0,1327.0,1295.0,1129.0,509.0,1638.0,18498.0,7042.0,19663.0,8506.0,0.1114517188526384,0.0556163783665425,0.4576308298664331,0.290562732647252,0.2472082329756952,488.0,466.0,454.0,437.0,417.0,394.0,386.0,386.0,374.0,363.0,372.0,365.0,0.1160799238820171,0.1174099269337364,0.1212606837606837,0.1232374506486181,0.1272117144600366,0.1195025781013042,0.1368309110244594,0.1575510204081632,0.1657066902968542,0.1532939189189189,0.1493975903614458,0.1494676494676494,0.2879300620417371,0.3701456310679611,0.3062499999999999,0.1647597254004575,0.3519924098671727,0.4117021276595745,0.4262114537444934,0.2728674203494348,0.1390134529147981,0.156060606060606,-0.0956343362666908,-0.1156247637320179,0.0142243266914823,0.0961015425182507,0.0638354297716203,0.2989690721649485,Information Technology,45.0,2.0,93,8.426830751335846,4204.0,3546.0,9.82547195555139,8.85978949474541,9.886544831805816,9.048644632975885
AMAT,2018Q3,2018,Q3,0,0,1,0,4468.0,2027.0,2441.0,770.0,266.0,1246.0,1257.0,1077.0,1173.0,504.0,1677.0,17883.0,6825.0,18498.0,7042.0,0.1128021486123545,0.0595344673231871,0.4536705461056401,0.2813339301700985,0.2625335720680394,509.0,488.0,466.0,454.0,437.0,417.0,394.0,386.0,386.0,374.0,363.0,372.0,0.1114517188526384,0.1160799238820171,0.1174099269337364,0.1212606837606837,0.1232374506486181,0.1272117144600366,0.1195025781013042,0.1368309110244594,0.1575510204081632,0.1657066902968542,0.1532939189189189,0.1493975903614458,0.1933760683760683,0.268108108108108,0.1923529411764706,0.1101321585903083,0.0949033391915641,0.2287390029325513,0.1012269938650307,0.1942270058708415,0.1928251121076232,0.137370753323486,-0.0697549682716842,-0.0004616786636207,-0.0008573384591078,0.0296326828512696,0.0626223717002589,0.2160986221899927,Information Technology,45.0,3.0,94,8.404919948933452,4567.0,3744.0,9.791661737353872,8.828494129466652,9.82547195555139,8.85978949474541
AMAT,2018Q4,2018,Q4,0,0,0,1,4014.0,1780.0,2234.0,764.0,246.0,1178.0,1016.0,998.0,876.0,518.0,1394.0,17645.0,6839.0,17883.0,6825.0,0.1290483308420528,0.0612855007473841,0.4434479322371699,0.2531141006477329,0.218236173393124,504.0,509.0,488.0,466.0,454.0,437.0,417.0,394.0,386.0,386.0,374.0,363.0,0.1128021486123545,0.1114517188526384,0.1160799238820171,0.1174099269337364,0.1212606837606837,0.1232374506486181,0.1272117144600366,0.1195025781013042,0.1368309110244594,0.1575510204081632,0.1657066902968542,0.1532939189189189,0.0113378684807257,-0.1079429735234216,-0.0039171796306659,0.111587982832618,-0.0469255663430421,-0.0746812386156648,-0.0707635009310987,0.0238313473877176,0.1031390134529148,0.1088534107402032,0.0991262341461536,0.0907719841541152,-0.015084027392654,-0.0850547673307358,-0.1179436128336971,-0.037292817679558,Information Technology,45.0,4.0,95,8.297792626380861,4468.0,3969.0,9.77826440778205,8.830543010616596,9.791661737353872,8.828494129466652
AMAT,2019Q1,2019,Q1,1,0,0,0,3753.0,1665.0,2088.0,757.0,241.0,1036.0,908.0,888.0,771.0,516.0,1287.0,18922.0,8209.0,17645.0,6839.0,0.1374900079936051,0.0642152944311217,0.4436450839328537,0.2419397815081268,0.2054356514788169,518.0,504.0,509.0,488.0,466.0,454.0,437.0,417.0,394.0,386.0,386.0,374.0,0.1290483308420528,0.1128021486123545,0.1114517188526384,0.1160799238820171,0.1174099269337364,0.1212606837606837,0.1232374506486181,0.1272117144600366,0.1195025781013042,0.1368309110244594,0.1575510204081632,0.1657066902968542,-0.107278782112274,4.711111111111111,-0.1328125,0.0573770491803278,-0.2387950036737692,-0.2526748971193415,-0.2493660185967878,-0.0858143607705779,0.021186440677966,0.0455801104972375,0.184442609846549,0.1439029567306606,-0.0286021183053557,-0.1628684432426623,5.39741836160701,1.0658105939004816,Information Technology,45.0,1.0,96,8.230577217146454,4014.0,4204.0,9.848133392404051,9.013108202446475,9.77826440778205,8.830543010616596
AMAT,2019Q2,2019,Q2,0,1,0,0,3539.0,1530.0,2009.0,754.0,246.0,911.0,776.0,759.0,666.0,508.0,1174.0,18775.0,8201.0,18922.0,8209.0,0.1435433738344165,0.0695111613450127,0.4323255156823961,0.2192709805029669,0.1881887538852783,516.0,518.0,504.0,509.0,488.0,466.0,454.0,437.0,417.0,394.0,386.0,386.0,0.1374900079936051,0.1290483308420528,0.1128021486123545,0.1114517188526384,0.1160799238820171,0.1174099269337364,0.1212606837606837,0.1232374506486181,0.1272117144600366,0.1195025781013042,0.1368309110244594,0.1575510204081632,-0.2250930589008101,-0.4100974313551816,-0.2679425837320573,-0.0019646365422396,-0.3607017543859649,-0.415222305953278,-0.4138996138996139,-0.1889382317319338,-0.031496062992126,-0.0117955439056356,0.287942216702908,0.2498325742624922,-0.0552963492241611,-0.2453575222629614,-0.2387439867191618,-0.2832722832722832,Information Technology,45.0,2.0,97,8.17188200612782,3753.0,4567.0,9.84033473753086,9.012133305952004,9.848133392404051,9.013108202446475
AMAT,2019Q3,2019,Q3,0,0,1,0,3562.0,1557.0,2005.0,755.0,240.0,928.0,802.0,782.0,571.0,515.0,1086.0,18805.0,8116.0,18775.0,8201.0,0.1445816956765861,0.0673778775968556,0.4371139809096013,0.2251544076361594,0.1603032004491858,508.0,516.0,518.0,504.0,509.0,488.0,466.0,454.0,437.0,417.0,394.0,386.0,0.1435433738344165,0.1374900079936051,0.1290483308420528,0.1128021486123545,0.1114517188526384,0.1160799238820171,0.1174099269337364,0.1212606837606837,0.1232374506486181,0.1272117144600366,0.1195025781013042,0.1368309110244594,-0.202775290957923,-0.5132139812446718,-0.2318697582634434,0.0218253968253967,-0.2552166934189406,-0.3619729514717581,-0.2739090064995357,-0.1786153215895125,-0.0977443609022556,-0.0194805194805194,0.2817282069106885,0.1317457033938016,-0.036494688355156,-0.1996898223402065,-0.3893992330716432,-0.3524150268336314,Information Technology,45.0,3.0,98,8.178358165605836,3539.0,4468.0,9.841931246837023,9.001715906761175,9.84033473753086,9.012133305952004
AMAT,2019Q4,2019,Q4,0,0,0,1,3754.0,1634.0,2120.0,770.0,255.0,991.0,864.0,840.0,698.0,515.0,1213.0,19035.0,8214.0,18805.0,8116.0,0.137187000532765,0.0679275439531166,0.4352690463505594,0.2301545018646776,0.1859350026638252,515.0,508.0,516.0,518.0,504.0,509.0,488.0,466.0,454.0,437.0,417.0,394.0,0.1445816956765861,0.1435433738344165,0.1374900079936051,0.1290483308420528,0.1128021486123545,0.1114517188526384,0.1160799238820171,0.1174099269337364,0.1212606837606837,0.1232374506486181,0.1272117144600366,0.1195025781013042,-0.064773293472845,-0.2031963470319634,-0.0820224719101123,-0.0057915057915057,-0.1587436332767402,-0.1496062992125983,-0.1583166332665331,-0.0510295434198746,0.0365853658536585,0.0078534031413612,0.063066834244245,0.1083787049910989,-0.0184438471622777,-0.0907084936173069,-0.1480101590267185,-0.1298421807747489,Information Technology,45.0,4.0,99,8.230843564198235,3562.0,4014.0,9.854087202241,9.01371703047137,9.841931246837023,9.001715906761175
AMAT,2020Q1,2020,Q1,1,0,0,0,4162.0,1858.0,2304.0,816.0,264.0,1158.0,1042.0,1005.0,892.0,552.0,1444.0,19767.0,8660.0,19035.0,8214.0,0.1326285439692455,0.0634310427679,0.4464199903892359,0.2503604036520903,0.2143200384430562,515.0,515.0,508.0,516.0,518.0,504.0,509.0,488.0,466.0,454.0,437.0,417.0,0.137187000532765,0.1445816956765861,0.1435433738344165,0.1374900079936051,0.1290483308420528,0.1128021486123545,0.1114517188526384,0.1160799238820171,0.1174099269337364,0.1212606837606837,0.1232374506486181,0.1272117144600366,0.1089794830802024,0.1569390402075228,0.1159159159159159,0.069767441860465,0.1177606177606178,0.1475770925110131,0.1317567567567568,0.1034482758620689,0.095435684647303,0.0779392338177014,-0.0353586714794987,-0.0122128485148179,0.0062547891476292,0.0348046199408536,0.0432465684523863,0.121989121989122,Information Technology,45.0,1.0,100,8.333991247194975,3754.0,3753.0,9.891819747668446,9.066585468331045,9.854087202241,9.01371703047137
AMAT,2020Q2,2020,Q2,0,1,0,0,3957.0,1749.0,2208.0,817.0,267.0,1030.0,932.0,878.0,755.0,550.0,1305.0,21815.0,9024.0,19767.0,8660.0,0.1389941875157948,0.067475360121304,0.4420015163002274,0.2355319686631286,0.1908011119535001,552.0,515.0,515.0,508.0,516.0,518.0,504.0,509.0,488.0,466.0,454.0,437.0,0.1326285439692455,0.137187000532765,0.1445816956765861,0.1435433738344165,0.1374900079936051,0.1290483308420528,0.1128021486123545,0.1114517188526384,0.1160799238820171,0.1174099269337364,0.1212606837606837,0.1232374506486181,0.1181124611472166,0.1336336336336336,0.1431372549019607,0.0826771653543307,0.1306256860592756,0.2010309278350515,0.1567852437417654,0.0990542558486808,0.0853658536585366,0.0835543766578248,-0.0316920676803194,-0.0292874005313213,0.0223812850892188,0.0741593261582631,0.013881584389545,0.1115843270868823,Information Technology,45.0,2.0,101,8.28349412616251,4162.0,3539.0,9.990398924525424,9.107753783201082,9.891819747668446,9.066585468331045
AMAT,2020Q3,2020,Q3,0,0,1,0,4395.0,1955.0,2440.0,847.0,275.0,1202.0,1108.0,1040.0,841.0,572.0,1413.0,21171.0,9569.0,21815.0,9024.0,0.1301478953356086,0.0625711035267349,0.4448236632536974,0.2521046643913538,0.191353811149033,550.0,552.0,515.0,515.0,508.0,516.0,518.0,504.0,509.0,488.0,466.0,454.0,0.1389941875157948,0.1326285439692455,0.137187000532765,0.1445816956765861,0.1435433738344165,0.1374900079936051,0.1290483308420528,0.1128021486123545,0.1114517188526384,0.1160799238820171,0.1174099269337364,0.1212606837606837,0.23385738349242,0.4728546409807355,0.2556197816313423,0.1106796116504853,0.2952586206896552,0.3815461346633417,0.329923273657289,0.2169576059850373,0.1458333333333332,0.1218543046357616,-0.0998314501253632,-0.0713405384907091,0.0176376933266988,0.1196967762618481,0.1936992562396768,0.3011049723756906,Information Technology,45.0,3.0,102,8.388450315523512,3957.0,3562.0,9.960434832977878,9.166388484447,9.990398924525424,9.107753783201082
AMAT,2020Q4,2020,Q4,0,0,0,1,4688.0,2130.0,2558.0,847.0,287.0,1399.0,1283.0,1243.0,1131.0,560.0,1691.0,22353.0,10578.0,21171.0,9569.0,0.1194539249146757,0.0612201365187713,0.4543515358361775,0.2736774744027304,0.2412542662116041,572.0,550.0,552.0,515.0,515.0,508.0,516.0,518.0,504.0,509.0,488.0,466.0,0.1301478953356086,0.1389941875157948,0.1326285439692455,0.137187000532765,0.1445816956765861,0.1435433738344165,0.1374900079936051,0.1290483308420528,0.1128021486123545,0.1114517188526384,0.1160799238820171,0.1174099269337364,0.2488012786361215,0.6203438395415473,0.3035495716034271,0.0873786407766989,0.4117053481331987,0.4849537037037037,0.4797619047619048,0.2066037735849055,0.1254901960784313,0.1,-0.1292620696510819,-0.0987435588569898,0.0438406765783416,0.1891032857729744,0.2975193629775956,0.3940643033800495,Information Technology,45.0,4.0,103,8.452974619089586,4395.0,3754.0,10.014760554945557,9.266626182986775,9.960434832977878,9.166388484447
AMAT,2021Q1,2021,Q1,1,0,0,0,5162.0,2349.0,2813.0,1065.0,308.0,1392.0,1283.0,1240.0,1130.0,606.0,1736.0,23305.0,11473.0,22353.0,10578.0,0.1173963580007749,0.0596667958155753,0.4550561797752809,0.2485470747772181,0.218907400232468,560.0,572.0,550.0,552.0,515.0,515.0,508.0,516.0,518.0,504.0,509.0,488.0,0.1194539249146757,0.1301478953356086,0.1389941875157948,0.1326285439692455,0.137187000532765,0.1445816956765861,0.1435433738344165,0.1374900079936051,0.1290483308420528,0.1128021486123545,0.1114517188526384,0.1160799238820171,0.2402691013935607,0.2668161434977578,0.2642626480086114,0.0978260869565217,0.2020725388601036,0.2312859884836853,0.2338308457711442,0.2209201388888888,0.1666666666666667,0.3051470588235294,-0.1148484746390849,-0.0593439235438459,0.019345436073584,-0.007242874066428,0.0214042598290717,0.2022160664819945,Information Technology,45.0,1.0,104,8.54927308487965,4688.0,4162.0,10.056466117133208,9.347838885161817,10.014760554945557,9.266626182986775
AMAT,2021Q2,2021,Q2,0,1,0,0,5582.0,2653.0,2929.0,1074.0,297.0,1700.0,1579.0,1545.0,1330.0,617.0,1947.0,24085.0,11993.0,23305.0,11473.0,0.1105338588319598,0.0532067359369401,0.4752776782515227,0.2828735220351128,0.2382658545324256,606.0,560.0,572.0,550.0,552.0,515.0,515.0,508.0,516.0,518.0,504.0,509.0,0.1173963580007749,0.1194539249146757,0.1301478953356086,0.1389941875157948,0.1326285439692455,0.137187000532765,0.1445816956765861,0.1435433738344165,0.1374900079936051,0.1290483308420528,0.1128021486123545,0.1114517188526384,0.41066464493303,0.7615894039735098,0.5168667810177243,0.1218181818181818,0.6504854368932038,0.694206008583691,0.7596810933940774,0.3265398550724638,0.1123595505617978,0.3145654834761322,-0.2047591283671541,-0.2114642168446733,0.0752851760098773,0.200998419198435,0.2487655448805408,0.4919540229885057,Information Technology,45.0,2.0,105,8.62748154531036,5162.0,3957.0,10.089386037820425,9.392161803728454,10.056466117133208,9.347838885161817
AMAT,2021Q3,2021,Q3,0,0,1,0,6196.0,2967.0,3229.0,954.0,314.0,2135.0,2013.0,1980.0,1716.0,640.0,2356.0,24479.0,12060.0,24085.0,11993.0,0.1032924467398321,0.0506778566817301,0.4788573273079406,0.3248870238863783,0.276952872821175,617.0,606.0,560.0,572.0,550.0,552.0,515.0,515.0,508.0,516.0,518.0,504.0,0.1105338588319598,0.1173963580007749,0.1194539249146757,0.1301478953356086,0.1389941875157948,0.1326285439692455,0.137187000532765,0.1445816956765861,0.1435433738344165,0.1374900079936051,0.1290483308420528,0.1128021486123545,0.4097838452787259,1.0404280618311534,0.5176470588235293,0.1188811188811189,0.7762063227953411,0.8167870036101084,0.9038461538461536,0.3233606557377049,0.1418181818181818,0.1263282172373081,-0.206345623388877,-0.190075708668349,0.0765104621577488,0.2886989801269246,0.4473339786552486,0.6673743807501769,Information Technology,45.0,3.0,106,8.731820582962108,5582.0,4395.0,10.105611736626262,9.397732385583243,10.089386037820425,9.392161803728454
AMAT,2021Q4,2021,Q4,0,0,0,1,6123.0,2945.0,3178.0,932.0,310.0,2168.0,2014.0,2006.0,1712.0,622.0,2334.0,25825.0,12247.0,24479.0,12060.0,0.1015841907561652,0.0506287767434264,0.480973379062551,0.3289237301976155,0.2796015025314388,640.0,617.0,606.0,560.0,572.0,550.0,552.0,515.0,515.0,508.0,516.0,518.0,0.1032924467398321,0.1105338588319598,0.1173963580007749,0.1194539249146757,0.1301478953356086,0.1389941875157948,0.1326285439692455,0.137187000532765,0.1445816956765861,0.1435433738344165,0.1374900079936051,0.1290483308420528,0.3061006825938566,0.5137046861184793,0.3826291079812207,0.1107142857142857,0.5496783416726232,0.5697583787996883,0.6138374899436847,0.2423768569194684,0.0801393728222996,0.1003541912632821,-0.1495952030983878,-0.1730045108948325,0.058593052133915,0.2018662877368837,0.158949464073727,0.3802483737433471,Information Technology,45.0,4.0,107,8.719970756777574,6196.0,4688.0,10.159137015406596,9.41311793733752,10.105611736626262,9.397732385583243
AMAT,2022Q1,2022,Q1,1,0,0,0,6271.0,2959.0,3312.0,987.0,333.0,2074.0,1976.0,1925.0,1792.0,654.0,2446.0,25428.0,11890.0,25825.0,12247.0,0.1042895869877212,0.0531015786955828,0.4718545686493382,0.3151012597671823,0.2857598469143677,622.0,640.0,617.0,606.0,560.0,572.0,550.0,552.0,515.0,515.0,508.0,516.0,0.1015841907561652,0.1032924467398321,0.1105338588319598,0.1173963580007749,0.1194539249146757,0.1301478953356086,0.1389941875157948,0.1326285439692455,0.137187000532765,0.1445816956765861,0.1435433738344165,0.1374900079936051,0.2148392096086788,0.5858407079646017,0.2596849723286505,0.0792079207920792,0.4899425287356322,0.5401402961808262,0.5524193548387097,0.1773906861002487,0.0811688311688312,-0.0732394366197183,-0.1116454652960113,-0.1100313336798745,0.0369149780195334,0.2677729562885385,0.3053914422760762,0.4089861751152073,Information Technology,45.0,1.0,108,8.743850562030243,6123.0,5162.0,10.143645534009467,9.38353709043758,10.159137015406596,9.41311793733752
AMAT,2022Q2,2022,Q2,0,1,0,0,6245.0,2927.0,3318.0,1033.0,347.0,2030.0,1894.0,1864.0,1536.0,686.0,2222.0,25459.0,11579.0,25428.0,11890.0,0.1098478783026421,0.055564451561249,0.4686949559647718,0.3032826261008807,0.2459567654123298,654.0,622.0,640.0,617.0,606.0,560.0,572.0,550.0,552.0,515.0,515.0,508.0,0.1042895869877212,0.1015841907561652,0.1032924467398321,0.1105338588319598,0.1173963580007749,0.1194539249146757,0.1301478953356086,0.1389941875157948,0.1326285439692455,0.137187000532765,0.1445816956765861,0.1435433738344165,0.1187746327481189,0.1548872180451128,0.1032793064455332,0.1118314424635331,0.1941176470588235,0.1994933502216593,0.2064724919093852,0.1328098327074087,0.1683501683501682,-0.0381750465549348,-0.0062060669605376,0.0443123522386934,-0.0138502660401973,0.0721492203262292,0.0322786951365603,0.1412429378531072,Information Technology,45.0,2.0,109,8.739696537843024,6271.0,5582.0,10.144863872111397,9.357034751126987,10.143645534009467,9.38353709043758
AMAT,2022Q3,2022,Q3,0,0,1,0,6520.0,3006.0,3514.0,1082.0,377.0,2032.0,1924.0,1861.0,1606.0,705.0,2311.0,26161.0,12070.0,25459.0,11579.0,0.1081288343558282,0.0578220858895705,0.4610429447852761,0.2950920245398773,0.2463190184049079,686.0,654.0,622.0,640.0,617.0,606.0,560.0,572.0,550.0,552.0,515.0,515.0,0.1098478783026421,0.1042895869877212,0.1015841907561652,0.1032924467398321,0.1105338588319598,0.1173963580007749,0.1194539249146757,0.1301478953356086,0.1389941875157948,0.1326285439692455,0.137187000532765,0.1445816956765861,0.0522918011620401,-0.0641025641025641,0.0131445904954499,0.1015625,-0.0482435597189695,-0.0442126179831098,-0.0601010101010101,0.0882626200061937,0.2006369426751593,0.1341719077568133,0.0468222776073619,0.140973389082099,-0.0372018584800908,-0.091708800770452,-0.1106103507943999,-0.0191001697792869,Information Technology,45.0,3.0,110,8.782783017393202,6245.0,6196.0,10.172063255248172,9.398561160701128,10.144863872111397,9.357034751126987
AMAT,2022Q4,2022,Q4,0,0,0,1,6749.0,3101.0,3648.0,1107.0,381.0,2117.0,1994.0,1949.0,1591.0,726.0,2317.0,26726.0,12194.0,26161.0,12070.0,0.1075714920728996,0.0564528078233812,0.4594754778485702,0.2954511779522892,0.2357386279448807,705.0,686.0,654.0,622.0,640.0,617.0,606.0,560.0,572.0,550.0,552.0,515.0,0.1081288343558282,0.1098478783026421,0.1042895869877212,0.1015841907561652,0.1032924467398321,0.1105338588319598,0.1173963580007749,0.1194539249146757,0.1301478953356086,0.1389941875157948,0.1326285439692455,0.137187000532765,0.1022374652947901,-0.0706775700934579,0.0529711375212225,0.167202572347267,-0.0235239852398524,-0.0099304865938431,-0.0284147557328016,0.1478917558212713,0.2290322580645161,0.1877682403433476,0.058939302190297,0.1150340074276237,-0.0446966550537197,-0.1017638715978814,-0.1568763908256397,-0.0072836332476435,Information Technology,45.0,4.0,111,8.817297783866575,6520.0,6123.0,10.193429569388753,9.40878131065002,10.172063255248172,9.398561160701128
AMAT,2023Q1,2023,Q1,1,0,0,0,6739.0,3145.0,3594.0,1175.0,404.0,2140.0,1970.0,1961.0,1717.0,771.0,2488.0,27959.0,13420.0,26726.0,12194.0,0.1144086659741801,0.059949547410595,0.4666864519958451,0.2923282386110699,0.2547855764950289,726.0,705.0,686.0,654.0,622.0,640.0,617.0,606.0,560.0,572.0,550.0,552.0,0.1075714920728996,0.1081288343558282,0.1098478783026421,0.1042895869877212,0.1015841907561652,0.1032924467398321,0.1105338588319598,0.1173963580007749,0.1194539249146757,0.1301478953356086,0.1389941875157948,0.1326285439692455,0.0746292457343327,-0.0418526785714286,0.0628590740114902,0.1788990825688072,0.0318225650916104,-0.0030364372469635,0.0187012987012986,0.0851449275362319,0.2132132132132131,0.1904761904761904,0.0970286610459996,0.1289597952307553,-0.0109527744285419,-0.0722720727074801,-0.1083926617185678,0.017170891251022,Information Technology,45.0,1.0,112,8.815815203906352,6749.0,6271.0,10.238530196347746,9.504575923397805,10.193429569388753,9.40878131065002
AMAT,2023Q2,2023,Q2,0,1,0,0,6630.0,3094.0,3536.0,1183.0,408.0,2040.0,1911.0,1777.0,1575.0,775.0,2350.0,29092.0,14129.0,27959.0,13420.0,0.116892911010558,0.0615384615384615,0.4666666666666667,0.288235294117647,0.2375565610859728,771.0,726.0,705.0,686.0,654.0,622.0,640.0,617.0,606.0,560.0,572.0,550.0,0.1144086659741801,0.1075714920728996,0.1081288343558282,0.1098478783026421,0.1042895869877212,0.1015841907561652,0.1032924467398321,0.1105338588319598,0.1173963580007749,0.1194539249146757,0.1301478953356086,0.1389941875157948,0.0616493194555645,0.025390625,0.0570550051247009,0.129737609329446,0.0049261083743843,0.0089757127771912,-0.0466738197424893,0.0657022302591923,0.1757925072046109,0.1452081316553726,0.064134444986786,0.1075149634227443,-0.0043275253387997,-0.0496148829119821,-0.0341531744909502,0.0576057605760575,Information Technology,45.0,2.0,113,8.799510901368867,6739.0,6245.0,10.278252874394655,9.556055475678573,10.238530196347746,9.504575923397805
AMAT,2023Q3,2023,Q3,0,0,1,0,6425.0,2976.0,3449.0,1174.0,407.0,2002.0,1802.0,1806.0,1560.0,767.0,2327.0,30410.0,15093.0,29092.0,14129.0,0.1193774319066147,0.0633463035019455,0.4631906614785992,0.2804669260700389,0.2428015564202334,775.0,771.0,726.0,705.0,686.0,654.0,622.0,640.0,617.0,606.0,560.0,572.0,0.116892911010558,0.1144086659741801,0.1075714920728996,0.1081288343558282,0.1098478783026421,0.1042895869877212,0.1015841907561652,0.1032924467398321,0.1105338588319598,0.1173963580007749,0.1194539249146757,0.1301478953356086,-0.0145705521472392,-0.0286425902864259,-0.0099800399201597,0.0879432624113474,-0.014763779527559,-0.0634095634095633,-0.029554003224073,-0.0184974388161639,0.0795755968169762,0.0850277264325323,0.1040295830228772,0.0955381931901453,0.0046583875051453,-0.0495611445027787,-0.0142801071856025,0.0069234097793162,Information Technology,45.0,3.0,114,8.768107539675803,6630.0,6520.0,10.322559664050509,9.622052592844813,10.278252874394655,9.556055475678573
AMAT,2023Q4,2023,Q4,0,0,0,1,6723.0,3169.0,3554.0,1198.0,409.0,2360.0,1971.0,2172.0,2004.0,789.0,2793.0,30729.0,16349.0,30410.0,15093.0,0.1173583221775992,0.0608359363379443,0.4713669492785958,0.2931726907630522,0.2980812137438643,767.0,775.0,771.0,726.0,705.0,686.0,654.0,622.0,640.0,617.0,606.0,560.0,0.1193774319066147,0.116892911010558,0.1144086659741801,0.1075714920728996,0.1081288343558282,0.1098478783026421,0.1042895869877212,0.1015841907561652,0.1032924467398321,0.1105338588319598,0.1173963580007749,0.1194539249146757,-0.0038524225811231,0.2595851665619106,0.0219284101902612,0.0867768595041322,0.1147850732168163,-0.0115346038114343,0.1144176500769624,-0.025767543859649,0.0734908136482939,0.0822041553748871,0.0909797746234402,0.0776423473616445,0.0258805355308748,-0.0077118906921567,0.2644563868996483,0.2054380664652568,Information Technology,45.0,4.0,115,8.813438494528507,6425.0,6749.0,10.33299465512453,9.701983176325399,10.322559664050509,9.622052592844813
AMAT,2024Q1,2024,Q1,1,0,0,0,6707.0,3204.0,3503.0,1237.0,483.0,2453.0,1967.0,2303.0,2019.0,754.0,2773.0,31540.0,17429.0,30729.0,16349.0,0.11241985984792,0.0720143134039063,0.4777098553749813,0.2932756821231549,0.3010287759057701,789.0,767.0,775.0,771.0,726.0,705.0,686.0,654.0,622.0,640.0,617.0,606.0,0.1173583221775992,0.1193774319066147,0.116892911010558,0.1144086659741801,0.1075714920728996,0.1081288343558282,0.1098478783026421,0.1042895869877212,0.1015841907561652,0.1032924467398321,0.1105338588319598,0.1173963580007749,-0.0047484790028193,0.1758881770529994,0.0187599364069952,-0.0220492866407263,0.1462616822429907,-0.0015228426395939,0.1744008159102499,-0.0253199777406789,0.1955445544554455,0.0527659574468084,-0.0173833521204495,0.201248658487438,0.023620577224801,0.0032410263085995,0.1814984978619596,0.1145498392282957,Information Technology,45.0,1.0,116,8.8110561229431,6723.0,6739.0,10.359043565784862,9.765948138514066,10.33299465512453,9.701983176325399
AMAT,2024Q2,2024,Q2,0,1,0,0,6646.0,3153.0,3493.0,1241.0,456.0,2146.0,1912.0,1994.0,1722.0,785.0,2507.0,31949.0,18199.0,31540.0,17429.0,0.1181161600962985,0.0686126993680409,0.4744207041829672,0.2876918447186277,0.259103219981944,754.0,789.0,767.0,775.0,771.0,726.0,705.0,686.0,654.0,622.0,640.0,617.0,0.11241985984792,0.1173583221775992,0.1193774319066147,0.116892911010558,0.1144086659741801,0.1075714920728996,0.1081288343558282,0.1098478783026421,0.1042895869877212,0.1015841907561652,0.1032924467398321,0.1105338588319598,0.0024132730015082,0.0933333333333332,0.0190691661279895,0.0129032258064516,0.0519607843137255,0.0005232862375719,0.1221159257175015,-0.0121606334841628,0.1176470588235294,0.0490278951817413,0.0104646986302698,0.114956364730665,0.0166157946777869,-0.0018854366904751,0.0907011736382787,0.0668085106382978,Information Technology,45.0,2.0,117,8.801920904041582,6707.0,6630.0,10.371927459805681,9.809176873064887,10.359043565784862,9.765948138514066
AMAT,2024Q3,2024,Q3,0,0,1,0,6778.0,3205.0,3573.0,1263.0,427.0,2115.0,1942.0,1960.0,1705.0,836.0,2541.0,33647.0,18840.0,31949.0,18199.0,0.1233402183534966,0.062997934493951,0.4728533490705223,0.2865151962230746,0.2515491295367365,785.0,754.0,789.0,767.0,775.0,771.0,726.0,705.0,686.0,654.0,622.0,640.0,0.1181161600962985,0.11241985984792,0.1173583221775992,0.1193774319066147,0.116892911010558,0.1144086659741801,0.1075714920728996,0.1081288343558282,0.1098478783026421,0.1042895869877212,0.1015841907561652,0.1032924467398321,0.0549416342412452,0.0929487179487178,0.0769489247311827,0.0899608865710561,0.0564435564435563,0.0776914539400666,0.0852713178294573,0.035952449985503,0.0491400491400491,0.075809199318569,0.0331954405752485,-0.0054994370426649,0.020861145086729,0.0215650031816063,0.0360276649189308,0.091963902019768,Information Technology,45.0,3.0,118,8.821584877430965,6646.0,6425.0,10.42370889794248,9.843790625278,10.371927459805681,9.809176873064887
AMAT,2024Q4,2024,Q4,0,0,0,1,7045.0,3335.0,3710.0,1289.0,431.0,2071.0,2046.0,1895.0,1731.0,858.0,2589.0,34409.0,19001.0,33647.0,18840.0,0.1217885024840312,0.0611781405251951,0.4733853797019162,0.2904187366926898,0.2457061745919091,836.0,785.0,754.0,789.0,767.0,775.0,771.0,726.0,705.0,686.0,654.0,622.0,0.1233402183534966,0.1181161600962985,0.11241985984792,0.1173583221775992,0.1193774319066147,0.116892911010558,0.1144086659741801,0.1075714920728996,0.1081288343558282,0.1098478783026421,0.1042895869877212,0.1015841907561652,0.047895284843076,-0.1362275449101796,0.0523824550331335,0.0874524714828897,-0.122457627118644,0.0380517503805175,-0.1275322283609576,0.043894203714125,0.0537897310513446,0.0759599332220366,0.0377491789608896,0.005625033620751,0.004282078805927,-0.0093936241578111,-0.175707279550197,-0.0730397422126745,Information Technology,45.0,4.0,119,8.860215358901183,6778.0,6723.0,10.446102498791525,9.852299515766695,10.42370889794248,9.843790625278
AMAT,2025Q1,2025,Q1,1,0,0,0,7166.0,3496.0,3670.0,1321.0,462.0,2288.0,2175.0,2119.0,1185.0,859.0,2044.0,33338.0,18625.0,34409.0,19001.0,0.1198716159642757,0.064471113591962,0.487859335752163,0.3035166061959252,0.1653642199274351,858.0,836.0,785.0,754.0,789.0,767.0,775.0,771.0,726.0,705.0,686.0,654.0,0.1217885024840312,0.1233402183534966,0.1181161600962985,0.11241985984792,0.1173583221775992,0.1193774319066147,0.116892911010558,0.1144086659741801,0.1075714920728996,0.1081288343558282,0.1098478783026421,0.1042895869877212,0.0684359624273147,-0.413075780089153,0.0911360799001248,0.1392572944297081,-0.0672645739910313,0.1057447890188103,-0.079895788102475,0.0476734227804738,-0.0434782608695651,0.0679062247372674,0.0662850507591477,-0.1047458408668955,0.0212461188794499,0.0349191040956127,-0.4506697260756279,-0.2628921745402092,Information Technology,45.0,1.0,120,8.877242435993919,7045.0,6707.0,10.414483161853756,9.832313733081604,10.446102498791525,9.852299515766695
AMAT,2025Q2,2025,Q2,0,1,0,0,7100.0,3485.0,3615.0,1316.0,423.0,2493.0,2169.0,2322.0,2137.0,893.0,3030.0,33632.0,18961.0,33338.0,18625.0,0.1257746478873239,0.0595774647887323,0.4908450704225352,0.3054929577464789,0.3009859154929577,859.0,858.0,836.0,785.0,754.0,789.0,767.0,775.0,771.0,726.0,705.0,686.0,0.1198716159642757,0.1217885024840312,0.1233402183534966,0.1181161600962985,0.11241985984792,0.1173583221775992,0.1193774319066147,0.116892911010558,0.1144086659741801,0.1075714920728996,0.1081288343558282,0.1098478783026421,0.0683117664760757,0.240998838559814,0.1052965429749444,0.1375796178343948,0.1616961789375581,0.1344142259414225,0.164493480441324,0.0349269968508445,-0.0723684210526315,0.0604351329572925,0.0648386112855476,-0.1316845811712379,0.0346198344523211,0.0618756261417881,0.1616448283195104,0.2086158755484644,Information Technology,45.0,2.0,121,8.867990898182093,7166.0,6646.0,10.423263006821703,9.850192255477904,10.414483161853756,9.832313733081604
AMAT,2025Q3,2025,Q3,0,0,1,0,7302.0,3562.0,3740.0,1329.0,428.0,2421.0,2233.0,2563.0,1779.0,901.0,2680.0,34211.0,19504.0,33632.0,18961.0,0.1233908518214187,0.0586140783347028,0.4878115584771295,0.3058066283210079,0.243631881676253,893.0,859.0,858.0,836.0,785.0,754.0,789.0,767.0,775.0,771.0,726.0,705.0,0.1257746478873239,0.1198716159642757,0.1217885024840312,0.1233402183534966,0.1181161600962985,0.11241985984792,0.1173583221775992,0.1193774319066147,0.116892911010558,0.1144086659741801,0.1075714920728996,0.1081288343558282,0.0773089406904692,0.0434017595307918,0.1113884555382216,0.0777511961722488,0.1446808510638297,0.1498455200823893,0.3076530612244899,0.0467394346487546,0.0023419203747072,0.0522565320665082,0.0004105187148044,-0.0695872998767782,0.0316339292848624,0.0673312702161648,-0.0314739624623793,0.054702872884691,Information Technology,45.0,3.0,122,8.89604050162011,7100.0,6778.0,10.440331738700673,9.878426121940757,10.423263006821703,9.850192255477904
