ticker,Year_Quarter,year,quarter,Q1,Q2,Q3,Q4,revenue,grossProfit,costOfRevenue,operatingExpenses,snaExpenses,ebitda,operatingIncome,incomeBeforeTax,netIncome,rnd,net_plus_rnd,totalAssets,totalEquity,totalAssets_lag1,totalEquity_lag1,rnd_to_rev_ratio,sna_to_rev_ratio,grossProfitRatio,operatingIncomeRatio,netIncomeRatio,rnd_lag1,rnd_lag2,rnd_lag3,rnd_lag4,rnd_lag5,rnd_lag6,rnd_lag7,rnd_lag8,rnd_lag9,rnd_lag10,rnd_lag11,rnd_lag12,rnd_to_rev_ratio_lag1,rnd_to_rev_ratio_lag2,rnd_to_rev_ratio_lag3,rnd_to_rev_ratio_lag4,rnd_to_rev_ratio_lag5,rnd_to_rev_ratio_lag6,rnd_to_rev_ratio_lag7,rnd_to_rev_ratio_lag8,rnd_to_rev_ratio_lag9,rnd_to_rev_ratio_lag10,rnd_to_rev_ratio_lag11,rnd_to_rev_ratio_lag12,revenue_yoy,netIncome_yoy,grossProfit_yoy,rnd_yoy,ebitda_yoy,operatingIncome_yoy,incomeBeforeTax_yoy,costOfRevenue_yoy,snaExpenses_yoy,operatingExpenses_yoy,rnd_to_rev_ratio_yoy,sna_to_rev_ratio_yoy,grossProfitRatio_yoy,operatingIncomeRatio_yoy,netIncomeRatio_yoy,net_plus_rnd_yoy,gics_sectors,gics_sector_code,quarter_int,time_idx,revenue_log,revenue_lag1,revenue_lag4,totalAssets_log,totalEquity_log,totalAssets_lag1_log,totalEquity_lag1_log
AMD,1995Q2,1995,Q2,0,1,0,0,626.214,325.255,300.959,198.396,97.364,182.589,126.859,133.516,91.985,101.032,193.017,2901.119,1948.773,2702.011,1842.417,0.1613378174234367,0.1554803948809831,0.5193991191509612,0.2025809068465412,0.1468906795440536,92.5,,,,,,,,,,,,0.1491704510269377,,,,,,,,,,,,,,,,,,,,,,,,,,,,Information Technology,45.0,2.0,1,6.44128779021565,620.096,,7.973196438806021,7.575468234525182,7.9021216158205165,7.519376193606657
AMD,1995Q3,1995,Q3,0,0,1,0,590.385,246.041,344.344,195.539,95.525,116.401,50.502,60.369,56.163,100.014,156.177,2967.407,2020.455,2901.119,1948.773,0.1694047104855306,0.1618011975236498,0.4167466991878181,0.0855407911786376,0.0951294494270687,101.032,92.5,,,,,,,,,,,0.1613378174234367,0.1491704510269377,,,,,,,,,,,,,,,,,,,,,,,,,,,Information Technology,45.0,3.0,2,6.382467243552584,626.214,,7.995780724265951,7.611572828135551,7.973196438806021,7.575468234525182
AMD,1995Q4,1995,Q4,0,0,0,1,593.029,230.228,362.801,199.19,95.181,114.427,31.038,37.858,55.582,104.009,159.591,3031.268,2100.128,2967.407,2020.455,0.1753860266529967,0.1604997394731117,0.3882238474003801,0.0523380812742715,0.0937256019520124,100.014,101.032,92.5,,,,,,,,,,0.1694047104855306,0.1613378174234367,0.1491704510269377,,,,,,,,,,,,,,,,,,,,,,,,,,Information Technology,45.0,4.0,3,6.386928139719734,590.385,,8.017066133357371,7.650229622359071,7.995780724265951,7.611572828135551
AMD,1996Q1,1996,Q1,1,0,0,0,544.212,175.477,368.735,197.791,103.011,53.493,-22.314,3.764,25.327,94.78,120.107,2954.809,2121.948,3031.268,2100.128,0.1741600699727312,0.1892846905250159,0.3224423570226309,-0.0410024034751163,0.0465388488309702,104.009,100.014,101.032,92.5,,,,,,,,,0.1753860266529967,0.1694047104855306,0.1613378174234367,0.1491704510269377,,,,,,,,,-0.1223746000619259,-0.7383601409076352,-0.4671600004858437,0.0246486486486485,-0.7289586088436926,-1.159524728692146,-0.974322941537622,0.2681241660132338,0.0625606007468075,0.0440494916757281,0.1675239216195756,0.2107222521383069,-0.3928616929822748,-1.1817685868064007,-0.7018775218779831,-0.3655236897850512,Information Technology,45.0,1.0,4,6.301174709851615,593.029,620.096,7.991527665636788,7.6605609677622075,8.017066133357371,7.650229622359071
AMD,1996Q2,1996,Q2,0,1,0,0,455.077,75.298,379.779,175.831,83.063,-5.584,-100.533,-79.306,-34.672,92.768,58.096,2845.025,2071.355,2954.809,2121.948,0.2038512163875564,0.1825251550836452,0.1654621086101912,-0.2209142628610103,-0.0761893042276362,94.78,104.009,100.014,101.032,92.5,,,,,,,,0.1741600699727312,0.1753860266529967,0.1694047104855306,0.1613378174234367,0.1491704510269377,,,,,,,,-0.2732883646804448,-1.3769310213621786,-0.7684954881554472,-0.0817958666561089,-1.0305823461435246,-1.7924782632686684,-1.5939812456934002,0.2618961386766967,-0.1468818043630089,-0.1137371721204056,0.263505479639295,0.1739432178787827,-0.6814355232626021,-2.0904989334871376,-1.518680316982171,-0.6990109679458285,Information Technology,45.0,2.0,5,6.122661654908323,544.212,626.214,7.9536785628698246,7.636440920750047,7.991527665636788,7.6605609677622075
AMD,1996Q3,1996,Q3,0,0,1,0,456.862,119.17,337.692,196.088,90.432,0.783,-76.918,-76.147,-38.362,105.656,67.29400000000001,3053.992,2036.658,2845.025,2071.355,0.2312645831782901,0.1979416103768753,0.2608446314204289,-0.1683615621347365,-0.0839684631245321,92.768,94.78,104.009,100.014,101.032,92.5,,,,,,,0.2038512163875564,0.1741600699727312,0.1753860266529967,0.1694047104855306,0.1613378174234367,0.1491704510269377,,,,,,,-0.2261625888191603,-1.683047558000819,-0.5156498307192703,0.0564121023056773,-0.9932732536662056,-2.523068393330957,-2.2613593069290534,-0.0193178914109146,-0.0533158858937451,0.0028076240545364,0.3651602869569743,0.2233630739843133,-0.3740931075668285,-2.96820206845108,-1.882675802606287,-0.5691170915051511,Information Technology,45.0,3.0,6,6.126567828667525,455.077,590.385,8.02453225294433,7.619556388120751,7.9536785628698246,7.636440920750047
AMD,1996Q4,1996,Q4,0,0,0,1,496.868,142.246,354.622,195.791,88.292,30.638,-53.545,-57.067,-21.243,107.499,86.256,3145.283,2021.878,3053.992,2036.658,0.2163532366745292,0.177697094600578,0.28628529106322,-0.1077650402118872,-0.0427538098649943,105.656,92.768,94.78,104.009,100.014,101.032,92.5,,,,,,0.2312645831782901,0.2038512163875564,0.1741600699727312,0.1753860266529967,0.1694047104855306,0.1613378174234367,0.1491704510269377,,,,,,-0.1621522724858312,-1.382192076571552,-0.3821516062338204,0.0335547885279157,-0.7322485077822543,-2.7251433726399896,-2.507396058957156,-0.0225440392942687,-0.0723778905453819,-0.0170641096440584,0.233583089846642,0.1071488040038053,-0.2625767505519297,-3.059017785676116,-1.456159352136082,-0.4595183938943925,Information Technology,45.0,4.0,7,6.210334981649015,456.862,593.029,8.053977035071517,7.612276528873705,8.02453225294433,7.619556388120751
AMD,1997Q1,1997,Q1,1,0,0,0,551.999,202.923,349.076,199.427,94.519,92.296,3.496,7.408,12.951,104.908,117.859,3426.126,2043.757,3145.283,2021.878,0.1900510689330959,0.1712303826637367,0.3676147964036166,0.006333344806784,0.0234619990253605,107.499,105.656,92.768,94.78,104.009,100.014,101.032,92.5,,,,,0.2163532366745292,0.2312645831782901,0.2038512163875564,0.1741600699727312,0.1753860266529967,0.1694047104855306,0.1613378174234367,0.1491704510269377,,,,,0.0143087620265631,-0.4886484779089509,0.1564079622970531,0.1068579869170711,0.7253846297646422,-1.1566729407546832,0.9681190223166848,-0.0533147111068924,-0.0824377979050779,0.0082713571396069,0.0912436413401347,-0.0953817649552233,0.140094619696057,-1.1544627697405023,-0.4958620676120536,-0.0187166443254763,Information Technology,45.0,1.0,8,6.315356193202436,496.868,544.212,8.139477288050198,7.623034235010618,8.053977035071517,7.612276528873705
AMD,1997Q2,1997,Q2,0,1,0,0,594.561,222.295,372.266,213.004,102.983,103.316,9.291,9.051,9.968,110.021,119.989,3471.731,2090.547,3426.126,2043.757,0.1850457732680078,0.1732084680966292,0.373880896997953,0.015626655633316,0.0167653108764281,104.908,107.499,105.656,92.768,94.78,104.009,100.014,101.032,92.5,,,,0.1900510689330959,0.2163532366745292,0.2312645831782901,0.2038512163875564,0.1741600699727312,0.1753860266529967,0.1694047104855306,0.1613378174234367,0.1491704510269377,,,,0.3065063714492273,-1.2874942316566682,1.95220324577014,0.1859800793377026,-19.50214899713467,-1.092417415177106,-1.114127556553098,-0.0197825577506918,0.2398179694930353,0.2114132320239321,-0.0922508261309376,-0.0510433040462089,1.259616416945171,-1.0707362912242004,-1.2200480900355417,1.0653573395758742,Information Technology,45.0,2.0,9,6.389503818477888,551.999,455.077,8.152696595094149,7.645659262539876,8.139477288050198,7.623034235010618
AMD,1997Q3,1997,Q3,0,0,1,0,596.644,168.404,428.24,226.832,100.915,45.537,-58.428,-67.047,-31.675,125.917,94.242,3425.946,2043.617,3471.731,2090.547,0.2110420954539055,0.1691377102593841,0.2822520632068704,-0.0979277425064192,-0.0530886089527423,110.021,104.908,107.499,105.656,92.768,94.78,104.009,100.014,101.032,92.5,,,0.1850457732680078,0.1900510689330959,0.2163532366745292,0.2312645831782901,0.2038512163875564,0.1741600699727312,0.1753860266529967,0.1694047104855306,0.1613378174234367,0.1491704510269377,,,0.3059610998507207,-0.1743131223606694,0.4131408911638834,0.1917638373589762,57.15708812260536,-0.2403858654671209,-0.1195056929360317,0.2681378297383414,0.11592135527247,0.1567867488066583,-0.0874430811949895,-0.1455171556028532,0.0820696660301858,-0.4183485751453795,-0.3677553812791885,0.4004517490415191,Information Technology,45.0,3.0,10,6.392995258952923,594.561,456.862,8.139424764528403,7.622965764873108,8.152696595094149,7.645659262539876
AMD,1997Q4,1997,Q4,0,0,0,1,613.171,184.315,428.856,229.327,102.296,62.663,-45.012,-50.244,-12.334,127.031,114.697,3515.271,2029.543,3425.946,2043.617,0.20717059352122,0.1668311123650661,0.3005931461207395,-0.0734085597655466,-0.0201151065526582,125.917,110.021,104.908,107.499,105.656,92.768,94.78,104.009,100.014,101.032,92.5,,0.2110420954539055,0.1850457732680078,0.1900510689330959,0.2163532366745292,0.2312645831782901,0.2038512163875564,0.1741600699727312,0.1753860266529967,0.1694047104855306,0.1613378174234367,0.1491704510269377,,0.2340722284389416,-0.4193852092453984,0.295748210845999,0.1816947134391948,1.045270579019518,-0.1593612849005509,-0.1195612175162528,0.2093327543130432,0.1586100665972003,0.1712846862215322,-0.0424428277314063,-0.061148902068073,0.049977611509073,-0.3188091460717597,-0.5295131213761621,0.3297277870524948,Information Technology,45.0,4.0,11,6.420273391001428,596.644,496.868,8.16515633205783,7.61605852395211,8.139424764528403,7.622965764873108
AMD,1998Q1,1998,Q1,1,0,0,0,540.9,229.5,311.4,328.5,88.2,13.2,-99.0,-109.7,-62.7,128.1,65.39999999999999,3332.306,1965.711,3515.271,2029.543,0.2368275097060455,0.1630615640599002,0.4242928452579035,-0.1830282861896838,-0.1159179145867997,127.031,125.917,110.021,104.908,107.499,105.656,92.768,94.78,104.009,100.014,101.032,92.5,0.20717059352122,0.2110420954539055,0.1850457732680078,0.1900510689330959,0.2163532366745292,0.2312645831782901,0.2038512163875564,0.1741600699727312,0.1753860266529967,0.1694047104855306,0.1613378174234367,0.1491704510269377,-0.0201069204835516,-5.841324994208941,0.1309708608684081,0.2210698898082128,-0.8569818843720205,-29.31807780320366,-15.808315334773216,-0.1079306512048953,-0.0668542832657984,0.6472192832465014,0.2461256389429538,-0.0477065955045986,0.1541778225707164,-29.89915072895289,-5.940666584356335,-0.4450996529751654,Information Technology,45.0,1.0,12,6.295081482572068,613.171,551.999,8.111719883274453,7.584117883344507,8.16515633205783,7.61605852395211
AMD,1998Q2,1998,Q2,0,1,0,0,526.5,249.5,277.0,353.5,101.2,9.1,-104.0,-108.7,-64.6,139.2,74.6,3858.584,1918.451,3332.306,1965.711,0.2643874643874643,0.1922127255460589,0.4738841405508072,-0.1975308641975308,-0.1226970560303893,128.1,127.031,125.917,110.021,104.908,107.499,105.656,92.768,94.78,104.009,100.014,101.032,0.2368275097060455,0.20717059352122,0.2110420954539055,0.1850457732680078,0.1900510689330959,0.2163532366745292,0.2312645831782901,0.2038512163875564,0.1741600699727312,0.1753860266529967,0.1694047104855306,0.1613378174234367,-0.1144726949799936,-7.480738362760834,0.1223824197575293,0.2652130047899945,-0.9119207092802664,-12.193628242385104,-13.00972268257651,-0.2559084095780974,-0.0173135371857491,0.6595932470751724,0.4287679189761519,0.1097189857878517,0.2674735306238491,-13.640635900134338,-8.318507657552601,-0.3782763419980165,Information Technology,45.0,2.0,13,6.268148865350222,540.9,594.561,8.25831468463033,7.559794486633906,8.111719883274453,7.584117883344507
AMD,1998Q3,1998,Q3,0,0,1,0,685.9,380.0,305.9,370.6,109.8,126.5,9.4,0.4,1.0,143.7,144.7,4116.118,1929.696,3858.584,1918.451,0.2095057588569762,0.1600816445545998,0.554016620498615,0.0137046216649657,0.0014579384749963,139.2,128.1,127.031,125.917,110.021,104.908,107.499,105.656,92.768,94.78,104.009,100.014,0.2643874643874643,0.2368275097060455,0.20717059352122,0.2110420954539055,0.1850457732680078,0.1900510689330959,0.2163532366745292,0.2312645831782901,0.2038512163875564,0.1741600699727312,0.1753860266529967,0.1694047104855306,0.1495967444573314,-1.031570639305446,1.25647846844493,0.1412279517459913,1.777960779146628,-1.1608817690148558,-1.0059659641743852,-0.2856809265832244,0.0880443937967596,0.6338082810185512,-0.0072797637534112,-0.0535425582556148,0.9628434747439234,-1.139946263583758,-1.0274623596993129,0.5354088410687377,Information Technology,45.0,3.0,14,6.5321887212198355,526.5,596.644,8.322908683005998,7.56563583865219,8.25831468463033,7.559794486633906
AMD,1998Q4,1998,Q4,0,0,0,1,788.82,306.833,481.987,276.957,120.498,154.977,29.876,24.736,22.321,156.459,178.78,4252.968,2005.049,4116.118,1929.696,0.1983456301817905,0.1527572830303491,0.3889772064602824,0.0378742932481427,0.0282966963312289,143.7,139.2,128.1,127.031,125.917,110.021,104.908,107.499,105.656,92.768,94.78,104.009,0.2095057588569762,0.2643874643874643,0.2368275097060455,0.20717059352122,0.2110420954539055,0.1850457732680078,0.1900510689330959,0.2163532366745292,0.2312645831782901,0.2038512163875564,0.1741600699727312,0.1753860266529967,0.2864600576348195,-2.8097129884871093,0.664720722675854,0.2316599885067425,1.473181941496577,-1.6637341153470184,-1.4923174906456491,0.1238900703266365,0.1779346210995542,0.2076946892428715,-0.0425975674898356,-0.0843597404297116,0.2940321876269314,-1.5159383778827196,-2.4067385751675023,0.5587155723340627,Information Technology,45.0,4.0,15,6.671805071398479,685.9,613.171,8.355607473399967,7.603922394943394,8.322908683005998,7.56563583865219
AMD,1999Q1,1999,Q1,1,0,0,0,631.593,308.649,322.944,414.743,127.31,21.393,-106.094,-133.84,-128.367,159.946,31.579000000000008,4305.493,1873.694,4252.968,2005.049,0.2532421986944124,0.2015696817412479,0.4886833767948663,-0.1679784291466181,-0.2032432278381806,156.459,143.7,139.2,128.1,127.031,125.917,110.021,104.908,107.499,105.656,92.768,94.78,0.1983456301817905,0.2095057588569762,0.2643874643874643,0.2368275097060455,0.20717059352122,0.2110420954539055,0.1850457732680078,0.1900510689330959,0.2163532366745292,0.2312645831782901,0.2038512163875564,0.1741600699727312,0.1676705490848584,1.0473205741626792,0.344875816993464,0.2486026541764248,0.6206818181818183,0.0716565656565655,0.2200546946216954,0.0370712909441235,0.4434240362811792,0.2625357686453577,0.0693107359391698,0.2361569257805102,0.1517596449165281,-0.0822269462080227,0.7533375109676537,-0.5171406727828745,Information Technology,45.0,1.0,16,6.449827245366127,788.82,540.9,8.367879162778006,7.536200725085942,8.355607473399967,7.603922394943394
AMD,1999Q2,1999,Q2,0,1,0,0,595.1,264.7,330.4,419.7,124.5,-27.087,-155.0,252.7,79.9,167.3,247.2,4246.009,1962.161,4305.493,1873.694,0.2811292219794992,0.2092085363804402,0.4447991934128718,-0.260460426819022,0.1342631490505797,159.946,156.459,143.7,139.2,128.1,127.031,125.917,110.021,104.908,107.499,105.656,92.768,0.2532421986944124,0.1983456301817905,0.2095057588569762,0.2643874643874643,0.2368275097060455,0.20717059352122,0.2110420954539055,0.1850457732680078,0.1900510689330959,0.2163532366745292,0.2312645831782901,0.2038512163875564,0.1302943969610637,-2.2368421052631584,0.0609218436873746,0.2018678160919542,-3.976593406593407,0.4903846153846154,-3.324747010119595,0.1927797833935016,0.2302371541501975,0.1872701555869873,0.0633228115819424,0.0884218814654327,-0.0613756499724369,0.3185809107712989,-2.094265448531428,2.313672922252011,Information Technology,45.0,2.0,17,6.390408438225881,631.593,526.5,8.35397024945395,7.582311208233652,8.367879162778006,7.536200725085942
AMD,1999Q3,1999,Q3,0,0,1,0,662.2,318.3,343.9,417.2,129.4,31.3,-98.9,-110.266,-105.5,157.6,52.1,4178.807,1918.765,4246.009,1962.161,0.2379945635759589,0.1954092419208698,0.4806704922983992,-0.1493506493506493,-0.1593174267592872,167.3,159.946,156.459,143.7,139.2,128.1,127.031,125.917,110.021,104.908,107.499,105.656,0.2811292219794992,0.2532421986944124,0.1983456301817905,0.2095057588569762,0.2643874643874643,0.2368275097060455,0.20717059352122,0.2110420954539055,0.1850457732680078,0.1900510689330959,0.2163532366745292,0.2312645831782901,-0.0345531418574135,-106.5,-0.1623684210526315,0.0967292971468336,-0.7525691699604743,-11.52127659574468,-276.665,0.124223602484472,0.1785063752276867,0.12574203993524,0.1359810101374405,0.2206848728007706,-0.1323897614013893,-11.897830892511744,-110.27582301419508,-0.6399447131997236,Information Technology,45.0,3.0,18,6.497076603821085,595.1,685.9,8.338020352204026,7.559958061697513,8.35397024945395,7.582311208233652
AMD,1999Q4,1999,Q4,0,0,0,1,968.71,387.165,581.545,315.439,158.803,207.356,71.726,66.314,65.08,150.936,216.016,4377.698,1979.273,4178.807,1918.765,0.1558113367261616,0.1639324462429416,0.3996706960803542,0.074042799186547,0.0671821288104799,157.6,167.3,159.946,156.459,143.7,139.2,128.1,127.031,125.917,110.021,104.908,107.499,0.2379945635759589,0.2811292219794992,0.2532421986944124,0.1983456301817905,0.2095057588569762,0.2643874643874643,0.2368275097060455,0.20717059352122,0.2110420954539055,0.1850457732680078,0.1900510689330959,0.2163532366745292,0.2280494916457494,1.9156399802876212,0.261810170353254,-0.0352999827430828,0.3379791840079496,1.4007899317177666,1.6808699870633892,0.2065574382711565,0.3178890935949143,0.1389457569225549,-0.2144453266585444,0.0731563365811651,0.0274913013988229,0.9549618708773612,1.374203971519321,0.2082783309094977,Information Technology,45.0,4.0,19,6.876997057725101,662.2,788.82,8.384506698905927,7.5909899929720535,8.338020352204026,7.559958061697513
AMD,2000Q1,2000,Q1,1,0,0,0,1092.029,486.272,605.757,305.603,144.306,308.561,180.669,180.669,189.349,161.297,350.646,4638.227,2198.372,4377.698,1979.273,0.1477039529170012,0.1321448423073013,0.445292203778471,0.1654434085541684,0.1733919154161656,150.936,157.6,167.3,159.946,156.459,143.7,139.2,128.1,127.031,125.917,110.021,104.908,0.1558113367261616,0.2379945635759589,0.2811292219794992,0.2532421986944124,0.1983456301817905,0.2095057588569762,0.2643874643874643,0.2368275097060455,0.20717059352122,0.2110420954539055,0.1850457732680078,0.1900510689330959,0.7290074462509877,-2.475059789509765,0.5754854219517964,0.0084466007277455,13.423456270742763,-2.702914396667107,-2.34988792588165,0.8757338733650413,0.1335009033068888,-0.2631509151450416,-0.4167482604459781,-0.3444210400801557,-0.088791997184323,-1.9849086540139207,-1.8531251804080668,10.103771493714174,Information Technology,45.0,1.0,20,6.996708020303973,968.71,631.593,8.442303036514256,7.695927144051049,8.384506698905927,7.5909899929720535
AMD,2000Q2,2000,Q2,0,1,0,0,1170.437,705.681,464.756,455.484,152.022,398.008,250.197,258.92,207.144,155.651,362.795,4963.494,2443.171,4638.227,2198.372,0.133387537952549,0.129884820797702,0.6029209602909,0.2137637480701652,0.1769800510407651,161.297,150.936,157.6,167.3,159.946,156.459,143.7,139.2,128.1,127.031,125.917,110.021,0.1477039529170012,0.1558113367261616,0.2379945635759589,0.2811292219794992,0.2532421986944124,0.1983456301817905,0.2095057588569762,0.2643874643874643,0.2368275097060455,0.20717059352122,0.2110420954539055,0.1850457732680078,0.9667904553856492,1.592540675844806,1.665965243672082,-0.0696294082486551,-15.693690700335956,-2.6141741935483878,0.0246141669964385,0.4066464891041161,0.2210602409638553,0.0852609006433167,-0.5269599823388824,-0.3791609891027109,0.355490228443954,-1.8207148804939053,0.3181580522447977,0.4676173139158575,Information Technology,45.0,2.0,21,7.065986479293097,1092.029,595.1,8.510066657891993,7.801461285110666,8.442303036514256,7.695927144051049
AMD,2000Q3,2000,Q3,0,0,1,0,1206.549,567.539,639.01,304.695,141.931,416.602,262.844,602.15,408.567,162.764,571.331,5371.992,2901.214,4963.494,2443.171,0.1349004474745742,0.1176338466154296,0.4703820565928114,0.2178477625028076,0.3386244570257818,155.651,161.297,150.936,157.6,167.3,159.946,156.459,143.7,139.2,128.1,127.031,125.917,0.133387537952549,0.1477039529170012,0.1558113367261616,0.2379945635759589,0.2811292219794992,0.2532421986944124,0.1983456301817905,0.2095057588569762,0.2643874643874643,0.2368275097060455,0.20717059352122,0.2110420954539055,0.8220311084264571,-4.872672985781991,0.7830317310713162,0.032766497461929,12.30996805111821,-3.657674418604651,-6.460885495075544,0.8581273626054087,0.096839258114374,-0.2696668264621285,-0.4331784497610214,-0.3980128807670982,-0.0214043422062214,-2.458632844584016,-3.125470288554244,9.96604606525912,Information Technology,45.0,3.0,22,7.096347964413538,1170.437,662.2,8.589140201801602,7.973229172972034,8.510066657891993,7.801461285110666
AMD,2000Q4,2000,Q4,0,0,0,1,1175.172,517.869,657.303,322.843,160.756,344.635,195.026,200.543,177.968,162.087,340.05499999999995,5767.735,3171.667,5371.992,2901.214,0.137926192931758,0.1367935927676969,0.4406750671391081,0.1659552814396531,0.1514399594272157,162.764,155.651,161.297,150.936,157.6,167.3,159.946,156.459,143.7,139.2,128.1,127.031,0.1349004474745742,0.133387537952549,0.1477039529170012,0.1558113367261616,0.2379945635759589,0.2811292219794992,0.2532421986944124,0.1983456301817905,0.2095057588569762,0.2643874643874643,0.2368275097060455,0.20717059352122,0.2131308647582868,1.7346035648432698,0.3375924993219945,0.0738789950707583,0.6620449854356758,1.7190419094888885,2.0241427149621503,0.1302702284431987,0.0122982563301701,0.0234720500635621,-0.1147871789704023,-0.1655490056863173,0.1025953903072991,1.241342618902579,1.2541702995811028,0.5742120954003402,Information Technology,45.0,4.0,23,7.070020376267242,1206.549,968.71,8.660208098031097,8.06232783807703,8.589140201801602,7.973229172972034
AMD,2001Q1,2001,Q1,1,0,0,0,1188.747,473.917,714.83,306.898,149.138,319.952,167.019,164.197,124.837,157.76,282.597,6029.405,3276.636,5767.735,3171.667,0.133387537952549,0.1254581504727246,0.3986693552118322,0.1405000391168179,0.1050156172844179,162.087,162.764,155.651,161.297,150.936,157.6,167.3,159.946,156.459,143.7,139.2,128.1,0.137926192931758,0.1349004474745742,0.133387537952549,0.1477039529170012,0.1558113367261616,0.2379945635759589,0.2811292219794992,0.2532421986944124,0.1983456301817905,0.2095057588569762,0.2643874643874643,0.2368275097060455,0.0885672450090611,-0.34070420229312,-0.0254075908133719,-0.0219284921604245,0.0369165254196091,-0.0755525297643757,-0.091172254232879,0.1800606513833107,0.0334844012029991,0.0042375238462972,-0.1015056604689276,-0.0506012320861294,-0.1047016951364216,-0.1507667767204136,-0.3943453647630266,-0.1940675210896459,Information Technology,45.0,1.0,24,7.081495958459903,1175.172,1092.029,8.704569451644923,8.094877709818912,8.660208098031097,8.06232783807703
AMD,2001Q2,2001,Q2,0,1,0,0,985.264,349.065,636.199,327.405,156.291,181.103,21.66,13.769,17.352,171.114,188.466,5830.953,3800.305,6029.405,3276.636,0.173673248997223,0.1586285503174783,0.3542857548839702,0.0219839555692687,0.0176115234089543,157.76,162.087,162.764,155.651,161.297,150.936,157.6,167.3,159.946,156.459,143.7,139.2,0.133387537952549,0.137926192931758,0.1349004474745742,0.133387537952549,0.1477039529170012,0.1558113367261616,0.2379945635759589,0.2811292219794992,0.2532421986944124,0.1983456301817905,0.2095057588569762,0.2643874643874643,-0.1582084298428705,-0.916232186305179,-0.50535015113061,0.0993440453321854,-0.5449764828847661,-0.9134282185637718,-0.9468214120191564,0.3688881907925878,0.0280814618936733,-0.2811931922965461,0.3059575366464897,0.2213016836243333,-0.4123844115271216,-0.8971576997141125,-0.9004886522216125,-0.4805165451563555,Information Technology,45.0,2.0,25,6.89392406724311,1188.747,1170.437,8.67110721467111,8.243099707811597,8.704569451644923,8.094877709818912
AMD,2001Q3,2001,Q3,0,0,1,0,765.87,171.814,594.056,401.408,150.918,19.724,-229.594,-250.76,-186.929,161.185,-25.744,5739.205,3630.788,5830.953,3800.305,0.210459999738859,0.1970543303693838,0.2243383341820413,-0.2997819473278755,-0.2440740595662449,171.114,157.76,162.087,162.764,155.651,161.297,150.936,157.6,167.3,159.946,156.459,143.7,0.173673248997223,0.133387537952549,0.137926192931758,0.1349004474745742,0.13336838719910565,0.1477039529170012,0.1558113367261616,0.2379945635759589,0.2811292219794992,0.2532421986944124,0.1983456301817905,0.2095057588569762,-0.3652392070276465,-1.4575234906392345,-0.6972648575692595,-0.0097011624192082,-0.9526550520640804,-1.873499109738096,-1.4164410861081125,-0.0703494468005194,0.0633195003205782,0.3174092124911798,0.5601134294126504,0.675149933790713,-0.5230720835590017,-2.376107534379712,-1.720780955132434,-1.0450596939427408,Information Technology,45.0,3.0,26,6.642317295476521,985.264,1206.549,8.655250202961586,8.197480367973533,8.67110721467111,8.243099707811597
AMD,2001Q4,2001,Q4,0,0,0,1,951.873,307.211,644.662,324.555,163.684,133.134,-17.344,-21.13,-15.842,160.871,145.029,5647.242,3555.055,5739.205,3630.788,0.1690046886506918,0.1719599148205695,0.3227436853445785,-0.0182209181266828,-0.016642976531533,161.185,171.114,157.76,162.087,162.764,155.651,161.297,150.936,157.6,167.3,159.946,156.459,0.210459999738859,0.173673248997223,0.133387537952549,0.137926192931758,0.1349004474745742,0.1333492364456623,0.1477039529170012,0.1558113367261616,0.2379945635759589,0.2811292219794992,0.2532421986944124,0.1983456301817905,-0.1900138873288335,-1.0890160028769218,-0.4067785482428954,-0.0075021439103689,-0.6136956490199776,-1.088931732179299,-1.1053639369112858,-0.0192316176862116,0.0182139391375748,0.0053028871618712,0.2253270032205596,0.2570757982253748,-0.2676152807104518,-1.1097941443539332,-1.1098981840359774,-0.5735131081736777,Information Technology,45.0,4.0,27,6.859481631395045,765.87,1175.172,8.639099625280666,8.176407063330833,8.655250202961586,8.197480367973533
AMD,2002Q1,2002,Q1,1,0,0,0,902.073,315.199,586.874,328.742,156.86,160.564,-13.543,-16.163,-9.163,171.882,162.719,5964.942,3509.603,5647.242,3555.055,0.1905411202862739,0.1738883660191581,0.3494162889256191,-0.0150131973798129,-0.0101577145086927,160.871,161.185,171.114,157.76,162.087,162.764,155.651,161.297,150.936,157.6,167.3,159.946,0.1690046886506918,0.210459999738859,0.173673248997223,0.133387537952549,0.137926192931758,0.1349004474745742,0.13333008569221894,0.1477039529170012,0.1558113367261616,0.2379945635759589,0.2811292219794992,0.2532421986944124,-0.2411564445588506,-1.0733997132260469,-0.3349067452739613,0.089515720081136,-0.4981622243336501,-1.081086582963615,-1.098436634043253,-0.1790020004756375,0.0517775483109603,0.0711767427614387,0.4357580192504267,0.3860268572743108,-0.1235436474921495,-1.106855467615424,-1.0967257515725706,-0.4242012477131746,Information Technology,45.0,1.0,28,6.805803391788458,951.873,1188.747,8.693822243270816,8.163543096576657,8.639099625280666,8.176407063330833
AMD,2002Q2,2002,Q2,0,1,0,0,600.299,42.009,558.29,338.673,160.248,-113.556,-296.664,-303.732,-184.938,178.425,-6.512999999999977,5903.042,3512.408,5964.942,3509.603,0.297226881937168,0.266946971425906,0.0699801265702591,-0.4941937267928149,-0.3080764752231804,171.882,160.871,161.185,171.114,157.76,162.087,162.764,155.651,161.297,150.936,157.6,167.3,0.1905411202862739,0.1690046886506918,0.210459999738859,0.173673248997223,0.13336838719910565,0.137926192931758,0.1349004474745742,0.13331093493877558,0.1477039529170012,0.1558113367261616,0.2379945635759589,0.2811292219794992,-0.3907226895532568,-11.65802213001383,-0.8796527867302651,0.0427259020302255,-1.627024400479285,-14.69639889196676,-23.05911830924541,-0.12246011075151,0.0253181565157303,0.034416090163559,0.7114143004367959,0.6828431634257501,-0.8024754718315505,-23.47974552330545,-18.492891902045397,-1.0345579574034574,Information Technology,45.0,2.0,29,6.399092314980777,902.073,985.264,8.683392480076144,8.164341785573331,8.693822243270816,8.163543096576657
AMD,2002Q3,2002,Q3,0,0,1,0,508.227,54.343,453.884,379.527,158.568,-126.097,-325.184,-333.409,-254.171,220.959,-33.21199999999999,5731.482,3241.092,5903.042,3512.408,0.41981329876698065,0.3120023139266509,0.1069266292424448,-0.6398400714641292,-0.5001131384204303,178.425,171.882,160.871,161.185,171.114,157.76,162.087,162.764,155.651,161.297,150.936,157.6,0.297226881937168,0.1905411202862739,0.1690046886506918,0.210459999738859,0.173673248997223,0.1333492364456623,0.137926192931758,0.1349004474745742,0.13329178418533222,0.1477039529170012,0.1558113367261616,0.2379945635759589,-0.336405656312429,0.3597194656794824,-0.6837102913615887,0.3708409591463226,-7.393074427093896,0.4163436326733278,0.3295940341362258,-0.2359575528233028,0.050689778555242,-0.0545106226084184,1.0657815609587726,0.5833314261188467,-0.5233688899745584,1.1343515750944393,1.0490220849737328,0.2900870105655682,Information Technology,45.0,3.0,30,6.232893889629435,600.299,765.87,8.653903874735851,8.083974079437713,8.683392480076144,8.164341785573331
AMD,2002Q4,2002,Q4,0,0,0,1,686.43,179.817,506.613,769.812,194.389,-59.553,-589.995,-611.299,-854.74,244.848,-609.892,5619.181,2467.265,5731.482,3241.092,0.356697696778987,0.2831883804612269,0.2619597045583672,-0.8595122590795857,-1.245196159841499,220.959,178.425,171.882,160.871,161.185,171.114,157.76,162.087,162.764,155.651,161.297,150.936,0.41981329876698065,0.297226881937168,0.1905411202862739,0.1690046886506918,0.210459999738859,0.173673248997223,0.13333008569221894,0.137926192931758,0.1349004474745742,0.13327263343188886,0.1477039529170012,0.1558113367261616,-0.2788638820514922,52.95404620628708,-0.4146791618789691,0.5220145333838915,-1.4473162377754742,33.01723939114391,27.930383341221013,-0.2141416742416957,0.1875870579897853,1.3718999861348615,1.1105787042170725,0.6468278712321882,-0.1883351512247715,46.171731583652125,73.8181166681484,-5.20531066200553,Information Technology,45.0,4.0,31,6.532960006175085,508.227,951.873,8.634119148774815,7.8112707536532815,8.653903874735851,8.083974079437713
AMD,2003Q1,2003,Q1,1,0,0,0,714.555,217.963,496.592,343.436,138.228,86.427,-125.473,-144.538,-146.356,203.062,56.70600000000002,5398.802,2361.884,5619.181,2467.265,0.2841796642665715,0.193446270755925,0.305033202482664,-0.1755960003078839,-0.2048211824142298,244.848,220.959,178.425,171.882,160.871,161.185,171.114,157.76,162.087,162.764,155.651,161.297,0.356697696778987,0.41981329876698065,0.297226881937168,0.1905411202862739,0.1690046886506918,0.210459999738859,0.173673248997223,0.13331093493877558,0.137926192931758,0.1349004474745742,0.1332534826784455,0.1477039529170012,-0.2078745290015331,14.972498090145148,-0.3084908264302869,0.1814035210202349,-0.4617286564858872,8.264786236432105,7.942523046464148,-0.1538354058963253,-0.1187810786688767,0.0446976656466164,0.4914348348514619,0.1124739117659667,-0.1270206565910926,10.696109487243136,19.1641011114211,-0.6515096577535504,Information Technology,45.0,1.0,32,6.573058465364363,686.43,902.073,8.59411756521346,7.767638185842294,8.634119148774815,7.8112707536532815
AMD,2003Q2,2003,Q2,0,1,0,0,645.261,220.176,425.085,343.674,135.161,90.07,-123.498,-140.096,-140.096,208.513,68.417,5293.907,2283.28,5398.802,2361.884,0.3231452079081178,0.2094671768478181,0.3412200644390409,-0.191392320316895,-0.2171152448389101,203.062,244.848,220.959,178.425,171.882,160.871,161.185,171.114,157.76,162.087,162.764,155.651,0.2841796642665715,0.356697696778987,0.41981329876698065,0.297226881937168,0.1905411202862739,0.1690046886506918,0.210459999738859,0.173673248997223,0.13329178418533222,0.137926192931758,0.1349004474745742,0.13323433192500214,0.074899341827989,-0.2424704495560673,4.241162608012568,0.1686310774835364,-1.7931769347282398,-0.5837108648167624,-0.5387512675648269,-0.2385946371957226,-0.1565510958015076,0.0147664561391076,0.0872004772987822,-0.2153228945473989,3.87595666316008,-0.6127180295084278,-0.2952553593012094,-11.504682941808728,Information Technology,45.0,2.0,33,6.471203446954374,714.555,600.299,8.574500694141886,7.73380615520608,8.59411756521346,7.767638185842294
AMD,2003Q3,2003,Q3,0,0,1,0,953.759,326.879,626.88,357.108,151.111,246.801,-30.229,-56.584,-31.231,213.997,182.766,6664.365,2282.784,5293.907,2283.28,0.2243721946529469,0.1584372991499949,0.342727041107869,-0.0316945895137031,-0.0327451693771697,208.513,203.062,244.848,220.959,178.425,171.882,160.871,161.185,171.114,157.76,162.087,162.764,0.3231452079081178,0.2841796642665715,0.356697696778987,0.41981329876698065,0.297226881937168,0.1905411202862739,0.1690046886506918,0.210459999738859,0.173673248997223,0.13327263343188886,0.137926192931758,0.1349004474745742,0.876639769236975,-0.8771260293267131,5.015107741567451,-0.0315081078390108,-2.9572313377796458,-0.9070403217870496,-0.8302865249588344,0.3811458434313612,-0.0470271429292166,-0.0590708961417764,-0.4839223232731716,-0.4921919098739691,2.205254327533057,-0.950464825622476,-0.9345244768401948,-6.5030109598940165,Information Technology,45.0,3.0,34,6.861458952612649,645.261,508.227,8.804679994804255,7.733588995375593,8.574500694141886,7.73380615520608
AMD,2003Q4,2003,Q4,0,0,0,1,1205.593,427.086,778.507,381.271,162.807,325.087,45.815,68.546,43.193,226.503,269.696,7094.345,2438.31,6664.365,2282.784,0.1878768373738069,0.1350430866801648,0.3542538816997112,0.0380020454664219,0.0358271821419002,213.997,208.513,203.062,244.848,220.959,178.425,171.882,160.871,161.185,171.114,157.76,162.087,0.2243721946529469,0.3231452079081178,0.2841796642665715,0.356697696778987,0.42035232474644746,0.297226881937168,0.1905411202862739,0.1690046886506918,0.210459999738859,0.173673248997223,0.1332534826784455,0.137926192931758,0.7563232958932451,-1.0505334955659031,1.3751146999449442,-0.0749240345030387,-6.458784612026262,-1.0776532004508512,-1.1121317064153549,0.536689741479196,-0.1624680408870873,-0.5047219321080991,-0.4732883361166836,-0.5231333769407449,0.352322038601093,-1.0442135002322324,-1.02877231981382,-1.4422028818216994,Information Technology,45.0,4.0,35,7.09555596456434,953.759,686.43,8.86719421420476,7.799470491410251,8.804679994804255,7.733588995375593
AMD,2004Q1,2004,Q1,1,0,0,0,1236.433,467.593,768.84,406.307,180.217,359.266,61.286,47.464,45.091,226.09,271.181,7002.955,2450.522,7094.345,2438.31,0.1828566529686606,0.1457555726836795,0.3781790036338402,0.0495667779815,0.0364686157681006,226.503,213.997,208.513,203.062,244.848,220.959,178.425,171.882,160.871,161.185,171.114,157.76,0.1878768373738069,0.2243721946529469,0.3231452079081178,0.2841796642665715,0.356697696778987,0.42089135072591427,0.297226881937168,0.1905411202862739,0.1690046886506918,0.210459999738859,0.173673248997223,0.13323433192500214,0.7303538565960634,-1.308091229604526,1.1452861265444136,0.1134037880056337,3.156872273710761,-1.4884397440086712,-1.3283842311364484,0.548232754454361,0.3037662412825188,0.1830646758056815,-0.3565456084249081,-0.2465320105985281,0.2397961944989688,-1.2822773747385552,-1.1780509971588125,3.7822276302331295,Information Technology,45.0,1.0,36,7.1207943515630046,1205.593,714.555,8.854230268485045,7.804464335148512,8.86719421420476,7.799470491410251
AMD,2004Q2,2004,Q2,0,1,0,0,1261.837,478.768,783.069,406.328,178.993,367.347,72.44,42.281,32.18,224.821,257.001,7009.462,2519.846,7002.955,2450.522,0.1781696051074742,0.1418511265718155,0.379421430818719,0.0574083657397904,0.0255025015116849,226.09,226.503,213.997,208.513,203.062,244.848,220.959,178.425,171.882,160.871,161.185,171.114,0.1828566529686606,0.1878768373738069,0.2243721946529469,0.3231452079081178,0.2841796642665715,0.356697696778987,0.4214303767053803,0.297226881937168,0.1905411202862739,0.1690046886506918,0.210459999738859,0.173673248997223,0.9555451205016264,-1.229699634536318,1.1744785989390305,0.0782109508759645,3.078461196846897,-1.5865682035336603,-1.3018001941525812,0.8421468647446981,0.32429472998868,0.1823064881253746,-0.448639185272602,-0.3228002176452064,0.1119552170605218,-1.2999512501062602,-1.117460667170593,2.7563909554642847,Information Technology,45.0,2.0,37,7.141116056222925,1236.433,645.261,8.855158883705728,7.832349838451751,8.854230268485045,7.804464335148512
AMD,2004Q3,2004,Q3,0,0,1,0,1239.459,501.433,738.026,433.075,202.179,373.089,68.358,45.712,43.848,230.896,274.744,7282.439,2571.442,7009.462,2519.846,0.1862877271454723,0.1631187477762475,0.4045579563341748,0.0551514814124549,0.0353767248452752,224.821,226.09,226.503,213.997,208.513,203.062,244.848,220.959,178.425,171.882,160.871,161.185,0.1781696051074742,0.1828566529686606,0.1878768373738069,0.2243721946529469,0.3231452079081178,0.2841796642665715,0.356697696778987,0.4219694026848471,0.297226881937168,0.1905411202862739,0.1690046886506918,0.210459999738859,0.2995515638646659,-2.4039896256924207,0.5340018783708955,0.0789683967532253,0.5116997094825386,-3.261338449832942,-1.8078608794005373,0.1773002807554875,0.3379502484928298,0.2127283622881592,-0.1697379105569774,0.0295476421989537,0.1804086278877694,-2.740091361290867,-2.0803646925076,0.5032555289276996,Information Technology,45.0,3.0,38,7.123236751396616,1261.837,953.759,8.89335841975954,7.852610921292714,8.855158883705728,7.832349838451751
AMD,2004Q4,2004,Q4,0,0,0,1,1263.706,521.056,742.65,502.331,245.622,350.815,18.725,-51.775,-29.963,252.767,222.804,7844.21,3010.053,7282.439,2571.442,0.2000204161410961,0.1943664111747511,0.4123237525183864,0.0148175287606452,-0.0237104199869273,230.896,224.821,226.09,226.503,213.997,208.513,203.062,244.848,220.959,178.425,171.882,160.871,0.1862877271454723,0.1781696051074742,0.1828566529686606,0.1878768373738069,0.2243721946529469,0.3231452079081178,0.2841796642665715,0.356697696778987,0.42250842866431393,0.297226881937168,0.1905411202862739,0.1690046886506918,0.0482028346216341,-1.693700368115204,0.220025943252647,0.1159543140708954,0.0791418912475736,-0.5912910618792971,-1.7553321856855248,-0.0460586738462209,0.5086697746411397,0.3175169367720072,0.0646358483410485,0.4392918286523415,0.1639216218042716,-0.6100860209291143,-1.6617997444794226,-0.1738698386331275,Information Technology,45.0,4.0,39,7.142594963082789,1239.459,1205.593,8.967658433451307,8.010045130452358,8.89335841975954,7.852610921292714
AMD,2005Q1,2005,Q1,1,0,0,0,1226.628,419.179,807.449,464.836,211.714,287.224,-45.657,-65.928,-17.423,253.122,235.699,7821.774,2934.697,7844.21,3010.053,0.2063559612205167,0.1725983753835719,0.3417327828811995,-0.037221553722889,-0.0142039803428586,252.767,230.896,224.821,226.09,226.503,213.997,208.513,203.062,244.848,220.959,178.425,171.882,0.2000204161410961,0.1862877271454723,0.1781696051074742,0.1828566529686606,0.1878768373738069,0.2243721946529469,0.3231452079081178,0.2841796642665715,0.356697696778987,0.42304745464377996,0.297226881937168,0.1905411202862739,-0.0079300698056425,-1.386396398394358,-0.1035387612731585,0.1195630058826131,-0.2005255159130005,-1.7449825408739352,-2.389010618574077,0.0502172103428539,0.1747726352119942,0.1440511731277087,0.1285121862964624,0.1841631315061063,-0.0963729355739925,-1.750937527889778,-1.3894850419653972,-0.1308425000276567,Information Technology,45.0,1.0,40,7.112839131217952,1263.706,1236.433,8.96479450209483,7.9847001827738735,8.967658433451307,8.010045130452358
AMD,2005Q2,2005,Q2,0,1,0,0,1259.918,493.964,765.954,501.095,228.511,311.324,-7.131,-29.686,11.319,272.584,283.903,7772.562,2846.609,7821.774,2934.697,0.2163505878954027,0.1813697399354561,0.3920604356791474,-0.0056598921517114,0.0089839180010127,253.122,252.767,230.896,224.821,226.09,226.503,213.997,208.513,203.062,244.848,220.959,178.425,0.2063559612205167,0.2000204161410961,0.1862877271454723,0.1781696051074742,0.1828566529686606,0.1878768373738069,0.2243721946529469,0.3231452079081178,0.2841796642665715,0.356697696778987,0.4235864806232468,0.297226881937168,-0.0015207986451499,-0.6482597886886264,0.0317397988169636,0.2124490149941509,-0.1525070301377171,-1.0984400883489784,-1.7021120597904495,-0.0218563115127785,0.2766476901331336,0.2332278356401727,0.214295714271226,0.2785921713750603,0.0333112571768963,-1.0985900239237871,-0.6477240478979508,0.104676635499473,Information Technology,45.0,2.0,41,7.139595306094774,1226.628,1261.837,8.95848376817326,7.954234973780982,8.96479450209483,7.9847001827738735
AMD,2005Q3,2005,Q3,0,0,1,0,1522.755,626.494,896.261,547.766,258.748,369.478,78.728,54.167,76.0,289.018,365.018,8159.956,2974.245,7772.562,2846.609,0.1897994096226904,0.1699209656182379,0.411421403968465,0.0517010287275365,0.0499095389606338,272.584,253.122,252.767,230.896,224.821,226.09,226.503,213.997,208.513,203.062,244.848,220.959,0.2163505878954027,0.2063559612205167,0.2000204161410961,0.1862877271454723,0.1781696051074742,0.1828566529686606,0.1878768373738069,0.2243721946529469,0.3231452079081178,0.2841796642665715,0.356697696778987,0.4241255066027136,0.2285642364935023,0.7332603539500091,0.2494071989677584,0.2517237197699395,-0.0096786557631021,0.1517013370783229,0.1849623731186558,0.2144030156119161,0.2797966158700953,0.264829417537378,0.0188508525549611,0.0417010180296451,0.0169653013290904,-0.0625631913513592,0.4108015702109164,0.3285749643304312,Information Technology,45.0,3.0,42,7.328932962168277,1259.918,1239.459,9.007116597958568,7.998081667530089,8.95848376817326,7.954234973780982
AMD,2005Q4,2005,Q4,0,0,0,1,1838.276,852.127,986.149,646.412,317.111,482.973,205.715,181.713,95.587,329.301,424.888,7287.779,3351.837,8159.956,2974.245,0.1791357772173492,0.1725045640589334,0.4635468232191466,0.1119064819428638,0.0519981765523784,289.018,272.584,253.122,252.767,230.896,224.821,226.09,226.503,213.997,208.513,203.062,244.848,0.1897994096226904,0.2163505878954027,0.2063559612205167,0.2000204161410961,0.1862877271454723,0.1781696051074742,0.1828566529686606,0.1878768373738069,0.2243721946529469,0.3231452079081178,0.2841796642665715,0.356697696778987,0.4546706275035492,-4.190167873710911,0.6353846803414602,0.302784778076252,0.3767170731012073,9.98611481975968,-4.509666827619507,0.3278785430552751,0.291052918712493,0.2868248226766814,-0.1044125361133867,-0.1124774953845398,0.1242302205194352,6.552304014423962,-3.1930516870239933,0.9070034649288164,Information Technology,45.0,4.0,43,7.517127294909278,1522.755,1263.706,8.8940913212628,8.117562132102345,9.007116597958568,7.998081667530089
AMD,2006Q1,2006,Q1,1,0,0,0,1332.0,779.0,553.0,520.0,256.0,433.0,259.0,220.0,185.0,264.0,449.0,8052.045,4709.921,7287.779,3351.837,0.1981981981981982,0.1921921921921922,0.5848348348348348,0.1944444444444444,0.1388888888888889,329.301,289.018,272.584,253.122,252.767,230.896,224.821,226.09,226.503,213.997,208.513,203.062,0.1791357772173492,0.1897994096226904,0.2163505878954027,0.2063559612205167,0.2000204161410961,0.1862877271454723,0.1781696051074742,0.1828566529686606,0.1878768373738069,0.2243721946529469,0.3231452079081178,0.2841796642665715,0.0859037947935315,-11.618148424496356,0.8583946237764775,0.0429753241519899,0.507534189343509,-6.6727336443480745,-4.336973668244145,-0.3151270235024132,0.2091784199438866,0.1186741130205062,-0.0395324805451148,0.113522602776974,0.7113805409712408,-6.223974417942484,-10.77816679102336,0.9049720193976214,Information Technology,45.0,1.0,44,7.195187320178709,1838.276,1226.628,8.993805559759567,8.45763870929601,8.8940913212628,8.117562132102345
AMD,2006Q2,2006,Q2,0,1,0,0,1216.367,690.308,526.059,588.199,309.525,294.571,102.109,126.798,88.847,278.674,367.521,8061.895,4852.59,8052.045,4709.921,0.2291035518063216,0.2544667851067975,0.5675162183781705,0.0839458814650512,0.073042922078616,264.0,329.301,289.018,272.584,253.122,252.767,230.896,224.821,226.09,226.503,213.997,208.513,0.1981981981981982,0.1791357772173492,0.1897994096226904,0.2163505878954027,0.2063559612205167,0.2000204161410961,0.1862877271454723,0.1781696051074742,0.1828566529686606,0.1878768373738069,0.2243721946529469,0.3231452079081178,-0.0345665352824547,6.849368318756072,0.397486456502903,0.0223417368590965,-0.0538121057162312,-15.319029589117935,-5.271306339688742,-0.3131976593894672,0.3545299788631619,0.1738273181732006,0.0589458250840735,0.4030277884136262,0.447522286698196,-15.83171043103133,7.130408366414507,0.2945301740383157,Information Technology,45.0,2.0,45,7.1044456087431875,1332.0,1259.918,8.99502795215201,8.48747391629961,8.993805559759567,8.45763870929601
AMD,2006Q3,2006,Q3,0,0,1,0,1328.0,683.0,645.0,562.0,279.0,210.538,121.0,115.0,136.0,277.0,413.0,8379.243,5012.494,8061.895,4852.59,0.2085843373493976,0.2100903614457831,0.5143072289156626,0.0911144578313253,0.1024096385542168,278.674,264.0,329.301,289.018,272.584,253.122,252.767,230.896,224.821,226.09,226.503,213.997,0.2291035518063216,0.1981981981981982,0.1791357772173492,0.1897994096226904,0.2163505878954027,0.2063559612205167,0.2000204161410961,0.1862877271454723,0.1781696051074742,0.1828566529686606,0.1878768373738069,0.2243721946529469,-0.1278964771089243,0.7894736842105263,0.0901940002617742,-0.0415821851926176,-0.4301744623495851,0.5369373031196019,1.1230638580685657,-0.2803435606369127,0.0782692040131711,0.025985548573661,0.0989725298094996,0.2364004681905698,0.2500740699311883,0.7623335564848563,1.0519051204819276,0.131451051728956,Information Technology,45.0,3.0,46,7.192182058713246,1216.367,1522.755,9.03363219066907,8.519888356194539,8.99502795215201,8.48747391629961
AMD,2006Q4,2006,Q4,0,0,0,1,1772.853,641.516,1131.337,1168.397,288.627,269.698,-526.881,-714.933,-573.826,384.77,-189.05600000000004,13147.0,5785.0,8379.243,5012.494,0.2170343508457836,0.1628036842310107,0.3618551566317117,-0.2971938451749806,-0.3236737620095969,277.0,278.674,264.0,329.301,289.018,272.584,253.122,252.767,230.896,224.821,226.09,226.503,0.2085843373493976,0.2291035518063216,0.1981981981981982,0.1791357772173492,0.1897994096226904,0.2163505878954027,0.2063559612205167,0.2000204161410961,0.1862877271454723,0.1781696051074742,0.1828566529686606,0.1878768373738069,-0.0355893239100113,-7.0031803487922,-0.2471591675888688,0.168444675236334,-0.4415878320320184,-3.561218190214617,-4.934407554770434,0.1472272445644624,-0.0898234372191439,0.8075113085771921,0.211563397424799,-0.0562354966133453,-0.2193773347020848,-3.655733966569685,-7.224713700942114,-1.4449549057634012,Information Technology,45.0,4.0,47,7.4809092958510295,1328.0,1838.276,9.48402493478411,8.66319648553608,9.03363219066907,8.519888356194539
AMD,2007Q1,2007,Q1,1,0,0,0,1233.0,347.0,886.0,851.0,335.0,-190.0,-504.0,-588.0,-611.0,432.0,-179.0,12712.0,5205.0,13147.0,5785.0,0.3503649635036496,0.2716950527169505,0.2814274128142741,-0.4087591240875912,-0.4955393349553934,384.77,277.0,278.674,264.0,329.301,289.018,272.584,253.122,252.767,230.896,224.821,226.09,0.2170343508457836,0.2085843373493976,0.2291035518063216,0.1981981981981982,0.1791357772173492,0.1897994096226904,0.2163505878954027,0.2063559612205167,0.2000204161410961,0.1862877271454723,0.1781696051074742,0.1828566529686606,-0.0743243243243243,-4.302702702702703,-0.5545571245186136,0.6363636363636365,-1.4387990762124712,-2.945945945945946,-3.672727272727273,0.6021699819168174,0.30859375,0.6365384615384615,0.7677504976775051,0.4136633211678833,-0.5187916381660935,-3.102189781021898,-4.567883211678832,-1.398663697104677,Information Technology,45.0,1.0,48,7.1180162044653335,1772.853,1332.0,9.450380370950123,8.55756708555451,9.48402493478411,8.66319648553608
AMD,2007Q2,2007,Q2,0,1,0,0,1378.0,461.0,917.0,918.0,365.0,-131.0,-457.0,-568.0,-600.0,475.0,-125.0,13224.0,4472.0,12712.0,5205.0,0.3447024673439768,0.2648766328011611,0.3345428156748911,-0.3316400580551524,-0.4354136429608127,432.0,384.77,277.0,278.674,264.0,329.301,289.018,272.584,253.122,252.767,230.896,224.821,0.3503649635036496,0.2170343508457836,0.2085843373493976,0.2291035518063216,0.1981981981981982,0.1791357772173492,0.1897994096226904,0.2163505878954027,0.2063559612205167,0.2000204161410961,0.1862877271454723,0.1781696051074742,0.1328817700578854,-7.753182437223542,-0.3321821563707794,0.7045005992665265,-1.4447145170434292,-5.47560939780039,-5.47956592375274,0.7431504831207147,0.1792262337452548,0.5606962949613992,0.5045705953759267,0.0409084733396329,-0.4105140878071524,-4.950641202013257,-6.961065501900064,-1.3401166191863867,Information Technology,45.0,2.0,49,7.229113877793302,1233.0,1216.367,9.4898642567265,8.405814603432848,9.450380370950123,8.55756708555451
AMD,2007Q3,2007,Q3,0,0,1,0,1558.0,635.0,923.0,816.0,346.0,153.0,-181.0,-324.0,-396.0,431.0,35.0,12934.0,4125.0,13224.0,4472.0,0.2766367137355584,0.2220795892169448,0.407573812580231,-0.1161745827984595,-0.2541720154043645,475.0,432.0,384.77,277.0,278.674,264.0,329.301,289.018,272.584,253.122,252.767,230.896,0.3447024673439768,0.3503649635036496,0.2170343508457836,0.2085843373493976,0.2291035518063216,0.1981981981981982,0.1791357772173492,0.1897994096226904,0.2163505878954027,0.2063559612205167,0.2000204161410961,0.1862877271454723,0.1731927710843372,-3.911764705882353,-0.0702781844802342,0.5559566787003609,-0.2732903323865525,-2.495867768595041,-3.817391304347826,0.4310077519379844,0.2401433691756271,0.4519572953736654,0.3262583243350958,0.0570670053050275,-0.2075285166814833,-2.2750400492260687,-3.481914973948501,-0.9152542372881356,Information Technology,45.0,3.0,50,7.351799869057777,1378.0,1328.0,9.46769209462013,8.325063693631197,9.4898642567265,8.405814603432848
AMD,2007Q4,2007,Q4,0,0,0,1,1770.0,785.0,985.0,2463.0,321.0,-1387.0,-1678.0,-1641.0,-1772.0,473.0,-1299.0,11550.0,2990.0,12934.0,4125.0,0.2672316384180791,0.1813559322033898,0.4435028248587571,-0.9480225988700564,-1.001129943502825,431.0,475.0,432.0,384.77,277.0,278.674,264.0,329.301,289.018,272.584,253.122,252.767,0.2766367137355584,0.3447024673439768,0.3503649635036496,0.2170343508457836,0.2085843373493976,0.2291035518063216,0.1981981981981982,0.1791357772173492,0.1897994096226904,0.2163505878954027,0.2063559612205167,0.2000204161410961,-0.0016092704809705,2.0880441109325822,0.2236639460278466,0.2293058190607375,-6.142789342153075,2.184779864903081,1.2953199810331877,-0.1293487263299971,0.1121620638401812,1.1080163677243269,0.2312872933555287,0.1139547182854558,0.2256363263883085,2.1899132982107465,2.09302161932156,5.870980027081921,Information Technology,45.0,4.0,51,7.479299637782834,1558.0,1772.853,9.35452729228868,8.003363058629947,9.46769209462013,8.325063693631197
AMD,2008Q1,2008,Q1,1,0,0,0,1487.0,621.0,866.0,855.0,337.0,97.0,-234.0,-321.0,-364.0,478.0,114.0,11208.0,2637.0,11550.0,2990.0,0.3214525891055817,0.2266308002689979,0.4176193678547411,-0.1573638197713517,-0.2447881640887693,473.0,431.0,475.0,432.0,384.77,277.0,278.674,264.0,329.301,289.018,272.584,253.122,0.2672316384180791,0.2766367137355584,0.3447024673439768,0.3503649635036496,0.2170343508457836,0.2085843373493976,0.2291035518063216,0.1981981981981982,0.1791357772173492,0.1897994096226904,0.2163505878954027,0.2063559612205167,0.2060016220600162,-0.4042553191489362,0.7896253602305476,0.1064814814814814,-1.5105263157894735,-0.5357142857142857,-0.4540816326530612,-0.0225733634311512,0.0059701492537314,0.0047003525264395,-0.0825207352611522,-0.1658633530397776,0.4839327970169906,-0.6150206552022288,-0.5060166835982773,-1.6368715083798882,Information Technology,45.0,1.0,52,7.305188215393037,1770.0,1233.0,9.324472306021095,7.87777633327726,9.35452729228868,8.003363058629947
AMD,2008Q2,2008,Q2,0,1,0,0,1362.0,511.0,851.0,1080.0,335.0,-283.0,-569.0,-694.0,-1195.0,467.0,-728.0,9784.0,1474.0,11208.0,2637.0,0.34287812041116,0.2459618208516887,0.3751835535976505,-0.4177679882525698,-0.8773861967694567,478.0,473.0,431.0,475.0,432.0,384.77,277.0,278.674,264.0,329.301,289.018,272.584,0.3214525891055817,0.2672316384180791,0.2766367137355584,0.3447024673439768,0.3503649635036496,0.2170343508457836,0.2085843373493976,0.2291035518063216,0.1981981981981982,0.1791357772173492,0.1897994096226904,0.2163505878954027,-0.0116110304789549,0.9916666666666668,0.1084598698481562,-0.0168421052631578,1.1603053435114503,0.2450765864332604,0.221830985915493,-0.0719738276990185,-0.0821917808219178,0.1764705882352941,-0.005292526470361,-0.0714098927845834,0.1214814248537146,0.2597030367878361,1.0150636319138524,4.824,Information Technology,45.0,2.0,53,7.217443431696533,1487.0,1378.0,9.188605879830176,7.29641326877392,9.324472306021095,7.87777633327726
AMD,2008Q3,2008,Q3,0,0,1,0,1797.0,916.0,881.0,794.0,315.0,409.0,122.0,22.0,-134.0,438.0,304.0,9441.0,1339.0,9784.0,1474.0,0.2437395659432387,0.1752921535893155,0.5097384529771842,0.0678909293266555,-0.0745687256538675,467.0,478.0,473.0,431.0,475.0,432.0,384.77,277.0,278.674,264.0,329.301,289.018,0.34287812041116,0.3214525891055817,0.2672316384180791,0.2766367137355584,0.3447024673439768,0.3503649635036496,0.2170343508457836,0.2085843373493976,0.2291035518063216,0.1981981981981982,0.1791357772173492,0.1897994096226904,0.1534017971758665,-0.6616161616161615,0.44251968503937,0.0162412993039442,1.6732026143790848,-1.6740331491712708,-1.067901234567901,-0.0455037919826651,-0.0895953757225433,-0.0269607843137255,-0.1189182279824456,-0.2106786841267237,0.2506653696668552,-1.584387115419499,-0.7066210238163493,7.685714285714285,Information Technology,45.0,3.0,54,7.494430215031565,1362.0,1558.0,9.152923101106232,7.200424892944957,9.188605879830176,7.29641326877392
AMD,2008Q4,2008,Q4,0,0,0,1,1227.0,115.0,1112.0,1844.0,320.0,-1375.0,-1729.0,-1714.0,-1424.0,529.0,-895.0,7675.0,-82.0,9441.0,1339.0,0.41981329876698065,0.2607986960065199,0.0937245313773431,-1.4091279543602282,-1.160554197229014,438.0,467.0,478.0,473.0,431.0,475.0,432.0,384.77,277.0,278.674,264.0,329.301,0.2437395659432387,0.34287812041116,0.3214525891055817,0.2672316384180791,0.2766367137355584,0.3447024673439768,0.3503649635036496,0.2170343508457836,0.2085843373493976,0.2291035518063216,0.1981981981981982,0.1791357772173492,-0.3067796610169492,-0.1963882618510157,-0.8535031847133758,0.1183932346723044,-0.0086517664023071,0.0303933253873658,0.04448507007922,0.1289340101522842,-0.0031152647975077,-0.2513195290296386,0.6133300940260624,0.4380488845219323,-0.7886720757479015,0.4863864596052467,0.1592443166452339,-0.3110084680523479,Information Technology,45.0,4.0,55,7.113142108707088,1797.0,1770.0,8.94585385712759,0.0,9.152923101106232,7.200424892944957
AMD,2009Q1,2009,Q1,1,0,0,0,1177.0,511.0,666.0,809.0,287.0,79.0,-298.0,-298.0,-408.0,444.0,36.0,9052.0,-163.0,7675.0,-82.0,0.3772302463891249,0.243840271877655,0.4341546304163126,-0.2531860662701784,-0.3466440101954121,529.0,438.0,467.0,478.0,473.0,431.0,475.0,432.0,384.77,277.0,278.674,264.0,0.41981329876698065,0.2437395659432387,0.34287812041116,0.3214525891055817,0.2672316384180791,0.2766367137355584,0.3447024673439768,0.3503649635036496,0.2170343508457836,0.2085843373493976,0.2291035518063216,0.1981981981981982,-0.2084734364492266,0.1208791208791209,-0.1771336553945249,-0.0711297071129707,-0.1855670103092783,0.2735042735042734,-0.0716510903426791,-0.23094688221709,-0.1483679525222552,-0.0538011695906432,0.1735175238088466,0.0759361551396826,0.0395940989195764,0.60892171172545,0.416097920770818,-0.6842105263157895,Information Technology,45.0,1.0,56,7.071573364211532,1227.0,1487.0,9.11085147347544,0.0,8.94585385712759,0.0
AMD,2009Q2,2009,Q2,0,1,0,0,1184.0,441.0,743.0,690.0,247.0,45.0,-249.0,-345.0,-310.0,425.0,115.0,8683.0,-465.0,9052.0,-163.0,0.3589527027027027,0.2086148648648648,0.3724662162162162,-0.210304054054054,-0.2618243243243243,444.0,529.0,438.0,467.0,478.0,473.0,431.0,475.0,432.0,384.77,277.0,278.674,0.3772302463891249,0.41981329876698065,0.2437395659432387,0.34287812041116,0.3214525891055817,0.2672316384180791,0.2766367137355584,0.3447024673439768,0.3503649635036496,0.2170343508457836,0.2085843373493976,0.2291035518063216,-0.1306901615271659,-0.7405857740585774,-0.136986301369863,-0.0899357601713062,-1.1590106007067138,-0.5623901581722319,-0.5028818443804035,-0.1269095182138661,-0.2626865671641791,-0.3611111111111111,0.046881329938075,-0.1518404598628479,-0.0072426878933726,-0.4966008407352872,-0.7015860002261676,-1.1579670329670328,Information Technology,45.0,2.0,57,7.077498053569231,1177.0,1362.0,9.069237530998182,0.0,9.11085147347544,0.0
AMD,2009Q3,2009,Q3,0,0,1,0,1396.0,585.0,811.0,662.0,221.0,256.0,-77.0,-140.0,-106.0,420.0,314.0,8747.0,-569.0,8683.0,-465.0,0.3008595988538682,0.1583094555873925,0.419054441260745,-0.0551575931232091,-0.0759312320916905,425.0,444.0,529.0,438.0,467.0,478.0,473.0,431.0,475.0,432.0,384.77,277.0,0.3589527027027027,0.3772302463891249,0.41981329876698065,0.2437395659432387,0.34287812041116,0.3214525891055817,0.2672316384180791,0.2766367137355584,0.3447024673439768,0.3503649635036496,0.2170343508457836,0.2085843373493976,-0.223149693934335,-0.208955223880597,-0.361353711790393,-0.0410958904109589,-0.3740831295843521,-1.6311475409836067,-7.363636363636363,-0.0794551645856981,-0.2984126984126984,-0.1662468513853904,0.2343486281744318,-0.0968822486014463,-0.177903022985198,-1.8124442200197284,0.0182718214087156,0.0328947368421053,Information Technology,45.0,3.0,58,7.242082359256962,1184.0,1797.0,9.076580381796658,0.0,9.069237530998182,0.0
AMD,2009Q4,2009,Q4,0,0,0,1,1646.0,735.0,911.0,-553.0,-1003.0,1594.0,1288.0,1191.0,1200.0,432.0,1632.0,9078.0,648.0,8747.0,-569.0,0.2624544349939247,-0.6093560145808019,0.4465370595382746,0.7825030376670717,0.7290400972053463,420.0,425.0,444.0,529.0,438.0,467.0,478.0,473.0,431.0,475.0,432.0,384.77,0.3008595988538682,0.3589527027027027,0.3772302463891249,0.41981329876698065,0.2437395659432387,0.34287812041116,0.3214525891055817,0.2672316384180791,0.2766367137355584,0.3447024673439768,0.3503649635036496,0.2170343508457836,0.3414832925835371,-1.8426966292134832,5.391304347826087,-0.1833648393194706,-2.159272727272727,-1.7449392712550609,-1.6948658109684946,-0.1807553956834532,-4.134375,-1.2998915401301518,-0.3912446280953769,-3.3364994684082623,3.764356278725765,-1.5553101371992464,-1.628182724207135,-2.823463687150838,Information Technology,45.0,4.0,59,7.4067107301776405,1396.0,1227.0,9.113719333371757,6.47543271670409,9.076580381796658,0.0
AMD,2010Q1,2010,Q1,1,0,0,0,1574.0,741.0,833.0,559.0,219.0,589.0,182.0,440.0,257.0,323.0,580.0,5232.0,796.0,9078.0,648.0,0.2052096569250317,0.139135959339263,0.4707750952986023,0.1156289707750953,0.1632782719186785,432.0,420.0,425.0,444.0,529.0,438.0,467.0,478.0,473.0,431.0,475.0,432.0,0.2624544349939247,0.3008595988538682,0.3589527027027027,0.3772302463891249,0.42035232474644746,0.2437395659432387,0.34287812041116,0.3214525891055817,0.2672316384180791,0.2766367137355584,0.3447024673439768,0.3503649635036496,0.3372982158028887,-1.6299019607843137,0.4500978473581214,-0.2725225225225225,6.455696202531645,-1.610738255033557,-2.476510067114094,0.2507507507507507,-0.2369337979094077,-0.3090234857849196,-0.4560095355838685,-0.4293971284239979,0.0843488985644911,-1.4566956328935812,-1.4710257991379525,15.11111111111111,Information Technology,45.0,1.0,60,7.362010551259734,1646.0,1177.0,8.562740006372207,6.680854678790215,9.113719333371757,6.47543271670409
AMD,2010Q2,2010,Q2,0,1,0,0,1653.0,738.0,915.0,613.0,229.0,227.0,125.0,72.0,-43.0,371.0,328.0,4955.0,752.0,5232.0,796.0,0.2244404113732607,0.1385359951603146,0.4464609800362976,0.0756200846944948,-0.0260133091349062,323.0,432.0,420.0,425.0,444.0,529.0,438.0,467.0,478.0,473.0,431.0,475.0,0.2052096569250317,0.2624544349939247,0.3008595988538682,0.3589527027027027,0.3772302463891249,0.42089135072591427,0.2437395659432387,0.34287812041116,0.3214525891055817,0.2672316384180791,0.2766367137355584,0.3447024673439768,0.3961148648648649,-0.8612903225806452,0.6734693877551021,-0.1270588235294117,4.044444444444444,-1.502008032128514,-1.208695652173913,0.2314939434724092,-0.0728744939271255,-0.1115942028985507,-0.3747354186683748,-0.3359246223894231,0.1986616788276107,-1.3595750211979194,-0.9006459418847452,1.8521739130434784,Information Technology,45.0,2.0,61,7.4109518755836366,1574.0,1184.0,8.508354242749032,6.6240652277998935,8.562740006372207,6.680854678790215
AMD,2010Q3,2010,Q3,0,0,1,0,1618.0,739.0,879.0,611.0,236.0,219.0,128.0,69.0,-118.0,359.0,241.0,4595.0,614.0,4955.0,752.0,0.2218788627935723,0.145859085290482,0.4567367119901112,0.0791100123609394,-0.072929542645241,371.0,323.0,432.0,420.0,425.0,444.0,529.0,438.0,467.0,478.0,473.0,431.0,0.2244404113732607,0.2052096569250317,0.2624544349939247,0.3008595988538682,0.3589527027027027,0.3772302463891249,0.4214303767053803,0.2437395659432387,0.34287812041116,0.3214525891055817,0.2672316384180791,0.2766367137355584,0.159025787965616,0.1132075471698113,0.2632478632478632,-0.1452380952380952,-0.14453125,-2.6623376623376624,-1.4928571428571429,0.0838471023427867,0.0678733031674208,-0.0770392749244712,-0.2625169227146978,-0.0786457779841041,0.0899221366464877,-2.4342542500762523,-0.0395316836532406,-0.2324840764331209,Information Technology,45.0,3.0,62,7.389563953677635,1653.0,1396.0,8.432941638968646,6.421622267806518,8.508354242749032,6.6240652277998935
AMD,2010Q4,2010,Q4,0,0,0,1,1649.0,743.0,906.0,330.0,250.0,518.0,413.0,390.0,375.0,352.0,727.0,4964.0,1013.0,4595.0,614.0,0.2134627046694966,0.1516070345664038,0.4505761067313523,0.2504548211036992,0.2274105518496058,359.0,371.0,323.0,432.0,420.0,425.0,444.0,529.0,438.0,467.0,478.0,473.0,0.2218788627935723,0.2244404113732607,0.2052096569250317,0.2624544349939247,0.3008595988538682,0.3589527027027027,0.3772302463891249,0.4219694026848471,0.2437395659432387,0.34287812041116,0.3214525891055817,0.2672316384180791,0.0018226002430132,-0.6875,0.0108843537414966,-0.1851851851851852,-0.6750313676286073,-0.6793478260869565,-0.672544080604534,-0.0054884742041712,-1.2492522432701894,-1.5967450271247738,-0.1866675650787234,-1.2487987825486548,0.0090452675915726,-0.6799311835895272,-0.688068526379624,-0.5545343137254901,Information Technology,45.0,4.0,63,7.408530566894626,1618.0,1646.0,8.510168576479273,6.921658184151129,8.432941638968646,6.421622267806518
AMD,2011Q1,2011,Q1,1,0,0,0,1613.0,691.0,922.0,637.0,261.0,156.0,54.0,20.0,510.0,367.0,877.0,5209.0,1558.0,4964.0,1013.0,0.2275263484190948,0.161810291382517,0.4283942963422195,0.0334779913205207,0.3161810291382517,352.0,359.0,371.0,323.0,432.0,420.0,425.0,444.0,529.0,438.0,467.0,478.0,0.2134627046694966,0.2218788627935723,0.2244404113732607,0.2052096569250317,0.2624544349939247,0.3008595988538682,0.3589527027027027,0.3772302463891249,0.42250842866431393,0.2437395659432387,0.34287812041116,0.3214525891055817,0.0247776365946632,0.9844357976653696,-0.0674763832658569,0.1362229102167182,-0.7351443123938879,-0.7032967032967032,-0.9545454545454546,0.1068427370948379,0.1917808219178083,0.1395348837209302,0.1087506885809761,0.1629652905757159,-0.0900234514943948,-0.710470558579672,0.9364550189245452,0.5120689655172415,Information Technology,45.0,1.0,64,7.3864708488298945,1649.0,1574.0,8.558335134747413,7.351799869057777,8.510168576479273,6.921658184151129
AMD,2011Q2,2011,Q2,0,1,0,0,1574.0,720.0,854.0,615.0,239.0,191.0,105.0,64.0,61.0,367.0,428.0,5224.0,1641.0,5209.0,1558.0,0.2331639135959339,0.1518424396442185,0.4574332909783989,0.0667090216010165,0.0387547649301143,367.0,352.0,359.0,371.0,323.0,432.0,420.0,425.0,444.0,529.0,438.0,467.0,0.2275263484190948,0.2134627046694966,0.2218788627935723,0.2244404113732607,0.2052096569250317,0.2624544349939247,0.3008595988538682,0.3589527027027027,0.3772302463891249,0.42304745464377996,0.2437395659432387,0.34287812041116,-0.0477918935269207,-2.4186046511627906,-0.024390243902439,-0.0107816711590296,-0.158590308370044,-0.16,-0.1111111111111111,-0.0666666666666666,0.0436681222707424,0.0032626427406199,0.0388677875312095,0.0960504486108875,0.0245761923947065,-0.1178398983481574,-2.489805265801838,0.3048780487804878,Information Technology,45.0,2.0,65,7.362010551259734,1613.0,1653.0,8.561210076833012,7.403670290012373,8.558335134747413,7.351799869057777
AMD,2011Q3,2011,Q3,0,0,1,0,1690.0,756.0,934.0,618.0,249.0,213.0,138.0,92.0,97.0,361.0,458.0,5236.0,1744.0,5224.0,1641.0,0.2136094674556213,0.1473372781065088,0.4473372781065088,0.0816568047337278,0.057396449704142,367.0,367.0,352.0,359.0,371.0,323.0,432.0,420.0,425.0,444.0,529.0,438.0,0.2331639135959339,0.2275263484190948,0.2134627046694966,0.2218788627935723,0.2244404113732607,0.2052096569250317,0.2624544349939247,0.3008595988538682,0.3589527027027027,0.3772302463891249,0.4235864806232468,0.2437395659432387,0.0444993819530283,-1.8220338983050848,0.0230040595399187,0.0055710306406684,-0.0273972602739726,0.078125,0.3333333333333332,0.0625711035267349,0.0550847457627119,0.0114566284779051,-0.037269865339289,0.0101343897302175,-0.0205795453635569,0.0321930473372782,-1.7870123357737435,0.900414937759336,Information Technology,45.0,3.0,66,7.43307534889858,1574.0,1618.0,8.563504094279487,7.4645098346365275,8.561210076833012,7.403670290012373
AMD,2011Q4,2011,Q4,0,0,0,1,1691.0,773.0,918.0,702.0,243.0,-64.0,71.0,-177.0,-177.0,358.0,181.0,4954.0,1590.0,5236.0,1744.0,0.2117090479006505,0.1437019515079834,0.4571259609698403,0.041986989946777,-0.1046717918391484,361.0,367.0,367.0,352.0,359.0,371.0,323.0,432.0,420.0,425.0,444.0,529.0,0.2136094674556213,0.2331639135959339,0.2275263484190948,0.2134627046694966,0.2218788627935723,0.2244404113732607,0.2052096569250317,0.2624544349939247,0.3008595988538682,0.3589527027027027,0.3772302463891249,0.4241255066027136,0.0254699818071557,-1.472,0.0403768506056527,0.0170454545454545,-1.1235521235521235,-0.8280871670702179,-1.4538461538461538,0.0132450331125828,-0.028,1.1272727272727274,-0.0082152841245093,-0.052141927853341,0.01453662131799,-0.8323570304546359,-1.4602767593140151,-0.7510316368638239,Information Technology,45.0,4.0,67,7.433666540166168,1690.0,1649.0,8.508152446764088,7.372118028337787,8.563504094279487,7.4645098346365275
AMD,2012Q1,2012,Q1,1,0,0,0,1585.0,27.0,1558.0,607.0,230.0,-516.0,-580.0,-622.0,-590.0,368.0,-222.0,4988.0,1052.0,4954.0,1590.0,0.2321766561514195,0.1451104100946372,0.0170347003154574,-0.3659305993690852,-0.3722397476340694,358.0,361.0,367.0,367.0,352.0,359.0,371.0,323.0,432.0,420.0,425.0,444.0,0.2117090479006505,0.2136094674556213,0.2331639135959339,0.2275263484190948,0.2134627046694966,0.2218788627935723,0.2244404113732607,0.2052096569250317,0.2624544349939247,0.3008595988538682,0.3589527027027027,0.3772302463891249,-0.0173589584624922,-2.1568627450980395,-0.9609261939218524,0.0027247956403269,-4.307692307692308,-11.74074074074074,-32.1,0.6898047722342733,-0.1187739463601532,-0.0470957613814756,0.0204385459734053,-0.1032065460434871,-0.9602359311015444,-11.930482533006192,-2.177299437125008,-1.2531356898517674,Information Technology,45.0,1.0,68,7.368970402194793,1691.0,1613.0,8.514990767861038,6.959398512133975,8.508152446764088,7.372118028337787
AMD,2012Q2,2012,Q2,0,1,0,0,1413.0,638.0,775.0,561.0,212.0,139.0,77.0,31.0,37.0,345.0,382.0,5041.0,1117.0,4988.0,1052.0,0.2441613588110403,0.1500353857041755,0.451521585279547,0.0544939844302901,0.0261854210898796,368.0,358.0,361.0,367.0,367.0,352.0,359.0,371.0,323.0,432.0,420.0,425.0,0.2321766561514195,0.2117090479006505,0.2136094674556213,0.2331639135959339,0.2275263484190948,0.2134627046694966,0.2218788627935723,0.2244404113732607,0.2052096569250317,0.2624544349939247,0.3008595988538682,0.3589527027027027,-0.102287166454892,-0.3934426229508196,-0.1138888888888889,-0.0599455040871934,-0.2722513089005235,-0.2666666666666667,-0.515625,-0.0925058548009367,-0.1129707112970711,-0.0878048780487804,0.0471661546827726,-0.0119008489607855,-0.012923645513879,-0.1831092238735552,-0.3243302820414651,-0.1074766355140186,Information Technology,45.0,2.0,69,7.254177846456518,1585.0,1574.0,8.525558107747866,7.0192966537150445,8.514990767861038,6.959398512133975
AMD,2012Q3,2012,Q3,0,0,1,0,1269.0,392.0,877.0,523.0,188.0,-47.0,-131.0,-157.0,-157.0,328.0,171.0,4612.0,989.0,5041.0,1117.0,0.2584712371946414,0.1481481481481481,0.3089046493301812,-0.103230890464933,-0.123719464144996,345.0,368.0,358.0,361.0,367.0,367.0,352.0,359.0,371.0,323.0,432.0,420.0,0.2441613588110403,0.2321766561514195,0.2117090479006505,0.2136094674556213,0.2331639135959339,0.2275263484190948,0.2134627046694966,0.2218788627935723,0.2244404113732607,0.2052096569250317,0.2624544349939247,0.3008595988538682,-0.249112426035503,-2.618556701030928,-0.4814814814814815,-0.0914127423822714,-1.2206572769953052,-1.9492753623188408,-2.7065217391304346,-0.0610278372591006,-0.2449799196787149,-0.1537216828478964,0.2100177032103714,0.0055034954633348,-0.309459183375653,-2.264204383229977,-3.155524684588076,-0.6266375545851528,Information Technology,45.0,3.0,70,7.146772179452637,1413.0,1690.0,8.43663368355782,6.897704943128636,8.525558107747866,7.0192966537150445
AMD,2012Q4,2012,Q4,0,0,0,1,1155.0,178.0,977.0,600.0,193.0,-358.0,-422.0,-469.0,-473.0,313.0,-160.0,4000.0,538.0,4612.0,989.0,0.270995670995671,0.1670995670995671,0.1541125541125541,-0.3653679653679653,-0.4095238095238095,328.0,345.0,368.0,358.0,361.0,367.0,367.0,352.0,359.0,371.0,323.0,432.0,0.2584712371946414,0.2441613588110403,0.2321766561514195,0.2117090479006505,0.2136094674556213,0.2331639135959339,0.2275263484190948,0.2134627046694966,0.2218788627935723,0.2244404113732607,0.2052096569250317,0.2624544349939247,-0.3169722057953873,1.672316384180791,-0.7697283311772316,-0.1256983240223463,4.59375,-6.943661971830986,1.6497175141242937,0.0642701525054465,-0.2057613168724279,-0.1452991452991453,0.2800382113231274,0.1628204443019256,-0.6628663272906481,-9.701932808975062,2.9124562819478075,-1.8839779005524864,Information Technology,45.0,4.0,71,7.052721049232323,1269.0,1691.0,8.294299608857235,6.289715570908998,8.43663368355782,6.897704943128636
AMD,2013Q1,2013,Q1,1,0,0,0,1088.0,445.0,643.0,543.0,179.0,-34.0,-98.0,-144.0,-146.0,312.0,166.0,3797.0,415.0,4000.0,538.0,0.2867647058823529,0.1645220588235294,0.4090073529411764,-0.0900735294117647,-0.1341911764705882,313.0,328.0,345.0,368.0,358.0,361.0,367.0,367.0,352.0,359.0,371.0,323.0,0.270995670995671,0.2584712371946414,0.2441613588110403,0.2321766561514195,0.2117090479006505,0.2136094674556213,0.2331639135959339,0.2275263484190948,0.2134627046694966,0.2218788627935723,0.2244404113732607,0.2052096569250317,-0.3135646687697161,-0.752542372881356,15.48148148148148,-0.1521739130434782,-0.9341085271317828,-0.8310344827586207,-0.7684887459807074,-0.5872913992297818,-0.2217391304347826,-0.1054365733113673,0.2351142902813299,0.1337715792838874,23.010246459694983,-0.7538507860040569,-0.6395033649052841,-1.7477477477477477,Information Technology,45.0,1.0,72,6.9930151229329605,1155.0,1585.0,8.242229891372231,6.030685260261263,8.294299608857235,6.289715570908998
AMD,2013Q2,2013,Q2,0,1,0,0,1161.0,459.0,702.0,488.0,171.0,30.0,-29.0,-71.0,-74.0,308.0,234.0,3897.0,359.0,3797.0,415.0,0.2652885443583118,0.1472868217054263,0.3953488372093023,-0.0249784668389319,-0.0637381567614125,312.0,313.0,328.0,345.0,368.0,358.0,361.0,367.0,367.0,352.0,359.0,371.0,0.2867647058823529,0.270995670995671,0.2584712371946414,0.2441613588110403,0.2321766561514195,0.2117090479006505,0.2136094674556213,0.2331639135959339,0.2275263484190948,0.2134627046694966,0.2218788627935723,0.2244404113732607,-0.1783439490445859,-3.0,-0.280564263322884,-0.1072463768115942,-0.7841726618705036,-1.3766233766233766,-3.290322580645161,-0.0941935483870968,-0.1933962264150943,-0.1301247771836007,0.0865296034153464,-0.0183194383501534,-0.124407669315448,-1.458371086278063,-3.4341085271317837,-0.3874345549738219,Information Technology,45.0,2.0,73,7.057897937411856,1088.0,1413.0,8.268218880067506,5.886104031450156,8.242229891372231,6.030685260261263
AMD,2013Q3,2013,Q3,0,0,1,0,1461.0,521.0,940.0,426.0,155.0,155.0,95.0,51.0,48.0,288.0,336.0,4317.0,434.0,3897.0,359.0,0.1971252566735113,0.1060917180013689,0.3566050650239561,0.0650239561943874,0.0328542094455852,308.0,312.0,313.0,328.0,345.0,368.0,358.0,361.0,367.0,367.0,352.0,359.0,0.2652885443583118,0.2867647058823529,0.270995670995671,0.2584712371946414,0.2441613588110403,0.2321766561514195,0.2117090479006505,0.2136094674556213,0.2331639135959339,0.2275263484190948,0.2134627046694966,0.2218788627935723,0.1513002364066193,-1.305732484076433,0.3290816326530612,-0.1219512195121951,-4.297872340425532,-1.7251908396946565,-1.32484076433121,0.0718358038768529,-0.1755319148936169,-0.1854684512428298,-0.2373416136625431,-0.2838809034907598,0.1544179273352051,-1.6298885527532645,-1.2655540878117684,0.9649122807017544,Information Technology,45.0,3.0,74,7.2875606403097235,1161.0,1269.0,8.370547611074752,6.075346031088684,8.268218880067506,5.886104031450156
AMD,2013Q4,2013,Q4,0,0,0,1,1589.0,553.0,1036.0,418.0,169.0,188.0,135.0,90.0,89.0,293.0,382.0,4337.0,544.0,4317.0,434.0,0.184392699811202,0.106356198867212,0.3480176211453744,0.0849590937696664,0.0560100692259282,288.0,308.0,312.0,313.0,328.0,345.0,368.0,358.0,361.0,367.0,367.0,352.0,0.1971252566735113,0.2652885443583118,0.2867647058823529,0.270995670995671,0.2584712371946414,0.2441613588110403,0.2321766561514195,0.2117090479006505,0.2136094674556213,0.2331639135959339,0.2275263484190948,0.2134627046694966,0.3757575757575757,-1.1881606765327697,2.106741573033708,-0.0638977635782748,-1.5251396648044693,-1.319905213270142,-1.1918976545842217,0.060388945752303,-0.1243523316062176,-0.3033333333333333,-0.3195732642749574,-0.3635160119604665,1.2582042270949856,-1.2325302210994429,-1.1367687736912202,-3.3875,Information Technology,45.0,4.0,75,7.371489295214277,1461.0,1155.0,8.37516869138682,6.300785794663244,8.370547611074752,6.075346031088684
AMD,2014Q1,2014,Q1,1,0,0,0,1397.0,487.0,910.0,438.0,156.0,82.0,49.0,-18.0,-20.0,279.0,259.0,4108.0,511.0,4337.0,544.0,0.199713672154617,0.1116678596993557,0.348604151753758,0.035075161059413,-0.0143163922691481,293.0,288.0,308.0,312.0,313.0,328.0,345.0,368.0,358.0,361.0,367.0,367.0,0.184392699811202,0.1971252566735113,0.2652885443583118,0.2867647058823529,0.270995670995671,0.2584712371946414,0.2441613588110403,0.2321766561514195,0.2117090479006505,0.2136094674556213,0.2331639135959339,0.2275263484190948,0.2840073529411764,-0.863013698630137,0.09438202247191,-0.1057692307692307,-3.411764705882353,-1.5,-0.875,0.4152410575427683,-0.1284916201117318,-0.1933701657458563,-0.3035625791531302,-0.3212590427212343,-0.1476824334649691,-1.3894058697208305,-0.8933134603504574,0.5602409638554218,Information Technology,45.0,1.0,76,7.242797922793756,1589.0,1088.0,8.32093496888341,6.238324625039508,8.37516869138682,6.300785794663244
AMD,2014Q2,2014,Q2,0,1,0,0,1441.0,498.0,943.0,435.0,154.0,67.0,63.0,-32.0,-36.0,277.0,241.0,4246.0,501.0,4108.0,511.0,0.1922276197085357,0.1068702290076335,0.3455933379597501,0.0437196391394864,-0.0249826509368494,279.0,293.0,288.0,308.0,312.0,313.0,328.0,345.0,368.0,358.0,361.0,367.0,0.199713672154617,0.184392699811202,0.1971252566735113,0.2652885443583118,0.2867647058823529,0.270995670995671,0.2584712371946414,0.2441613588110403,0.2321766561514195,0.2117090479006505,0.2136094674556213,0.2331639135959339,0.2411714039621015,-0.5135135135135135,0.0849673202614378,-0.1006493506493506,1.2333333333333334,-3.1724137931034484,-0.5492957746478873,0.3433048433048433,-0.0994152046783626,-0.1086065573770491,-0.2754017322025649,-0.2744073925271194,-0.1258521451606319,-2.7502931393428893,-0.6080424630042951,0.0299145299145298,Information Technology,45.0,2.0,77,7.273786317844895,1397.0,1161.0,8.353968130313271,6.218600119691729,8.32093496888341,6.238324625039508
AMD,2014Q3,2014,Q3,0,0,1,0,1429.0,494.0,935.0,431.0,150.0,111.0,63.0,19.0,17.0,278.0,295.0,4325.0,535.0,4246.0,501.0,0.1945416375087473,0.1049685094471658,0.3456962911126662,0.0440867739678096,0.0118964310706787,277.0,279.0,293.0,288.0,308.0,312.0,313.0,328.0,345.0,368.0,358.0,361.0,0.1922276197085357,0.199713672154617,0.184392699811202,0.1971252566735113,0.2652885443583118,0.2867647058823529,0.270995670995671,0.2584712371946414,0.2441613588110403,0.2321766561514195,0.2117090479006505,0.2136094674556213,-0.0219028062970567,-0.6458333333333333,-0.0518234165067178,-0.0347222222222222,-0.2838709677419354,-0.3368421052631579,-0.6274509803921569,-0.0053191489361702,-0.032258064516129,0.0117370892018779,-0.0131064847212504,-0.0105871464367141,-0.0305906308721586,-0.3219918235055798,-0.6379023792862142,-0.1220238095238095,Information Technology,45.0,3.0,78,7.265429723253953,1441.0,1461.0,8.372398606513004,6.284134161070802,8.353968130313271,6.218600119691729
AMD,2014Q4,2014,Q4,0,0,0,1,1239.0,360.0,879.0,690.0,144.0,-278.0,-330.0,-367.0,-364.0,238.0,-126.0,3767.0,187.0,4325.0,535.0,0.192090395480226,0.1162227602905569,0.2905569007263922,-0.2663438256658595,-0.2937853107344633,278.0,277.0,279.0,293.0,288.0,308.0,312.0,313.0,328.0,345.0,368.0,358.0,0.1945416375087473,0.1922276197085357,0.199713672154617,0.184392699811202,0.1971252566735113,0.2652885443583118,0.2867647058823529,0.270995670995671,0.2584712371946414,0.2441613588110403,0.2321766561514195,0.2117090479006505,-0.2202643171806168,-5.089887640449438,-0.349005424954792,-0.1877133105802048,-2.4787234042553195,-3.4444444444444446,-5.0777777777777775,-0.1515444015444015,-0.1479289940828402,0.6507177033492824,0.0417462062050482,0.0927690301875439,-0.1651086523431514,-4.134965473948525,-6.245223132101822,-1.3298429319371727,Information Technology,45.0,4.0,79,7.122866658599083,1429.0,1589.0,8.234299635696253,5.236441962829949,8.372398606513004,6.284134161070802
AMD,2015Q1,2015,Q1,1,0,0,0,1030.0,326.0,704.0,463.0,131.0,-91.0,-137.0,-177.0,-180.0,242.0,62.0,3428.0,17.0,3767.0,187.0,0.2349514563106796,0.1271844660194174,0.316504854368932,-0.133009708737864,-0.174757281553398,238.0,278.0,277.0,279.0,293.0,288.0,308.0,312.0,313.0,328.0,345.0,368.0,0.192090395480226,0.1945416375087473,0.1922276197085357,0.199713672154617,0.184392699811202,0.1971252566735113,0.2652885443583118,0.2867647058823529,0.270995670995671,0.2584712371946414,0.2441613588110403,0.2321766561514195,-0.2627057981388689,8.0,-0.3305954825462012,-0.1326164874551971,-2.109756097560976,-3.795918367346939,8.833333333333334,-0.2263736263736263,-0.1602564102564102,0.0570776255707763,0.1764415213835821,0.138953198904655,-0.0920795039971291,-4.792133940955022,11.206796116504854,-0.7606177606177607,Information Technology,45.0,1.0,80,6.93828448401696,1239.0,1397.0,8.14002395246292,2.8903717578961645,8.234299635696253,5.236441962829949
AMD,2015Q2,2015,Q2,0,1,0,0,942.0,232.0,710.0,369.0,134.0,-95.0,-137.0,-180.0,-181.0,235.0,54.0,3381.0,-141.0,3428.0,17.0,0.2494692144373673,0.1422505307855626,0.2462845010615711,-0.1454352441613588,-0.1921443736730361,242.0,238.0,278.0,277.0,279.0,293.0,288.0,308.0,312.0,313.0,328.0,345.0,0.2349514563106796,0.192090395480226,0.1945416375087473,0.1922276197085357,0.199713672154617,0.184392699811202,0.1971252566735113,0.2652885443583118,0.2867647058823529,0.270995670995671,0.2584712371946414,0.2441613588110403,-0.3462873004857737,4.027777777777778,-0.5341365461847389,-0.1516245487364621,-2.4179104477611943,-3.1746031746031744,4.625,-0.2470837751855779,-0.1298701298701299,-0.1517241379310344,0.2977802816037771,0.3310585380649076,-0.2873574979322811,-4.326542648198699,6.691112290634584,-0.7759336099585062,Information Technology,45.0,2.0,81,6.849066282633458,1030.0,1441.0,8.126222529458525,0.0,8.14002395246292,2.8903717578961645
AMD,2015Q3,2015,Q3,0,0,1,0,1061.0,239.0,822.0,397.0,108.0,-116.0,-158.0,-197.0,-197.0,241.0,44.0,3229.0,-336.0,3381.0,-141.0,0.2271442035815268,0.1017907634307257,0.2252591894439208,-0.1489161168708765,-0.1856738925541941,235.0,242.0,238.0,278.0,277.0,279.0,293.0,288.0,308.0,312.0,313.0,328.0,0.2494692144373673,0.2349514563106796,0.192090395480226,0.1945416375087473,0.1922276197085357,0.199713672154617,0.184392699811202,0.1971252566735113,0.2652885443583118,0.2867647058823529,0.270995670995671,0.2584712371946414,-0.2575227431770469,-12.588235294117649,-0.5161943319838056,-0.133093525179856,-2.045045045045045,-3.507936507936508,-11.36842105263158,-0.120855614973262,-0.28,-0.0788863109048724,0.1675865716474889,-0.0302733270499528,-0.3483899155559455,-4.377795730293374,-16.607528968231968,-0.8508474576271187,Information Technology,45.0,3.0,82,6.967909201801884,942.0,1429.0,8.080237416216702,0.0,8.126222529458525,0.0
AMD,2015Q4,2015,Q4,0,0,0,1,958.0,283.0,675.0,332.0,109.0,-17.0,-49.0,-92.0,-102.0,229.0,127.0,3109.0,-412.0,3229.0,-336.0,0.2390396659707724,0.1137787056367432,0.2954070981210856,-0.0511482254697286,-0.1064718162839248,241.0,235.0,242.0,238.0,278.0,277.0,279.0,293.0,288.0,308.0,312.0,313.0,0.2271442035815268,0.2494692144373673,0.2349514563106796,0.192090395480226,0.1945416375087473,0.1922276197085357,0.199713672154617,0.184392699811202,0.1971252566735113,0.2652885443583118,0.2867647058823529,0.270995670995671,-0.2267958030669895,-0.7197802197802198,-0.2138888888888889,-0.0378151260504201,-0.9388489208633094,-0.8515151515151516,-0.7493188010899183,-0.2320819112627986,-0.2430555555555555,-0.518840579710145,0.2444123787301977,-0.0210290535838552,0.0166927627000696,-0.8079616625545645,-0.6375863176489482,-2.007936507936508,Information Technology,45.0,4.0,83,6.8658910748834385,1061.0,1239.0,8.04237800517328,0.0,8.080237416216702,0.0
AMD,2016Q1,2016,Q1,1,0,0,0,832.0,269.0,563.0,337.0,105.0,-35.0,-68.0,-108.0,-109.0,242.0,133.0,2981.0,-503.0,3109.0,-412.0,0.2908653846153846,0.126201923076923,0.3233173076923077,-0.0817307692307692,-0.1310096153846154,229.0,241.0,235.0,242.0,238.0,278.0,277.0,279.0,293.0,288.0,308.0,312.0,0.2390396659707724,0.2271442035815268,0.2494692144373673,0.2349514563106796,0.192090395480226,0.1945416375087473,0.1922276197085357,0.199713672154617,0.184392699811202,0.1971252566735113,0.2652885443583118,0.2867647058823529,-0.1922330097087379,-0.3944444444444445,-0.1748466257668711,0.0,-0.6153846153846154,-0.5036496350364963,-0.3898305084745762,-0.2002840909090909,-0.1984732824427481,-0.2721382289416847,0.2379807692307691,-0.0077253376394597,0.0215240089664936,-0.3855277933745087,-0.2503338675213675,1.1451612903225803,Information Technology,45.0,1.0,84,6.725033642166843,958.0,1030.0,8.000349495324684,0.0,8.04237800517328,0.0
AMD,2016Q2,2016,Q2,0,1,0,0,1027.0,319.0,708.0,327.0,117.0,175.0,-8.0,101.0,69.0,243.0,312.0,3316.0,-413.0,2981.0,-503.0,0.2366114897760467,0.1139240506329113,0.3106134371957156,-0.0077896786757546,0.0671859785783836,242.0,229.0,241.0,235.0,242.0,238.0,278.0,277.0,279.0,293.0,288.0,308.0,0.2908653846153846,0.2390396659707724,0.2271442035815268,0.2494692144373673,0.2349514563106796,0.192090395480226,0.1945416375087473,0.1922276197085357,0.199713672154617,0.184392699811202,0.1971252566735113,0.2652885443583118,0.0902335456475584,-1.3812154696132597,0.375,0.0340425531914894,-2.8421052631578947,-0.9416058394160584,-1.5611111111111111,-0.0028169014084507,-0.126865671641791,-0.113821138211382,-0.0515403260892084,-0.1991309276402796,0.2611976630963972,-0.9464388517331324,-1.3496640432090463,4.777777777777778,Information Technology,45.0,2.0,85,6.93537044601511,832.0,942.0,8.106816038947052,0.0,8.000349495324684,0.0
AMD,2016Q3,2016,Q3,0,0,1,0,1307.0,59.0,1248.0,377.0,117.0,-323.0,-318.0,-397.0,-406.0,260.0,-146.0,3616.0,385.0,3316.0,-413.0,0.1989288446824789,0.0895179801071155,0.045141545524101,-0.2433052792654935,-0.3106350420811017,243.0,242.0,229.0,241.0,235.0,242.0,238.0,278.0,277.0,279.0,293.0,288.0,0.2366114897760467,0.2908653846153846,0.2390396659707724,0.2271442035815268,0.2494692144373673,0.2349514563106796,0.192090395480226,0.1945416375087473,0.1922276197085357,0.199713672154617,0.184392699811202,0.1971252566735113,0.2318567389255419,1.0609137055837563,-0.7531380753138075,0.0788381742738588,1.7844827586206895,1.0126582278481011,1.015228426395939,0.5182481751824817,0.0833333333333332,-0.0503778337531486,-0.1242178248626134,-0.1205687324662074,-0.7996017581545141,0.6338411474727128,0.6730141098885734,-4.318181818181818,Information Technology,45.0,3.0,86,7.176254532017144,1027.0,1061.0,8.193400231952097,5.955837369464831,8.106816038947052,0.0
AMD,2016Q4,2016,Q4,0,0,0,1,1106.0,351.0,755.0,384.0,121.0,24.0,-33.0,-44.0,-51.0,263.0,212.0,3321.0,416.0,3616.0,385.0,0.2377938517179023,0.1094032549728752,0.3173598553345388,-0.0298372513562386,-0.0461121157323689,260.0,243.0,242.0,229.0,241.0,235.0,242.0,238.0,278.0,277.0,279.0,293.0,0.1989288446824789,0.2366114897760467,0.2908653846153846,0.2390396659707724,0.2271442035815268,0.2494692144373673,0.2349514563106796,0.192090395480226,0.1945416375087473,0.1922276197085357,0.199713672154617,0.184392699811202,0.1544885177453028,-0.5,0.2402826855123674,0.1484716157205239,-2.4117647058823533,-0.326530612244898,-0.5217391304347826,0.1185185185185184,0.110091743119266,0.1566265060240963,-0.0052117469617883,-0.0384557957429865,0.0743135738886509,-0.4166512898106802,-0.5669077757685352,0.6692913385826771,Information Technology,45.0,4.0,87,7.009408932708637,1307.0,958.0,8.10832229017324,6.0330862217988015,8.193400231952097,5.955837369464831
AMD,2017Q1,2017,Q1,1,0,0,0,984.0,331.0,653.0,388.0,121.0,40.0,-57.0,-66.0,-73.0,267.0,194.0,3299.0,409.0,3321.0,416.0,0.2713414634146341,0.1229674796747967,0.3363821138211382,-0.0579268292682926,-0.0741869918699187,263.0,260.0,243.0,242.0,229.0,241.0,235.0,242.0,238.0,278.0,277.0,279.0,0.2377938517179023,0.1989288446824789,0.2366114897760467,0.2908653846153846,0.2390396659707724,0.2271442035815268,0.2494692144373673,0.2349514563106796,0.192090395480226,0.1945416375087473,0.1922276197085357,0.199713672154617,0.1826923076923077,-0.3302752293577982,0.2304832713754647,0.1033057851239669,-2.142857142857143,-0.1617647058823529,-0.3888888888888888,0.1598579040852574,0.1523809523809522,0.1513353115727003,-0.0671235637976214,-0.0256291134339914,0.0404086196995798,-0.291248206599713,-0.4337286492130976,0.4586466165413534,Information Technology,45.0,1.0,88,6.892641641172089,1106.0,832.0,8.101677747454572,6.016157159698354,8.10832229017324,6.0330862217988015
AMD,2017Q2,2017,Q2,0,1,0,0,1151.0,386.0,765.0,412.0,127.0,31.0,-26.0,-39.0,-42.0,285.0,243.0,3370.0,417.0,3299.0,409.0,0.2476107732406603,0.1103388357949609,0.3353605560382276,-0.0225890529973935,-0.0364900086880973,267.0,263.0,260.0,243.0,242.0,229.0,241.0,235.0,242.0,238.0,278.0,277.0,0.2713414634146341,0.2377938517179023,0.1989288446824789,0.2366114897760467,0.2908653846153846,0.2390396659707724,0.2271442035815268,0.2494692144373673,0.2349514563106796,0.192090395480226,0.1945416375087473,0.1922276197085357,0.1207400194741967,-1.608695652173913,0.2100313479623825,0.1728395061728396,-0.8228571428571428,2.25,-1.386138613861386,0.0805084745762712,0.0854700854700853,0.2599388379204892,0.0464866836138195,-0.0314702191331209,0.0796717587813786,1.8998696785404,-1.543119404676463,-0.2211538461538461,Information Technology,45.0,2.0,89,7.049254841255837,984.0,1027.0,8.12296471523406,6.035481432524756,8.101677747454572,6.016157159698354
AMD,2017Q3,2017,Q3,0,0,1,0,1584.0,571.0,1013.0,456.0,133.0,152.0,115.0,83.0,61.0,323.0,384.0,3586.0,520.0,3370.0,417.0,0.2039141414141414,0.0839646464646464,0.3604797979797979,0.0726010101010101,0.038510101010101,285.0,267.0,263.0,260.0,243.0,242.0,229.0,241.0,235.0,242.0,238.0,278.0,0.2476107732406603,0.2713414634146341,0.2377938517179023,0.1989288446824789,0.2366114897760467,0.2908653846153846,0.2390396659707724,0.2271442035815268,0.2494692144373673,0.2349514563106796,0.192090395480226,0.1945416375087473,0.2119357306809488,-1.1502463054187193,8.677966101694915,0.2423076923076923,-1.4705882352941178,-1.3616352201257862,-1.2090680100755669,-0.188301282051282,0.1367521367521367,0.209549071618037,0.025060703185703,-0.0620359578692912,6.985543999315185,-1.2983947176164157,-1.123972172463552,-3.6301369863013697,Information Technology,45.0,3.0,90,7.368339686311381,1151.0,1307.0,8.185071477532283,6.255750041753367,8.12296471523406,6.035481432524756
AMD,2017Q4,2017,Q4,0,0,0,1,1340.0,452.0,888.0,457.0,134.0,123.0,-5.0,-31.0,-19.0,323.0,304.0,3540.0,611.0,3586.0,520.0,0.2410447761194029,0.1,0.3373134328358209,-0.003731343283582,-0.0141791044776119,323.0,285.0,267.0,263.0,260.0,243.0,242.0,229.0,241.0,235.0,242.0,238.0,0.2039141414141414,0.2476107732406603,0.2713414634146341,0.2377938517179023,0.1989288446824789,0.2366114897760467,0.2908653846153846,0.2390396659707724,0.2271442035815268,0.2494692144373673,0.2349514563106796,0.192090395480226,0.2115732368896925,-0.6274509803921569,0.2877492877492877,0.2281368821292775,4.125,-0.8484848484848485,-0.2954545454545454,0.1761589403973509,0.1074380165289257,0.1901041666666667,0.0136711877872992,-0.0859504132231404,0.0628736658587405,-0.8749434644957033,-0.6925080479953175,0.4339622641509433,Information Technology,45.0,4.0,91,7.201170883281678,1584.0,1106.0,8.172164452111904,6.416732282512326,8.185071477532283,6.255750041753367
AMD,2018Q1,2018,Q1,1,0,0,0,1647.0,597.0,1050.0,481.0,135.0,165.0,116.0,89.0,81.0,346.0,427.0,3763.0,715.0,3540.0,611.0,0.2100789313904068,0.081967213114754,0.3624772313296903,0.0704310868245294,0.0491803278688524,323.0,323.0,285.0,267.0,263.0,260.0,243.0,242.0,229.0,241.0,235.0,242.0,0.2410447761194029,0.2039141414141414,0.2476107732406603,0.2713414634146341,0.2377938517179023,0.1989288446824789,0.2366114897760467,0.2908653846153846,0.2390396659707724,0.2271442035815268,0.2494692144373673,0.2349514563106796,0.6737804878048781,-2.1095890410958904,0.8036253776435045,0.2958801498127341,3.125,-3.0350877192982457,-2.3484848484848486,0.6079632465543645,0.115702479338843,0.2396907216494845,-0.2257765225162536,-0.3334236553312559,0.0775758176085055,-2.2158629725497714,-1.6629238715472714,1.2010309278350515,Information Technology,45.0,1.0,92,7.4073177104694174,1340.0,984.0,8.23323750070527,6.573680166960646,8.172164452111904,6.416732282512326
AMD,2018Q2,2018,Q2,0,1,0,0,1756.0,652.0,1104.0,500.0,142.0,196.0,152.0,122.0,116.0,358.0,474.0,4103.0,879.0,3763.0,715.0,0.2038724373576309,0.0808656036446469,0.3712984054669704,0.0865603644646924,0.0660592255125284,346.0,323.0,323.0,285.0,267.0,263.0,260.0,243.0,242.0,229.0,241.0,235.0,0.2100789313904068,0.2410447761194029,0.2039141414141414,0.2476107732406603,0.2713414634146341,0.2377938517179023,0.1989288446824789,0.2366114897760467,0.2908653846153846,0.2390396659707724,0.2271442035815268,0.2494692144373673,0.5256298870547351,-3.761904761904762,0.689119170984456,0.2561403508771929,5.32258064516129,-6.846153846153846,-4.128205128205128,0.4431372549019607,0.1181102362204724,0.2135922330097086,-0.176641489829357,-0.2671156709056014,0.1071618256281941,-4.831960749956194,-2.8103373467838164,0.9506172839506172,Information Technology,45.0,2.0,93,7.471363088187097,1647.0,1151.0,8.319717386850606,6.779921907472252,8.23323750070527,6.573680166960646
AMD,2018Q3,2018,Q3,0,0,1,0,1653.0,661.0,992.0,506.0,147.0,185.0,155.0,114.0,102.0,359.0,461.0,4347.0,1125.0,4103.0,879.0,0.2171808832425892,0.0889292196007259,0.3998790078644888,0.0937689050211736,0.0617059891107078,358.0,346.0,323.0,323.0,285.0,267.0,263.0,260.0,243.0,242.0,229.0,241.0,0.2038724373576309,0.2100789313904068,0.2410447761194029,0.2039141414141414,0.2476107732406603,0.2713414634146341,0.2377938517179023,0.1989288446824789,0.2366114897760467,0.2908653846153846,0.2390396659707724,0.2271442035815268,0.0435606060606059,0.6721311475409837,0.1576182136602451,0.111455108359133,0.2171052631578947,0.3478260869565217,0.3734939759036144,-0.0207305034550838,0.1052631578947369,0.1096491228070175,0.065060430514741,0.0591269462221799,0.1092965822370408,0.2915647439438176,0.6023325696944455,0.2005208333333332,Information Technology,45.0,3.0,94,7.4109518755836366,1756.0,1584.0,8.3774712482411,7.026426808699636,8.319717386850606,6.779921907472252
AMD,2018Q4,2018,Q4,0,0,0,1,1419.0,537.0,882.0,504.0,137.0,75.0,33.0,3.0,38.0,367.0,405.0,4556.0,1266.0,4347.0,1125.0,0.2586328400281888,0.0965468639887244,0.3784355179704017,0.0232558139534883,0.0267794221282593,359.0,358.0,346.0,323.0,323.0,285.0,267.0,263.0,260.0,243.0,242.0,229.0,0.2171808832425892,0.2038724373576309,0.2100789313904068,0.2410447761194029,0.2039141414141414,0.2476107732406603,0.2713414634146341,0.2377938517179023,0.1989288446824789,0.2366114897760467,0.2908653846153846,0.2390396659707724,0.058955223880597,-3.0,0.1880530973451326,0.1362229102167182,-0.3902439024390244,-7.6,-1.096774193548387,-0.0067567567567567,0.0223880597014924,0.1028446389496717,0.0729659617268516,-0.0345313601127554,0.1219106063724297,-7.232558139534884,-2.8886539816772374,0.332236842105263,Information Technology,45.0,4.0,95,7.258412150595307,1653.0,1340.0,8.424419791263883,7.144407180321139,8.3774712482411,7.026426808699636
AMD,2019Q1,2019,Q1,1,0,0,0,1272.0,521.0,751.0,541.0,170.0,86.0,-20.0,3.0,16.0,371.0,387.0,4931.0,1788.0,4556.0,1266.0,0.2916666666666667,0.1336477987421383,0.4095911949685534,-0.0157232704402515,0.0125786163522012,367.0,359.0,358.0,346.0,323.0,323.0,285.0,267.0,263.0,260.0,243.0,242.0,0.2586328400281888,0.2171808832425892,0.2038724373576309,0.2100789313904068,0.2410447761194029,0.2039141414141414,0.2476107732406603,0.2713414634146341,0.2377938517179023,0.1989288446824789,0.2366114897760467,0.2908653846153846,-0.2276867030965391,-0.8024691358024691,-0.1273031825795645,0.0722543352601157,-0.4787878787878787,-1.1724137931034484,-0.9662921348314608,-0.2847619047619047,0.2592592592592593,0.1247401247401247,0.3883670520231215,0.6305031446540881,0.1299777187825921,-1.2232433311646065,-0.7442348008385744,-0.0936768149882903,Information Technology,45.0,1.0,96,7.149131598557407,1419.0,1647.0,8.503499864284235,7.489412083508719,8.424419791263883,7.144407180321139
AMD,2019Q2,2019,Q2,0,1,0,0,1531.0,621.0,910.0,560.0,189.0,123.0,61.0,37.0,35.0,371.0,406.0,5102.0,1901.0,4931.0,1788.0,0.2423252775963422,0.1234487263226649,0.4056172436316133,0.0398432397126061,0.0228608752449379,371.0,367.0,359.0,358.0,346.0,323.0,323.0,285.0,267.0,263.0,260.0,243.0,0.2916666666666667,0.2586328400281888,0.2171808832425892,0.2038724373576309,0.2100789313904068,0.2410447761194029,0.2039141414141414,0.2476107732406603,0.2713414634146341,0.2377938517179023,0.1989288446824789,0.2366114897760467,-0.128132118451025,-0.6982758620689655,-0.0475460122699386,0.0363128491620112,-0.3724489795918367,-0.5986842105263157,-0.6967213114754098,-0.1757246376811594,0.3309859154929577,0.1200000000000001,0.1886122554725615,0.5265912917084479,0.0924292635231793,-0.5397057306885764,-0.6539336471542152,-0.1434599156118143,Information Technology,45.0,2.0,97,7.3343293503005365,1272.0,1756.0,8.537583881063972,7.550661243105336,8.503499864284235,7.489412083508719
AMD,2019Q3,2019,Q3,0,0,1,0,1801.0,777.0,1024.0,589.0,184.0,219.0,188.0,127.0,120.0,405.0,525.0,5253.0,2176.0,5102.0,1901.0,0.2248750694058856,0.1021654636313159,0.4314269850083287,0.1043864519711271,0.0666296501943364,371.0,371.0,367.0,359.0,358.0,346.0,323.0,323.0,285.0,267.0,263.0,260.0,0.2423252775963422,0.2916666666666667,0.2586328400281888,0.2171808832425892,0.2038724373576309,0.2100789313904068,0.2410447761194029,0.2039141414141414,0.2476107732406603,0.2713414634146341,0.2377938517179023,0.1989288446824789,0.0895341802782818,0.1764705882352941,0.1754916792738274,0.1281337047353761,0.1837837837837836,0.2129032258064516,0.1140350877192981,0.032258064516129,0.2517006802721089,0.1640316205533596,0.0354275479886598,0.1488402134868383,0.0788938066849733,0.1132310006985368,0.079792272267041,0.1388286334056399,Information Technology,45.0,3.0,98,7.496652438168283,1531.0,1653.0,8.566744970245486,7.685703061234547,8.537583881063972,7.550661243105336
AMD,2019Q4,2019,Q4,0,0,0,1,2127.0,950.0,1177.0,590.0,194.0,296.0,360.0,205.0,170.0,396.0,566.0,6028.0,2827.0,5253.0,2176.0,0.1861777150916784,0.0912082745651151,0.4466384579219558,0.1692524682651622,0.079924776680771,405.0,371.0,371.0,367.0,359.0,358.0,346.0,323.0,323.0,285.0,267.0,263.0,0.2248750694058856,0.2423252775963422,0.2916666666666667,0.2586328400281888,0.2171808832425892,0.2038724373576309,0.2100789313904068,0.2410447761194029,0.2039141414141414,0.2476107732406603,0.2713414634146341,0.2377938517179023,0.4989429175475688,3.473684210526316,0.7690875232774674,0.0790190735694822,2.9466666666666668,9.909090909090908,67.33333333333333,0.3344671201814058,0.416058394160584,0.1706349206349207,-0.2801466547272707,-0.0552953167306683,0.1802234111569001,6.277856135401974,1.9845594239477395,0.3975308641975308,Information Technology,45.0,4.0,99,7.662937850461535,1801.0,1419.0,8.704336438489406,7.947325027016463,8.566744970245486,7.685703061234547
AMD,2020Q1,2020,Q1,1,0,0,0,1786.0,818.0,968.0,641.0,199.0,259.0,177.0,168.0,162.0,442.0,604.0,5864.0,3037.0,6028.0,2827.0,0.2474804031354983,0.1114221724524076,0.458006718924972,0.099104143337066,0.0907054871220604,396.0,405.0,371.0,371.0,367.0,359.0,358.0,346.0,323.0,323.0,285.0,267.0,0.1861777150916784,0.2248750694058856,0.2423252775963422,0.2916666666666667,0.2586328400281888,0.2171808832425892,0.2038724373576309,0.2100789313904068,0.2410447761194029,0.2039141414141414,0.2476107732406603,0.2713414634146341,0.4040880503144655,9.125,0.5700575815738964,0.1913746630727761,2.011627906976744,-9.85,55.0,0.288948069241012,0.1705882352941177,0.1848428835489832,-0.1514957606782915,-0.1662999802384559,0.1182045037861121,-7.303023516237403,6.211086226203808,0.5607235142118863,Information Technology,45.0,1.0,100,7.488293515159428,2127.0,1272.0,8.676757761087575,8.018954683155718,8.704336438489406,7.947325027016463
AMD,2020Q2,2020,Q2,0,1,0,0,1932.0,848.0,1084.0,675.0,215.0,256.0,173.0,161.0,157.0,460.0,617.0,6583.0,3305.0,5864.0,3037.0,0.238095238095238,0.1112836438923395,0.4389233954451346,0.0895445134575569,0.0812629399585921,442.0,396.0,405.0,371.0,371.0,367.0,359.0,358.0,346.0,323.0,323.0,285.0,0.2474804031354983,0.1861777150916784,0.2248750694058856,0.2423252775963422,0.2916666666666667,0.2586328400281888,0.2171808832425892,0.2038724373576309,0.2100789313904068,0.2410447761194029,0.2039141414141414,0.2476107732406603,0.2619203135205747,3.4857142857142858,0.3655394524959743,0.2398921832884097,1.0813008130081303,1.836065573770492,3.351351351351352,0.1912087912087912,0.1375661375661376,0.2053571428571428,-0.0174560390193814,-0.098543604237186,0.0821122679975863,1.2474204935003224,2.554673173617273,0.5197044334975369,Information Technology,45.0,2.0,101,7.566828479208331,1786.0,1531.0,8.792397742356906,8.10349427838097,8.676757761087575,8.018954683155718
AMD,2020Q3,2020,Q3,0,0,1,0,2801.0,1230.0,1571.0,781.0,273.0,505.0,449.0,402.0,390.0,508.0,898.0,7023.0,3867.0,6583.0,3305.0,0.1813637986433416,0.0974651910032131,0.4391288825419493,0.1602998928953945,0.1392359871474473,460.0,442.0,396.0,405.0,371.0,371.0,367.0,359.0,358.0,346.0,323.0,323.0,0.238095238095238,0.2474804031354983,0.1861777150916784,0.2248750694058856,0.2423252775963422,0.2916666666666667,0.2586328400281888,0.2171808832425892,0.2038724373576309,0.2100789313904068,0.2410447761194029,0.2039141414141414,0.555247084952804,2.25,0.583011583011583,0.2543209876543211,1.3059360730593608,1.3882978723404251,2.1653543307086616,0.5341796875,0.4836956521739131,0.3259762308998302,-0.1934908608477572,-0.0460064728435496,0.0178521460206573,0.5356388675776889,1.0897001071046055,0.7104761904761905,Information Technology,45.0,3.0,102,7.938088726896952,1932.0,1801.0,8.857088135314953,8.260492856573185,8.792397742356906,8.10349427838097
AMD,2020Q4,2020,Q4,0,0,0,1,3244.0,1451.0,1793.0,867.0,294.0,656.0,584.0,549.0,1781.0,573.0,2354.0,8962.0,5837.0,7023.0,3867.0,0.1766337854500616,0.0906288532675709,0.4472872996300863,0.1800246609124537,0.5490135635018496,508.0,460.0,442.0,396.0,405.0,371.0,371.0,367.0,359.0,358.0,346.0,323.0,0.1813637986433416,0.238095238095238,0.2474804031354983,0.1861777150916784,0.2248750694058856,0.2423252775963422,0.2916666666666667,0.2586328400281888,0.2171808832425892,0.2038724373576309,0.2100789313904068,0.2410447761194029,0.5251527973671839,9.476470588235294,0.5273684210526315,0.446969696969697,1.2162162162162162,0.6222222222222222,1.678048780487805,0.5233644859813085,0.5154639175257731,0.4694915254237288,-0.0512624705750476,-0.0063527273189519,0.0014527224349405,0.063645704891081,5.8691285268731415,3.159010600706714,Information Technology,45.0,4.0,103,8.08487062913819,2801.0,2127.0,9.100860271357362,8.67214355141406,8.857088135314953,8.260492856573185
AMD,2021Q1,2021,Q1,1,0,0,0,3445.0,1587.0,1858.0,914.0,304.0,758.0,673.0,644.0,555.0,610.0,1165.0,10047.0,6477.0,8962.0,5837.0,0.1770682148040638,0.088243831640058,0.4606676342525399,0.195355587808418,0.1611030478955007,573.0,508.0,460.0,442.0,396.0,405.0,371.0,371.0,367.0,359.0,358.0,346.0,0.1766337854500616,0.1813637986433416,0.238095238095238,0.2474804031354983,0.1861777150916784,0.2248750694058856,0.2423252775963422,0.2916666666666667,0.2586328400281888,0.2171808832425892,0.2038724373576309,0.2100789313904068,0.9288913773796192,2.425925925925926,0.9400977995110024,0.3800904977375565,1.9266409266409263,2.8022598870056497,2.833333333333333,0.9194214876033058,0.5276381909547738,0.4258970358814353,-0.2845162180089183,-0.2080226969389764,0.005809773563614,0.9712151402589522,0.7761113798849648,0.9288079470198676,Information Technology,45.0,1.0,104,8.144969417087875,3244.0,1786.0,9.21512888870798,8.776167099731275,9.100860271357362,8.67214355141406
AMD,2021Q2,2021,Q2,0,1,0,0,3850.0,1830.0,2020.0,990.0,331.0,941.0,840.0,823.0,710.0,659.0,1369.0,10691.0,7065.0,10047.0,6477.0,0.1711688311688311,0.0859740259740259,0.4753246753246753,0.2181818181818181,0.1844155844155844,610.0,573.0,508.0,460.0,442.0,396.0,405.0,371.0,371.0,367.0,359.0,358.0,0.1770682148040638,0.1766337854500616,0.1813637986433416,0.238095238095238,0.2474804031354983,0.1861777150916784,0.2248750694058856,0.2423252775963422,0.2916666666666667,0.2586328400281888,0.2171808832425892,0.2038724373576309,0.9927536231884058,3.5222929936305736,1.1580188679245285,0.4326086956521739,2.67578125,3.8554913294797686,4.111801242236025,0.8634686346863469,0.5395348837209302,0.4666666666666665,-0.281090909090909,-0.2274334038054968,0.0829331046312178,1.436573830793484,1.269368847712797,1.2188006482982172,Information Technology,45.0,2.0,105,8.25608813381491,3445.0,1932.0,9.277251077258809,8.86304982791909,9.21512888870798,8.776167099731275
AMD,2021Q3,2021,Q3,0,0,1,0,4313.0,2086.0,2227.0,1133.0,368.0,1122.0,953.0,1005.0,923.0,765.0,1688.0,11153.0,7136.0,10691.0,7065.0,0.1773707396243913,0.0853234407604915,0.4836540690934384,0.2209598887085555,0.2140041734291676,659.0,610.0,573.0,508.0,460.0,442.0,396.0,405.0,371.0,371.0,367.0,359.0,0.1711688311688311,0.1770682148040638,0.1766337854500616,0.1813637986433416,0.238095238095238,0.2474804031354983,0.1861777150916784,0.2248750694058856,0.2423252775963422,0.2916666666666667,0.2586328400281888,0.2171808832425892,0.5398072117101036,1.3666666666666667,0.6959349593495936,0.5059055118110236,1.221782178217822,1.1224944320712695,1.5,0.4175684277530236,0.3479853479853481,0.4507042253521127,-0.0220168470710231,-0.124575246995836,0.101394347585952,0.3784156977119466,0.5369889481412784,0.8797327394209353,Information Technology,45.0,3.0,106,8.369620826949102,3850.0,2801.0,9.3195534569495,8.873047798971067,9.277251077258809,8.86304982791909
AMD,2021Q4,2021,Q4,0,0,0,1,4826.0,2426.0,2400.0,1214.0,403.0,1345.0,1212.0,1203.0,974.0,811.0,1785.0,12419.0,7497.0,11153.0,7136.0,0.1680480729382511,0.0835060091172814,0.5026937422295897,0.2511396601740572,0.2018234562784915,765.0,659.0,610.0,573.0,508.0,460.0,442.0,396.0,405.0,371.0,371.0,367.0,0.1773707396243913,0.1711688311688311,0.1770682148040638,0.1766337854500616,0.1813637986433416,0.238095238095238,0.2474804031354983,0.1861777150916784,0.2248750694058856,0.2423252775963422,0.2916666666666667,0.2586328400281888,0.4876695437731195,-0.4531162268388545,0.6719503790489318,0.4153577661431065,1.0503048780487805,1.0753424657534247,1.1912568306010929,0.3385387618516453,0.3707482993197279,0.4002306805074971,-0.0486074195258521,-0.0785935592637386,0.1238721569902061,0.395029208227126,-0.6323889431962795,-0.2417162276975361,Information Technology,45.0,4.0,107,8.481980435660493,4313.0,3244.0,9.42706335548747,8.922391597295857,9.3195534569495,8.873047798971067
AMD,2022Q1,2022,Q1,1,0,0,0,5887.0,2525.0,3362.0,1657.0,597.0,1537.0,868.0,899.0,786.0,1060.0,1846.0,66915.0,55333.0,12419.0,7497.0,0.1800577543740445,0.1014098861899099,0.4289111601834551,0.1474435196195005,0.1335145235264141,811.0,765.0,659.0,610.0,573.0,508.0,460.0,442.0,396.0,405.0,371.0,371.0,0.1680480729382511,0.1773707396243913,0.1711688311688311,0.1770682148040638,0.1766337854500616,0.1813637986433416,0.238095238095238,0.2474804031354983,0.1861777150916784,0.2248750694058856,0.2423252775963422,0.2916666666666667,0.7088534107402031,0.4162162162162162,0.591052299936988,0.7377049180327868,1.0277044854881263,0.2897473997028232,0.3959627329192547,0.8094725511302476,0.9638157894736844,0.8129102844638949,0.0168835472435791,0.1492008484349993,-0.0689357612904834,-0.245255683374176,-0.1712476873000059,0.584549356223176,Information Technology,45.0,1.0,108,8.680671660408713,4826.0,3445.0,11.111193380451171,10.921142826790764,9.42706335548747,8.922391597295857
AMD,2022Q2,2022,Q2,0,1,0,0,6550.0,2412.0,4138.0,1751.0,451.0,1723.0,661.0,501.0,447.0,1300.0,1747.0,67502.0,55169.0,66915.0,55333.0,0.1984732824427481,0.068854961832061,0.3682442748091603,0.1009160305343511,0.0682442748091603,1060.0,811.0,765.0,659.0,610.0,573.0,508.0,460.0,442.0,396.0,405.0,371.0,0.1800577543740445,0.1680480729382511,0.1773707396243913,0.1711688311688311,0.1770682148040638,0.1766337854500616,0.1813637986433416,0.238095238095238,0.2474804031354983,0.1861777150916784,0.2248750694058856,0.2423252775963422,0.7012987012987013,-0.3704225352112675,0.3180327868852459,0.9726858877086496,0.8310308182784272,-0.2130952380952381,-0.3912515188335358,1.0485148514851486,0.3625377643504532,0.7686868686868686,0.1595176591875267,-0.1991190240077489,-0.2252784382430233,-0.5374681933842238,-0.6299430168799054,0.2761139517896274,Information Technology,45.0,2.0,109,8.787372988731876,5887.0,3850.0,11.11992732031744,10.918174606266476,11.111193380451171,10.921142826790764
AMD,2022Q3,2022,Q3,0,0,1,0,5565.0,1764.0,3801.0,1785.0,506.0,1146.0,-21.0,-69.0,66.0,1279.0,1345.0,67811.0,54542.0,67502.0,55169.0,0.2298292902066487,0.0909254267744833,0.3169811320754717,-0.0037735849056603,0.0118598382749326,1300.0,1060.0,811.0,765.0,659.0,610.0,573.0,508.0,460.0,442.0,396.0,405.0,0.1984732824427481,0.1800577543740445,0.1680480729382511,0.1773707396243913,0.1711688311688311,0.1770682148040638,0.1766337854500616,0.1813637986433416,0.238095238095238,0.2474804031354983,0.1861777150916784,0.2248750694058856,0.2902851843264549,-0.9284940411700976,-0.1543624161073825,0.6718954248366014,0.0213903743315508,-1.0220356768100731,-1.0686567164179104,0.7067804220925011,0.375,0.5754633715798765,0.2957565080539552,0.0656558849955077,-0.3446118779283272,-1.017078144489101,-0.944581275753213,-0.2031990521327014,Information Technology,45.0,3.0,110,8.624431942085836,6550.0,4313.0,11.124494449417844,10.906744660387382,11.11992732031744,10.918174606266476
AMD,2022Q4,2022,Q4,0,0,0,1,5599.0,1802.0,3797.0,1904.0,538.0,1128.0,-102.0,-133.0,21.0,1366.0,1387.0,67580.0,54750.0,67811.0,54542.0,0.2439721378817646,0.0960885872477228,0.3218431862832648,-0.0182175388462225,0.0037506697624575,1279.0,1300.0,1060.0,811.0,765.0,659.0,610.0,573.0,508.0,460.0,442.0,396.0,0.2298292902066487,0.1984732824427481,0.1800577543740445,0.1680480729382511,0.1773707396243913,0.1711688311688311,0.1770682148040638,0.1766337854500616,0.1813637986433416,0.238095238095238,0.2474804031354983,0.1861777150916784,0.1601740571902197,-0.9784394250513349,-0.2572135201978566,0.6843403205918619,-0.1613382899628253,-1.0841584158415842,-1.110556940980881,0.5820833333333333,0.3349875930521091,0.5683690280065898,0.4517996762236695,0.1506787147829038,-0.3597628948874541,-1.0725394739866914,-0.9814160859613754,-0.22296918767507,Information Technology,45.0,4.0,111,8.630521876723241,5565.0,4826.0,11.121082157436103,10.91055091235213,11.124494449417844,10.906744660387382
AMD,2023Q1,2023,Q1,1,0,0,0,5353.0,1841.0,3512.0,1885.0,474.0,904.0,-44.0,-126.0,-139.0,1411.0,1272.0,67634.0,54694.0,67580.0,54750.0,0.2635905099943956,0.0885484774892583,0.3439192975901364,-0.0082196898935176,-0.025966747618158,1366.0,1279.0,1300.0,1060.0,811.0,765.0,659.0,610.0,573.0,508.0,460.0,442.0,0.2439721378817646,0.2298292902066487,0.1984732824427481,0.1800577543740445,0.1680480729382511,0.1773707396243913,0.1711688311688311,0.1770682148040638,0.1766337854500616,0.1813637986433416,0.238095238095238,0.2474804031354983,-0.0907083404110752,-1.1768447837150129,-0.2708910891089109,0.3311320754716982,-0.4118412491867274,-1.0506912442396312,-1.1401557285873192,0.0446162998215347,-0.2060301507537688,0.1375980687990343,0.4639220116386859,-0.1268259849593568,-0.1981572653809374,-1.0557480580681318,-1.1944863145395628,-0.3109425785482124,Information Technology,45.0,1.0,112,8.585599224080298,5599.0,5887.0,11.121880879523294,10.909527576553891,11.121082157436103,10.91055091235213
AMD,2023Q2,2023,Q2,0,1,0,0,5359.0,1962.0,3397.0,1956.0,513.0,899.0,6.0,4.0,27.0,1443.0,1470.0,67967.0,55136.0,67634.0,54694.0,0.2692666542265348,0.0957268147042358,0.3661130807986564,0.0011196118678857,0.005038253405486,1411.0,1366.0,1279.0,1300.0,1060.0,811.0,765.0,659.0,610.0,573.0,508.0,460.0,0.2635905099943956,0.2439721378817646,0.2298292902066487,0.1984732824427481,0.1800577543740445,0.1680480729382511,0.1773707396243913,0.1711688311688311,0.1770682148040638,0.1766337854500616,0.1813637986433416,0.238095238095238,-0.1818320610687023,-0.9395973154362416,-0.1865671641791044,0.1100000000000001,-0.4782356355194428,-0.9909228441754916,-0.9920159680638724,-0.1790720154664089,0.1374722838137472,0.1170759565962307,0.3566896809106175,0.3902674862810309,-0.005787446421559,-0.9889055102350196,-0.926173244282027,-0.1585575271894677,Information Technology,45.0,2.0,113,8.586719254064848,5353.0,6550.0,11.126792285161557,10.917576276133584,11.121880879523294,10.909527576553891
AMD,2023Q3,2023,Q3,0,0,1,0,5800.0,2297.0,3503.0,2044.0,537.0,1131.0,253.0,260.0,299.0,1507.0,1806.0,67626.0,54970.0,67967.0,55136.0,0.2598275862068965,0.0925862068965517,0.3960344827586207,0.0436206896551724,0.051551724137931,1443.0,1411.0,1366.0,1279.0,1300.0,1060.0,811.0,765.0,659.0,610.0,573.0,508.0,0.2692666542265348,0.2635905099943956,0.2439721378817646,0.2298292902066487,0.1984732824427481,0.1800577543740445,0.1680480729382511,0.1773707396243913,0.1711688311688311,0.1770682148040638,0.1766337854500616,0.1813637986433416,0.0422282120395327,3.5303030303030303,0.3021541950113378,0.178264268960125,-0.013089005235602,-13.047619047619047,-4.768115942028985,-0.0784004209418574,0.0612648221343874,0.1450980392156862,0.1305242511660511,0.0182652991685974,0.249394499178982,-12.559482758620687,3.346747648902822,0.3427509293680297,Information Technology,45.0,3.0,114,8.665785595466064,5359.0,5565.0,11.121762590572823,10.914561052430187,11.126792285161557,10.917576276133584
AMD,2023Q4,2023,Q4,0,0,0,1,6168.0,2492.0,3676.0,2095.0,584.0,1215.0,397.0,370.0,667.0,1511.0,2178.0,67885.0,55892.0,67626.0,54970.0,0.2449740596627756,0.0946822308690013,0.4040207522697795,0.0643644617380025,0.1081387808041504,1507.0,1443.0,1411.0,1366.0,1279.0,1300.0,1060.0,811.0,765.0,659.0,610.0,573.0,0.2598275862068965,0.2692666542265348,0.2635905099943956,0.2439721378817646,0.2298292902066487,0.1984732824427481,0.1800577543740445,0.1680480729382511,0.1773707396243913,0.1711688311688311,0.1770682148040638,0.1766337854500616,0.1016252902303982,30.761904761904763,0.3829078801331853,0.1061493411420204,0.0771276595744681,-4.892156862745098,-3.781954887218045,-0.0318672636291809,0.0855018587360594,0.1003151260504202,0.0041067057480823,-0.0146360397108954,0.2553341797771895,-4.533104130108594,27.831858748687544,0.5702956020187455,Information Technology,45.0,4.0,115,8.72729202920964,5800.0,5599.0,11.12558510672061,10.931194427688464,11.121762590572823,10.914561052430187
AMD,2024Q1,2024,Q1,1,0,0,0,5473.0,2168.0,3305.0,2106.0,581.0,873.0,62.0,71.0,123.0,1525.0,1648.0,67895.0,56198.0,67885.0,55892.0,0.2786405993056824,0.1061575004567878,0.3961264388817833,0.0113283391193129,0.0224739630915402,1511.0,1507.0,1443.0,1411.0,1366.0,1279.0,1300.0,1060.0,811.0,765.0,659.0,610.0,0.2449740596627756,0.2598275862068965,0.2692666542265348,0.2635905099943956,0.2439721378817646,0.2298292902066487,0.1984732824427481,0.1800577543740445,0.1680480729382511,0.1773707396243913,0.1711688311688311,0.1770682148040638,0.02241733607323,-1.8848920863309355,0.1776208582292233,0.0807937632884479,-0.0342920353982301,-2.409090909090909,-1.5634920634920637,-0.0589407744874714,0.2257383966244726,0.1172413793103448,0.0570964763170223,0.1988630800531339,0.151800558030519,-2.37819543876551,-1.8654901038058644,0.2955974842767295,Information Technology,45.0,1.0,116,8.607764889600624,6168.0,5353.0,11.125732401649513,10.936654242129169,11.12558510672061,10.931194427688464
AMD,2024Q2,2024,Q2,0,1,0,0,5835.0,2492.0,3343.0,2233.0,650.0,1145.0,259.0,306.0,265.0,1583.0,1848.0,67886.0,56538.0,67895.0,56198.0,0.2712939160239931,0.1113967437874892,0.4270779777206512,0.0443873179091688,0.0454155955441302,1525.0,1511.0,1507.0,1443.0,1411.0,1366.0,1279.0,1300.0,1060.0,811.0,765.0,659.0,0.2786405993056824,0.2449740596627756,0.2598275862068965,0.2692666542265348,0.2635905099943956,0.2439721378817646,0.2298292902066487,0.1984732824427481,0.1800577543740445,0.1680480729382511,0.1773707396243913,0.1711688311688311,0.08882254151894,8.814814814814815,0.2701325178389397,0.0970200970200969,0.2736373748609566,42.16666666666666,75.5,-0.0158963791580806,0.267056530214425,0.1416155419222904,0.0075288260378236,0.1636942494291522,0.1665193081574771,38.64527277920594,8.01415468596274,0.2571428571428571,Information Technology,45.0,2.0,117,8.671800909642677,5473.0,5359.0,11.125599837189851,10.94268594449761,11.125732401649513,10.936654242129169
AMD,2024Q3,2024,Q3,0,0,1,0,6819.0,3067.0,3752.0,2357.0,721.0,1546.0,710.0,744.0,771.0,1636.0,2407.0,69636.0,56985.0,67886.0,56538.0,0.239917876521484,0.1057339785892359,0.4497726939433935,0.1041208388326734,0.1130664320281566,1583.0,1525.0,1511.0,1507.0,1443.0,1411.0,1366.0,1279.0,1300.0,1060.0,811.0,765.0,0.2712939160239931,0.2786405993056824,0.2449740596627756,0.2598275862068965,0.2692666542265348,0.2635905099943956,0.2439721378817646,0.2298292902066487,0.1984732824427481,0.1800577543740445,0.1680480729382511,0.1773707396243913,0.1756896551724138,1.5785953177257523,0.3352198519808445,0.0856005308560052,0.3669319186560567,1.8063241106719363,1.8615384615384616,0.0710819297744789,0.3426443202979516,0.1531311154598826,-0.0766266198907713,0.1420057277794573,0.1356907378631615,1.3869599416186,1.193261892184978,0.3327796234772979,Information Technology,45.0,3.0,118,8.827614750837508,5835.0,5800.0,11.151051314263803,10.950560902613532,11.125599837189851,10.94268594449761
AMD,2024Q4,2024,Q4,0,0,0,1,7658.0,3550.0,4108.0,2458.0,746.0,1694.0,1092.0,901.0,482.0,1712.0,2194.0,69226.0,57568.0,69636.0,56985.0,0.2235570645077043,0.0974144685296422,0.4635675110995038,0.1425959780621572,0.0629407155915382,1636.0,1583.0,1525.0,1511.0,1507.0,1443.0,1411.0,1366.0,1279.0,1300.0,1060.0,811.0,0.239917876521484,0.2712939160239931,0.2786405993056824,0.2449740596627756,0.2598275862068965,0.2692666542265348,0.2635905099943956,0.2439721378817646,0.2298292902066487,0.1984732824427481,0.1800577543740445,0.1680480729382511,0.2415693904020752,-0.2773613193403298,0.4245585874799358,0.1330244870946393,0.3942386831275719,1.7506297229219143,1.4351351351351354,0.1175190424374319,0.2773972602739727,0.1732696897374701,-0.0874255632802644,0.0288569210459472,0.1473853966539884,1.215445825409032,-0.417963517588294,0.0073461891643709,Information Technology,45.0,4.0,119,8.943636705909594,6819.0,6168.0,11.145146238918315,10.960739507360923,11.151051314263803,10.950560902613532
AMD,2025Q1,2025,Q1,1,0,0,0,7438.0,3420.0,4018.0,2614.0,886.0,1587.0,806.0,832.0,709.0,1728.0,2437.0,71550.0,57881.0,69226.0,57568.0,0.2323205162678139,0.1191180424845388,0.4598010217800484,0.1083624630276956,0.0953213229362732,1712.0,1636.0,1583.0,1525.0,1511.0,1507.0,1443.0,1411.0,1366.0,1279.0,1300.0,1060.0,0.2235570645077043,0.239917876521484,0.2712939160239931,0.2786405993056824,0.2449740596627756,0.2598275862068965,0.2692666542265348,0.2635905099943956,0.2439721378817646,0.2298292902066487,0.1984732824427481,0.1800577543740445,0.3590352640233876,4.764227642276423,0.5774907749077491,0.1331147540983606,0.8178694158075601,12.0,10.71830985915493,0.2157337367624812,0.5249569707401032,0.2412155745489079,-0.1662359439122981,0.1220878597553891,0.1607430775840428,8.565609034686743,3.2414113856115705,0.4787621359223302,Information Technology,45.0,1.0,120,8.914491710191342,7658.0,5473.0,11.178165761127321,10.966161734398609,11.145146238918315,10.960739507360923
AMD,2025Q2,2025,Q2,0,1,0,0,7685.0,3059.0,4626.0,3193.0,991.0,729.0,-134.0,-66.0,872.0,1894.0,2766.0,74820.0,59665.0,71550.0,57881.0,0.2464541314248536,0.1289525048796356,0.3980481457384515,-0.0174365647364996,0.1134677944046844,1728.0,1712.0,1636.0,1583.0,1525.0,1511.0,1507.0,1443.0,1411.0,1366.0,1279.0,1300.0,0.2323205162678139,0.2235570645077043,0.239917876521484,0.2712939160239931,0.2786405993056824,0.2449740596627756,0.2598275862068965,0.2692666542265348,0.2635905099943956,0.2439721378817646,0.2298292902066487,0.1984732824427481,0.3170522707797771,2.290566037735849,0.2275280898876404,0.1964624131396084,-0.3633187772925764,-1.5173745173745172,-1.215686274509804,0.3837870176488185,0.5246153846153847,0.4299149126735333,-0.0915604189109154,0.157596716881037,-0.0679731419005358,-1.3928276263995196,1.4984323786842784,0.4967532467532467,Information Technology,45.0,2.0,121,8.94715577112479,7438.0,5835.0,11.222853873223139,10.996517622908005,11.178165761127321,10.966161734398609
