ticker,Year_Quarter,year,quarter,Q1,Q2,Q3,Q4,revenue,grossProfit,costOfRevenue,operatingExpenses,snaExpenses,ebitda,operatingIncome,incomeBeforeTax,netIncome,rnd,net_plus_rnd,totalAssets,totalEquity,totalAssets_lag1,totalEquity_lag1,rnd_to_rev_ratio,sna_to_rev_ratio,grossProfitRatio,operatingIncomeRatio,netIncomeRatio,rnd_lag1,rnd_lag2,rnd_lag3,rnd_lag4,rnd_lag5,rnd_lag6,rnd_lag7,rnd_lag8,rnd_lag9,rnd_lag10,rnd_lag11,rnd_lag12,rnd_to_rev_ratio_lag1,rnd_to_rev_ratio_lag2,rnd_to_rev_ratio_lag3,rnd_to_rev_ratio_lag4,rnd_to_rev_ratio_lag5,rnd_to_rev_ratio_lag6,rnd_to_rev_ratio_lag7,rnd_to_rev_ratio_lag8,rnd_to_rev_ratio_lag9,rnd_to_rev_ratio_lag10,rnd_to_rev_ratio_lag11,rnd_to_rev_ratio_lag12,revenue_yoy,netIncome_yoy,grossProfit_yoy,rnd_yoy,ebitda_yoy,operatingIncome_yoy,incomeBeforeTax_yoy,costOfRevenue_yoy,snaExpenses_yoy,operatingExpenses_yoy,rnd_to_rev_ratio_yoy,sna_to_rev_ratio_yoy,grossProfitRatio_yoy,operatingIncomeRatio_yoy,netIncomeRatio_yoy,net_plus_rnd_yoy,gics_sectors,gics_sector_code,quarter_int,time_idx,revenue_log,revenue_lag1,revenue_lag4,totalAssets_log,totalEquity_log,totalAssets_lag1_log,totalEquity_lag1_log
APD,1995Q2,1995,Q2,0,1,0,0,982.4,386.7,595.7,226.0,216.9,253.4,160.7,151.7,100.1,25.8,125.9,5720.2,2354.2,5413.0,2281.2,0.0262622149837133,0.2207858306188925,0.3936278501628664,0.163578990228013,0.10189332247557,26.3,,,,,,,,,,,,0.0267575541764167,,,,,,,,,,,,,,,,,,,,,,,,,,,,Materials,15.0,2.0,1,6.891015954977839,982.9,,8.651933852580745,7.764380928534557,8.596743470174246,7.732895169000579
APD,1995Q3,1995,Q3,0,0,1,0,978.9,392.5,586.4,248.9,231.6,249.9,143.6,135.7,92.6,27.0,119.6,5816.0,2398.0,5720.2,2354.2,0.0275819797732148,0.2365920931657983,0.4009602615180304,0.1466952702012463,0.0945959750740627,25.8,26.3,,,,,,,,,,,0.0262622149837133,0.0267575541764167,,,,,,,,,,,,,,,,,,,,,,,,,,,Materials,15.0,3.0,2,6.887450525641773,982.4,,8.668539943910762,7.782807262839695,8.651933852580745,7.764380928534557
APD,1995Q4,1995,Q4,0,0,0,1,947.0,387.0,560.0,243.0,220.0,243.0,144.0,131.0,89.0,27.0,116.0,6034.0,2445.0,5816.0,2398.0,0.0285110876451953,0.232312565997888,0.4086589229144667,0.1520591341077085,0.0939809926082365,27.0,25.8,26.3,,,,,,,,,,0.0275819797732148,0.0262622149837133,0.0267575541764167,,,,,,,,,,,,,,,,,,,,,,,,,,Materials,15.0,4.0,3,6.854354502255021,978.9,,8.705331133531631,7.802209316247118,8.668539943910762,7.782807262839695
APD,1996Q1,1996,Q1,1,0,0,0,1013.0,404.0,609.0,256.0,231.0,249.0,148.0,202.0,135.0,29.0,164.0,6224.0,2553.0,6034.0,2445.0,0.02853728083175164,0.228035538005923,0.3988153998025666,0.1461006910167818,0.1332675222112537,27.0,27.0,25.8,26.3,,,,,,,,,0.0285110876451953,0.0275819797732148,0.0262622149837133,0.0267575541764167,,,,,,,,,0.0306236646657849,0.523702031602709,0.0306122448979591,0.1026615969581747,0.0175725378013895,-0.0250329380764163,0.50521609538003,0.0306312404806228,0.077928138124125,0.0657785179017484,0.0698974172262487,0.0458988815026677,-1.1080444023647829e-05,-0.0540028379420629,0.4784271736054319,0.4273281114012186,Materials,15.0,1.0,4,6.921658184151129,947.0,982.9,8.736328721332908,7.845416036592485,8.705331133531631,7.802209316247118
APD,1996Q2,1996,Q2,0,1,0,0,997.0,403.0,594.0,247.0,228.0,249.9,146.7,142.0,98.0,28.0,126.0,6472.0,2589.0,6224.0,2553.0,0.0280842527582748,0.2286860581745235,0.4042126379137412,0.1471414242728184,0.0982948846539618,29.0,27.0,27.0,25.8,26.3,,,,,,,,0.02853728083175164,0.0285110876451953,0.0275819797732148,0.0262622149837133,0.0267575541764167,,,,,,,,0.0148615635179152,-0.0209790209790209,0.0421515386604602,0.0852713178294573,-0.0138121546961326,-0.0871188550093341,-0.0639419907712589,-0.0028537854624811,0.0511756569847856,0.0929203539823009,0.0693786786716739,0.03578231235893,0.0268903426078597,-0.1004870242338715,-0.0353157374220562,0.0007942811755361,Materials,15.0,2.0,5,6.905753276311464,1013.0,982.4,8.77539495854551,7.859413154693583,8.736328721332908,7.845416036592485
APD,1996Q3,1996,Q3,0,0,1,0,1051.0,406.0,645.0,263.0,241.0,252.0,143.0,134.0,94.0,30.0,124.0,6522.0,2574.0,6472.0,2589.0,0.02853728083175164,0.2293054234062797,0.3862987630827783,0.1360608943862987,0.0894386298763082,28.0,29.0,27.0,27.0,25.8,26.3,,,,,,,0.0280842527582748,0.02853728083175164,0.0285110876451953,0.0275819797732148,0.0262622149837133,0.0267575541764167,,,,,,,0.0736541015425478,0.0151187904967602,0.0343949044585987,0.1111111111111111,0.0084033613445377,-0.0041782729805013,-0.0125276344878407,0.099931787175989,0.040587219343696,0.0566492567296101,0.0348874088169997,-0.0307984500327839,-0.0365659638681994,-0.0724929699530092,-0.0545197107352247,0.0367892976588628,Materials,15.0,3.0,6,6.9584483932976555,997.0,978.9,8.783089671796096,7.853604813097837,8.77539495854551,7.859413154693583
APD,1996Q4,1996,Q4,0,0,0,1,1120.9,428.2,692.7,258.8,241.5,277.5,169.4,148.2,99.9,26.7,126.6,7316.6,2578.8,6522.0,2574.0,0.0238201445267195,0.2154518690338121,0.38201445267196,0.1511285574092247,0.089124810420198,30.0,28.0,29.0,27.0,27.0,25.8,26.3,,,,,,0.02853728083175164,0.0280842527582748,0.02853728083175164,0.0285110876451953,0.0275819797732148,0.0262622149837133,0.0267575541764167,,,,,,0.1836325237592397,0.1224719101123597,0.1064599483204133,-0.0111111111111111,0.1419753086419752,0.1763888888888889,0.131297709923664,0.2369642857142857,0.0977272727272726,0.0650205761316873,-0.1645304864146867,-0.0725776364771815,-0.0651997760197775,-0.0061198342601678,-0.0516719610345217,0.0913793103448277,Materials,15.0,4.0,7,7.022778955550919,1051.0,947.0,8.898037684342155,7.855467155531036,8.783089671796096,7.853604813097837
APD,1997Q1,1997,Q1,1,0,0,0,1153.1,466.8,686.3,282.8,264.7,299.4,184.0,155.0,106.0,28.5,134.5,7214.4,2557.6,7316.6,2578.8,0.0247159830023415,0.2295551123059578,0.404821784754141,0.1595698551730119,0.0919261122192351,26.7,30.0,28.0,29.0,27.0,27.0,25.8,26.3,,,,,0.0238201445267195,0.02853728083175164,0.0280842527582748,0.02853728083175164,0.0285110876451953,0.0275819797732148,0.0262622149837133,0.0267575541764167,,,,,0.1383020730503454,-0.2148148148148148,0.1554455445544555,-0.0172413793103448,0.2024096385542166,0.2432432432432432,-0.2326732673267326,0.1269293924466337,0.1458874458874457,0.1046875,-0.1366451454699325,0.0066637608914947,0.0150605642473882,0.0921909681774395,-0.3102136912734432,-0.1798780487804878,Materials,15.0,1.0,8,7.051076098426359,1120.9,1013.0,8.883972909726667,7.847215512882935,8.898037684342155,7.855467155531036
APD,1997Q2,1997,Q2,0,1,0,0,1150.3,486.9,663.4,294.0,266.8,308.8,192.9,170.8,116.0,27.9,143.9,7226.1,2609.9,7214.4,2557.6,0.0242545422933147,0.2319394940450317,0.4232808832478484,0.1676953838129183,0.1008432582804485,28.5,26.7,30.0,28.0,29.0,27.0,27.0,25.8,26.3,,,,0.0247159830023415,0.0238201445267195,0.02853728083175164,0.0280842527582748,0.028537612391075138,0.0285110876451953,0.0275819797732148,0.0262622149837133,0.0267575541764167,,,,0.1537612838515545,0.183673469387755,0.2081885856079404,-0.0035714285714286,0.2356942777110844,0.3149284253578732,0.2028169014084508,0.1168350168350167,0.1701754385964913,0.1902834008097165,-0.1363650476273271,0.0142266472056871,0.0471737980101856,0.1396884639500997,0.0259258010776248,0.142063492063492,Materials,15.0,2.0,9,7.0486470176796185,1153.1,997.0,8.88559312818739,7.867450268463577,8.883972909726667,7.847215512882935
APD,1997Q3,1997,Q3,0,0,1,0,1213.5,484.3,729.2,305.2,278.3,298.8,179.1,156.4,107.4,30.6,138.0,7244.1,2648.1,7226.1,2609.9,0.0252163164400494,0.2293366295838483,0.3990935311083642,0.1475896168108776,0.088504326328801,27.9,28.5,26.7,30.0,28.0,29.0,27.0,27.0,25.8,26.3,,,0.0242545422933147,0.0247159830023415,0.0238201445267195,0.02853728083175164,0.0280842527582748,0.028537943950398638,0.0285110876451953,0.0275819797732148,0.0262622149837133,0.0267575541764167,,,0.1546146527117031,0.1425531914893618,0.1928571428571428,0.02,0.1857142857142857,0.2524475524475524,0.1671641791044775,0.1305426356589147,0.1547717842323652,0.1604562737642585,-0.1165883807169345,0.0001360900108906,0.0331214315145094,0.0847320787988279,-0.0104463088130868,0.1129032258064515,Materials,15.0,3.0,10,7.102087748442227,1150.3,1051.0,8.888080657282027,7.881975238653928,8.88559312818739,7.867450268463577
APD,1997Q4,1997,Q4,0,0,0,1,1234.8,514.1,720.7,301.5,-75.1,330.2,212.6,253.3,160.5,26.3,186.8,7074.5,2595.4,7244.1,2648.1,0.0212989957887917,-0.0608195659216067,0.4163427275672174,0.1721736313573048,0.129980563654033,30.6,27.9,28.5,26.7,30.0,28.0,29.0,27.0,27.0,25.8,26.3,,0.0252163164400494,0.0242545422933147,0.0247159830023415,0.0238201445267195,0.028537612391075138,0.0280842527582748,0.028538275509722134,0.0285110876451953,0.0275819797732148,0.0262622149837133,0.0267575541764167,,0.1016147738424479,0.6066066066066065,0.2006071929005137,-0.0149812734082396,0.1899099099099099,0.255017709563164,0.7091767881241569,0.0404215389057311,-1.3109730848861283,0.1649922720247294,-0.1058410344697891,-1.2822884117661657,0.0898611941384728,0.1392527945006079,0.458410548546603,0.4755134281200632,Materials,15.0,4.0,11,7.119473812626879,1213.5,1120.9,8.864393391392426,7.861881149159314,8.888080657282027,7.881975238653928
APD,1998Q1,1998,Q1,1,0,0,0,1208.6,506.7,701.9,300.6,-67.7,326.7,206.1,175.0,120.5,27.0,147.5,7159.8,2600.7,7074.5,2595.4,0.0223398974019526,-0.0560152242263776,0.4192454079099785,0.170527883501572,0.0997021347013073,26.3,30.6,27.9,28.5,26.7,30.0,28.0,29.0,27.0,27.0,25.8,26.3,0.0212989957887917,0.0252163164400494,0.0242545422933147,0.0247159830023415,0.0238201445267195,0.028537943950398638,0.0280842527582748,0.028538607069045634,0.0285110876451953,0.0275819797732148,0.0262622149837133,0.0267575541764167,0.0481311247940334,0.1367924528301887,0.0854755784061696,-0.0526315789473684,0.0911823647294589,0.1201086956521739,0.1290322580645162,0.0227305842925833,-1.2557612391386477,0.062942008486563,-0.0961355896774868,-1.244016452797265,0.0356295626842249,0.0686722960090366,0.0845899200384665,0.0966542750929368,Materials,15.0,1.0,12,7.098045005425268,1234.8,1153.1,8.87637698555673,7.863920356499154,8.864393391392426,7.861881149159314
APD,1998Q2,1998,Q2,0,1,0,0,1236.3,650.5,585.8,439.0,171.9,317.3,211.3,208.6,138.1,28.7,166.79999999999998,7348.3,2627.1,7159.8,2600.7,0.0232144301544932,0.1390439213783062,0.526166787996441,0.1709132087680983,0.1117042788967079,27.0,26.3,30.6,27.9,28.5,26.7,30.0,28.0,29.0,27.0,27.0,25.8,0.0223398974019526,0.0212989957887917,0.0252163164400494,0.0242545422933147,0.0247159830023415,0.0238201445267195,0.028538275509722134,0.0280842527582748,0.02853893862836913,0.0285110876451953,0.0275819797732148,0.0262622149837133,0.0747631052768842,0.1905172413793103,0.3360032860957076,0.028673835125448,0.0275259067357513,0.0953862104717471,0.2213114754098359,-0.1169731685257763,-0.3556971514242878,0.4931972789115646,-0.0428831897235275,-0.4005164064412831,0.2430676858334484,0.0191885124206507,0.1077020001283026,0.1591382904794995,Materials,15.0,2.0,13,7.12068686521993,1208.6,1150.3,8.90236034957621,7.874016430630932,8.87637698555673,7.863920356499154
APD,1998Q3,1998,Q3,0,0,1,0,1250.3,525.1,725.2,310.1,-59.3,345.4,215.0,186.8,127.7,30.0,157.7,7489.6,2667.3,7348.3,2627.1,0.0239942413820683,-0.0474286171318883,0.4199792049908022,0.1719587299048228,0.102135487483004,28.7,27.0,26.3,30.6,27.9,28.5,26.7,30.0,28.0,29.0,27.0,27.0,0.0232144301544932,0.0223398974019526,0.0212989957887917,0.0252163164400494,0.0242545422933147,0.0247159830023415,0.0238201445267195,0.028538607069045634,0.0280842527582748,0.028539270187692627,0.0285110876451953,0.0275819797732148,0.0303255047383601,0.1890130353817505,0.0842453024984513,-0.0196078431372549,0.1559571619812583,0.2004466778336124,0.1943734015345268,-0.0054854635216675,-1.213079410707869,0.0160550458715598,-0.0484636628385658,-1.2068078580292725,0.052332779798345,0.1651140074790762,0.1540168906948364,0.1427536231884056,Materials,15.0,3.0,14,7.131938289871009,1236.3,1213.5,8.921404180111965,7.8891968444922975,8.90236034957621,7.874016430630932
APD,1998Q4,1998,Q4,0,0,0,1,1274.6,399.0,875.6,210.0,183.2,316.8,189.0,183.4,126.4,31.7,158.1,7718.9,2772.5,7489.6,2667.3,0.0248705476227836,0.1437313667032794,0.3130393849050683,0.1482818139024007,0.0991683665463675,30.0,28.7,27.0,26.3,30.6,27.9,28.5,26.7,30.0,28.0,29.0,27.0,0.0239942413820683,0.0232144301544932,0.0223398974019526,0.0212989957887917,0.0252163164400494,0.0242545422933147,0.0247159830023415,0.0238201445267195,0.02853893862836913,0.0280842527582748,0.028539601747016127,0.0285110876451953,0.0322319403952056,-0.2124610591900311,-0.2238864034234585,0.2053231939163498,-0.0405814657783161,-0.1110065851364063,-0.2759573628108962,0.2149299292354654,-3.4394141145139816,-0.3034825870646765,0.1676863956126695,-3.363242231760446,-0.2481209249547203,-0.1387658334586806,-0.2370523426077595,-0.1536402569593148,Materials,15.0,4.0,15,7.151171935135903,1250.3,1234.8,8.95155668956705,7.927865339495289,8.921404180111965,7.8891968444922975
APD,1999Q1,1999,Q1,1,0,0,0,1253.3,375.8,877.5,331.1,168.3,311.7,178.2,152.0,106.9,29.3,136.20000000000002,7793.6,2776.0,7718.9,2772.5,0.0233782813372696,0.1342854863161254,0.2998484002234102,0.1421846325700151,0.0852948216707891,31.7,30.0,28.7,27.0,26.3,30.6,27.9,28.5,26.7,30.0,28.0,29.0,0.0248705476227836,0.0239942413820683,0.0232144301544932,0.0223398974019526,0.0212989957887917,0.0252163164400494,0.0242545422933147,0.0247159830023415,0.0238201445267195,0.028539270187692627,0.0280842527582748,0.028539933306339624,0.0369849412543439,-0.112863070539419,-0.2583382672192619,0.0851851851851852,-0.0459136822773186,-0.1353711790393013,-0.1314285714285714,0.2501780880467303,-3.485967503692762,0.1014637391882899,0.0464811416379276,-3.397303379049766,-0.2847902575290831,-0.1662088941090718,-0.1445035562546411,-0.0766101694915253,Materials,15.0,1.0,16,7.134332927030629,1274.6,1208.6,8.961186465229742,7.9291264873067995,8.95155668956705,7.927865339495289
APD,1999Q2,1999,Q2,0,1,0,0,1237.8,366.7,871.1,327.5,172.6,290.3,164.8,139.0,94.6,29.4,124.0,8012.1,2832.3,7793.6,2776.0,0.0237518177411536,0.13944094360963,0.2962514137986751,0.1331394409436096,0.0764259169494264,29.3,31.7,30.0,28.7,27.0,26.3,30.6,27.9,28.5,26.7,30.0,28.0,0.0233782813372696,0.0248705476227836,0.0239942413820683,0.0232144301544932,0.0223398974019526,0.0212989957887917,0.0252163164400494,0.0242545422933147,0.0247159830023415,0.0238201445267195,0.028539601747016127,0.0280842527582748,0.0012132977432661,-0.3149891383055757,-0.4362797847809377,0.024390243902439,-0.0850929719508352,-0.2200662565073355,-0.333652924256951,0.4870262888357803,0.0040721349621872,-0.2539863325740319,0.0231488596999398,0.0028553728015447,-0.4369629164038401,-0.2210114016157852,-0.3158192532615796,-0.2565947242206234,Materials,15.0,2.0,17,7.1218984480990475,1253.3,1236.3,8.988832981420654,7.949197389035211,8.961186465229742,7.9291264873067995
APD,1999Q3,1999,Q3,0,0,1,0,1254.4,377.1,877.3,191.8,166.5,325.7,185.3,179.5,122.6,32.7,155.3,8235.5,2961.6,8012.1,2832.3,0.0260682397959183,0.1327327806122449,0.3006218112244898,0.147720025510204,0.097735969387755,29.4,29.3,31.7,30.0,28.7,27.0,26.3,30.6,27.9,28.5,26.7,30.0,0.0237518177411536,0.0233782813372696,0.0248705476227836,0.0239942413820683,0.0232144301544932,0.0223398974019526,0.0212989957887917,0.0252163164400494,0.0242545422933147,0.0247159830023415,0.0238201445267195,0.028539933306339624,0.0032792129888827,-0.0399373531714957,-0.2818510759855265,0.09,-0.0570353213665315,-0.1381395348837208,-0.0390792291220557,0.2097352454495309,-3.807757166947724,-0.3814898419864559,0.0864373405612246,-3.7985800269728474,-0.2841983420796429,-0.1409565214167063,-0.043075313034376,-0.0152187698161063,Materials,15.0,3.0,18,7.135209525883432,1237.8,1250.3,9.016330775387036,7.993822540147952,8.988832981420654,7.949197389035211
APD,1999Q4,1999,Q4,0,0,0,1,1264.4,387.3,877.1,191.1,167.8,327.9,196.2,62.0,50.6,30.1,80.7,8514.9,2929.3,8235.5,2961.6,0.0238057576716229,0.1327111673521037,0.3063112938943372,0.1551724137931034,0.0400189813350205,32.7,29.4,29.3,31.7,30.0,28.7,27.0,26.3,30.6,27.9,28.5,26.7,0.0260682397959183,0.0237518177411536,0.0233782813372696,0.0248705476227836,0.0239942413820683,0.0232144301544932,0.0223398974019526,0.0212989957887917,0.0252163164400494,0.0242545422933147,0.0247159830023415,0.0238201445267195,-0.0080025105915579,-0.5996835443037976,-0.0293233082706766,-0.0504731861198737,0.0350378787878786,0.0380952380952379,-0.6619411123227917,0.0017131110095933,-0.0840611353711788,-0.09,-0.0428132893296355,-0.0766721948308327,-0.0214927939906712,0.0464696223316909,-0.5964541644808765,-0.4895635673624288,Materials,15.0,4.0,19,7.143143556712784,1254.4,1274.6,9.049690283342265,7.982860085848207,9.016330775387036,7.993822540147952
APD,2000Q1,2000,Q1,1,0,0,0,1347.2,421.6,925.6,202.7,179.9,363.5,218.9,58.7,47.6,29.9,77.5,8570.3,2923.3,8514.9,2929.3,0.0221941805225653,0.1335362232779097,0.3129453681710213,0.1624851543942992,0.0353325415676959,30.1,32.7,29.4,29.3,31.7,30.0,28.7,27.0,26.3,30.6,27.9,28.5,0.0238057576716229,0.0260682397959183,0.0237518177411536,0.0233782813372696,0.0248705476227836,0.0239942413820683,0.0232144301544932,0.0223398974019526,0.0212989957887917,0.0252163164400494,0.0242545422933147,0.0247159830023415,0.0749222053778027,-0.5547240411599625,0.1218733368813198,0.0204778156996585,0.166185434712865,0.2283950617283952,-0.6138157894736842,0.0548148148148148,0.0689245395127746,-0.3877982482633646,-0.0506496092514978,-0.0055796278419236,0.0436786320615782,0.142775780035776,-0.5857598283742438,-0.4309838472834068,Materials,15.0,1.0,20,7.206525648419339,1264.4,1253.3,9.056174692036423,7.98081041478594,9.049690283342265,7.982860085848207
APD,2000Q2,2000,Q2,0,1,0,0,1406.4,412.7,993.7,226.3,189.5,336.8,186.4,-328.6,-192.5,32.3,-160.2,8566.8,2643.7,8570.3,2923.3,0.0229664391353811,0.1347411831626848,0.2934442548350398,0.1325369738339021,-0.1368742889647326,29.9,30.1,32.7,29.4,29.3,31.7,30.0,28.7,27.0,26.3,30.6,27.9,0.0221941805225653,0.0238057576716229,0.0260682397959183,0.0237518177411536,0.0233782813372696,0.0248705476227836,0.0239942413820683,0.0232144301544932,0.0223398974019526,0.0212989957887917,0.0252163164400494,0.0242545422933147,0.1362094037809016,-3.0348837209302326,0.1254431415325878,0.0986394557823129,0.1601791250430588,0.1310679611650484,-3.3640287769784174,0.1407415910917231,0.0979142526071843,-0.3090076335877862,-0.0330660421165055,-0.0337043075389843,-0.0094755968507984,-0.004525083667451,-2.7909407492658147,-2.291935483870968,Materials,15.0,2.0,21,7.249499309532449,1347.2,1237.8,9.055766269184739,7.880312916309594,9.056174692036423,7.98081041478594
APD,2000Q3,2000,Q3,0,0,1,0,1449.1,419.9,1029.2,190.6,177.5,378.3,229.3,326.0,218.5,32.1,250.6,8270.5,2821.3,8566.8,2643.7,0.0221516803533227,0.1224898212683734,0.2897660616934649,0.1582361465737354,0.1507832447726175,32.3,29.9,30.1,32.7,29.4,29.3,31.7,30.0,28.7,27.0,26.3,30.6,0.0229664391353811,0.0221941805225653,0.0238057576716229,0.0260682397959183,0.0237518177411536,0.0233782813372696,0.0248705476227836,0.0239942413820683,0.0232144301544932,0.0223398974019526,0.0212989957887917,0.0252163164400494,0.1552136479591834,0.7822185970636215,0.1134977459559796,-0.018348623853211,0.1614983113294443,0.2374527792768483,0.8161559888579386,0.1731448763250884,0.0660660660660661,-0.0062565172054224,-0.1502425738468483,-0.0771697789846984,-0.0361109843853555,0.0711895426988329,0.5427610297126544,0.6136509980682547,Materials,15.0,3.0,22,7.2793877985538495,1406.4,1254.4,9.02057115004707,7.945307434345783,9.055766269184739,7.880312916309594
APD,2000Q4,2000,Q4,0,0,0,1,1441.3,416.2,1025.1,188.7,173.5,375.9,227.5,200.0,135.6,28.5,164.1,8301.3,2908.9,8270.5,2821.3,0.0197738153056268,0.1203774370360091,0.2887670852702421,0.1578436134045653,0.0940817317699299,32.1,32.3,29.9,30.1,32.7,29.4,29.3,31.7,30.0,28.7,27.0,26.3,0.0221516803533227,0.0229664391353811,0.0221941805225653,0.0238057576716229,0.0260682397959183,0.0237518177411536,0.0233782813372696,0.0248705476227836,0.0239942413820683,0.0232144301544932,0.0223398974019526,0.0212989957887917,0.1399082568807337,1.6798418972332012,0.0746191582752386,-0.053156146179402,0.1463860933211345,0.1595310907237512,2.225806451612903,0.1687378862159387,0.033969010727056,-0.0125588697017269,-0.1693683696865578,-0.0929366425010131,-0.0572757484748406,0.0172143974960876,1.3509277005908973,1.033457249070632,Materials,15.0,4.0,23,7.273994340589464,1449.1,1264.4,9.024287863830974,7.975873995313905,9.02057115004707,7.945307434345783
APD,2001Q1,2001,Q1,1,0,0,0,1498.3,393.5,1104.8,229.3,189.5,307.5,164.2,130.8,94.6,30.8,125.4,8284.5,2889.8,8301.3,2908.9,0.0205566308482947,0.1264766735633718,0.2626309817793499,0.1095908696522725,0.0631382233197623,28.5,32.1,32.3,29.9,30.1,32.7,29.4,29.3,31.7,30.0,28.7,27.0,0.0197738153056268,0.0221516803533227,0.0229664391353811,0.0221941805225653,0.0238057576716229,0.0260682397959183,0.0237518177411536,0.0233782813372696,0.0248705476227836,0.0239942413820683,0.0232144301544932,0.0223398974019526,0.1121585510688836,0.9873949579831932,-0.066650853889943,0.0301003344481605,-0.1540577716643741,-0.2498857925993605,1.2282793867120954,0.1936041486603283,0.0533629794330183,0.1312284163788852,-0.0737828401731548,-0.052866177739997,-0.1607769007278456,-0.3255330306279506,0.786970891940838,0.6180645161290321,Materials,15.0,1.0,24,7.312753611500858,1441.3,1347.2,9.02226227806985,7.969288559408826,9.024287863830974,7.975873995313905
APD,2001Q2,2001,Q2,0,1,0,0,1415.9,411.6,1004.3,196.2,173.3,357.3,215.4,188.5,132.3,31.0,163.3,8218.8,3018.9,8284.5,2889.8,0.0218942015679073,0.122395649410269,0.2906984956564729,0.1521293876686206,0.0934388021752948,30.8,28.5,32.1,32.3,29.9,30.1,32.7,29.4,29.3,31.7,30.0,28.7,0.0205566308482947,0.0197738153056268,0.0221516803533227,0.0229664391353811,0.0221941805225653,0.0238057576716229,0.0260682397959183,0.0237518177411536,0.0233782813372696,0.0248705476227836,0.0239942413820683,0.0232144301544932,0.0067548350398178,-1.6872727272727277,-0.0026653743639446,-0.0402476780185757,0.0608669833729216,0.155579399141631,-1.5736457699330493,0.010667203381302,-0.0854881266490764,-0.1330092797171896,-0.0466871490679602,-0.0916240563028892,-0.0093570043826906,0.1478260236971467,-1.6826614617108295,-2.0193508114856438,Materials,15.0,2.0,25,7.256226665570181,1498.3,1406.4,9.014301156853982,8.0129789972379,9.02226227806985,7.969288559408826
APD,2001Q3,2001,Q3,0,0,1,0,1361.7,393.2,968.5,254.9,215.8,277.7,138.3,217.7,197.7,32.2,229.9,8084.1,3105.8,8218.8,3018.9,0.0236469119482999,0.1584783726224572,0.2887567011823456,0.1015642211940956,0.1451861643533818,31.0,30.8,28.5,32.1,32.3,29.9,30.1,32.7,29.4,29.3,31.7,30.0,0.0218942015679073,0.0205566308482947,0.0197738153056268,0.0221516803533227,0.0229664391353811,0.0221941805225653,0.0238057576716229,0.0260682397959183,0.0237518177411536,0.0233782813372696,0.0248705476227836,0.0239942413820683,-0.0603132979090469,-0.0951945080091534,-0.0635865682305311,0.0031152647975078,-0.2659265133491938,-0.3968600087221979,-0.3322085889570553,-0.0589778468713564,0.2157746478873239,0.3373557187827913,0.0674996917221624,0.2938085057307198,-0.0034833634595451,-0.3581477848566771,-0.0371200422678007,-0.0826017557861134,Materials,15.0,3.0,26,7.217223304755775,1415.9,1449.1,8.997778140518514,8.041348536545492,9.014301156853982,8.0129789972379
APD,2001Q4,2001,Q4,0,0,0,1,1316.5,379.4,937.1,195.2,169.3,323.5,184.2,167.5,113.7,30.4,144.1,8038.9,3170.6,8084.1,3105.8,0.0230915305734903,0.1285985567793391,0.288188378275731,0.1399164451196353,0.0863653627041397,32.2,31.0,30.8,28.5,32.1,32.3,29.9,30.1,32.7,29.4,29.3,31.7,0.0236469119482999,0.0218942015679073,0.0205566308482947,0.0197738153056268,0.0221516803533227,0.0229664391353811,0.0221941805225653,0.0238057576716229,0.0260682397959183,0.0237518177411536,0.0233782813372696,0.0248705476227836,-0.0865884964962186,-0.161504424778761,-0.0884190293128304,0.0666666666666666,-0.1393987762702846,-0.1903296703296704,-0.1624999999999999,-0.0858452833869864,-0.024207492795389,0.0344462109167991,0.1677832637042662,0.0682945238389716,-0.0020040614877193,-0.113575506149756,-0.0820177192811457,-0.1218769043266301,Materials,15.0,4.0,27,7.1834912804155175,1361.7,1441.3,8.992171924284717,8.061991471398244,8.997778140518514,8.041348536545492
APD,2002Q1,2002,Q1,1,0,0,0,1312.7,370.4,942.3,215.6,189.1,291.2,154.8,199.8,126.1,28.1,154.2,7870.8,3296.7,8038.9,3170.6,0.0214062619029481,0.1440542393540032,0.2821665270054087,0.1179248876361697,0.0960615525253294,30.4,32.2,31.0,30.8,28.5,32.1,32.3,29.9,30.1,32.7,29.4,29.3,0.0230915305734903,0.0236469119482999,0.0218942015679073,0.0205566308482947,0.0197738153056268,0.0221516803533227,0.0229664391353811,0.0221941805225653,0.0238057576716229,0.0260682397959183,0.0237518177411536,0.0233782813372696,-0.1238737235533604,0.3329809725158563,-0.0587039390088945,-0.0876623376623376,-0.0530081300813009,-0.0572472594397075,0.5275229357798166,-0.1470854453294714,-0.0021108179419525,-0.0597470562581771,0.0413312405580248,0.1389787167498837,0.07438400867142,0.0760466452209081,0.5214484582315133,0.229665071770335,Materials,15.0,1.0,28,7.180602862475462,1316.5,1498.3,8.971042031905274,8.100980534761309,8.992171924284717,8.061991471398244
APD,2002Q2,2002,Q2,0,1,0,0,1374.0,397.3,976.7,182.2,172.9,363.3,215.1,205.3,141.3,31.9,173.20000000000002,8236.5,3523.7,7870.8,3296.7,0.023216885007278,0.1258369723435225,0.2891557496360989,0.1565502183406113,0.1028384279475982,28.1,30.4,32.2,31.0,30.8,28.5,32.1,32.3,29.9,30.1,32.7,29.4,0.0214062619029481,0.0230915305734903,0.0236469119482999,0.0218942015679073,0.0205566308482947,0.0197738153056268,0.0221516803533227,0.0229664391353811,0.0221941805225653,0.0238057576716229,0.0260682397959183,0.0237518177411536,-0.0295924853450103,0.0680272108843538,-0.0347424684159378,0.0290322580645161,0.0167926112510494,-0.0013927576601672,0.0891246684350133,-0.0274818281390022,-0.0023081361800346,-0.0713557594291539,0.0604124994130628,0.0281163828112729,-0.0053070313174137,0.0290596757124959,0.1005965996296627,0.0606246172688305,Materials,15.0,2.0,29,7.226209010100671,1312.7,1415.9,9.016452178810763,8.167550605241637,8.971042031905274,8.100980534761309
APD,2002Q3,2002,Q3,0,0,1,0,1398.0,426.4,971.6,205.6,183.8,377.9,220.8,211.9,144.3,30.2,174.5,8495.0,3460.4,8236.5,3523.7,0.0216022889842632,0.1314735336194563,0.3050071530758226,0.1579399141630901,0.1032188841201716,31.9,28.1,30.4,32.2,31.0,30.8,28.5,32.1,32.3,29.9,30.1,32.7,0.023216885007278,0.0214062619029481,0.0230915305734903,0.0236469119482999,0.0218942015679073,0.0205566308482947,0.0197738153056268,0.0221516803533227,0.0229664391353811,0.0221941805225653,0.0238057576716229,0.0260682397959183,0.026657854152897,-0.2701062215477996,0.084435401831129,-0.0621118012422361,0.3608210298883687,0.5965292841648591,-0.0266421681212677,0.0032008260196179,-0.1482854494902687,-0.1934091800706159,-0.0864646922400235,-0.1704007843854784,0.056277315217059,0.5550743392326813,-0.2890583990569663,-0.2409743366681165,Materials,15.0,3.0,30,7.243512974665482,1374.0,1361.7,9.04735074348172,8.149428410490899,9.016452178810763,8.167550605241637
APD,2002Q4,2002,Q4,0,0,0,1,1447.0,414.0,1033.0,217.5,190.8,350.0,194.0,190.6,125.8,30.0,155.8,8675.9,3601.9,8495.0,3460.4,0.0207325501036627,0.1318590186592951,0.286109191430546,0.1340704906703524,0.0869384934346924,30.2,31.9,28.1,30.4,32.2,31.0,30.8,28.5,32.1,32.3,29.9,30.1,0.0216022889842632,0.023216885007278,0.0214062619029481,0.0230915305734903,0.0236469119482999,0.0218942015679073,0.0205566308482947,0.0197738153056268,0.0221516803533227,0.0229664391353811,0.0221941805225653,0.0238057576716229,0.0991264717052791,0.1064204045734389,0.0911966262519767,-0.013157894736842,0.0819165378670787,0.0532030401737242,0.1379104477611941,0.1023369971187706,0.1269935026580035,0.1142418032786884,-0.1021578219910521,0.0253537983754399,-0.0072146797092413,-0.0417817537051085,0.0066361179135676,0.0811936155447607,Materials,15.0,4.0,31,7.277938572945661,1398.0,1316.5,9.068419601006553,8.189494355714022,9.04735074348172,8.149428410490899
APD,2003Q1,2003,Q1,1,0,0,0,1578.1,401.8,1176.3,222.8,203.9,332.7,176.3,162.9,113.6,31.1,144.7,8840.8,3684.9,8675.9,3601.9,0.019707242887016,0.1292060072238768,0.2546099740193904,0.111716621253406,0.0719852987770103,30.0,30.2,31.9,28.1,30.4,32.2,31.0,30.8,28.5,32.1,32.3,29.9,0.0207325501036627,0.0216022889842632,0.023216885007278,0.0214062619029481,0.0230915305734903,0.0236469119482999,0.0218942015679073,0.0205566308482947,0.0197738153056268,0.0221516803533227,0.0229664391353811,0.0221941805225653,0.2021787156242858,-0.099127676447264,0.0847732181425486,0.106761565836299,0.1425137362637363,0.1388888888888888,-0.1846846846846846,0.2483285577841452,0.0782654680063459,0.0333951762523192,-0.0793701872674039,-0.103073899086287,-0.0976606023346278,-0.0526459385055164,-0.2506336105901549,-0.0616083009079118,Materials,15.0,1.0,32,7.364610343472598,1447.0,1312.7,9.087245754813472,8.212270008181882,9.068419601006553,8.189494355714022
APD,2003Q2,2003,Q2,0,1,0,0,1629.9,404.5,1225.4,364.5,243.4,204.7,40.0,27.5,26.6,32.1,58.7,8948.9,3771.2,8840.8,3684.9,0.0196944597828087,0.1493343149886496,0.2481747346462973,0.0245413829069268,0.0163200196331063,31.1,30.0,30.2,31.9,28.1,30.4,32.2,31.0,30.8,28.5,32.1,32.3,0.019707242887016,0.0207325501036627,0.0216022889842632,0.023216885007278,0.0214062619029481,0.0230915305734903,0.0236469119482999,0.0218942015679073,0.0205566308482947,0.0197738153056268,0.0221516803533227,0.0229664391353811,0.1862445414847162,-0.8117480537862704,0.0181223256984646,0.006269592476489,-0.4365538122763557,-0.8140399814039981,-0.8660496833901608,0.2546329476809665,0.4077501445922498,1.0005488474204172,-0.1517182526150708,0.1867284487819811,-0.1417264399596967,-0.8432363546531035,-0.841304267686567,-0.6610854503464203,Materials,15.0,2.0,33,7.396887288662872,1578.1,1374.0,9.099397638022124,8.23541366461707,9.087245754813472,8.212270008181882
APD,2003Q3,2003,Q3,0,0,1,0,1642.3,463.9,1178.4,274.9,194.5,352.1,189.0,184.4,131.3,27.9,159.20000000000002,9431.9,3782.5,8948.9,3771.2,0.0169883699689459,0.1184314680630822,0.2824697071180661,0.115082506241247,0.0799488522194483,32.1,31.1,30.0,30.2,31.9,28.1,30.4,32.2,31.0,30.8,28.5,32.1,0.0196944597828087,0.019707242887016,0.0207325501036627,0.0216022889842632,0.023216885007278,0.0214062619029481,0.0230915305734903,0.0236469119482999,0.0218942015679073,0.0205566308482947,0.0197738153056268,0.0221516803533227,0.1747496423462089,-0.09009009009009,0.0879455909943713,-0.076158940397351,-0.0682720296374701,-0.1440217391304348,-0.1297781972628598,0.2128447920955125,0.0582154515778019,0.3370622568093384,-0.2135847279275996,-0.0991991710979924,-0.0738915324787606,-0.2713526099399305,-0.225443552302226,-0.0876790830945557,Materials,15.0,3.0,34,7.404461694187244,1629.9,1398.0,9.151958857512351,8.238404786134577,9.099397638022124,8.23541366461707
APD,2003Q4,2003,Q4,0,0,0,1,1684.9,454.7,1230.2,255.9,218.2,373.2,198.8,187.5,131.8,30.0,161.8,9786.6,3982.5,9431.9,3782.5,0.0178052109917502,0.1295032346133301,0.269867647931628,0.1179891981719983,0.0782242269570894,27.9,32.1,31.1,30.0,30.2,31.9,28.1,30.4,32.2,31.0,30.8,28.5,0.0169883699689459,0.0196944597828087,0.019707242887016,0.0207325501036627,0.0216022889842632,0.023216885007278,0.0214062619029481,0.0230915305734903,0.0236469119482999,0.0218942015679073,0.0205566308482947,0.0197738153056268,0.1644091223220456,0.0476947535771066,0.0983091787439613,0.0,0.0662857142857142,0.0247422680412372,-0.0162644281217207,0.1909002904162633,0.1436058700209641,0.176551724137931,-0.1411953231645796,-0.0178659303695559,-0.0567669406834162,-0.1199465476552494,-0.1002348457320475,0.0385109114249038,Materials,15.0,4.0,35,7.430054824821756,1642.3,1447.0,9.18887155736053,8.289916108820421,9.151958857512351,8.238404786134577
APD,2004Q1,2004,Q1,1,0,0,0,1856.5,486.9,1369.6,276.8,237.2,386.7,210.1,199.8,141.2,32.0,173.2,9962.5,4141.0,9786.6,3982.5,0.0172367357931591,0.1277673040667923,0.2622677080527875,0.1131699434419606,0.0760570966873148,30.0,27.9,32.1,31.1,30.0,30.2,31.9,28.1,30.4,32.2,31.0,30.8,0.0178052109917502,0.0169883699689459,0.0196944597828087,0.019707242887016,0.0207325501036627,0.0216022889842632,0.023216885007278,0.0214062619029481,0.0230915305734903,0.0236469119482999,0.0218942015679073,0.0205566308482947,0.1764146758760536,0.2429577464788732,0.2117969138875062,0.0289389067524115,0.1623083859332732,0.19171866137266,0.2265193370165745,0.1643288276800136,0.1633153506620892,0.2423698384201076,-0.1253603615696307,-0.0111349556262628,0.030076331702598,0.0130090059316967,0.0565642982592564,0.1969592259847961,Materials,15.0,1.0,36,7.526986776591914,1684.9,1578.1,9.20668369447264,8.328934041955529,9.18887155736053,8.289916108820421
APD,2004Q2,2004,Q2,0,1,0,0,1892.5,504.2,1388.3,270.5,230.5,406.7,233.7,228.4,163.0,31.1,194.1,9930.0,4245.6,9962.5,4141.0,0.0164332892998679,0.1217965653896961,0.2664200792602377,0.1234874504623513,0.0861294583883751,32.0,30.0,27.9,32.1,31.1,30.0,30.2,31.9,28.1,30.4,32.2,31.0,0.0172367357931591,0.0178052109917502,0.0169883699689459,0.0196944597828087,0.019707242887016,0.0207325501036627,0.0216022889842632,0.023216885007278,0.0214062619029481,0.0230915305734903,0.0236469119482999,0.0218942015679073,0.1611141787839745,5.12781954887218,0.2464771322620518,-0.0311526479750778,0.9868099658036152,4.842499999999999,7.305454545454546,0.1329361841031497,-0.052999178307313,-0.2578875171467764,-0.165588217138483,-0.1844033610161635,0.073518138902995,4.031804887714663,4.277533993504236,2.306643952299829,Materials,15.0,2.0,37,7.546182247341849,1856.5,1629.9,9.203416456903359,8.353873941747693,9.20668369447264,8.328934041955529
APD,2004Q3,2004,Q3,0,0,1,0,1977.5,502.0,1475.5,265.0,230.7,436.4,237.0,235.7,168.1,33.6,201.7,10040.4,4444.0,9930.0,4245.6,0.0169911504424778,0.1166624525916561,0.2538558786346397,0.1198482932996207,0.0850063211125158,31.1,32.0,30.0,27.9,32.1,31.1,30.0,30.2,31.9,28.1,30.4,32.2,0.0164332892998679,0.0172367357931591,0.0178052109917502,0.0169883699689459,0.0196944597828087,0.019707242887016,0.0207325501036627,0.0216022889842632,0.023216885007278,0.0214062619029481,0.0230915305734903,0.0236469119482999,0.2041040004871217,0.2802741812642801,0.0821297693468421,0.2043010752688172,0.2394206191422889,0.2539682539682539,0.2781995661605205,0.2521215207060421,0.1861182519280204,-0.036013095671153,0.0001636692358932,-0.0149370391193991,-0.1012987508478793,0.0414119157987677,0.0632588055071186,0.2669597989949746,Materials,15.0,3.0,38,7.590094260825479,1892.5,1642.3,9.214471825755632,8.399535147948004,9.203416456903359,8.353873941747693
APD,2004Q4,2004,Q4,0,0,0,1,1991.0,515.5,1475.5,277.2,238.2,417.7,238.3,236.0,166.8,33.1,199.9,10653.4,4740.8,10040.4,4444.0,0.0166248116524359,0.1196383726770467,0.2589151180311401,0.1196885986941235,0.0837769964841788,33.6,31.1,32.0,30.0,27.9,32.1,31.1,30.0,30.2,31.9,28.1,30.4,0.0169911504424778,0.0164332892998679,0.0172367357931591,0.0178052109917502,0.0169883699689459,0.0196944597828087,0.019707242887016,0.0207325501036627,0.0216022889842632,0.023216885007278,0.0214062619029481,0.0230915305734903,0.1816725028191583,0.2655538694992412,0.1337145370574004,0.1033333333333332,0.1192390139335477,0.1986921529175049,0.2586666666666666,0.1993984717932042,0.0916590284142988,0.0832356389214536,-0.0662951615603547,-0.0761746373805866,-0.0405848199457488,0.0144030178054768,0.0709852911699004,0.2354758961681087,Materials,15.0,4.0,39,7.596894438144544,1977.5,1684.9,9.273728231356358,8.464172089438984,9.214471825755632,8.399535147948004
APD,2005Q1,2005,Q1,1,0,0,0,2003.3,534.4,1468.9,282.2,242.6,429.3,252.2,247.6,175.3,33.1,208.4,10707.3,4910.1,10653.4,4740.8,0.0165227374831527,0.1211001846952528,0.2667598462536814,0.1258922777417261,0.0875056157340388,33.1,33.6,31.1,32.0,30.0,27.9,32.1,31.1,30.0,30.2,31.9,28.1,0.0166248116524359,0.0169911504424778,0.0164332892998679,0.0172367357931591,0.0178052109917502,0.0169883699689459,0.0196944597828087,0.019707242887016,0.0207325501036627,0.0216022889842632,0.023216885007278,0.0214062619029481,0.0790735254511176,0.241501416430595,0.0975559663175189,0.034375,0.1101629169899147,0.2003807710613994,0.239239239239239,0.0725029205607477,0.0227655986509274,0.0195086705202311,-0.0414230582039634,-0.0521817331925089,0.017128064427931,0.1124179611019258,0.1505253230187189,0.2032332563510392,Materials,15.0,1.0,40,7.6030501515995415,1991.0,1856.5,9.2787744206841,8.499253228283571,9.273728231356358,8.464172089438984
APD,2005Q2,2005,Q2,0,1,0,0,2078.4,546.7,1531.7,283.9,246.5,438.1,262.8,263.2,190.6,33.3,223.9,10309.8,4614.9,10707.3,4910.1,0.0160219399538106,0.1186008468052347,0.2630388760585065,0.1264434180138568,0.0917051578137028,33.1,33.1,33.6,31.1,32.0,30.0,27.9,32.1,31.1,30.0,30.2,31.9,0.0165227374831527,0.0166248116524359,0.0169911504424778,0.0164332892998679,0.0172367357931591,0.0178052109917502,0.0169883699689459,0.0196944597828087,0.019707242887016,0.0207325501036627,0.0216022889842632,0.023216885007278,0.0982298546895641,0.169325153374233,0.0842919476398256,0.0707395498392282,0.0772067863289895,0.1245186136071887,0.1523642732049035,0.1032917957213859,0.06941431670282,0.0495378927911274,-0.0250314674409453,-0.0262381666858705,-0.01269124763839,0.0239373923458452,0.0647362648002001,0.153529108706852,Materials,15.0,2.0,41,7.63983466954387,2003.3,1892.5,9.240947168569082,8.43726214417511,9.2787744206841,8.499253228283571
APD,2005Q3,2005,Q3,0,0,1,0,2070.8,535.6,1535.2,286.4,242.5,445.7,249.2,244.1,179.0,33.2,212.2,10408.8,4545.5,10309.8,4614.9,0.0160324512265791,0.1171045006760672,0.2586440023179447,0.1203399652308286,0.0864400231794475,33.3,33.1,33.1,33.6,31.1,32.0,30.0,27.9,32.1,31.1,30.0,30.2,0.0160219399538106,0.0165227374831527,0.0166248116524359,0.0169911504424778,0.0164332892998679,0.0172367357931591,0.0178052109917502,0.0169883699689459,0.0196944597828087,0.019707242887016,0.0207325501036627,0.0216022889842632,0.0471807838179521,0.0648423557406305,0.0669322709163346,-0.0119047619047618,0.0213107241063243,0.051476793248945,0.0356385235468816,0.0404608607251779,0.0511486779367142,0.080754716981132,-0.0564234434357093,0.0037891204461331,0.0188615828361269,0.0041024525061756,0.0168658288956427,0.0520575111551808,Materials,15.0,3.0,42,7.636173073624001,2078.4,1977.5,9.250502949128586,8.422112985165967,9.240947168569082,8.43726214417511
APD,2005Q4,2005,Q4,0,0,0,1,2098.6,527.3,1571.3,37.8,250.9,436.0,253.5,255.0,180.7,37.8,218.5,10624.9,4708.8,10408.8,4545.5,0.0180120080053368,0.1195558944057943,0.2512627465929667,0.1207948155913466,0.0861050223958829,33.2,33.3,33.1,33.1,33.6,31.1,32.0,30.0,27.9,32.1,31.1,30.0,0.0160324512265791,0.0160219399538106,0.0165227374831527,0.0166248116524359,0.0169911504424778,0.0164332892998679,0.0172367357931591,0.0178052109917502,0.0169883699689459,0.0196944597828087,0.019707242887016,0.0207325501036627,0.0540431943746859,0.0833333333333332,0.0228903976721628,0.1419939577039273,0.0438113478573138,0.0637851447754931,0.0805084745762712,0.0649271433412401,0.0533165407220823,-0.8636363636363636,0.0834413274509289,-0.0006893964654216,-0.0295555218882702,0.0092424584237142,0.0277883668477396,0.0930465232616308,Materials,15.0,4.0,43,7.649502129378145,2070.8,1991.0,9.27104969608763,8.45740072326388,9.250502949128586,8.422112985165967
APD,2006Q1,2006,Q1,1,0,0,0,2317.2,573.6,1743.6,279.0,271.8,467.7,282.6,283.4,204.0,37.7,241.7,11032.5,4967.7,10624.9,4708.8,0.0162696357673053,0.11729673744174,0.2475401346452615,0.1219575349559813,0.0880372863801139,37.8,33.2,33.3,33.1,33.1,33.6,31.1,32.0,30.0,27.9,32.1,31.1,0.0180120080053368,0.0160324512265791,0.0160219399538106,0.0165227374831527,0.0166248116524359,0.0169911504424778,0.0164332892998679,0.0172367357931591,0.0178052109917502,0.0169883699689459,0.0196944597828087,0.019707242887016,0.1566914590924972,0.1637193382772388,0.0733532934131737,0.1389728096676736,0.0894479385045421,0.1205392545598733,0.1445880452342487,0.1870106882701339,0.1203627370156636,-0.0113394755492558,-0.0153183887419079,-0.0314074438704128,-0.0720487430111294,-0.0312548383135706,0.0060758460084553,0.1597888675623799,Materials,15.0,1.0,44,7.7485463014546445,2098.6,2003.3,9.308691378323136,8.51091351545893,9.27104969608763,8.45740072326388
APD,2006Q2,2006,Q2,0,1,0,0,2319.6,610.1,1709.5,39.1,280.0,487.0,291.9,288.4,210.3,39.1,249.4,11290.8,5046.6,11032.5,4967.7,0.0168563545438868,0.120710467321952,0.2630194861182963,0.125840662183135,0.0906621831350232,37.7,37.8,33.2,33.3,33.1,33.1,33.6,31.1,32.0,30.0,27.9,32.1,0.0162696357673053,0.0180120080053368,0.0160324512265791,0.0160219399538106,0.0165227374831527,0.0166248116524359,0.0169911504424778,0.0164332892998679,0.0172367357931591,0.0178052109917502,0.0169883699689459,0.0196944597828087,0.1160508083140876,0.103357817418678,0.1159685385037496,0.1741741741741742,0.1116183519744349,0.1107305936073057,0.0957446808510638,0.1160801723575113,0.1359026369168356,-0.8622754491017964,0.0520794980184531,0.0177875670667146,-7.371511200482406e-05,-0.0047670004511877,-0.0113731299693996,0.1138901295221082,Materials,15.0,2.0,45,7.749581051913445,2317.2,2078.4,9.331832077562257,8.526668161778755,9.308691378323136,8.51091351545893
APD,2006Q3,2006,Q3,0,0,1,0,2115.0,581.1,1533.9,365.1,266.6,404.9,216.0,207.5,128.4,36.8,165.2,11180.7,4924.0,11290.8,5046.6,0.0173995271867612,0.1260520094562648,0.2747517730496454,0.102127659574468,0.060709219858156,39.1,37.7,37.8,33.2,33.3,33.1,33.1,33.6,31.1,32.0,30.0,27.9,0.0168563545438868,0.0162696357673053,0.0180120080053368,0.0160324512265791,0.0160219399538106,0.0165227374831527,0.0166248116524359,0.0169911504424778,0.0164332892998679,0.0172367357931591,0.0178052109917502,0.0169883699689459,0.0213444079582769,-0.28268156424581,0.0849514563106796,0.1084337349397588,-0.0915413955575499,-0.1332263242375602,-0.1499385497746824,-0.0008467952058363,0.0993814432989692,0.2747905027932962,0.0852693041670227,0.0764061904413737,0.0622777663017282,-0.1513404596837539,-0.2976723325012875,-0.2214891611687087,Materials,15.0,3.0,46,7.65728279297819,2319.6,2070.8,9.32203379239464,8.502079553606189,9.331832077562257,8.526668161778755
APD,2006Q4,2006,Q4,0,0,0,1,2267.8,618.1,1649.7,300.7,113.3,509.5,317.4,305.6,230.3,32.1,262.40000000000003,11500.0,5111.5,11180.7,4924.0,0.0141546873622012,0.0499603139606667,0.2725548990210777,0.1399594320486815,0.1015521650939236,36.8,39.1,37.7,37.8,33.2,33.3,33.1,33.1,33.6,31.1,32.0,30.0,0.0173995271867612,0.0168563545438868,0.0162696357673053,0.0180120080053368,0.0160324512265791,0.0160219399538106,0.0165227374831527,0.0166248116524359,0.0169911504424778,0.0164332892998679,0.0172367357931591,0.0178052109917502,0.0806251786905556,0.2744881018262315,0.1721979897591505,-0.1507936507936507,0.1685779816513761,0.2520710059171596,0.1984313725490196,0.0498949914083879,-0.5484256675966521,6.955026455026455,-0.2141527275577897,-0.5821175174258463,0.0847405861665726,0.1586542962420634,0.1793988581411627,0.2009153318077805,Materials,15.0,4.0,47,7.7270063363378085,2115.0,2098.6,9.350189267092581,8.539443800351057,9.32203379239464,8.502079553606189
APD,2007Q1,2007,Q1,1,0,0,0,2473.3,648.9,1824.4,324.2,131.0,534.8,324.7,319.3,227.6,35.1,262.7,11878.0,5276.5,11500.0,5111.5,0.014191565924069,0.0529656733918246,0.2623620264424048,0.1312820927505761,0.0920228035418267,32.1,36.8,39.1,37.7,37.8,33.2,33.3,33.1,33.1,33.6,31.1,32.0,0.0141546873622012,0.0173995271867612,0.0168563545438868,0.0162696357673053,0.0180120080053368,0.0160324512265791,0.0160219399538106,0.0165227374831527,0.0166248116524359,0.0169911504424778,0.0164332892998679,0.0172367357931591,0.067365786293803,0.1156862745098039,0.131276150627615,-0.0689655172413793,0.1434680350652126,0.1489738145789099,0.1266760762173606,0.0463409038770361,-0.5180279617365711,0.1620071684587813,-0.1277268817174319,-0.5484471729818391,0.0598767218834386,0.0764574144431529,0.0452707861133372,0.0868845676458418,Materials,15.0,1.0,48,7.8137128067165005,2267.8,2317.2,9.38252741428954,8.571207779722476,9.350189267092581,8.539443800351057
APD,2007Q2,2007,Q2,0,1,0,0,2416.2,666.7,1749.5,314.3,132.9,532.3,352.4,337.7,284.9,33.0,317.9,12568.8,5456.3,11878.0,5276.5,0.0136578097839582,0.0550037248572138,0.275929144938333,0.1458488535717242,0.1179124244681731,35.1,32.1,36.8,39.1,37.7,37.8,33.2,33.3,33.1,33.1,33.6,31.1,0.014191565924069,0.0141546873622012,0.0173995271867612,0.0168563545438868,0.0162696357673053,0.0180120080053368,0.0160324512265791,0.0160219399538106,0.0165227374831527,0.0166248116524359,0.0169911504424778,0.0164332892998679,0.0416451112260733,0.3547313361864002,0.0927716767742994,-0.1560102301790281,0.0930184804928131,0.2072627612195958,0.1709431345353675,0.0233986545773619,-0.5253571428571429,7.038363171355499,-0.1897530543511603,-0.5443334279328815,0.0490825186017982,0.1589962341383057,0.3005689957031594,0.2746591820368884,Materials,15.0,2.0,49,7.790365124487403,2473.3,2319.6,9.439052390558748,8.604709440936281,9.38252741428954,8.571207779722476
APD,2007Q3,2007,Q3,0,0,1,0,2537.0,691.9,1845.1,987.8,136.3,611.0,386.1,377.8,292.8,34.6,327.40000000000003,12659.5,5495.6,12568.8,5456.3,0.0136381553015372,0.05372487189594,0.2727236893969255,0.1521876231769807,0.1154119038234134,33.0,35.1,32.1,36.8,39.1,37.7,37.8,33.2,33.3,33.1,33.1,33.6,0.0136578097839582,0.014191565924069,0.0141546873622012,0.0173995271867612,0.0168563545438868,0.0162696357673053,0.0180120080053368,0.0160324512265791,0.0160219399538106,0.0165227374831527,0.0166248116524359,0.0169911504424778,0.1995271867612293,1.2803738317757007,0.1906728618138014,-0.0597826086956521,0.5090145714991356,0.7875000000000001,0.8207228915662652,0.2028815437772995,-0.4887471867966991,1.7055601205149271,-0.2161766722078456,-0.5737880567895226,-0.0073815125202246,0.4901704769412693,0.9010605653155724,0.9818401937046008,Materials,15.0,3.0,50,7.839131648274333,2416.2,2115.0,9.446242189389055,8.611884998249218,9.439052390558748,8.604709440936281
APD,2007Q4,2007,Q4,0,0,0,1,2473.6,685.1,1788.5,313.1,298.2,590.0,372.0,356.3,263.7,30.3,294.0,13014.3,5603.0,12659.5,5495.6,0.0122493531694695,0.1205530401034928,0.2769647477360931,0.1503880983182406,0.1066057567917205,34.6,33.0,35.1,32.1,36.8,39.1,37.7,37.8,33.2,33.3,33.1,33.1,0.0136381553015372,0.0136578097839582,0.014191565924069,0.0141546873622012,0.0173995271867612,0.0168563545438868,0.0162696357673053,0.0180120080053368,0.0160324512265791,0.0160219399538106,0.0165227374831527,0.0166248116524359,0.090748743275421,0.1450282240555795,0.1083966995631775,-0.0560747663551401,0.1579980372914622,0.172022684310019,0.1659031413612564,0.0841365096684245,1.6319505736981466,0.0412371134020619,-0.1346080025631415,1.412976031303629,0.0161796714381361,0.0745120647955455,0.0497635052204252,0.1204268292682926,Materials,15.0,4.0,51,7.813834045779875,2537.0,2267.8,9.473880867489557,8.631235907456897,9.446242189389055,8.611884998249218
APD,2008Q1,2008,Q1,1,0,0,0,2605.3,701.5,1903.8,363.3,311.8,562.3,338.2,341.5,314.3,34.3,348.6,13228.4,5524.3,13014.3,5603.0,0.0131654703872874,0.1196791156488696,0.2692588185621617,0.129812305684566,0.1206386980386135,30.3,34.6,33.0,35.1,32.1,36.8,39.1,37.7,37.8,33.2,33.3,33.1,0.0122493531694695,0.0136381553015372,0.0136578097839582,0.014191565924069,0.0141546873622012,0.0173995271867612,0.0168563545438868,0.0162696357673053,0.0180120080053368,0.0160324512265791,0.0160219399538106,0.0165227374831527,0.0533699915093195,0.3809314586994727,0.0810602558175375,-0.0227920227920228,0.0514210919970081,0.0415768401601477,0.0695270905104916,0.043521157640868,1.380152671755725,0.1206045650832821,-0.0723031934792577,1.2595599750713684,0.0262873107563486,-0.0111956401304673,0.3109652542131065,0.3269889607917777,Materials,15.0,1.0,52,7.865686870015367,2473.6,2473.3,9.49019690460667,8.61709282355437,9.473880867489557,8.631235907456897
APD,2008Q2,2008,Q2,0,1,0,0,2808.0,735.0,2073.0,667.4,321.7,294.2,67.6,74.5,70.1,33.1,103.2,13075.9,5568.7,13228.4,5524.3,0.0117877492877492,0.114565527065527,0.2617521367521367,0.024074074074074,0.0249643874643874,34.3,30.3,34.6,33.0,35.1,32.1,36.8,39.1,37.7,37.8,33.2,33.3,0.0131654703872874,0.0122493531694695,0.0136381553015372,0.0136578097839582,0.014191565924069,0.0141546873622012,0.0173995271867612,0.0168563545438868,0.0162696357673053,0.0180120080053368,0.0160324512265791,0.0160219399538106,0.1621554507077229,-0.7539487539487539,0.1024448777561122,0.0030303030303031,-0.447304151794101,-0.8081725312145289,-0.7793899911163755,0.1849099742783653,1.420617005267118,1.1234489341393572,-0.1369224294224293,1.0828685214125393,-0.0513791618111403,-0.8349382015386556,-0.7882802632802632,-0.6753696130858761,Materials,15.0,2.0,53,7.940583827104244,2605.3,2416.2,9.478602593863423,8.625096471506737,9.49019690460667,8.61709282355437
APD,2008Q3,2008,Q3,0,0,1,0,2527.6,599.8,1927.8,-118.2,132.4,918.3,718.0,706.5,261.6,33.0,294.6,12571.3,5030.7,13075.9,5568.7,0.0130558632695046,0.0523817059661338,0.2373002057287545,0.2840639341667985,0.1034973888273461,33.1,34.3,30.3,34.6,33.0,35.1,32.1,36.8,39.1,37.7,37.8,33.2,0.0117877492877492,0.0131654703872874,0.0122493531694695,0.0136381553015372,0.0136578097839582,0.014191565924069,0.0141546873622012,0.0173995271867612,0.0168563545438868,0.0162696357673053,0.0180120080053368,0.0160324512265791,-0.0037051635790303,-0.1065573770491803,-0.1331117213470155,-0.046242774566474,0.5029459901800326,0.8596218596218594,0.8700370566437268,0.0448214188932849,-0.0286133528980191,-1.1196598501720996,-0.0426958059325622,-0.0250008214520788,-0.1298878133634191,0.8665376870789117,-0.1032347149761711,-0.1001832620647525,Materials,15.0,3.0,54,7.835421068877797,2808.0,2537.0,9.439251260184454,8.523513178161055,9.478602593863423,8.625096471506737
APD,2008Q4,2008,Q4,0,0,0,1,2195.3,565.6,1629.7,451.5,421.2,339.2,114.1,102.1,68.6,33.2,101.8,12253.6,4726.1,12571.3,5030.7,0.0151232177834464,0.1918644376622784,0.2576413246481118,0.0519746731653988,0.0312485765043501,33.0,33.1,34.3,30.3,34.6,33.0,35.1,32.1,36.8,39.1,37.7,37.8,0.0130558632695046,0.0117877492877492,0.0131654703872874,0.0122493531694695,0.0136381553015372,0.0136578097839582,0.014191565924069,0.0141546873622012,0.0173995271867612,0.0168563545438868,0.0162696357673053,0.0180120080053368,-0.1125080853816299,-0.7398558968524839,-0.1744270909356298,0.0957095709570958,-0.4250847457627119,-0.6932795698924732,-0.7134437271961831,-0.0887894883980989,0.4124748490945673,0.4420312999041837,0.2346135811595098,0.5915354560744872,-0.069768529193447,-0.6543963668227676,-0.7068772133441007,-0.6537414965986394,Materials,15.0,4.0,55,7.694529405320707,2527.6,2473.6,9.413656655690643,8.461067185636109,9.439251260184454,8.523513178161055
APD,2009Q1,2009,Q1,1,0,0,0,1955.4,515.5,1439.9,271.1,230.6,484.5,260.4,257.4,205.6,29.6,235.2,11878.9,4638.1,12253.6,4726.1,0.0151375677610719,0.1179298353278101,0.2636289250281272,0.1331696839521325,0.1051447274214994,33.2,33.0,33.1,34.3,30.3,34.6,33.0,35.1,32.1,36.8,39.1,37.7,0.0151232177834464,0.0130558632695046,0.0117877492877492,0.0131654703872874,0.0122493531694695,0.0136381553015372,0.0136578097839582,0.014191565924069,0.0141546873622012,0.0173995271867612,0.0168563545438868,0.0162696357673053,-0.2494530380378459,-0.345847916003818,-0.2651461154668567,-0.1370262390670552,-0.1383603058865373,-0.2300413956238912,-0.2462664714494876,-0.2436705536295829,-0.2604233483001924,-0.2537847508945774,0.1497931570822341,-0.0146164208481596,-0.0209088547743692,0.0258633282096125,-0.1284328401169823,-0.3253012048192771,Materials,15.0,1.0,56,7.5788613286652025,2195.3,2605.3,9.382603175372791,8.442275660889315,9.413656655690643,8.461067185636109
APD,2009Q2,2009,Q2,0,1,0,0,1976.2,548.7,1427.5,422.1,364.3,389.4,143.8,144.8,113.2,24.1,137.3,12243.5,4928.3,11878.9,4638.1,0.0121951219512195,0.1843436899099281,0.2776540835947779,0.0727659143811355,0.0572816516546908,29.6,33.2,33.0,33.1,34.3,30.3,34.6,33.0,35.1,32.1,36.8,39.1,0.0151375677610719,0.0151232177834464,0.0130558632695046,0.0117877492877492,0.0131654703872874,0.0122493531694695,0.0136381553015372,0.0136578097839582,0.014191565924069,0.0141546873622012,0.0173995271867612,0.0168563545438868,-0.2962250712250712,0.6148359486447934,-0.2534693877551019,-0.2719033232628398,0.3235893949694086,1.1272189349112431,0.9436241610738256,-0.3113844669561022,0.1324215107242774,-0.3675456997302966,0.0345589860732444,0.6090677067674177,0.060751927529437,2.0225841358317838,1.2945346340423942,0.3304263565891476,Materials,15.0,2.0,57,7.589436981432804,1955.4,2808.0,9.41283213555952,8.502952269125895,9.382603175372791,8.442275660889315
APD,2009Q3,2009,Q3,0,0,1,0,2129.3,584.3,1545.0,234.7,258.4,585.7,328.0,332.3,243.9,29.4,273.3,13029.1,4791.9,12243.5,4928.3,0.0138073545296576,0.1213544357300521,0.2744094303292161,0.1540412342084253,0.1145446860470577,24.1,29.6,33.2,33.0,33.1,34.3,30.3,34.6,33.0,35.1,32.1,36.8,0.0121951219512195,0.0151375677610719,0.0151232177834464,0.0130558632695046,0.0117877492877492,0.0131654703872874,0.0122493531694695,0.0136381553015372,0.0136578097839582,0.014191565924069,0.0141546873622012,0.0173995271867612,-0.1575803133407183,-0.0676605504587156,-0.0258419473157719,-0.1090909090909091,-0.362191005118153,-0.5431754874651811,-0.52965322009908,-0.198568316215375,0.9516616314199392,-2.985617597292724,0.0575596760352312,1.3167331703268856,0.1563809204737023,-0.4577233654802008,0.1067398641152255,-0.0723014256619144,Materials,15.0,3.0,58,7.664018093856158,1976.2,2527.6,9.475017344686526,8.47489093518233,9.41283213555952,8.502952269125895
APD,2009Q4,2009,Q4,0,0,0,1,2173.5,604.9,1568.6,259.9,239.5,589.0,345.0,340.3,251.8,27.2,279.0,12914.5,5033.9,13029.1,4791.9,0.012514377731769,0.1101909362778928,0.2783068783068783,0.1587301587301587,0.1158500115021854,29.4,24.1,29.6,33.2,33.0,33.1,34.3,30.3,34.6,33.0,35.1,32.1,0.0138073545296576,0.0121951219512195,0.0151375677610719,0.0151232177834464,0.0130558632695046,0.0117877492877492,0.0131654703872874,0.0122493531694695,0.0136381553015372,0.0136578097839582,0.014191565924069,0.0141546873622012,-0.009930305652986,2.6705539358600587,0.0694837340876943,-0.1807228915662652,0.7364386792452831,2.0236634531113062,2.333006856023507,-0.0374915628643309,-0.431386514719848,-0.4243632336655593,-0.1725056194411878,-0.4256833750929295,0.0802105550691123,2.053990512360364,2.7073692456377216,1.7406679764243616,Materials,15.0,4.0,59,7.684554032037693,2129.3,2195.3,9.466183419453408,8.524148943982244,9.475017344686526,8.47489093518233
APD,2010Q1,2010,Q1,1,0,0,0,2249.0,620.3,1628.7,279.7,235.8,590.1,340.6,343.3,252.0,26.3,278.3,13152.6,5265.6,12914.5,5033.9,0.0116940862605602,0.104846598488217,0.2758114717652289,0.1514450867052023,0.1120497999110715,27.2,29.4,24.1,29.6,33.2,33.0,33.1,34.3,30.3,34.6,33.0,35.1,0.012514377731769,0.0138073545296576,0.0121951219512195,0.0151375677610719,0.0151232177834464,0.0130558632695046,0.0117877492877492,0.0131654703872874,0.0122493531694695,0.0136381553015372,0.0136578097839582,0.014191565924069,0.1501483072517131,0.2256809338521401,0.203297769156159,-0.1114864864864865,0.2179566563467492,0.3079877112135178,0.3337218337218339,0.131120216681714,0.0225498699045967,0.0317226115824418,-0.2274791799358272,-0.1109408556640957,0.0462109638986008,0.1372339575397565,0.0656720756133726,0.1832482993197279,Materials,15.0,1.0,60,7.718685495198466,2173.5,1955.4,9.484450764397868,8.569140272038984,9.466183419453408,8.524148943982244
APD,2010Q2,2010,Q2,0,1,0,0,2252.3,641.3,1611.0,304.9,245.7,583.3,336.4,338.9,253.2,29.3,282.5,12999.4,5231.4,13152.6,5265.6,0.0130089242108067,0.1090884873240687,0.2847311636993295,0.1493584336012076,0.1124184167295653,26.3,27.2,29.4,24.1,29.6,33.2,33.0,33.1,34.3,30.3,34.6,33.0,0.0116940862605602,0.012514377731769,0.0138073545296576,0.0121951219512195,0.0151375677610719,0.0151232177834464,0.0130558632695046,0.0117877492877492,0.0131654703872874,0.0122493531694695,0.0136381553015372,0.0136578097839582,0.1397125796984111,1.2367491166077738,0.1687625296154544,0.2157676348547716,0.497945557267591,1.339360222531293,1.340469613259668,0.1285464098073554,-0.3255558605544881,-0.2776593224354419,0.0667317852861517,-0.4082331357402563,0.0254888385321943,1.0525878754012972,0.9625554341074822,1.0575382374362707,Materials,15.0,2.0,61,7.720151087360076,2249.0,1976.2,9.47273540520108,8.562625342814071,9.484450764397868,8.569140272038984
APD,2010Q3,2010,Q3,0,0,1,0,2351.2,656.5,1694.7,289.5,236.4,616.9,367.0,371.5,272.1,31.9,304.0,13505.9,5546.9,12999.4,5231.4,0.0135675399795848,0.100544402858115,0.2792191221503913,0.1560905069751616,0.1157281388227288,29.3,26.3,27.2,29.4,24.1,29.6,33.2,33.0,33.1,34.3,30.3,34.6,0.0130089242108067,0.0116940862605602,0.012514377731769,0.0138073545296576,0.0121951219512195,0.0151375677610719,0.0151232177834464,0.0130558632695046,0.0117877492877492,0.0131654703872874,0.0122493531694695,0.0136381553015372,0.1042126520452728,0.1156211562115621,0.1235666609618346,0.0850340136054421,0.0532695919412666,0.1189024390243902,0.1179656936503159,0.0968932038834951,-0.0851393188854487,0.2334895611418832,-0.0173686095738054,-0.1714814357361287,0.017527429051563,0.0133034039701576,0.0103317998984686,0.1123307720453712,Materials,15.0,3.0,62,7.763106339416936,2252.3,2129.3,9.510955944964838,8.62117475675894,9.47273540520108,8.562625342814071
APD,2010Q4,2010,Q4,0,0,0,1,2391.7,671.2,1720.5,310.6,244.6,606.0,360.6,357.4,268.6,29.2,297.8,13459.7,5810.0,13505.9,5546.9,0.0122088890747167,0.1022703516327298,0.2806372036626667,0.1507714178199607,0.1123050549818121,31.9,29.3,26.3,27.2,29.4,24.1,29.6,33.2,33.0,33.1,34.3,30.3,0.0135675399795848,0.0130089242108067,0.0116940862605602,0.012514377731769,0.0138073545296576,0.0121951219512195,0.0151375677610719,0.0151232177834464,0.0130558632695046,0.0117877492877492,0.0131654703872874,0.0122493531694695,0.1003910743041176,0.0667196187450358,0.1096048933708051,0.0735294117647058,0.028862478777589,0.0452173913043478,0.0502497796062297,0.0968379446640317,0.021294363256785,0.1950750288572529,-0.0244110145626171,-0.0718805458299024,0.008373222286008,-0.0501400677342473,-0.0305995353337227,0.067383512544803,Materials,15.0,4.0,63,7.780177714399631,2351.2,2173.5,9.507529607789992,8.667507952075105,9.510955944964838,8.62117475675894
APD,2011Q1,2011,Q1,1,0,0,0,2403.0,654.8,1748.2,261.0,242.0,623.2,419.5,421.8,304.3,27.9,332.2,13820.7,5825.2,13459.7,5810.0,0.0116104868913857,0.1007074490220557,0.2724927174365376,0.1745734498543487,0.1266333749479817,29.2,31.9,29.3,26.3,27.2,29.4,24.1,29.6,33.2,33.0,33.1,34.3,0.0122088890747167,0.0135675399795848,0.0130089242108067,0.0116940862605602,0.012514377731769,0.0138073545296576,0.0121951219512195,0.0151375677610719,0.0151232177834464,0.0130558632695046,0.0117877492877492,0.0131654703872874,0.0684748777234327,0.2075396825396827,0.0556182492342414,0.0608365019011405,0.0560921877647857,0.231650029359953,0.228662976988057,0.0733714005034691,0.0262934690415606,-0.0668573471576688,-0.0071488586035517,-0.0394781473680941,-0.0120326914158097,0.1527178177405468,0.1301526200714715,0.1936758893280632,Materials,15.0,1.0,64,7.784889295655098,2391.7,2249.0,9.53399509988678,8.670120265800739,9.507529607789992,8.667507952075105
APD,2011Q2,2011,Q2,0,1,0,0,2577.8,695.7,1882.1,285.5,252.9,639.7,416.8,430.0,326.5,29.3,355.8,14451.5,6232.2,13820.7,5825.2,0.0113662813251609,0.0981069128714407,0.2698812941267747,0.1616882613080921,0.1266583908759407,27.9,29.2,31.9,29.3,26.3,27.2,29.4,24.1,29.6,33.2,33.0,33.1,0.0116104868913857,0.0122088890747167,0.0135675399795848,0.0130089242108067,0.0116940862605602,0.012514377731769,0.0138073545296576,0.0121951219512195,0.0151375677610719,0.0151232177834464,0.0130558632695046,0.0117877492877492,0.1445189361985526,0.2894944707740916,0.0848276937470764,0.0,0.0966912394994001,0.2390011890606422,0.2688108586603719,0.168280571073867,0.0293040293040294,-0.0636274188258444,-0.1262704631856621,-0.1006666672350588,-0.0521540016190007,0.0825519350303687,0.1266694066740967,0.2594690265486725,Materials,15.0,2.0,65,7.855079453436465,2403.0,2252.3,9.578622688956631,8.73764512357146,9.53399509988678,8.670120265800739
APD,2011Q3,2011,Q3,0,0,1,0,2611.2,701.0,1910.2,275.7,257.5,697.0,425.3,451.8,324.8,32.4,357.2,14290.7,5795.8,14451.5,6232.2,0.0124080882352941,0.0986136642156862,0.2684589460784314,0.162875306372549,0.1243872549019608,29.3,27.9,29.2,31.9,29.3,26.3,27.2,29.4,24.1,29.6,33.2,33.0,0.0113662813251609,0.0116104868913857,0.0122088890747167,0.0135675399795848,0.0130089242108067,0.0116940862605602,0.012514377731769,0.0138073545296576,0.0121951219512195,0.0151375677610719,0.0151232177834464,0.0130558632695046,0.1105818305546104,0.1936787945608231,0.0677837014470676,0.0156739811912225,0.1298427621980873,0.1588555858310627,0.2161507402422611,0.1271611494659821,0.0892554991539762,-0.0476683937823834,-0.0854577724506731,-0.0192028455840881,-0.0385366732374593,0.0434670854036438,0.0748229096857411,0.175,Materials,15.0,3.0,66,7.867948057143421,2577.8,2351.2,9.567434228158927,8.665061320140813,9.578622688956631,8.73764512357146
APD,2011Q4,2011,Q4,0,0,0,1,2423.1,648.8,1722.3,245.4,231.0,593.9,353.8,361.5,248.1,28.1,276.2,14391.3,5909.0,14290.7,5795.8,0.011596714951921,0.0953324254054723,0.267756180099872,0.1460113078288143,0.1023895010523709,32.4,29.3,27.9,29.2,31.9,29.3,26.3,27.2,29.4,24.1,29.6,33.2,0.0124080882352941,0.0113662813251609,0.0116104868913857,0.0122088890747167,0.0135675399795848,0.0130089242108067,0.0116940862605602,0.012514377731769,0.0138073545296576,0.0121951219512195,0.0151375677610719,0.0151232177834464,0.0131287368817158,-0.0763216679076694,-0.033373063170441,-0.0376712328767122,-0.01996699669967,-0.0188574597892401,0.0114717403469501,0.0010462074978203,-0.0556009811937857,-0.2099162910495815,-0.0501416729277508,-0.0678390766873746,-0.0458992015124196,-0.0315717001270794,-0.0882912521706793,-0.0725319006044326,Materials,15.0,4.0,67,7.793215600463689,2611.2,2391.7,9.574448620326958,8.684401110400144,9.567434228158927,8.665061320140813
APD,2012Q1,2012,Q1,1,0,0,0,2344.3,628.5,1715.8,340.6,237.3,528.7,287.9,294.0,296.0,29.8,325.8,14955.8,6262.7,14391.3,5909.0,0.0127116836582348,0.1012242460435951,0.2680970865503562,0.1228085142686516,0.1262637034509235,28.1,32.4,29.3,27.9,29.2,31.9,29.3,26.3,27.2,29.4,24.1,29.6,0.011596714951921,0.0124080882352941,0.0113662813251609,0.0116104868913857,0.0122088890747167,0.0135675399795848,0.0130089242108067,0.0116940862605602,0.012514377731769,0.0138073545296576,0.0121951219512195,0.0151375677610719,-0.0244277985851019,-0.0272757147551758,-0.0401649358582772,0.0681003584229391,-0.1516367137355584,-0.3137067938021455,-0.3029871977240398,-0.0185333485871181,-0.0194214876033057,0.3049808429118774,0.0948450118544226,0.0051316662923925,-0.0161311866516402,-0.2965223842966153,-0.0029192264457141,-0.0192655027092112,Materials,15.0,1.0,68,7.760168604467531,2423.1,2403.0,9.612921324904484,8.742526343803439,9.574448620326958,8.684401110400144
APD,2012Q2,2012,Q2,0,1,0,0,2340.1,649.3,1690.8,166.5,230.4,736.7,482.8,498.5,484.5,32.5,517.0,14880.9,6513.6,14955.8,6262.7,0.0138882953719926,0.0984573308832955,0.2774667749241485,0.2063159694030169,0.2070424340840135,29.8,28.1,32.4,29.3,27.9,29.2,31.9,29.3,26.3,27.2,29.4,24.1,0.0127116836582348,0.011596714951921,0.0124080882352941,0.0113662813251609,0.0116104868913857,0.0122088890747167,0.0135675399795848,0.0130089242108067,0.0116940862605602,0.012514377731769,0.0138073545296576,0.0121951219512195,-0.0922104119792072,0.4839203675344563,-0.0666954146902402,0.1092150170648464,0.1516335782397999,0.1583493282149712,0.1593023255813954,-0.101641783114606,-0.0889679715302491,-0.4168126094570928,0.2218855907823431,0.003571797354525,0.0281067304865172,0.2760108107655883,0.6346523325628486,0.4530635188308038,Materials,15.0,2.0,69,7.7583761833662725,2344.3,2577.8,9.607900988407685,8.781801090897417,9.612921324904484,8.742526343803439
APD,2012Q3,2012,Q3,0,0,1,0,2605.8,682.8,1923.0,524.9,161.2,417.7,157.9,158.5,138.7,36.1,174.79999999999998,16942.5,6466.7,14880.9,6513.6,0.0138537109524905,0.0618620001535037,0.2620308542482155,0.0605955944431652,0.0532274157648322,32.5,29.8,28.1,32.4,29.3,27.9,29.2,31.9,29.3,26.3,27.2,29.4,0.0138882953719926,0.0127116836582348,0.011596714951921,0.0124080882352941,0.0113662813251609,0.0116104868913857,0.0122088890747167,0.0135675399795848,0.0130089242108067,0.0116940862605602,0.012514377731769,0.0138073545296576,-0.0020680147058822,-0.5729679802955665,-0.025962910128388,0.1141975308641976,-0.4007173601147776,-0.6287326592993181,-0.6491810535635236,0.0067008690189509,-0.3739805825242719,0.9038810301051868,0.1165064826896125,-0.3726832823268781,-0.023944412820342,-0.6279632818951492,-0.572083041732974,-0.5106382978723405,Materials,15.0,3.0,70,7.8658786944582255,2340.1,2611.2,9.737639558435063,8.77457583743207,9.607900988407685,8.781801090897417
APD,2012Q4,2012,Q4,0,0,0,1,2562.4,662.3,1900.1,289.9,268.2,632.3,372.4,378.0,278.3,33.3,311.6,17393.1,6299.3,16942.5,6466.7,0.0129956290977208,0.1046674992194817,0.258468623165782,0.1453325007805182,0.108609116453325,36.1,32.5,29.8,28.1,32.4,29.3,27.9,29.2,31.9,29.3,26.3,27.2,0.0138537109524905,0.0138882953719926,0.0127116836582348,0.011596714951921,0.0124080882352941,0.0113662813251609,0.0116104868913857,0.0122088890747167,0.0135675399795848,0.0130089242108067,0.0116940862605602,0.012514377731769,0.0574883413808757,0.1217251108424022,0.0208076448828606,0.185053380782918,0.0646573497221754,0.0525720746184283,0.045643153526971,0.1032340474946291,0.1610389610389611,0.1813365933170332,0.1206302087789137,0.0979212872672128,-0.0346866202327272,-0.0046490032750883,0.0607446597261258,0.1281679942070963,Materials,15.0,4.0,71,7.849089781295723,2605.8,2423.1,9.763886347242073,8.748352530293491,9.737639558435063,8.77457583743207
APD,2013Q1,2013,Q1,1,0,0,0,2484.2,670.6,1813.6,280.9,266.6,655.7,389.7,394.3,290.4,32.3,322.7,17221.2,6365.5,17393.1,6299.3,0.0130021737380243,0.1073182513485226,0.2699460590934707,0.1568714274213026,0.1168988004186458,33.3,36.1,32.5,29.8,28.1,32.4,29.3,27.9,29.2,31.9,29.3,26.3,0.0129956290977208,0.0138537109524905,0.0138882953719926,0.0127116836582348,0.011596714951921,0.0124080882352941,0.0113662813251609,0.0116104868913857,0.0122088890747167,0.0135675399795848,0.0130089242108067,0.0116940862605602,0.0596766625431897,-0.0189189189189189,0.0669848846459826,0.0838926174496643,0.2402118403631548,0.353594998263286,0.341156462585034,0.0569996503088938,0.1234723978086811,-0.1752789195537288,0.0228522112097449,0.0602030199592993,0.0068966528764096,0.277366055240569,-0.0741693992519206,-0.0095150399017802,Materials,15.0,1.0,72,7.818108418189539,2562.4,2344.3,9.753954528241751,8.75880514701349,9.763886347242073,8.748352530293491
APD,2013Q2,2013,Q2,0,1,0,0,2547.3,671.8,1875.5,288.7,271.3,657.0,383.1,391.9,288.4,33.5,321.9,17491.3,6540.8,17221.2,6365.5,0.0131511796804459,0.1065049267852235,0.2637302241589133,0.1503945353904133,0.1132179170101676,32.3,33.3,36.1,32.5,29.8,28.1,32.4,29.3,27.9,29.2,31.9,29.3,0.0130021737380243,0.0129956290977208,0.0138537109524905,0.0138882953719926,0.0127116836582348,0.011596714951921,0.0124080882352941,0.0113662813251609,0.0116104868913857,0.0122088890747167,0.0135675399795848,0.0130089242108067,0.0885432246485193,-0.4047471620227039,0.034652702910827,0.0307692307692306,-0.108185149993213,-0.2065037282518641,-0.2138415245737212,0.1092382304234682,0.1775173611111111,0.7339339339339339,-0.0530745978396433,0.0817368887591218,-0.0495070113133017,-0.2710475305155213,-0.4531656396377849,-0.3773694390715667,Materials,15.0,2.0,73,7.843181749164768,2484.2,2340.1,9.769516063083202,8.785967635940391,9.753954528241751,8.75880514701349
APD,2013Q3,2013,Q3,0,0,1,0,2586.5,703.6,1882.9,524.4,282.7,454.2,179.2,186.2,137.1,34.6,171.7,17850.1,7042.1,17491.3,6540.8,0.0133771505895998,0.1092982795283201,0.2720278368451576,0.0692828146143437,0.0530059926541658,33.5,32.3,33.3,36.1,32.5,29.8,28.1,32.4,29.3,27.9,29.2,31.9,0.0131511796804459,0.0130021737380243,0.0129956290977208,0.0138537109524905,0.0138882953719926,0.0127116836582348,0.011596714951921,0.0124080882352941,0.0113662813251609,0.0116104868913857,0.0122088890747167,0.0135675399795848,-0.0074065546089493,-0.0115356885364095,0.0304628002343292,-0.0415512465373961,0.0873832894421833,0.1348955034832171,0.1747634069400629,-0.0208528341133644,0.7537220843672456,-0.0009525623928366,-0.0343994735074991,0.7668080446333536,0.0381519291902632,0.1433638905766738,-0.0041599447856854,-0.0177345537757436,Materials,15.0,3.0,74,7.858447437573624,2547.3,2605.8,9.789820409958924,8.859803693139572,9.769516063083202,8.785967635940391
APD,2013Q4,2013,Q4,0,0,0,1,2545.5,679.6,1865.9,294.0,280.9,658.0,385.6,390.5,290.2,33.5,323.7,17915.2,7264.0,17850.1,7042.1,0.0131604792771557,0.1103516008642702,0.2669809467688077,0.151483009231978,0.1140051070516597,34.6,33.5,32.3,33.3,36.1,32.5,29.8,28.1,32.4,29.3,27.9,29.2,0.0133771505895998,0.0131511796804459,0.0130021737380243,0.0129956290977208,0.0138537109524905,0.0138882953719926,0.0127116836582348,0.011596714951921,0.0124080882352941,0.0113662813251609,0.0116104868913857,0.0122088890747167,-0.0065953793318763,0.0427596119295723,0.0261210931601993,0.006006006006006,0.0406452633243714,0.0354457572502686,0.033068783068783,-0.0179990526814377,0.0473527218493661,0.0141428078647809,0.0126850480415596,0.0543062716428268,0.0329336826217621,0.0423202547154151,0.0496826672985017,0.0388318356867778,Materials,15.0,4.0,75,7.842475146324659,2586.5,2562.4,9.793460610470955,8.890823576004383,9.789820409958924,8.859803693139572
APD,2014Q1,2014,Q1,1,0,0,0,2581.9,664.3,1917.6,279.6,263.4,644.2,384.7,383.6,283.5,33.2,316.7,17963.0,7370.9,17915.2,7264.0,0.0128587474340601,0.1020178937991401,0.2572911421821139,0.1489987993338239,0.1098028583601224,33.5,34.6,33.5,32.3,33.3,36.1,32.5,29.8,28.1,32.4,29.3,27.9,0.0131604792771557,0.0133771505895998,0.0131511796804459,0.0130021737380243,0.0129956290977208,0.0138537109524905,0.0138882953719926,0.0127116836582348,0.011596714951921,0.0124080882352941,0.0113662813251609,0.0116104868913857,0.0393285564769343,-0.0237603305785123,-0.0093945720250523,0.0278637770897833,-0.0175385084642366,-0.0128303823453939,-0.0271366979457265,0.0573445081605645,-0.0120030007501876,-0.0046279814880738,-0.0110309481209808,-0.0493891531289425,-0.0468794282600546,-0.050185226314895,-0.0607015814799722,-0.0185931205453981,Materials,15.0,1.0,76,7.856668077673548,2545.5,2484.2,9.796125034207629,8.905430753857775,9.793460610470955,8.890823576004383
APD,2014Q2,2014,Q2,0,1,0,0,2634.6,715.9,1918.7,302.1,272.0,695.9,413.8,425.6,314.0,33.8,347.8,18316.2,7696.7,17963.0,7370.9,0.0128292719957488,0.1032414787823578,0.2717300538981249,0.1570636908828664,0.1191831777119866,33.2,33.5,34.6,33.5,32.3,33.3,36.1,32.5,29.8,28.1,32.4,29.3,0.0128587474340601,0.0131604792771557,0.0133771505895998,0.0131511796804459,0.0130021737380243,0.0129956290977208,0.0138537109524905,0.0138882953719926,0.0127116836582348,0.011596714951921,0.0124080882352941,0.0113662813251609,0.0342715816747143,0.0887656033287103,0.0656445370646026,0.0089552238805969,0.0592085235920851,0.0801357347950926,0.0859913243174279,0.0230338576379631,0.0025801695539993,0.0464149636300659,-0.0244774759769813,-0.0306412867589378,0.0303333823975791,0.0443444003809079,0.0526883099366977,0.0804597701149425,Materials,15.0,2.0,77,7.876866139039665,2581.9,2547.3,9.815595788119191,8.948676861922955,9.796125034207629,8.905430753857775
APD,2014Q3,2014,Q3,0,0,1,0,2677.0,744.6,1932.4,600.5,248.5,438.4,144.1,154.8,104.0,40.9,144.9,17779.1,7365.8,18316.2,7696.7,0.0152782966006723,0.0928277923048188,0.2781471796787448,0.0538289129622712,0.038849458348898,33.8,33.2,33.5,34.6,33.5,32.3,33.3,36.1,32.5,29.8,28.1,32.4,0.0128292719957488,0.0128587474340601,0.0131604792771557,0.0133771505895998,0.0131511796804459,0.0130021737380243,0.0129956290977208,0.0138537109524905,0.0138882953719926,0.0127116836582348,0.011596714951921,0.0124080882352941,0.0349893678716413,-0.2414296134208606,0.0582717453098351,0.1820809248554913,-0.0347864376926464,-0.1958705357142857,-0.1686358754027925,0.0262892346911678,-0.1209762999646267,0.145118230358505,0.1421189062901486,-0.1506930145156918,0.0224952817496781,-0.2230553382984683,-0.2670742230530655,-0.1560861968549795,Materials,15.0,3.0,78,7.8928255262511176,2634.6,2586.5,9.785835133349043,8.90473869822145,9.815595788119191,8.948676861922955
APD,2014Q4,2014,Q4,0,0,0,1,2560.8,729.8,1831.0,299.8,258.2,708.6,430.0,444.0,324.6,35.4,360.0,17635.4,7351.5,17779.1,7365.8,0.0138238050609184,0.1008278662917838,0.2849890659169009,0.1679162761636988,0.1267572633552015,40.9,33.8,33.2,33.5,34.6,33.5,32.3,33.3,36.1,32.5,29.8,28.1,0.0152782966006723,0.0128292719957488,0.0128587474340601,0.0131604792771557,0.0133771505895998,0.0131511796804459,0.0130021737380243,0.0129956290977208,0.0138537109524905,0.0138882953719926,0.0127116836582348,0.011596714951921,0.0060106069534473,0.1185389386629911,0.0738669805768097,0.0567164179104477,0.0768996960486323,0.1151452282157676,0.1370038412291934,-0.0187041106168605,-0.0808116767532929,0.0197278911564626,0.0504028591811327,-0.0863035470069929,0.0674509524594926,0.1084825751418447,0.1118560092028442,0.1121408711770157,Materials,15.0,4.0,79,7.848465415397036,2677.0,2545.5,9.77772022710064,8.90279567042815,9.785835133349043,8.90473869822145
APD,2015Q1,2015,Q1,1,0,0,0,2414.5,716.3,1698.2,339.4,253.5,643.2,376.9,386.5,290.0,36.3,326.3,17493.8,7332.5,17635.4,7351.5,0.0150341685649202,0.1049906813004762,0.2966659763926279,0.1560985711327397,0.1201076827500517,35.4,40.9,33.8,33.2,33.5,34.6,33.5,32.3,33.3,36.1,32.5,29.8,0.0138238050609184,0.0152782966006723,0.0128292719957488,0.0128587474340601,0.0131604792771557,0.0133771505895998,0.0131511796804459,0.0130021737380243,0.0129956290977208,0.0138537109524905,0.0138882953719926,0.0127116836582348,-0.0648359735078818,0.0229276895943562,0.0782778864970645,0.0933734939759034,-0.0015523129462899,-0.020275539381336,0.0075599582898853,-0.1144138506466415,-0.0375854214123005,0.2138769670958511,0.1691783077640858,0.0291398635144257,0.1530361048443866,0.0476498591308047,0.0938484165515296,0.0303125986738239,Materials,15.0,1.0,80,7.789661583994461,2560.8,2581.9,9.769658972898776,8.90020817068681,9.77772022710064,8.90279567042815
APD,2015Q2,2015,Q2,0,1,0,0,2470.2,753.8,1715.2,330.2,243.8,700.2,424.8,439.0,318.8,33.8,352.6,17671.5,7586.0,17493.8,7332.5,0.0136831025827868,0.0986964618249534,0.3051574771273581,0.1719698809812971,0.1290583758400129,36.3,35.4,40.9,33.8,33.2,33.5,34.6,33.5,32.3,33.3,36.1,32.5,0.0150341685649202,0.0138238050609184,0.0152782966006723,0.0128292719957488,0.0128587474340601,0.0131604792771557,0.0133771505895998,0.0131511796804459,0.0130021737380243,0.0129956290977208,0.0138537109524905,0.0138882953719926,-0.0624003643816898,0.0152866242038216,0.0529403547981561,0.0,0.0061790487138957,0.0265828902851619,0.0314849624060149,-0.1060613957366967,-0.1036764705882352,0.0930155577623301,0.0665533155210105,-0.0440231679263883,0.1230170264558427,0.0949053852907813,0.0828573152487204,0.0138010350776307,Materials,15.0,2.0,81,7.812459141604372,2414.5,2634.6,9.77976503804511,8.934191535338075,9.769658972898776,8.90020817068681
APD,2015Q3,2015,Q3,0,0,1,0,2449.4,752.3,1697.1,280.1,207.4,726.2,472.2,468.8,344.5,33.3,377.8,17334.5,7249.0,17671.5,7586.0,0.0135951661631419,0.0846737976647342,0.3071364415775292,0.1927819057728423,0.1406466889850575,33.8,36.3,35.4,40.9,33.8,33.2,33.5,34.6,33.5,32.3,33.3,36.1,0.0136831025827868,0.0150341685649202,0.0138238050609184,0.0152782966006723,0.0128292719957488,0.0128587474340601,0.0131604792771557,0.0133771505895998,0.0131511796804459,0.0130021737380243,0.0129956290977208,0.0138537109524905,-0.0850205453866267,2.3125,0.0103411227504699,-0.1858190709046455,0.6564781021897812,2.2768910478834146,2.028423772609819,-0.1217656799834403,-0.1653923541247485,-0.5335553705245628,-0.1101647966080412,-0.0878400146941911,0.1042227425504238,2.581382107938229,2.6202998693557604,1.6073153899240855,Materials,15.0,3.0,82,7.804006555518566,2470.2,2677.0,9.760511701083606,8.88875674784872,9.77976503804511,8.934191535338075
APD,2015Q4,2015,Q4,0,0,0,1,1866.3,570.4,1295.9,197.9,212.0,620.5,372.5,383.6,363.6,32.4,396.0,17260.3,7367.1,17334.5,7249.0,0.0173605529657611,0.1135937416278197,0.3056314633231528,0.199592777152655,0.1948239832824305,33.3,33.8,36.3,35.4,40.9,33.8,33.2,33.5,34.6,33.5,32.3,33.3,0.0135951661631419,0.0136831025827868,0.0150341685649202,0.0138238050609184,0.0152782966006723,0.0128292719957488,0.0128587474340601,0.0131604792771557,0.0133771505895998,0.0131511796804459,0.0130021737380243,0.0129956290977208,-0.2712043111527648,0.1201478743068391,-0.2184160043847629,-0.0847457627118644,-0.1243296641264465,-0.1337209302325581,-0.1360360360360359,-0.2922446750409612,-0.1789310611928737,-0.3398932621747832,0.2558447467435343,0.1266105869888492,0.0724322434611259,0.1886446133314394,0.53698477014679,0.1,Materials,15.0,4.0,83,7.532248816225034,2449.4,2560.8,9.756222280456964,8.904915150047167,9.760511701083606,8.88875674784872
APD,2016Q1,2016,Q1,1,0,0,0,1777.4,564.4,1213.0,192.8,209.7,617.8,371.6,378.2,-473.3,32.7,-440.6,16810.8,6916.6,17260.3,7367.1,0.0183976595026443,0.117981321030719,0.3175424777765275,0.2090694272532913,-0.2662878361651851,32.4,33.3,33.8,36.3,35.4,40.9,33.8,33.2,33.5,34.6,33.5,32.3,0.0173605529657611,0.0135951661631419,0.0136831025827868,0.0150341685649202,0.0138238050609184,0.0152782966006723,0.0128292719957488,0.0128587474340601,0.0131604792771557,0.0133771505895998,0.0131511796804459,0.0130021737380243,-0.2638641540691654,-2.6320689655172416,-0.2120619852017311,-0.0991735537190081,-0.0394900497512439,-0.0140620854338019,-0.0214747736093143,-0.2857142857142857,-0.1727810650887574,-0.4319387153800824,0.2237231093425535,0.1237313594819371,0.0703703931193993,0.3393423510296416,-3.217075794554619,-2.3502911431198283,Materials,15.0,1.0,84,7.483469362649987,1866.3,2414.5,9.729836299789673,8.841824167646221,9.756222280456964,8.904915150047167
APD,2016Q2,2016,Q2,0,1,0,0,1914.5,594.3,1320.2,199.7,213.0,650.2,394.6,401.6,346.8,34.1,380.9,17083.5,7045.4,16810.8,6916.6,0.0178114390180203,0.1112562026638809,0.3104204753199268,0.2061112562026639,0.1811439018020371,32.7,32.4,33.3,33.8,36.3,35.4,40.9,33.8,33.2,33.5,34.6,33.5,0.0183976595026443,0.0173605529657611,0.0135951661631419,0.0136831025827868,0.0150341685649202,0.0138238050609184,0.0152782966006723,0.0128292719957488,0.0128587474340601,0.0131604792771557,0.0133771505895998,0.0131511796804459,-0.2249615415755809,0.0878293601003763,-0.2115945874237198,0.0088757396449705,-0.0714081690945444,-0.0710922787193973,-0.0851936218678814,-0.230293843283582,-0.1263330598851517,-0.3952150211992732,0.3017105521394652,0.1272562420849818,0.0172468269239629,0.1985311324666203,0.4035811362339772,0.0802609188882585,Materials,15.0,2.0,85,7.557733964140704,1777.4,2470.2,9.745926898683633,8.860272127088306,9.729836299789673,8.841824167646221
APD,2016Q3,2016,Q3,0,0,1,0,2463.0,814.3,1648.7,267.3,221.6,810.6,547.0,547.5,394.0,33.2,427.2,18028.6,7079.6,17083.5,7045.4,0.013479496548924,0.0899715793747462,0.3306130734876167,0.22208688591149,0.1599675192854242,34.1,32.7,32.4,33.3,33.8,36.3,35.4,40.9,33.8,33.2,33.5,34.6,0.0178114390180203,0.0183976595026443,0.0173605529657611,0.0135951661631419,0.0136831025827868,0.0150341685649202,0.0138238050609184,0.0152782966006723,0.0128292719957488,0.0128587474340601,0.0131604792771557,0.0133771505895998,0.0055523801747365,0.1436865021770681,0.0824139306127875,-0.0030030030030028,0.1162214266042411,0.1584074544684455,0.1678754266211604,-0.0285192387013138,0.0684667309546769,-0.0456979650124955,-0.0085081427346954,0.0625669552579721,0.0764371423641743,0.1520110511469796,0.1373713838540442,0.1307570142932768,Materials,15.0,3.0,86,7.80954132465341,1914.5,2449.4,9.799770130704456,8.865113928859758,9.745926898683633,8.860272127088306
APD,2016Q4,2016,Q4,0,0,0,1,1882.5,564.4,1318.1,237.5,165.7,572.2,328.3,336.6,299.8,15.1,314.90000000000003,15956.2,7161.5,18028.6,7079.6,0.0080212483399734,0.0880212483399734,0.2998140770252324,0.1743957503320053,0.1592563081009296,33.2,34.1,32.7,32.4,33.3,33.8,36.3,35.4,40.9,33.8,33.2,33.5,0.013479496548924,0.0178114390180203,0.0183976595026443,0.0173605529657611,0.0135951661631419,0.0136831025827868,0.0150341685649202,0.0138238050609184,0.0152782966006723,0.0128292719957488,0.0128587474340601,0.0131604792771557,0.0086802764828806,-0.1754675467546754,-0.0105189340813464,-0.5339506172839505,-0.0778404512489926,-0.1186577181208053,-0.1225234619395203,0.0171309514623041,-0.2183962264150943,0.2001010611419909,-0.5379612414539373,-0.2251223784108847,-0.0190339902661444,-0.1262421775983314,-0.1825631248383803,-0.2047979797979797,Materials,15.0,4.0,87,7.540887027132095,2463.0,1866.3,9.677665417016158,8.876614361022995,9.799770130704456,8.865113928859758
APD,2017Q1,2017,Q1,1,0,0,0,1980.1,576.3,1403.8,180.7,177.6,646.9,395.6,404.6,2130.0,14.8,2144.8,17871.5,9317.4,15956.2,7161.5,0.007474369981314,0.0896924397757689,0.2910459067723852,0.1997878895005303,1.075703247310742,15.1,33.2,34.1,32.7,32.4,33.3,33.8,36.3,35.4,40.9,33.8,33.2,0.0080212483399734,0.013479496548924,0.0178114390180203,0.0183976595026443,0.0173605529657611,0.0135951661631419,0.0136831025827868,0.0150341685649202,0.0138238050609184,0.0152782966006723,0.0128292719957488,0.0128587474340601,0.1140429841341283,-5.500316923727023,0.0210843373493976,-0.5474006116207951,0.0471026222078343,0.0645855758880515,0.0698043363299842,0.1572959604286892,-0.1530758226037195,-0.0627593360995851,-0.5937325625447205,-0.2397742372081465,-0.0834426033004296,-0.0443945242243203,-5.039625928100809,-5.867907399001362,Materials,15.0,1.0,88,7.591407524980281,1882.5,1777.4,9.791018497641007,9.139746219122257,9.677665417016158,8.876614361022995
APD,2017Q2,2017,Q2,0,1,0,0,2121.9,635.7,1486.2,377.2,184.1,442.4,258.7,195.7,101.9,14.6,116.5,17853.8,9412.4,17871.5,9317.4,0.0068806258541872,0.086761864366841,0.2995899901032094,0.1219190348272774,0.0480229982562797,14.8,15.1,33.2,34.1,32.7,32.4,33.3,33.8,36.3,35.4,40.9,33.8,0.007474369981314,0.0080212483399734,0.013479496548924,0.0178114390180203,0.0183976595026443,0.0173605529657611,0.0135951661631419,0.0136831025827868,0.0150341685649202,0.0138238050609184,0.0152782966006723,0.0128292719957488,0.1083311569600418,-0.7061707035755478,0.0696617869762747,-0.5718475073313783,-0.3195939710858199,-0.3443993917891537,-0.512699203187251,0.1257385244659901,-0.1356807511737089,0.8888332498748122,-0.6136962405325057,-0.2201615524398255,-0.0348897256392487,-0.4084794927095221,-0.7348903397876367,-0.6941454449986874,Materials,15.0,2.0,89,7.660538357437956,1980.1,1914.5,9.790027658621652,9.149889485066964,9.791018497641007,9.139746219122257
APD,2017Q3,2017,Q3,0,0,1,0,2203.1,657.8,1545.3,200.7,188.4,741.0,455.7,479.2,468.7,13.3,482.0,18467.2,10086.2,17853.8,9412.4,0.006597887076614526,0.0855158640098043,0.2985792746584358,0.2068449003676637,0.2127456765466842,14.6,14.8,15.1,33.2,34.1,32.7,32.4,33.3,33.8,36.3,35.4,40.9,0.0068806258541872,0.007474369981314,0.0080212483399734,0.013479496548924,0.0178114390180203,0.0183976595026443,0.0173605529657611,0.0135951661631419,0.0136831025827868,0.0150341685649202,0.0138238050609184,0.0152782966006723,-0.1055217214778725,0.1895939086294416,-0.1921896107085841,-0.5993975903614458,-0.0858623242042931,-0.1669104204753199,-0.1247488584474886,-0.0627160793352338,-0.1498194945848374,-0.2491582491582492,-0.5521384708185015,-0.0495235872917501,-0.0968921116496039,-0.0686307319825304,0.3299304602398052,0.1282771535580524,Materials,15.0,3.0,90,7.698074541294341,2121.9,2463.0,9.823805613111233,9.219022572359016,9.790027658621652,9.149889485066964
APD,2017Q4,2017,Q4,0,0,0,1,2216.6,644.8,1571.8,184.1,191.6,712.2,460.7,454.5,154.6,14.6,169.2,18208.8,10215.3,18467.2,10086.2,0.006597887076614526,0.08643868988541,0.2908959667959938,0.2078408373184156,0.0697464585401064,13.3,14.6,14.8,15.1,33.2,34.1,32.7,32.4,33.3,33.8,36.3,35.4,0.006597887076614526,0.0068806258541872,0.007474369981314,0.0080212483399734,0.013479496548924,0.0178114390180203,0.0183976595026443,0.0173605529657611,0.0135951661631419,0.0136831025827868,0.0150341685649202,0.0138238050609184,0.1774767596281539,-0.4843228819212809,0.1424521615875265,-0.0331125827814569,0.2446696959105208,0.4032896740785865,0.3502673796791442,0.1924740156285562,0.156306578153289,-0.2248421052631579,-0.1788479820834128,-0.0179792775541067,-0.0297454686508532,0.1917769608648105,-0.5620490053310525,-0.4626865671641792,Materials,15.0,4.0,91,7.704180808995584,2203.1,1882.5,9.809715189684953,9.231739762982073,9.823805613111233,9.219022572359016
APD,2018Q1,2018,Q1,1,0,0,0,2155.7,649.2,1506.5,193.8,194.6,750.2,455.4,479.8,416.4,14.5,430.9,18511.1,10580.8,18208.8,10215.3,0.0067263533886904,0.0902723013406318,0.3011550772370924,0.21125388504894,0.1931623138655657,14.6,13.3,14.6,14.8,15.1,33.2,34.1,32.7,32.4,33.3,33.8,36.3,0.006597887076614526,0.006597887076614526,0.0068806258541872,0.007474369981314,0.0080212483399734,0.013479496548924,0.0178114390180203,0.0183976595026443,0.0173605529657611,0.0135951661631419,0.0136831025827868,0.0150341685649202,0.088682389778294,-0.8045070422535211,0.1264966163456535,-0.0202702702702702,0.1596846498686042,0.1511627906976742,0.1858625803262481,0.0731585695968086,0.0957207207207206,0.0724958494742669,-0.1000775442604083,0.0064649993501411,0.0347339379440685,0.057390843744707,-0.8204315973308889,-0.7990954867586721,Materials,15.0,1.0,92,7.676334554657935,2216.6,1980.1,9.826179851320337,9.26689082326657,9.809715189684953,9.231739762982073
APD,2018Q2,2018,Q2,0,1,0,0,2259.0,713.6,1545.4,197.8,188.6,832.3,515.8,551.8,473.9,15.0,488.9,19206.0,10486.0,18511.1,10580.8,0.0066401062416998,0.0834882691456396,0.315891987605135,0.228331119964586,0.2097830898627711,14.5,14.6,13.3,14.6,14.8,15.1,33.2,34.1,32.7,32.4,33.3,33.8,0.0067263533886904,0.006597887076614526,0.006597887076614526,0.0068806258541872,0.007474369981314,0.0080212483399734,0.013479496548924,0.0178114390180203,0.0183976595026443,0.0173605529657611,0.0135951661631419,0.0136831025827868,0.064611904425279,3.650637880274779,0.1225420795972942,0.0273972602739727,0.8813291139240507,0.9938152299961344,1.819621870209504,0.0398331314762481,0.0244432373709939,-0.4756097560975609,-0.0349560661463733,-0.037730807712478,0.0544143597598489,0.8728094451212032,3.368388011578156,3.19656652360515,Materials,15.0,2.0,93,7.723120092266331,2155.7,2121.9,9.863030074904852,9.257891673834406,9.826179851320337,9.26689082326657
APD,2018Q3,2018,Q3,0,0,1,0,2298.9,733.1,1565.8,199.4,186.0,821.5,533.7,528.9,452.9,20.4,473.3,19178.3,10857.5,19206.0,10486.0,0.0088738092131019,0.0809082604723998,0.3188916438296577,0.2321545086780634,0.1970072643438166,15.0,14.5,14.6,13.3,14.6,14.8,15.1,33.2,34.1,32.7,32.4,33.3,0.0066401062416998,0.0067263533886904,0.006597887076614526,0.006597887076614526,0.0068806258541872,0.007474369981314,0.0080212483399734,0.013479496548924,0.0178114390180203,0.0183976595026443,0.0173605529657611,0.0135951661631419,0.0434841813807818,-0.0337102624279923,0.1144724840377016,0.5338345864661653,0.1086369770580297,0.1711652402896644,0.1037145242070116,0.0132660324856015,-0.0127388535031847,-0.0064773293472844,0.469916471983822,-0.0538801027242884,0.0680300707222847,0.1223603205368477,-0.0739775889143111,-0.0180497925311203,Materials,15.0,3.0,94,7.740620922711164,2259.0,2203.1,9.861586851421055,9.292703462401306,9.863030074904852,9.257891673834406
APD,2018Q4,2018,Q4,0,0,0,1,2224.0,680.0,1544.0,225.0,189.6,784.4,455.0,489.1,347.5,15.0,362.5,19142.0,10882.9,19178.3,10857.5,0.0067446043165467,0.085251798561151,0.3057553956834532,0.2045863309352518,0.15625,20.4,15.0,14.5,14.6,13.3,14.6,14.8,15.1,33.2,34.1,32.7,32.4,0.0088738092131019,0.0066401062416998,0.0067263533886904,0.006597887076614526,0.00659735265680332,0.0068806258541872,0.007474369981314,0.0080212483399734,0.013479496548924,0.0178114390180203,0.0183976595026443,0.0173605529657611,0.0033384462690606,1.2477360931435966,0.054590570719603,0.0273972602739727,0.1013760179724796,-0.0123724766659431,0.0761276127612762,-0.0176867285914238,-0.0104384133611691,0.2221618685497013,0.0239787621957228,-0.0137310193598775,0.0510815913026403,-0.0156586473820726,1.2402571151358344,1.1424349881796694,Materials,15.0,4.0,95,7.707512194600341,2298.9,2216.6,9.859692392536456,9.295039912062325,9.861586851421055,9.292703462401306
APD,2019Q1,2019,Q1,1,0,0,0,2187.7,713.0,1474.7,196.5,190.0,838.5,516.5,541.0,421.3,16.9,438.2,19244.5,11165.7,19142.0,10882.9,0.0077250079992686,0.0868492023586415,0.3259130593774283,0.2360927000959912,0.1925766787036614,15.0,20.4,15.0,14.5,14.6,13.3,14.6,14.8,15.1,33.2,34.1,32.7,0.0067446043165467,0.0088738092131019,0.0066401062416998,0.0067263533886904,0.00659735265680332,0.006596818236992113,0.0068806258541872,0.007474369981314,0.0080212483399734,0.013479496548924,0.0178114390180203,0.0183976595026443,0.0148443660991788,0.0117675312199809,0.0982747997535427,0.1655172413793102,0.1177019461476938,0.1341677646025472,0.1275531471446436,-0.0211085297046133,-0.0236382322713257,0.0139318885448915,0.1484689478636829,-0.0379197043960766,0.0822100771717841,0.1175780272220647,-0.0030318292951899,0.0169412856811326,Materials,15.0,1.0,96,7.691063039250039,2224.0,2155.7,9.865032546154579,9.32069141421522,9.859692392536456,9.295039912062325
APD,2019Q2,2019,Q2,0,1,0,0,2224.0,758.0,1466.0,188.3,188.5,912.8,569.7,609.5,488.0,18.1,506.1,19531.9,11386.1,19244.5,11165.7,0.008138489208633,0.0847571942446043,0.3408273381294964,0.256160071942446,0.2194244604316546,16.9,15.0,20.4,15.0,14.5,14.6,13.3,14.6,14.8,15.1,33.2,34.1,0.0077250079992686,0.0067446043165467,0.0088738092131019,0.0066401062416998,0.0067263533886904,0.006596818236992113,0.006596283817180908,0.0068806258541872,0.007474369981314,0.0080212483399734,0.013479496548924,0.0178114390180203,-0.015493581230633,0.0297531124709855,0.062219730941704,0.2066666666666667,0.0967199327165686,0.1044978673904615,0.1045668720550925,-0.0513782839394332,-0.0005302226935312,-0.0480283114256825,0.2256564748201439,0.0151988430464538,0.0789363184340419,0.1218798032531711,0.0459587594748003,0.0351810186132133,Materials,15.0,2.0,97,7.707512194600341,2187.7,2259.0,9.879855502350578,9.340236414716367,9.865032546154579,9.32069141421522
APD,2019Q3,2019,Q3,0,0,1,0,2283.2,792.4,1490.8,189.2,181.9,973.6,603.2,649.9,503.2,22.9,526.1,18942.8,11053.6,19531.9,11386.1,0.0100297827610371,0.0796688857743518,0.3470567624386825,0.2641906096706377,0.2203924316748423,18.1,16.9,15.0,20.4,15.0,14.5,14.6,13.3,14.6,14.8,15.1,33.2,0.008138489208633,0.0077250079992686,0.0067446043165467,0.0088738092131019,0.0066401062416998,0.0067263533886904,0.006596283817180908,0.006595749397369702,0.0068806258541872,0.007474369981314,0.0080212483399734,0.013479496548924,-0.0068293531689069,0.1110620446014574,0.0808893738916927,0.1225490196078431,0.1851491174680462,0.1302229717069514,0.228776706371715,-0.0478988376548729,-0.0220430107526881,-0.0511534603811435,0.1302680190857001,-0.015318271469584,0.0883219085667539,0.1379947396886436,0.1187020560328881,0.1115571519121065,Materials,15.0,3.0,98,7.733771132616506,2224.0,2298.9,9.84923198019557,9.310601909914187,9.879855502350578,9.340236414716367
APD,2019Q4,2019,Q4,0,0,0,1,2254.7,768.1,1486.6,207.1,201.7,917.5,561.0,609.6,475.6,17.7,493.3,19651.6,11556.0,18942.8,11053.6,0.0078502683283807,0.0894575775047678,0.3406661640129507,0.2488135893910498,0.2109371535015745,22.9,18.1,16.9,15.0,20.4,15.0,14.5,14.6,13.3,14.6,14.8,15.1,0.0100297827610371,0.008138489208633,0.0077250079992686,0.0067446043165467,0.0088738092131019,0.0066401062416998,0.0067263533886904,0.006595749397369702,0.006595214977558495,0.0068806258541872,0.007474369981314,0.0080212483399734,0.0138039568345322,0.3686330935251798,0.1295588235294118,0.1799999999999999,0.1696838347781744,0.232967032967033,0.2463708852995296,-0.0371761658031088,0.0638185654008438,-0.0795555555555556,0.1639331174879141,0.0493336095495973,0.114178748183533,0.2161789512213072,0.3499977824100768,0.3608275862068966,Materials,15.0,4.0,99,7.721215625052091,2283.2,2224.0,9.885964924066108,9.355046592975441,9.84923198019557,9.310601909914187
APD,2020Q1,2020,Q1,1,0,0,0,2216.3,756.2,1460.1,179.0,167.9,967.2,577.2,653.2,477.8,19.2,497.0,19501.2,11371.9,19651.6,11556.0,0.0086630871271939,0.0757568921174931,0.3411992961241709,0.2604340567612688,0.2155845327798583,17.7,22.9,18.1,16.9,15.0,20.4,15.0,14.5,14.6,13.3,14.6,14.8,0.0078502683283807,0.0100297827610371,0.008138489208633,0.0077250079992686,0.0067446043165467,0.0088738092131019,0.0066401062416998,0.0067263533886904,0.006595214977558495,0.00659468055774729,0.0068806258541872,0.007474369981314,0.0130730904603009,0.1341087111322099,0.0605890603085554,0.136094674556213,0.1534883720930233,0.1175217812197484,0.2073937153419593,-0.00990031870889,-0.1163157894736841,-0.0890585241730279,0.1214340655717307,-0.1277191953397911,0.0469028052326068,0.1031008440980207,0.1194737297946735,0.1341853035143769,Materials,15.0,1.0,100,7.704045518458951,2254.7,2187.7,9.878282558700903,9.338988611391018,9.885964924066108,9.355046592975441
APD,2020Q2,2020,Q2,0,1,0,0,2065.2,720.3,1344.9,181.1,176.9,889.1,539.2,566.4,446.5,19.9,466.4,24782.1,11659.3,19501.2,11371.9,0.0096358706178578,0.0856575634321131,0.3487797791981406,0.2610885144295952,0.2162018206469107,19.2,17.7,22.9,18.1,16.9,15.0,20.4,15.0,14.5,14.6,13.3,14.6,0.0086630871271939,0.0078502683283807,0.0100297827610371,0.008138489208633,0.0077250079992686,0.0067446043165467,0.0088738092131019,0.0066401062416998,0.0067263533886904,0.00659468055774729,0.006594146137936084,0.0068806258541872,-0.0714028776978418,-0.0850409836065574,-0.0497361477572559,0.0994475138121544,-0.0259640666082383,-0.0535369492715464,-0.0707136997538966,-0.0826057298772168,-0.0615384615384615,-0.0382368560807223,0.1839876383489407,0.0106229234642949,0.0233327558531197,0.0192396982471823,-0.0146867845927673,-0.0784429954554436,Materials,15.0,2.0,101,7.633466450415345,2216.3,2224.0,10.117917248246483,9.363945188561491,9.878282558700903,9.338988611391018
APD,2020Q3,2020,Q3,0,0,1,0,2320.1,753.6,1566.5,193.4,195.6,944.3,560.2,594.6,486.8,27.1,513.9,25168.5,12079.8,24782.1,11659.3,0.0116805310115943,0.0843067109176328,0.3248135856213094,0.2414551096935477,0.209818542304211,19.9,19.2,17.7,22.9,18.1,16.9,15.0,20.4,15.0,14.5,14.6,13.3,0.0096358706178578,0.0086630871271939,0.0078502683283807,0.0100297827610371,0.008138489208633,0.0077250079992686,0.0067446043165467,0.0088738092131019,0.0066401062416998,0.0067263533886904,0.006594146137936084,0.006593611718124877,0.0161615276804485,-0.032591414944356,-0.0489651691065118,0.1834061135371181,-0.0300944946589976,-0.0712864721485411,-0.0850900138482843,0.0507781057150522,0.0753161077515116,0.0221987315010572,0.1645846465359026,0.0582137568286933,-0.0640908900926631,-0.086057184263415,-0.0479775520886832,-0.0231895076981563,Materials,15.0,3.0,102,7.749796490223519,2065.2,2283.2,10.133388223013498,9.39937269446158,10.117917248246483,9.363945188561491
APD,2020Q4,2020,Q4,0,0,0,1,2375.2,742.8,1632.4,203.7,202.7,950.7,539.1,590.3,482.0,23.5,505.5,26088.1,12683.6,25168.5,12079.8,0.0098939036712697,0.0853401818794206,0.3127315594476255,0.2269703603907039,0.2029302795554058,27.1,19.9,19.2,17.7,22.9,18.1,16.9,15.0,20.4,15.0,14.5,14.6,0.0116805310115943,0.0096358706178578,0.0086630871271939,0.0078502683283807,0.0100297827610371,0.008138489208633,0.0077250079992686,0.0067446043165467,0.0088738092131019,0.0066401062416998,0.0067263533886904,0.006593611718124877,0.0534439171508405,0.0134566862910008,-0.0329384194766307,0.3276836158192091,0.0361852861035423,-0.0390374331550801,-0.0316601049868767,0.0980761469124176,0.0049578582052554,-0.0164171897633993,0.2603268139893782,-0.0460262365714932,-0.0819999386973556,-0.0877895337381101,-0.0379585758755812,0.0247314007703223,Materials,15.0,4.0,103,7.773257852024187,2320.1,2254.7,10.169272881560305,9.448143938229142,10.133388223013498,9.39937269446158
APD,2021Q1,2021,Q1,1,0,0,0,2502.0,756.5,1745.5,208.0,210.3,964.4,548.5,599.0,473.1,21.1,494.2000000000001,26158.9,12726.2,26088.1,12683.6,0.0084332533972821,0.0840527577937649,0.3023581135091926,0.219224620303757,0.1890887290167865,23.5,27.1,19.9,19.2,17.7,22.9,18.1,16.9,15.0,20.4,15.0,14.5,0.0098939036712697,0.0116805310115943,0.0096358706178578,0.0086630871271939,0.0078502683283807,0.0100297827610371,0.008138489208633,0.0077250079992686,0.0067446043165467,0.0088738092131019,0.0066401062416998,0.0067263533886904,0.1289085412624644,-0.009836751778987,0.0003967204443269,0.0989583333333334,-0.0028949545078578,-0.0497227997227998,-0.0829761175750153,0.1954660639682215,0.2525312686122691,0.1620111731843576,-0.0265302341460164,0.1095064151180544,-0.1138372296080088,-0.1582336694746766,-0.1229021554627373,-0.0056338028169012,Materials,15.0,1.0,104,7.8252452914317745,2375.2,2216.3,10.171982982933859,9.45149671449103,10.169272881560305,9.448143938229142
APD,2021Q2,2021,Q2,0,1,0,0,2604.7,802.8,1801.9,225.7,213.3,997.1,577.1,625.8,533.6,23.2,556.8000000000001,26252.1,13082.9,26158.9,12726.2,0.0089069758513456,0.0818904288401735,0.3082120781663915,0.2215610243022229,0.2048604445809498,21.1,23.5,27.1,19.9,19.2,17.7,22.9,18.1,16.9,15.0,20.4,15.0,0.0084332533972821,0.0098939036712697,0.0116805310115943,0.0096358706178578,0.0086630871271939,0.0078502683283807,0.0100297827610371,0.008138489208633,0.0077250079992686,0.0067446043165467,0.0088738092131019,0.0066401062416998,0.261233778810769,0.1950727883538634,0.1145356101624324,0.1658291457286431,0.121471150601732,0.0702893175074184,0.104872881355932,0.3398022157781246,0.2057659694742792,0.2462727774710105,-0.0756438930553254,-0.043979007118562,-0.1163132252821994,-0.1513949788780587,-0.0524573568900837,0.1938250428816468,Materials,15.0,2.0,105,7.86545663210184,2502.0,2065.2,10.17553935628517,9.479137745706414,10.171982982933859,9.45149671449103
APD,2021Q3,2021,Q3,0,0,1,0,2841.1,834.8,2006.3,218.1,202.1,1058.3,616.7,692.3,610.4,25.7,636.1,26859.2,13539.7,26252.1,13082.9,0.0090457921227693,0.0711344197669916,0.2938298546337686,0.2170638133117454,0.2148463623244517,23.2,21.1,23.5,27.1,19.9,19.2,17.7,22.9,18.1,16.9,15.0,20.4,0.0089069758513456,0.0084332533972821,0.0098939036712697,0.0116805310115943,0.0096358706178578,0.0086630871271939,0.0078502683283807,0.0100297827610371,0.008138489208633,0.0077250079992686,0.0067446043165467,0.0088738092131019,0.2245592862376622,0.2539030402629416,0.1077494692144371,-0.0516605166051661,0.1207243460764586,0.1008568368439843,0.1643121426168852,0.2807532716246408,0.0332310838445808,0.1277145811789037,-0.2255667046480749,-0.1562424984591138,-0.0953892705204266,-0.1010179341938939,0.0239627058935096,0.237789453201012,Materials,15.0,3.0,106,7.952298494526405,2604.7,2320.1,10.19840091606589,9.513455243800541,10.17553935628517,9.479137745706414
APD,2021Q4,2021,Q4,0,0,0,1,2994.2,770.6,2223.6,247.6,232.8,1024.3,523.0,662.9,560.4,23.3,583.6999999999999,27125.3,13825.1,26859.2,13539.7,0.0077817113085298,0.0777503172800748,0.2573642375258834,0.1746710306592746,0.1871618462360564,25.7,23.2,21.1,23.5,27.1,19.9,19.2,17.7,22.9,18.1,16.9,15.0,0.0090457921227693,0.0089069758513456,0.0084332533972821,0.0098939036712697,0.0116805310115943,0.0096358706178578,0.0086630871271939,0.0078502683283807,0.0100297827610371,0.008138489208633,0.0077250079992686,0.0067446043165467,0.2606096328730212,0.1626556016597509,0.0374259558427572,-0.0085106382978723,0.0774166403702534,-0.0298645891300315,0.1229883110282907,0.3621661357510413,0.1484953132708437,0.2155130093274424,-0.2134842255310621,-0.0889365880432475,-0.1770442420954789,-0.2304236096792635,-0.0777036987969271,0.154698318496538,Materials,15.0,4.0,107,8.004766286283273,2841.1,2375.2,10.208259015961614,9.534313389228945,10.19840091606589,9.513455243800541
APD,2022Q1,2022,Q1,1,0,0,0,2945.1,793.5,2151.6,231.6,227.0,1027.7,561.9,659.5,530.5,23.7,554.2,27449.7,13955.1,27125.3,13825.1,0.0080472649485586,0.0770771790431564,0.2694305796068045,0.1907914841601304,0.1801297069709008,23.3,25.7,23.2,21.1,23.5,27.1,19.9,19.2,17.7,22.9,18.1,16.9,0.0077817113085298,0.0090457921227693,0.0089069758513456,0.0084332533972821,0.0098939036712697,0.0116805310115943,0.0096358706178578,0.0086630871271939,0.0078502683283807,0.0100297827610371,0.008138489208633,0.0077250079992686,0.1770983213429255,0.1213274149228491,0.0489094514210177,0.1232227488151658,0.0656366652841144,0.0244302643573381,0.1010016694490818,0.2326553995989686,0.0794103661436043,0.1134615384615385,-0.0457698151045652,-0.0829904804280675,-0.1089024320208527,-0.1296986447244371,-0.0473799897670812,0.1214083367057872,Materials,15.0,1.0,108,7.988237540777776,2994.2,2502.0,10.220146947523281,9.543671967657893,10.208259015961614,9.534313389228945
APD,2022Q2,2022,Q2,0,1,0,0,3189.3,847.2,2342.1,219.8,216.9,1091.2,627.4,721.3,582.1,24.8,606.9,27489.0,13643.9,27449.7,13955.1,0.0077760010033549,0.0680086539366005,0.2656382278242875,0.1967202834477785,0.1825165396795535,23.7,23.3,25.7,23.2,21.1,23.5,27.1,19.9,19.2,17.7,22.9,18.1,0.0080472649485586,0.0077817113085298,0.0090457921227693,0.0089069758513456,0.0084332533972821,0.0098939036712697,0.0116805310115943,0.0096358706178578,0.0086630871271939,0.0078502683283807,0.0100297827610371,0.008138489208633,0.2244404345989943,0.0908920539730135,0.0553064275037369,0.0689655172413794,0.0943736836826798,0.0871599376191301,0.1526046660274849,0.299794661190965,0.0168776371308017,-0.0261408949933539,-0.1269763011448843,-0.1695164514361775,-0.1381316741231668,-0.112116925495705,-0.1090689076024494,0.0899784482758618,Materials,15.0,2.0,109,8.067870235244188,2945.1,2604.7,10.221577581159291,9.521121104423756,10.220146947523281,9.543671967657893
APD,2022Q3,2022,Q3,0,0,1,0,3570.0,948.8,2621.2,322.3,223.9,1076.3,626.5,711.0,583.1,31.1,614.2,27192.6,13144.0,27489.0,13643.9,0.0087114845938375,0.0627170868347339,0.2657703081232493,0.1754901960784313,0.1633333333333333,24.8,23.7,23.3,25.7,23.2,21.1,23.5,27.1,19.9,19.2,17.7,22.9,0.0077760010033549,0.0080472649485586,0.0077817113085298,0.0090457921227693,0.0089069758513456,0.0084332533972821,0.0098939036712697,0.0116805310115943,0.0096358706178578,0.0086630871271939,0.0078502683283807,0.0100297827610371,0.2565555594664039,-0.0447247706422018,0.1365596550071872,0.2101167315175098,0.0170084097136917,0.0158910329171395,0.0270114112379027,0.3064845735931814,0.1078673923800099,0.4777624942686842,-0.0369572420407853,-0.1183299584059253,-0.0954959003246721,-0.1915271670529734,-0.2397668195718654,-0.0344285489702876,Materials,15.0,3.0,110,8.18060094759445,3189.3,2841.1,10.210736930480438,9.483796737163981,10.221577581159291,9.521121104423756
APD,2022Q4,2022,Q4,0,0,0,1,3174.7,902.4,2272.3,250.4,234.4,1082.9,652.0,720.2,572.2,24.4,596.6,28278.3,13935.7,27192.6,13144.0,0.0076857655841496,0.0738337480706838,0.2842473304564211,0.2053737361010489,0.1802375027561659,31.1,24.8,23.7,23.3,25.7,23.2,21.1,23.5,27.1,19.9,19.2,17.7,0.0087114845938375,0.0077760010033549,0.0080472649485586,0.0077817113085298,0.0090457921227693,0.0089069758513456,0.0084332533972821,0.0098939036712697,0.0116805310115943,0.0096358706178578,0.0086630871271939,0.0078502683283807,0.0602832142141473,0.0210563882940757,0.1710355567090578,0.0472103004291843,0.0572098018158744,0.2466539196940727,0.0864383768290844,0.0219014211189063,0.0068728522336769,0.011308562197092,-0.0123296432591853,-0.0503736749431205,0.1044554332372384,0.1757744562787009,-0.0369965546885937,0.0221003940380333,Materials,15.0,4.0,111,8.06328335946726,3570.0,2994.2,10.249885367228915,9.542280927451944,10.210736930480438,9.483796737163981
APD,2023Q1,2023,Q1,1,0,0,0,3200.1,917.3,2282.8,457.5,251.2,951.4,459.8,570.9,439.8,27.2,467.0,29435.4,14058.3,28278.3,13935.7,0.0084997343833005,0.0784975469516577,0.2866472922721165,0.1436830099059404,0.1374332052123371,24.4,31.1,24.8,23.7,23.3,25.7,23.2,21.1,23.5,27.1,19.9,19.2,0.0076857655841496,0.0087114845938375,0.0077760010033549,0.0080472649485586,0.0077817113085298,0.0090457921227693,0.0089069758513456,0.0084332533972821,0.0098939036712697,0.0116805310115943,0.0096358706178578,0.0086630871271939,0.0865844962819599,-0.170970782280867,0.1560176433522369,0.1476793248945147,-0.074243456261555,-0.181704929702794,-0.13434420015163,0.0609778769287974,0.1066079295154185,0.9753886010362696,0.05622648659318,0.0184278657591507,0.0639003660625208,-0.2469107804342674,-0.2370319836553175,-0.1573439191627572,Materials,15.0,1.0,112,8.071249779719322,3174.7,2945.1,10.28998728275699,9.551039377496526,10.249885367228915,9.542280927451944
APD,2023Q2,2023,Q2,0,1,0,0,3033.9,963.2,2070.7,319.0,238.7,1137.4,644.2,750.1,595.6,29.3,624.9,30929.5,14138.0,29435.4,14058.3,0.0096575365041695,0.078677609677313,0.3174791522462836,0.2123339595899667,0.1963149741257127,27.2,24.4,31.1,24.8,23.7,23.3,25.7,23.2,21.1,23.5,27.1,19.9,0.0084997343833005,0.0076857655841496,0.0087114845938375,0.0077760010033549,0.0080472649485586,0.0077817113085298,0.0090457921227693,0.0089069758513456,0.0084332533972821,0.0098939036712697,0.0116805310115943,0.0096358706178578,-0.0487254256419904,0.0231918914275897,0.1369216241737487,0.1814516129032257,0.0423387096774194,0.0267771756455212,0.03992790794399,-0.1158789120874429,0.1005071461502995,0.4513193812556868,0.2419669827720947,0.1568764432635059,0.195156114564533,0.0793699351614296,0.0756010083819547,0.0296589223924863,Materials,15.0,2.0,113,8.01793375402161,3200.1,3189.3,10.339498031083533,9.556692215591841,10.28998728275699,9.551039377496526
APD,2023Q3,2023,Q3,0,0,1,0,3191.3,984.1,2207.2,245.5,232.7,1246.5,738.6,841.2,692.6,24.7,717.3000000000001,32002.5,14312.9,30929.5,14138.0,0.0077397925610252,0.0729169930749224,0.3083696299313759,0.2314417322094444,0.2170275436342556,29.3,27.2,24.4,31.1,24.8,23.7,23.3,25.7,23.2,21.1,23.5,27.1,0.0096575365041695,0.0084997343833005,0.0076857655841496,0.0087114845938375,0.0077760010033549,0.0080472649485586,0.0077817113085298,0.0090457921227693,0.0089069758513456,0.0084332533972821,0.0098939036712697,0.0116805310115943,-0.106078431372549,0.1877894014748755,0.0372048903878583,-0.2057877813504823,0.1581343491591564,0.1789305666400638,0.1831223628691984,-0.1579429269037082,0.0393032603840999,-0.2382873099596649,-0.111541497014139,0.1626336099931804,0.1602862340377444,0.3188299824225324,0.3287400630668713,0.1678606317160533,Materials,15.0,3.0,114,8.068496939115796,3033.9,3570.0,10.373600550800854,9.568986372106751,10.339498031083533,9.556692215591841
APD,2023Q4,2023,Q4,0,0,0,1,2997.1,931.2,2065.9,263.3,238.4,1159.7,667.1,757.0,609.3,25.7,635.0,34118.2,14873.0,32002.5,14312.9,0.0085749557905975,0.079543558773481,0.3107003436655434,0.2225818291014647,0.2032965199693036,24.7,29.3,27.2,24.4,31.1,24.8,23.7,23.3,25.7,23.2,21.1,23.5,0.0077397925610252,0.0096575365041695,0.0084997343833005,0.0076857655841496,0.0087114845938375,0.0077760010033549,0.0080472649485586,0.0077817113085298,0.0090457921227693,0.0089069758513456,0.0084332533972821,0.0098939036712697,-0.0559422937600403,0.0648374694162878,0.0319148936170212,0.0532786885245901,0.0709206759626928,0.0231595092024541,0.0510969175229103,-0.0908330766184043,0.0170648464163822,0.051517571884984,0.1156931208364806,0.0773333448727398,0.0930633655086441,0.0837891608104604,0.1279368436675081,0.0643647334897754,Materials,15.0,4.0,115,8.005734033676639,3191.3,3174.7,10.437615554671886,9.607370001263245,10.373600550800854,9.568986372106751
APD,2024Q1,2024,Q1,1,0,0,0,2930.2,938.7,1991.5,301.5,240.6,1132.1,637.2,711.4,572.4,25.4,597.8,35921.7,14913.4,34118.2,14873.0,0.0086683502832571,0.0821104361477032,0.3203535594839943,0.2174595590744659,0.1953450276431643,25.7,24.7,29.3,27.2,24.4,31.1,24.8,23.7,23.3,25.7,23.2,21.1,0.0085749557905975,0.0077397925610252,0.0096575365041695,0.0084997343833005,0.0076857655841496,0.0087114845938375,0.0077760010033549,0.0080472649485586,0.0077817113085298,0.0090457921227693,0.0089069758513456,0.0084332533972821,-0.0843411143401768,0.30150068212824,0.0233293360950617,-0.0661764705882352,0.1899306285474038,0.3858199217050893,0.2461026449465755,-0.1276064482214824,-0.0421974522292993,-0.340983606557377,0.0198377846121726,0.0460255044437305,0.1175879490948763,0.5134674532279218,0.4213815892698727,0.2800856531049249,Materials,15.0,1.0,116,7.983167174479811,2997.1,3200.1,10.489124686629097,9.610082468181252,10.437615554671886,9.607370001263245
APD,2024Q2,2024,Q2,0,1,0,0,2985.3,979.4,2005.9,242.3,235.4,1265.5,737.6,849.5,696.6,27.0,723.6,36974.3,15101.3,35921.7,14913.4,0.0090443171540548,0.078853046594982,0.3280742303956051,0.2470773456604026,0.2333433825746156,25.4,25.7,24.7,29.3,27.2,24.4,31.1,24.8,23.7,23.3,25.7,23.2,0.0086683502832571,0.0085749557905975,0.0077397925610252,0.0096575365041695,0.0084997343833005,0.0076857655841496,0.0087114845938375,0.0077760010033549,0.0080472649485586,0.0077817113085298,0.0090457921227693,0.0089069758513456,-0.0160189854642539,0.1695768972464741,0.0168189368770763,-0.0784982935153584,0.1126252857394056,0.1449860291834832,0.1325156645780563,-0.0312937653933451,-0.0138248847926266,-0.2404388714733542,-0.0634964568707487,0.002229820127843,0.0333725161931337,0.1636261393962983,0.1886173411570288,0.157945271243399,Materials,15.0,2.0,117,8.001790441907133,2930.2,3033.9,10.51800540113635,9.62260232908462,10.489124686629097,9.610082468181252
APD,2024Q3,2024,Q3,0,0,1,0,3187.5,1083.1,2104.4,-1341.3,228.0,2933.8,2424.4,2503.3,1949.9,22.1,1972.0,39574.6,17036.5,36974.3,15101.3,0.0069333333333333,0.0715294117647058,0.3397960784313725,0.7605960784313726,0.6117333333333334,27.0,25.4,25.7,24.7,29.3,27.2,24.4,31.1,24.8,23.7,23.3,25.7,0.0090443171540548,0.0086683502832571,0.0085749557905975,0.0077397925610252,0.0096575365041695,0.0084997343833005,0.0076857655841496,0.0087114845938375,0.0077760010033549,0.0080472649485586,0.0077817113085298,0.0090457921227693,-0.0011907373170808,1.8153335258446432,0.1005995325678283,-0.1052631578947367,1.3536301644604896,2.282426211751963,1.9758678078934853,-0.0465748459586805,-0.0201976794155565,-6.463543788187373,-0.1041964912280699,-0.0190296013549381,0.1019116198537131,2.286339378686758,1.8186898450283957,1.7491983828244804,Materials,15.0,3.0,118,8.067305865755326,2985.3,3191.3,10.58596804572083,9.743172076004788,10.51800540113635,9.62260232908462
APD,2024Q4,2024,Q4,0,0,0,1,2931.5,915.0,2016.5,271.4,242.4,1199.4,643.6,790.5,617.4,22.0,639.4,40017.2,16692.3,39574.6,17036.5,0.0075046904315197,0.0826880436636534,0.3121268974927511,0.2195463073511854,0.2106089032918301,22.1,27.0,25.4,25.7,24.7,29.3,27.2,24.4,31.1,24.8,23.7,23.3,0.0069333333333333,0.0090443171540548,0.0086683502832571,0.0085749557905975,0.0077397925610252,0.0096575365041695,0.0084997343833005,0.0076857655841496,0.0087114845938375,0.0077760010033549,0.0080472649485586,0.0077817113085298,-0.0218878248974008,0.0132939438700148,-0.0173969072164948,-0.1439688715953306,0.0342329912908512,-0.0352271023834507,0.0442536327608982,-0.0239120964228666,0.0167785234899329,0.0307633877706037,-0.124812930260401,0.0395316093302671,0.0045914137408982,-0.013637778800423,0.0359690531034695,0.0069291338582677,Materials,15.0,4.0,119,7.983610580527631,3187.5,2997.1,10.597089629614961,9.722762720298764,10.58596804572083,9.743172076004788
APD,2025Q1,2025,Q1,1,0,0,0,2916.2,862.3,2053.9,3190.3,222.0,-1817.5,-2328.0,-2243.3,-1730.6,22.9,-1707.6999999999998,38872.9,14703.4,40017.2,16692.3,0.0078526850010287,0.0761264659488375,0.2956930251697414,-0.7982991564364584,-0.5934435223921541,22.0,22.1,27.0,25.4,25.7,24.7,29.3,27.2,24.4,31.1,24.8,23.7,0.0075046904315197,0.0069333333333333,0.0090443171540548,0.0086683502832571,0.0085749557905975,0.0077397925610252,0.0096575365041695,0.0084997343833005,0.0076857655841496,0.0087114845938375,0.0077760010033549,0.0080472649485586,-0.0047778308647873,-4.023410202655485,-0.0813891552146586,-0.0984251968503937,-2.605423549156435,-4.653483992467043,-4.153359572673602,0.0313331659553102,-0.0773067331670822,9.581426202321726,-0.0940969452750235,-0.0728770967444567,-0.0769791175536632,-4.671023521955603,-4.037924893978843,-3.8566410170625622,Materials,15.0,1.0,120,7.978379531110078,2931.5,2930.2,10.568078353261265,9.595902047707506,10.597089629614961,9.722762720298764
APD,2025Q2,2025,Q2,0,1,0,0,3022.7,982.6,2040.1,192.0,222.6,1353.2,790.6,890.8,713.8,24.1,737.9,41659.1,15537.5,38872.9,14703.4,0.0079730042677076,0.0736427697092003,0.3250736096867039,0.2615542395871241,0.2361464915472921,22.9,22.0,22.1,27.0,25.4,25.7,24.7,29.3,27.2,24.4,31.1,24.8,0.0078526850010287,0.0075046904315197,0.0069333333333333,0.0090443171540548,0.0086683502832571,0.0085749557905975,0.0077397925610252,0.0096575365041695,0.0084997343833005,0.0076857655841496,0.0087114845938375,0.0077760010033549,0.0125280541319128,0.0246913580246912,0.0032673065141923,-0.1074074074074074,0.0693006716712762,0.0718546637744035,0.0486168334314303,0.0170497033750436,-0.054375531011045,-0.2075938918695832,-0.1184514948004541,-0.0660757841424132,-0.0091461639802763,0.0585925588929523,0.0120128067989251,0.0197622996130457,Materials,15.0,2.0,121,8.014236526028942,2916.2,2985.3,10.637299115196143,9.651076094166266,10.568078353261265,9.595902047707506
