ticker,Year_Quarter,year,quarter,Q1,Q2,Q3,Q4,revenue,grossProfit,costOfRevenue,operatingExpenses,snaExpenses,ebitda,operatingIncome,incomeBeforeTax,netIncome,rnd,net_plus_rnd,totalAssets,totalEquity,totalAssets_lag1,totalEquity_lag1,rnd_to_rev_ratio,sna_to_rev_ratio,grossProfitRatio,operatingIncomeRatio,netIncomeRatio,rnd_lag1,rnd_lag2,rnd_lag3,rnd_lag4,rnd_lag5,rnd_lag6,rnd_lag7,rnd_lag8,rnd_lag9,rnd_lag10,rnd_lag11,rnd_lag12,rnd_to_rev_ratio_lag1,rnd_to_rev_ratio_lag2,rnd_to_rev_ratio_lag3,rnd_to_rev_ratio_lag4,rnd_to_rev_ratio_lag5,rnd_to_rev_ratio_lag6,rnd_to_rev_ratio_lag7,rnd_to_rev_ratio_lag8,rnd_to_rev_ratio_lag9,rnd_to_rev_ratio_lag10,rnd_to_rev_ratio_lag11,rnd_to_rev_ratio_lag12,revenue_yoy,netIncome_yoy,grossProfit_yoy,rnd_yoy,ebitda_yoy,operatingIncome_yoy,incomeBeforeTax_yoy,costOfRevenue_yoy,snaExpenses_yoy,operatingExpenses_yoy,rnd_to_rev_ratio_yoy,sna_to_rev_ratio_yoy,grossProfitRatio_yoy,operatingIncomeRatio_yoy,netIncomeRatio_yoy,net_plus_rnd_yoy,gics_sectors,gics_sector_code,quarter_int,time_idx,revenue_log,revenue_lag1,revenue_lag4,totalAssets_log,totalEquity_log,totalAssets_lag1_log,totalEquity_lag1_log
BA,1995Q2,1995,Q2,0,1,0,0,5558.0,313.0,5245.0,600.0,0.0,-13.0,-287.0,-270.0,-231.0,0.0,-231.0,21747.0,9531.0,22161.0,9895.0,0.0,0.0,0.0563152213026268,-0.0516372795969773,-0.0415617128463476,0.0,,,,,,,,,,,,0.0,,,,,,,,,,,,,,,,,,,,,,,,,,,,Industrials,20.0,2.0,1,8.62317351495347,5037.0,,9.98727707826581,9.162409838218633,10.006134389496271,9.199885914072324
BA,1995Q3,1995,Q3,0,0,1,0,4381.0,223.0,4158.0,0.0,0.0,493.0,223.0,244.0,225.0,0.0,225.0,21725.0,9802.0,21747.0,9531.0,0.0,0.0,0.0509016206345583,0.0509016206345583,0.0513581374115498,0.0,0.0,,,,,,,,,,,0.0,0.0,,,,,,,,,,,,,,,,,,,,,,,,,,,Industrials,20.0,3.0,2,8.385260520155413,5558.0,,9.986264978993697,9.190443740261726,9.98727707826581,9.162409838218633
BA,1995Q4,1995,Q4,0,0,0,1,4539.0,140.0,4399.0,0.0,0.0,364.0,140.0,169.0,218.0,0.0,218.0,22098.0,9898.0,21725.0,9802.0,0.0,0.0,0.0308437981934346,0.0308437981934346,0.0480282000440625,0.0,0.0,0.0,,,,,,,,,,0.0,0.0,0.0,,,,,,,,,,,,,,,,,,,,,,,,,,Industrials,20.0,4.0,3,8.420682291035394,4381.0,,10.003287637613305,9.200189020919808,9.986264978993697,9.190443740261726
BA,1996Q1,1996,Q1,1,0,0,0,4293.0,154.0,4139.0,0.0,0.0,394.0,154.0,170.0,119.0,0.0,119.0,22674.0,10120.0,22098.0,9898.0,0.0,0.0,0.0358723503377591,0.0358723503377591,0.0277195434428138,0.0,0.0,0.0,0.0,,,,,,,,,0.0,0.0,0.0,0.0,,,,,,,,,-0.1477069684335914,-0.3425414364640884,-0.3185840707964602,,-0.1975560081466395,-0.3185840707964602,-0.216589861751152,-0.1396799002286427,,,,,-0.200491023666846,-0.200491023666846,-0.2286003297157263,-0.3425414364640884,Industrials,20.0,1.0,4,8.364973978438726,4539.0,5037.0,10.029018274983338,9.222367752188902,10.003287637613305,9.200189020919808
BA,1996Q2,1996,Q2,0,1,0,0,6275.0,484.0,5791.0,0.0,0.0,740.0,484.0,521.0,468.0,0.0,468.0,22645.0,10354.0,22674.0,10120.0,0.0,0.0,0.0771314741035856,0.0771314741035856,0.0745816733067729,0.0,0.0,0.0,0.0,0.0,,,,,,,,0.0,0.0,0.0,0.0,0.0,,,,,,,,0.129003238575027,-3.0259740259740258,0.5463258785942493,,-57.92307692307692,-2.686411149825784,-2.9296296296296296,0.1040991420400381,,-1.0,,,0.3696381248170257,-2.493716839957244,-2.7944802607750816,-3.0259740259740258,Industrials,20.0,2.0,5,8.744488113852924,4293.0,5558.0,10.027738514873985,9.245224773829685,10.029018274983338,9.222367752188902
BA,1996Q3,1996,Q3,0,0,1,0,5601.0,294.0,5307.0,0.0,0.0,1100.0,294.0,334.0,254.0,0.0,254.0,22002.0,9873.0,22645.0,10354.0,0.0,0.0,0.0524906266738082,0.0524906266738082,0.0453490448134261,0.0,0.0,0.0,0.0,0.0,0.0,,,,,,,0.0,0.0,0.0,0.0,0.0,0.0,,,,,,,0.2784752339648482,0.1288888888888888,0.3183856502242153,,1.231237322515213,0.3183856502242153,0.3688524590163935,0.2763347763347763,,,,,0.0312171993630221,0.0312171993630221,-0.1170037096550219,0.1288888888888888,Industrials,20.0,3.0,6,8.630878955820053,6275.0,4381.0,9.99893408668014,9.197660318818809,10.027738514873985,9.245224773829685
BA,1996Q4,1996,Q4,0,0,0,1,6512.0,422.0,6090.0,0.0,0.0,673.0,422.0,338.0,254.0,0.0,254.0,27254.0,10941.0,22002.0,9873.0,0.0,0.0,0.0648034398034398,0.0648034398034398,0.039004914004914,0.0,0.0,0.0,0.0,0.0,0.0,0.0,,,,,,0.0,0.0,0.0,0.0,0.0,0.0,0.0,,,,,,0.4346772416831901,0.1651376146788989,2.0142857142857142,,0.848901098901099,2.0142857142857142,1.0,0.3844055467151626,,,,,1.101020094770095,1.101020094770095,-0.1878747492279601,0.1651376146788989,Industrials,20.0,4.0,7,8.781555458546402,5601.0,4539.0,10.21299226949838,9.300363874623772,9.99893408668014,9.197660318818809
BA,1997Q1,1997,Q1,1,0,0,0,7318.0,441.0,6877.0,0.0,0.0,1186.0,441.0,552.0,377.0,0.0,377.0,28292.0,11189.0,27254.0,10941.0,0.0,0.0,0.0602623667668761,0.0602623667668761,0.051516807871003,0.0,0.0,0.0,0.0,0.0,0.0,0.0,0.0,,,,,0.0,0.0,0.0,0.0,0.0,0.0,0.0,0.0,,,,,0.704635453063126,2.168067226890756,1.863636363636364,,2.010152284263959,1.863636363636364,2.247058823529412,0.66151244261899,,,,,0.6799113021441525,0.6799113021441525,0.8585013125228227,2.168067226890756,Industrials,20.0,1.0,8,8.898228985601227,6512.0,4293.0,10.250369703211994,9.322775801305971,10.21299226949838,9.300363874623772
BA,1997Q2,1997,Q2,0,1,0,0,9289.0,533.0,8756.0,0.0,0.0,1090.0,533.0,466.0,334.0,0.0,334.0,28861.0,11443.0,28292.0,11189.0,0.0,0.0,0.0573796964151146,0.0573796964151146,0.0359565076972763,0.0,0.0,0.0,0.0,0.0,0.0,0.0,0.0,0.0,,,,0.0,0.0,0.0,0.0,0.0,0.0,0.0,0.0,0.0,,,,0.4803187250996015,-0.2863247863247863,0.1012396694214876,,0.472972972972973,0.1012396694214876,-0.1055662188099808,0.5120013814539803,,,,,-0.2560793491635446,-0.2560793491635446,-0.5178908423068183,-0.2863247863247863,Industrials,20.0,2.0,9,9.136693831807884,7318.0,6275.0,10.270281129996023,9.345220854170002,10.250369703211994,9.322775801305971
BA,1997Q3,1997,Q3,0,0,1,0,11371.0,34.0,11337.0,1013.0,557.0,-644.0,-979.0,-1021.0,-696.0,456.0,-240.0,39374.0,13870.0,28861.0,11443.0,0.040102013894996,0.0489842582006859,0.0029900624395391,-0.0860962096561428,-0.0612083369976255,0.0,0.0,0.0,0.0,0.0,0.0,0.0,0.0,0.0,0.0,,,0.0,0.0,0.0,0.0,0.0,0.0,0.0,0.0,0.0,0.0,,,1.0301731833601142,-3.7401574803149606,-0.8843537414965986,,-1.5854545454545454,-4.329931972789115,-4.05688622754491,1.1362351611079706,,,,,-0.9430362594426568,-2.64022064722468,-2.349716124109058,-1.94488188976378,Industrials,20.0,3.0,10,9.33890947277089,9289.0,5601.0,10.580886376127934,9.53755560876329,10.270281129996023,9.345220854170002
BA,1997Q4,1997,Q4,0,0,0,1,11727.0,1619.0,10108.0,2542.0,682.0,-571.0,-923.0,-805.0,-498.0,460.0,-38.0,38024.0,12953.0,39374.0,13870.0,0.0392257184275603,0.0581563912339046,0.1380574742048264,-0.0787072567579091,-0.0424661038628805,456.0,0.0,0.0,0.0,0.0,0.0,0.0,0.0,0.0,0.0,0.0,,0.040102013894996,0.0,0.0,0.0,0.0,0.0,0.0,0.0,0.0,0.0,0.0,,0.8008292383292384,-2.9606299212598426,2.8364928909952605,,-1.848439821693908,-3.1872037914691944,-3.381656804733728,0.6597701149425288,,,,,1.1304034882033889,-2.2145536872215734,-2.088737276988496,-1.1496062992125984,Industrials,20.0,4.0,11,9.369734424126433,11371.0,6512.0,10.545999117127494,9.469159899742863,10.580886376127934,9.53755560876329
BA,1998Q1,1998,Q1,1,0,0,0,12941.0,1103.0,11838.0,1002.0,515.0,509.0,101.0,73.0,50.0,487.0,537.0,38234.0,13027.0,38024.0,12953.0,0.0376323313499729,0.0397959972181438,0.0852329804497334,0.0078046518816165,0.0038636890503052,460.0,456.0,0.0,0.0,0.0,0.0,0.0,0.0,0.0,0.0,0.0,0.0,0.0392257184275603,0.040102013894996,0.0,0.0,0.0,0.0,0.0,0.0,0.0,0.0,0.0,0.0,0.7683793386171085,-0.8673740053050398,1.5011337868480727,,-0.5708263069139966,-0.7709750566893424,-0.8677536231884058,0.7213901410498764,,,,,0.4143649680978436,-0.8704887925857823,-0.9250013886733854,0.4244031830238726,Industrials,20.0,1.0,12,9.468233115617211,11727.0,7318.0,10.551506605478325,9.474856166396124,10.545999117127494,9.469159899742863
BA,1998Q2,1998,Q2,0,1,0,0,13389.0,1413.0,11976.0,997.0,508.0,812.0,416.0,366.0,258.0,489.0,747.0,37942.0,12955.0,38234.0,13027.0,0.0365225184853237,0.0379415938456942,0.1055343939054447,0.0310702815744267,0.0192695496302935,487.0,460.0,456.0,0.0,0.0,0.0,0.0,0.0,0.0,0.0,0.0,0.0,0.0376323313499729,0.0392257184275603,0.040102013894996,0.0,0.0,0.0,0.0,0.0,0.0,0.0,0.0,0.0,0.4413822801162665,-0.2275449101796407,1.651031894934334,,-0.255045871559633,-0.2195121951219512,-0.2145922746781116,0.3677478300593879,,,,,0.8392288648924511,-0.4585143610790801,-0.4640872858808486,1.2365269461077846,Industrials,20.0,2.0,13,9.502263438685219,12941.0,9289.0,10.543840312582256,9.46931428029122,10.551506605478325,9.474856166396124
BA,1998Q3,1998,Q3,0,0,1,0,12717.0,1452.0,11265.0,1026.0,571.0,847.0,426.0,404.0,347.0,455.0,802.0,37623.0,12972.0,37942.0,12955.0,0.0357788786663521,0.0449005268538177,0.1141778721396555,0.0334984666194857,0.0272863096642289,489.0,487.0,460.0,456.0,0.0,0.0,0.0,0.0,0.0,0.0,0.0,0.0,0.0365225184853237,0.0376323313499729,0.0392257184275603,0.040102013894996,0.0,0.0,0.0,0.0,0.0,0.0,0.0,0.0,0.1183712954005804,-1.4985632183908046,41.70588235294117,-0.0021929824561403,-2.315217391304348,-1.435137895812053,-1.395690499510284,-0.0063508864779041,0.0251346499102333,0.012833168805528,-0.1078034444844516,-0.0833682390399258,37.185781885294816,-1.389081781338276,-1.445794004586132,-4.341666666666667,Industrials,20.0,3.0,14,9.450773591827353,13389.0,11371.0,10.535397423624884,9.470625553571013,10.543840312582256,9.46931428029122
BA,1998Q4,1998,Q4,0,0,0,1,17107.0,1640.0,15467.0,1016.0,552.0,1021.0,624.0,554.0,465.0,464.0,929.0,36672.0,12316.0,37623.0,12972.0,0.0271233997778687,0.0322674928391886,0.0958671888700531,0.0364762962529958,0.0271818553808382,455.0,489.0,487.0,460.0,456.0,0.0,0.0,0.0,0.0,0.0,0.0,0.0,0.0357788786663521,0.0365225184853237,0.0376323313499729,0.0392257184275603,0.040102013894996,0.0,0.0,0.0,0.0,0.0,0.0,0.0,0.4587703590005969,-1.933734939759036,0.012970969734404,0.0086956521739129,-2.7880910683012257,-1.676056338028169,-1.6881987577639752,0.5301741195092995,-0.1906158357771261,-0.6003147128245476,-0.3085301974020297,-0.4451599874997578,-0.3055994293519989,-1.4634426068893631,-1.640083570383715,-25.44736842105263,Industrials,20.0,4.0,15,9.7473014693468,12717.0,11727.0,10.509796068463533,9.418735700941484,10.535397423624884,9.470625553571013
BA,1999Q1,1999,Q1,1,0,0,0,14392.0,1629.0,12763.0,890.0,537.0,1141.0,739.0,670.0,469.0,361.0,830.0,37696.0,12747.0,36672.0,12316.0,0.025083379655364,0.0373123957754307,0.1131878821567537,0.0513479710950528,0.0325875486381323,464.0,455.0,489.0,487.0,460.0,456.0,0.0,0.0,0.0,0.0,0.0,0.0,0.0271233997778687,0.0357788786663521,0.0365225184853237,0.0376323313499729,0.0392257184275603,0.040102013894996,0.0,0.0,0.0,0.0,0.0,0.0,0.1121242562398578,8.38,0.4768812330009067,-0.2587268993839835,1.2416502946954813,6.316831683168317,8.178082191780822,0.0781381990201046,0.0427184466019416,-0.1117764471057883,-0.3334619792195754,-0.0624083228546603,0.3279822148599731,5.579149444961172,7.434309338521402,0.5456238361266295,Industrials,20.0,1.0,16,9.57449725626267,17107.0,12941.0,10.537335794672979,9.453129675537227,10.509796068463533,9.418735700941484
BA,1999Q2,1999,Q2,0,1,0,0,15132.0,1714.0,13418.0,921.0,575.0,1193.0,793.0,1018.0,701.0,350.0,1051.0,38061.0,12676.0,37696.0,12747.0,0.0231297911710282,0.0379989426381178,0.113269891620407,0.0524054982817869,0.046325667459688,361.0,464.0,455.0,489.0,487.0,460.0,456.0,0.0,0.0,0.0,0.0,0.0,0.025083379655364,0.0271233997778687,0.0357788786663521,0.0365225184853237,0.0376323313499729,0.0392257184275603,0.040102013894996,0.0,0.0,0.0,0.0,0.0,0.1301814922697737,1.7170542635658914,0.2130219391365888,-0.2842535787321063,0.4692118226600985,0.90625,1.7814207650273226,0.1204074816299265,0.1318897637795275,-0.0762286860581745,-0.3666978037036856,0.0015115019325993,0.0732983573288255,0.6866760011895321,1.4040866729370682,0.4069611780455153,Industrials,20.0,2.0,17,9.624633068687027,14392.0,13389.0,10.546971688076972,9.447544606938727,10.537335794672979,9.453129675537227
BA,1999Q3,1999,Q3,0,0,1,0,13279.0,1477.0,11802.0,809.0,548.0,1069.0,668.0,683.0,477.0,315.0,792.0,37194.0,12220.0,38061.0,12676.0,0.0237216657880864,0.0412681677837186,0.1112282551396942,0.0503049928458468,0.0359213796219594,350.0,361.0,464.0,455.0,489.0,487.0,460.0,456.0,0.0,0.0,0.0,0.0,0.0231297911710282,0.025083379655364,0.0271233997778687,0.0357788786663521,0.0365225184853237,0.0376323313499729,0.0392257184275603,0.040102013894996,0.0,0.0,0.0,0.0,0.0441928127703075,0.3746397694524495,0.0172176308539944,-0.3076923076923077,0.2621015348288076,0.568075117370892,0.6905940594059405,0.0476697736351532,-0.0402802101576181,-0.2115009746588694,-0.3369924751052847,-0.0808979164526266,-0.0258335257496612,0.5017103146024271,0.3164616272405152,-0.0124688279301745,Industrials,20.0,3.0,18,9.494014423030425,15132.0,12717.0,10.523929622625442,9.410911062438,10.546971688076972,9.447544606938727
BA,1999Q4,1999,Q4,0,0,0,1,15200.0,1860.0,13340.0,890.0,593.0,1412.0,970.0,953.0,662.0,315.0,977.0,36147.0,11462.0,37194.0,12220.0,0.0207236842105263,0.0390131578947368,0.1223684210526315,0.0638157894736842,0.0435526315789473,315.0,350.0,361.0,464.0,455.0,489.0,487.0,460.0,456.0,0.0,0.0,0.0,0.0237216657880864,0.0231297911710282,0.025083379655364,0.0271233997778687,0.0357788786663521,0.0365225184853237,0.0376323313499729,0.0392257184275603,0.040102013894996,0.0,0.0,0.0,-0.1114748348629216,0.4236559139784945,0.1341463414634145,-0.3211206896551724,0.3829578844270322,0.5544871794871795,0.720216606498195,-0.1375185879614663,0.0742753623188405,-0.124015748031496,-0.2359481340744103,0.2090545146834477,0.2764369383825418,0.7495139591767881,0.6022685342388228,0.0516684607104414,Industrials,20.0,4.0,19,9.62911649414402,13279.0,17107.0,10.495376901021846,9.34687973611501,10.523929622625442,9.410911062438
BA,2000Q1,2000,Q1,1,0,0,0,9910.0,1363.0,8547.0,807.0,550.0,908.0,556.0,602.0,418.0,288.0,706.0,36560.0,11855.0,36147.0,11462.0,0.0290615539858728,0.0554994954591321,0.1375378405650857,0.0561049445005045,0.0421796165489404,315.0,315.0,350.0,361.0,464.0,455.0,489.0,487.0,460.0,456.0,0.0,0.0,0.0207236842105263,0.0237216657880864,0.0231297911710282,0.025083379655364,0.0271233997778687,0.0357788786663521,0.0365225184853237,0.0376323313499729,0.0392257184275603,0.040102013894996,0.0,0.0,-0.3114230127848805,-0.1087420042643922,-0.1632903621853898,-0.2022160664819944,-0.2042068361086766,-0.2476319350473612,-0.1014925373134328,-0.3303298597508423,0.0242085661080073,-0.0932584269662921,0.1585980192927483,0.4874278187110437,0.2151286687616418,0.0926418961451438,0.2943476361883819,-0.1493975903614457,Industrials,20.0,1.0,20,9.201400530406708,15200.0,14392.0,10.506737377491612,9.380589347535867,10.495376901021846,9.34687973611501
BA,2000Q2,2000,Q2,0,1,0,0,14841.0,1897.0,12944.0,972.0,609.0,1271.0,925.0,891.0,620.0,375.0,995.0,37477.0,12049.0,36560.0,11855.0,0.0252678390944006,0.0410349706893066,0.1278215753655414,0.0623273364328549,0.0417761606360757,288.0,315.0,315.0,350.0,361.0,464.0,455.0,489.0,487.0,460.0,456.0,0.0,0.0290615539858728,0.0207236842105263,0.0237216657880864,0.0231297911710282,0.025083379655364,0.0271233997778687,0.0357788786663521,0.0365225184853237,0.0376323313499729,0.0392257184275603,0.040102013894996,0.0,-0.0192307692307692,-0.115549215406562,0.1067677946324388,0.0714285714285714,0.0653813914501257,0.1664564943253468,-0.12475442043222,-0.0353256819198092,0.0591304347826087,0.0553745928338762,0.0924369747899158,0.0798976982097188,0.128469123938957,0.1893281902925103,-0.098207043159632,-0.0532825880114177,Industrials,20.0,2.0,21,9.60521627853008,9910.0,15132.0,10.531509373135611,9.396819938918801,10.506737377491612,9.380589347535867
BA,2000Q3,2000,Q3,0,0,1,0,11877.0,1884.0,9993.0,1019.0,673.0,1226.0,865.0,876.0,609.0,361.0,970.0,39447.0,12153.0,37477.0,12049.0,0.0303948808621705,0.0566641407762903,0.1586259156352614,0.0728298391849793,0.0512755746400606,375.0,288.0,315.0,315.0,350.0,361.0,464.0,455.0,489.0,487.0,460.0,456.0,0.0252678390944006,0.0290615539858728,0.0207236842105263,0.0237216657880864,0.0231297911710282,0.025083379655364,0.0271233997778687,0.0357788786663521,0.0365225184853237,0.0376323313499729,0.0392257184275603,0.040102013894996,-0.1055802394758641,0.2767295597484276,0.2755585646580907,0.1460317460317459,0.146866230121609,0.2949101796407185,0.2825768667642752,-0.1532791052364006,0.2281021897810218,0.2595797280593326,0.2813130887897241,0.3730713966575896,0.4261296775359759,0.4477656205648819,0.4274389007240355,0.2247474747474747,Industrials,20.0,3.0,22,9.382443228575806,14841.0,13279.0,10.582738627903963,9.4054136126953,10.531509373135611,9.396819938918801
BA,2000Q4,2000,Q4,0,0,0,1,14693.0,2465.0,12228.0,1196.0,819.0,1689.0,712.0,630.0,481.0,417.0,898.0,42028.0,11020.0,39447.0,12153.0,0.028380861634792,0.0557408289661743,0.1677669638603416,0.0484584496018512,0.0327366773293405,361.0,375.0,288.0,315.0,315.0,350.0,361.0,464.0,455.0,489.0,487.0,460.0,0.0303948808621705,0.0252678390944006,0.0290615539858728,0.0207236842105263,0.0237216657880864,0.0231297911710282,0.025083379655364,0.0271233997778687,0.0357788786663521,0.0365225184853237,0.0376323313499729,0.0392257184275603,-0.0333552631578947,-0.2734138972809667,0.325268817204301,0.3238095238095237,0.1961756373937677,-0.265979381443299,-0.3389296956977964,-0.0833583208395801,0.3811129848229342,0.3438202247191011,0.3694891963455224,0.4287699836186349,0.3709988444501038,-0.2406510990225375,-0.2483421519547195,-0.0808597748208802,Industrials,20.0,4.0,23,9.595194526180222,11877.0,15200.0,10.64611513518697,9.307557822691543,10.582738627903963,9.4054136126953
BA,2001Q1,2001,Q1,1,0,0,0,13293.0,2223.0,11070.0,1005.0,605.0,1602.0,1218.0,1305.0,1237.0,422.0,1659.0,43798.0,12218.0,42028.0,11020.0,0.0317460317460317,0.0455126758444294,0.1672308733920108,0.0916271721958925,0.0930564959000977,417.0,361.0,375.0,288.0,315.0,315.0,350.0,361.0,464.0,455.0,489.0,487.0,0.028380861634792,0.0303948808621705,0.0252678390944006,0.0290615539858728,0.0207236842105263,0.0237216657880864,0.0231297911710282,0.025083379655364,0.0271233997778687,0.0357788786663521,0.0365225184853237,0.0376323313499729,0.341372351160444,1.95933014354067,0.6309611151870873,0.4652777777777777,0.7643171806167401,1.1906474820143886,1.1677740863787376,0.2951912951912951,0.1,0.245353159851301,0.0923721340388006,-0.1799443316030994,0.2158899158582738,0.6331389864411789,1.2061958716984904,1.3498583569405098,Industrials,20.0,1.0,24,9.495068084601527,14693.0,9910.0,10.687366265053678,9.410747396316522,10.64611513518697,9.307557822691543
BA,2001Q2,2001,Q2,0,1,0,0,15516.0,2549.0,12967.0,1182.0,743.0,1724.0,1367.0,1212.0,840.0,461.0,1301.0,44697.0,11495.0,43798.0,12218.0,0.0297112657901521,0.0478860531064707,0.164282031451405,0.0881026037638566,0.054137664346481,422.0,417.0,361.0,375.0,288.0,315.0,315.0,350.0,361.0,464.0,455.0,489.0,0.0317460317460317,0.028380861634792,0.0303948808621705,0.0252678390944006,0.0290615539858728,0.0207236842105263,0.0237216657880864,0.0231297911710282,0.025083379655364,0.0271233997778687,0.0357788786663521,0.0365225184853237,0.0454821103699212,0.3548387096774192,0.3437005798629415,0.2293333333333334,0.3564122738001574,0.4778378378378378,0.3602693602693603,0.0017768850432633,0.2200328407224958,0.2160493827160494,0.1758530549110595,0.1669571660970972,0.2852449281867695,0.4135467486047532,0.2958985105905247,0.3075376884422109,Industrials,20.0,2.0,25,9.649691476083484,13293.0,14841.0,10.707684036871369,9.34975442775886,10.687366265053678,9.410747396316522
BA,2001Q3,2001,Q3,0,0,1,0,13687.0,2277.0,11410.0,1211.0,644.0,1417.0,1066.0,937.0,650.0,515.0,1165.0,47905.0,11304.0,44697.0,11495.0,0.0376269452765397,0.0470519471030905,0.16636224154307,0.0778841236209541,0.0474903192810696,461.0,422.0,417.0,361.0,375.0,288.0,315.0,315.0,350.0,361.0,464.0,455.0,0.0297112657901521,0.0317460317460317,0.028380861634792,0.0303948808621705,0.0252678390944006,0.0290615539858728,0.0207236842105263,0.0237216657880864,0.0231297911710282,0.025083379655364,0.0271233997778687,0.0357788786663521,0.1523953860402458,0.0673234811165846,0.2085987261146495,0.4265927977839334,0.1557911908646003,0.2323699421965317,0.0696347031963471,0.141799259481637,-0.0430906389301634,0.1884200196270853,0.2379369225746896,-0.1696345085536312,0.0487708825939718,0.0693985390128011,-0.0738218027893858,0.2010309278350515,Industrials,20.0,3.0,26,9.52427481557203,15516.0,11877.0,10.776996036514841,9.33300038471207,10.707684036871369,9.34975442775886
BA,2001Q4,2001,Q4,0,0,0,1,15702.0,2371.0,13331.0,1170.0,775.0,1221.0,245.0,110.0,100.0,538.0,638.0,48343.0,10825.0,47905.0,11304.0,0.034263151190931,0.0493567698382371,0.1509998726276907,0.0156031078843459,0.0063686154629983,515.0,461.0,422.0,417.0,361.0,375.0,288.0,315.0,315.0,350.0,361.0,464.0,0.0376269452765397,0.0297112657901521,0.0317460317460317,0.028380861634792,0.0303948808621705,0.0252678390944006,0.0290615539858728,0.0207236842105263,0.0237216657880864,0.0231297911710282,0.025083379655364,0.0271233997778687,0.0686721568093651,-0.7920997920997921,-0.0381338742393508,0.290167865707434,-0.2770870337477797,-0.6558988764044944,-0.8253968253968254,0.0902028132155707,-0.0537240537240537,-0.0217391304347825,0.2072625430416079,-0.114531112047352,-0.0999427470512535,-0.6780105840664397,-0.8054593201708219,-0.2895322939866369,Industrials,20.0,4.0,27,9.661607055884954,13687.0,14693.0,10.786097398041395,9.289705927356923,10.776996036514841,9.33300038471207
BA,2002Q1,2002,Q1,1,0,0,0,13821.0,2250.0,11571.0,1258.0,776.0,1314.0,992.0,832.0,-1249.0,459.0,-790.0,46551.0,9753.0,48343.0,10825.0,0.033210332103321,0.0561464438173793,0.1627957456045148,0.0717748353954127,-0.090369727226684,538.0,515.0,461.0,422.0,417.0,361.0,375.0,288.0,315.0,315.0,350.0,361.0,0.034263151190931,0.0376269452765397,0.0297112657901521,0.0317460317460317,0.028380861634792,0.0303948808621705,0.0252678390944006,0.0290615539858728,0.0207236842105263,0.0237216657880864,0.0231297911710282,0.025083379655364,0.0397201534642293,-2.0097008892481814,0.0121457489878542,0.0876777251184834,-0.1797752808988764,-0.1855500821018062,-0.3624521072796934,0.0452574525745257,0.2826446280991734,0.2517412935323382,0.0461254612546127,0.2336440953130971,-0.0265209868102491,-0.2166642964604087,-1.971127553778748,-1.4761904761904765,Industrials,20.0,1.0,28,9.53401680465134,15702.0,13293.0,10.748325246336506,9.185432736269998,10.786097398041395,9.289705927356923
BA,2002Q2,2002,Q2,0,1,0,0,13857.0,2325.0,11532.0,1050.0,737.0,1603.0,1275.0,1124.0,779.0,385.0,1164.0,47228.0,10402.0,46551.0,9753.0,0.0277837915854802,0.0531861153207765,0.1677852348993288,0.092011257848019,0.0562170744028288,459.0,538.0,515.0,461.0,422.0,417.0,361.0,375.0,288.0,315.0,315.0,350.0,0.033210332103321,0.034263151190931,0.0376269452765397,0.0297112657901521,0.0317460317460317,0.028380861634792,0.0303948808621705,0.0252678390944006,0.0290615539858728,0.0207236842105263,0.0237216657880864,0.0231297911710282,-0.1069218870843,-0.0726190476190475,-0.0878775990584542,-0.1648590021691973,-0.0701856148491879,-0.0673006583760058,-0.0726072607260726,-0.1106655355903447,-0.0080753701211305,-0.1116751269035533,-0.0648735135784993,0.1106807070217608,0.0213243251070955,0.0443647964666158,0.0384096743265394,-0.1053036126056878,Industrials,20.0,2.0,29,9.536617962187327,13821.0,15516.0,10.762763389682739,9.249849505070895,10.748325246336506,9.185432736269998
BA,2002Q3,2002,Q3,0,0,1,0,12690.0,1665.0,11025.0,1103.0,728.0,916.0,562.0,375.0,372.0,371.0,743.0,48320.0,10903.0,47228.0,10402.0,0.0292356185973207,0.0573680063041765,0.1312056737588652,0.0442868400315208,0.0293144208037825,385.0,459.0,538.0,515.0,461.0,422.0,417.0,361.0,375.0,288.0,315.0,315.0,0.0277837915854802,0.033210332103321,0.034263151190931,0.0376269452765397,0.0297112657901521,0.0317460317460317,0.028380861634792,0.0303948808621705,0.0252678390944006,0.0290615539858728,0.0207236842105263,0.0237216657880864,-0.0728428435741944,-0.4276923076923077,-0.2687747035573122,-0.2796116504854369,-0.3535638673253352,-0.4727954971857411,-0.599786552828175,-0.0337423312883435,0.1304347826086955,-0.0891824938067712,-0.2230137636086819,0.2192482954740122,-0.2113254032772996,-0.4313752537416263,-0.3827284960901982,-0.3622317596566523,Industrials,20.0,3.0,30,9.448648359810164,13857.0,13687.0,10.785621527758789,9.296884973376368,10.762763389682739,9.249849505070895
BA,2002Q4,2002,Q4,0,0,0,1,13701.0,2330.0,11371.0,1247.0,740.0,1574.0,1039.0,849.0,590.0,424.0,1014.0,52342.0,7696.0,48320.0,10903.0,0.0309466462302021,0.0540106561564849,0.170060579519743,0.0758338807386322,0.043062550178819,371.0,385.0,459.0,538.0,515.0,461.0,422.0,417.0,361.0,375.0,288.0,315.0,0.0292356185973207,0.0277837915854802,0.033210332103321,0.034263151190931,0.0376269452765397,0.0297112657901521,0.0317460317460317,0.028380861634792,0.0303948808621705,0.0252678390944006,0.0290615539858728,0.0207236842105263,-0.1274359954145968,4.9,-0.0172922817376633,-0.2118959107806691,0.289107289107289,3.240816326530612,6.718181818181818,-0.147025729502663,-0.0451612903225806,0.0658119658119658,-0.0967950945973334,0.0942907393150016,0.1262299534453841,3.8601779402367473,5.761681629078169,0.5893416927899686,Industrials,20.0,4.0,31,9.525297086562844,12690.0,15702.0,10.865573491980717,8.948585921534317,10.785621527758789,9.296884973376368
BA,2003Q1,2003,Q1,1,0,0,0,12260.0,1722.0,10538.0,2095.0,726.0,0.0,-373.0,-447.0,-478.0,361.0,-117.0,51227.0,7284.0,52342.0,7696.0,0.0294453507340946,0.0592169657422512,0.1404567699836867,-0.0304241435562805,-0.0389885807504078,424.0,371.0,385.0,459.0,538.0,515.0,461.0,422.0,417.0,361.0,375.0,288.0,0.0309466462302021,0.0292356185973207,0.0277837915854802,0.033210332103321,0.034263151190931,0.0376269452765397,0.0297112657901521,0.0317460317460317,0.028380861634792,0.0303948808621705,0.0252678390944006,0.0290615539858728,-0.1129440706171767,-0.6172938350680545,-0.2346666666666667,-0.2135076252723311,-1.0,-1.376008064516129,-1.5372596153846154,-0.0892749114164722,-0.0644329896907216,0.6653418124006358,-0.1133677723400399,0.0546877364995543,-0.13722088091354,-1.423883153317897,-0.5685659130893622,-0.8518987341772152,Industrials,20.0,1.0,32,9.414178772232386,13701.0,13821.0,10.844041536545962,8.893572718629306,10.865573491980717,8.948585921534317
BA,2003Q3,2003,Q3,0,0,1,0,12785.0,1139.0,11646.0,1432.0,910.0,110.0,-293.0,-375.0,-192.0,437.0,245.0,51651.0,6966.0,51227.0,7284.0,0.0341806804849432,0.0711771607352366,0.0890887759092686,-0.0229174814235432,-0.0150175987485334,361.0,424.0,371.0,385.0,459.0,538.0,515.0,461.0,422.0,417.0,361.0,375.0,0.0294453507340946,0.0309466462302021,0.0292356185973207,0.0277837915854802,0.033210332103321,0.034263151190931,0.0376269452765397,0.0297112657901521,0.0317460317460317,0.028380861634792,0.0303948808621705,0.0252678390944006,-0.0773616222847658,-1.2464698331193838,-0.5101075268817205,0.1350649350649351,-0.9313786650031192,-1.2298039215686274,-1.333629893238434,0.0098855359001039,0.2347354138398913,0.3638095238095238,0.2302381544931406,0.3382658294547811,-0.4690308955807587,-1.249072580459638,-1.2671358996898945,-0.7895189003436426,Industrials,20.0,3.0,33,9.456106101326672,12260.0,13857.0,10.852284195966542,8.848939995030118,10.844041536545962,8.893572718629306
BA,2003Q3,2003,Q3,0,0,1,0,12242.0,1791.0,10451.0,1358.0,853.0,725.0,433.0,351.0,256.0,414.0,670.0,52255.0,7350.0,51651.0,6966.0,0.0338180035941839,0.0696781571638621,0.1462996242444045,0.0353700375755595,0.0209116157490606,437.0,361.0,424.0,371.0,385.0,459.0,538.0,515.0,461.0,422.0,417.0,361.0,0.0341806804849432,0.0294453507340946,0.0309466462302021,0.0292356185973207,0.0277837915854802,0.033210332103321,0.034263151190931,0.0376269452765397,0.0297112657901521,0.0317460317460317,0.028380861634792,0.0303948808621705,-0.0353033884948779,-0.3118279569892472,0.0756756756756755,0.1159029649595686,-0.2085152838427947,-0.2295373665480427,-0.0639999999999999,-0.052063492063492,0.1717032967032967,0.2311876699909338,0.1567397994883945,0.2145821626502886,0.1150403793762722,-0.2013420341034685,-0.2866440756570453,-0.098250336473755,Industrials,20.0,3.0,34,9.412709624073916,12785.0,12690.0,10.863909995770191,8.902591637374087,10.852284195966542,8.848939995030118
BA,2003Q4,2003,Q4,0,0,0,1,13198.0,1529.0,11669.0,-59.0,735.0,1500.0,682.0,1021.0,1132.0,439.0,1571.0,53035.0,8139.0,52255.0,7350.0,0.0332626155478102,0.055690256099409,0.1158508864979542,0.0516744961357781,0.0857705712986816,414.0,437.0,361.0,424.0,371.0,385.0,459.0,538.0,515.0,461.0,422.0,417.0,0.0338180035941839,0.0341806804849432,0.0294453507340946,0.0309466462302021,0.0292356185973207,0.0277837915854802,0.033210332103321,0.034263151190931,0.0376269452765397,0.0297112657901521,0.0317460317460317,0.028380861634792,-0.0367126487117728,0.91864406779661,-0.3437768240343347,0.0353773584905661,-0.0470139771283354,-0.3435996150144369,0.2025912838633687,0.0262070178524316,-0.0067567567567567,-1.0473135525260626,0.074837489671105,0.0310975659702739,-0.3187669545457205,-0.3185829917648736,0.991767114174978,0.5493096646942801,Industrials,20.0,4.0,35,9.487896348128954,12242.0,13701.0,10.87872620723461,9.004545458996587,10.863909995770191,8.902591637374087
BA,2004Q1,2004,Q1,1,0,0,0,12959.0,2231.0,10728.0,1393.0,829.0,1164.0,838.0,913.0,623.0,474.0,1097.0,53800.0,8859.0,53035.0,8139.0,0.0365768963654603,0.0639709854155413,0.1721583455513542,0.0646654834477968,0.0480746971216914,439.0,414.0,437.0,361.0,424.0,371.0,385.0,459.0,538.0,515.0,461.0,422.0,0.0332626155478102,0.0338180035941839,0.0341806804849432,0.0294453507340946,0.0309466462302021,0.0292356185973207,0.0277837915854802,0.033210332103321,0.034263151190931,0.0376269452765397,0.0297112657901521,0.0317460317460317,0.0570146818923327,-2.3033472803347284,0.2955865272938442,0.3130193905817173,,-3.246648793565684,-3.0425055928411635,0.0180299867147466,0.1418732782369145,-0.3350835322195704,0.2421959818297596,0.0802813790558354,0.2257034358069705,-3.1254660243163266,-2.2330455788952674,-10.376068376068377,Industrials,20.0,1.0,36,9.469622969906265,13198.0,12260.0,10.893047333337728,9.089302043599126,10.87872620723461,9.004545458996587
BA,2004Q2,2004,Q2,0,1,0,0,13088.0,2213.0,10875.0,1569.0,988.0,644.0,644.0,625.0,607.0,522.0,1129.0,54283.0,8949.0,53800.0,8859.0,0.0398838630806845,0.0754889975550122,0.1690861858190709,0.0492053789731051,0.0463783618581907,474.0,439.0,414.0,437.0,361.0,424.0,371.0,385.0,459.0,538.0,515.0,461.0,0.0365768963654603,0.0332626155478102,0.0338180035941839,0.0341806804849432,0.0294453507340946,0.0309466462302021,0.0292356185973207,0.0277837915854802,0.033210332103321,0.034263151190931,0.0376269452765397,0.0297112657901521,0.0236996480250293,-4.161458333333334,0.9429323968393328,0.194508009153318,4.854545454545455,-3.197952218430034,-2.666666666666667,-0.0662029881504379,0.0857142857142856,0.0956703910614524,0.166853980518427,0.0605789381767374,0.8979516116741191,-3.147067474986857,-4.088267481025875,3.608163265306122,Industrials,20.0,2.0,37,9.479527461791719,12959.0,12785.0,10.90198480320126,9.099408811268901,10.893047333337728,9.089302043599126
BA,2004Q3,2004,Q3,0,0,1,0,13152.0,1988.0,11164.0,1477.0,947.0,511.0,511.0,445.0,456.0,469.0,925.0,55388.0,9542.0,54283.0,8949.0,0.0356599756690997,0.0720042579075425,0.1511557177615571,0.038853406326034,0.0346715328467153,522.0,474.0,439.0,414.0,437.0,361.0,424.0,371.0,385.0,459.0,538.0,515.0,0.0398838630806845,0.0365768963654603,0.0332626155478102,0.0338180035941839,0.0341806804849432,0.0294453507340946,0.0309466462302021,0.0292356185973207,0.0277837915854802,0.033210332103321,0.034263151190931,0.0376269452765397,0.0743342591079889,0.78125,0.1099944165270798,0.1328502415458936,-0.2951724137931034,0.1801385681293301,0.2678062678062678,0.0682231365419576,0.1101992966002345,0.0876288659793813,0.0544672032394184,0.0333834997703825,0.0331927955538708,0.0984836033332769,0.6580035355839415,0.3805970149253732,Industrials,20.0,3.0,38,9.48440514846878,13088.0,12242.0,10.922136297063853,9.163563180417254,10.90198480320126,9.099408811268901
BA,2004Q4,2004,Q4,0,0,0,1,13314.0,1039.0,12275.0,1122.0,899.0,807.0,28.0,-9.0,186.0,414.0,600.0,53963.0,11286.0,55388.0,9542.0,0.0310950878774222,0.0675229082169145,0.0780381553252215,0.0021030494216614,0.013970256872465,469.0,522.0,474.0,439.0,414.0,437.0,361.0,424.0,371.0,385.0,459.0,538.0,0.0356599756690997,0.0398838630806845,0.0365768963654603,0.0332626155478102,0.0338180035941839,0.0341806804849432,0.0294453507340946,0.0309466462302021,0.0292356185973207,0.0277837915854802,0.033210332103321,0.034263151190931,0.0087892104864373,-0.8356890459363957,-0.3204708960104643,-0.0569476082004556,-0.4619999999999999,-0.9589442815249268,-1.0088148873653282,0.0519324706487274,0.2231292517006802,-20.016949152542374,-0.0651640778901615,0.2124725750297114,-0.326391383922646,-0.9593019849456198,-0.8371206270293339,-0.6180776575429663,Industrials,20.0,4.0,39,9.496646498248033,13152.0,13198.0,10.896072436558708,9.331406899955626,10.922136297063853,9.163563180417254
BA,2005Q1,2005,Q1,1,0,0,0,12987.0,2298.0,10689.0,1611.0,1071.0,687.0,687.0,584.0,535.0,492.0,1027.0,56714.0,11478.0,53963.0,11286.0,0.0378840378840378,0.0824670824670824,0.1769461769461769,0.0528990528990529,0.0411950411950411,414.0,469.0,522.0,474.0,439.0,414.0,437.0,361.0,424.0,371.0,385.0,459.0,0.0310950878774222,0.0356599756690997,0.0398838630806845,0.0365768963654603,0.0332626155478102,0.0338180035941839,0.0341806804849432,0.0294453507340946,0.0309466462302021,0.0292356185973207,0.0277837915854802,0.033210332103321,0.002160660544795,-0.1412520064205457,0.0300313760645449,0.0379746835443037,-0.4097938144329897,-0.1801909307875895,-0.3603504928806134,-0.0036353467561521,0.2919179734620023,0.1564967695620962,0.0357368078887065,0.2891325955258406,0.0278106261970001,-0.1819584409083215,-0.1431034689461656,-0.0638103919781221,Industrials,20.0,1.0,40,9.471781133222736,13314.0,12959.0,10.945794004993143,9.348274558065496,10.896072436558708,9.331406899955626
BA,2005Q2,2005,Q2,0,1,0,0,15028.0,2637.0,12391.0,1827.0,1057.0,1227.0,810.0,807.0,566.0,591.0,1157.0,56494.0,11132.0,56714.0,11478.0,0.0393265903646526,0.0703353739685919,0.1754724514240085,0.0538993878094224,0.0376630290125099,492.0,414.0,469.0,522.0,474.0,439.0,414.0,437.0,361.0,424.0,371.0,385.0,0.0378840378840378,0.0310950878774222,0.0356599756690997,0.0398838630806845,0.0365768963654603,0.0332626155478102,0.0338180035941839,0.0341806804849432,0.0294453507340946,0.0309466462302021,0.0292356185973207,0.0277837915854802,0.1482273838630807,-0.0675453047775946,0.1915951197469498,0.132183908045977,0.90527950310559,0.2577639751552796,0.2911999999999999,0.1394022988505747,0.0698380566801619,0.1644359464627152,-0.0139723856464102,-0.0682698638654537,0.0377692924705936,0.0953962541144728,-0.1879180828406415,0.0248007085916741,Industrials,20.0,2.0,41,9.617736946934095,12987.0,13088.0,10.941907417643346,9.317668949728708,10.945794004993143,9.348274558065496
BA,2005Q3,2005,Q3,0,0,1,0,12629.0,1936.0,10693.0,1173.0,1172.0,763.0,763.0,812.0,1011.0,521.0,1532.0,58318.0,9423.0,56494.0,11132.0,0.0412542560772824,0.092802280465595,0.1532979650011877,0.0604165017024309,0.08005384432655,591.0,492.0,414.0,469.0,522.0,474.0,439.0,414.0,437.0,361.0,424.0,371.0,0.0393265903646526,0.0378840378840378,0.0310950878774222,0.0356599756690997,0.0398838630806845,0.0365768963654603,0.0332626155478102,0.0338180035941839,0.0341806804849432,0.0294453507340946,0.0309466462302021,0.0292356185973207,-0.0397658150851581,1.2171052631578947,-0.0261569416498993,0.1108742004264391,0.4931506849315068,0.4931506849315068,0.8247191011235955,-0.0421891795055535,0.2375923970432947,-0.2058226134055517,0.15687841349343,0.2888443428548111,0.0141724525631898,0.5549859694527817,1.308921404786811,0.6562162162162162,Industrials,20.0,3.0,42,9.443830215344537,15028.0,13152.0,10.973683219759126,9.151014905891367,10.941907417643346,9.317668949728708
BA,2005Q4,2005,Q4,0,0,0,1,14204.0,1769.0,12435.0,1745.0,939.0,1199.0,544.0,608.0,460.0,601.0,1061.0,60058.0,11059.0,58318.0,9423.0,0.0423120247817516,0.0661081385525204,0.1245423824274852,0.0382990706843142,0.0323852435933539,521.0,591.0,492.0,414.0,469.0,522.0,474.0,439.0,414.0,437.0,361.0,424.0,0.0412542560772824,0.0393265903646526,0.0378840378840378,0.0310950878774222,0.0356599756690997,0.0398838630806845,0.0365768963654603,0.0332626155478102,0.0338180035941839,0.0341806804849432,0.0294453507340946,0.0309466462302021,0.0668469280456662,1.4731182795698925,0.7025986525505294,0.4516908212560386,0.4857496902106568,18.428571428571427,-68.55555555555556,0.0130346232179225,0.0444938820912124,0.5552584670231728,0.3607301882711136,-0.0209524397238521,0.5959165347830011,17.21120811039144,1.3181566301178225,0.7683333333333333,Industrials,20.0,4.0,43,9.561349294288288,12629.0,13314.0,11.003082691382058,9.311090275076326,10.973683219759126,9.151014905891367
BA,2006Q1,2006,Q1,1,0,0,0,14264.0,2860.0,11404.0,1899.0,1081.0,1333.0,959.0,976.0,692.0,748.0,1440.0,61408.0,11517.0,60058.0,11059.0,0.0524397083567021,0.075785193494111,0.2005047672462142,0.0672321929332585,0.0485137408861469,601.0,521.0,591.0,492.0,414.0,469.0,522.0,474.0,439.0,414.0,437.0,361.0,0.0423120247817516,0.0412542560772824,0.0393265903646526,0.0378840378840378,0.0310950878774222,0.0356599756690997,0.0398838630806845,0.0365768963654603,0.0332626155478102,0.0338180035941839,0.0341806804849432,0.0294453507340946,0.0983290983290983,0.2934579439252336,0.2445604873803306,0.5203252032520325,0.940320232896652,0.3959243085880641,0.6712328767123288,0.0668911965572083,0.0093370681605975,0.1787709497206704,0.3842164480253889,-0.0810249225882164,0.1331398660690097,0.2709526777645252,0.1776597250250287,0.4021421616358325,Industrials,20.0,1.0,44,9.5655642636476,14204.0,12987.0,11.025311683198025,9.351666308066617,11.003082691382058,9.311090275076326
BA,2006Q2,2006,Q2,0,1,0,0,14986.0,2474.0,12512.0,2528.0,1162.0,338.0,-48.0,-9.0,-160.0,739.0,579.0,61269.0,10369.0,61408.0,11517.0,0.0493126918457226,0.077539036434005,0.1650874149205925,-0.0032029894568263,-0.0106766315227545,748.0,601.0,521.0,591.0,492.0,414.0,469.0,522.0,474.0,439.0,414.0,437.0,0.0524397083567021,0.0423120247817516,0.0412542560772824,0.0393265903646526,0.0378840378840378,0.0310950878774222,0.0356599756690997,0.0398838630806845,0.0365768963654603,0.0332626155478102,0.0338180035941839,0.0341806804849432,-0.0027947830715996,-1.2826855123674912,-0.061812665908229,0.2504230118443316,-0.7245313773431132,-1.0592592592592591,-1.0111524163568772,0.0097651521265433,0.0993377483443709,0.3836891078270388,0.2539274671024032,0.1024187696596292,-0.059183287286058,-1.0594253401940577,-1.283477771243738,-0.4995678478824547,Industrials,20.0,2.0,45,9.614938437644996,14264.0,15028.0,11.0230456057197,9.246672301223573,11.025311683198025,9.351666308066617
BA,2006Q3,2006,Q3,0,0,1,0,14739.0,2936.0,11803.0,1713.0,834.0,1594.0,951.0,988.0,694.0,833.0,1527.0,61458.0,11026.0,61269.0,10369.0,0.0565167243367935,0.0565845715448809,0.1991994029445688,0.0645226948911052,0.0470859624126467,739.0,748.0,601.0,521.0,591.0,492.0,414.0,469.0,522.0,474.0,439.0,414.0,0.0493126918457226,0.0524397083567021,0.0423120247817516,0.0412542560772824,0.0393265903646526,0.0378840378840378,0.0310950878774222,0.0356599756690997,0.0398838630806845,0.0365768963654603,0.0332626155478102,0.0338180035941839,0.1670757779713358,-0.3135509396636993,0.5165289256198347,0.5988483685220729,1.0891218872870247,0.2463958060288336,0.2167487684729063,0.1038062283737024,-0.28839590443686,0.4603580562659846,0.3699610588279569,-0.3902674453581047,0.2994262705511155,0.0679647624898662,-0.4118213458859393,-0.0032637075718016,Industrials,20.0,3.0,46,9.598320165743328,14986.0,12629.0,11.026125564806906,9.308102089758679,11.0230456057197,9.246672301223573
BA,2006Q4,2006,Q4,0,0,0,1,17541.0,2823.0,14718.0,1859.0,1094.0,1714.0,1152.0,1239.0,989.0,937.0,1926.0,51794.0,4739.0,61458.0,11026.0,0.053417707086255,0.0623681660110598,0.1609372327689413,0.0656747049769112,0.0563821902970184,833.0,739.0,748.0,601.0,521.0,591.0,492.0,414.0,469.0,522.0,474.0,439.0,0.0565167243367935,0.0493126918457226,0.0524397083567021,0.0423120247817516,0.0412542560772824,0.0393265903646526,0.0378840378840378,0.0310950878774222,0.0356599756690997,0.0398838630806845,0.0365768963654603,0.0332626155478102,0.2349338214587439,1.15,0.5958168456755228,0.5590682196339434,0.4295246038365303,1.1176470588235294,1.0378289473684212,0.1835946924004825,0.1650692225772099,0.0653295128939828,0.2624710673097619,-0.0565735569530421,0.2922286343979892,0.7147858630368515,0.7409839803888034,0.8152686145146089,Industrials,20.0,4.0,47,9.772353284511327,14739.0,14204.0,10.855048898492202,8.463792414689122,11.026125564806906,9.308102089758679
BA,2007Q1,2007,Q1,1,0,0,0,15365.0,3178.0,12187.0,1867.0,828.0,1670.0,1309.0,1354.0,877.0,999.0,1876.0,51556.0,5611.0,51794.0,4739.0,0.0650178978197201,0.0538887081028311,0.2068337129840546,0.0851936218678815,0.0570777741620566,937.0,833.0,739.0,748.0,601.0,521.0,591.0,492.0,414.0,469.0,522.0,474.0,0.053417707086255,0.0565167243367935,0.0493126918457226,0.0524397083567021,0.0423120247817516,0.0412542560772824,0.0393265903646526,0.0378840378840378,0.0310950878774222,0.0356599756690997,0.0398838630806845,0.0365768963654603,0.077187324733595,0.2673410404624277,0.1111888111888113,0.3355614973262031,0.2528132033008252,0.364963503649635,0.3872950819672132,0.0686601192564013,-0.2340425531914893,-0.0168509741969458,0.2398600193856792,-0.2889282771704134,0.0315650636379565,0.267155184904549,0.1765279922652829,0.3027777777777778,Industrials,20.0,1.0,48,9.63991255542758,17541.0,14264.0,10.850443270721076,8.632662441222351,10.855048898492202,8.463792414689122
BA,2007Q2,2007,Q2,0,1,0,0,17028.0,3492.0,13536.0,1988.0,976.0,1904.0,1506.0,1585.0,1050.0,989.0,2039.0,53886.0,5857.0,51556.0,5611.0,0.058080808080808,0.057317359642941,0.2050739957716701,0.0884425651867512,0.0616631430584918,999.0,937.0,833.0,739.0,748.0,601.0,521.0,591.0,492.0,414.0,469.0,522.0,0.0650178978197201,0.053417707086255,0.0565167243367935,0.0493126918457226,0.0524397083567021,0.0423120247817516,0.0412542560772824,0.0393265903646526,0.0378840378840378,0.0310950878774222,0.0356599756690997,0.0398838630806845,0.1362605098091551,-7.5625,0.4114793856103476,0.3382949932341001,4.633136094674557,-32.375,-177.11111111111111,0.081841432225064,-0.1600688468158347,-0.2136075949367089,0.1778064815953854,-0.2607935011969755,0.24221459201061,-28.612505872680288,-6.775524136715997,2.521588946459413,Industrials,20.0,2.0,49,9.742673052026605,15365.0,14986.0,10.89464454042269,8.675563527387679,10.850443270721076,8.632662441222351
BA,2007Q3,2007,Q3,0,0,1,0,16517.0,3383.0,13134.0,1862.0,931.0,1732.0,1499.0,1591.0,1114.0,869.0,1983.0,54787.0,6406.0,53886.0,5857.0,0.0526124598898104,0.0563661681903493,0.2048192771084337,0.0907549797178664,0.0674456620451655,989.0,999.0,937.0,833.0,739.0,748.0,601.0,521.0,591.0,492.0,414.0,469.0,0.058080808080808,0.0650178978197201,0.053417707086255,0.0565167243367935,0.0493126918457226,0.0524397083567021,0.0423120247817516,0.0412542560772824,0.0393265903646526,0.0378840378840378,0.0310950878774222,0.0356599756690997,0.1206323359793744,0.6051873198847262,0.1522479564032697,0.043217286914766,0.0865746549560853,0.576235541535226,0.6103238866396761,0.1127679403541472,0.1163069544364507,0.0869819030939871,-0.0690815770517204,-0.0038597686360205,0.0282123042579034,0.4065590389712235,0.4323942548756421,0.2986247544204321,Industrials,20.0,3.0,50,9.712205974370661,17028.0,14739.0,10.911226470854713,8.765146421639022,10.89464454042269,8.675563527387679
BA,2007Q4,2007,Q4,0,0,0,1,17477.0,2932.0,14545.0,1476.0,796.0,2366.0,1516.0,1588.0,1033.0,993.0,2026.0,58986.0,9004.0,54787.0,6406.0,0.056817531612977,0.0455455741832122,0.1677633461120329,0.086742575956972,0.0591062539337414,869.0,989.0,999.0,937.0,833.0,739.0,748.0,601.0,521.0,591.0,492.0,414.0,0.0526124598898104,0.058080808080808,0.0650178978197201,0.053417707086255,0.0565167243367935,0.0493126918457226,0.0524397083567021,0.0423120247817516,0.0412542560772824,0.0393265903646526,0.0378840378840378,0.0310950878774222,-0.0036485947209394,0.0444893832153689,0.0386114063053488,0.0597652081109925,0.380396732788798,0.3159722222222223,0.281678773204197,-0.0117543144448973,-0.2723948811700183,-0.2060247444862829,0.0636460213695095,-0.2697304234481484,0.0424147552784874,0.3207912542198319,0.0483142570796355,0.051921079958463,Industrials,20.0,4.0,51,9.768698226187489,16517.0,17541.0,10.985072359626606,9.105535257610056,10.911226470854713,8.765146421639022
BA,2008Q1,2008,Q1,1,0,0,0,15990.0,3447.0,12543.0,1648.0,775.0,2005.0,1799.0,1853.0,1211.0,869.0,2080.0,60360.0,9066.0,58986.0,9004.0,0.0543464665415884,0.0484677923702314,0.2155722326454033,0.1125078173858661,0.0757348342714196,993.0,869.0,989.0,999.0,937.0,833.0,739.0,748.0,601.0,521.0,591.0,492.0,0.056817531612977,0.0526124598898104,0.058080808080808,0.0650178978197201,0.053417707086255,0.0565167243367935,0.0493126918457226,0.0524397083567021,0.0423120247817516,0.0412542560772824,0.0393265903646526,0.0378840378840378,0.0406768630003253,0.3808437856328392,0.0846444304594085,-0.13013013013013,0.2005988023952096,0.374331550802139,0.3685376661742983,0.0292114548289159,-0.0640096618357487,-0.1173004820567755,-0.1641306722607536,-0.1005946500379162,0.0422490102569612,0.3206131505988032,0.3268708421668902,0.1087420042643922,Industrials,20.0,1.0,52,9.679781342959442,17477.0,15365.0,11.008098480007638,9.112396727646056,10.985072359626606,9.105535257610056
BA,2008Q2,2008,Q2,0,1,0,0,16962.0,3077.0,13885.0,1832.0,835.0,1440.0,1247.0,1299.0,852.0,1005.0,1857.0,58510.0,8594.0,60360.0,9066.0,0.0592500884329678,0.0492276854144558,0.1814054946350666,0.0735172739063789,0.050229925716307,869.0,993.0,869.0,989.0,999.0,937.0,833.0,739.0,748.0,601.0,521.0,591.0,0.0543464665415884,0.056817531612977,0.0526124598898104,0.058080808080808,0.0650178978197201,0.053417707086255,0.0565167243367935,0.0493126918457226,0.0524397083567021,0.0423120247817516,0.0412542560772824,0.0393265903646526,-0.003875968992248,-0.1885714285714286,-0.1188430698739977,0.0161779575328615,-0.2436974789915966,-0.1719787516600265,-0.1804416403785489,0.0257830969267138,-0.144467213114754,-0.0784708249496981,0.0201319573676197,-0.141138291765006,-0.115414443686737,-0.1687568790983923,-0.185414118954975,-0.0892594409024031,Industrials,20.0,2.0,53,9.738789780495722,15990.0,17028.0,10.97697004973177,9.05893591781695,11.008098480007638,9.112396727646056
BA,2008Q3,2008,Q3,0,0,1,0,15293.0,2806.0,12487.0,1605.0,740.0,1552.0,1147.0,1153.0,695.0,937.0,1632.0,56519.0,8714.0,58510.0,8594.0,0.0612698620283789,0.0483881514418361,0.1834826391159354,0.075001634734846,0.0454456287190217,1005.0,869.0,993.0,869.0,989.0,999.0,937.0,833.0,739.0,748.0,601.0,521.0,0.0592500884329678,0.0543464665415884,0.056817531612977,0.0526124598898104,0.058080808080808,0.0650178978197201,0.053417707086255,0.0565167243367935,0.0493126918457226,0.0524397083567021,0.0423120247817516,0.0412542560772824,-0.0741054670945087,-0.3761220825852782,-0.1705586757315992,0.0782508630609897,-0.1039260969976905,-0.2348232154769847,-0.2752985543683218,-0.0492614588091975,-0.2051557465091299,-0.1380236305048334,0.1645504155612611,-0.1415391005748577,-0.1041729972574918,-0.173581053425316,-0.3261890039927444,-0.1770045385779122,Industrials,20.0,3.0,54,9.63521587360417,16962.0,16517.0,10.942349836798464,9.07280095795412,10.97697004973177,9.05893591781695
BA,2008Q4,2008,Q4,0,0,0,1,12664.0,1227.0,11437.0,1645.0,734.0,-9.0,-243.0,-310.0,-86.0,957.0,871.0,53779.0,-1294.0,56519.0,8714.0,0.07556854074542,0.0579595704358812,0.0968888186986734,-0.0191882501579279,-0.0067909033480732,937.0,1005.0,869.0,993.0,869.0,989.0,999.0,937.0,833.0,739.0,748.0,601.0,0.0612698620283789,0.0592500884329678,0.0543464665415884,0.056817531612977,0.0526124598898104,0.058080808080808,0.0650178978197201,0.053417707086255,0.0565167243367935,0.0493126918457226,0.0524397083567021,0.0423120247817516,-0.2753905132459804,-1.0832526621490803,-0.5815143246930423,-0.0362537764350453,-1.003803888419273,-1.1602902374670183,-1.1952141057934509,-0.2136816775524235,-0.0778894472361808,0.1144986449864498,0.3300215373692921,0.2725620760149452,-0.4224672972726074,-1.221209134571311,-1.1148931440602872,-0.5700888450148075,Industrials,20.0,4.0,55,9.446597562435775,15293.0,17477.0,10.892656929822856,0.0,10.942349836798464,9.07280095795412
BA,2009Q1,2009,Q1,1,0,0,0,16502.0,2757.0,13745.0,1732.0,791.0,1373.0,1025.0,932.0,610.0,970.0,1580.0,55340.0,-662.0,53779.0,-1294.0,0.0587807538480184,0.0479335838080232,0.1670706581020482,0.0621136831899163,0.0369652163374136,957.0,937.0,1005.0,869.0,993.0,869.0,989.0,999.0,937.0,833.0,739.0,748.0,0.07556854074542,0.0612698620283789,0.0592500884329678,0.0543464665415884,0.056817531612977,0.0526124598898104,0.058080808080808,0.0650178978197201,0.053417707086255,0.0565167243367935,0.0493126918457226,0.0524397083567021,0.0320200125078173,-0.4962840627580511,-0.2001740644038294,0.1162255466052935,-0.3152119700748129,-0.4302390216787104,-0.4970318402590393,0.0958303436179541,0.0206451612903226,0.0509708737864078,0.081592927537186,-0.0110219289157522,-0.2249898975770956,-0.4479167347377638,-0.511912626560492,-0.2403846153846154,Industrials,20.0,1.0,56,9.711297461543568,12664.0,15990.0,10.921269323289689,0.0,10.892656929822856,0.0
BA,2009Q2,2009,Q2,0,1,0,0,17154.0,3347.0,13807.0,1888.0,925.0,1957.0,1529.0,1496.0,998.0,960.0,1958.0,57712.0,180.0,55340.0,-662.0,0.0559636236446309,0.0539232831992538,0.195114842019354,0.0891337297423341,0.0581788504138976,970.0,957.0,937.0,1005.0,869.0,993.0,869.0,989.0,999.0,937.0,833.0,739.0,0.0587807538480184,0.07556854074542,0.0612698620283789,0.0592500884329678,0.0543464665415884,0.056817531612977,0.0526124598898104,0.058080808080808,0.0650178978197201,0.053417707086255,0.0565167243367935,0.0493126918457226,0.011319419879731,0.1713615023474177,0.0877478063048424,-0.044776119402985,0.3590277777777777,0.2261427425821973,0.1516551193225557,-0.0056175729204177,0.1077844311377245,0.0305676855895196,-0.0554676773530041,0.0953853049410098,0.0755729445343789,0.212418864386104,0.1582507754935818,0.0543887991383953,Industrials,20.0,2.0,57,9.75004495529255,16502.0,16962.0,10.96323773041211,5.198497031265826,10.921269323289689,0.0
BA,2009Q3,2009,Q3,0,0,1,0,16688.0,2208.0,14480.0,0.0,868.0,-1721.0,-2151.0,-2247.0,-1564.0,3574.0,2010.0,58667.0,-1028.0,57712.0,180.0,0.08374780195888103,0.0520134228187919,0.1323106423777564,-0.1288950143815915,-0.0937200383509108,960.0,970.0,957.0,937.0,1005.0,869.0,993.0,869.0,989.0,999.0,937.0,833.0,0.0559636236446309,0.0587807538480184,0.07556854074542,0.0612698620283789,0.0592500884329678,0.0543464665415884,0.056817531612977,0.0526124598898104,0.058080808080808,0.0650178978197201,0.053417707086255,0.0565167243367935,0.0912182044072451,-3.250359712230216,-0.2131147540983606,2.814300960512273,-2.1088917525773194,-2.875326939843069,-2.9488291413703385,0.159605990229839,0.1729729729729729,-1.0,2.4954520966631226,0.0749206421186288,-0.2788928532134606,-2.718562733162755,-3.062245390648172,0.2316176470588236,Industrials,20.0,3.0,58,9.722505098743403,17154.0,15293.0,10.979649712366646,0.0,10.96323773041211,5.198497031265826
BA,2009Q4,2009,Q4,0,0,0,1,17937.0,3429.0,14508.0,1526.0,780.0,2184.0,1693.0,1550.0,1268.0,1002.0,2270.0,62053.0,2128.0,58667.0,-1028.0,0.0558621843117578,0.0434855326977755,0.1911690918213748,0.0943859062273512,0.0706918659753582,3574.0,960.0,970.0,957.0,937.0,1005.0,869.0,993.0,869.0,989.0,999.0,937.0,0.08374780195888103,0.0559636236446309,0.0587807538480184,0.07556854074542,0.0612698620283789,0.0592500884329678,0.0543464665415884,0.056817531612977,0.0526124598898104,0.058080808080808,0.0650178978197201,0.053417707086255,0.4163771320277953,-15.744186046511627,1.7946210268948657,0.0470219435736676,-243.66666666666663,-7.967078189300412,-6.0,0.2685144705779487,0.0626702997275203,-0.0723404255319148,-0.2607746059309289,-0.2497264494759815,0.9730769183585092,-5.918942866103608,-11.409788264092285,1.606199770378875,Industrials,20.0,4.0,59,9.794676646677948,16688.0,12664.0,11.035760252696852,7.663407664893479,10.979649712366646,0.0
BA,2010Q1,2010,Q1,1,0,0,0,15216.0,3072.0,12144.0,1898.0,953.0,1577.0,1174.0,1050.0,519.0,1000.0,1519.0,62970.0,2942.0,62053.0,2128.0,0.065720294426919,0.0626314405888538,0.2018927444794952,0.0771556256572029,0.0341088328075709,1002.0,3574.0,960.0,970.0,957.0,937.0,1005.0,869.0,993.0,869.0,989.0,999.0,0.0558621843117578,0.08374780195888103,0.0559636236446309,0.0587807538480184,0.07556854074542,0.0612698620283789,0.0592500884329678,0.0543464665415884,0.056817531612977,0.0526124598898104,0.058080808080808,0.0650178978197201,-0.0779299478851048,-0.1491803278688525,0.1142546245919478,0.0309278350515462,0.1485797523670793,0.1453658536585365,0.1266094420600858,-0.1164787195343761,0.2048040455120101,0.0958429561200924,0.1180580398278532,0.3066296240167712,0.208427301197182,0.242167936190403,-0.0772721983761699,-0.0386075949367088,Industrials,20.0,1.0,60,9.630168502920114,17937.0,16502.0,11.050429581934747,7.987184748233473,11.035760252696852,7.663407664893479
BA,2010Q2,2010,Q2,0,1,0,0,15573.0,3033.0,12540.0,1726.0,778.0,1791.0,1307.0,1210.0,787.0,1001.0,1788.0,63755.0,3077.0,62970.0,2942.0,0.064277916907468,0.0499582610929172,0.194760161818532,0.0839273100879727,0.0505361844217556,1000.0,1002.0,3574.0,960.0,970.0,957.0,937.0,1005.0,869.0,993.0,869.0,989.0,0.065720294426919,0.0558621843117578,0.08374780195888103,0.0559636236446309,0.0587807538480184,0.07556854074542,0.0612698620283789,0.0592500884329678,0.0543464665415884,0.056817531612977,0.0526124598898104,0.058080808080808,-0.0921650926897517,-0.2114228456913828,-0.0938153570361517,0.0427083333333333,-0.0848237097598364,-0.145192936559843,-0.1911764705882352,-0.0917650467154341,-0.1589189189189189,-0.0858050847457627,0.1485660277403195,-0.0735307991482139,-0.0018178022602034,-0.0584113294643001,-0.1313650224741527,-0.08682328907048,Industrials,20.0,2.0,61,9.653358136136932,15216.0,17154.0,11.062818576238943,8.032035314398824,11.050429581934747,7.987184748233473
BA,2010Q3,2010,Q3,0,0,1,0,16967.0,3221.0,13746.0,1834.0,936.0,1790.0,1387.0,1244.0,837.0,986.0,1823.0,65222.0,4454.0,63755.0,3077.0,0.0581128072140036,0.0551659102964578,0.189839099428302,0.0817469204927211,0.0493310543997171,1001.0,1000.0,1002.0,3574.0,960.0,970.0,957.0,937.0,1005.0,869.0,993.0,869.0,0.064277916907468,0.065720294426919,0.0558621843117578,0.08374780195888103,0.0559636236446309,0.0587807538480184,0.07556854074542,0.0612698620283789,0.0592500884329678,0.0543464665415884,0.056817531612977,0.0526124598898104,0.0167186001917545,-1.535166240409207,0.4587862318840578,-0.7241186345831001,-2.040092969203952,-1.6448163644816365,-1.5536270582999556,-0.0506906077348066,0.0783410138248847,,-0.7286551407981832,0.0606091140867375,0.4347984108965144,-1.634213207430279,-1.5263661354363676,-0.0930348258706468,Industrials,20.0,3.0,62,9.739084496244518,15573.0,16688.0,11.0855674464455,8.40178233990491,11.062818576238943,8.032035314398824
BA,2010Q4,2010,Q4,0,0,0,1,16550.0,3137.0,13413.0,2040.0,977.0,1554.0,1103.0,1003.0,1164.0,1134.0,2298.0,68565.0,2766.0,65222.0,4454.0,0.0685196374622356,0.0590332326283987,0.1895468277945619,0.0666465256797583,0.0703323262839879,986.0,1001.0,1000.0,1002.0,3574.0,960.0,970.0,957.0,937.0,1005.0,869.0,993.0,0.0581128072140036,0.064277916907468,0.065720294426919,0.0558621843117578,0.08385133691095022,0.0559636236446309,0.0587807538480184,0.07556854074542,0.0612698620283789,0.0592500884329678,0.0543464665415884,0.056817531612977,-0.0773261972459162,-0.082018927444795,-0.0851560221638961,0.1317365269461077,-0.2884615384615384,-0.3484937979917306,-0.3529032258064516,-0.075475599669148,0.2525641025641025,0.3368283093053734,0.2265835700200806,0.3575372995584476,-0.0084860162872389,-0.2938932480107356,-0.0050860121798965,0.0123348017621145,Industrials,20.0,4.0,63,9.71420180194054,16967.0,17937.0,11.135552064028248,7.925518979786926,11.0855674464455,8.40178233990491
BA,2011Q1,2011,Q1,1,0,0,0,14910.0,2861.0,12049.0,1861.0,866.0,1397.0,1000.0,883.0,586.0,1057.0,1643.0,68760.0,3912.0,68565.0,2766.0,0.0708920187793427,0.0580818242790073,0.1918846411804158,0.0670690811535882,0.0393024815560026,1134.0,986.0,1001.0,1000.0,1002.0,3574.0,960.0,970.0,957.0,937.0,1005.0,869.0,0.0685196374622356,0.0581128072140036,0.064277916907468,0.065720294426919,0.0558621843117578,0.08395487186301939,0.0559636236446309,0.0587807538480184,0.07556854074542,0.0612698620283789,0.0592500884329678,0.0543464665415884,-0.0201104100946372,0.1290944123314066,-0.0686848958333333,0.0569999999999999,-0.114140773620799,-0.1482112436115843,-0.159047619047619,-0.0078227931488801,-0.0912906610703042,-0.0194942044257112,0.0786929577464787,-0.0726410931486083,-0.0495713866532528,-0.1307298647078382,0.1522669737112461,0.0816326530612245,Industrials,20.0,1.0,64,9.609854474590907,16550.0,15216.0,11.138392002730184,8.272059622210412,11.135552064028248,7.925518979786926
BA,2011Q2,2011,Q2,0,1,0,0,16543.0,3343.0,13200.0,1829.0,870.0,1980.0,1534.0,1425.0,941.0,1047.0,1988.0,72119.0,4733.0,68760.0,3912.0,0.0632896088980233,0.0525902194281569,0.2020794293658949,0.0927280420721755,0.0568820649217191,1057.0,1134.0,986.0,1001.0,1000.0,1002.0,3574.0,960.0,970.0,957.0,937.0,1005.0,0.0708920187793427,0.0685196374622356,0.0581128072140036,0.064277916907468,0.065720294426919,0.0558621843117578,0.08405840681508843,0.0559636236446309,0.0587807538480184,0.07556854074542,0.0612698620283789,0.0592500884329678,0.0622872921081358,0.195679796696315,0.1022090339597758,0.0459540459540459,0.1055276381909546,0.1736801836266259,0.1776859504132231,0.0526315789473683,0.1182519280205656,0.0596755504055619,-0.0153755450859965,0.0526831454430434,0.0375809276343823,0.1048613612777273,0.1255710254459117,0.1118568232662191,Industrials,20.0,2.0,65,9.713778777308155,14910.0,15573.0,11.186086677317254,8.46252579007393,11.138392002730184,8.272059622210412
BA,2011Q3,2011,Q3,0,0,1,0,17727.0,3370.0,14357.0,1656.0,807.0,2184.0,1714.0,1642.0,1098.0,901.0,1999.0,74163.0,5967.0,72119.0,4733.0,0.0508264229706098,0.0455237772888813,0.1901054888023918,0.0966886670051334,0.06193941445253,1047.0,1057.0,1134.0,986.0,1001.0,1000.0,1002.0,3574.0,960.0,970.0,957.0,937.0,0.0632896088980233,0.0708920187793427,0.0685196374622356,0.0581128072140036,0.064277916907468,0.065720294426919,0.0558621843117578,0.0841619417671576,0.0559636236446309,0.0587807538480184,0.07556854074542,0.0612698620283789,0.0447928331466964,0.3118279569892472,0.0462589257994412,-0.086206896551724,0.2201117318435754,0.2357606344628695,0.319935691318328,0.0444492943401717,-0.1378205128205127,-0.0970556161395855,-0.1253834497542226,-0.1747842636106301,0.0014032376622732,0.1827805429532072,0.2555866726595903,0.0965441579813495,Industrials,20.0,3.0,66,9.78290058954701,16543.0,16967.0,11.214034136217744,8.694167141883597,11.186086677317254,8.46252579007393
BA,2011Q4,2011,Q4,0,0,0,1,19555.0,3294.0,16261.0,1701.0,864.0,2002.0,1597.0,1444.0,1393.0,913.0,2306.0,79986.0,3515.0,74163.0,5967.0,0.0466888263871132,0.0441830733827665,0.1684479672717975,0.0816670928151367,0.071234978266428,901.0,1047.0,1057.0,1134.0,986.0,1001.0,1000.0,1002.0,3574.0,960.0,970.0,957.0,0.0508264229706098,0.0632896088980233,0.0708920187793427,0.0685196374622356,0.0581128072140036,0.064277916907468,0.065720294426919,0.0558621843117578,0.0842654767192268,0.0559636236446309,0.0587807538480184,0.07556854074542,0.1815709969788519,0.1967353951890034,0.0500478163850812,-0.1948853615520281,0.2882882882882882,0.4478694469628286,0.4396809571286142,0.2123313203608439,-0.1156601842374616,-0.1661764705882352,-0.318606634297421,-0.2515559217146503,-0.1113121267617951,0.2253765966369119,0.0128340982039378,0.0034812880765884,Industrials,20.0,4.0,67,9.881037423698537,17727.0,16550.0,11.289619400451462,8.165079258805068,11.214034136217744,8.694167141883597
BA,2012Q1,2012,Q1,1,0,0,0,19383.0,3314.0,16069.0,1744.0,955.0,2003.0,1570.0,1463.0,923.0,835.0,1758.0,80205.0,5027.0,79986.0,3515.0,0.0430789867409585,0.0492699788474436,0.1709745653407625,0.0809988133931795,0.0476190476190476,913.0,901.0,1047.0,1057.0,1134.0,986.0,1001.0,1000.0,1002.0,3574.0,960.0,970.0,0.0466888263871132,0.0508264229706098,0.0632896088980233,0.0708920187793427,0.0685196374622356,0.0581128072140036,0.064277916907468,0.065720294426919,0.0558621843117578,0.08436901167129582,0.0559636236446309,0.0587807538480184,0.3,0.5750853242320819,0.1583362460678083,-0.2100283822138127,0.4337866857551897,0.5700000000000001,0.6568516421291053,0.3336376462776993,0.1027713625866051,-0.0628694250403009,-0.3923295247798558,-0.1517143364718423,-0.108972118409378,0.2076923076923076,0.2116040955631399,0.0699939135727327,Industrials,20.0,1.0,68,9.872203262496361,19555.0,14910.0,11.292353604023836,8.522777569710138,11.289619400451462,8.165079258805068
BA,2012Q2,2012,Q2,0,1,0,0,20005.0,3265.0,16740.0,1715.0,903.0,1974.0,1548.0,1446.0,967.0,857.0,1824.0,81595.0,5804.0,80205.0,5027.0,0.0428392901774556,0.0451387153211697,0.1632091977005748,0.0773806548362909,0.0483379155211197,835.0,913.0,901.0,1047.0,1057.0,1134.0,986.0,1001.0,1000.0,1002.0,3574.0,960.0,0.0430789867409585,0.0466888263871132,0.0508264229706098,0.0632896088980233,0.0708920187793427,0.0685196374622356,0.0581128072140036,0.064277916907468,0.065720294426919,0.0558621843117578,0.08447254662336501,0.0559636236446309,0.2092728042072176,0.0276301806588734,-0.0233323362249476,-0.1814708691499522,-0.003030303030303,0.0091264667535853,0.0147368421052631,0.2681818181818181,0.0379310344827585,-0.0623291416074357,-0.3231228487052067,-0.1416899223469995,-0.1923512540949417,-0.1655096656083696,-0.1502081440320047,-0.0824949698189134,Industrials,20.0,2.0,69,9.903787507545125,19383.0,16543.0,11.309535520142855,8.666474894131992,11.292353604023836,8.522777569710138
BA,2012Q3,2012,Q3,0,0,1,0,20008.0,3214.0,16794.0,1649.0,916.0,2041.0,1564.0,1466.0,1032.0,853.0,1885.0,83654.0,7588.0,81595.0,5804.0,0.0426329468212714,0.0457816873250699,0.1606357457017193,0.0781687325069972,0.0515793682526989,857.0,835.0,913.0,901.0,1047.0,1057.0,1134.0,986.0,1001.0,1000.0,1002.0,3574.0,0.0428392901774556,0.0430789867409585,0.0466888263871132,0.0508264229706098,0.0632896088980233,0.0708920187793427,0.0685196374622356,0.0581128072140036,0.064277916907468,0.065720294426919,0.0558621843117578,0.08457608157543418,0.128673774468325,-0.0601092896174862,-0.0462908011869436,-0.053274139844617,-0.0654761904761904,-0.087514585764294,-0.1071863580998782,0.1697429825172389,0.1350681536555142,-0.0042270531400966,-0.1612050518305441,0.0056653918358307,-0.1550178444942498,-0.191541936317655,-0.1672609644666723,-0.0570285142571285,Industrials,20.0,3.0,70,9.903937451316493,20005.0,17727.0,11.334456477491765,8.934455109403913,11.309535520142855,8.666474894131992
BA,2012Q4,2012,Q4,0,0,0,1,22302.0,3261.0,19041.0,1696.0,943.0,2150.0,1629.0,1535.0,978.0,753.0,1731.0,88896.0,5867.0,83654.0,7588.0,0.0337637880010761,0.0422832033001524,0.1462200699488835,0.0730427764326069,0.043852569276298,853.0,857.0,835.0,913.0,901.0,1047.0,1057.0,1134.0,986.0,1001.0,1000.0,1002.0,0.0426329468212714,0.0428392901774556,0.0430789867409585,0.0466888263871132,0.0508264229706098,0.0632896088980233,0.0708920187793427,0.0685196374622356,0.0581128072140036,0.064277916907468,0.065720294426919,0.0558621843117578,0.1404755816926617,-0.2979181622397703,-0.0100182149362477,-0.1752464403066812,0.0739260739260738,0.0200375704445836,0.0630193905817173,0.1709611954984318,0.0914351851851851,-0.0029394473838918,-0.2768336534928326,-0.0429999530850913,-0.1319570528687259,-0.1056033230183914,-0.3843955547752985,-0.2493495229835212,Industrials,20.0,4.0,71,10.012476477547958,20008.0,19555.0,11.395233675150816,8.677269139262872,11.334456477491765,8.934455109403913
BA,2013Q1,2013,Q1,1,0,0,0,18893.0,3137.0,15756.0,1676.0,971.0,1966.0,1528.0,1438.0,1106.0,705.0,1811.0,90447.0,7462.0,88896.0,5867.0,0.0373154078230032,0.05139469644842,0.1660403323982427,0.0808765151114169,0.0585402000741015,753.0,853.0,857.0,835.0,913.0,901.0,1047.0,1057.0,1134.0,986.0,1001.0,1000.0,0.0337637880010761,0.0426329468212714,0.0428392901774556,0.0430789867409585,0.0466888263871132,0.0508264229706098,0.0632896088980233,0.0708920187793427,0.0685196374622356,0.0581128072140036,0.064277916907468,0.065720294426919,-0.0252798844348139,0.1982665222101842,-0.0534097767048883,-0.155688622754491,-0.018472291562656,-0.0267515923566878,-0.0170881749829118,-0.0194784989731782,0.0167539267015706,-0.0389908256880734,-0.133790958283507,0.0431239803766763,-0.0288594559821548,-0.0015098774493029,0.229344201556132,0.0301478953356086,Industrials,20.0,1.0,72,9.84659969032908,22302.0,19383.0,11.412530378915072,8.917712757131387,11.395233675150816,8.677269139262872
BA,2013Q2,2013,Q2,0,1,0,0,21815.0,3365.0,18450.0,1692.0,929.0,2165.0,1716.0,1633.0,1088.0,763.0,1851.0,92091.0,7526.0,90447.0,7462.0,0.0349759339903735,0.0425853770341508,0.1542516617006646,0.0786614714645885,0.0498739399495759,705.0,753.0,853.0,857.0,835.0,913.0,901.0,1047.0,1057.0,1134.0,986.0,1001.0,0.0373154078230032,0.0337637880010761,0.0426329468212714,0.0428392901774556,0.0430789867409585,0.0466888263871132,0.0508264229706098,0.0632896088980233,0.0708920187793427,0.0685196374622356,0.0581128072140036,0.064277916907468,0.0904773806548362,0.1251292657704239,0.0306278713629402,-0.1096849474912485,0.0967578520770009,0.1085271317829457,0.1293222683264177,0.1021505376344085,0.0287929125138426,-0.0134110787172011,-0.1835547730718508,-0.0565664810983531,-0.0548837695798477,0.0165521554580714,0.0317768031967606,0.0148026315789473,Industrials,20.0,2.0,73,9.990398924525424,18893.0,20005.0,11.43054335636426,8.926251835034533,11.412530378915072,8.917712757131387
BA,2013Q3,2013,Q3,0,0,1,0,22130.0,3456.0,18674.0,1711.0,956.0,2203.0,1803.0,1727.0,1158.0,755.0,1913.0,94633.0,8951.0,92091.0,7526.0,0.0341165838228648,0.0431992769995481,0.156168097605061,0.0814731134206959,0.0523271577044735,763.0,705.0,753.0,853.0,857.0,835.0,913.0,901.0,1047.0,1057.0,1134.0,986.0,0.0349759339903735,0.0373154078230032,0.0337637880010761,0.0426329468212714,0.0428392901774556,0.0430789867409585,0.0466888263871132,0.0508264229706098,0.0632896088980233,0.0708920187793427,0.0685196374622356,0.0581128072140036,0.1060575769692122,0.1220930232558139,0.075295581829496,-0.1148886283704572,0.0793728564429201,0.1528132992327366,0.1780354706684856,0.1119447421698225,0.0436681222707424,0.0375985445724682,-0.1997601299790379,-0.0564070587260273,-0.0278122909514435,0.0422724126095162,0.014497840456499,0.0148541114058355,Industrials,20.0,3.0,74,10.004734619552412,21815.0,20008.0,11.4577720985022,9.09963224999176,11.43054335636426,8.926251835034533
BA,2013Q4,2013,Q4,0,0,0,1,23785.0,3397.0,20388.0,1948.0,1100.0,1970.0,1515.0,1434.0,1233.0,848.0,2081.0,92663.0,14875.0,94633.0,8951.0,0.035652722303973,0.046247635064116,0.142821105738911,0.0636956064746689,0.0518393945764137,755.0,763.0,705.0,753.0,853.0,857.0,835.0,913.0,901.0,1047.0,1057.0,1134.0,0.0341165838228648,0.0349759339903735,0.0373154078230032,0.0337637880010761,0.0426329468212714,0.0428392901774556,0.0430789867409585,0.0466888263871132,0.0508264229706098,0.0632896088980233,0.0708920187793427,0.0685196374622356,0.066496278360685,0.2607361963190184,0.0417049984667279,0.1261620185922976,-0.0837209302325581,-0.0699815837937385,-0.0657980456026058,0.0707420828737985,0.1664899257688228,0.1485849056603774,0.0559455681583107,0.0937590214209078,-0.0232455381204554,-0.1279684373246986,0.182129016199569,0.2021952628538417,Industrials,20.0,4.0,75,10.076852451287191,22130.0,22302.0,11.436735326612181,9.60750445504496,11.4577720985022,9.09963224999176
BA,2014Q1,2014,Q1,1,0,0,0,20465.0,3169.0,17296.0,1686.0,877.0,1931.0,1542.0,1459.0,965.0,809.0,1774.0,91575.0,14520.0,92663.0,14875.0,0.0395309064256046,0.0428536525775714,0.1548497434644515,0.0753481553872465,0.0471536770095284,848.0,755.0,763.0,705.0,753.0,853.0,857.0,835.0,913.0,901.0,1047.0,1057.0,0.035652722303973,0.0341165838228648,0.0349759339903735,0.0373154078230032,0.0337637880010761,0.0426329468212714,0.0428392901774556,0.0430789867409585,0.0466888263871132,0.0508264229706098,0.0632896088980233,0.0708920187793427,0.0832054199968241,-0.1274864376130199,0.0102008288173414,0.1475177304964539,-0.0178026449643947,0.0091623036649215,0.0146036161335187,0.0977405432850977,-0.0968074150360452,0.0059665871121719,0.0593722199985096,-0.1661853160164185,-0.0673968111973598,-0.0683555630031097,-0.1945077579195105,-0.0204307012700165,Industrials,20.0,1.0,76,9.9265202516467,23785.0,18893.0,11.424924507598313,9.583351156530737,11.436735326612181,9.60750445504496
BA,2014Q2,2014,Q2,0,1,0,0,22045.0,3375.0,18670.0,1651.0,918.0,2176.0,1787.0,1717.0,1653.0,733.0,2386.0,92737.0,14061.0,91575.0,14520.0,0.0332501701066001,0.0416420957133136,0.1530959401224767,0.0810614651848491,0.0749829893399863,809.0,848.0,755.0,763.0,705.0,753.0,853.0,857.0,835.0,913.0,901.0,1047.0,0.0395309064256046,0.035652722303973,0.0341165838228648,0.0349759339903735,0.0373154078230032,0.0337637880010761,0.0426329468212714,0.0428392901774556,0.0430789867409585,0.0466888263871132,0.0508264229706098,0.0632896088980233,0.0105432042172817,0.5193014705882353,0.0029717682020802,-0.0393184796854522,0.005080831408776,0.0413752913752913,0.0514390691977955,0.0119241192411925,-0.0118406889128094,-0.0242316784869975,-0.0493414667424876,-0.0221503573886567,-0.0074924416725614,0.0305104096780213,0.503450287179966,0.2890329551593733,Industrials,20.0,2.0,77,10.000886458523262,20465.0,21815.0,11.437533592045453,9.551231402759107,11.424924507598313,9.583351156530737
BA,2014Q3,2014,Q3,0,0,1,0,23784.0,3709.0,20075.0,1682.0,932.0,2505.0,2119.0,2031.0,1362.0,750.0,2112.0,92653.0,14511.0,92737.0,14061.0,0.0315338042381432,0.0391860073999327,0.1559451732256979,0.0890935082408341,0.0572653884964682,733.0,809.0,848.0,755.0,763.0,705.0,753.0,853.0,857.0,835.0,913.0,901.0,0.0332501701066001,0.0395309064256046,0.035652722303973,0.0341165838228648,0.0349759339903735,0.0373154078230032,0.0337637880010761,0.0426329468212714,0.0428392901774556,0.0430789867409585,0.0466888263871132,0.0508264229706098,0.0747401717126072,0.1761658031088082,0.0732060185185186,-0.0066225165562914,0.1370857921016794,0.1752634498058791,0.1760277938621888,0.0750240976759131,-0.0251046025104602,-0.0169491525423728,-0.0757045194832966,-0.0929013140580427,-0.0014274642694745,0.0935326330391903,0.0943722343927822,0.1040250914793519,Industrials,20.0,3.0,78,10.076810408866383,22045.0,22130.0,11.436627404014164,9.582731172354919,11.437533592045453,9.551231402759107
BA,2014Q4,2014,Q4,0,0,0,1,24468.0,3757.0,20711.0,1795.0,1040.0,2490.0,2025.0,1930.0,1466.0,755.0,2221.0,99198.0,8665.0,92653.0,14511.0,0.0308566290665358,0.042504495667811,0.1535474905999673,0.0827611574301128,0.0599149910086643,750.0,733.0,809.0,848.0,755.0,763.0,705.0,753.0,853.0,857.0,835.0,913.0,0.0315338042381432,0.0332501701066001,0.0395309064256046,0.035652722303973,0.0341165838228648,0.0349759339903735,0.0373154078230032,0.0337637880010761,0.0426329468212714,0.0428392901774556,0.0430789867409585,0.0466888263871132,0.0287155770443556,0.1889699918896998,0.105975861053871,-0.1096698113207547,0.263959390862944,0.3366336633663367,0.3458856345885635,0.0158426525407102,-0.0545454545454545,-0.0785420944558521,-0.1345224972316556,-0.0809368823101045,0.0751036396585878,0.2993228577394278,0.1557810714850627,0.0672753483901971,Industrials,20.0,4.0,79,10.105162289234684,23784.0,23785.0,11.504883212576992,9.067162602299854,11.436627404014164,9.582731172354919
BA,2015Q1,2015,Q1,1,0,0,0,22149.0,3653.0,18496.0,1714.0,945.0,2398.0,2019.0,1946.0,1336.0,769.0,2105.0,97775.0,7906.0,99198.0,8665.0,0.0347194004243983,0.0426655830963023,0.1649284392071877,0.0911553569009887,0.0603187502821797,755.0,750.0,733.0,809.0,848.0,755.0,763.0,705.0,753.0,853.0,857.0,835.0,0.0308566290665358,0.0315338042381432,0.0332501701066001,0.0395309064256046,0.035652722303973,0.0341165838228648,0.0349759339903735,0.0373154078230032,0.0337637880010761,0.0426329468212714,0.0428392901774556,0.0430789867409585,0.0822868311751772,0.3844559585492229,0.1527295676869675,-0.0494437577255871,0.2418436043500778,0.3093385214007782,0.3337902673063742,0.0693802035152637,0.0775370581527936,0.0166073546856464,-0.1217150436522704,-0.0043886453069248,0.0650869385847574,0.209788832022526,0.2791950513210457,0.1865839909808342,Industrials,20.0,1.0,80,10.005592775473282,24468.0,20465.0,11.490434427134696,8.975503722070927,11.504883212576992,9.067162602299854
BA,2015Q2,2015,Q2,0,1,0,0,24543.0,3193.0,21350.0,1560.0,760.0,2086.0,1683.0,1623.0,1110.0,800.0,1910.0,98102.0,6264.0,97775.0,7906.0,0.0325958521778103,0.0309660595689198,0.1300981950046856,0.0685735240190685,0.0452267448967118,769.0,755.0,750.0,733.0,809.0,848.0,755.0,763.0,705.0,753.0,853.0,857.0,0.0347194004243983,0.0308566290665358,0.0315338042381432,0.0332501701066001,0.0395309064256046,0.035652722303973,0.0341165838228648,0.0349759339903735,0.0373154078230032,0.0337637880010761,0.0426329468212714,0.0428392901774556,0.1133136765706508,-0.3284936479128857,-0.0539259259259259,0.0914051841746248,-0.041360294117647,-0.0581980973698936,-0.0547466511357017,0.1435457953936796,-0.1721132897603485,-0.0551181102362204,-0.0196786340247889,-0.2563760531624856,-0.1502178640360608,-0.1540552115274949,-0.3968399326993262,-0.1994970662196143,Industrials,20.0,2.0,81,10.108222704166982,22149.0,22045.0,11.493773226125619,8.742733867330168,11.490434427134696,8.975503722070927
BA,2015Q3,2015,Q3,0,0,1,0,25849.0,4249.0,21600.0,1746.0,889.0,2940.0,2580.0,2487.0,1704.0,857.0,2561.0,98998.0,6740.0,98102.0,6264.0,0.033154087198731,0.0343920461139695,0.1643777322140121,0.0998104375411041,0.0659213122364501,800.0,769.0,755.0,750.0,733.0,809.0,848.0,755.0,763.0,705.0,753.0,853.0,0.0325958521778103,0.0347194004243983,0.0308566290665358,0.0315338042381432,0.0332501701066001,0.0395309064256046,0.035652722303973,0.0341165838228648,0.0349759339903735,0.0373154078230032,0.0337637880010761,0.0426329468212714,0.0868230743356879,0.251101321585903,0.1455918037206793,0.1426666666666667,0.1736526946107783,0.2175554506842849,0.2245199409158049,0.0759651307596513,-0.0461373390557939,0.0380499405469678,0.0513824132461604,-0.1223386000271965,0.0540738697703058,0.1202885542603209,0.1511545449572175,0.212594696969697,Industrials,20.0,3.0,82,10.160065879936575,24543.0,23784.0,11.502865028055611,8.815963560853438,11.493773226125619,8.742733867330168
BA,2015Q4,2015,Q4,0,0,0,1,23573.0,2931.0,20642.0,1836.0,931.0,1579.0,1161.0,1099.0,1026.0,905.0,1931.0,94408.0,6335.0,98998.0,6740.0,0.0383913799686081,0.0394943367411869,0.1243371654010944,0.0492512620370763,0.0435243711025325,857.0,800.0,769.0,755.0,750.0,733.0,809.0,848.0,755.0,763.0,705.0,753.0,0.033154087198731,0.0325958521778103,0.0347194004243983,0.0308566290665358,0.0315338042381432,0.0332501701066001,0.0395309064256046,0.035652722303973,0.0341165838228648,0.0349759339903735,0.0373154078230032,0.0337637880010761,-0.0365783880987412,-0.3001364256480218,-0.2198562682991749,0.1986754966887416,-0.3658634538152611,-0.4266666666666666,-0.4305699481865285,-0.0033315629375694,-0.1048076923076922,0.0228412256267409,0.2441858080422574,-0.0708197775159977,-0.1902364218701145,-0.4048988249268229,-0.2735645892655071,-0.1305718144979738,Industrials,20.0,4.0,83,10.067899688786515,25849.0,24468.0,11.45539168657217,8.754002933494261,11.502865028055611,8.815963560853438
BA,2016Q1,2016,Q1,1,0,0,0,22632.0,3535.0,19097.0,1805.0,888.0,2173.0,1788.0,1741.0,1219.0,917.0,2136.0,91547.0,4043.0,94408.0,6335.0,0.0405178508306822,0.0392364793213149,0.1561947684694238,0.0790031813361611,0.0538617886178861,905.0,857.0,800.0,769.0,755.0,750.0,733.0,809.0,848.0,755.0,763.0,705.0,0.0383913799686081,0.033154087198731,0.0325958521778103,0.0347194004243983,0.0308566290665358,0.0315338042381432,0.0332501701066001,0.0395309064256046,0.035652722303973,0.0341165838228648,0.0349759339903735,0.0373154078230032,0.0218068535825544,-0.0875748502994011,-0.0323022173555981,0.1924577373211964,-0.0938281901584654,-0.1144130757800891,-0.1053442959917779,0.0324935121107266,-0.0603174603174603,0.0530921820303385,0.1670089441466584,-0.0803716608594656,-0.0529543041803263,-0.1333127967238068,-0.1070473382503286,0.0147268408551068,Industrials,20.0,1.0,84,10.027164297229726,23573.0,22149.0,11.42461870387823,8.304989580140361,11.45539168657217,8.754002933494261
BA,2016Q2,2016,Q2,0,1,0,0,24755.0,2430.0,22325.0,2933.0,806.0,41.0,-419.0,-479.0,-234.0,2127.0,1893.0,89609.0,585.0,91547.0,4043.0,0.08374780195888103,0.0325590789739446,0.0981619874772773,-0.0169258735608967,-0.0094526358311452,917.0,905.0,857.0,800.0,769.0,755.0,750.0,733.0,809.0,848.0,755.0,763.0,0.0405178508306822,0.0383913799686081,0.033154087198731,0.0325958521778103,0.0347194004243983,0.0308566290665358,0.0315338042381432,0.0332501701066001,0.0395309064256046,0.035652722303973,0.0341165838228648,0.0349759339903735,0.0086379008271197,-1.2108108108108109,-0.2389602254932665,1.65875,-0.9803451581975072,-1.2489601901366607,-1.29513247073321,0.0456674473067915,0.0605263157894737,0.8801282051282051,1.6359806604726317,0.0514440463914787,-0.2454777141701166,-1.2468281133720085,-1.209005442525943,-0.0089005235602094,Industrials,20.0,2.0,85,10.116823162859252,22632.0,24543.0,11.403222199878265,6.373319789577012,11.42461870387823,8.304989580140361
BA,2016Q3,2016,Q3,0,0,1,0,23898.0,3994.0,19904.0,1780.0,923.0,2758.0,2214.0,2203.0,2276.0,857.0,3133.0,88950.0,2089.0,89609.0,585.0,0.035860741484643,0.0386224788685245,0.1671269562306469,0.0926437358774792,0.0952380952380952,2127.0,917.0,905.0,857.0,800.0,769.0,755.0,750.0,733.0,809.0,848.0,755.0,0.08374780195888103,0.0405178508306822,0.0383913799686081,0.033154087198731,0.0325958521778103,0.0347194004243983,0.0308566290665358,0.0315338042381432,0.0332501701066001,0.0395309064256046,0.035652722303973,0.0341165838228648,-0.0754768076134473,0.335680751173709,-0.0600141209696398,0.0,-0.0619047619047619,-0.141860465116279,-0.1141938078005628,-0.0785185185185185,0.0382452193475815,0.0194730813287513,0.0816386308477696,0.1230061375393603,0.0167250392106359,-0.0718031284120301,0.444723898949251,0.2233502538071066,Industrials,20.0,3.0,86,10.08159189604006,24755.0,25849.0,11.395840935301726,7.644919344958857,11.403222199878265,6.373319789577012
BA,2016Q4,2016,Q4,0,0,0,1,23286.0,3822.0,19464.0,1725.0,999.0,2728.0,2097.0,2103.0,1631.0,726.0,2357.0,89997.0,817.0,88950.0,2089.0,0.0311775315640298,0.0429013140943055,0.1641329554238598,0.0900541097655243,0.0700420853731856,857.0,2127.0,917.0,905.0,857.0,800.0,769.0,755.0,750.0,733.0,809.0,848.0,0.035860741484643,0.08374780195888103,0.0405178508306822,0.0383913799686081,0.033154087198731,0.0325958521778103,0.0347194004243983,0.0308566290665358,0.0315338042381432,0.0332501701066001,0.0395309064256046,0.035652722303973,-0.0121749459126967,0.5896686159844056,0.3039918116683726,-0.1977900552486188,0.727675744141862,0.806201550387597,0.913557779799818,-0.057068113554888,0.0730397422126745,-0.0604575163398692,-0.1879028159570425,0.0862649593394906,0.3200635135471332,0.8284629883744232,0.6092612850897705,0.2206110823407561,Industrials,20.0,4.0,87,10.055650543933236,23898.0,23573.0,11.407542726843262,6.706862336602747,11.395840935301726,7.644919344958857
BA,2017Q1,2017,Q1,1,0,0,0,20976.0,3712.0,17264.0,1771.0,933.0,2517.0,1941.0,1959.0,1449.0,838.0,2287.0,89673.0,95.0,89997.0,817.0,0.0399504195270785,0.0444794050343249,0.1769641495041952,0.0925343249427917,0.069078947368421,726.0,857.0,2127.0,917.0,905.0,857.0,800.0,769.0,755.0,750.0,733.0,809.0,0.0311775315640298,0.035860741484643,0.08374780195888103,0.0405178508306822,0.0383913799686081,0.033154087198731,0.0325958521778103,0.0347194004243983,0.0308566290665358,0.0315338042381432,0.0332501701066001,0.0395309064256046,-0.073170731707317,0.1886792452830188,0.0500707213578501,-0.0861504907306434,0.1583064887252645,0.0855704697986576,0.125215393452039,-0.0959836623553437,0.0506756756756756,-0.0188365650969528,-0.0140044768409572,0.1336237553342818,0.1329710414650489,0.1712734016248676,0.2825223435948363,0.070692883895131,Industrials,20.0,1.0,88,9.95118187839879,23286.0,22632.0,11.403936150958323,4.564348191467836,11.407542726843262,6.706862336602747
BA,2017Q2,2017,Q2,0,1,0,0,23051.0,4349.0,18702.0,1856.0,1043.0,3043.0,2493.0,2469.0,1749.0,813.0,2562.0,90036.0,-2037.0,89673.0,95.0,0.0352696195392824,0.0452474946856969,0.1886686043989414,0.108151490173962,0.0758752331786039,838.0,726.0,857.0,2127.0,917.0,905.0,857.0,800.0,769.0,755.0,750.0,733.0,0.0399504195270785,0.0311775315640298,0.035860741484643,0.08374780195888103,0.0405178508306822,0.0383913799686081,0.033154087198731,0.0325958521778103,0.0347194004243983,0.0308566290665358,0.0315338042381432,0.0332501701066001,-0.0688345788729549,-8.474358974358974,0.7897119341563785,-0.617771509167842,73.21951219512195,-6.949880668257757,-6.154488517745302,-0.1622844344904815,0.2940446650124069,-0.367200818274804,-0.5895160170686707,0.3897043808243519,0.9220128814385992,-7.389713936172868,-9.026886313403168,0.3534072900158478,Industrials,20.0,2.0,89,10.045507812556558,20976.0,24755.0,11.407975975940495,0.0,11.403936150958323,4.564348191467836
BA,2017Q3,2017,Q3,0,0,1,0,24223.0,4267.0,19956.0,1686.0,918.0,3175.0,2581.0,2647.0,1808.0,767.0,2575.0,91007.0,1086.0,90036.0,-2037.0,0.0316641208768525,0.0378978656648639,0.1761548941089047,0.1065516244891219,0.0746398051438715,813.0,838.0,726.0,857.0,2127.0,917.0,905.0,857.0,800.0,769.0,755.0,750.0,0.0352696195392824,0.0399504195270785,0.0311775315640298,0.035860741484643,0.08385133691095022,0.0405178508306822,0.0383913799686081,0.033154087198731,0.0325958521778103,0.0347194004243983,0.0308566290665358,0.0315338042381432,0.0135994643903254,-0.2056239015817222,0.0683525287931898,-0.1050175029171528,0.1511965192168238,0.1657633242999097,0.2015433499773036,0.002612540192926,-0.0054171180931744,-0.0528089887640449,-0.1170254834130419,-0.0187614369892532,0.0540184425174277,0.1501222773446411,-0.2162820459893488,-0.1781040536227258,Industrials,20.0,3.0,90,10.095099156237175,23051.0,23898.0,11.418702693722858,6.99117688712121,11.407975975940495,0.0
BA,2017Q4,2017,Q4,0,0,0,1,25368.0,4941.0,20427.0,1967.0,1206.0,3647.0,2974.0,2972.0,3130.0,761.0,3891.0,92333.0,355.0,91007.0,1086.0,0.0299984232103437,0.0475402081362346,0.1947729422894985,0.1172343109429202,0.1233837906023336,767.0,813.0,838.0,726.0,857.0,2127.0,917.0,905.0,857.0,800.0,769.0,755.0,0.0316641208768525,0.0352696195392824,0.0399504195270785,0.0311775315640298,0.035860741484643,0.08395487186301939,0.0405178508306822,0.0383913799686081,0.033154087198731,0.0325958521778103,0.0347194004243983,0.0308566290665358,0.0894099458902344,0.9190680564071124,0.292778649921507,0.0482093663911846,0.3368768328445748,0.418216499761564,0.4132192106514503,0.0494759556103576,0.2072072072072073,0.1402898550724638,-0.037819169592198,0.1081294160764358,0.1866778477638051,0.3018207747338293,0.7615664917019871,0.6508273228680526,Industrials,20.0,4.0,91,10.141283235182652,24223.0,23286.0,11.433167716691907,5.87493073085203,11.418702693722858,6.99117688712121
BA,2018Q1,2018,Q1,1,0,0,0,23382.0,4558.0,18824.0,1761.0,997.0,3442.0,2797.0,2839.0,2474.0,764.0,3238.0,113549.0,1222.0,92333.0,355.0,0.0326747070396031,0.042639637327859,0.1949362757676845,0.1196219314002224,0.1058078864083483,761.0,767.0,813.0,838.0,726.0,857.0,2127.0,917.0,905.0,857.0,800.0,769.0,0.0299984232103437,0.0316641208768525,0.0352696195392824,0.0399504195270785,0.0311775315640298,0.035860741484643,0.08405840681508843,0.0405178508306822,0.0383913799686081,0.033154087198731,0.0325958521778103,0.0347194004243983,0.1147025171624713,0.707384403036577,0.2279094827586207,-0.0883054892601431,0.3675009932459276,0.4410097887686759,0.4492087799897908,0.0903614457831325,0.0685959271168275,-0.0056465273856578,-0.1821185502831563,-0.0413622373106418,0.1015580066010104,0.2927303622107495,0.5316951175303752,0.4158285964145167,Industrials,20.0,1.0,92,10.059764541593394,25368.0,20976.0,11.639998547533704,7.109062135687172,11.433167716691907,5.87493073085203
BA,2018Q2,2018,Q2,0,1,0,0,24258.0,4722.0,19536.0,2021.0,1194.0,3202.0,2701.0,2586.0,2196.0,827.0,3023.0,113195.0,-1441.0,113549.0,1222.0,0.034091845988952,0.049220875587435,0.1946574325995547,0.1113447110231676,0.0905268365075439,764.0,761.0,767.0,813.0,838.0,726.0,857.0,2127.0,917.0,905.0,857.0,800.0,0.0326747070396031,0.0299984232103437,0.0316641208768525,0.0352696195392824,0.0399504195270785,0.0311775315640298,0.035860741484643,0.0841619417671576,0.0405178508306822,0.0383913799686081,0.033154087198731,0.0325958521778103,0.052362153485749,0.25557461406518,0.0857668429524027,0.017220172201722,0.0522510680249752,0.0834336141195346,0.0473876063183476,0.0445941610522939,0.1447746883988494,0.0889008620689655,-0.0333934294079523,0.0878143846270045,0.0317425796395349,0.0295254447633521,0.1931012626274411,0.1799375487900079,Industrials,20.0,2.0,93,10.096542961533052,23382.0,23051.0,11.636876108437853,0.0,11.639998547533704,7.109062135687172
BA,2018Q3,2018,Q3,0,0,1,0,25146.0,4106.0,21040.0,1980.0,1154.0,2762.0,2126.0,2133.0,2361.0,826.0,3187.0,114659.0,-1289.0,113195.0,-1441.0,0.0328481667064344,0.0458919907738805,0.1632864073808955,0.0845462499005806,0.0938916726318301,827.0,764.0,761.0,767.0,813.0,838.0,726.0,857.0,2127.0,917.0,905.0,857.0,0.034091845988952,0.0326747070396031,0.0299984232103437,0.0316641208768525,0.0352696195392824,0.0399504195270785,0.0311775315640298,0.035860741484643,0.0842654767192268,0.0405178508306822,0.0383913799686081,0.033154087198731,0.0381042810551954,0.3058628318584071,-0.0377314272322474,0.0769230769230768,-0.1300787401574803,-0.1762882603641999,-0.1941820929353985,0.054319502906394,0.2570806100217864,0.1743772241992882,0.0373939271577066,0.2109386628711418,-0.0730521101505897,-0.2065231261752173,0.2579303020801,0.2376699029126214,Industrials,20.0,3.0,94,10.132493884118713,24258.0,24223.0,11.649726506462374,0.0,11.636876108437853,0.0
BA,2018Q4,2018,Q4,0,0,0,1,28341.0,6251.0,22090.0,2074.0,1222.0,4787.0,4177.0,4046.0,3422.0,852.0,4274.0,117359.0,339.0,114659.0,-1289.0,0.0300624536890018,0.0431177446102819,0.220563847429519,0.1473836491302353,0.1207437987368123,826.0,827.0,764.0,761.0,767.0,813.0,838.0,726.0,857.0,2127.0,917.0,905.0,0.0328481667064344,0.034091845988952,0.0326747070396031,0.0299984232103437,0.0316641208768525,0.0352696195392824,0.0399504195270785,0.0311775315640298,0.035860741484643,0.08436901167129582,0.0405178508306822,0.0383913799686081,0.1171948912015137,0.093290734824281,0.2651285164946366,0.1195795006570301,0.3125856868659171,0.4045057162071284,0.3613728129205922,0.0814118568561217,0.0132669983416251,0.054397559735638,0.0021344614751612,-0.0930257501877016,0.1324152361044404,0.2571716244572328,-0.0213965858289275,0.098432279619635,Industrials,20.0,4.0,95,10.252100082384816,25146.0,25368.0,11.673001412816863,5.8289456176102075,11.649726506462374,0.0
BA,2019Q1,2019,Q1,1,0,0,0,22912.0,4271.0,18641.0,1768.0,902.0,2977.0,2503.0,2333.0,2147.0,866.0,3013.0,120209.0,125.0,117359.0,339.0,0.0377967877094972,0.0393680167597765,0.1864088687150838,0.10924406424581,0.0937063547486033,852.0,826.0,827.0,764.0,761.0,767.0,813.0,838.0,726.0,857.0,2127.0,917.0,0.0300624536890018,0.0328481667064344,0.034091845988952,0.0326747070396031,0.0299984232103437,0.0316641208768525,0.0352696195392824,0.0399504195270785,0.0311775315640298,0.035860741484643,0.08447254662336501,0.0405178508306822,-0.020100932341117,-0.1321746160064673,-0.062966213251426,0.1335078534031413,-0.1350958744915746,-0.1051126206649981,-0.1782317717506164,-0.009721631959201,-0.0952858575727181,0.0039750141964791,0.1567598039574131,-0.0767272137641976,-0.0437445879122225,-0.0867555558828993,-0.1143726811916557,-0.0694873378628783,Industrials,20.0,1.0,96,10.039459714059342,28341.0,23382.0,11.6969954922983,4.836281906951478,11.673001412816863,5.8289456176102075
BA,2019Q2,2019,Q2,0,1,0,0,15750.0,-2053.0,17803.0,1469.0,643.0,-2727.0,-3522.0,-3427.0,-2942.0,826.0,-2116.0,126261.0,-5322.0,120209.0,125.0,0.0524444444444444,0.0408253968253968,-0.1303492063492063,-0.2236190476190476,-0.1867936507936508,866.0,852.0,826.0,827.0,764.0,761.0,767.0,813.0,838.0,726.0,857.0,2127.0,0.0377967877094972,0.0300624536890018,0.0328481667064344,0.034091845988952,0.0326747070396031,0.0299984232103437,0.0316641208768525,0.0352696195392824,0.0399504195270785,0.0311775315640298,0.035860741484643,0.08457608157543418,-0.3507296561958941,-2.3397085610200365,-1.4347734011012283,-0.0012091898428052,-1.8516552154903183,-2.3039614957423176,-2.325212683681361,-0.0887080262080262,-0.4614740368509212,-0.2731321128154379,0.5383280935106813,-0.1705674403764855,-1.6696338516770537,-3.0083490770614056,-3.0634063665539077,-1.6999669202778698,Industrials,20.0,2.0,97,9.664659134301736,22912.0,24258.0,11.746114392125639,0.0,11.6969954922983,4.836281906951478
BA,2019Q3,2019,Q3,0,0,1,0,19986.0,3065.0,16921.0,1726.0,948.0,1956.0,1339.0,1177.0,1166.0,778.0,1944.0,132598.0,-4116.0,126261.0,-5322.0,0.038927249074352,0.0474332032422695,0.1533573501451015,0.0669968978284799,0.0583408385870109,826.0,866.0,852.0,826.0,827.0,764.0,761.0,767.0,813.0,838.0,726.0,857.0,0.0524444444444444,0.0377967877094972,0.0300624536890018,0.0328481667064344,0.034091845988952,0.0326747070396031,0.0299984232103437,0.0316641208768525,0.0352696195392824,0.0399504195270785,0.0311775315640298,0.035860741484643,-0.2052016225244571,-0.5061414654807286,-0.2535314174378957,-0.0581113801452785,-0.2918175235336713,-0.370178739416745,-0.4481950304735115,-0.1957699619771863,-0.1785095320623917,-0.1282828282828283,0.1850661080189548,0.0335834737695937,-0.0608076164761995,-0.2075710287888258,-0.3786367102460922,-0.390021964229683,Industrials,20.0,3.0,98,9.902837341194541,15750.0,25146.0,11.795084815227332,0.0,11.746114392125639,0.0
BA,2019Q4,2019,Q4,0,0,0,1,17911.0,-792.0,18703.0,1456.0,707.0,-1472.0,-2248.0,-2342.0,-1010.0,749.0,-261.0,133625.0,-8617.0,132598.0,-4116.0,0.0418178772821171,0.0394729495840544,-0.0442186365920384,-0.12550946345821,-0.0563899279772207,778.0,826.0,866.0,852.0,826.0,827.0,764.0,761.0,767.0,813.0,838.0,726.0,0.038927249074352,0.0524444444444444,0.0377967877094972,0.0300624536890018,0.0328481667064344,0.034091845988952,0.0326747070396031,0.0299984232103437,0.0316641208768525,0.0352696195392824,0.0399504195270785,0.0311775315640298,-0.3680180656998695,-1.2951490356516655,-1.126699728043513,-0.1208920187793427,-1.3074994777522455,-1.538185300454872,-1.578843302026693,-0.1533272974196469,-0.4214402618657937,-0.2979749276759884,0.3910334038174667,-0.0845312077236591,-1.200479983947362,-1.8515833621903592,-1.4670213175927562,-1.0610669162377164,Industrials,20.0,4.0,99,9.79322615827859,19986.0,28341.0,11.802800131928905,0.0,11.795084815227332,0.0
BA,2020Q1,2020,Q1,1,0,0,0,16909.0,143.0,16766.0,1545.0,873.0,-685.0,-1402.0,-1503.0,-628.0,672.0,44.0,143075.0,-9665.0,133625.0,-8617.0,0.0397421491513395,0.0516293098349991,0.0084570347152404,-0.0829144242710982,-0.0371399846235732,749.0,778.0,826.0,866.0,852.0,826.0,827.0,764.0,761.0,767.0,813.0,838.0,0.0418178772821171,0.038927249074352,0.0524444444444444,0.0377967877094972,0.0300624536890018,0.0328481667064344,0.034091845988952,0.0326747070396031,0.0299984232103437,0.0316641208768525,0.0352696195392824,0.0399504195270785,-0.2620024441340782,-1.2925011644154634,-0.9665183797705456,-0.2240184757505773,-1.230097413503527,-1.560127846584099,-1.6442348906986712,-0.1005847325787243,-0.032150776053215,-0.126131221719457,0.0514689623042621,0.3114531562522167,-0.9546318006566172,-1.7589833355570923,-1.3963443538403866,-0.9853966146697644,Industrials,20.0,1.0,100,9.735660441892627,17911.0,22912.0,11.871131236594133,0.0,11.802800131928905,0.0
BA,2020Q2,2020,Q2,0,1,0,0,11807.0,-1164.0,12971.0,1792.0,1167.0,-2323.0,-2956.0,-3423.0,-2376.0,625.0,-1751.0,162872.0,-11667.0,143075.0,-9665.0,0.0529346997543829,0.0988396713813839,-0.0985855848225628,-0.2503599559583298,-0.2012365545862623,672.0,749.0,778.0,826.0,866.0,852.0,826.0,827.0,764.0,761.0,767.0,813.0,0.0397421491513395,0.0418178772821171,0.038927249074352,0.0524444444444444,0.0377967877094972,0.0300624536890018,0.0328481667064344,0.034091845988952,0.0326747070396031,0.0299984232103437,0.0316641208768525,0.0352696195392824,-0.2503492063492063,-0.1923861318830727,-0.4330248416950804,-0.2433414043583535,-0.1481481481481481,-0.1607041453719477,-0.0011672016340822,-0.271414930067966,0.8149300155520995,0.2198774676650783,0.0093480885369638,1.4210339413013946,-0.2436809737187699,0.1195824265598226,0.0773201001813843,-0.1724952741020794,Industrials,20.0,2.0,101,9.376532546840254,16909.0,15750.0,12.00072603499642,0.0,11.871131236594133,0.0
BA,2020Q3,2020,Q3,0,0,1,0,14140.0,1044.0,13096.0,1529.0,955.0,283.0,-485.0,-925.0,-449.0,574.0,125.0,161261.0,-11821.0,162872.0,-11667.0,0.0405940594059405,0.0675388967468175,0.0738330975954738,-0.0342998585572843,-0.0317538896746817,625.0,672.0,749.0,778.0,826.0,866.0,852.0,826.0,827.0,764.0,761.0,767.0,0.0529346997543829,0.0397421491513395,0.0418178772821171,0.038927249074352,0.0524444444444444,0.0377967877094972,0.0300624536890018,0.0328481667064344,0.034091845988952,0.0326747070396031,0.0299984232103437,0.0316641208768525,-0.2925047533273291,-1.3850771869639793,-0.6593800978792822,-0.2622107969151671,-0.8553169734151329,-1.3622106049290514,-1.78589634664401,-0.2260504698303882,0.0073839662447257,-0.1141367323290846,0.0428186006261293,0.4238738295167672,-0.5185552076531355,-1.511961891804245,-1.544282366242015,-0.9356995884773662,Industrials,20.0,3.0,102,9.556833658307777,11807.0,19986.0,11.990785650493743,0.0,12.00072603499642,0.0
BA,2020Q4,2020,Q4,0,0,0,1,15305.0,837.0,14468.0,2420.0,1815.0,-7349.0,-1583.0,-8625.0,-8420.0,605.0,-7815.0,152136.0,-18316.0,161261.0,-11821.0,0.0395295655014701,0.1185886965044103,0.0546880104540999,-0.1034302515517804,-0.5501470107807906,574.0,625.0,672.0,749.0,778.0,826.0,866.0,852.0,826.0,827.0,764.0,761.0,0.0405940594059405,0.0529346997543829,0.0397421491513395,0.0418178772821171,0.038927249074352,0.0524444444444444,0.0377967877094972,0.0300624536890018,0.0328481667064344,0.034091845988952,0.0326747070396031,0.0299984232103437,-0.1454971805036011,7.336633663366337,-2.0568181818181817,-0.192256341789052,3.992527173913044,-0.2958185053380783,2.6827497865072587,-0.2264342618831203,1.5671852899575671,0.6620879120879122,-0.0547208976010263,2.004302889802678,-2.236763832378011,-0.1759167101672865,8.756121891182913,28.942528735632184,Industrials,20.0,4.0,103,9.636000187369866,14140.0,17911.0,11.932536709676713,0.0,11.990785650493743,0.0
BA,2021Q1,2021,Q1,1,0,0,0,15217.0,1412.0,13805.0,1536.0,1037.0,643.0,-124.0,-572.0,-537.0,499.0,-38.0,150035.0,-18058.0,152136.0,-18316.0,0.0327922718012748,0.0681474666491424,0.0927909574817638,-0.0081487809686534,-0.0352894788723138,605.0,574.0,625.0,672.0,749.0,778.0,826.0,866.0,852.0,826.0,827.0,764.0,0.0395295655014701,0.0405940594059405,0.0529346997543829,0.0397421491513395,0.0418178772821171,0.038927249074352,0.0524444444444444,0.0377967877094972,0.0300624536890018,0.0328481667064344,0.034091845988952,0.0326747070396031,-0.1000650541131941,-0.1449044585987261,8.874125874125873,-0.2574404761904761,-1.9386861313868613,-0.9115549215406562,-0.6194278110445774,-0.1766074197781224,0.1878579610538373,-0.0058252427184466,-0.1748742204051232,0.3199375871367114,9.972044056357651,-0.9017205867339788,-0.0498251620191797,-1.863636363636364,Industrials,20.0,1.0,104,9.630234216736469,15305.0,16909.0,11.918630544283,0.0,11.932536709676713,0.0
BA,2021Q2,2021,Q2,0,1,0,0,16998.0,2417.0,14581.0,1544.0,1047.0,1773.0,873.0,549.0,587.0,497.0,1084.0,148935.0,-16682.0,150035.0,-18058.0,0.0292387339687022,0.0615954818213907,0.1421931991999058,0.0513589834098129,0.0345334745264148,499.0,605.0,574.0,625.0,672.0,749.0,778.0,826.0,866.0,852.0,826.0,827.0,0.0327922718012748,0.0395295655014701,0.0405940594059405,0.0529346997543829,0.0397421491513395,0.0418178772821171,0.038927249074352,0.0524444444444444,0.0377967877094972,0.0300624536890018,0.0328481667064344,0.034091845988952,0.4396544422800033,-1.247053872053872,-3.0764604810996565,-0.2047999999999999,-1.763237193284546,-1.2953315290933691,-1.1603856266432953,0.1241230437128979,-0.1028277634961439,-0.1383928571428571,-0.447645228850453,-0.3768141783503337,-2.442332562674647,-1.2051405673611844,-1.1716063694164058,-1.619074814391776,Industrials,20.0,2.0,105,9.74090979777877,15217.0,11807.0,11.911271962451734,0.0,11.918630544283,0.0
BA,2021Q3,2021,Q3,0,0,1,0,15278.0,1707.0,13571.0,1673.0,1098.0,882.0,34.0,-310.0,-109.0,575.0,466.0,146846.0,-14440.0,148935.0,-16682.0,0.0376358162063097,0.071868045555701,0.1117292839376881,0.0022254221756774,-0.0071344416808482,497.0,499.0,605.0,574.0,625.0,672.0,749.0,778.0,826.0,866.0,852.0,826.0,0.0292387339687022,0.0327922718012748,0.0395295655014701,0.0405940594059405,0.0529346997543829,0.0397421491513395,0.0418178772821171,0.038927249074352,0.0524444444444444,0.0377967877094972,0.0300624536890018,0.0328481667064344,0.0804809052333805,-0.7572383073496659,0.6350574712643677,0.0017421602787457,2.11660777385159,-1.0701030927835051,-0.6648648648648648,0.0362706169822846,0.1497382198952879,0.0941792020928711,-0.0728737958933457,0.0640986012121593,0.513268270956811,-1.064881380544493,-0.7753207007412146,2.728,Industrials,20.0,3.0,106,9.634234615552714,16998.0,14140.0,11.897146507408898,0.0,11.911271962451734,0.0
BA,2021Q4,2021,Q4,0,0,0,1,14793.0,946.0,13847.0,1666.0,988.0,-3505.0,-720.0,-4700.0,-4143.0,678.0,-3465.0,138552.0,-14999.0,146846.0,-14440.0,0.0458324883390793,0.0667883458392483,0.063949165145677,-0.0486716690326505,-0.2800648955587102,575.0,497.0,499.0,605.0,574.0,625.0,672.0,749.0,778.0,826.0,866.0,852.0,0.0376358162063097,0.0292387339687022,0.0327922718012748,0.0395295655014701,0.0405940594059405,0.0529346997543829,0.0397421491513395,0.0418178772821171,0.038927249074352,0.0524444444444444,0.0377967877094972,0.0300624536890018,-0.0334531198954589,-0.507957244655582,0.130227001194743,0.1206611570247933,-0.5230643624982991,-0.5451674036639292,-0.4550724637681159,-0.0429223113077136,-0.4556473829201102,-0.3115702479338843,0.1594483207100967,-0.4368068137357052,0.1693452479744166,-0.5294252087525477,-0.4909271702463111,-0.5566218809980806,Industrials,20.0,4.0,107,9.601976972147813,15278.0,15305.0,11.839008202889618,0.0,11.897146507408898,0.0
BA,2022Q1,2022,Q1,1,0,0,0,13991.0,340.0,13651.0,1497.0,864.0,-502.0,-1157.0,-1618.0,-1219.0,633.0,-586.0,135801.0,-15398.0,138552.0,-14999.0,0.0452433707383317,0.0617539847044528,0.0243013365735115,-0.0826960188692731,-0.0871274390679722,678.0,575.0,497.0,499.0,605.0,574.0,625.0,672.0,749.0,778.0,826.0,866.0,0.0458324883390793,0.0376358162063097,0.0292387339687022,0.0327922718012748,0.0395295655014701,0.0405940594059405,0.0529346997543829,0.0397421491513395,0.0418178772821171,0.038927249074352,0.0524444444444444,0.0377967877094972,-0.0805677860287835,1.2700186219739291,-0.7592067988668555,0.2685370741482966,-1.780715396578538,8.330645161290322,1.8286713286713288,-0.0111553784860557,-0.1668273866923818,-0.025390625,0.3796961373250396,-0.0938183363089111,-0.7381066298589765,9.14826870269136,1.4689352705723169,14.421052631578949,Industrials,20.0,1.0,108,9.546241016698438,14793.0,15217.0,11.818953221538784,0.0,11.839008202889618,0.0
BA,2022Q2,2022,Q2,0,1,0,0,16681.0,2111.0,14570.0,1361.0,663.0,1525.0,750.0,377.0,193.0,698.0,891.0,135479.0,-14888.0,135801.0,-15398.0,0.0418440141478328,0.0397458185960074,0.1265511659972423,0.044961333253402,0.0115700497572088,633.0,678.0,575.0,497.0,499.0,605.0,574.0,625.0,672.0,749.0,778.0,826.0,0.0452433707383317,0.0458324883390793,0.0376358162063097,0.0292387339687022,0.0327922718012748,0.0395295655014701,0.0405940594059405,0.0529346997543829,0.0397421491513395,0.0418178772821171,0.038927249074352,0.0524444444444444,-0.0186492528532769,-0.6712095400340716,-0.1266032271410839,0.4044265593561369,-0.1398759165256626,-0.140893470790378,-0.3132969034608379,-0.0007544064193127,-0.3667621776504298,-0.1185233160621761,0.4311157997683359,-0.3547283433668249,-0.1100054945713173,-0.1245673051072984,-0.664961318955647,-0.1780442804428044,Industrials,20.0,2.0,109,9.722085572801557,13991.0,16998.0,11.816579306931708,0.0,11.818953221538784,0.0
BA,2022Q3,2022,Q3,0,0,1,0,15955.0,-833.0,16788.0,1950.0,1223.0,-2018.0,-2783.0,-3132.0,-3275.0,727.0,-2548.0,137558.0,-17699.0,135479.0,-14888.0,0.045565653400188,0.0766530868066436,-0.0522093387652773,-0.174428078972109,-0.2052648072704481,698.0,633.0,678.0,575.0,497.0,499.0,605.0,574.0,625.0,672.0,749.0,778.0,0.0418440141478328,0.0452433707383317,0.0458324883390793,0.0376358162063097,0.0292387339687022,0.0327922718012748,0.0395295655014701,0.0405940594059405,0.0529346997543829,0.0397421491513395,0.0418178772821171,0.038927249074352,0.044312082733342,29.045871559633028,-1.487990626830697,0.2643478260869565,-3.28798185941043,-82.8529411764706,9.103225806451611,0.237049591039717,0.1138433515482695,0.1655708308427974,0.2106992219966481,0.0665809291729528,-1.4672842868517324,-79.37977030987888,27.770969958512904,-6.467811158798283,Industrials,20.0,3.0,110,9.677590213025297,16681.0,15278.0,11.831808194964676,0.0,11.816579306931708,0.0
BA,2022Q4,2022,Q4,0,0,0,1,19980.0,1845.0,18135.0,2210.0,1416.0,485.0,-365.0,-649.0,-634.0,794.0,160.0,137100.0,-15883.0,137558.0,-17699.0,0.0397397397397397,0.0708708708708708,0.0923423423423423,-0.0182682682682682,-0.0317317317317317,727.0,698.0,633.0,678.0,575.0,497.0,499.0,605.0,574.0,625.0,672.0,749.0,0.045565653400188,0.0418440141478328,0.0452433707383317,0.0458324883390793,0.0376358162063097,0.0292387339687022,0.0327922718012748,0.0395295655014701,0.0405940594059405,0.0529346997543829,0.0397421491513395,0.0418178772821171,0.3506388156560536,-0.8469707941105479,0.9503171247357294,0.1710914454277285,-1.138373751783167,-0.4930555555555556,-0.8619148936170213,0.3096699646132737,0.4331983805668016,0.3265306122448979,-0.1329351475369175,0.0611263084947293,0.4439960573681503,-0.6246632048715381,-0.8866986465103771,-1.046176046176046,Industrials,20.0,4.0,111,9.902537101000133,15955.0,14793.0,11.82847315946983,0.0,11.831808194964676,0.0
BA,2023Q1,2023,Q1,1,0,0,0,17921.0,1908.0,16013.0,2036.0,1295.0,610.0,-128.0,-496.0,-414.0,741.0,327.0,136347.0,-15508.0,137100.0,-15883.0,0.0413481390547402,0.0722615925450588,0.1064672730316388,-0.0071424585681602,-0.0231013894313933,794.0,727.0,698.0,633.0,678.0,575.0,497.0,499.0,605.0,574.0,625.0,672.0,0.0397397397397397,0.045565653400188,0.0418440141478328,0.0452433707383317,0.0458324883390793,0.0376358162063097,0.0292387339687022,0.0327922718012748,0.0395295655014701,0.0405940594059405,0.0529346997543829,0.0397421491513395,0.2808948609820598,-0.6603773584905661,4.6117647058823525,0.1706161137440758,-2.2151394422310755,-0.8893690579083837,-0.6934487021013598,0.1730276170243938,0.4988425925925925,0.3600534402137609,-0.0860950813351172,0.1701527098355539,3.381128285251939,-0.9136299586628088,-0.7348551767558456,-1.5580204778156996,Industrials,20.0,1.0,112,9.793784287444165,19980.0,13991.0,11.822965720032677,0.0,11.82847315946983,0.0
BA,2023Q2,2023,Q2,0,1,0,0,19751.0,1933.0,17818.0,2074.0,1277.0,677.0,-141.0,-400.0,-149.0,797.0,648.0,134774.0,-15517.0,136347.0,-15508.0,0.0403523872209002,0.0646549541795352,0.0978684623563364,-0.007138879044099,-0.0075439218267429,741.0,794.0,727.0,698.0,633.0,678.0,575.0,497.0,499.0,605.0,574.0,625.0,0.0413481390547402,0.0397397397397397,0.045565653400188,0.0418440141478328,0.0452433707383317,0.0458324883390793,0.0376358162063097,0.0292387339687022,0.0327922718012748,0.0395295655014701,0.0405940594059405,0.0529346997543829,0.1840417241172591,-1.7720207253886011,-0.0843202273803884,0.1418338108882522,-0.5560655737704918,-1.188,-2.061007957559682,0.2229238160603981,0.9260935143288084,0.5238795003673768,-0.0356473191520969,0.6267108456543391,-0.2266490665248473,-1.1587781884461543,-1.6520215543621717,-0.2727272727272727,Industrials,20.0,2.0,113,9.891010031025015,17921.0,16681.0,11.81136200031987,0.0,11.822965720032677,0.0
BA,2023Q3,2023,Q3,0,0,1,0,18104.0,1173.0,16931.0,2004.0,1046.0,-44.0,-831.0,-1100.0,-1636.0,958.0,-678.0,134281.0,-16729.0,134774.0,-15517.0,0.0529164825452938,0.0577772867874502,0.0647923110914715,-0.0459014582412726,-0.0903667697746354,797.0,741.0,794.0,727.0,698.0,633.0,678.0,575.0,497.0,499.0,605.0,574.0,0.0403523872209002,0.0413481390547402,0.0397397397397397,0.045565653400188,0.0418440141478328,0.0452433707383317,0.0458324883390793,0.0376358162063097,0.0292387339687022,0.0327922718012748,0.0395295655014701,0.0405940594059405,0.1346913193356314,-0.5004580152671756,-2.4081632653061225,0.3177441540577717,-0.9781962338949456,-0.701401365432986,-0.6487867177522351,0.0085179890397903,-0.1447260834014717,0.0276923076923076,0.1613239051033888,-0.2462497050745958,-2.241009992154175,-0.7368459337982375,-0.5597551719834173,-0.7339089481946625,Industrials,20.0,3.0,114,9.803943422199742,19751.0,15955.0,11.807697345233873,0.0,11.81136200031987,0.0
BA,2023Q4,2023,Q4,0,0,0,1,22018.0,2694.0,19324.0,2407.0,1526.0,1072.0,287.0,-9.0,-23.0,881.0,858.0,137012.0,-17233.0,134281.0,-16729.0,0.040012716868017,0.0693069306930693,0.1223544372785902,0.0130347897175038,-0.0010445998728313,958.0,797.0,741.0,794.0,727.0,698.0,633.0,678.0,575.0,497.0,499.0,605.0,0.0529164825452938,0.0403523872209002,0.0413481390547402,0.0397397397397397,0.045565653400188,0.0418440141478328,0.0452433707383317,0.0458324883390793,0.0376358162063097,0.0292387339687022,0.0327922718012748,0.0395295655014701,0.102002002002002,-0.9637223974763408,0.4601626016260163,0.1095717884130982,1.2103092783505156,-1.7863013698630137,-0.9861325115562404,0.0655638268541494,0.0776836158192091,0.0891402714932125,0.0068691221951904,-0.0220674609833863,0.3250090280900992,-1.7135208179608965,-0.967080275300994,4.3625,Industrials,20.0,4.0,115,9.999660995984785,18104.0,19980.0,11.82783109081939,0.0,11.807697345233873,0.0
BA,2024Q1,2024,Q1,1,0,0,0,16569.0,1883.0,14686.0,2027.0,1159.0,633.0,-144.0,-378.0,-343.0,868.0,525.0,134484.0,-17009.0,137012.0,-17233.0,0.0523869877482044,0.0699499064518076,0.1136459653569919,-0.00869092884302,-0.0207013096746937,881.0,958.0,797.0,741.0,794.0,727.0,698.0,633.0,678.0,575.0,497.0,499.0,0.040012716868017,0.0529164825452938,0.0403523872209002,0.0413481390547402,0.0397397397397397,0.045565653400188,0.0418440141478328,0.0452433707383317,0.0458324883390793,0.0376358162063097,0.0292387339687022,0.0327922718012748,-0.0754422186261927,-0.1714975845410628,-0.0131027253668762,0.1713900134952766,0.0377049180327868,0.125,-0.2379032258064516,-0.0828701679885093,-0.105019305019305,-0.0044204322200392,0.2669732893867376,-0.0319905223761822,0.0674262815317889,0.2167979359043996,-0.1038933075357828,0.6055045871559632,Industrials,20.0,1.0,116,9.71534911042061,22018.0,17921.0,11.80920794764118,0.0,11.82783109081939,0.0
BA,2024Q2,2024,Q2,0,1,0,0,16866.0,1246.0,15620.0,2323.0,1369.0,-401.0,-1077.0,-1515.0,-1439.0,954.0,-485.0,142720.0,-17976.0,134484.0,-17009.0,0.0565635005336179,0.0811692161745523,0.0738764378038657,-0.0638562789043045,-0.0853195778489268,868.0,881.0,958.0,797.0,741.0,794.0,727.0,698.0,633.0,678.0,575.0,497.0,0.0523869877482044,0.040012716868017,0.0529164825452938,0.0403523872209002,0.0413481390547402,0.0397397397397397,0.045565653400188,0.0418440141478328,0.0452433707383317,0.0458324883390793,0.0376358162063097,0.0292387339687022,-0.1460685534909624,8.657718120805368,-0.355406104500776,0.1969887076537013,-1.5923190546528805,6.638297872340425,2.7875,-0.123358401616343,0.0720438527799529,0.1200578592092573,0.4017386437132846,0.255421447661381,-0.2451456166248563,7.944860742119991,10.309711289222513,-1.748456790123457,Industrials,20.0,2.0,117,9.733114329258015,16569.0,19751.0,11.868646954515746,0.0,11.80920794764118,0.0
BA,2024Q3,2024,Q3,0,0,1,0,17840.0,-3506.0,21346.0,2241.0,1087.0,-5052.0,-5747.0,-6224.0,-6170.0,1154.0,-5016.0,137695.0,-23552.0,142720.0,-17976.0,0.0646860986547085,0.0609304932735426,-0.19652466367713,-0.3221412556053811,-0.3458520179372197,954.0,868.0,881.0,958.0,797.0,741.0,794.0,727.0,698.0,633.0,678.0,575.0,0.0565635005336179,0.0523869877482044,0.040012716868017,0.0529164825452938,0.0403523872209002,0.0413481390547402,0.0397397397397397,0.045565653400188,0.0418440141478328,0.0452433707383317,0.0458324883390793,0.0376358162063097,-0.0145824127264693,2.771393643031785,-3.988917306052856,0.2045929018789143,113.8181818181818,5.915764139590855,4.658181818181818,0.2607642785423187,0.0391969407265775,0.1182634730538922,0.2224187161219655,0.0545751914189438,-4.03314792089579,6.018105043898701,2.827203504117009,6.398230088495575,Industrials,20.0,3.0,118,9.789254458374703,16866.0,18104.0,11.832803635638326,0.0,11.868646954515746,0.0
BA,2024Q4,2024,Q4,0,0,0,1,15243.0,-1581.0,16824.0,2240.0,1404.0,-2829.0,-3821.0,-4093.0,-3865.0,836.0,-3029.0,156363.0,-3908.0,137695.0,-23552.0,0.0548448468149314,0.0921078527848848,-0.1037197402086203,-0.2506724398084367,-0.253559010693433,1154.0,954.0,868.0,881.0,958.0,797.0,741.0,794.0,727.0,698.0,633.0,678.0,0.0646860986547085,0.0565635005336179,0.0523869877482044,0.040012716868017,0.0529164825452938,0.0403523872209002,0.0413481390547402,0.0397397397397397,0.045565653400188,0.0418440141478328,0.0452433707383317,0.0458324883390793,-0.3077027886274865,167.04347826086956,-1.586859688195991,-0.0510783200908059,-3.638992537313433,-14.313588850174217,453.77777777777777,-0.1293728006623887,-0.0799475753604194,-0.0693809721645201,0.3706853997402501,0.3289847330390529,-1.847699049708019,-20.23103059129672,241.7331433673048,-4.53030303030303,Industrials,20.0,4.0,119,9.63194126199375,17840.0,22018.0,11.959941901569957,0.0,11.832803635638326,0.0
BA,2025Q1,2025,Q1,1,0,0,0,19496.0,2432.0,17064.0,1948.0,1104.0,1250.0,484.0,76.0,-37.0,844.0,807.0,156494.0,-3325.0,156363.0,-3908.0,0.0432909314731226,0.0566270004103405,0.1247435371358227,0.0248256052523594,-0.0018978251949117,836.0,1154.0,954.0,868.0,881.0,958.0,797.0,741.0,794.0,727.0,698.0,633.0,0.0548448468149314,0.0646860986547085,0.0565635005336179,0.0523869877482044,0.040012716868017,0.0529164825452938,0.0403523872209002,0.0413481390547402,0.0397397397397397,0.045565653400188,0.0418440141478328,0.0452433707383317,0.1766551994688876,-0.892128279883382,0.2915560276155071,-0.0276497695852534,0.9747235387045814,-4.361111111111111,-1.201058201058201,0.1619229197875527,-0.0474547023295944,-0.0389738529847064,-0.1736319774445047,-0.1904635290777109,0.0976503806709754,-3.85649620434961,-0.9083234237478331,0.5371428571428571,Industrials,20.0,1.0,120,9.878015886562459,15243.0,16569.0,11.960779339570179,0.0,11.959941901569957,0.0
BA,2025Q2,2025,Q2,0,1,0,0,22749.0,2450.0,20299.0,2705.0,1795.0,609.0,-255.0,-561.0,-611.0,910.0,299.0,155120.0,-3295.0,156494.0,-3325.0,0.0400017583190469,0.0789045672337245,0.1076970416282034,-0.0112092839245681,-0.0268583234427886,844.0,836.0,1154.0,954.0,868.0,881.0,958.0,797.0,741.0,794.0,727.0,698.0,0.0432909314731226,0.0548448468149314,0.0646860986547085,0.0565635005336179,0.0523869877482044,0.040012716868017,0.0529164825452938,0.0403523872209002,0.0413481390547402,0.0397397397397397,0.045565653400188,0.0418440141478328,0.3488082532906438,-0.5753995830437804,0.9662921348314606,-0.0461215932914046,-2.518703241895261,-0.7632311977715878,-0.6297029702970297,0.2995518565941102,0.3111760409057706,0.1644425312096427,-0.2927991029255278,-0.0279003426121267,0.457799602007447,-0.8244607403233373,-0.6852032778415051,-1.6164948453608248,Industrials,20.0,2.0,121,10.032320424379096,19496.0,16866.0,11.951960736517725,0.0,11.960779339570179,0.0
