ticker,Year_Quarter,year,quarter,Q1,Q2,Q3,Q4,revenue,grossProfit,costOfRevenue,operatingExpenses,snaExpenses,ebitda,operatingIncome,incomeBeforeTax,netIncome,rnd,net_plus_rnd,totalAssets,totalEquity,totalAssets_lag1,totalEquity_lag1,rnd_to_rev_ratio,sna_to_rev_ratio,grossProfitRatio,operatingIncomeRatio,netIncomeRatio,rnd_lag1,rnd_lag2,rnd_lag3,rnd_lag4,rnd_lag5,rnd_lag6,rnd_lag7,rnd_lag8,rnd_lag9,rnd_lag10,rnd_lag11,rnd_lag12,rnd_to_rev_ratio_lag1,rnd_to_rev_ratio_lag2,rnd_to_rev_ratio_lag3,rnd_to_rev_ratio_lag4,rnd_to_rev_ratio_lag5,rnd_to_rev_ratio_lag6,rnd_to_rev_ratio_lag7,rnd_to_rev_ratio_lag8,rnd_to_rev_ratio_lag9,rnd_to_rev_ratio_lag10,rnd_to_rev_ratio_lag11,rnd_to_rev_ratio_lag12,revenue_yoy,netIncome_yoy,grossProfit_yoy,rnd_yoy,ebitda_yoy,operatingIncome_yoy,incomeBeforeTax_yoy,costOfRevenue_yoy,snaExpenses_yoy,operatingExpenses_yoy,rnd_to_rev_ratio_yoy,sna_to_rev_ratio_yoy,grossProfitRatio_yoy,operatingIncomeRatio_yoy,netIncomeRatio_yoy,net_plus_rnd_yoy,gics_sectors,gics_sector_code,quarter_int,time_idx,revenue_log,revenue_lag1,revenue_lag4,totalAssets_log,totalEquity_log,totalAssets_lag1_log,totalEquity_lag1_log
BAX,1995Q2,1995,Q2,0,1,0,0,2465.0,933.0,1532.0,656.0,446.0,403.0,277.0,229.0,165.0,84.0,249.0,10222.0,3695.0,9926.0,3687.0,0.034077079107505,0.1809330628803245,0.378498985801217,0.1123732251521298,0.0669371196754563,78.0,,,,,,,,,,,,0.03373944804484523,,,,,,,,,,,,,,,,,,,,,,,,,,,,Healthcare,35.0,2.0,1,7.81035268372429,2318.0,,9.232395362757014,8.215006432761575,9.203013596589722,8.212839584676484
BAX,1995Q3,1995,Q3,0,0,1,0,2456.0,925.0,1531.0,673.0,451.0,374.0,252.0,231.0,163.0,100.0,263.0,10276.0,3552.0,10222.0,3695.0,0.0407166123778501,0.1836319218241042,0.376628664495114,0.1026058631921824,0.0663680781758957,84.0,78.0,,,,,,,,,,,0.034077079107505,0.03373944804484523,,,,,,,,,,,,,,,,,,,,,,,,,,,Healthcare,35.0,3.0,2,7.806696372521179,2465.0,,9.237663667625073,8.175547596021026,9.232395362757014,8.215006432761575
BAX,1995Q4,1995,Q4,0,0,0,1,-2191.0,-162.0,-2029.0,-195.0,-237.0,-8.0,33.0,-136.0,176.0,83.0,259.0,9437.0,3704.0,10276.0,3552.0,0.03373944804484523,0.1081697854860794,0.0739388407120036,-0.0150616157005933,-0.0803286170698311,100.0,84.0,78.0,,,,,,,,,,0.0407166123778501,0.034077079107505,0.03373944804484523,,,,,,,,,,,,,,,,,,,,,,,,,,Healthcare,35.0,4.0,3,0.0,2456.0,,9.152499372286332,8.217438537730187,9.237663667625073,8.175547596021026
BAX,1996Q1,1996,Q1,1,0,0,0,1299.0,654.0,645.0,442.0,276.0,296.0,212.0,188.0,158.0,82.0,240.0,9600.0,3732.0,9437.0,3704.0,0.0631254811393379,0.2124711316397228,0.5034642032332564,0.1632024634334103,0.1216320246343341,83.0,100.0,84.0,78.0,,,,,,,,,0.03373944804484523,0.0407166123778501,0.034077079107505,0.03373944804484523,,,,,,,,,-0.4396031061259706,0.089655172413793,-0.2593431483578708,0.0512820512820513,-0.2230971128608924,-0.1587301587301587,-0.06,-0.5505226480836236,-0.3490566037735849,-0.2995245641838352,0.8759598112946843,0.1615756677850885,0.3216648053167477,0.5012036120581156,0.944434711050941,0.0762331838565022,Healthcare,35.0,1.0,4,7.170119543449628,-2191.0,2318.0,9.169622538697624,8.224967478914584,9.152499372286332,8.217438537730187
BAX,1996Q2,1996,Q2,0,1,0,0,1335.0,672.0,663.0,453.0,282.0,306.0,219.0,197.0,176.0,84.0,260.0,9703.0,3790.0,9600.0,3732.0,0.0629213483146067,0.2112359550561797,0.503370786516854,0.1640449438202247,0.1318352059925093,82.0,83.0,100.0,84.0,78.0,,,,,,,,0.0631254811393379,0.03373944804484523,0.0407166123778501,0.034077079107505,0.03373517423392548,,,,,,,,-0.4584178498985801,0.0666666666666666,-0.2797427652733119,0.0,-0.2406947890818859,-0.2093862815884476,-0.1397379912663755,-0.5672323759791122,-0.3677130044843049,-0.3094512195121951,0.8464419475655431,0.1674812314203659,0.3299131712369185,0.4598223339958627,0.969538077403246,0.0441767068273093,Healthcare,35.0,2.0,5,7.197435354096591,1299.0,2465.0,9.180293450623886,8.240385115516334,9.169622538697624,8.224967478914584
BAX,1996Q3,1996,Q3,0,0,1,0,1310.0,666.0,644.0,440.0,272.0,310.0,226.0,190.0,177.0,84.0,261.0,7546.0,2577.0,9703.0,3790.0,0.0641221374045801,0.2076335877862595,0.5083969465648855,0.1725190839694656,0.1351145038167938,84.0,82.0,83.0,100.0,84.0,78.0,,,,,,,0.0629213483146067,0.0631254811393379,0.03373944804484523,0.0407166123778501,0.034077079107505,0.033730900423005736,,,,,,,-0.4666123778501628,0.0858895705521471,-0.28,-0.16,-0.1711229946524064,-0.1031746031746031,-0.1774891774891774,-0.5793598954931418,-0.3968957871396895,-0.3462109955423477,0.5748396946564887,0.1307053028892537,0.3498625954198475,0.6813764691627284,1.0358357139512009,-0.0076045627376425,Healthcare,35.0,3.0,6,7.1785454837637,1335.0,2456.0,8.928905412284868,7.8547691834991324,9.180293450623886,8.240385115516334
BAX,1996Q4,1996,Q4,0,0,0,1,1494.0,749.0,745.0,495.0,312.0,347.0,254.0,218.0,158.0,90.0,248.0,7596.0,2504.0,7546.0,2577.0,0.0602409638554216,0.2088353413654618,0.501338688085676,0.1700133868808567,0.1057563587684069,84.0,84.0,82.0,83.0,100.0,84.0,78.0,,,,,,0.0641221374045801,0.0629213483146067,0.0631254811393379,0.03373944804484523,0.0407166123778501,0.034077079107505,0.033726626612085996,,,,,,-1.6818804198995894,-0.1022727272727272,-5.6234567901234565,0.0843373493975903,-44.375,6.696969696969697,-2.6029411764705883,-1.3671759487432231,-2.316455696202532,-3.5384615384615383,-2.5902162868340834,0.9306254554081304,5.780451022195779,-12.287858504725977,-2.316546488986248,-0.0424710424710425,Healthcare,35.0,4.0,7,7.3098814858247865,1310.0,-2191.0,8.935508711503221,7.826044013518965,8.928905412284868,7.8547691834991324
BAX,1997Q1,1997,Q1,1,0,0,0,1443.0,760.0,683.0,522.0,323.0,347.0,238.0,-150.0,-203.0,90.0,-113.0,8338.0,2326.0,7596.0,2504.0,0.0623700623700623,0.2238392238392238,0.5266805266805267,0.1649341649341649,-0.1406791406791406,90.0,84.0,84.0,82.0,83.0,100.0,84.0,78.0,,,,,0.0602409638554216,0.0641221374045801,0.0629213483146067,0.0631254811393379,0.03373517423392548,0.0407166123778501,0.034077079107505,0.03372235280116625,,,,,0.1108545034642032,-2.2848101265822782,0.1620795107033639,0.0975609756097561,0.1722972972972973,0.1226415094339623,-1.797872340425532,0.0589147286821705,0.1702898550724638,0.1809954751131222,-0.011966938796207,0.0535041730693903,0.0461131562048993,0.0106107558937746,-2.1565962262164797,-1.4708333333333332,Healthcare,35.0,1.0,8,7.275172319452771,1494.0,1299.0,9.028698584086985,7.752335163302292,8.935508711503221,7.826044013518965
BAX,1997Q2,1997,Q2,0,1,0,0,1569.0,796.0,773.0,535.0,347.0,354.0,261.0,218.0,162.0,95.0,257.0,8655.0,2450.0,8338.0,2326.0,0.0605481198215423,0.2211599745060548,0.5073295092415552,0.1663479923518164,0.1032504780114722,90.0,90.0,84.0,84.0,82.0,83.0,100.0,84.0,78.0,,,,0.0623700623700623,0.0602409638554216,0.0641221374045801,0.0629213483146067,0.0631254811393379,0.033730900423005736,0.0407166123778501,0.034077079107505,0.03371807899024651,,,,0.1752808988764045,-0.0795454545454545,0.1845238095238095,0.1309523809523809,0.1568627450980393,0.1917808219178083,0.1065989847715735,0.1659125188536954,0.2304964539007092,0.1810154525386313,-0.0377173814076299,0.0469807303744083,0.0078644268414822,0.014039131459703,-0.2168216582652529,-0.0115384615384614,Healthcare,35.0,2.0,9,7.358830898342354,1443.0,1335.0,9.066008001086264,7.804251383528112,9.028698584086985,7.752335163302292
BAX,1997Q3,1997,Q3,0,0,1,0,1494.0,755.0,739.0,519.0,325.0,333.0,236.0,212.0,159.0,97.0,256.0,8155.0,2469.0,8655.0,2450.0,0.0649263721552878,0.2175368139223561,0.5053547523427041,0.1579651941097724,0.1064257028112449,95.0,90.0,90.0,84.0,84.0,82.0,83.0,100.0,84.0,78.0,,,0.0605481198215423,0.0623700623700623,0.0602409638554216,0.0641221374045801,0.0629213483146067,0.0631254811393379,0.033726626612085996,0.0407166123778501,0.034077079107505,0.03371380517932676,,,0.1404580152671755,-0.1016949152542372,0.1336336336336336,0.1547619047619046,0.0741935483870968,0.0442477876106195,0.1157894736842104,0.1475155279503106,0.1948529411764705,0.1795454545454544,0.0125422324217505,0.0476956846995826,-0.0059838955421286,-0.084361042992027,-0.2123295441653618,-0.0191570881226054,Healthcare,35.0,3.0,10,7.3098814858247865,1569.0,1310.0,9.006509131694346,7.8119734296220225,9.066008001086264,7.804251383528112
BAX,1997Q4,1997,Q4,0,0,0,1,1632.0,840.0,792.0,570.0,361.0,369.0,270.0,243.0,182.0,110.0,292.0,8707.0,2619.0,8155.0,2469.0,0.0674019607843137,0.2212009803921568,0.5147058823529411,0.1654411764705882,0.1115196078431372,97.0,95.0,90.0,90.0,84.0,84.0,82.0,83.0,100.0,84.0,78.0,,0.0649263721552878,0.0605481198215423,0.0623700623700623,0.0602409638554216,0.0641221374045801,0.0629213483146067,0.0631254811393379,0.03372235280116625,0.0407166123778501,0.034077079107505,0.03370953136840702,,0.0923694779116466,0.1518987341772151,0.1214953271028036,0.2222222222222223,0.063400576368876,0.062992125984252,0.1146788990825689,0.0630872483221476,0.1570512820512821,0.1515151515151516,0.1188725490196078,0.059212386877828,0.0266630016492577,-0.0268932376100047,0.0544955323901712,0.1774193548387097,Healthcare,35.0,4.0,11,7.398174092970465,1494.0,1494.0,9.071997422354437,7.8709295967551425,9.006509131694346,7.8119734296220225
BAX,1998Q1,1998,Q1,1,0,0,0,1468.0,757.0,711.0,500.0,307.0,364.0,257.0,219.0,164.0,86.0,250.0,8906.0,2694.0,8707.0,2619.0,0.0585831062670299,0.2091280653950953,0.5156675749318801,0.1750681198910081,0.1117166212534059,110.0,97.0,95.0,90.0,90.0,84.0,84.0,82.0,83.0,100.0,84.0,78.0,0.0674019607843137,0.0649263721552878,0.0605481198215423,0.0623700623700623,0.0602409638554216,0.0641221374045801,0.0629213483146067,0.0631254811393379,0.03371807899024651,0.0407166123778501,0.034077079107505,0.033705257557487274,0.0173250173250172,-1.807881773399015,-0.0039473684210525,-0.0444444444444444,0.0489913544668587,0.0798319327731091,-2.46,0.0409956076134698,-0.0495356037151702,-0.0421455938697318,-0.0607175295186195,-0.0657219864856883,-0.0209101175964434,0.0614424243811966,-1.794123568811157,-3.2123893805309733,Healthcare,35.0,1.0,12,7.292337176173877,1632.0,1443.0,9.09459276343187,7.899153483343097,9.071997422354437,7.8709295967551425
BAX,1998Q2,1998,Q2,0,1,0,0,1419.0,755.0,664.0,496.0,306.0,365.0,259.0,104.0,63.0,84.0,147.0,9275.0,2875.0,8906.0,2694.0,0.0591966173361522,0.2156448202959831,0.5320648343904157,0.182522903453136,0.0443974630021141,86.0,110.0,97.0,95.0,90.0,90.0,84.0,84.0,82.0,83.0,100.0,84.0,0.0585831062670299,0.0674019607843137,0.0649263721552878,0.0605481198215423,0.0623700623700623,0.0602409638554216,0.0641221374045801,0.0629213483146067,0.0631254811393379,0.03371380517932676,0.0407166123778501,0.034077079107505,-0.0956022944550669,-0.6111111111111112,-0.0515075376884421,-0.1157894736842105,0.0310734463276836,-0.007662835249042,-0.5229357798165137,-0.1410090556274256,-0.1181556195965417,-0.0728971962616822,-0.022321130521865,-0.0249373975665779,0.0487559361288469,0.0972353851263234,-0.5700023490721164,-0.4280155642023346,Healthcare,35.0,2.0,13,7.258412150595307,1468.0,1569.0,9.135185698375423,7.964155718840937,9.09459276343187,7.899153483343097
BAX,1998Q3,1998,Q3,0,0,1,0,1427.0,671.0,756.0,437.0,306.0,276.0,234.0,-83.0,-124.0,89.0,-35.0,9571.0,2699.0,9275.0,2875.0,0.0623686054660126,0.2144358794674141,0.4702172389628591,0.1639803784162578,-0.086895585143658,84.0,86.0,110.0,97.0,95.0,90.0,90.0,84.0,84.0,82.0,83.0,100.0,0.0591966173361522,0.0585831062670299,0.0674019607843137,0.0649263721552878,0.0605481198215423,0.0623700623700623,0.0602409638554216,0.0641221374045801,0.0629213483146067,0.0631254811393379,0.03370953136840702,0.0407166123778501,-0.0448460508701472,-1.779874213836478,-0.1112582781456953,-0.0824742268041237,-0.1711711711711712,-0.0084745762711864,-1.3915094339622642,0.0230040595399187,-0.0584615384615384,-0.1579961464354528,-0.0393948807605892,-0.0142547571559484,-0.0695303907145541,0.0380791752283444,-1.8164905924819188,-1.13671875,Healthcare,35.0,3.0,14,7.2640301428995295,1419.0,1494.0,9.166597449028265,7.90100705199242,9.135185698375423,7.964155718840937
BAX,1998Q4,1998,Q4,0,0,0,1,1836.0,917.0,919.0,601.0,397.0,428.0,316.0,287.0,212.0,92.0,304.0,9873.0,2839.0,9571.0,2699.0,0.0501089324618736,0.2162309368191721,0.4994553376906318,0.1721132897603486,0.1154684095860566,89.0,84.0,86.0,110.0,97.0,95.0,90.0,90.0,84.0,84.0,82.0,83.0,0.0623686054660126,0.0591966173361522,0.0585831062670299,0.0674019607843137,0.0649263721552878,0.0605481198215423,0.0623700623700623,0.0602409638554216,0.0641221374045801,0.0629213483146067,0.0631254811393379,0.033705257557487274,0.125,0.1648351648351649,0.0916666666666665,-0.1636363636363637,0.1598915989159892,0.1703703703703702,0.1810699588477367,0.1603535353535352,0.0997229916897506,0.0543859649122806,-0.2565656565656565,-0.0224684518313327,-0.0296296296296294,0.0403292181069958,0.0354090354090352,0.0410958904109588,Healthcare,35.0,4.0,15,7.515889085215125,1427.0,1632.0,9.197660318818809,7.951559331155252,9.166597449028265,7.90100705199242
BAX,1999Q1,1999,Q1,1,0,0,0,1462.0,717.0,745.0,476.0,304.0,338.0,241.0,216.0,151.0,75.0,226.0,9898.0,2851.0,9873.0,2839.0,0.0512995896032831,0.2079343365253078,0.4904240766073871,0.1648426812585499,0.1032831737346101,92.0,89.0,84.0,86.0,110.0,97.0,95.0,90.0,90.0,84.0,84.0,82.0,0.0501089324618736,0.0623686054660126,0.0591966173361522,0.0585831062670299,0.0674019607843137,0.0649263721552878,0.0605481198215423,0.0623700623700623,0.0602409638554216,0.0641221374045801,0.0629213483146067,0.0631254811393379,-0.0040871934604904,-0.0792682926829267,-0.0528401585204755,-0.127906976744186,-0.0714285714285714,-0.0622568093385214,-0.0136986301369863,0.0478199718706047,-0.009771986970684,-0.048,-0.1243279356090732,-0.0057081237161178,-0.0489530456279467,-0.0584083420717849,-0.0754896399853191,-0.0959999999999999,Healthcare,35.0,1.0,16,7.288244401020124,1836.0,1468.0,9.200189020919808,7.955775781534187,9.197660318818809,7.951559331155252
BAX,1999Q2,1999,Q2,0,1,0,0,1560.0,794.0,766.0,511.0,319.0,413.0,283.0,255.0,207.0,84.0,291.0,9899.0,3219.0,9898.0,2851.0,0.0538461538461538,0.2044871794871794,0.5089743589743589,0.1814102564102564,0.1326923076923077,75.0,92.0,89.0,84.0,86.0,110.0,97.0,95.0,90.0,90.0,84.0,84.0,0.0512995896032831,0.0501089324618736,0.0623686054660126,0.0591966173361522,0.0585831062670299,0.0674019607843137,0.0649263721552878,0.0605481198215423,0.0623700623700623,0.0602409638554216,0.0641221374045801,0.0629213483146067,0.0993657505285412,2.2857142857142856,0.0516556291390728,0.0,0.1315068493150684,0.0926640926640927,1.451923076923077,0.1536144578313252,0.042483660130719,0.0302419354838709,-0.0903846153846152,-0.0517408245349422,-0.0433978604177279,-0.006095931095931,1.9887362637362636,0.979591836734694,Healthcare,35.0,2.0,17,7.353081920515432,1462.0,1419.0,9.20029003612268,8.077136638538454,9.200189020919808,7.955775781534187
BAX,1999Q3,1999,Q3,0,0,1,0,1589.0,761.0,828.0,463.0,328.0,350.0,298.0,267.0,210.0,83.0,293.0,9902.0,3277.0,9899.0,3219.0,0.0522341095028319,0.2064191315292637,0.4789175582127124,0.1875393329137822,0.13215859030837,84.0,75.0,92.0,89.0,84.0,86.0,110.0,97.0,95.0,90.0,90.0,84.0,0.0538461538461538,0.0512995896032831,0.0501089324618736,0.0623686054660126,0.0591966173361522,0.0585831062670299,0.0674019607843137,0.0649263721552878,0.0605481198215423,0.0623700623700623,0.0602409638554216,0.0641221374045801,0.1135248773651016,-2.693548387096774,0.1341281669150522,-0.0674157303370787,0.2681159420289856,0.2735042735042734,-4.216867469879518,0.0952380952380953,0.0718954248366012,0.0594965675057208,-0.1624935476343683,-0.0373852918553617,0.0185027653793452,0.1436693507178088,-2.5208895836293874,-9.371428571428572,Healthcare,35.0,3.0,18,7.371489295214277,1560.0,1427.0,9.200593020521303,8.094988759303774,9.20029003612268,8.077136638538454
BAX,1999Q4,1999,Q4,0,0,0,1,1769.0,871.0,898.0,543.0,360.0,421.0,328.0,313.0,229.0,90.0,319.0,9644.0,3348.0,9902.0,3277.0,0.0508762012436404,0.2035048049745619,0.4923685698134539,0.185415488976823,0.1294516676088185,83.0,84.0,75.0,92.0,89.0,84.0,86.0,110.0,97.0,95.0,90.0,90.0,0.0522341095028319,0.0538461538461538,0.0512995896032831,0.0501089324618736,0.0623686054660126,0.0591966173361522,0.0585831062670299,0.0674019607843137,0.0649263721552878,0.0605481198215423,0.0623700623700623,0.0602409638554216,-0.0364923747276688,0.080188679245283,-0.0501635768811341,-0.0217391304347825,-0.0163551401869158,0.0379746835443037,0.0905923344947734,-0.0228509249183895,-0.0931989924433249,-0.0965058236272878,0.0153120161230859,-0.0588543528128573,-0.0141889921728447,0.0772874612704022,0.1211002911782588,0.0493421052631579,Healthcare,35.0,4.0,19,7.478734825567875,1589.0,1836.0,9.17419492533983,8.116417072794205,9.200593020521303,8.094988759303774
BAX,2000Q1,2000,Q1,1,0,0,0,1583.0,779.0,804.0,495.0,315.0,381.0,284.0,257.0,191.0,83.0,274.0,8714.0,2705.0,9644.0,3348.0,0.0524320909665192,0.1989892608970309,0.4921036007580543,0.1794061907770056,0.1206569804169298,90.0,83.0,84.0,75.0,92.0,89.0,84.0,86.0,110.0,97.0,95.0,90.0,0.0508762012436404,0.0522341095028319,0.0538461538461538,0.0512995896032831,0.0501089324618736,0.0623686054660126,0.0591966173361522,0.0585831062670299,0.0674019607843137,0.0649263721552878,0.0605481198215423,0.0623700623700623,0.0827633378932968,0.2649006622516556,0.0864714086471407,0.1066666666666666,0.1272189349112427,0.1784232365145228,0.1898148148148148,0.0791946308724831,0.0361842105263157,0.0399159663865547,0.0220762265740155,-0.0430187518701997,0.0034246364132153,0.0883479291119597,0.168215267348023,0.2123893805309735,Healthcare,35.0,1.0,20,7.367708572374371,1769.0,1462.0,9.07280095795412,7.903226808730733,9.17419492533983,8.116417072794205
BAX,2000Q2,2000,Q2,0,1,0,0,1694.0,827.0,867.0,515.0,336.0,398.0,312.0,13.0,48.0,93.0,141.0,8787.0,2871.0,8714.0,2705.0,0.0548996458087367,0.1983471074380165,0.4881936245572609,0.1841794569067296,0.0283353010625737,83.0,90.0,83.0,84.0,75.0,92.0,89.0,84.0,86.0,110.0,97.0,95.0,0.0524320909665192,0.0508762012436404,0.0522341095028319,0.0538461538461538,0.0512995896032831,0.0501089324618736,0.0623686054660126,0.0591966173361522,0.0585831062670299,0.0674019607843137,0.0649263721552878,0.0605481198215423,0.0858974358974358,-0.7681159420289855,0.0415617128463476,0.1071428571428572,-0.036319612590799,0.1024734982332156,-0.9490196078431372,0.1318537859007833,0.0532915360501566,0.0078277886497064,0.0195648507336818,-0.0300266846291353,-0.040828646965583,0.0152648507932799,-0.7864586006878497,-0.5154639175257731,Healthcare,35.0,2.0,21,7.43543801981455,1583.0,1560.0,9.081142433504501,7.962763930168115,9.07280095795412,7.903226808730733
BAX,2000Q3,2000,Q3,0,0,1,0,1687.0,871.0,816.0,543.0,328.0,446.0,328.0,312.0,231.0,97.0,328.0,8808.0,2938.0,8787.0,2871.0,0.0574985180794309,0.1944279786603438,0.5163011262596325,0.1944279786603438,0.1369294605809128,93.0,83.0,90.0,83.0,84.0,75.0,92.0,89.0,84.0,86.0,110.0,97.0,0.0548996458087367,0.0524320909665192,0.0508762012436404,0.0522341095028319,0.0538461538461538,0.0512995896032831,0.0501089324618736,0.0623686054660126,0.0591966173361522,0.0585831062670299,0.0674019607843137,0.0649263721552878,0.0616740088105727,0.1,0.1445466491458606,0.1686746987951808,0.2742857142857142,0.1006711409395972,0.1685393258426966,-0.0144927536231883,0.0,0.1727861771058314,0.1007848822676598,-0.0580912863070539,0.0780584620585493,0.0367317385613634,0.0360995850622407,0.1194539249146757,Healthcare,35.0,3.0,22,7.431299675155903,1694.0,1589.0,9.083529205109796,7.985824666418917,9.081142433504501,7.962763930168115
BAX,2000Q4,2000,Q4,0,0,0,1,1932.0,960.0,972.0,616.0,406.0,448.0,344.0,364.0,270.0,106.0,376.0,8733.0,2659.0,8808.0,2938.0,0.0548654244306418,0.2101449275362318,0.4968944099378882,0.1780538302277432,0.139751552795031,97.0,93.0,83.0,90.0,83.0,84.0,75.0,92.0,89.0,84.0,86.0,110.0,0.0574985180794309,0.0548996458087367,0.0524320909665192,0.0508762012436404,0.0522341095028319,0.0538461538461538,0.0512995896032831,0.0501089324618736,0.0623686054660126,0.0591966173361522,0.0585831062670299,0.0674019607843137,0.0921424533634822,0.1790393013100437,0.1021814006888632,0.1777777777777778,0.0641330166270783,0.048780487804878,0.1629392971246006,0.0824053452115813,0.1277777777777777,0.1344383057090239,0.0784103979756154,0.0326288244766506,0.0091919760965835,-0.0397035802656162,0.0795654886218772,0.1786833855799372,Healthcare,35.0,4.0,23,7.566828479208331,1687.0,1769.0,9.074978734045507,7.886081401775745,9.083529205109796,7.985824666418917
BAX,2001Q1,2001,Q1,1,0,0,0,1757.0,771.0,986.0,458.0,343.0,421.0,313.0,287.0,162.0,103.0,265.0,9282.0,3257.0,8733.0,2659.0,0.0586226522481502,0.1952191235059761,0.4388161639157655,0.1781445645987478,0.0922026180990324,106.0,97.0,93.0,83.0,90.0,83.0,84.0,75.0,92.0,89.0,84.0,86.0,0.0548654244306418,0.0574985180794309,0.0548996458087367,0.0524320909665192,0.0508762012436404,0.0522341095028319,0.0538461538461538,0.0512995896032831,0.0501089324618736,0.0623686054660126,0.0591966173361522,0.0585831062670299,0.1099178774478837,-0.1518324607329843,-0.0102695763799742,0.2409638554216868,0.10498687664042,0.102112676056338,0.1167315175097276,0.2263681592039801,0.0888888888888888,-0.0747474747474747,0.1180681748050824,-0.0189464364763169,-0.1082849968181556,-0.0070322332400778,-0.2358285630849824,-0.0328467153284671,Healthcare,35.0,1.0,24,7.471932078245122,1932.0,1583.0,9.135940049399933,8.08886878916199,9.074978734045507,7.886081401775745
BAX,2001Q2,2001,Q2,0,1,0,0,1870.0,826.0,1044.0,476.0,361.0,459.0,350.0,342.0,253.0,104.0,357.0,9282.0,3414.0,9282.0,3257.0,0.055614973262032,0.193048128342246,0.441711229946524,0.1871657754010695,0.1352941176470588,103.0,106.0,97.0,93.0,83.0,90.0,83.0,84.0,75.0,92.0,89.0,84.0,0.0586226522481502,0.0548654244306418,0.0574985180794309,0.0548996458087367,0.0524320909665192,0.0508762012436404,0.0522341095028319,0.0538461538461538,0.0512995896032831,0.0501089324618736,0.0623686054660126,0.0591966173361522,0.1038961038961039,4.270833333333333,-0.0012091898428052,0.118279569892473,0.1532663316582914,0.1217948717948718,25.307692307692307,0.2041522491349481,0.0744047619047618,-0.0757281553398058,0.0130297280202402,-0.0267156862745098,-0.0952130307987765,0.0162141779788838,3.774754901960784,1.5319148936170213,Healthcare,35.0,2.0,25,7.534228326274089,1757.0,1694.0,9.135940049399933,8.13593277200489,9.135940049399933,8.08886878916199
BAX,2001Q3,2001,Q3,0,0,1,0,1900.0,855.0,1045.0,469.0,352.0,497.0,386.0,368.0,272.0,105.0,377.0,9663.0,3578.0,9282.0,3414.0,0.0552631578947368,0.1852631578947368,0.45,0.2031578947368421,0.1431578947368421,104.0,103.0,106.0,97.0,93.0,83.0,90.0,83.0,84.0,75.0,92.0,89.0,0.055614973262032,0.0586226522481502,0.0548654244306418,0.0574985180794309,0.0548996458087367,0.0524320909665192,0.0508762012436404,0.0522341095028319,0.0538461538461538,0.0512995896032831,0.0501089324618736,0.0623686054660126,0.1262596324836988,0.1774891774891775,-0.018369690011481,0.0824742268041236,0.1143497757847533,0.1768292682926828,0.1794871794871795,0.2806372549019607,0.0731707317073171,-0.1362799263351749,-0.0388768312533911,-0.0471373555840821,-0.1284156142365098,0.0449005134788189,0.0454864433811801,0.149390243902439,Healthcare,35.0,3.0,26,7.550135342488429,1870.0,1687.0,9.176162920174596,8.182838710766026,9.135940049399933,8.13593277200489
BAX,2001Q4,2001,Q4,0,0,0,1,2136.0,984.0,1152.0,820.0,413.0,557.0,164.0,-33.0,-75.0,115.0,40.0,10343.0,3757.0,9663.0,3578.0,0.0538389513108614,0.1933520599250936,0.4606741573033708,0.0767790262172284,-0.0351123595505618,105.0,104.0,103.0,106.0,97.0,93.0,83.0,90.0,83.0,84.0,75.0,92.0,0.0552631578947368,0.055614973262032,0.0586226522481502,0.0548654244306418,0.0574985180794309,0.0548996458087367,0.0524320909665192,0.0508762012436404,0.0522341095028319,0.0538461538461538,0.0512995896032831,0.0501089324618736,0.1055900621118013,-1.2777777777777777,0.0249999999999999,0.0849056603773585,0.2433035714285714,-0.5232558139534884,-1.0906593406593406,0.1851851851851851,0.0172413793103447,0.3311688311688312,-0.0187089251642993,-0.0799108872530026,-0.0728932584269662,-0.5687875620590541,-1.2512484394506866,-0.8936170212765957,Healthcare,35.0,4.0,27,7.667158255319148,1900.0,1932.0,9.244161920451694,8.231642179973411,9.176162920174596,8.182838710766026
BAX,2002Q1,2002,Q1,1,0,0,0,1875.0,880.0,995.0,508.0,393.0,475.0,372.0,344.0,253.0,115.0,368.0,10617.0,3940.0,10343.0,3757.0,0.0613333333333333,0.2096,0.4693333333333333,0.1984,0.1349333333333333,115.0,105.0,104.0,103.0,106.0,97.0,93.0,83.0,90.0,83.0,84.0,75.0,0.0538389513108614,0.0552631578947368,0.055614973262032,0.0586226522481502,0.0548654244306418,0.0574985180794309,0.0548996458087367,0.0524320909665192,0.0508762012436404,0.0522341095028319,0.0538461538461538,0.0512995896032831,0.0671599317017643,0.5617283950617284,0.1413748378728923,0.1165048543689319,0.1282660332541567,0.1884984025559104,0.1986062717770034,0.0091277890466532,0.1457725947521866,0.1091703056768558,0.0462394822006471,0.073665306122449,0.0695443147427583,0.1137022364217252,0.4634436213991768,0.3886792452830188,Healthcare,35.0,1.0,28,7.53689712956617,2136.0,1757.0,9.270305953143616,8.279189777195004,9.244161920451694,8.231642179973411
BAX,2002Q2,2002,Q2,0,1,0,0,2022.0,921.0,1101.0,564.0,390.0,517.0,357.0,277.0,200.0,123.0,323.0,11188.0,4077.0,10617.0,3940.0,0.0608308605341246,0.1928783382789317,0.4554896142433234,0.1765578635014836,0.0989119683481701,115.0,115.0,105.0,104.0,103.0,106.0,97.0,93.0,83.0,90.0,83.0,84.0,0.0613333333333333,0.0538389513108614,0.0552631578947368,0.055614973262032,0.0586226522481502,0.0548654244306418,0.0574985180794309,0.0548996458087367,0.0524320909665192,0.0508762012436404,0.0522341095028319,0.0538461538461538,0.081283422459893,-0.2094861660079051,0.1150121065375302,0.1826923076923077,0.1263616557734204,0.02,-0.1900584795321637,0.0545977011494251,0.080332409972299,0.1848739495798319,0.0937856653732023,-0.0008795219346194,0.0311931944733836,-0.0566765578635015,-0.2689115382961338,-0.0952380952380952,Healthcare,35.0,2.0,29,7.612336837167746,1875.0,1870.0,9.322686431807721,8.3133619511344,9.270305953143616,8.279189777195004
BAX,2002Q3,2002,Q3,0,0,1,0,2102.0,946.0,1156.0,507.0,385.0,559.0,439.0,422.0,316.0,122.0,438.0,11167.0,4358.0,11188.0,4077.0,0.0580399619410085,0.1831588962892483,0.4500475737392959,0.208848715509039,0.1503330161750713,123.0,115.0,115.0,105.0,104.0,103.0,106.0,97.0,93.0,83.0,90.0,83.0,0.0608308605341246,0.0613333333333333,0.0538389513108614,0.0552631578947368,0.055614973262032,0.0586226522481502,0.0548654244306418,0.0574985180794309,0.0548996458087367,0.0524320909665192,0.0508762012436404,0.0522341095028319,0.1063157894736841,0.161764705882353,0.1064327485380116,0.161904761904762,0.1247484909456739,0.1373056994818653,0.1467391304347827,0.1062200956937799,0.09375,0.0810234541577825,0.0502469303611072,-0.0113582302568981,0.0001057194206575,0.0280118120911248,0.0501203335758662,0.1618037135278514,Healthcare,35.0,3.0,30,7.6511201757027,2022.0,1900.0,9.320807825002154,8.379997952238393,9.322686431807721,8.3133619511344
BAX,2002Q4,2002,Q4,0,0,0,1,2036.0,1039.0,997.0,666.0,387.0,618.0,373.0,356.0,9.0,141.0,150.0,12478.0,2939.0,11167.0,4358.0,0.0692534381139489,0.1900785854616896,0.5103143418467584,0.1832023575638507,0.0044204322200392,122.0,123.0,115.0,115.0,105.0,104.0,103.0,106.0,97.0,93.0,83.0,90.0,0.0580399619410085,0.0608308605341246,0.0613333333333333,0.0538389513108614,0.0552631578947368,0.055614973262032,0.0586226522481502,0.0548654244306418,0.0574985180794309,0.0548996458087367,0.0524320909665192,0.0508762012436404,-0.046816479400749,-1.12,0.0558943089430894,0.2260869565217391,0.1095152603231597,1.274390243902439,-11.787878787878787,-0.1345486111111111,-0.0629539951573849,-0.1878048780487804,0.2863073374903904,-0.0169301245855472,0.1077555225454023,1.3860989985145435,-1.125893909626719,2.75,Healthcare,35.0,4.0,31,7.619233416226805,2102.0,2136.0,9.431802510507854,7.986164860332727,9.320807825002154,8.379997952238393
BAX,2003Q1,2003,Q1,1,0,0,0,1997.0,880.0,1117.0,549.0,413.0,459.0,331.0,286.0,216.0,136.0,352.0,13326.0,2973.0,12478.0,2939.0,0.0681021532298447,0.2068102153229844,0.4406609914872308,0.1657486229344016,0.1081622433650475,141.0,122.0,123.0,115.0,115.0,105.0,104.0,103.0,106.0,97.0,93.0,83.0,0.0692534381139489,0.0580399619410085,0.0608308605341246,0.0613333333333333,0.0538389513108614,0.0552631578947368,0.055614973262032,0.0586226522481502,0.0548654244306418,0.0574985180794309,0.0548996458087367,0.0524320909665192,0.0650666666666666,-0.1462450592885376,0.0,0.1826086956521739,-0.0336842105263157,-0.1102150537634408,-0.1686046511627906,0.122613065326633,0.0508905852417302,0.0807086614173229,0.1103611939648603,-0.0133100413979748,-0.0610916374561841,-0.1645734731128951,-0.1984023466029082,-0.0434782608695651,Healthcare,35.0,1.0,32,7.599901959208498,2036.0,1875.0,9.497547331579726,7.9976631270201,9.431802510507854,7.986164860332727
BAX,2003Q2,2003,Q2,0,1,0,0,2162.0,971.0,1191.0,942.0,466.0,497.0,29.0,-12.0,35.0,139.0,174.0,13215.0,3091.0,13326.0,2973.0,0.0642923219241443,0.215541165587419,0.4491211840888066,0.0134135060129509,0.0161887141535615,136.0,141.0,122.0,123.0,115.0,115.0,105.0,104.0,103.0,106.0,97.0,93.0,0.0681021532298447,0.0692534381139489,0.0580399619410085,0.0608308605341246,0.0613333333333333,0.0538389513108614,0.0552631578947368,0.055614973262032,0.0586226522481502,0.0548654244306418,0.0574985180794309,0.0548996458087367,0.0692383778437191,-0.825,0.0542888165038002,0.1300813008130081,-0.0386847195357833,-0.9187675070028012,-1.0433212996389891,0.0817438692098093,0.1948717948717948,0.6702127659574468,0.0569030482164212,0.117498043122465,-0.0139815046389066,-0.9240277054392524,-0.836332099907493,-0.4613003095975232,Healthcare,35.0,2.0,33,7.679251425953058,1997.0,2022.0,9.48918349576076,8.036573409707312,9.497547331579726,7.9976631270201
BAX,2003Q3,2003,Q3,0,0,1,0,2219.0,972.0,1247.0,575.0,438.0,537.0,397.0,366.0,256.0,137.0,393.0,13353.0,3461.0,13215.0,3091.0,0.0617395223073456,0.1973862100045065,0.4380351509689049,0.1789094186570527,0.1153672825597115,139.0,136.0,141.0,122.0,123.0,115.0,115.0,105.0,104.0,103.0,106.0,97.0,0.0642923219241443,0.0681021532298447,0.0692534381139489,0.0580399619410085,0.0608308605341246,0.0613333333333333,0.0538389513108614,0.0552631578947368,0.055614973262032,0.0586226522481502,0.0548654244306418,0.0574985180794309,0.055661274976213,-0.189873417721519,0.0274841437632136,0.1229508196721311,-0.0393559928443649,-0.0956719817767653,-0.1327014218009479,0.0787197231833909,0.1376623376623376,0.1341222879684418,0.0637416056560702,0.07767743747915,-0.026691451018353,-0.1433539908493739,-0.2325885191755894,-0.1027397260273972,Healthcare,35.0,3.0,34,7.705262474866325,2162.0,2102.0,9.499571244417814,8.149601735736155,9.48918349576076,8.036573409707312
BAX,2003Q4,2003,Q4,0,0,0,1,2537.0,1140.0,1397.0,622.0,481.0,664.0,518.0,506.0,371.0,141.0,512.0,13707.0,3274.0,13353.0,3461.0,0.0555774536854552,0.1895940086716594,0.4493496255419787,0.204178163184864,0.1462357114702404,137.0,139.0,136.0,141.0,122.0,123.0,115.0,115.0,105.0,104.0,103.0,106.0,0.0617395223073456,0.0642923219241443,0.0681021532298447,0.0692534381139489,0.0580399619410085,0.0608308605341246,0.0613333333333333,0.0538389513108614,0.0552631578947368,0.055614973262032,0.0586226522481502,0.0548654244306418,0.2460707269155206,40.22222222222222,0.0972088546679499,0.0,0.0744336569579287,0.3887399463806971,0.4213483146067416,0.4012036108324974,0.2428940568475452,-0.066066066066066,-0.1974773354355538,-0.0025493497273938,-0.1194650263681726,0.114495282156523,32.08176761704551,2.4133333333333336,Healthcare,35.0,4.0,35,7.839131648274333,2219.0,2036.0,9.525734882994499,8.094073148069352,9.499571244417814,8.149601735736155
BAX,2004Q1,2004,Q1,1,0,0,0,2209.0,894.0,1315.0,603.0,464.0,439.0,291.0,252.0,178.0,136.0,314.0,13730.0,3535.0,13707.0,3274.0,0.0615663196016297,0.2100497962879131,0.4047080126754187,0.1317338162064282,0.0805794477138976,141.0,137.0,139.0,136.0,141.0,122.0,123.0,115.0,115.0,105.0,104.0,103.0,0.0555774536854552,0.0617395223073456,0.0642923219241443,0.0681021532298447,0.0692534381139489,0.0580399619410085,0.0608308605341246,0.0613333333333333,0.0538389513108614,0.0552631578947368,0.055614973262032,0.0586226522481502,0.1061592388582874,-0.1759259259259259,0.0159090909090908,0.0,-0.0435729847494553,-0.120845921450151,-0.1188811188811188,0.1772605192479857,0.1234866828087166,0.098360655737705,-0.0959710276143051,0.0156645113485773,-0.0815887485081691,-0.2052192417998876,-0.2550131616451218,-0.1079545454545454,Healthcare,35.0,1.0,36,7.700747794511798,2537.0,1997.0,9.527411329321751,8.170751423757535,9.525734882994499,8.094073148069352
BAX,2004Q2,2004,Q2,0,1,0,0,2379.0,939.0,1440.0,1204.0,532.0,425.0,-265.0,-332.0,-170.0,129.0,-41.0,13660.0,3302.0,13730.0,3535.0,0.0542244640605296,0.2236233711643547,0.3947036569987389,-0.1113913408995376,-0.0714585960487599,136.0,141.0,137.0,139.0,136.0,141.0,122.0,123.0,115.0,115.0,105.0,104.0,0.0615663196016297,0.0555774536854552,0.0617395223073456,0.0642923219241443,0.0681021532298447,0.0692534381139489,0.0580399619410085,0.0608308605341246,0.0613333333333333,0.0538389513108614,0.0552631578947368,0.055614973262032,0.1003700277520813,-5.857142857142857,-0.0329557157569515,-0.0719424460431654,-0.1448692152917504,-10.137931034482758,26.666666666666668,0.2090680100755668,0.1416309012875536,0.2781316348195328,-0.15659502662687,0.0374972713676715,-0.1211644629955986,-9.304416518096565,-5.414099561640545,-1.235632183908046,Healthcare,35.0,2.0,37,7.77485576666552,2209.0,2162.0,9.522300336887486,8.10258642539079,9.527411329321751,8.170751423757535
BAX,2004Q3,2004,Q3,0,0,1,0,2320.0,963.0,1357.0,586.0,462.0,527.0,377.0,346.0,276.0,124.0,400.0,13769.0,3686.0,13660.0,3302.0,0.0534482758620689,0.1991379310344827,0.4150862068965517,0.1625,0.1189655172413793,129.0,136.0,141.0,137.0,139.0,136.0,141.0,122.0,123.0,115.0,115.0,105.0,0.0542244640605296,0.0615663196016297,0.0555774536854552,0.0617395223073456,0.0642923219241443,0.0681021532298447,0.0692534381139489,0.0580399619410085,0.0608308605341246,0.0613333333333333,0.0538389513108614,0.0552631578947368,0.0455159981973862,0.078125,-0.0092592592592593,-0.0948905109489051,-0.0186219739292364,-0.0503778337531486,-0.0546448087431693,0.0882117080994386,0.0547945205479452,0.0191304347826086,-0.134293984394664,0.0088745866792632,-0.0523906449552999,-0.0917191435768262,0.031189385775862,0.0178117048346055,Healthcare,35.0,3.0,38,7.749753406274437,2379.0,2219.0,9.5302475917227,8.212568398234145,9.522300336887486,8.10258642539079
BAX,2004Q4,2004,Q4,0,0,0,1,2601.0,1120.0,1481.0,917.0,789.0,359.0,203.0,167.0,106.0,128.0,234.0,14147.0,3705.0,13769.0,3686.0,0.0492118415993848,0.3033448673587082,0.4306036139946174,0.0780469050365244,0.0407535563244905,124.0,129.0,136.0,141.0,137.0,139.0,136.0,141.0,122.0,123.0,115.0,115.0,0.0534482758620689,0.0542244640605296,0.0615663196016297,0.0555774536854552,0.0617395223073456,0.0642923219241443,0.0681021532298447,0.0692534381139489,0.0580399619410085,0.0608308605341246,0.0613333333333333,0.0538389513108614,0.0252266456444618,-0.7142857142857143,-0.0175438596491228,-0.0921985815602837,-0.4593373493975904,-0.6081081081081081,-0.6699604743083004,0.0601288475304222,0.6403326403326404,0.4742765273311897,-0.1145358713642596,0.5999707452994651,-0.041718097627768,-0.6177509689620416,-0.7213159773713407,-0.54296875,Healthcare,35.0,4.0,39,7.86403565907245,2320.0,2537.0,9.557328550325371,8.217708406845306,9.5302475917227,8.212568398234145
BAX,2005Q1,2005,Q1,1,0,0,0,2383.0,969.0,1414.0,640.0,507.0,476.0,329.0,298.0,226.0,133.0,359.0,13808.0,4010.0,14147.0,3705.0,0.0558120016785564,0.2127570289550986,0.4066302979437683,0.1380612673101133,0.0948384389425094,128.0,124.0,129.0,136.0,141.0,137.0,139.0,136.0,141.0,122.0,123.0,115.0,0.0492118415993848,0.0534482758620689,0.0542244640605296,0.0615663196016297,0.0555774536854552,0.0617395223073456,0.0642923219241443,0.0681021532298447,0.0692534381139489,0.0580399619410085,0.0608308605341246,0.0613333333333333,0.0787686736079673,0.2696629213483146,0.0838926174496643,-0.0220588235294117,0.0842824601366742,0.1305841924398625,0.1825396825396825,0.0752851711026616,0.0926724137931034,0.0613598673300166,-0.0934653550887414,0.0128885279349415,0.0047498077827565,0.0480320944606196,0.1769556832809178,0.1433121019108281,Healthcare,35.0,1.0,40,7.776535028185241,2601.0,2209.0,9.533075832485352,8.296795865770052,9.557328550325371,8.217708406845306
BAX,2005Q2,2005,Q2,0,1,0,0,2577.0,1113.0,1464.0,566.0,537.0,588.0,547.0,412.0,322.0,133.0,455.0,13626.0,4210.0,13808.0,4010.0,0.0516103996895615,0.2083818393480791,0.4318975552968568,0.2122623205277454,0.1249514939852541,133.0,128.0,124.0,129.0,136.0,141.0,137.0,139.0,136.0,141.0,122.0,123.0,0.0558120016785564,0.0492118415993848,0.0534482758620689,0.0542244640605296,0.0615663196016297,0.0555774536854552,0.0617395223073456,0.0642923219241443,0.0681021532298447,0.0692534381139489,0.0580399619410085,0.0608308605341246,0.0832282471626733,-2.8941176470588235,0.1853035143769967,0.0310077519379845,0.3835294117647059,-3.064150943396226,-2.240963855421687,0.0166666666666666,0.0093984962406015,-0.5299003322259136,-0.0482082103762262,-0.0681571507348114,0.0942324643782985,-2.905554945417005,-2.7485859070054097,-12.097560975609756,Healthcare,35.0,2.0,41,7.8547691834991324,2383.0,2379.0,9.51980839774982,8.345455428161928,9.533075832485352,8.296795865770052
BAX,2005Q3,2005,Q3,0,0,1,0,2398.0,1010.0,1388.0,624.0,491.0,531.0,386.0,350.0,116.0,133.0,249.0,13783.0,4376.0,13626.0,4210.0,0.055462885738115,0.2047539616346955,0.421184320266889,0.1609674728940784,0.0483736447039199,133.0,133.0,128.0,124.0,129.0,136.0,141.0,137.0,139.0,136.0,141.0,122.0,0.0516103996895615,0.0558120016785564,0.0492118415993848,0.0534482758620689,0.0542244640605296,0.0615663196016297,0.0555774536854552,0.0617395223073456,0.0642923219241443,0.0681021532298447,0.0692534381139489,0.0580399619410085,0.0336206896551725,-0.5797101449275363,0.0488058151609553,0.0725806451612902,0.0075901328273244,0.0238726790450929,0.0115606936416186,0.0228445099484155,0.0627705627705628,0.0648464163822526,0.0376927009066694,0.0282017121049646,0.0146911973200234,-0.0094309360364406,-0.5933809575612528,-0.3774999999999999,Healthcare,35.0,3.0,42,7.782807262839695,2577.0,2320.0,9.531263778207766,8.384118837190895,9.51980839774982,8.345455428161928
BAX,2005Q4,2005,Q4,0,0,0,1,2491.0,1001.0,1490.0,653.0,519.0,491.0,348.0,384.0,292.0,134.0,426.0,12727.0,4299.0,13783.0,4376.0,0.0537936571657968,0.2083500602167804,0.4018466479325572,0.1397029305499799,0.1172219991971096,133.0,133.0,133.0,128.0,124.0,129.0,136.0,141.0,137.0,139.0,136.0,141.0,0.055462885738115,0.0516103996895615,0.0558120016785564,0.0492118415993848,0.0534482758620689,0.0542244640605296,0.0615663196016297,0.0555774536854552,0.0617395223073456,0.0642923219241443,0.0681021532298447,0.0692534381139489,-0.0422914263744713,1.7547169811320753,-0.1062499999999999,0.046875,0.3676880222841225,0.7142857142857142,1.2994011976047903,0.0060769750168805,-0.3422053231939164,-0.2878953107960741,0.0931039241268567,-0.3131577862815642,-0.0667829185066238,0.7899868096576248,1.8763624519970008,0.8205128205128205,Healthcare,35.0,4.0,43,7.820840879907344,2398.0,2601.0,9.451559570017622,8.366370301681654,9.531263778207766,8.384118837190895
BAX,2006Q1,2006,Q1,1,0,0,0,2409.0,1052.0,1357.0,664.0,526.0,527.0,388.0,354.0,282.0,138.0,420.0,12780.0,5747.0,12727.0,4299.0,0.0572851805728518,0.2183478621834786,0.4366957243669572,0.1610626816106268,0.1170610211706102,134.0,133.0,133.0,133.0,128.0,124.0,129.0,136.0,141.0,137.0,139.0,136.0,0.0537936571657968,0.055462885738115,0.0516103996895615,0.0558120016785564,0.0492118415993848,0.0534482758620689,0.0542244640605296,0.0615663196016297,0.0555774536854552,0.0617395223073456,0.0642923219241443,0.0681021532298447,0.0109106168694921,0.2477876106194689,0.0856553147574818,0.037593984962406,0.1071428571428572,0.1793313069908815,0.1879194630872482,-0.0403111739745403,0.0374753451676528,0.0375,0.0263953782338786,0.0262780189018334,0.0739379888198752,0.1666029491736282,0.2343204134936465,0.16991643454039,Healthcare,35.0,1.0,44,7.787382026484701,2491.0,2383.0,9.455714972131714,8.656607247198915,9.451559570017622,8.366370301681654
BAX,2006Q2,2006,Q2,0,1,0,0,2649.0,1155.0,1494.0,728.0,582.0,573.0,427.0,398.0,309.0,146.0,455.0,13007.0,5865.0,12780.0,5747.0,0.0551151377878444,0.2197055492638731,0.4360135900339751,0.1611929029822574,0.116647791619479,138.0,134.0,133.0,133.0,133.0,128.0,124.0,129.0,136.0,141.0,137.0,139.0,0.0572851805728518,0.0537936571657968,0.055462885738115,0.0516103996895615,0.0558120016785564,0.0492118415993848,0.0534482758620689,0.0542244640605296,0.0615663196016297,0.0555774536854552,0.0617395223073456,0.0642923219241443,0.0279394644935973,-0.0403726708074534,0.0377358490566037,0.0977443609022556,-0.0255102040816326,-0.2193784277879341,-0.0339805825242718,0.0204918032786884,0.0837988826815643,0.2862190812720848,0.0679075945810165,0.0543411554059611,0.0095301181649181,-0.2405957751640265,-0.0664554068217467,0.0,Healthcare,35.0,2.0,45,7.882314918980268,2409.0,2577.0,9.473319831787592,8.676928249537397,9.455714972131714,8.656607247198915
BAX,2006Q3,2006,Q3,0,0,1,0,2557.0,1215.0,1342.0,711.0,562.0,650.0,504.0,479.0,374.0,149.0,523.0,13931.0,6338.0,13007.0,5865.0,0.0582714118107156,0.2197888150175987,0.4751662104028158,0.1971059835745013,0.1462651544779037,146.0,138.0,134.0,133.0,133.0,133.0,128.0,124.0,129.0,136.0,141.0,137.0,0.0551151377878444,0.0572851805728518,0.0537936571657968,0.055462885738115,0.0516103996895615,0.0558120016785564,0.0492118415993848,0.0534482758620689,0.0542244640605296,0.0615663196016297,0.0555774536854552,0.0617395223073456,0.0663052543786488,2.2241379310344827,0.2029702970297029,0.1203007518796992,0.2241054613935968,0.3056994818652849,0.3685714285714285,-0.0331412103746397,0.1446028513238288,0.1394230769230768,0.0506379362563624,0.0734288766032622,0.1281669035108439,0.2245081570250111,2.0236537968794246,1.1004016064257027,Healthcare,35.0,3.0,46,7.846980982138788,2649.0,2398.0,9.541943631485891,8.754476306284166,9.473319831787592,8.676928249537397
BAX,2006Q4,2006,Q4,0,0,0,1,2763.0,1315.0,1448.0,793.0,612.0,666.0,522.0,515.0,431.0,181.0,612.0,14686.0,6272.0,13931.0,6338.0,0.0655085052479189,0.2214983713355048,0.4759319580166485,0.1889250814332247,0.1559898660875859,149.0,146.0,138.0,134.0,133.0,133.0,133.0,128.0,124.0,129.0,136.0,141.0,0.0582714118107156,0.0551151377878444,0.0572851805728518,0.0537936571657968,0.055462885738115,0.0516103996895615,0.0558120016785564,0.0492118415993848,0.0534482758620689,0.0542244640605296,0.0615663196016297,0.0555774536854552,0.109193095142513,0.476027397260274,0.3136863136863137,0.3507462686567164,0.3564154786150713,0.5,0.3411458333333332,-0.0281879194630872,0.1791907514450867,0.2143950995405819,0.2177737803922839,0.0631068265833192,0.1843621452741974,0.3523344191096633,0.3307217685759474,0.4366197183098592,Healthcare,35.0,4.0,47,7.92443418488756,2557.0,2491.0,9.594718027753862,8.744009988096744,9.541943631485891,8.754476306284166
BAX,2007Q1,2007,Q1,1,0,0,0,2675.0,1266.0,1409.0,742.0,583.0,664.0,524.0,529.0,403.0,159.0,562.0,14483.0,6604.0,14686.0,6272.0,0.0594392523364485,0.2179439252336448,0.4732710280373832,0.1958878504672897,0.1506542056074766,181.0,149.0,146.0,138.0,134.0,133.0,133.0,133.0,128.0,124.0,129.0,136.0,0.0655085052479189,0.0582714118107156,0.0551151377878444,0.0572851805728518,0.0537936571657968,0.055462885738115,0.0516103996895615,0.0558120016785564,0.0492118415993848,0.0534482758620689,0.0542244640605296,0.0615663196016297,0.1104192611041925,0.429078014184397,0.203422053231939,0.1521739130434782,0.2599620493358634,0.3505154639175258,0.4943502824858756,0.0383198231392778,0.1083650190114069,0.1174698795180722,0.0376026005688743,-0.0018499697949611,0.0837546640133612,0.2162212159167549,0.2869715649234441,0.338095238095238,Healthcare,35.0,1.0,48,7.892078421248119,2763.0,2409.0,9.580799870885532,8.795582216956426,9.594718027753862,8.744009988096744
BAX,2007Q2,2007,Q2,0,1,0,0,2829.0,1392.0,1437.0,868.0,621.0,741.0,524.0,508.0,431.0,177.0,608.0,14659.0,6689.0,14483.0,6604.0,0.0625662778366914,0.2195121951219512,0.4920466595970307,0.1852244609402615,0.152350653941322,159.0,181.0,149.0,146.0,138.0,134.0,133.0,133.0,133.0,128.0,124.0,129.0,0.0594392523364485,0.0655085052479189,0.0582714118107156,0.0551151377878444,0.0572851805728518,0.0537936571657968,0.055462885738115,0.0516103996895615,0.0558120016785564,0.0492118415993848,0.0534482758620689,0.0542244640605296,0.0679501698754247,0.3948220064724919,0.2051948051948051,0.2123287671232876,0.293193717277487,0.2271662763466042,0.2763819095477386,-0.0381526104417671,0.0670103092783505,0.1923076923076923,0.1351922602013393,-0.0008800603469952,0.1285122088939692,0.149085707331974,0.3060740527202654,0.3362637362637362,Healthcare,35.0,2.0,49,7.948031990637284,2675.0,2649.0,9.592877975440642,8.808369153122275,9.580799870885532,8.795582216956426
BAX,2007Q3,2007,Q3,0,0,1,0,2750.0,1376.0,1374.0,866.0,663.0,651.0,510.0,483.0,395.0,203.0,598.0,14147.0,6292.0,14659.0,6689.0,0.0738181818181818,0.241090909090909,0.5003636363636363,0.1854545454545454,0.1436363636363636,177.0,159.0,181.0,149.0,146.0,138.0,134.0,133.0,133.0,133.0,128.0,124.0,0.0625662778366914,0.0594392523364485,0.0655085052479189,0.0582714118107156,0.0551151377878444,0.0572851805728518,0.0537936571657968,0.055462885738115,0.0516103996895615,0.0558120016785564,0.0492118415993848,0.0534482758620689,0.0754790770434101,0.0561497326203208,0.1325102880658435,0.3624161073825502,0.0015384615384614,0.0119047619047618,0.0083507306889352,0.0238450074515648,0.1797153024911031,0.2180028129395217,0.2667992678462478,0.0969207376253638,0.0530286569397679,-0.0591125541125541,-0.0179727758872142,0.1434034416826004,Healthcare,35.0,3.0,50,7.919719760924575,2829.0,2557.0,9.557328550325371,8.747193183526933,9.592877975440642,8.808369153122275
BAX,2007Q4,2007,Q4,0,0,0,1,3009.0,1485.0,1524.0,875.0,654.0,763.0,610.0,594.0,478.0,221.0,699.0,15294.0,6916.0,14147.0,6292.0,0.0734463276836158,0.2173479561316051,0.4935194416749751,0.202725157859754,0.1588567630442007,203.0,177.0,159.0,181.0,149.0,146.0,138.0,134.0,133.0,133.0,133.0,128.0,0.0738181818181818,0.0625662778366914,0.0594392523364485,0.0655085052479189,0.0582714118107156,0.0551151377878444,0.0572851805728518,0.0537936571657968,0.055462885738115,0.0516103996895615,0.0558120016785564,0.0492118415993848,0.0890336590662324,0.1090487238979118,0.1292775665399239,0.2209944751381216,0.1456456456456456,0.1685823754789273,0.1533980582524272,0.0524861878453037,0.0686274509803921,0.1034047919293821,0.1211723944189531,-0.0187379039352529,0.0369537774509172,0.0730452321197328,0.0183787384944933,0.1421568627450979,Healthcare,35.0,4.0,51,8.009695357742922,2750.0,2763.0,9.635281256585003,8.841737428600585,9.557328550325371,8.747193183526933
BAX,2008Q1,2008,Q1,1,0,0,0,2877.0,1380.0,1497.0,830.0,640.0,730.0,550.0,537.0,429.0,190.0,619.0,14972.0,6997.0,15294.0,6916.0,0.0660410149461244,0.2224539450816823,0.4796663190823775,0.1911713590545707,0.1491136600625651,221.0,203.0,177.0,159.0,181.0,149.0,146.0,138.0,134.0,133.0,133.0,133.0,0.0734463276836158,0.0738181818181818,0.0625662778366914,0.0594392523364485,0.0655085052479189,0.0582714118107156,0.0551151377878444,0.0572851805728518,0.0537936571657968,0.055462885738115,0.0516103996895615,0.0558120016785564,0.0755140186915888,0.064516129032258,0.0900473933649288,0.1949685534591194,0.0993975903614456,0.049618320610687,0.0151228733459356,0.0624556422995032,0.097770154373928,0.1185983827493262,0.1110673898168734,0.0206934872958837,0.0135129569868561,-0.0240775086431742,-0.0102257055400449,0.1014234875444839,Healthcare,35.0,1.0,52,7.964850887447313,3009.0,2675.0,9.61400385813772,8.853379672927634,9.635281256585003,8.841737428600585
BAX,2008Q2,2008,Q2,0,1,0,0,3189.0,1627.0,1562.0,925.0,703.0,861.0,702.0,676.0,544.0,222.0,766.0,15470.0,7219.0,14972.0,6997.0,0.0696142991533396,0.2204452806522421,0.5101912825337096,0.2201317027281279,0.1705863907180934,190.0,221.0,203.0,177.0,159.0,181.0,149.0,146.0,138.0,134.0,133.0,133.0,0.0660410149461244,0.0734463276836158,0.0738181818181818,0.0625662778366914,0.0594392523364485,0.0655085052479189,0.0582714118107156,0.0551151377878444,0.0572851805728518,0.0537936571657968,0.055462885738115,0.0516103996895615,0.1272534464475079,0.2621809744779582,0.1688218390804596,0.2542372881355932,0.1619433198380566,0.3396946564885497,0.3307086614173229,0.0869867780097424,0.1320450885668276,0.0656682027649768,0.1126488830779532,0.0042507229713251,0.0368758177355348,0.1884591355302938,0.1196958221380193,0.2598684210526316,Healthcare,35.0,2.0,53,8.06777619577889,2877.0,2829.0,9.646722582719068,8.884610231886873,9.61400385813772,8.853379672927634
BAX,2008Q3,2008,Q3,0,0,1,0,3151.0,1521.0,1630.0,911.0,681.0,764.0,610.0,562.0,472.0,230.0,702.0,15209.0,7059.0,15470.0,7219.0,0.072992700729927,0.2161218660742621,0.4827039035226912,0.193589336718502,0.1497937162805458,222.0,190.0,221.0,203.0,177.0,159.0,181.0,149.0,146.0,138.0,134.0,133.0,0.0696142991533396,0.0660410149461244,0.0734463276836158,0.0738181818181818,0.0625662778366914,0.0594392523364485,0.0655085052479189,0.0582714118107156,0.0551151377878444,0.0572851805728518,0.0537936571657968,0.055462885738115,0.1458181818181818,0.1949367088607594,0.1053779069767442,0.1330049261083743,0.1735791090629801,0.196078431372549,0.1635610766045547,0.1863173216885008,0.0271493212669682,0.0519630484988453,-0.0111826255798067,-0.1035669205064541,-0.0352937974655517,0.0438640705409425,0.042867644991142,0.1739130434782609,Healthcare,35.0,3.0,54,8.05579245097777,3189.0,2750.0,9.62970838525334,8.862200330487287,9.646722582719068,8.884610231886873
BAX,2008Q4,2008,Q4,0,0,0,1,3131.0,1602.0,1529.0,900.0,674.0,887.0,702.0,687.0,569.0,226.0,795.0,15405.0,6229.0,15209.0,7059.0,0.072181411689556,0.2152666879591185,0.5116576173746407,0.2242095177259661,0.1817310763334398,230.0,222.0,190.0,221.0,203.0,177.0,159.0,181.0,149.0,146.0,138.0,134.0,0.072992700729927,0.0696142991533396,0.0660410149461244,0.0734463276836158,0.0738181818181818,0.0625662778366914,0.0594392523364485,0.0655085052479189,0.0582714118107156,0.0551151377878444,0.0572851805728518,0.0537936571657968,0.0405450315719508,0.1903765690376568,0.0787878787878788,0.0226244343891401,0.162516382699869,0.1508196721311474,0.1565656565656565,0.003280839895013,0.0305810397553516,0.0285714285714284,-0.0172223177652753,-0.0095757430137805,0.0367527075288174,0.1059777685859544,0.1439933236136408,0.1373390557939915,Healthcare,35.0,4.0,55,8.049427057110695,3151.0,3009.0,9.64251232291291,8.737131611781498,9.62970838525334,8.862200330487287
BAX,2009Q1,2009,Q1,1,0,0,0,2824.0,1488.0,1336.0,823.0,611.0,816.0,665.0,637.0,516.0,212.0,728.0,14953.0,6099.0,15405.0,6229.0,0.075070821529745,0.2163597733711048,0.5269121813031161,0.2354815864022663,0.1827195467422096,226.0,230.0,222.0,190.0,221.0,203.0,177.0,159.0,181.0,149.0,146.0,138.0,0.072181411689556,0.072992700729927,0.0696142991533396,0.0660410149461244,0.0734463276836158,0.0738181818181818,0.0625662778366914,0.0594392523364485,0.0655085052479189,0.0582714118107156,0.0551151377878444,0.0572851805728518,-0.0184219673270767,0.2027972027972027,0.0782608695652173,0.1157894736842104,0.1178082191780822,0.209090909090909,0.186219739292365,-0.1075484301937207,-0.0453124999999999,-0.008433734939759,0.1367302817951394,-0.0273952062677054,0.0984973518906269,0.2317827710533093,0.2253709463341191,0.1760904684975768,Healthcare,35.0,1.0,56,7.946263643580541,3131.0,2877.0,9.61273410155986,8.716044050161402,9.64251232291291,8.737131611781498
BAX,2009Q2,2009,Q2,0,1,0,0,3123.0,1638.0,1485.0,891.0,660.0,907.0,747.0,724.0,587.0,231.0,818.0,15743.0,6552.0,14953.0,6099.0,0.073967339097022,0.2113352545629202,0.5244956772334294,0.239193083573487,0.1879602945885366,212.0,226.0,230.0,222.0,190.0,221.0,203.0,177.0,159.0,181.0,149.0,146.0,0.075070821529745,0.072181411689556,0.072992700729927,0.0696142991533396,0.0660410149461244,0.0734463276836158,0.0738181818181818,0.0625662778366914,0.0594392523364485,0.0655085052479189,0.0582714118107156,0.0551151377878444,-0.0206961429915334,0.0790441176470588,0.0067609096496619,0.0405405405405405,0.0534262485481997,0.0641025641025641,0.0710059171597632,-0.0492957746478873,-0.0611664295874821,-0.0367567567567567,0.0625308305423577,-0.0413255664279478,0.0280373169621428,0.0865908027291313,0.1018481239758151,0.0678851174934724,Healthcare,35.0,2.0,57,8.046869510959576,2824.0,3189.0,9.664214619292034,8.787678239039497,9.61273410155986,8.716044050161402
BAX,2009Q3,2009,Q3,0,0,1,0,3145.0,1632.0,1513.0,900.0,672.0,849.0,732.0,658.0,530.0,228.0,758.0,16954.0,7086.0,15743.0,6552.0,0.0724960254372019,0.2136724960254372,0.518918918918919,0.2327503974562798,0.1685214626391097,231.0,212.0,226.0,230.0,222.0,190.0,221.0,203.0,177.0,159.0,181.0,149.0,0.073967339097022,0.075070821529745,0.072181411689556,0.072992700729927,0.0696142991533396,0.0660410149461244,0.0734463276836158,0.0738181818181818,0.0625662778366914,0.0594392523364485,0.0655085052479189,0.0582714118107156,-0.0019041574103458,0.1228813559322032,0.0729783037475344,-0.0086956521739129,0.1112565445026179,0.1999999999999999,0.1708185053380781,-0.0717791411042945,-0.0132158590308369,-0.0120746432491767,-0.0068044515103338,-0.0113332819733442,0.0750253211791673,0.2022893481717012,0.1250235779149038,0.0797720797720797,Healthcare,35.0,3.0,58,8.053887083618223,3123.0,3151.0,9.73831805455974,8.866017398810255,9.664214619292034,8.787678239039497
BAX,2009Q4,2009,Q4,0,0,0,1,3470.0,1767.0,1703.0,1034.0,788.0,931.0,733.0,715.0,572.0,246.0,818.0,17354.0,7191.0,16954.0,7086.0,0.070893371757925,0.2270893371757925,0.5092219020172911,0.2112391930835734,0.1648414985590778,228.0,231.0,212.0,226.0,230.0,222.0,190.0,221.0,203.0,177.0,159.0,181.0,0.0724960254372019,0.073967339097022,0.075070821529745,0.072181411689556,0.072992700729927,0.0696142991533396,0.0660410149461244,0.0734463276836158,0.0738181818181818,0.0625662778366914,0.0594392523364485,0.0655085052479189,0.1082721175343341,0.0052724077328647,0.1029962546816478,0.0884955752212388,0.0496054114994362,0.0441595441595441,0.0407569141193595,0.1137998691955526,0.1691394658753708,0.1488888888888888,-0.0178444824156487,0.0549209416875464,-0.0047604399399884,-0.0578491260047456,-0.092937202129222,0.0289308176100628,Healthcare,35.0,4.0,59,8.152198015861787,3145.0,3131.0,9.761635928295886,8.880724576151456,9.73831805455974,8.866017398810255
BAX,2010Q1,2010,Q1,1,0,0,0,2927.0,1043.0,1884.0,910.0,683.0,306.0,133.0,112.0,-63.0,227.0,164.0,17166.0,6429.0,17354.0,7191.0,0.0775538093611206,0.2333447215579091,0.3563375469764264,0.0454390160573966,-0.0215237444482405,246.0,228.0,231.0,212.0,226.0,230.0,222.0,190.0,221.0,203.0,177.0,159.0,0.070893371757925,0.0724960254372019,0.073967339097022,0.075070821529745,0.072181411689556,0.072992700729927,0.0696142991533396,0.0660410149461244,0.0734463276836158,0.0738181818181818,0.0625662778366914,0.0594392523364485,0.0364730878186969,-1.122093023255814,-0.2990591397849462,0.070754716981132,-0.625,-0.8,-0.8241758241758241,0.4101796407185629,0.1178396072013092,0.1057108140947751,0.0330752718670026,0.0785032629779629,-0.3237249780501154,-0.8070379227878374,-1.1177966169027738,-0.7747252747252747,Healthcare,35.0,1.0,60,7.982074875081202,3470.0,2824.0,9.75074421527093,8.768729817231666,9.761635928295886,8.880724576151456
BAX,2010Q2,2010,Q2,0,1,0,0,3194.0,1638.0,1556.0,940.0,721.0,869.0,698.0,670.0,535.0,219.0,754.0,16487.0,5898.0,17166.0,6429.0,0.0685660613650594,0.225735754539762,0.5128365685660614,0.2185347526612398,0.1675015654351909,227.0,246.0,228.0,231.0,212.0,226.0,230.0,222.0,190.0,221.0,203.0,177.0,0.0775538093611206,0.070893371757925,0.0724960254372019,0.073967339097022,0.075070821529745,0.072181411689556,0.072992700729927,0.0696142991533396,0.0660410149461244,0.0734463276836158,0.0738181818181818,0.0625662778366914,0.0227345501120717,-0.0885860306643951,0.0,-0.0519480519480519,-0.041896361631753,-0.0655957161981258,-0.074585635359116,0.0478114478114477,0.0924242424242425,0.0549943883277217,-0.0730224690775724,0.0681405476176921,-0.0222291797119598,-0.0863667569463829,-0.1088460155807471,-0.078239608801956,Healthcare,35.0,2.0,61,8.069342366811636,2927.0,3123.0,9.710388122570295,8.682538124003075,9.75074421527093,8.768729817231666
BAX,2010Q3,2010,Q3,0,0,1,0,3224.0,1659.0,1565.0,877.0,670.0,842.0,782.0,641.0,525.0,207.0,732.0,17563.0,6531.0,16487.0,5898.0,0.0642059553349875,0.2078163771712158,0.5145781637717122,0.2425558312655087,0.1628411910669975,219.0,227.0,246.0,228.0,231.0,212.0,226.0,230.0,222.0,190.0,221.0,203.0,0.0685660613650594,0.0775538093611206,0.070893371757925,0.0724960254372019,0.073967339097022,0.075070821529745,0.072181411689556,0.072992700729927,0.0696142991533396,0.0660410149461244,0.0734463276836158,0.0738181818181818,0.0251192368839427,-0.0094339622641509,0.0165441176470588,-0.0921052631578946,-0.0082449941107184,0.0683060109289617,-0.0258358662613982,0.0343688037012557,-0.0029761904761904,-0.0255555555555555,-0.1143520634713334,-0.027406984816259,-0.008364996898263,0.0421285373360995,-0.033706517159043,-0.0343007915567282,Healthcare,35.0,3.0,62,8.078688229229872,3194.0,3145.0,9.773606631681607,8.784468454090355,9.710388122570295,8.682538124003075
BAX,2010Q4,2010,Q4,0,0,0,1,3498.0,1618.0,1880.0,1095.0,833.0,673.0,523.0,467.0,423.0,262.0,685.0,17489.0,6567.0,17563.0,6531.0,0.0748999428244711,0.2381360777587192,0.4625500285877644,0.149514008004574,0.120926243567753,207.0,219.0,227.0,246.0,228.0,231.0,212.0,226.0,230.0,222.0,190.0,221.0,0.0642059553349875,0.0685660613650594,0.0775538093611206,0.070893371757925,0.0724960254372019,0.073967339097022,0.075070821529745,0.072181411689556,0.072992700729927,0.0696142991533396,0.0660410149461244,0.0734463276836158,0.0080691642651296,-0.2604895104895105,-0.0843237125070741,0.0650406504065039,-0.2771213748657357,-0.286493860845839,-0.3468531468531468,0.103934233705226,0.0571065989847716,0.0589941972920695,0.0565154536622554,0.0486449109425835,-0.0916533111490988,-0.2922051735663411,-0.266408976957862,-0.1625916870415648,Healthcare,35.0,4.0,63,8.160232492367689,3224.0,3470.0,9.769384568012647,8.789964651132264,9.773606631681607,8.784468454090355
BAX,2011Q1,2011,Q1,1,0,0,0,3284.0,1675.0,1609.0,930.0,716.0,911.0,745.0,731.0,570.0,214.0,784.0,17413.0,6734.0,17489.0,6567.0,0.0651644336175395,0.2180267965895249,0.5100487210718636,0.226857490864799,0.1735688185140073,262.0,207.0,219.0,227.0,246.0,228.0,231.0,212.0,226.0,230.0,222.0,190.0,0.0748999428244711,0.0642059553349875,0.0685660613650594,0.0775538093611206,0.070893371757925,0.0724960254372019,0.073967339097022,0.075070821529745,0.072181411689556,0.072992700729927,0.0696142991533396,0.0660410149461244,0.1219678852066963,-10.047619047619047,0.6059443911792906,-0.0572687224669603,1.977124183006536,4.601503759398496,5.526785714285714,-0.1459660297239915,0.0483162518301609,0.0219780219780219,-0.1597519947200953,-0.0656450459479653,0.4313639564499949,3.992570494445615,-9.064062409373006,3.7804878048780486,Healthcare,35.0,1.0,64,8.09712193091871,3498.0,2927.0,9.765029759388561,8.815073088844464,9.769384568012647,8.789964651132264
BAX,2011Q2,2011,Q2,0,1,0,0,3536.0,1835.0,1701.0,1004.0,765.0,994.0,831.0,803.0,615.0,239.0,854.0,17741.0,6997.0,17413.0,6734.0,0.0675904977375565,0.2163461538461538,0.518947963800905,0.2350113122171945,0.1739253393665158,214.0,262.0,207.0,219.0,227.0,246.0,228.0,231.0,212.0,226.0,230.0,222.0,0.0651644336175395,0.0748999428244711,0.0642059553349875,0.0685660613650594,0.0775538093611206,0.070893371757925,0.0724960254372019,0.073967339097022,0.075070821529745,0.072181411689556,0.072992700729927,0.0696142991533396,0.1070757670632436,0.1495327102803738,0.1202686202686202,0.091324200913242,0.1438434982738781,0.1905444126074498,0.1985074626865672,0.0931876606683803,0.0610263522884881,0.0680851063829788,-0.01422808322486,-0.0415955403819481,0.0119168476068929,0.0753956034695122,0.0383505307227132,0.1326259946949601,Healthcare,35.0,2.0,65,8.17103418920548,3284.0,3194.0,9.783689989080532,8.853379672927634,9.765029759388561,8.815073088844464
BAX,2011Q3,2011,Q3,0,0,1,0,3479.0,1771.0,1708.0,1026.0,787.0,926.0,745.0,727.0,576.0,239.0,815.0,17843.0,6952.0,17741.0,6997.0,0.0686979016958896,0.2262144294337453,0.5090543259557344,0.2141419948260994,0.1655648174762863,239.0,214.0,262.0,207.0,219.0,227.0,246.0,228.0,231.0,212.0,226.0,230.0,0.0675904977375565,0.0651644336175395,0.0748999428244711,0.0642059553349875,0.0685660613650594,0.0775538093611206,0.070893371757925,0.0724960254372019,0.073967339097022,0.075070821529745,0.072181411689556,0.072992700729927,0.0790942928039701,0.0971428571428572,0.0675105485232068,0.1545893719806763,0.0997624703087887,-0.047314578005115,0.1341653666146645,0.091373801916933,0.1746268656716418,0.169897377423033,0.0699615220654501,0.0885303290961119,-0.0107346914519061,-0.1171434893614519,0.0167256600829466,0.1133879781420765,Healthcare,35.0,3.0,66,8.15478757276852,3536.0,3224.0,9.789422596248155,8.846928500099018,9.783689989080532,8.853379672927634
BAX,2011Q4,2011,Q4,0,0,0,1,3594.0,1765.0,1829.0,1140.0,886.0,740.0,625.0,548.0,463.0,254.0,717.0,19073.0,6585.0,17843.0,6952.0,0.0706733444629938,0.246521981079577,0.4910962715637173,0.1739009460211463,0.1288258208124652,239.0,239.0,214.0,262.0,207.0,219.0,227.0,246.0,228.0,231.0,212.0,226.0,0.0686979016958896,0.0675904977375565,0.0651644336175395,0.0748999428244711,0.0642059553349875,0.0685660613650594,0.0775538093611206,0.070893371757925,0.0724960254372019,0.073967339097022,0.075070821529745,0.072181411689556,0.0274442538593482,0.094562647754137,0.0908529048207664,-0.0305343511450382,0.099554234769688,0.1950286806883365,0.1734475374732333,-0.027127659574468,0.0636254501800719,0.0410958904109588,-0.0564299277421657,0.0352147536811051,0.0617149307354036,0.1631080481490823,0.0653255820378329,0.0467153284671533,Healthcare,35.0,4.0,67,8.187299270155147,3479.0,3498.0,9.856081430138858,8.792701462936309,9.789422596248155,8.846928500099018
BAX,2012Q1,2012,Q1,1,0,0,0,3388.0,1714.0,1674.0,1021.0,752.0,934.0,693.0,732.0,588.0,269.0,857.0,18784.0,6725.0,19073.0,6585.0,0.0793978748524203,0.2219598583234946,0.5059031877213696,0.2045454545454545,0.1735537190082644,254.0,239.0,239.0,214.0,262.0,207.0,219.0,227.0,246.0,228.0,231.0,212.0,0.0706733444629938,0.0686979016958896,0.0675904977375565,0.0651644336175395,0.0748999428244711,0.0642059553349875,0.0685660613650594,0.0775538093611206,0.070893371757925,0.0724960254372019,0.073967339097022,0.075070821529745,0.0316686967113275,0.0315789473684211,0.0232835820895522,0.2570093457943925,0.0252469813391877,-0.0697986577181207,0.0013679890560875,0.0403977625854568,0.0502793296089385,0.0978494623655914,0.2184234626885435,0.0180393501876487,-0.0081277203122521,-0.098352654057352,-8.699434536740824e-05,0.0931122448979591,Healthcare,35.0,1.0,68,8.128290171607052,3594.0,3284.0,9.84081395800807,8.813735892300215,9.856081430138858,8.792701462936309
BAX,2012Q2,2012,Q2,0,1,0,0,3572.0,1872.0,1700.0,1095.0,789.0,1024.0,777.0,817.0,661.0,306.0,967.0,18446.0,6551.0,18784.0,6725.0,0.08519147100398358,0.2208846584546472,0.5240761478163494,0.217525195968645,0.18505039193729,269.0,254.0,239.0,239.0,214.0,262.0,207.0,219.0,227.0,246.0,228.0,231.0,0.0793978748524203,0.0706733444629938,0.0686979016958896,0.0675904977375565,0.0651644336175395,0.0748999428244711,0.0642059553349875,0.0685660613650594,0.0775538093611206,0.070893371757925,0.0724960254372019,0.073967339097022,0.010180995475113,0.0747967479674796,0.0201634877384195,0.2803347280334727,0.0301810865191147,-0.0649819494584837,0.0174346201743462,-0.0005878894767783,0.0313725490196079,0.0906374501992031,0.2674310185684099,0.0209779768570361,0.0098818848384802,-0.0744054236520711,0.0639645299028579,0.1323185011709602,Healthcare,35.0,2.0,69,8.181160858023409,3388.0,3536.0,9.82265703462158,8.787525625532906,9.84081395800807,8.813735892300215
BAX,2012Q3,2012,Q3,0,0,1,0,3477.0,1810.0,1667.0,1033.0,743.0,976.0,777.0,766.0,583.0,290.0,873.0,19825.0,7129.0,18446.0,6551.0,0.083405234397469,0.2136899626114466,0.5205637043428243,0.2234685073339085,0.1676732815645671,306.0,269.0,254.0,239.0,239.0,214.0,262.0,207.0,219.0,227.0,246.0,228.0,0.08519147100398358,0.0793978748524203,0.0706733444629938,0.0686979016958896,0.0675904977375565,0.0651644336175395,0.0748999428244711,0.0642059553349875,0.0685660613650594,0.0775538093611206,0.070893371757925,0.0724960254372019,-0.0005748778384593,0.0121527777777776,0.0220214568040655,0.213389121338912,0.0539956803455723,0.042953020134228,0.0536451169188445,-0.0240046838407493,-0.0559085133418043,0.0068226120857699,0.2140870730911921,-0.0553654638815465,0.0226093322465756,0.0435529355901582,0.0127349766720992,0.0711656441717791,Healthcare,35.0,3.0,70,8.154212694914229,3572.0,3479.0,9.894749486592843,8.872066513408342,9.82265703462158,8.787525625532906
BAX,2012Q4,2012,Q4,0,0,0,1,3753.0,1905.0,1848.0,1331.0,1040.0,780.0,574.0,574.0,494.0,291.0,785.0,20390.0,6938.0,19825.0,7129.0,0.0775379696243005,0.2771116440181188,0.5075939248601119,0.1529443112176925,0.1316280309086064,290.0,306.0,269.0,254.0,239.0,239.0,214.0,262.0,207.0,219.0,227.0,246.0,0.083405234397469,0.08519147100398358,0.0793978748524203,0.0706733444629938,0.0686979016958896,0.0675904977375565,0.0651644336175395,0.0748999428244711,0.0642059553349875,0.0685660613650594,0.0775538093611206,0.070893371757925,0.0442404006677796,0.0669546436285097,0.0793201133144476,0.1456692913385826,0.0540540540540539,-0.0816,0.0474452554744526,0.0103881902679059,0.1738148984198646,0.1675438596491227,0.0971317434241583,0.1240849307010374,0.03359352178314,-0.1205090327737811,0.0217519289104353,0.0948396094839609,Healthcare,35.0,4.0,71,8.230577217146454,3477.0,3594.0,9.922848906014748,8.844912950899548,9.894749486592843,8.872066513408342
BAX,2013Q1,2013,Q1,1,0,0,0,3448.0,1756.0,1692.0,1041.0,795.0,907.0,715.0,693.0,552.0,246.0,798.0,20318.0,6961.0,20390.0,6938.0,0.0713457076566125,0.230568445475638,0.5092807424593968,0.2073665893271461,0.1600928074245939,291.0,290.0,306.0,269.0,254.0,239.0,239.0,214.0,262.0,207.0,219.0,227.0,0.0775379696243005,0.083405234397469,0.08519147100398358,0.0793978748524203,0.0706733444629938,0.0686979016958896,0.0675904977375565,0.0651644336175395,0.0748999428244711,0.0642059553349875,0.0685660613650594,0.0775538093611206,0.0177095631641086,-0.0612244897959183,0.0245040840140022,-0.0855018587360595,-0.0289079229122055,0.0317460317460318,-0.0532786885245901,0.010752688172043,0.0571808510638298,0.019588638589618,-0.1014153994773114,0.0387844325418373,0.0066762867283758,0.01379221448827,-0.0775604905535299,-0.0688448074679113,Healthcare,35.0,1.0,72,8.145839612936841,3753.0,3388.0,9.919311687883013,8.848222068371385,9.922848906014748,8.844912950899548
BAX,2013Q2,2013,Q2,0,1,0,0,3669.0,1939.0,1730.0,1111.0,838.0,950.0,828.0,743.0,590.0,273.0,863.0,23751.0,7282.0,20318.0,6961.0,0.0744071954210956,0.2284001090215317,0.5284818751703462,0.2256745707277187,0.1608067593349686,246.0,291.0,290.0,306.0,269.0,254.0,239.0,239.0,214.0,262.0,207.0,219.0,0.0713457076566125,0.0775379696243005,0.083405234397469,0.08519147100398358,0.0793978748524203,0.0706733444629938,0.0686979016958896,0.0675904977375565,0.0651644336175395,0.0748999428244711,0.0642059553349875,0.0685660613650594,0.0271556550951848,-0.1074130105900151,0.0357905982905983,-0.1078431372549019,-0.072265625,0.0656370656370657,-0.0905752753977968,0.0176470588235293,0.062103929024081,0.0146118721461188,-0.1314297318818504,0.0340243211976063,0.0084066549724768,0.0374640497289719,-0.1310109767859182,-0.1075491209927611,Healthcare,35.0,2.0,73,8.207946941048617,3448.0,3572.0,10.075422016443596,8.893298144217916,9.919311687883013,8.848222068371385
BAX,2013Q3,2013,Q3,0,0,1,0,3710.0,1906.0,1804.0,1252.0,975.0,922.0,654.0,664.0,544.0,277.0,821.0,25250.0,7749.0,23751.0,7282.0,0.0746630727762803,0.2628032345013477,0.5137466307277628,0.1762803234501347,0.1466307277628032,273.0,246.0,291.0,290.0,306.0,269.0,254.0,239.0,239.0,214.0,262.0,207.0,0.0744071954210956,0.0713457076566125,0.0775379696243005,0.083405234397469,0.08521408159393948,0.0793978748524203,0.0706733444629938,0.0686979016958896,0.0675904977375565,0.0651644336175395,0.0748999428244711,0.0642059553349875,0.0670117917745183,-0.0668953687821611,0.0530386740331492,-0.0448275862068965,-0.0553278688524589,-0.1583011583011583,-0.1331592689295039,0.0821835632873424,0.3122476446837146,0.2120038722168442,-0.104815503299563,0.229834248130802,-0.0130955607511429,-0.2111625680358834,-0.1254973577508287,-0.0595647193585338,Healthcare,35.0,3.0,74,8.219056661060598,3669.0,3477.0,10.136621037879685,8.955448122347393,10.075422016443596,8.893298144217916
BAX,2013Q4,2013,Q4,0,0,0,1,4368.0,1954.0,2414.0,1501.0,1064.0,730.0,453.0,431.0,326.0,437.0,763.0,25224.0,8463.0,25250.0,7749.0,0.08519147100398358,0.2435897435897435,0.4473443223443223,0.1037087912087912,0.0746336996336996,277.0,273.0,246.0,291.0,290.0,306.0,269.0,254.0,239.0,239.0,214.0,262.0,0.0746630727762803,0.0744071954210956,0.0713457076566125,0.0775379696243005,0.083405234397469,0.08523669218389537,0.0793978748524203,0.0706733444629938,0.0686979016958896,0.0675904977375565,0.0651644336175395,0.0748999428244711,0.163868904876099,-0.340080971659919,0.0257217847769029,0.5017182130584192,-0.0641025641025641,-0.210801393728223,-0.2491289198606271,0.3062770562770562,0.0230769230769229,0.1277235161532681,0.2902812393791776,-0.1209689349112426,-0.1186964610192956,-0.321917955737642,-0.4329953952929661,-0.0280254777070063,Healthcare,35.0,4.0,75,8.382289428951436,3710.0,3753.0,10.13559084522181,9.043577154098081,10.136621037879685,8.955448122347393
BAX,2014Q1,2014,Q1,1,0,0,0,3848.0,1891.0,1957.0,1219.0,910.0,937.0,672.0,653.0,556.0,309.0,865.0,25261.0,8671.0,25224.0,8463.0,0.0803014553014553,0.2364864864864864,0.4914241164241164,0.1746361746361746,0.1444906444906445,437.0,277.0,273.0,246.0,291.0,290.0,306.0,269.0,254.0,239.0,239.0,214.0,0.08519147100398358,0.0746630727762803,0.0744071954210956,0.0713457076566125,0.0775379696243005,0.083405234397469,0.08525930277385123,0.0793978748524203,0.0706733444629938,0.0686979016958896,0.0675904977375565,0.0651644336175395,0.1160092807424593,0.0072463768115942,0.0768792710706149,0.2560975609756097,0.0330760749724365,-0.0601398601398601,-0.0577200577200577,0.1566193853427895,0.1446540880503144,0.1709894332372719,0.1255260889407232,0.0256671766105729,-0.0350624410988876,-0.1578384193768808,-0.0974569887613365,0.0839598997493733,Healthcare,35.0,1.0,76,8.255568653283746,4368.0,3448.0,10.13705656933392,9.067854723679428,10.13559084522181,9.043577154098081
BAX,2014Q2,2014,Q2,0,1,0,0,4154.0,1969.0,2185.0,1310.0,988.0,902.0,659.0,602.0,520.0,322.0,842.0,25629.0,8662.0,25261.0,8671.0,0.0775156475686085,0.2378430428502648,0.474000962927299,0.1586422725084256,0.1251805488685604,309.0,437.0,277.0,273.0,246.0,291.0,290.0,306.0,269.0,254.0,239.0,239.0,0.0803014553014553,0.08519147100398358,0.0746630727762803,0.0744071954210956,0.0713457076566125,0.0775379696243005,0.083405234397469,0.08528191336380712,0.0793978748524203,0.0706733444629938,0.0686979016958896,0.0675904977375565,0.1321886072499318,-0.1186440677966101,0.0154718927282104,0.1794871794871795,-0.0505263157894736,-0.2041062801932367,-0.1897711978465679,0.2630057803468208,0.1789976133651551,0.1791179117911792,0.0417762305099811,0.0413438236487131,-0.1030894621040433,-0.2970307997180996,-0.221546722375003,-0.0243337195828504,Healthcare,35.0,2.0,77,8.332067707289548,3848.0,3669.0,10.151518819358117,9.06681636189014,10.13705656933392,9.067854723679428
BAX,2014Q3,2014,Q3,0,0,1,0,2709.0,1193.0,1516.0,976.0,827.0,341.0,217.0,202.0,468.0,149.0,617.0,25563.0,8404.0,25629.0,8662.0,0.0550018456995201,0.3052787006275378,0.4403839055001846,0.0801033591731266,0.1727574750830564,322.0,309.0,437.0,277.0,273.0,246.0,291.0,290.0,306.0,269.0,254.0,239.0,0.0775156475686085,0.0803014553014553,0.08519147100398358,0.0746630727762803,0.0744071954210956,0.0713457076566125,0.0775379696243005,0.083405234397469,0.08530452395376302,0.0793978748524203,0.0706733444629938,0.0686979016958896,-0.269811320754717,-0.1397058823529411,-0.3740818467995802,-0.4620938628158845,-0.6301518438177874,-0.6681957186544343,-0.6957831325301205,-0.1596452328159645,-0.1517948717948718,-0.2204472843450479,-0.2633326803421675,0.1616245941827336,-0.1427994284335337,-0.5455910358833338,0.1781805745554034,-0.248477466504263,Healthcare,35.0,3.0,78,7.904703913873747,4154.0,3710.0,10.148940390770173,9.036582045842716,10.151518819358117,9.06681636189014
BAX,2014Q4,2014,Q4,0,0,0,1,4472.0,2224.0,2248.0,1426.0,1091.0,892.0,798.0,598.0,953.0,335.0,1288.0,26138.0,8120.0,25563.0,8404.0,0.0749105545617173,0.2439624329159213,0.4973166368515205,0.1784436493738819,0.2131037567084078,149.0,322.0,309.0,437.0,277.0,273.0,246.0,291.0,290.0,306.0,269.0,254.0,0.0550018456995201,0.0775156475686085,0.0803014553014553,0.08519147100398358,0.0746630727762803,0.0744071954210956,0.0713457076566125,0.0775379696243005,0.083405234397469,0.08532713454371887,0.0793978748524203,0.0706733444629938,0.0238095238095237,1.923312883435583,0.1381780962128966,-0.2334096109839817,0.2219178082191781,0.7615894039735098,0.3874709976798143,-0.0687655343827672,0.025375939849624,-0.0499666888740839,-0.2512372944494705,0.001529987760098,0.1117088381614337,0.7206222085322656,1.8553288628905693,0.6880733944954129,Healthcare,35.0,4.0,79,8.405814603432848,2709.0,4368.0,10.171183730899397,9.002208578282412,10.148940390770173,9.036582045842716
BAX,2015Q1,2015,Q1,1,0,0,0,2403.0,1019.0,1384.0,927.0,784.0,370.0,92.0,148.0,430.0,143.0,573.0,24861.0,7258.0,26138.0,8120.0,0.0595089471493965,0.3262588431127757,0.4240532667498959,0.0382854764877236,0.1789429879317519,335.0,149.0,322.0,309.0,437.0,277.0,273.0,246.0,291.0,290.0,306.0,269.0,0.0749105545617173,0.0550018456995201,0.0775156475686085,0.0803014553014553,0.08521408159393948,0.0746630727762803,0.0744071954210956,0.0713457076566125,0.0775379696243005,0.083405234397469,0.08534974513367477,0.0793978748524203,-0.3755197505197505,-0.2266187050359712,-0.4611316763617133,-0.5372168284789645,-0.6051227321237993,-0.8630952380952381,-0.7733537519142419,-0.2927950945324477,-0.1384615384615384,-0.239540607054963,-0.2589306516800063,0.3796088223054514,-0.1370930880731889,-0.7807700691595822,0.2384399596427726,-0.3375722543352601,Healthcare,35.0,1.0,80,7.784889295655098,4472.0,3848.0,10.12109581235166,8.889997357284841,10.171183730899397,9.002208578282412
BAX,2015Q2,2015,Q2,0,1,0,0,2475.0,1021.0,1454.0,934.0,783.0,334.0,87.0,108.0,332.0,151.0,483.0,30015.0,7988.0,24861.0,7258.0,0.061010101010101,0.3163636363636363,0.4125252525252525,0.0351515151515151,0.1341414141414141,143.0,335.0,149.0,322.0,309.0,437.0,277.0,273.0,246.0,291.0,290.0,306.0,0.0595089471493965,0.0749105545617173,0.0550018456995201,0.0775156475686085,0.0803014553014553,0.08523669218389537,0.0746630727762803,0.0744071954210956,0.0713457076566125,0.0775379696243005,0.083405234397469,0.08537235572363067,-0.4041887337506018,-0.3615384615384616,-0.4814626714068054,-0.531055900621118,-0.6297117516629711,-0.8679817905918058,-0.8205980066445182,-0.3345537757437071,-0.2074898785425101,-0.2870229007633588,-0.2129318024970199,0.3301361796098636,-0.1296953280904524,-0.7784227709569136,0.0715835275835277,-0.4263657957244655,Healthcare,35.0,2.0,81,7.814399633804487,2403.0,4154.0,10.30948585180595,8.985820874482043,10.12109581235166,8.889997357284841
BAX,2015Q3,2015,Q3,0,0,1,0,2487.0,1034.0,1453.0,942.0,794.0,221.0,92.0,-33.0,1.0,148.0,149.0,20172.0,7824.0,30015.0,7988.0,0.0595094491355046,0.3192601527945315,0.4157619622034579,0.0369923602734217,0.0004020908725371,151.0,143.0,335.0,149.0,322.0,309.0,437.0,277.0,273.0,246.0,291.0,290.0,0.061010101010101,0.0595089471493965,0.0749105545617173,0.0550018456995201,0.0775156475686085,0.0803014553014553,0.08525930277385123,0.0746630727762803,0.0744071954210956,0.0713457076566125,0.0775379696243005,0.083405234397469,-0.0819490586932447,-0.997863247863248,-0.1332774518021794,-0.0067114093959731,-0.3519061583577713,-0.5760368663594471,-1.1633663366336633,-0.0415567282321899,-0.0399032648125755,-0.0348360655737705,0.081953675893168,0.0457989769291247,-0.0559101797073197,-0.5381921475543795,-0.997672512449352,-0.7585089141004863,Healthcare,35.0,3.0,82,7.81923445385907,2475.0,2709.0,9.912100355634351,8.965079015408355,10.30948585180595,8.985820874482043
BAX,2015Q4,2015,Q4,0,0,0,1,2603.0,1072.0,1531.0,894.0,733.0,408.0,178.0,205.0,205.0,161.0,366.0,20962.0,8846.0,20172.0,7824.0,0.0618517095658855,0.2815981559738763,0.4118325009604303,0.0683826354206684,0.0787552823665001,148.0,151.0,143.0,335.0,149.0,322.0,309.0,437.0,277.0,273.0,246.0,291.0,0.0595094491355046,0.061010101010101,0.0595089471493965,0.0749105545617173,0.0550018456995201,0.0775156475686085,0.0803014553014553,0.08528191336380712,0.0746630727762803,0.0744071954210956,0.0713457076566125,0.0775379696243005,-0.4179338103756708,-0.7848898216159497,-0.5179856115107914,-0.5194029850746269,-0.5426008968609866,-0.7769423558897244,-0.657190635451505,-0.318950177935943,-0.3281393217231897,-0.3730715287517532,-0.1743258352876417,0.1542685183457146,-0.1718907624572643,-0.6167830255623692,-0.6304369121269792,-0.7158385093167702,Healthcare,35.0,4.0,83,7.86480400332846,2487.0,4472.0,9.950514257963883,9.087833697483386,9.912100355634351,8.965079015408355
BAX,2016Q1,2016,Q1,1,0,0,0,2375.0,965.0,1410.0,777.0,641.0,3551.0,188.0,3329.0,3380.0,136.0,3516.0,17350.0,9019.0,20962.0,8846.0,0.0572631578947368,0.2698947368421052,0.4063157894736842,0.0791578947368421,1.4231578947368422,161.0,148.0,151.0,143.0,335.0,149.0,322.0,309.0,437.0,277.0,273.0,246.0,0.0618517095658855,0.0595094491355046,0.061010101010101,0.0595089471493965,0.0749105545617173,0.0550018456995201,0.0775156475686085,0.0803014553014553,0.08530452395376302,0.0746630727762803,0.0744071954210956,0.0713457076566125,-0.0116521015397419,6.8604651162790695,-0.0529931305201177,-0.0489510489510489,8.597297297297297,1.0434782608695654,21.49324324324324,0.0187861271676299,-0.1823979591836735,-0.1618122977346278,-0.0377386823702612,-0.1727588614393126,-0.0418284179536181,1.0675697940503437,6.953135862913097,5.136125654450262,Healthcare,35.0,1.0,84,7.773173680482536,2603.0,2403.0,9.761405420601672,9.10719961305667,9.950514257963883,9.087833697483386
BAX,2016Q2,2016,Q2,0,1,0,0,2585.0,972.0,1613.0,904.0,709.0,1440.0,68.0,1218.0,1212.0,195.0,1407.0,15982.0,8509.0,17350.0,9019.0,0.0754352030947775,0.274274661508704,0.3760154738878143,0.0263056092843326,0.4688588007736944,136.0,161.0,148.0,151.0,143.0,335.0,149.0,322.0,309.0,437.0,277.0,273.0,0.0572631578947368,0.0618517095658855,0.0595094491355046,0.061010101010101,0.0595089471493965,0.0749105545617173,0.0550018456995201,0.0775156475686085,0.0803014553014553,0.08532713454371887,0.0746630727762803,0.0744071954210956,0.0444444444444445,2.6506024096385543,-0.0479921645445641,0.2913907284768211,3.3113772455089823,-0.2183908045977011,10.27777777777778,0.1093535075653369,-0.0945083014048531,-0.032119914346895,0.2364379315203608,-0.1330398630471998,-0.088503136266072,-0.251650770359501,2.49525762624968,1.9130434782608696,Healthcare,35.0,2.0,85,7.857867559331803,2375.0,2475.0,9.679280936368654,9.04899722156742,9.761405420601672,9.10719961305667
BAX,2016Q3,2016,Q3,0,0,1,0,2558.0,1071.0,1487.0,885.0,726.0,352.0,186.0,128.0,130.0,159.0,289.0,15795.0,8677.0,15982.0,8509.0,0.062157935887412,0.2838154808444097,0.4186864738076622,0.0727130570758405,0.0508209538702111,195.0,136.0,161.0,148.0,151.0,143.0,335.0,149.0,322.0,309.0,437.0,277.0,0.0754352030947775,0.0572631578947368,0.0618517095658855,0.0595094491355046,0.061010101010101,0.0595089471493965,0.0749105545617173,0.0550018456995201,0.0775156475686085,0.0803014553014553,0.08534974513367477,0.0746630727762803,0.0285484519501406,129.0,0.0357833655705996,0.0743243243243243,0.592760180995475,1.0217391304347827,-4.878787878787879,0.0233998623537508,-0.0856423173803526,-0.0605095541401273,0.0445053145404983,-0.1110212835515781,0.0070341009281005,0.9656236189958188,125.391712275215,0.9395973154362416,Healthcare,35.0,3.0,86,7.847371836159788,2585.0,2487.0,9.66751202240654,9.068546366358296,9.679280936368654,9.04899722156742
BAX,2016Q4,2016,Q4,0,0,0,1,2645.0,1102.0,1543.0,820.0,663.0,500.0,282.0,279.0,243.0,157.0,400.0,15546.0,8290.0,15795.0,8677.0,0.0593572778827977,0.2506616257088846,0.4166351606805293,0.1066162570888468,0.0918714555765595,159.0,195.0,136.0,161.0,148.0,151.0,143.0,335.0,149.0,322.0,309.0,437.0,0.062157935887412,0.0754352030947775,0.0572631578947368,0.0618517095658855,0.0595094491355046,0.061010101010101,0.0595089471493965,0.0749105545617173,0.0550018456995201,0.0775156475686085,0.0803014553014553,0.08537235572363067,0.016135228582405,0.1853658536585365,0.0279850746268657,-0.0248447204968944,0.2254901960784314,0.5842696629213484,0.3609756097560976,0.007838014369693,-0.0954979536152796,-0.0827740492170022,-0.0403292277706677,-0.1098605569983263,0.0116616821375166,0.5591130179902721,0.1665434091013877,0.092896174863388,Healthcare,35.0,4.0,87,7.880804344674901,2558.0,2603.0,9.65162297294974,9.022925868116218,9.66751202240654,9.068546366358296
BAX,2017Q1,2017,Q1,1,0,0,0,2475.0,1044.0,1431.0,691.0,564.0,542.0,353.0,328.0,272.0,127.0,399.0,15659.0,8686.0,15546.0,8290.0,0.0513131313131313,0.2278787878787878,0.4218181818181818,0.1426262626262626,0.1098989898989899,157.0,159.0,195.0,136.0,161.0,148.0,151.0,143.0,335.0,149.0,322.0,309.0,0.0593572778827977,0.062157935887412,0.0754352030947775,0.0572631578947368,0.0618517095658855,0.0595094491355046,0.061010101010101,0.0595089471493965,0.0749105545617173,0.0550018456995201,0.0775156475686085,0.0803014553014553,0.0421052631578946,-0.9195266272189347,0.0818652849740932,-0.0661764705882352,-0.8473669388904534,0.8776595744680851,-0.9014719134875336,0.0148936170212765,-0.1201248049921996,-0.1106821106821106,-0.1039067142008318,-0.1556753179218077,0.0381535562882713,0.8017945411562433,-0.9227780766242304,-0.886518771331058,Healthcare,35.0,1.0,88,7.814399633804487,2645.0,2375.0,9.658864969544794,9.06958293425992,9.65162297294974,9.022925868116218
BAX,2017Q2,2017,Q2,0,1,0,0,2605.0,1132.0,1473.0,785.0,630.0,511.0,347.0,306.0,265.0,155.0,420.0,16963.0,9175.0,15659.0,8686.0,0.0595009596928982,0.2418426103646833,0.4345489443378119,0.1332053742802303,0.1017274472168906,127.0,157.0,159.0,195.0,136.0,161.0,148.0,151.0,143.0,335.0,149.0,322.0,0.0513131313131313,0.0593572778827977,0.062157935887412,0.0754352030947775,0.0572631578947368,0.0618517095658855,0.0595094491355046,0.061010101010101,0.0595089471493965,0.0749105545617173,0.0550018456995201,0.0775156475686085,0.0077369439071566,-0.7813531353135313,0.1646090534979423,-0.2051282051282051,-0.6451388888888889,4.102941176470588,-0.7487684729064039,-0.0867947923124612,-0.1114245416078985,-0.1316371681415928,-0.2112308676608101,-0.1182466180638838,0.1556677171946952,4.063763125211697,-0.7830318060596847,-0.7014925373134329,Healthcare,35.0,2.0,89,7.8655717576847906,2475.0,2585.0,9.738848730594482,9.124346658809207,9.658864969544794,9.06958293425992
BAX,2017Q3,2017,Q3,0,0,1,0,2707.0,1130.0,1577.0,830.0,680.0,496.0,300.0,290.0,251.0,150.0,401.0,17541.0,9466.0,16963.0,9175.0,0.0554118950868119,0.2512005910602142,0.4174362763206501,0.1108237901736239,0.092722571111932,155.0,127.0,157.0,159.0,195.0,136.0,161.0,148.0,151.0,143.0,335.0,149.0,0.0595009596928982,0.0513131313131313,0.0593572778827977,0.062157935887412,0.0754352030947775,0.0572631578947368,0.0618517095658855,0.0595094491355046,0.061010101010101,0.0595089471493965,0.0749105545617173,0.0550018456995201,0.0582486317435495,0.9307692307692308,0.0550887021475257,-0.0566037735849056,0.4090909090909091,0.6129032258064515,1.265625,0.0605245460659045,-0.0633608815426997,-0.0621468926553672,-0.1085306438234905,-0.1149158237850853,-0.0029859992266824,0.5241250283017744,0.8244948992640164,0.3875432525951556,Healthcare,35.0,3.0,90,7.903965634032166,2605.0,2558.0,9.772353284511327,9.15556734612889,9.738848730594482,9.124346658809207
BAX,2017Q4,2017,Q4,0,0,0,1,2774.0,1162.0,1612.0,879.0,697.0,515.0,283.0,293.0,-71.0,182.0,111.0,17111.0,9124.0,17541.0,9466.0,0.0656092285508291,0.2512617159336698,0.4188896899783705,0.1020187454938716,-0.0255948089401586,150.0,155.0,127.0,157.0,159.0,195.0,136.0,161.0,148.0,151.0,143.0,335.0,0.0554118950868119,0.0595009596928982,0.0513131313131313,0.0593572778827977,0.062157935887412,0.0754352030947775,0.0572631578947368,0.0618517095658855,0.0595094491355046,0.061010101010101,0.0595089471493965,0.0749105545617173,0.0487712665406427,-1.2921810699588478,0.0544464609800363,0.1592356687898088,0.03,0.00354609929078,0.050179211469534,0.0447180816591057,0.0512820512820513,0.0719512195121951,0.1053274491525033,0.0023940251049119,0.0054112794852905,-0.0431220502436505,-1.2785937022498746,-0.7224999999999999,Healthcare,35.0,4.0,91,7.928406026180535,2707.0,2645.0,9.747535250762242,9.118773178450692,9.772353284511327,9.15556734612889
BAX,2018Q1,2018,Q1,1,0,0,0,2677.0,1114.0,1563.0,682.0,622.0,652.0,432.0,438.0,389.0,140.0,529.0,16890.0,9099.0,17111.0,9124.0,0.0522973477773627,0.2323496451251401,0.4161374673141576,0.1613746731415763,0.1453119163242435,182.0,150.0,155.0,127.0,157.0,159.0,195.0,136.0,161.0,148.0,151.0,143.0,0.0656092285508291,0.0554118950868119,0.0595009596928982,0.0513131313131313,0.0593572778827977,0.062157935887412,0.0754352030947775,0.0572631578947368,0.0618517095658855,0.0595094491355046,0.061010101010101,0.0595089471493965,0.0816161616161617,0.4301470588235294,0.0670498084291186,0.1023622047244094,0.2029520295202951,0.2237960339943343,0.3353658536585366,0.0922431865828092,0.1028368794326242,-0.0130246020260491,0.0191805964486042,0.0196194533417051,-0.0134672111086779,0.1314513201852736,0.3222315915533191,0.3258145363408522,Healthcare,35.0,1.0,92,7.8928255262511176,2774.0,2475.0,9.734536214680345,9.116029692504942,9.747535250762242,9.118773178450692
BAX,2018Q2,2018,Q2,0,1,0,0,2842.0,1239.0,1603.0,855.0,681.0,623.0,384.0,404.0,343.0,174.0,517.0,16578.0,8881.0,16890.0,9099.0,0.0612244897959183,0.2396199859254046,0.4359605911330049,0.1351161154116819,0.1206896551724138,140.0,182.0,150.0,155.0,127.0,157.0,159.0,195.0,136.0,161.0,148.0,151.0,0.0522973477773627,0.0656092285508291,0.0554118950868119,0.0595009596928982,0.0513131313131313,0.0593572778827977,0.062157935887412,0.0754352030947775,0.0572631578947368,0.0618517095658855,0.0595094491355046,0.061010101010101,0.090978886756238,0.2943396226415093,0.0945229681978798,0.1225806451612903,0.2191780821917808,0.106628242074928,0.3202614379084967,0.0882552613713509,0.0809523809523808,0.0891719745222929,0.0289664252797892,-0.0091903756576522,0.003248533481871,0.0143443246323671,0.1864020819778789,0.230952380952381,Healthcare,35.0,2.0,93,7.952615111651,2677.0,2605.0,9.715892113239466,9.091782035852047,9.734536214680345,9.116029692504942
BAX,2018Q3,2018,Q3,0,0,1,0,2761.0,1232.0,1529.0,850.0,684.0,595.0,382.0,372.0,518.0,166.0,684.0,16847.0,9130.0,16578.0,8881.0,0.0601231437884824,0.2477363274176023,0.446215139442231,0.1383556682361463,0.1876131836291198,174.0,140.0,182.0,150.0,155.0,127.0,157.0,159.0,195.0,136.0,161.0,148.0,0.0612244897959183,0.0522973477773627,0.0656092285508291,0.0554118950868119,0.0595009596928982,0.0513131313131313,0.0593572778827977,0.062157935887412,0.0754352030947775,0.0572631578947368,0.0618517095658855,0.0595094491355046,0.0199482822312522,1.063745019920319,0.0902654867256638,0.1066666666666666,0.1995967741935485,0.2733333333333334,0.282758620689655,-0.030437539632213,0.0058823529411764,0.0240963855421687,0.0850223349028129,-0.0137908260008096,0.0689419313894863,0.2484293130508268,1.0233820242391536,0.7057356608478802,Healthcare,35.0,3.0,94,7.923710333969238,2842.0,2707.0,9.731987234373756,9.11943049661634,9.715892113239466,9.091782035852047
BAX,2018Q4,2018,Q4,0,0,0,1,2841.0,1192.0,1649.0,794.0,629.0,659.0,398.0,445.0,348.0,175.0,523.0,15720.0,7844.0,16847.0,9130.0,0.0615980288630763,0.2214009151707145,0.4195705737416402,0.1400915170714537,0.1224920802534318,166.0,174.0,140.0,182.0,150.0,155.0,127.0,157.0,159.0,195.0,136.0,161.0,0.0601231437884824,0.0612244897959183,0.0522973477773627,0.0656092285508291,0.0554118950868119,0.0595009596928982,0.0513131313131313,0.0593572778827977,0.062157935887412,0.0754352030947775,0.0572631578947368,0.0618517095658855,0.0241528478731074,-5.901408450704225,0.0258175559380378,-0.0384615384615384,0.2796116504854369,0.4063604240282685,0.5187713310580204,0.0229528535980148,-0.097560975609756,-0.0967007963594994,-0.0611377359001434,-0.1188434165228664,0.0016254488462221,0.3731938811173589,-5.785817332718593,3.711711711711712,Healthcare,35.0,4.0,95,7.952263308657046,2761.0,2774.0,9.662752677191515,8.967631665167133,9.731987234373756,9.11943049661634
BAX,2019Q1,2019,Q1,1,0,0,0,2638.0,1080.0,1558.0,697.0,601.0,603.0,383.0,386.0,342.0,129.0,471.0,16350.0,7646.0,15720.0,7844.0,0.0489006823351023,0.2278241091736163,0.4094010614101592,0.145185746777862,0.1296436694465504,175.0,166.0,174.0,140.0,182.0,150.0,155.0,127.0,157.0,159.0,195.0,136.0,0.0615980288630763,0.0601231437884824,0.0612244897959183,0.0522973477773627,0.0656092285508291,0.0554118950868119,0.0595009596928982,0.0513131313131313,0.0593572778827977,0.062157935887412,0.0754352030947775,0.0572631578947368,-0.0145685468808367,-0.1208226221079691,-0.030520646319569,-0.0785714285714286,-0.0751533742331288,-0.1134259259259259,-0.1187214611872146,-0.0031989763275751,-0.0337620578778135,0.0219941348973606,-0.0649490956352214,-0.019477266466606,-0.0161879341158023,-0.1003188793418132,-0.1078249277418625,-0.109640831758034,Healthcare,35.0,1.0,96,7.878155336503324,2841.0,2677.0,9.702044336534586,8.942068693044225,9.662752677191515,8.967631665167133
BAX,2019Q2,2019,Q2,0,1,0,0,2834.0,1153.0,1681.0,803.0,641.0,547.0,350.0,326.0,313.0,166.0,479.0,17544.0,7812.0,16350.0,7646.0,0.0585744530698659,0.226182074805928,0.4068454481298518,0.123500352858151,0.1104446012702893,129.0,175.0,166.0,174.0,140.0,182.0,150.0,155.0,127.0,157.0,159.0,195.0,0.0489006823351023,0.0615980288630763,0.0601231437884824,0.0612244897959183,0.0522973477773627,0.0656092285508291,0.0554118950868119,0.0595009596928982,0.0513131313131313,0.0593572778827977,0.062157935887412,0.0754352030947775,-0.0028149190710766,-0.0874635568513119,-0.0694108151735269,-0.0459770114942529,-0.1219903691813804,-0.0885416666666666,-0.193069306930693,0.0486587648159699,-0.0587371512481644,-0.0608187134502924,-0.04328393319219,-0.0560800931006645,-0.0667838873405659,-0.0859687426487885,-0.0848875894747454,-0.0735009671179883,Healthcare,35.0,2.0,97,7.949797216161852,2638.0,2842.0,9.772524288017316,8.963544291996744,9.702044336534586,8.942068693044225
BAX,2019Q3,2019,Q3,0,0,1,0,2851.0,1230.0,1621.0,727.0,627.0,704.0,503.0,481.0,369.0,144.0,513.0,17299.0,7588.0,17544.0,7812.0,0.0505085934759733,0.2199228340933006,0.431427569273939,0.1764293230445457,0.1294282707821817,166.0,129.0,175.0,166.0,174.0,140.0,182.0,150.0,155.0,127.0,157.0,159.0,0.0585744530698659,0.0489006823351023,0.0615980288630763,0.0601231437884824,0.0612244897959183,0.0522973477773627,0.0656092285508291,0.0554118950868119,0.0595009596928982,0.0513131313131313,0.0593572778827977,0.062157935887412,0.0325968851865265,-0.2876447876447876,-0.0016233766233766,-0.1325301204819277,0.1831932773109243,0.3167539267015706,0.293010752688172,0.0601700457815566,-0.0833333333333333,-0.1447058823529411,-0.1599142976676965,-0.1122705483456096,-0.0331400010021545,0.2751868087067826,-0.3101323250393751,-0.25,Healthcare,35.0,3.0,98,7.955775781534187,2834.0,2761.0,9.75846178048587,8.934455109403913,9.772524288017316,8.963544291996744
BAX,2019Q4,2019,Q4,0,0,0,1,3039.0,1298.0,1741.0,762.0,666.0,16.0,536.0,-223.0,-23.0,156.0,133.0,18193.0,7882.0,17299.0,7588.0,0.0513326752221125,0.2191510365251727,0.4271141822968081,0.1763738071734123,-0.0075682790391576,144.0,166.0,129.0,175.0,166.0,174.0,140.0,182.0,150.0,155.0,127.0,157.0,0.0505085934759733,0.0585744530698659,0.0489006823351023,0.0615980288630763,0.0601231437884824,0.0612244897959183,0.0522973477773627,0.0656092285508291,0.0554118950868119,0.0595009596928982,0.0513131313131313,0.0593572778827977,0.0696937697993664,-1.0660919540229885,0.0889261744966443,-0.1085714285714285,-0.9757207890743552,0.3467336683417086,-1.501123595505618,0.0557913887204366,0.0588235294117647,-0.0403022670025189,-0.1666506839655901,-0.0101620114975901,0.0179793556251945,0.2589899150242825,-1.061785864224847,-0.745697896749522,Healthcare,35.0,4.0,99,8.019612794400267,2851.0,2841.0,9.808847148382007,8.972463821059907,9.75846178048587,8.934455109403913
BAX,2020Q1,2020,Q1,1,0,0,0,2802.0,1163.0,1639.0,754.0,628.0,607.0,409.0,378.0,332.0,146.0,478.0,19075.0,7699.0,18193.0,7882.0,0.0521056388294075,0.22412562455389,0.4150606709493219,0.1459671663097787,0.118486795146324,156.0,144.0,166.0,129.0,175.0,166.0,174.0,140.0,182.0,150.0,155.0,127.0,0.0513326752221125,0.0505085934759733,0.0585744530698659,0.0489006823351023,0.0615980288630763,0.0601231437884824,0.0612244897959183,0.0522973477773627,0.0656092285508291,0.0554118950868119,0.0595009596928982,0.0513131313131313,0.0621683093252463,-0.0292397660818714,0.0768518518518519,0.1317829457364341,0.0066334991708125,0.0678851174934724,-0.0207253886010362,0.05198973042362,0.0449251247920132,0.0817790530846485,0.0655401180773422,-0.0162339474656205,0.0138241203373252,0.0053822055488153,-0.086057995333325,0.0148619957537154,Healthcare,35.0,1.0,100,7.938445551164788,3039.0,2638.0,9.856186279418115,8.948975607841776,9.808847148382007,8.972463821059907
BAX,2020Q2,2020,Q2,0,1,0,0,2718.0,1038.0,1680.0,707.0,590.0,531.0,331.0,289.0,246.0,117.0,363.0,19465.0,8128.0,19075.0,7699.0,0.043046357615894,0.2170713760117733,0.3818984547461369,0.1217807211184694,0.0905077262693156,146.0,156.0,144.0,166.0,129.0,175.0,166.0,174.0,140.0,182.0,150.0,155.0,0.0521056388294075,0.0513326752221125,0.0505085934759733,0.0585744530698659,0.0489006823351023,0.0615980288630763,0.0601231437884824,0.0612244897959183,0.0522973477773627,0.0656092285508291,0.0554118950868119,0.0595009596928982,-0.0409315455187014,-0.2140575079872204,-0.0997398091934085,-0.2951807228915662,-0.0292504570383912,-0.0542857142857142,-0.1134969325153374,-0.0005948839976204,-0.0795631825273011,-0.1195516811955168,-0.2651001356419055,-0.0402803750119099,-0.061318108629183,-0.0139241038578786,-0.1805147084752696,-0.2421711899791231,Healthcare,35.0,2.0,101,7.908019444632471,2802.0,2834.0,9.876424632986438,9.003193193746572,9.856186279418115,8.948975607841776
BAX,2020Q3,2020,Q3,0,0,1,0,2972.0,1195.0,1777.0,725.0,601.0,666.0,470.0,415.0,356.0,123.0,479.0,20098.0,8567.0,19465.0,8128.0,0.041386271870794,0.2022207267833109,0.402086137281292,0.1581426648721399,0.1197846567967698,117.0,146.0,156.0,144.0,166.0,129.0,175.0,166.0,174.0,140.0,182.0,150.0,0.043046357615894,0.0521056388294075,0.0513326752221125,0.0505085934759733,0.0585744530698659,0.0489006823351023,0.0615980288630763,0.0601231437884824,0.0612244897959183,0.0522973477773627,0.0656092285508291,0.0554118950868119,0.0424412486846721,-0.035230352303523,-0.0284552845528455,-0.1458333333333333,-0.0539772727272727,-0.0656063618290258,-0.1372141372141372,0.096236890808143,-0.0414673046251993,-0.0027510316368638,-0.1806092978914311,-0.0804923571623295,-0.0680100996837694,-0.1036486331004552,-0.0745093319035479,-0.0662768031189083,Healthcare,35.0,3.0,102,7.997326822998097,2718.0,2851.0,9.908425341565751,9.055789612127585,9.876424632986438,9.003193193746572
BAX,2020Q4,2020,Q4,0,0,0,1,3181.0,1191.0,1990.0,785.0,650.0,464.0,406.0,210.0,168.0,135.0,303.0,20019.0,8689.0,20098.0,8567.0,0.0424394844388557,0.2043382584093052,0.374410562716127,0.127632819867966,0.0528135806350204,123.0,117.0,146.0,156.0,144.0,166.0,129.0,175.0,166.0,174.0,140.0,182.0,0.041386271870794,0.043046357615894,0.0521056388294075,0.0513326752221125,0.0505085934759733,0.0585744530698659,0.0489006823351023,0.0615980288630763,0.0601231437884824,0.0612244897959183,0.0522973477773627,0.0656092285508291,0.0467258966765382,-8.304347826086957,-0.0824345146379045,-0.1346153846153845,28.0,-0.2425373134328358,-1.9417040358744395,0.1430212521539344,-0.024024024024024,0.0301837270341207,-0.1732461973738301,-0.0675916406818638,-0.123394684056772,-0.2763504858605433,-7.978281371731613,1.2781954887218046,Healthcare,35.0,4.0,103,8.065265208897733,2972.0,3039.0,9.90448705286921,9.069928218259438,9.908425341565751,9.055789612127585
BAX,2021Q1,2021,Q1,1,0,0,0,2946.0,1145.0,1801.0,755.0,627.0,605.0,390.0,351.0,298.0,128.0,426.0,19466.0,8452.0,20019.0,8689.0,0.043448744059742,0.2128309572301425,0.388662593346911,0.1323828920570264,0.1011541072640869,135.0,123.0,117.0,146.0,156.0,144.0,166.0,129.0,175.0,166.0,174.0,140.0,0.0424394844388557,0.041386271870794,0.043046357615894,0.0521056388294075,0.0513326752221125,0.0505085934759733,0.0585744530698659,0.0489006823351023,0.0615980288630763,0.0601231437884824,0.0612244897959183,0.0522973477773627,0.051391862955032,-0.1024096385542169,-0.0154772141014617,-0.1232876712328767,-0.0032948929159802,-0.0464547677261614,-0.0714285714285714,0.0988407565588773,-0.0015923566878981,0.0013262599469496,-0.1661412270178277,-0.0503943596196505,-0.0636005274651377,-0.0930639033159214,-0.1462837091747847,-0.108786610878661,Healthcare,35.0,1.0,104,7.988542982737695,3181.0,2802.0,9.876476003289278,9.042276686928927,9.90448705286921,9.069928218259438
BAX,2021Q2,2021,Q2,0,1,0,0,3098.0,1233.0,1865.0,809.0,675.0,651.0,424.0,392.0,298.0,139.0,437.0,19682.0,8494.0,19466.0,8452.0,0.0448676565526145,0.2178825048418334,0.3979987088444157,0.1368624919302776,0.0961910910264687,128.0,135.0,123.0,117.0,146.0,156.0,144.0,166.0,129.0,175.0,166.0,174.0,0.043448744059742,0.0424394844388557,0.041386271870794,0.043046357615894,0.0521056388294075,0.0513326752221125,0.0505085934759733,0.0585744530698659,0.0489006823351023,0.0615980288630763,0.0601231437884824,0.0612244897959183,0.1398086828550404,0.2113821138211382,0.1878612716763006,0.188034188034188,0.2259887005649716,0.2809667673716012,0.3564013840830449,0.1101190476190476,0.1440677966101695,0.1442715700141443,0.0423101752992005,0.0037366917967851,0.042158468823817,0.1238436648534577,0.0627942496339102,0.2038567493112948,Healthcare,35.0,2.0,105,8.038834757787749,2946.0,2718.0,9.887510598012987,9.047233034106032,9.876476003289278,9.042276686928927
BAX,2021Q3,2021,Q3,0,0,1,0,3226.0,1321.0,1905.0,808.0,680.0,711.0,513.0,451.0,450.0,129.0,579.0,19807.0,8770.0,19682.0,8494.0,0.0399876007439553,0.2107873527588344,0.4094854308741475,0.1590204587724736,0.1394916305021698,139.0,128.0,135.0,123.0,117.0,146.0,156.0,144.0,166.0,129.0,175.0,166.0,0.0448676565526145,0.043448744059742,0.0424394844388557,0.041386271870794,0.043046357615894,0.0521056388294075,0.0513326752221125,0.0505085934759733,0.0585744530698659,0.0489006823351023,0.0615980288630763,0.0601231437884824,0.0854643337819649,0.2640449438202248,0.1054393305439329,0.048780487804878,0.0675675675675675,0.0914893617021277,0.0867469879518072,0.072031513787282,0.1314475873544094,0.1144827586206895,-0.0337955332436151,0.0423627494163993,0.0184022598811435,0.0055506456846632,0.1645200164394631,0.2087682672233821,Healthcare,35.0,3.0,106,8.079308192051961,3098.0,2972.0,9.893841175484322,9.079206103951382,9.887510598012987,9.047233034106032
BAX,2021Q4,2021,Q4,0,0,0,1,3514.0,1406.0,2108.0,1023.0,885.0,606.0,383.0,283.0,238.0,138.0,376.0,33521.0,9077.0,19807.0,8770.0,0.0392714854866249,0.2518497438816164,0.4001138303927148,0.1089926010244735,0.0677290836653386,129.0,139.0,128.0,135.0,123.0,117.0,146.0,156.0,144.0,166.0,129.0,175.0,0.0399876007439553,0.0448676565526145,0.043448744059742,0.0424394844388557,0.041386271870794,0.043046357615894,0.0521056388294075,0.0513326752221125,0.0505085934759733,0.0585744530698659,0.0489006823351023,0.0615980288630763,0.1046840616158439,0.4166666666666667,0.1805205709487825,0.0222222222222221,0.3060344827586208,-0.0566502463054187,0.3476190476190477,0.0592964824120603,0.3615384615384616,0.3031847133757961,-0.0746474419781193,0.2325139004421874,0.0686499533830613,-0.1460456555200731,0.2824179472585846,0.2409240924092408,Healthcare,35.0,4.0,107,8.164794804244766,3226.0,3181.0,10.419957218687204,9.113609183016411,9.893841175484322,9.079206103951382
BAX,2022Q1,2022,Q1,1,0,0,0,3707.0,1348.0,2359.0,1185.0,1052.0,562.0,163.0,94.0,71.0,150.0,221.0,32716.0,9075.0,33521.0,9077.0,0.0404639870515241,0.2837874291880226,0.3636363636363636,0.0439708659293229,0.0191529538710547,138.0,129.0,139.0,128.0,135.0,123.0,117.0,146.0,156.0,144.0,166.0,129.0,0.0392714854866249,0.0399876007439553,0.0448676565526145,0.043448744059742,0.0424394844388557,0.041386271870794,0.043046357615894,0.0521056388294075,0.0513326752221125,0.0505085934759733,0.0585744530698659,0.0489006823351023,0.2583163611676851,-0.761744966442953,0.1772925764192139,0.171875,-0.0710743801652892,-0.582051282051282,-0.7321937321937322,0.3098278734036646,0.6778309409888357,0.5695364238410596,-0.0686960480172645,0.3333935668068815,-0.0643906312028582,-0.6678508435184993,-0.8106556976371566,-0.4812206572769952,Healthcare,35.0,1.0,108,8.218247926685745,3514.0,2946.0,10.395650099471604,9.113388845899733,10.419957218687204,9.113609183016411
BAX,2022Q2,2022,Q2,0,1,0,0,3594.0,1371.0,2223.0,1107.0,970.0,655.0,264.0,219.0,252.0,148.0,400.0,31831.0,8859.0,32716.0,9075.0,0.0411797440178074,0.2698942682248191,0.3814691151919866,0.0734557595993322,0.0701168614357262,150.0,138.0,129.0,139.0,128.0,135.0,123.0,117.0,146.0,156.0,144.0,166.0,0.0404639870515241,0.0392714854866249,0.0399876007439553,0.0448676565526145,0.043448744059742,0.0424394844388557,0.041386271870794,0.043046357615894,0.0521056388294075,0.0513326752221125,0.0505085934759733,0.0585744530698659,0.1601032924467398,-0.1543624161073825,0.1119221411192215,0.0647482014388489,0.0061443932411673,-0.3773584905660377,-0.4413265306122449,0.1919571045576407,0.4370370370370371,0.3683559950556243,-0.0821953455599461,0.2387147303118366,-0.0415317770764196,-0.4632878697199736,-0.271066990846041,-0.0846681922196795,Healthcare,35.0,2.0,109,8.187299270155147,3707.0,3098.0,10.368227352106764,9.089302043599126,10.395650099471604,9.113388845899733
BAX,2022Q3,2022,Q3,0,0,1,0,3609.0,1045.0,2564.0,3925.0,941.0,-2605.0,-2880.0,-3045.0,-2937.0,151.0,-2786.0,27965.0,5535.0,31831.0,8859.0,0.0418398448323635,0.2607370462732059,0.2895538930451649,-0.7980049875311721,-0.8137988362427265,148.0,150.0,138.0,129.0,139.0,128.0,135.0,123.0,117.0,146.0,156.0,144.0,0.0411797440178074,0.0404639870515241,0.0392714854866249,0.0399876007439553,0.0448676565526145,0.043448744059742,0.0424394844388557,0.041386271870794,0.043046357615894,0.0521056388294075,0.0513326752221125,0.0505085934759733,0.1187228766274024,-7.526666666666666,-0.2089326267978803,0.1705426356589148,-4.663853727144867,-6.614035087719298,-7.751662971175167,0.3459317585301837,0.3838235294117647,3.857673267326733,0.0463204606915097,0.2369672224667089,-0.2928835284150629,-6.018253586307137,-6.83403343493119,-5.8117443868739205,Healthcare,35.0,3.0,110,8.191463051326927,3594.0,3226.0,10.238744765600796,8.619027497297505,10.368227352106764,9.089302043599126
BAX,2022Q4,2022,Q4,0,0,0,1,3887.0,1463.0,2424.0,1110.0,912.0,683.0,353.0,224.0,181.0,155.0,336.0,28287.0,5833.0,27965.0,5535.0,0.0398765114484178,0.2346282480061744,0.3763828145099048,0.0908155389760741,0.0465654746591201,151.0,148.0,150.0,138.0,129.0,139.0,128.0,135.0,123.0,117.0,146.0,156.0,0.0418398448323635,0.0411797440178074,0.0404639870515241,0.0392714854866249,0.0399876007439553,0.0448676565526145,0.043448744059742,0.0424394844388557,0.041386271870794,0.043046357615894,0.0521056388294075,0.0513326752221125,0.1061468412066022,-0.2394957983193277,0.0405405405405405,0.1231884057971015,0.1270627062706271,-0.0783289817232375,-0.2084805653710247,0.1499051233396584,0.0305084745762711,0.0850439882697946,0.0154062407952186,-0.06838004125006,-0.0593106613173503,-0.1667733578017639,-0.3124744623859319,-0.1063829787234043,Healthcare,35.0,4.0,111,8.265650165580329,3609.0,3514.0,10.25019296543737,8.671458150427666,10.238744765600796,8.619027497297505
BAX,2023Q1,2023,Q1,1,0,0,0,3513.0,1275.0,2238.0,1146.0,995.0,454.0,129.0,14.0,44.0,164.0,208.0,28291.0,5879.0,28287.0,5833.0,0.0466837460859664,0.2832337033874181,0.3629376601195559,0.0367207514944491,0.0125249074864787,155.0,151.0,148.0,150.0,138.0,129.0,139.0,128.0,135.0,123.0,117.0,146.0,0.0398765114484178,0.0418398448323635,0.0411797440178074,0.0404639870515241,0.0392714854866249,0.0399876007439553,0.0448676565526145,0.043448744059742,0.0424394844388557,0.041386271870794,0.043046357615894,0.0521056388294075,-0.0523334232533045,-0.3802816901408451,-0.0541543026706231,0.0933333333333332,-0.1921708185053381,-0.2085889570552147,-0.851063829787234,-0.0512929207291225,-0.0541825095057034,-0.0329113924050632,0.1537109782711831,-0.0019511991852099,-0.0019214346712213,-0.1648845043562997,-0.3460587034876494,-0.0588235294117647,Healthcare,35.0,1.0,112,8.164510268747042,3887.0,3707.0,10.25033435815588,8.679312040892672,10.25019296543737,8.671458150427666
BAX,2023Q2,2023,Q2,0,1,0,0,3707.0,1111.0,2596.0,1128.0,964.0,264.0,-17.0,-183.0,-141.0,165.0,24.0,27885.0,5569.0,28291.0,5879.0,0.0445103857566765,0.2600485567844618,0.2997032640949555,-0.004585918532506,-0.0380361478284327,164.0,155.0,151.0,148.0,150.0,138.0,129.0,139.0,128.0,135.0,123.0,117.0,0.0466837460859664,0.0398765114484178,0.0418398448323635,0.0411797440178074,0.0404639870515241,0.0392714854866249,0.0399876007439553,0.0448676565526145,0.043448744059742,0.0424394844388557,0.041386271870794,0.043046357615894,0.0314412910406232,-1.5595238095238095,-0.1896425966447847,0.1148648648648649,-0.5969465648854961,-1.0643939393939394,-1.8356164383561644,0.1677912730544308,-0.0061855670103092,0.018970189701897,0.0808805838479429,-0.0364798834192209,-0.214344616223727,-1.0624310272947983,-1.5424679178388376,-0.94,Healthcare,35.0,2.0,113,8.218247926685745,3513.0,3594.0,10.235880049754966,8.62515033292133,10.25033435815588,8.679312040892672
BAX,2023Q3,2023,Q3,0,0,1,0,2599.0,1056.0,1543.0,877.0,744.0,292.0,179.0,64.0,2508.0,133.0,2641.0,30656.0,8101.0,27885.0,5569.0,0.0511735282801077,0.2862639476721816,0.4063101192766448,0.0688726433243555,0.9649865332820317,165.0,164.0,155.0,151.0,148.0,150.0,138.0,129.0,139.0,128.0,135.0,123.0,0.0445103857566765,0.0466837460859664,0.0398765114484178,0.0418398448323635,0.0411797440178074,0.0404639870515241,0.0392714854866249,0.0399876007439553,0.0448676565526145,0.043448744059742,0.0424394844388557,0.041386271870794,-0.2798559157661402,-1.8539325842696628,0.0105263157894737,-0.119205298013245,-1.112092130518234,-1.0621527777777775,-1.0210180623973728,-0.3982059282371295,-0.2093517534537725,-0.7765605095541401,0.2230812156484027,0.0979028556311407,0.4032279621716854,-1.086306031165833,-2.1857801833894626,-1.947954055994257,Healthcare,35.0,3.0,114,7.8632667240095735,3707.0,3609.0,10.330616300280319,8.999866223762636,10.235880049754966,8.62515033292133
BAX,2023Q4,2023,Q4,0,0,0,1,3885.0,1472.0,2413.0,1143.0,977.0,679.0,329.0,238.0,245.0,172.0,417.0,28276.0,8402.0,30656.0,8101.0,0.0442728442728442,0.2514800514800515,0.3788931788931789,0.0846846846846846,0.063063063063063,133.0,165.0,164.0,155.0,151.0,148.0,150.0,138.0,129.0,139.0,128.0,135.0,0.0511735282801077,0.0445103857566765,0.0466837460859664,0.0398765114484178,0.0418398448323635,0.0411797440178074,0.0404639870515241,0.0392714854866249,0.0399876007439553,0.0448676565526145,0.043448744059742,0.0424394844388557,-0.0005145356315925,0.3535911602209944,0.0061517429938482,0.1096774193548386,-0.0058565153733528,-0.0679886685552407,0.0625,-0.0045379537953795,0.0712719298245614,0.0297297297297296,0.1102486818615851,0.0718234211655264,0.0066697104291091,-0.0675088686420132,0.3542879896471056,0.2410714285714286,Healthcare,35.0,4.0,115,8.265135629937385,2599.0,3887.0,10.249804032346637,9.036344063928219,10.330616300280319,8.999866223762636
BAX,2024Q1,2024,Q1,1,0,0,0,2490.0,961.0,1529.0,846.0,729.0,420.0,115.0,46.0,37.0,120.0,157.0,27788.0,8173.0,28276.0,8402.0,0.0481927710843373,0.2927710843373494,0.3859437751004016,0.0461847389558232,0.014859437751004,172.0,133.0,165.0,164.0,155.0,151.0,148.0,150.0,138.0,129.0,139.0,128.0,0.0442728442728442,0.0511735282801077,0.0445103857566765,0.0466837460859664,0.0398765114484178,0.0418398448323635,0.0411797440178074,0.0404639870515241,0.0392714854866249,0.0399876007439553,0.0448676565526145,0.043448744059742,-0.2912040990606319,-0.159090909090909,-0.2462745098039215,-0.2682926829268293,-0.0748898678414097,-0.1085271317829457,2.2857142857142856,-0.3168007149240393,-0.2673366834170854,-0.2617801047120419,0.0323244196297385,0.033673185203124,0.0633886132766361,0.2577285887736995,0.1863910186199342,-0.2451923076923077,Healthcare,35.0,1.0,116,7.820439515262181,3885.0,3513.0,10.232395537922137,9.008713664124222,10.249804032346637,9.036344063928219
BAX,2024Q2,2024,Q2,0,1,0,0,2694.0,1031.0,1663.0,852.0,723.0,448.0,179.0,117.0,-314.0,130.0,-184.0,26312.0,7643.0,27788.0,8173.0,0.0482553823311061,0.2683741648106904,0.3827023014105419,0.0664439495174461,-0.1165553080920564,120.0,172.0,133.0,165.0,164.0,155.0,151.0,148.0,150.0,138.0,129.0,139.0,0.0481927710843373,0.0442728442728442,0.0511735282801077,0.0445103857566765,0.0466837460859664,0.0398765114484178,0.0418398448323635,0.0411797440178074,0.0404639870515241,0.0392714854866249,0.0399876007439553,0.0448676565526145,-0.2732667925546264,1.226950354609929,-0.072007200720072,-0.2121212121212121,0.696969696969697,-11.529411764705882,-1.639344262295082,-0.3593990755007704,-0.25,-0.2446808510638297,0.0841375897055183,0.0320155902004455,0.2769373819341845,-15.48868946242194,2.064329979413143,-8.666666666666668,Healthcare,35.0,2.0,117,7.899153483343097,2490.0,3707.0,10.177818392619491,8.941676305360163,10.232395537922137,9.008713664124222
BAX,2024Q3,2024,Q3,0,0,1,0,2699.0,1033.0,1666.0,878.0,754.0,299.0,155.0,69.0,140.0,129.0,269.0,26676.0,7872.0,26312.0,7643.0,0.047795479807336,0.2793627269359022,0.3827343460540941,0.0574286772878844,0.0518710633567988,130.0,120.0,172.0,133.0,165.0,164.0,155.0,151.0,148.0,150.0,138.0,129.0,0.0482553823311061,0.0481927710843373,0.0442728442728442,0.0511735282801077,0.0445103857566765,0.0466837460859664,0.0398765114484178,0.0418398448323635,0.0411797440178074,0.0404639870515241,0.0392714854866249,0.0399876007439553,0.0384763370527125,-0.9441786283891548,-0.0217803030303029,-0.0300751879699248,0.023972602739726,-0.1340782122905027,0.078125,0.0797148412184056,0.0134408602150537,0.001140250855188,-0.0660116389528843,-0.0241078934053631,-0.058024085800577,-0.1661612722278684,-0.946246852605933,-0.898144642180992,Healthcare,35.0,3.0,118,7.90100705199242,2694.0,2599.0,10.191557049929173,8.971194463184467,10.177818392619491,8.941676305360163
BAX,2024Q4,2024,Q4,0,0,0,1,2753.0,959.0,1794.0,1394.0,761.0,-176.0,-435.0,-521.0,-512.0,211.0,-301.0,25782.0,6964.0,26676.0,7872.0,0.0766436614602252,0.2764257173992008,0.3483472575372321,-0.1580094442426443,-0.185978932074101,129.0,130.0,120.0,172.0,133.0,165.0,164.0,155.0,151.0,148.0,150.0,138.0,0.047795479807336,0.0482553823311061,0.0481927710843373,0.0442728442728442,0.0511735282801077,0.0445103857566765,0.0466837460859664,0.0398765114484178,0.0418398448323635,0.0411797440178074,0.0404639870515241,0.0392714854866249,-0.2913770913770913,-3.089795918367347,-0.3485054347826086,0.2267441860465116,-1.2592047128129602,-2.3221884498480243,-3.189075630252101,-0.2565271446332366,-0.2210849539406345,0.2195975503062117,0.7311664230986914,0.0991954064441098,-0.080618820970009,-2.8658562032908006,-3.949094494317887,-1.7218225419664268,Healthcare,35.0,4.0,119,7.9208096792886,2699.0,3885.0,10.157470639001309,8.848652886213905,10.191557049929173,8.971194463184467
BAX,2025Q1,2025,Q1,1,0,0,0,2625.0,861.0,1764.0,803.0,703.0,325.0,58.0,-3.0,126.0,140.0,266.0,21304.0,7081.0,25782.0,6964.0,0.0533333333333333,0.2678095238095238,0.328,0.022095238095238,0.048,211.0,129.0,130.0,120.0,172.0,133.0,165.0,164.0,155.0,151.0,148.0,150.0,0.0766436614602252,0.047795479807336,0.0482553823311061,0.0481927710843373,0.0442728442728442,0.0511735282801077,0.0445103857566765,0.0466837460859664,0.0398765114484178,0.0418398448323635,0.0411797440178074,0.0404639870515241,0.0542168674698795,2.4054054054054053,-0.1040582726326743,0.1666666666666667,-0.2261904761904761,-0.4956521739130435,-1.065217391304348,0.1536952256376715,-0.0356652949245541,-0.0508274231678487,0.1066666666666666,-0.0852596511855769,-0.1501352757544224,-0.5215900621118013,2.2302702702702706,0.694267515923567,Healthcare,35.0,1.0,120,7.873217054862741,2753.0,2490.0,9.966697065934012,8.86531163267185,10.157470639001309,8.848652886213905
BAX,2025Q2,2025,Q2,0,1,0,0,2810.0,1131.0,1679.0,939.0,689.0,462.0,192.0,133.0,91.0,134.0,225.0,21046.0,7320.0,21304.0,7081.0,0.0476868327402135,0.2451957295373665,0.402491103202847,0.0683274021352313,0.0323843416370106,140.0,211.0,129.0,130.0,120.0,172.0,133.0,165.0,164.0,155.0,151.0,148.0,0.0533333333333333,0.0766436614602252,0.047795479807336,0.0482553823311061,0.0481927710843373,0.0442728442728442,0.0511735282801077,0.0445103857566765,0.0466837460859664,0.0398765114484178,0.0418398448323635,0.0411797440178074,0.0430586488492947,-1.2898089171974525,0.0969932104752666,0.0307692307692306,0.03125,0.0726256983240223,0.1367521367521367,0.009621166566446,-0.0470262793914246,0.102112676056338,-0.0117820969066521,-0.0863661198151238,0.0517080815019104,0.0283464880017496,-1.2778452750640343,-2.222826086956521,Healthcare,35.0,2.0,121,7.941295570906532,2625.0,2694.0,9.954513311139172,8.898502209646642,9.966697065934012,8.86531163267185
