ticker,Year_Quarter,year,quarter,Q1,Q2,Q3,Q4,revenue,grossProfit,costOfRevenue,operatingExpenses,snaExpenses,ebitda,operatingIncome,incomeBeforeTax,netIncome,rnd,net_plus_rnd,totalAssets,totalEquity,totalAssets_lag1,totalEquity_lag1,rnd_to_rev_ratio,sna_to_rev_ratio,grossProfitRatio,operatingIncomeRatio,netIncomeRatio,rnd_lag1,rnd_lag2,rnd_lag3,rnd_lag4,rnd_lag5,rnd_lag6,rnd_lag7,rnd_lag8,rnd_lag9,rnd_lag10,rnd_lag11,rnd_lag12,rnd_to_rev_ratio_lag1,rnd_to_rev_ratio_lag2,rnd_to_rev_ratio_lag3,rnd_to_rev_ratio_lag4,rnd_to_rev_ratio_lag5,rnd_to_rev_ratio_lag6,rnd_to_rev_ratio_lag7,rnd_to_rev_ratio_lag8,rnd_to_rev_ratio_lag9,rnd_to_rev_ratio_lag10,rnd_to_rev_ratio_lag11,rnd_to_rev_ratio_lag12,revenue_yoy,netIncome_yoy,grossProfit_yoy,rnd_yoy,ebitda_yoy,operatingIncome_yoy,incomeBeforeTax_yoy,costOfRevenue_yoy,snaExpenses_yoy,operatingExpenses_yoy,rnd_to_rev_ratio_yoy,sna_to_rev_ratio_yoy,grossProfitRatio_yoy,operatingIncomeRatio_yoy,netIncomeRatio_yoy,net_plus_rnd_yoy,gics_sectors,gics_sector_code,quarter_int,time_idx,revenue_log,revenue_lag1,revenue_lag4,totalAssets_log,totalEquity_log,totalAssets_lag1_log,totalEquity_lag1_log
BDX,1995Q2,1995,Q2,0,1,0,0,704.1,377.9,326.2,268.0,215.8,162.1,109.9,89.5,66.7,0.0,66.7,3048.6,1415.3,3050.7,1388.9,0.0,0.3064905553188468,0.5367135350092316,0.1560857832694219,0.0947308620934526,0.0,,,,,,,,,,,,0.0,,,,,,,,,,,,,,,,,,,,,,,,,,,,Healthcare,35.0,2.0,1,6.558339636724995,692.8,,8.022765713459883,7.255803116220351,8.023454091373745,7.236987081090713
BDX,1995Q3,1995,Q3,0,0,1,0,722.1,415.1,307.0,294.2,240.5,174.6,120.9,120.3,86.6,0.0,86.6,2999.5,1398.4,3048.6,1415.3,0.0,0.3330563633845728,0.5748511286525412,0.1674283340257582,0.1199279878133222,0.0,0.0,,,,,,,,,,,0.0,0.0,,,,,,,,,,,,,,,,,,,,,,,,,,,Healthcare,35.0,3.0,2,6.583547525180906,704.1,,8.006534220429568,7.243798852311796,8.022765713459883,7.255803116220351
BDX,1995Q4,1995,Q4,0,0,0,1,639.9,342.2,297.7,270.2,219.2,123.0,72.0,61.8,44.5,0.0,44.5,2940.7,1344.3,2999.5,1398.4,0.0,0.3425535239881231,0.534771057977809,0.1125175808720112,0.069542115955618,0.0,0.0,0.0,,,,,,,,,,0.0,0.0,0.0,,,,,,,,,,,,,,,,,,,,,,,,,,Healthcare,35.0,4.0,3,6.462873438510181,722.1,,7.986742924513947,7.204372315491497,8.006534220429568,7.243798852311796
BDX,1996Q1,1996,Q1,1,0,0,0,705.7,387.8,317.9,275.0,224.2,163.6,112.8,103.9,74.8,0.0,74.8,2862.8,1322.0,2940.7,1344.3,0.0,0.3176987388408672,0.5495252940342922,0.1598412923338528,0.1059940484625194,0.0,0.0,0.0,0.0,,,,,,,,,0.0,0.0,0.0,0.0,,,,,,,,,0.0186200923787529,0.1525423728813557,0.0363442009620524,,0.0367553865652723,0.0621468926553672,0.1268980477223427,-0.002197112366604,0.0360443622920516,0.0261194029850746,,0.0171057590986727,0.0174001168010624,0.0427311424566221,0.1314742184103772,0.1525423728813557,Healthcare,35.0,1.0,4,6.560606247696809,639.9,692.8,7.959904693239906,7.187657164114956,7.986742924513947,7.204372315491497
BDX,1996Q2,1996,Q2,0,1,0,0,692.9,440.0,252.9,320.1,183.0,218.9,119.9,107.2,77.2,38.1,115.3,2909.7,1306.8,2862.8,1322.0,0.0549862895078654,0.2641073748015586,0.6350122672824362,0.1730408428344638,0.1114157887141001,0.0,0.0,0.0,0.0,0.0,,,,,,,,0.0,0.0,0.0,0.0,0.0,,,,,,,,-0.0159068314159921,0.1574212893553224,0.1643291876157715,,0.350400987045034,0.0909918107370335,0.1977653631284917,-0.2247087676272224,-0.1519925857275255,0.1944029850746269,,-0.1382854374523752,0.1831493447831791,0.1086265463125204,0.1761297876101639,0.7286356821589206,Healthcare,35.0,2.0,5,6.542327857905503,705.7,704.1,7.976148881066246,7.176101615127176,7.959904693239906,7.187657164114956
BDX,1996Q3,1996,Q3,0,0,1,0,731.2,422.0,309.2,295.5,244.8,177.2,126.5,120.9,87.1,0.0,87.1,2889.8,1325.2,2909.7,1306.8,0.0,0.3347921225382932,0.5771334792122538,0.1730032822757111,0.1191192560175054,38.1,0.0,0.0,0.0,0.0,0.0,,,,,,,0.0549862895078654,0.0,0.0,0.0,0.0,0.0,,,,,,,0.0126021326686054,0.0057736720554273,0.0166225006022644,,0.0148911798396333,0.0463192721257237,0.0049875311720699,0.0071661237785016,0.0178794178794179,0.0044187627464309,,0.0052116078374284,0.0039703332670886,0.0332975196963689,-0.006743478403687,0.0057736720554273,Healthcare,35.0,3.0,6,6.596053700686136,692.9,722.1,7.969288559408826,7.190072988934768,7.976148881066246,7.176101615127176
BDX,1996Q4,1996,Q4,0,0,0,1,655.8,362.4,293.4,275.9,186.5,136.2,86.5,81.8,58.1,39.7,97.8,2822.1,1336.0,2889.8,1325.2,0.0605367490088441,0.284385483379079,0.5526075022872827,0.1318999695028972,0.0885940835620616,0.0,38.1,0.0,0.0,0.0,0.0,0.0,,,,,,0.0,0.0549862895078654,0.0,0.0,0.0,0.0,0.0,,,,,,0.024847632442569,0.3056179775280898,0.059029807130333,,0.1073170731707315,0.2013888888888888,0.3236245954692556,-0.0144440712126302,-0.1491788321167882,0.0210954848260547,,-0.1698071586940117,0.0333534211386097,0.1722609789569991,0.2739630128396229,1.1977528089887644,Healthcare,35.0,4.0,7,6.487379558138218,731.2,639.9,7.945590850934636,7.198183577101943,7.969288559408826,7.190072988934768
BDX,1997Q2,1997,Q2,0,1,0,0,699.2,397.9,301.3,276.3,185.5,173.0,121.6,116.5,82.7,39.4,122.1,2793.2,1317.8,2822.1,1336.0,0.0563501144164759,0.2653032036613272,0.569078947368421,0.1739130434782608,0.1182780320366132,39.7,0.0,38.1,0.0,0.0,0.0,0.0,0.0,,,,,0.0605367490088441,0.0,0.0549862895078654,0.0,0.0,0.0,0.0,0.0,,,,,-0.0092107127674648,0.1056149732620321,0.026044352759154,,0.0574572127139365,0.0780141843971631,0.1212704523580365,-0.0522176785152562,-0.1726137377341658,0.0047272727272726,,-0.1649220748269463,0.0355828085556853,0.0880357693493678,0.1158931444951603,0.6323529411764706,Healthcare,35.0,2.0,8,6.551366008520565,655.8,705.7,7.935301119216386,7.184477511197576,7.945590850934636,7.198183577101943
BDX,1997Q2,1997,Q2,0,1,0,0,706.5,406.9,299.6,301.8,191.1,158.2,105.1,98.8,70.1,57.6,127.7,3038.0,1342.3,2793.2,1317.8,0.0815286624203821,0.2704883227176221,0.5759377211606511,0.148761500353857,0.0992215145081387,39.4,39.7,0.0,38.1,0.0,0.0,0.0,0.0,0.0,,,,0.0563501144164759,0.0605367490088441,0.0,0.0549862895078654,0.0,0.0,0.0,0.0,0.0,,,,0.0196276518978208,-0.0919689119170985,-0.0752272727272728,0.5118110236220472,-0.2772955687528552,-0.1234361968306922,-0.0783582089552239,0.184657967576117,0.0442622950819671,-0.0571696344892221,0.482708928899811,0.0241604306614227,-0.093028984108602,-0.1403098949525643,-0.109448349706097,0.1075455333911532,Healthcare,35.0,2.0,9,6.561737629517393,699.2,692.9,8.019283792916793,7.2028845520689675,7.935301119216386,7.184477511197576
BDX,1997Q3,1997,Q3,0,0,1,0,749.0,439.9,309.1,302.6,203.0,192.9,137.3,125.6,89.2,44.0,133.2,3080.3,1385.4,3038.0,1342.3,0.0587449933244325,0.2710280373831775,0.5873164218958611,0.1833110814419225,0.1190921228304405,57.6,39.4,39.7,0.0,38.1,0.0,0.0,0.0,0.0,0.0,,,0.0815286624203821,0.0563501144164759,0.0605367490088441,0.0,0.0549862895078654,0.0,0.0,0.0,0.0,0.0,,,0.024343544857768,0.0241102181400689,0.0424170616113743,,0.0886004514672686,0.0853754940711464,0.0388751033912322,-0.0003234152652004,-0.1707516339869281,0.0240270727580373,,-0.1904587380123389,0.017643999266004,0.0595815237180537,-0.0002277817035801,0.529276693455798,Healthcare,35.0,3.0,10,6.620073206530356,706.5,731.2,8.03310686483987,7.234465738401396,8.019283792916793,7.2028845520689675
BDX,1997Q4,1997,Q4,0,0,0,1,701.6,399.8,301.8,296.7,199.1,156.1,103.1,90.6,64.3,44.6,108.9,3077.2,1381.5,3080.3,1385.4,0.0635689851767388,0.2837799315849487,0.5698403648802737,0.1469498289623717,0.0916476624857468,44.0,57.6,39.4,39.7,0.0,38.1,0.0,0.0,0.0,0.0,0.0,,0.0587449933244325,0.0815286624203821,0.0563501144164759,0.0605367490088441,0.0,0.0549862895078654,0.0,0.0,0.0,0.0,0.0,,0.0698383653552914,0.1067125645438897,0.1032008830022075,0.1234256926952139,0.1461086637298092,0.191907514450867,0.1075794621026895,0.0286298568507159,0.0675603217158176,0.0753896339253352,0.0500891808288501,-0.0021293344053118,0.0311846337982435,0.1141005529887093,0.0344670750112356,0.1134969325153374,Healthcare,35.0,4.0,11,6.554787739831727,749.0,655.8,8.032100289545854,7.23164873339649,8.03310686483987,7.234465738401396
BDX,1998Q1,1998,Q1,1,0,0,0,738.4,430.0,308.4,285.5,186.0,200.2,144.5,130.0,92.3,43.8,136.1,3172.6,1487.1,3077.2,1381.5,0.05931744312026,0.251895991332611,0.5823401950162513,0.1956933911159263,0.125,44.6,44.0,57.6,39.4,39.7,0.0,38.1,0.0,0.0,0.0,0.0,0.0,0.0635689851767388,0.0587449933244325,0.0815286624203821,0.0563501144164759,0.0605367490088441,0.0,0.0549862895078654,0.0,0.0,0.0,0.0,0.0,0.0560640732265445,0.1160822249093107,0.0806735360643378,0.1116751269035531,0.1572254335260114,0.1883223684210526,0.1158798283261801,0.023564553601062,0.0026954177897573,0.0332971407889974,0.0526587875554775,-0.050535433208832,0.0233030016470543,0.1252369989165767,0.0568319226118501,0.1146601146601147,Healthcare,35.0,1.0,12,6.605839046502531,701.6,699.2,8.06262186920012,7.305255417436005,8.032100289545854,7.23164873339649
BDX,1998Q2,1998,Q2,0,1,0,0,833.6,474.8,358.8,375.5,234.4,159.5,99.3,-11.0,-10.0,80.9,70.9,3715.2,1479.9,3172.6,1487.1,0.09684486283538202,0.2811900191938579,0.5695777351247601,0.1191218809980806,-0.0119961612284069,43.8,44.6,44.0,57.6,39.4,39.7,0.0,38.1,0.0,0.0,0.0,0.0,0.05931744312026,0.0635689851767388,0.0587449933244325,0.0815286624203821,0.0563501144164759,0.0605367490088441,0.0,0.0549862895078654,0.0,0.0,0.0,0.0,0.1799009200283086,-1.1426533523537803,0.1668714671909561,0.404513888888889,0.0082174462705437,-0.055185537583254,-1.111336032388664,0.1975967957276367,0.2265829408686552,0.2442014579191516,0.1903659578934742,0.03956435667431,-0.011042836407857,-0.1992425411499149,-1.120902823222104,-0.4447924823805793,Healthcare,35.0,2.0,13,6.7269525681574525,738.4,706.5,8.220456919798654,7.300405290043457,8.06262186920012,7.305255417436005
BDX,1998Q3,1998,Q3,0,0,1,0,843.3,500.0,343.3,350.4,242.0,209.4,149.6,131.2,89.9,48.6,138.5,3846.0,1613.8,3715.2,1479.9,0.0576307363927428,0.2869678643424641,0.592908810624926,0.1773983161389778,0.1066050041503616,80.9,43.8,44.6,44.0,57.6,39.4,39.7,0.0,38.1,0.0,0.0,0.0,0.09684486283538202,0.05931744312026,0.0635689851767388,0.0587449933244325,0.0815286624203821,0.0563501144164759,0.0605367490088441,0.0,0.0549862895078654,0.0,0.0,0.0,0.1259012016021361,0.0078475336322869,0.1366219595362583,0.1045454545454545,0.0855365474339036,0.0895848506919154,0.0445859872611464,0.1106438045939823,0.1921182266009853,0.1579643093192331,-0.0189676918599009,0.0588124649877126,0.0095219348899058,-0.0322553620677757,-0.1048525996791378,0.0397897897897898,Healthcare,35.0,3.0,14,6.738507881675454,833.6,749.0,8.255048902752295,7.386966388978785,8.220456919798654,7.300405290043457
BDX,1998Q4,1998,Q4,0,0,0,1,769.0,446.0,323.0,335.1,223.1,173.6,110.9,94.0,76.2,49.3,125.5,3935.2,1666.7,3846.0,1613.8,0.0641092327698309,0.2901170351105331,0.5799739921976593,0.1442132639791937,0.0990897269180754,48.6,80.9,43.8,44.6,44.0,57.6,39.4,39.7,0.0,38.1,0.0,0.0,0.0576307363927428,0.09684486283538202,0.05931744312026,0.0635689851767388,0.0587449933244325,0.0815286624203821,0.0563501144164759,0.0605367490088441,0.0,0.0549862895078654,0.0,0.0,0.0960661345496007,0.1850699844479004,0.1155577788894446,0.1053811659192824,0.1121076233183857,0.075654704170708,0.0375275938189845,0.0702451954937044,0.12054244098443,0.1294236602628919,0.008498603392677,0.0223310488877452,0.0177832739516703,-0.0186224441532264,0.0812029923129349,0.1524334251606978,Healthcare,35.0,4.0,15,6.646390514847729,843.3,701.6,8.277971069889336,7.419200710627534,8.255048902752295,7.386966388978785
BDX,1999Q1,1999,Q1,1,0,0,0,874.1,510.6,363.5,366.1,233.0,210.3,144.5,127.1,90.1,67.3,157.39999999999998,4132.0,1684.3,3935.2,1666.7,0.0769934790069786,0.2665598901727491,0.5841436906532433,0.1653128932616405,0.1030774510925523,49.3,48.6,80.9,43.8,44.6,44.0,57.6,39.4,39.7,0.0,38.1,0.0,0.0641092327698309,0.0576307363927428,0.09684486283538202,0.05931744312026,0.0635689851767388,0.0587449933244325,0.0815286624203821,0.0563501144164759,0.0605367490088441,0.0,0.0549862895078654,0.0,0.1837757313109427,-0.0238353196099675,0.1874418604651162,0.5365296803652968,0.0504495504495505,0.0,-0.0223076923076923,0.1786640726329442,0.2526881720430107,0.2823117338003502,0.2979905228025798,0.0582141016320321,0.0030969794845463,-0.1552453952636999,-0.1753803912595813,0.1565025716385009,Healthcare,35.0,1.0,16,6.774338165541786,769.0,738.4,8.326758814511733,7.4296988684819745,8.277971069889336,7.419200710627534
BDX,1999Q2,1999,Q2,0,1,0,0,873.002,474.502,398.5,345.4,231.9,191.902,129.102,35.3,33.1,50.7,83.80000000000001,4083.2,1668.3,4132.0,1684.3,0.058075468326533,0.2656351302746156,0.5435291098989464,0.1478828227197647,0.0379151479607148,67.3,49.3,48.6,80.9,43.8,44.6,44.0,57.6,39.4,39.7,0.0,38.1,0.0769934790069786,0.0641092327698309,0.0576307363927428,0.09684486283538202,0.05931744312026,0.0635689851767388,0.0587449933244325,0.0815286624203821,0.0563501144164759,0.0605367490088441,0.0,0.0549862895078654,0.0472672744721687,-4.3100000000000005,-0.0006276326874473,-0.3733003708281829,0.2031473354231974,0.3001208459214501,-4.209090909090909,0.1106465997770345,-0.0106655290102388,-0.0801597869507324,-0.4015857800123863,-0.0553180691257695,-0.0457332223846634,0.2414412992869672,-4.160606734005192,0.1819464033850495,Healthcare,35.0,2.0,17,6.773082663982437,874.1,833.6,8.31488114968196,7.420159655861342,8.326758814511733,7.4296988684819745
BDX,1999Q3,1999,Q3,0,0,1,0,902.4,534.6,367.8,398.2,243.9,204.0,136.4,116.1,76.3,86.7,163.0,4437.0,1768.7,4083.2,1668.3,0.0960771276595744,0.2702792553191489,0.5924202127659575,0.1511524822695035,0.084552304964539,50.7,67.3,49.3,48.6,80.9,43.8,44.6,44.0,57.6,39.4,39.7,0.0,0.058075468326533,0.0769934790069786,0.0641092327698309,0.0576307363927428,0.0968545810021644,0.05931744312026,0.0635689851767388,0.0587449933244325,0.0815286624203821,0.0563501144164759,0.0605367490088441,0.0,0.0700818214158662,-0.1512791991101224,0.0692000000000001,0.7839506172839505,-0.0257879656160459,-0.0882352941176469,-0.1150914634146341,0.0713661520535975,0.0078512396694214,0.1364155251141552,0.6671160855003941,-0.0581549751626516,-0.0008240691489362,-0.1479486076345431,-0.2068636398598916,0.1768953068592058,Healthcare,35.0,3.0,18,6.806165423220504,873.002,843.3,8.39795910349254,7.4785653196771396,8.31488114968196,7.420159655861342
BDX,1999Q4,1999,Q4,0,0,0,1,859.2,481.6,377.6,359.9,233.8,194.1,121.7,101.8,75.3,53.7,129.0,4491.6,1805.3,4437.0,1768.7,0.0625,0.2721135940409683,0.5605214152700186,0.1416433891992551,0.0876396648044692,86.7,50.7,67.3,49.3,48.6,80.9,43.8,44.6,44.0,57.6,39.4,39.7,0.0960771276595744,0.058075468326533,0.0769934790069786,0.0641092327698309,0.0576307363927428,0.09686429916894677,0.05931744312026,0.0635689851767388,0.0587449933244325,0.0815286624203821,0.0563501144164759,0.0605367490088441,0.1172951885565669,-0.0118110236220473,0.0798206278026907,0.0892494929006086,0.1180875576036866,0.0973850315599638,0.0829787234042553,0.1690402476780186,0.0479605558045719,0.0740077588779466,-0.0251014198782961,-0.062055787460759,-0.0335404297250127,-0.0178199612783842,-0.1155524641123771,0.0278884462151394,Healthcare,35.0,4.0,19,6.757164920349636,902.4,769.0,8.41018687773107,7.499035833138512,8.39795910349254,7.4785653196771396
BDX,2000Q1,2000,Q1,1,0,0,0,925.132,526.463,398.669,376.556,244.063,225.225,149.907,165.107,119.171,57.175,176.346,4530.7,1874.405,4491.6,1805.3,0.0618019914995914,0.2638142448861352,0.5690679816501861,0.1620384982899737,0.1288151312461357,53.7,86.7,50.7,67.3,49.3,48.6,80.9,43.8,44.6,44.0,57.6,39.4,0.0625,0.0960771276595744,0.058075468326533,0.0769934790069786,0.0641092327698309,0.0576307363927428,0.09687401733572915,0.05931744312026,0.0635689851767388,0.0587449933244325,0.0815286624203821,0.0563501144164759,0.0583823361171489,0.3226526082130967,0.0310673717195455,-0.150445765230312,0.0709700427960056,0.0374186851211073,0.2990322580645161,0.0967510316368638,0.0474806866952788,0.0285605025949193,-0.1973087552779665,-0.0103002941846748,-0.0258082202106781,-0.0198072570569821,0.2496926328773276,0.1203684879288438,Healthcare,35.0,1.0,20,6.831016773083206,859.2,874.1,8.418852424016867,7.53657991507987,8.41018687773107,7.499035833138512
BDX,2000Q2,2000,Q2,0,1,0,0,914.14,533.588,380.552,382.261,248.773,224.613,151.327,161.508,114.418,60.202,174.62,4560.807,1955.365,4530.7,1874.405,0.0658564333690682,0.2721388408777649,0.5837049029689106,0.1655402892335966,0.1251646356138009,57.175,53.7,86.7,50.7,67.3,49.3,48.6,80.9,43.8,44.6,44.0,57.6,0.0618019914995914,0.0625,0.0960771276595744,0.058075468326533,0.0769934790069786,0.0641092327698309,0.0576307363927428,0.09688373550251152,0.05931744312026,0.0635689851767388,0.0587449933244325,0.0815286624203821,0.0471224579096039,2.456737160120846,0.124522130570577,0.1874161735700197,0.1704567956561162,0.1721507025452742,3.57529745042493,-0.0450388958594729,0.0727598102630444,0.10671974522293,0.1339802375554886,0.024483623820485,0.0739165434532729,0.119401741115616,2.301177559520225,1.0837708830548922,Healthcare,35.0,2.0,21,6.81907705903586,925.132,873.002,8.42547409594327,7.57884343850313,8.418852424016867,7.53657991507987
BDX,2000Q3,2000,Q3,0,0,1,0,919.898,522.842,397.056,373.39,247.228,222.952,149.452,91.57,84.014,52.662,136.676,4505.096,1955.998,4560.807,1955.365,0.0572476513700432,0.2687558838045087,0.5683695366225385,0.1624658386038452,0.0913296909005128,60.202,57.175,53.7,86.7,50.7,67.3,49.3,48.6,80.9,43.8,44.6,44.0,0.0658564333690682,0.0618019914995914,0.0625,0.0960771276595744,0.058075468326533,0.0769934790069786,0.0641092327698309,0.0576307363927428,0.0968934536692939,0.05931744312026,0.0635689851767388,0.0587449933244325,0.0193905141843973,0.1011009174311925,-0.0219940142162364,-0.3925951557093425,0.0929019607843137,0.0956891495601173,-0.2112833763996554,0.079543230016313,0.0136449364493644,-0.0623053741838272,-0.4041490127297926,-0.0056362872275985,-0.040597325386871,0.0748473075961135,0.0801561345822126,-0.1614969325153374,Healthcare,35.0,3.0,22,6.8253492809364955,914.14,902.4,8.413186425692007,7.579166945423148,8.42547409594327,7.57884343850313
BDX,2000Q4,2000,Q4,0,0,0,1,864.418,410.5,453.918,288.019,235.292,197.799,122.481,101.858,36.948,52.727,89.675,4595.268,2030.136,4505.096,1955.998,0.0609971101943735,0.2721970157955989,0.4748859926563306,0.1416918666663581,0.042743209882256,52.662,60.202,57.175,53.7,86.7,50.7,67.3,49.3,48.6,80.9,43.8,44.6,0.0572476513700432,0.0658564333690682,0.0618019914995914,0.0625,0.0960771276595744,0.058075468326533,0.0769934790069786,0.0641092327698309,0.0576307363927428,0.09690317183607627,0.05931744312026,0.0635689851767388,0.0060730912476723,-0.5093227091633465,-0.1476328903654485,-0.0181191806331472,0.0190571870170015,0.0064174198849629,0.0005697445972496,0.2021133474576271,0.0063815226689478,-0.199724923589886,-0.0240462368900231,0.0003065695961443,-0.152778145991862,0.0003422501210759,-0.5122846489929032,-0.3048449612403101,Healthcare,35.0,4.0,23,6.7632126272047035,919.898,859.2,8.432999948843875,7.616350521426166,8.413186425692007,7.579166945423148
BDX,2001Q1,2001,Q1,1,0,0,0,961.179,473.564,487.615,296.409,241.912,256.894,177.155,155.739,118.362,54.497,172.85899999999998,4643.211,2133.623,4595.268,2030.136,0.0566980760087351,0.2516825690115993,0.4926907475090488,0.1843101024887143,0.1231425155980311,52.727,52.662,60.202,57.175,53.7,86.7,50.7,67.3,49.3,48.6,80.9,43.8,0.0609971101943735,0.0572476513700432,0.0658564333690682,0.0618019914995914,0.0625,0.0960771276595744,0.058075468326533,0.0769934790069786,0.0641092327698309,0.0576307363927428,0.09691289000285865,0.05931744312026,0.0389641694374425,-0.0067885643319265,-0.1004799957451899,-0.0468386532575425,0.1406105006105007,0.181766028270861,-0.056738963217792,0.2231073898396915,-0.008813298205791,-0.2128421801803716,-0.0825849680085154,-0.0459856740479349,-0.134214604588468,0.1374463749897556,-0.0440368735662387,-0.0197736268472209,Healthcare,35.0,1.0,24,6.869200504042774,864.418,925.132,8.443376776755498,7.666045329274247,8.432999948843875,7.616350521426166
BDX,2001Q2,2001,Q2,0,1,0,0,943.29,468.399,474.891,301.814,248.709,243.965,166.585,153.063,118.129,53.105,171.234,4687.577,2219.983,4643.211,2133.623,0.0562976391141642,0.2636612282543014,0.4965588525267945,0.1765999851583288,0.1252308409926958,54.497,52.727,52.662,60.202,57.175,53.7,86.7,50.7,67.3,49.3,48.6,80.9,0.0566980760087351,0.0609971101943735,0.0572476513700432,0.0658564333690682,0.0618019914995914,0.0625,0.0960771276595744,0.058075468326533,0.0769934790069786,0.0641092327698309,0.0576307363927428,0.09692260816964103,0.031887894633207,0.0324337079830097,-0.1221710383291977,-0.1178864489551841,0.0861570790648804,0.1008280082206083,-0.0522884315328034,0.2479004183396749,-0.0002572626450619,-0.2104504513931581,-0.1451459449881713,-0.0311517922106213,-0.1492981299263777,0.0668096931323209,0.0005289463638844,-0.0193906768984079,Healthcare,35.0,2.0,25,6.850433322358032,961.179,914.14,8.45288440388788,7.705705169655318,8.443376776755498,7.666045329274247
BDX,2001Q3,2001,Q3,0,0,1,0,995.674,494.249,501.425,308.888,257.383,258.624,185.361,177.694,98.369,51.505,149.874,4802.287,2328.767,4687.577,2219.983,0.0517287786966416,0.2585012765222352,0.4963964108734385,0.1861663556545616,0.09879639319697,53.105,54.497,52.727,52.662,60.202,57.175,53.7,86.7,50.7,67.3,49.3,48.6,0.0562976391141642,0.0566980760087351,0.0609971101943735,0.0572476513700432,0.0658564333690682,0.0618019914995914,0.0625,0.0960771276595744,0.058075468326533,0.0769934790069786,0.0641092327698309,0.0576307363927428,0.082374350199696,0.1708643797462328,-0.0546876494237263,-0.021970301165926,0.1599985647134809,0.240271123839092,0.9405263732663536,0.2628571284655061,0.0410754445289367,-0.1727469937598758,-0.0964034775457961,-0.0381558429051276,-0.1266308644491941,0.1458800031710512,0.0817554753863212,0.0965641370833212,Healthcare,35.0,3.0,26,6.904423735549085,943.29,919.898,8.477055754199823,7.753523541559413,8.45288440388788,7.705705169655318
BDX,2001Q4,2001,Q4,0,0,0,1,944.946,445.184,499.762,303.531,248.294,214.613,141.653,130.466,99.673,55.237,154.91,4763.257,2354.764,4802.287,2328.767,0.058455192148546,0.2627599884014536,0.471121101099957,0.1499059205499573,0.1054801015084459,51.505,53.105,54.497,52.727,52.662,60.202,57.175,53.7,86.7,50.7,67.3,49.3,0.0517287786966416,0.0562976391141642,0.0566980760087351,0.0609971101943735,0.0572476513700432,0.0658564333690682,0.0618019914995914,0.0625,0.0960771276595744,0.058075468326533,0.0769934790069786,0.0641092327698309,0.0931586339016541,1.6976561654216735,0.0844920828258222,0.0476036945018683,0.0850054853664579,0.1565304006335677,0.2808615916275598,0.1009962151754282,0.055258997330976,0.0538575580083258,-0.0416727618362151,-0.0346698414990406,-0.0079279903273504,0.0579712447641105,1.467762758085089,0.7274602732088096,Healthcare,35.0,4.0,27,6.852185484970182,995.674,864.418,8.468896875283788,7.764620369974863,8.477055754199823,7.753523541559413
BDX,2002Q1,2002,Q1,1,0,0,0,1012.971,489.838,523.133,313.911,247.66,248.65,175.927,167.58,129.188,56.314,185.502,4845.47,2411.409,4763.257,2354.764,0.0555929044365534,0.2444887365975926,0.4835656696983428,0.1736742710304638,0.1275337596041742,55.237,51.505,53.105,54.497,52.727,52.662,60.202,57.175,53.7,86.7,50.7,67.3,0.058455192148546,0.0517287786966416,0.0562976391141642,0.0566980760087351,0.0609971101943735,0.0572476513700432,0.0658564333690682,0.0618019914995914,0.0625,0.0960771276595744,0.058075468326533,0.0769934790069786,0.0538838239287375,0.0914651661850931,0.0343649432811616,0.0333412848413674,-0.0320910570118414,-0.0069317829019784,0.0760310519523048,0.072840253068507,0.0237607063725651,0.0590467900772244,-0.0194922235458462,-0.0285829584553991,-0.0185209035421117,-0.0577061773317704,0.0356598530151619,0.0731405365066326,Healthcare,35.0,1.0,28,6.921629584136629,944.946,961.179,8.486005883879459,7.788381112294462,8.468896875283788,7.764620369974863
BDX,2002Q2,2002,Q2,0,1,0,0,998.46,484.389,514.071,318.465,253.857,244.727,165.924,158.559,119.725,53.037,172.762,4923.382,2514.745,4845.47,2411.409,0.053118802956553,0.2542485427558439,0.4851361096087975,0.1661799170722913,0.1199096608777517,56.314,55.237,51.505,53.105,54.497,52.727,52.662,60.202,57.175,53.7,86.7,50.7,0.0555929044365534,0.058455192148546,0.0517287786966416,0.0562976391141642,0.0566980760087351,0.0609971101943735,0.0572476513700432,0.0658564333690682,0.0618019914995914,0.0625,0.0960771276595744,0.058075468326533,0.0584867856120598,0.0135106536074967,0.0341375622065802,-0.0012804820638357,0.0031233988481953,-0.0039679442927034,0.0359067834813116,0.0825031428264591,0.0206988890631218,0.0551697403036306,-0.056464821751493,-0.0356999228167856,-0.0230038048055555,-0.0590037880053926,-0.0424909716549329,0.0089234614620927,Healthcare,35.0,2.0,29,6.907215133129628,1012.971,943.29,8.501954063499133,7.830324261332584,8.486005883879459,7.788381112294462
BDX,2002Q3,2002,Q3,0,0,1,0,1076.692,529.989,546.703,337.83,282.232,272.538,192.159,171.984,131.396,55.598,186.994,5040.46,2487.974,4923.382,2514.745,0.0516377942810014,0.2621288167832584,0.492238263124459,0.1784716520601992,0.1220367570298655,53.037,56.314,55.237,51.505,53.105,54.497,52.727,52.662,60.202,57.175,53.7,86.7,0.053118802956553,0.0555929044365534,0.058455192148546,0.0517287786966416,0.0562976391141642,0.0566980760087351,0.0609971101943735,0.0572476513700432,0.0658564333690682,0.0618019914995914,0.0625,0.0960771276595744,0.0813700066487626,0.3357460175461779,0.0723117295128568,0.0794680128142897,0.0538001113585746,0.0366743813423535,-0.0321338930971218,0.0902986488507753,0.0965448378486537,0.0936973919349408,-0.0017588742269328,0.0140329684627733,-0.00837666763477,-0.0413324070684406,0.2352349420951147,0.2476747134259442,Healthcare,35.0,3.0,30,6.982576996359126,998.46,995.674,8.525451001655211,7.8196258563507985,8.501954063499133,7.830324261332584
BDX,2002Q4,2002,Q4,0,0,0,1,1051.648,501.609,550.039,344.026,284.181,239.664,157.583,149.034,113.638,59.845,173.483,5061.761,2572.337,5040.46,2487.974,0.0569059228943524,0.2702244477239532,0.476974234724927,0.1498438641066212,0.1080570685248296,55.598,53.037,56.314,55.237,51.505,53.105,54.497,52.727,52.662,60.202,57.175,53.7,0.0516377942810014,0.053118802956553,0.0555929044365534,0.058455192148546,0.0517287786966416,0.0562976391141642,0.0566980760087351,0.0609971101943735,0.0572476513700432,0.0658564333690682,0.0618019914995914,0.0625,0.1129186218048436,0.1401081536624764,0.1267453457446807,0.0834223437188841,0.1167263865655854,0.1124579077040373,0.1423206046019651,0.1006018864979729,0.1445343020773759,0.1334130615983211,-0.0265035353960786,0.0284078994214871,0.0124238409430277,-0.0004139692622441,0.0244308355749665,0.1198954231489253,Healthcare,35.0,4.0,31,6.9590641732480085,1076.692,944.946,8.529667265641407,7.852958779220163,8.525451001655211,7.8196258563507985
BDX,2003Q1,2003,Q1,1,0,0,0,1134.041,555.613,578.428,358.832,298.798,282.831,196.781,186.281,142.04,60.034,202.074,5247.024,2704.921,5061.761,2572.337,0.0529381212848565,0.2634807736228232,0.4899408398814506,0.1735219449737708,0.1252512034397345,59.845,55.598,53.037,56.314,55.237,51.505,53.105,54.497,52.727,52.662,60.202,57.175,0.0569059228943524,0.0516377942810014,0.053118802956553,0.0555929044365534,0.058455192148546,0.0517287786966416,0.0562976391141642,0.0566980760087351,0.0609971101943735,0.0572476513700432,0.0658564333690682,0.0618019914995914,0.1195197098436182,0.0994829241105985,0.1342790881883397,0.0660581738111303,0.1374663181178363,0.1185378026113104,0.111594462346342,0.1056996977823994,0.2064846967616893,0.1431010700485169,-0.0477539926831264,0.077680621567814,0.0131836699389449,-0.0008770790042142,-0.0178976623250507,0.0893359640327329,Healthcare,35.0,1.0,32,7.034424052611088,1051.648,1012.971,8.5656069037842,7.903197613921716,8.529667265641407,7.852958779220163
BDX,2003Q2,2003,Q2,0,1,0,0,1165.369,542.982,622.387,368.517,308.475,265.966,174.465,162.771,130.018,60.042,190.06,5558.189,2898.082,5247.024,2704.921,0.0515218784779756,0.2647015666282525,0.4659313916879546,0.1497079465817264,0.1115680955989047,60.034,59.845,55.598,53.037,56.314,55.237,51.505,53.105,54.497,52.727,52.662,60.202,0.0529381212848565,0.0569059228943524,0.0516377942810014,0.053118802956553,0.0555929044365534,0.058455192148546,0.0517287786966416,0.0562976391141642,0.0566980760087351,0.0609971101943735,0.0572476513700432,0.0658564333690682,0.1671664363119203,0.0859720192106912,0.1209626973362316,0.1320776061994457,0.0867865008764869,0.0514753742677369,0.0265642442245472,0.2107024127017471,0.2151526252969191,0.1571664076115115,-0.0300632617772578,0.041113407216051,-0.039586247118008,-0.099121306477721,-0.0695654146445401,0.1001261851564581,Healthcare,35.0,2.0,33,7.061650783397776,1134.041,998.46,8.623207513296189,7.972149414137355,8.5656069037842,7.903197613921716
BDX,2003Q3,2003,Q3,0,0,1,0,1176.882,591.446,585.436,371.149,316.01,305.121,220.297,211.62,161.36,55.139,216.499,5572.253,2896.954,5558.189,2898.082,0.0468517659374516,0.2685146004442246,0.5025533570910252,0.1871869907093489,0.1371080533137562,60.042,60.034,59.845,55.598,53.037,56.314,55.237,51.505,53.105,54.497,52.727,52.662,0.0515218784779756,0.0529381212848565,0.0569059228943524,0.0516377942810014,0.053118802956553,0.0555929044365534,0.058455192148546,0.0517287786966416,0.0562976391141642,0.0566980760087351,0.0609971101943735,0.0572476513700432,0.0930535380591663,0.2280434716429726,0.1159590104700285,-0.0082556926508147,0.1195539704554959,0.146430820310264,0.2304632989115267,0.0708483399578931,0.1196816803197369,0.0986265281354528,-0.0926846006919903,0.0243612424583077,0.0209554899310175,0.0488331819005634,0.1234980070816067,0.1577858113094541,Healthcare,35.0,3.0,34,7.071473189414918,1165.369,1076.692,8.625734183991105,7.971760249738777,8.623207513296189,7.972149414137355
BDX,2003Q4,2003,Q4,0,0,0,1,1185.12,550.865,634.255,382.385,324.097,258.796,168.48,158.641,125.402,58.288,183.69,5608.919,3045.015,5572.253,2896.954,0.0491832050762792,0.2734718847036587,0.4648179087349804,0.1421628189550425,0.1058137572566491,55.139,60.042,60.034,59.845,55.598,53.037,56.314,55.237,51.505,53.105,54.497,52.727,0.0468517659374516,0.0515218784779756,0.0529381212848565,0.0569059228943524,0.0516377942810014,0.053118802956553,0.0555929044365534,0.058455192148546,0.0517287786966416,0.0562976391141642,0.0566980760087351,0.0609971101943735,0.1269169912366115,0.1035217092873861,0.0981960052550892,-0.0260172111287493,0.0798284264637159,0.0691508601816184,0.064461800662936,0.1531091431698479,0.1404597773953924,0.1115002935824618,-0.1357102639809697,0.0120175543221863,-0.025486336797536,-0.0512603248546317,-0.0207604305651232,0.058835736066358,Healthcare,35.0,4.0,35,7.078442754877724,1176.882,1051.648,8.632291559909833,8.021589457934118,8.625734183991105,7.971760249738777
BDX,2004Q1,2004,Q1,1,0,0,0,1253.633,624.117,629.516,394.518,334.363,320.712,229.599,218.52,165.16,60.155,225.315,5714.972,3160.453,5608.919,3045.015,0.0479845377395138,0.2667152188878244,0.4978466584718174,0.1831469018444791,0.131745096052832,58.288,55.139,60.042,60.034,59.845,55.598,53.037,56.314,55.237,51.505,53.105,54.497,0.0491832050762792,0.0468517659374516,0.0515218784779756,0.0529381212848565,0.0569059228943524,0.0516377942810014,0.053118802956553,0.0555929044365534,0.058455192148546,0.0517287786966416,0.0562976391141642,0.0566980760087351,0.1054565046590028,0.1627710504083357,0.1232944513537297,0.0020155245360962,0.1339351061234446,0.1667742312520008,0.1730664963147072,0.088322142081642,0.1190269011171427,0.0994504392027466,-0.0935730892051828,0.0122758303026366,0.0161362718655579,0.0554682398941717,0.0518469478516596,0.1150123222185932,Healthcare,35.0,1.0,36,7.134598378520928,1185.12,1134.041,8.65101964050732,8.058787011027258,8.632291559909833,8.021589457934118
BDX,2004Q2,2004,Q2,0,1,0,0,1242.714,627.101,615.613,491.236,332.738,221.434,135.865,131.137,109.396,58.498,167.894,5718.494,3078.328,5714.972,3160.453,0.047072777807283,0.2677510674217881,0.5046221415386002,0.1093292583812526,0.0880299087320171,60.155,58.288,55.139,60.042,60.034,59.845,55.598,53.037,56.314,55.237,51.505,53.105,0.0479845377395138,0.0491832050762792,0.0468517659374516,0.0515218784779756,0.0529381212848565,0.0569059228943524,0.0516377942810014,0.053118802956553,0.0555929044365534,0.058455192148546,0.0517287786966416,0.0562976391141642,0.0663695361726628,-0.1586088080111984,0.1549204209347641,-0.025715332600513,-0.167434935292481,-0.2212478147479436,-0.1943466588028579,-0.0108839034234324,0.0786546721776479,0.3330077038508399,-0.0863536191250178,0.0115205241600186,0.0830395859580923,-0.2697163986444156,-0.2109759671036154,-0.1166263285278332,Healthcare,35.0,2.0,37,7.125857343330278,1253.633,1165.369,8.651635618922429,8.032466670344323,8.65101964050732,8.058787011027258
BDX,2004Q3,2004,Q3,0,0,1,0,1206.936,609.719,597.217,356.809,305.167,336.41,252.91,243.394,67.444,51.642,119.086,5752.579,3067.863,5718.494,3078.328,0.0427876871681679,0.2528443927432772,0.5051792307131447,0.2095471508016995,0.0558803449395825,58.498,60.155,58.288,55.139,60.042,60.034,59.845,55.598,53.037,56.314,55.237,51.505,0.047072777807283,0.0479845377395138,0.0491832050762792,0.0468517659374516,0.0515218784779756,0.0529381212848565,0.0569059228943524,0.0516377942810014,0.053118802956553,0.0555929044365534,0.058455192148546,0.0517287786966416,0.0255369697216882,-0.5820277640059495,0.0308954663654839,-0.0634215346669326,0.102546202981768,0.1480410536684566,0.1501464889896986,0.0201234635382858,-0.0343122053099586,-0.0386367739102084,-0.0867433422831774,-0.0583588664267157,0.0052250643341018,0.1194536009560083,-0.59243572066692,-0.4499466510237923,Healthcare,35.0,3.0,38,7.096668396958813,1242.714,1176.882,8.65757737494182,8.029062413675478,8.651635618922429,8.032466670344323
BDX,2004Q4,2004,Q4,0,0,0,1,1288.369,653.868,634.501,403.171,341.088,345.383,250.697,238.714,195.351,62.083,257.434,5973.425,3342.212,5752.579,3067.863,0.0481872817492504,0.2647440290786258,0.507516092051268,0.1945847812233917,0.1516265914501202,51.642,58.498,60.155,58.288,55.139,60.042,60.034,59.845,55.598,53.037,56.314,55.237,0.0427876871681679,0.047072777807283,0.0479845377395138,0.0491832050762792,0.0468517659374516,0.0515218784779756,0.0529381212848565,0.0569059228943524,0.0516377942810014,0.053118802956553,0.0555929044365534,0.058455192148546,0.0871211354124477,0.5577981212420855,0.1869841068138291,0.065107740872907,0.3345762685667475,0.4879926400759735,0.5047434143758549,0.000387856619183,0.0524256626874053,0.0543588268368266,-0.0202492563362675,-0.0319150015530502,0.0918600219868728,0.3687459397166786,0.4329572579334184,0.4014589798029286,Healthcare,35.0,4.0,39,7.161908230397335,1206.936,1185.12,8.69524313785927,8.114687300502712,8.65757737494182,8.029062413675478
BDX,2005Q1,2005,Q1,1,0,0,0,1365.53,687.512,678.018,432.327,366.339,353.541,255.185,248.387,188.15,65.988,254.138,6003.464,3417.331,5973.425,3342.212,0.0483240939415465,0.2682760539863643,0.5034763059032024,0.1868761579752916,0.1377853287734433,62.083,51.642,58.498,60.155,58.288,55.139,60.042,60.034,59.845,55.598,53.037,56.314,0.0481872817492504,0.0427876871681679,0.047072777807283,0.0479845377395138,0.0491832050762792,0.0468517659374516,0.0515218784779756,0.0529381212848565,0.0569059228943524,0.0516377942810014,0.053118802956553,0.0555929044365534,0.0892581800255736,0.1391983531121337,0.1015755058746996,0.0969661707256255,0.1023628676195465,0.1114377675860958,0.1366785648910855,0.0770464928611822,0.0956325909266275,0.0958359314403907,0.0070763670554863,0.0058520661289911,0.0113079948124299,0.0203621032802356,0.045847875189138,0.1279231298404457,Healthcare,35.0,1.0,40,7.2200299590239565,1288.369,1253.633,8.700258471579392,8.136907699244281,8.69524313785927,8.114687300502712
BDX,2005Q2,2005,Q2,0,1,0,0,1381.306,694.542,686.764,432.922,365.919,356.806,261.62,257.075,189.668,67.003,256.671,6010.178,3294.039,6003.464,3417.331,0.0485069926576732,0.2649079928705152,0.5028154514640493,0.1894004659358606,0.1373106321119288,65.988,62.083,51.642,58.498,60.155,58.288,55.139,60.042,60.034,59.845,55.598,53.037,0.0483240939415465,0.0481872817492504,0.0427876871681679,0.047072777807283,0.0479845377395138,0.0491832050762792,0.0468517659374516,0.0515218784779756,0.0529381212848565,0.0569059228943524,0.0516377942810014,0.053118802956553,0.1115236490455569,0.7337745438590078,0.1075440798212727,0.145389585968751,0.6113424316049025,0.9255878997534316,0.9603544384879934,0.1155774813072496,0.0997211018879717,-0.1187087265591283,0.0304680309341813,-0.0106183500168616,-0.0035802829995574,0.7323859023664459,0.5598179538040104,0.5287681513335794,Healthcare,35.0,2.0,41,7.231508398052658,1365.53,1242.714,8.701376014978033,8.100173282981888,8.700258471579392,8.136907699244281
BDX,2005Q3,2005,Q3,0,0,1,0,1379.476,716.73,662.746,454.062,376.51,361.936,262.668,260.678,149.094,76.552,225.646,6071.969,3283.952,6010.178,3294.039,0.0554935352264193,0.2729369702698705,0.5195668500213124,0.1904114315870664,0.1080801695716344,67.003,65.988,62.083,51.642,58.498,60.155,58.288,55.139,60.042,60.034,59.845,55.598,0.0485069926576732,0.0483240939415465,0.0481872817492504,0.0427876871681679,0.047072777807283,0.0479845377395138,0.0491832050762792,0.0468517659374516,0.0515218784779756,0.0529381212848565,0.0569059228943524,0.0516377942810014,0.1429570416326966,1.210634007472866,0.1755087179504,0.4823593199333875,0.0758776492969885,0.038582895101024,0.0710124325168244,0.1097239361906978,0.2337834693790614,0.2725631920719489,0.2969510365987686,0.0794661780259218,0.0284802272806368,-0.0913193958563618,0.9341356909748856,0.894815511479099,Healthcare,35.0,3.0,42,7.230183646213655,1381.306,1206.936,8.711602891323375,8.09710731893981,8.701376014978033,8.100173282981888
BDX,2005Q4,2005,Q4,0,0,0,1,1393.845,727.899,665.946,417.386,349.027,409.674,310.513,307.261,217.86,68.359,286.219,6230.756,3405.4,6071.969,3283.952,0.0490434732699833,0.2504058916163562,0.5222237766753118,0.2227744117889722,0.156301453891932,76.552,67.003,65.988,62.083,51.642,58.498,60.155,58.288,55.139,60.042,60.034,59.845,0.0554935352264193,0.0485069926576732,0.0483240939415465,0.0481872817492504,0.0427876871681679,0.047072777807283,0.0479845377395138,0.0491832050762792,0.0468517659374516,0.0515218784779756,0.0529381212848565,0.0569059228943524,0.0818678499715532,0.1152233671698634,0.1132200994696175,0.1010904756535604,0.1861440777339937,0.2385987865830063,0.2871511515872551,0.049558629537227,0.0232755183413078,0.0352579922663089,0.0177679978959655,-0.0541584923073426,0.0289797404543343,0.1448706850985304,0.0308314154997648,0.1118150671628457,Healthcare,35.0,4.0,43,7.240538576971058,1379.476,1288.369,8.737413434024146,8.133411294139215,8.711602891323375,8.09710731893981
BDX,2006Q1,2006,Q1,1,0,0,0,1424.209,725.443,698.766,474.037,346.322,349.275,251.406,248.141,154.068,127.715,281.783,6122.778,3508.875,6230.756,3405.4,0.0896743385275616,0.2431679620055764,0.5093655495787486,0.1765232490456105,0.1081779429844917,68.359,76.552,67.003,65.988,62.083,51.642,58.498,60.155,58.288,55.139,60.042,60.034,0.0490434732699833,0.0554935352264193,0.0485069926576732,0.0483240939415465,0.0481872817492504,0.0427876871681679,0.047072777807283,0.0479845377395138,0.0491832050762792,0.0468517659374516,0.0515218784779756,0.0529381212848565,0.042971593447233,-0.1811427052883337,0.0551714006446433,0.93542765351276,-0.0120664929951548,-0.014808864157376,-0.0009903899962558,0.0306009574967034,-0.0546406470509555,0.0964778975173883,0.8556858745459963,-0.0935905072692923,0.0116971615277532,-0.0553998382771221,-0.2148805395502896,0.1087794820137091,Healthcare,35.0,1.0,44,7.262073748614913,1393.845,1365.53,8.719934505304037,8.163335703290157,8.737413434024146,8.133411294139215
BDX,2006Q2,2006,Q2,0,1,0,0,1457.347,737.832,719.515,451.264,374.565,385.745,286.568,280.904,206.373,76.699,283.072,6211.193,3556.473,6122.778,3508.875,0.0526291953803726,0.2570184039902645,0.5062843646708711,0.1966367653002339,0.1416086903119161,127.715,68.359,76.552,67.003,65.988,62.083,51.642,58.498,60.155,58.288,55.139,60.042,0.0896743385275616,0.0490434732699833,0.0554935352264193,0.0485069926576732,0.0483240939415465,0.0481872817492504,0.0427876871681679,0.047072777807283,0.0479845377395138,0.0491832050762792,0.0468517659374516,0.0515218784779756,0.0550500757978318,0.0880749520214267,0.0623288440439886,0.1447099383609689,0.0811056988951979,0.0953596819814999,0.0926927939317319,0.047688871286206,0.0236281800070508,0.042367909230762,0.0849816180481632,-0.0297823738527479,0.0068989789329692,0.0382063440478745,0.0313017144694498,0.1028593023754145,Healthcare,35.0,2.0,45,7.285058881508265,1424.209,1381.306,8.734269252684856,8.176805740335768,8.719934505304037,8.163335703290157
BDX,2006Q3,2006,Q3,0,0,1,0,1487.751,720.218,767.533,489.68,406.06,337.667,230.538,227.207,173.979,83.62,257.59900000000005,6824.525,3836.204,6211.193,3556.473,0.0562056419387384,0.2729354576135388,0.4840984815335362,0.1549573819812589,0.1169409397137021,76.699,127.715,68.359,76.552,67.003,65.988,62.083,51.642,58.498,60.155,58.288,55.139,0.0526291953803726,0.0896743385275616,0.0490434732699833,0.0554935352264193,0.0485069926576732,0.0483240939415465,0.0481872817492504,0.0427876871681679,0.047072777807283,0.0479845377395138,0.0491832050762792,0.0468517659374516,0.0784899483572021,0.1669081250754558,0.0048665466772703,0.0923293970111818,-0.0670532911896025,-0.1223217141029741,-0.1283997882445009,0.1581103469504154,0.0784839712092639,0.0784430320088445,0.012832246304252,-5.542145244175067e-06,-0.0682652645878414,-0.1861970644845234,0.0819833108810477,0.1416067645781447,Healthcare,35.0,3.0,46,7.305692792373734,1457.347,1379.476,8.828424540171655,8.252499255370019,8.734269252684856,8.176805740335768
BDX,2006Q4,2006,Q4,0,0,0,1,1501.526,792.593,708.933,578.763,384.084,314.911,213.83,214.708,142.879,194.679,337.558,6810.541,3931.0,6824.525,3836.204,0.09684486283538202,0.2557957704362095,0.5278583254635617,0.1424084564636243,0.0951558614369647,83.62,76.699,127.715,68.359,76.552,67.003,65.988,62.083,51.642,58.498,60.155,58.288,0.0562056419387384,0.0526291953803726,0.0896743385275616,0.0490434732699833,0.0554935352264193,0.0485069926576732,0.0483240939415465,0.0481872817492504,0.0427876871681679,0.047072777807283,0.0479845377395138,0.0491832050762792,0.0772546445264716,-0.3441705682548426,0.0888777151775177,1.847891279860736,-0.2313131904880465,-0.3113653856682328,-0.301219484412275,0.0645502788514382,0.1004420861423329,0.3866373093491395,1.6436565340709963,0.0215245687114706,0.0107895293931687,-0.3607503872638488,-0.3912029666547041,0.1793696435247136,Healthcare,35.0,4.0,47,7.314902970752154,1487.751,1393.845,8.82637365842018,8.276903481267057,8.828424540171655,8.252499255370019
BDX,2007Q1,2007,Q1,1,0,0,0,1575.922,811.382,764.54,493.318,406.631,428.011,318.064,321.336,242.533,86.687,329.22,6951.822,4129.488,6810.541,3931.0,0.0550071640601501,0.2580273642984868,0.514861776153896,0.2018272477952589,0.1538991142962659,194.679,83.62,76.699,127.715,68.359,76.552,67.003,65.988,62.083,51.642,58.498,60.155,0.09684486283538202,0.0562056419387384,0.0526291953803726,0.0896743385275616,0.0490434732699833,0.0554935352264193,0.0485069926576732,0.0483240939415465,0.0481872817492504,0.0427876871681679,0.047072777807283,0.0479845377395138,0.1065243935405548,0.574194511514396,0.11846416603372,-0.3212465254668598,0.2254269558370911,0.2651408478715704,0.2949734223687339,0.0941287927575182,0.1741414059747863,0.0406740402120509,-0.3865896870458252,0.0611075660229025,0.0107903382545067,0.1433465500236188,0.4226478157227367,0.1683458547889686,Healthcare,35.0,1.0,48,7.363230124737901,1501.526,1424.209,8.846902899311088,8.326150838781054,8.82637365842018,8.276903481267057
BDX,2007Q2,2007,Q2,0,1,0,0,1631.159,840.088,791.071,512.551,412.164,447.468,327.537,329.651,244.809,92.993,337.802,7122.845,4227.895,6951.822,4129.488,0.0570103834144923,0.252681682165871,0.5150252060038292,0.2008001672430461,0.1500828551968263,86.687,194.679,83.62,76.699,127.715,68.359,76.552,67.003,65.988,62.083,51.642,58.498,0.0550071640601501,0.09684486283538202,0.0562056419387384,0.0526291953803726,0.0896743385275616,0.0490434732699833,0.0554935352264193,0.0485069926576732,0.0483240939415465,0.0481872817492504,0.0427876871681679,0.047072777807283,0.1192660361602282,0.1862452937157477,0.1385898144835138,0.2124408401674076,0.160009851067415,0.1429643226040591,0.1735361547005383,0.0994503241767024,0.1003804413119218,0.1358118529286627,0.0832463426897383,-0.0168731956819627,0.0172646874817876,0.021173059557074,0.0598421245634321,0.1933430364006332,Healthcare,35.0,2.0,49,7.39765895724899,1575.922,1457.347,8.871202886733215,8.349696008599583,8.846902899311088,8.326150838781054
BDX,2007Q3,2007,Q3,0,0,1,0,1651.101,843.724,807.377,499.955,399.525,461.545,343.769,338.25,259.812,100.43,360.242,7329.365,4361.957,7122.845,4227.895,0.0608260790829876,0.2419749003846523,0.5110068978215142,0.2082059183538741,0.1573568182685371,92.993,86.687,194.679,83.62,76.699,127.715,68.359,76.552,67.003,65.988,62.083,51.642,0.0570103834144923,0.0550071640601501,0.09684486283538202,0.0562056419387384,0.0526291953803726,0.0896743385275616,0.0490434732699833,0.0554935352264193,0.0485069926576732,0.0483240939415465,0.0481872817492504,0.0427876871681679,0.1097965990276599,0.493352646009001,0.1714841895092875,0.201028462090409,0.3668643959877633,0.4911598087950792,0.4887305408724203,0.0519117744774491,-0.016093680736837,0.0209830909982029,0.0822059313775886,-0.1134354528341452,0.0555845913887955,0.3436334280547877,0.3456093191467615,0.398460397749991,Healthcare,35.0,3.0,50,7.409803090226599,1631.159,1487.751,8.899780589002477,8.3809053174711,8.871202886733215,8.349696008599583
BDX,2007Q4,2007,Q4,0,0,0,1,1705.767,875.921,829.846,513.245,421.718,477.888,362.676,366.572,271.548,91.527,363.075,7566.534,4524.276,7329.365,4361.957,0.0536573869702016,0.2472307179116491,0.5135056546409914,0.2126175497591406,0.1591940751579788,100.43,92.993,86.687,194.679,83.62,76.699,127.715,68.359,76.552,67.003,65.988,62.083,0.0608260790829876,0.0570103834144923,0.0550071640601501,0.09684486283538202,0.0562056419387384,0.0526291953803726,0.0896743385275616,0.0490434732699833,0.0554935352264193,0.0485069926576732,0.0483240939415465,0.0481872817492504,0.1360222866603708,0.900545216581863,0.1051334039033906,-0.5298568412617694,0.5175335253452562,0.6960950287611654,0.7073048046649404,0.1705563149126927,0.0979837743826872,-0.1132035047160928,-0.5861497047559365,-0.0334839489720818,-0.027190384484257,0.4930121078410108,0.6729823339725174,0.0755929351400352,Healthcare,35.0,4.0,51,7.442356216699935,1651.101,1501.526,8.931622533783038,8.417433848749077,8.899780589002477,8.3809053174711
BDX,2008Q1,2008,Q1,1,0,0,0,1746.925,893.118,853.807,511.557,415.523,498.408,381.561,382.296,276.185,96.034,372.219,7801.256,4859.176,7566.534,4524.276,0.0549731671365399,0.2378596677018189,0.5112514847517782,0.2184186499134192,0.1580978004207393,91.527,100.43,92.993,86.687,194.679,83.62,76.699,127.715,68.359,76.552,67.003,65.988,0.0536573869702016,0.0608260790829876,0.0570103834144923,0.0550071640601501,0.0968545810021644,0.0562056419387384,0.0526291953803726,0.0896743385275616,0.0490434732699833,0.0554935352264193,0.0485069926576732,0.0483240939415465,0.1085098120338443,0.1387522522708251,0.1007367676384245,0.1078247026659131,0.1644747448079604,0.1996359223300969,0.1897079692284711,0.1167590969733434,0.0218674916570553,0.0369720950786309,-0.0006180453799269,-0.0781610766420023,-0.0070121566007235,0.0822059573194562,0.0272820681501171,0.130608711499909,Healthcare,35.0,1.0,52,7.466184649116495,1705.767,1575.922,8.962168201627758,8.4888299302306,8.931622533783038,8.417433848749077
BDX,2008Q2,2008,Q2,0,1,0,0,1867.587,950.225,917.362,540.659,440.588,530.62,409.566,410.22,297.089,100.071,397.16,8129.206,5074.113,7801.256,4859.176,0.0535830459303903,0.235912972193531,0.5087982514335343,0.2193022333096128,0.1590763910864661,96.034,91.527,100.43,92.993,86.687,194.679,83.62,76.699,127.715,68.359,76.552,67.003,0.0549731671365399,0.0536573869702016,0.0608260790829876,0.0570103834144923,0.0550071640601501,0.09686429916894677,0.0562056419387384,0.0526291953803726,0.0896743385275616,0.0490434732699833,0.0554935352264193,0.0485069926576732,0.1449447907898615,0.2135542402444354,0.1311017417222959,0.0761132558364607,0.1858278133855382,0.2504419348043121,0.2444069637283066,0.1596455943903896,0.0689628400345494,0.0548394208576317,-0.0601177764265087,-0.0663629821861494,-0.0120905821651156,0.0921416865364062,0.0599238059393609,0.1757183201994065,Healthcare,35.0,2.0,53,7.532937809254488,1746.925,1631.159,9.003341540474231,8.532104069671956,8.962168201627758,8.4888299302306
BDX,2008Q3,2008,Q3,0,0,1,0,1835.631,944.086,891.545,545.822,437.217,522.573,398.264,394.519,282.175,108.605,390.78,7912.943,4935.568,8129.206,5074.113,0.059164941101997,0.2381834911264845,0.5143114275145713,0.2169629952860896,0.1537209820492245,100.071,96.034,91.527,100.43,92.993,86.687,194.679,83.62,76.699,127.715,68.359,76.552,0.0535830459303903,0.0549731671365399,0.0536573869702016,0.0608260790829876,0.0570103834144923,0.0550071640601501,0.09687401733572915,0.0562056419387384,0.0526291953803726,0.0896743385275616,0.0490434732699833,0.0554935352264193,0.1117617880432511,0.086073776422952,0.1189512210154031,0.0813999800856317,0.1322254601393147,0.1585221471395035,0.1663532889874353,0.1042486967055043,0.0943420311620049,0.0917422568031123,-0.0273096343876484,-0.0156686055129721,0.0064667027140821,0.0420596926420295,-0.0231056795588479,0.0847707929669501,Healthcare,35.0,3.0,54,7.5156881940525455,1867.587,1651.101,8.976381419493352,8.50442563189839,9.003341540474231,8.532104069671956
BDX,2008Q4,2008,Q4,0,0,0,1,1717.919,921.645,796.274,503.333,406.019,545.833,418.312,421.55,312.068,97.314,409.382,7660.693,4766.971,7912.943,4935.568,0.0566464425854769,0.2363435063003552,0.5364892058356651,0.2434992569498329,0.1816546647426333,108.605,100.071,96.034,91.527,100.43,92.993,86.687,194.679,83.62,76.699,127.715,68.359,0.059164941101997,0.0535830459303903,0.0549731671365399,0.0536573869702016,0.0608260790829876,0.0570103834144923,0.0550071640601501,0.09688373550251152,0.0562056419387384,0.0526291953803726,0.0896743385275616,0.0490434732699833,0.0071240679412838,0.1492185543623962,0.052201054661322,0.0632272444196793,0.1421776650595956,0.1534041403346238,0.1499787217790775,-0.0404556990092137,-0.0372262981423605,-0.0193124141491879,0.0557063208638028,-0.0440366460254528,0.044758126783905,0.1452453347603526,0.1410893562613147,0.1275411416374026,Healthcare,35.0,4.0,55,7.4494508838538,1835.631,1705.767,8.943988256590458,8.469676126511924,8.976381419493352,8.50442563189839
BDX,2009Q1,2009,Q1,1,0,0,0,1724.967,895.617,829.35,534.947,436.359,476.615,360.67,351.786,261.289,98.588,359.87699999999995,7575.83,4804.023,7660.693,4766.971,0.0571535571405134,0.2529665784910667,0.5192081935480505,0.2090880579164702,0.1514747818364061,97.314,108.605,100.071,96.034,91.527,100.43,92.993,86.687,194.679,83.62,76.699,127.715,0.0566464425854769,0.059164941101997,0.0535830459303903,0.0549731671365399,0.0536573869702016,0.0608260790829876,0.0570103834144923,0.0550071640601501,0.0968934536692939,0.0562056419387384,0.0526291953803726,0.0896743385275616,-0.0125695150049371,-0.0539348625015841,0.0027980625180545,0.0265947476935251,-0.0437252211039951,-0.0547514027901173,-0.0798072697595579,-0.0286446468581307,0.0501440353482236,0.0457231549954355,0.0396628049200427,0.0635118636766358,0.0155631993912652,-0.0427188429222853,-0.0418919084687301,-0.033157898978827,Healthcare,35.0,1.0,56,7.453542752109495,1717.919,1746.925,8.932850185359232,8.477417108073478,8.943988256590458,8.469676126511924
BDX,2009Q2,2009,Q2,0,1,0,0,1820.255,960.192,860.063,528.429,429.94,558.736,431.763,428.995,341.027,98.489,439.516,8848.987,5211.896,7575.83,4804.023,0.0541072542033945,0.2361976756003966,0.5275041134346561,0.2371991836308648,0.1873512227682384,98.588,97.314,108.605,100.071,96.034,91.527,100.43,92.993,86.687,194.679,83.62,76.699,0.0571535571405134,0.0566464425854769,0.059164941101997,0.0535830459303903,0.0549731671365399,0.0536573869702016,0.0608260790829876,0.0570103834144923,0.0550071640601501,0.09690317183607627,0.0562056419387384,0.0526291953803726,-0.0253439331072661,0.1478950752131516,0.0104890946881002,-0.0158087757692038,0.0529870717274132,0.0541963932552995,0.0457681244210423,-0.0624606207800192,-0.0241677031603221,-0.0226205427080655,0.0097830995588639,0.001206815395603,0.0367647922303548,0.081608609502781,0.1777437336154022,0.1066471950851042,Healthcare,35.0,2.0,57,7.507281102872839,1724.967,1867.587,9.088171269074342,8.55889083444441,8.932850185359232,8.477417108073478
BDX,2009Q3,2009,Q3,0,0,1,0,1897.733,985.822,911.911,546.214,432.477,568.661,439.608,436.932,317.22,113.737,430.957,9304.624,5142.712,8848.987,5211.896,0.0599330885851697,0.2278913840882779,0.5194734981159099,0.2316490254424621,0.1671573398365313,98.489,98.588,97.314,108.605,100.071,96.034,91.527,100.43,92.993,86.687,194.679,83.62,0.0541072542033945,0.0571535571405134,0.0566464425854769,0.059164941101997,0.0535830459303903,0.0549731671365399,0.0536573869702016,0.0608260790829876,0.0570103834144923,0.0550071640601501,0.09691289000285865,0.0562056419387384,0.0338314181880781,0.1241959776734296,0.0442078369979006,0.0472538096772707,0.088194376670819,0.1038105377337645,0.1075055954212598,0.0228434907940708,-0.010841298485649,0.0007181828508195,0.0129831530103015,-0.0432108329151204,0.0100368576803446,0.0676891012543747,0.087407441770078,0.1028123240698088,Healthcare,35.0,3.0,58,7.548942100611179,1820.255,1835.631,9.138374227547924,8.545530276791773,9.088171269074342,8.55889083444441
BDX,2009Q4,2009,Q4,0,0,0,1,1868.818,974.494,894.324,544.824,445.673,559.856,429.67,423.118,316.376,99.151,415.527,9094.276,5260.159,9304.624,5142.712,0.0530554607243723,0.2384785463324946,0.521449386724657,0.22991537966779,0.1692920337882019,113.737,98.489,98.588,97.314,108.605,100.071,96.034,91.527,100.43,92.993,86.687,194.679,0.0599330885851697,0.0541072542033945,0.0571535571405134,0.0566464425854769,0.059164941101997,0.0535830459303903,0.0549731671365399,0.0536573869702016,0.0608260790829876,0.0570103834144923,0.0550071640601501,0.09692260816964103,0.0878382508139208,0.013804683594601,0.0573420351653837,0.0188770372197217,0.0256910080555774,0.0271519822524815,0.0037196062151583,0.1231360059477013,0.0976653801915674,0.0824325049221885,-0.063392892778501,0.0090336310295155,-0.0280337776555656,-0.055786113897019,-0.0680556757072363,0.0150104303560001,Healthcare,35.0,4.0,59,7.533596378908921,1897.733,1717.919,9.115510436835926,8.568106623665301,9.138374227547924,8.545530276791773
BDX,2010Q1,2010,Q1,1,0,0,0,1799.409,934.917,864.492,521.269,421.076,548.725,413.648,410.551,297.631,100.193,397.824,8943.392,5149.634,9094.276,5260.159,0.055681059725721,0.2340079437192989,0.5195689251304179,0.2298799216853978,0.1654048634857333,99.151,113.737,98.489,98.588,97.314,108.605,100.071,96.034,91.527,100.43,92.993,86.687,0.0530554607243723,0.0599330885851697,0.0541072542033945,0.0571535571405134,0.0566464425854769,0.059164941101997,0.0535830459303903,0.0549731671365399,0.0536573869702016,0.0608260790829876,0.0570103834144923,0.0550071640601501,0.0431556081942436,0.1390873706891602,0.0438803640395393,0.0162798717896701,0.1512961195094573,0.1468877367122301,0.167047580062879,0.0423729426659431,-0.0350239137957506,-0.025568888132843,-0.0257638804733043,-0.074945215628306,0.00069477251486,0.0994407044386713,0.0919630415072774,0.1054443601563868,Healthcare,35.0,1.0,60,7.495769140295419,1868.818,1724.967,9.098782022699208,8.546875092876878,9.115510436835926,8.568106623665301
BDX,2010Q2,2010,Q2,0,1,0,0,1830.911,947.477,883.434,524.515,416.468,556.015,422.962,413.373,306.908,108.047,414.955,9031.673,5153.877,8943.392,5149.634,0.0590126991426672,0.2274649068141488,0.5174893809693644,0.2310117750125483,0.1676258430912261,100.193,99.151,113.737,98.489,98.588,97.314,108.605,100.071,96.034,91.527,100.43,92.993,0.055681059725721,0.0530554607243723,0.0599330885851697,0.0541072542033945,0.0571535571405134,0.0566464425854769,0.059164941101997,0.0535830459303903,0.0549731671365399,0.0536573869702016,0.0608260790829876,0.0570103834144923,0.0058541248341579,-0.1000477968020127,-0.013242143238019,0.0970463706606827,-0.0048699206781019,-0.0203838680016582,-0.0364153428361636,0.0271735907718388,-0.0313346048285806,-0.007406860713549,0.0906615020757215,-0.0369722892659709,-0.0189851267700725,-0.0260852863134026,-0.1052855667849761,-0.0558819246625832,Healthcare,35.0,2.0,61,7.513114963267965,1799.409,1820.255,9.108603615896778,8.547698535836622,9.098782022699208,8.546875092876878
BDX,2010Q3,2010,Q3,0,0,1,0,1732.476,901.552,830.924,541.37,420.398,495.224,360.182,363.838,396.695,120.972,517.667,9650.694,5434.58,9031.673,5153.877,0.0698260755127343,0.2426573297407871,0.5203835435526957,0.2079001382991741,0.2289757549310928,108.047,100.193,99.151,113.737,98.489,98.588,97.314,108.605,100.071,96.034,91.527,100.43,0.0590126991426672,0.055681059725721,0.0530554607243723,0.0599330885851697,0.0541072542033945,0.0571535571405134,0.0566464425854769,0.059164941101997,0.0535830459303903,0.0549731671365399,0.0536573869702016,0.0608260790829876,-0.0870812701259871,0.2505359056806,-0.0854819632753174,0.0636116655090253,-0.1291402083139162,-0.1806746010081709,-0.1672891891644465,-0.0888102018727704,-0.0279298089840615,-0.0088683190104977,0.1650671967873949,0.0647937863538945,0.00175186114419,-0.1025209888015992,0.3698217209906294,0.2012033683174887,Healthcare,35.0,3.0,62,7.4578839202066245,1830.911,1897.733,9.17488872296843,8.600721509592962,9.108603615896778,8.547698535836622
BDX,2010Q4,2010,Q4,0,0,0,1,1842.005,976.574,865.431,563.496,447.954,546.896,413.078,408.151,315.937,115.542,431.479,10071.27,4877.933,9650.694,5434.58,0.0627262140982244,0.2431882649612786,0.5301690277713687,0.2242545487118655,0.1715179926221698,120.972,108.047,100.193,99.151,113.737,98.489,98.588,97.314,108.605,100.071,96.034,91.527,0.0698260755127343,0.0590126991426672,0.055681059725721,0.0530554607243723,0.0599330885851697,0.0541072542033945,0.0571535571405134,0.0566464425854769,0.059164941101997,0.0535830459303903,0.0549731671365399,0.0536573869702016,-0.0143475715666265,-0.001387589450527,0.0021344410535106,0.1653135117144557,-0.0231488096939214,-0.0386156818023134,-0.0353731110470364,-0.032307083338924,0.0051181022857567,0.034271617990397,0.182276305620878,0.0197490243932361,0.0167219317324001,-0.0246213670616725,0.0131486330700756,0.0383898037913301,Healthcare,35.0,4.0,63,7.5191526706341305,1732.476,1868.818,9.217541382354556,8.49268182739935,9.17488872296843,8.600721509592962
BDX,2011Q1,2011,Q1,1,0,0,0,1922.023,1001.434,920.589,561.094,441.942,574.587,440.34,428.461,312.019,119.152,431.171,10344.223,5099.061,10071.27,4877.933,0.0619930146517497,0.229935854045451,0.5210312259530713,0.2291023572558705,0.1623388481823578,115.542,120.972,108.047,100.193,99.151,113.737,98.489,98.588,97.314,108.605,100.071,96.034,0.0627262140982244,0.0698260755127343,0.0590126991426672,0.055681059725721,0.0530554607243723,0.0599330885851697,0.0541072542033945,0.0571535571405134,0.0566464425854769,0.059164941101997,0.0535830459303903,0.0549731671365399,0.068141261936558,0.048341738595778,0.0711474922372787,0.1892247961434432,0.0471310765866326,0.0645282945886356,0.0436243000260625,0.064890132008162,0.0495539997530136,0.0764000928503325,0.1133591019481439,-0.0174015018854765,0.0028144501180211,-0.0033824808353268,-0.0185364277613272,0.0838234998391249,Healthcare,35.0,1.0,64,7.561653705995673,1842.005,1799.409,9.244280146254704,8.5370077794252,9.217541382354556,8.49268182739935
BDX,2011Q2,2011,Q2,0,1,0,0,1951.889,1029.237,922.652,582.046,467.968,576.746,447.191,435.17,343.058,114.078,457.136,10620.819,5298.4,10344.223,5099.061,0.0584449218167631,0.239751338318931,0.5273030382362932,0.2291067781005989,0.1757569206035794,119.152,115.542,120.972,108.047,100.193,99.151,113.737,98.489,98.588,97.314,108.605,100.071,0.0619930146517497,0.0627262140982244,0.0698260755127343,0.0590126991426672,0.055681059725721,0.0530554607243723,0.0599330885851697,0.0541072542033945,0.0571535571405134,0.0566464425854769,0.059164941101997,0.0535830459303903,0.066075303496456,0.1177877409516858,0.0862923321621529,0.055818301294807,0.037284965333669,0.0572841059007664,0.0527296170770708,0.0443926767591014,0.1236589605924105,0.1096841844370515,-0.0096212736267399,0.0540146243957575,0.0189639780598895,-0.008246319530015,0.0485073027070659,0.1016519863599665,Healthcare,35.0,2.0,65,7.577065093623992,1922.023,1830.911,9.270665560731718,8.575348885584585,9.244280146254704,8.5370077794252
BDX,2011Q3,2011,Q3,0,0,1,0,2050.795,1051.443,999.352,613.286,487.231,573.223,438.157,419.01,299.979,126.055,426.034,10430.428,4828.175,10620.819,5298.4,0.0614664069299954,0.2375815232629297,0.5127001967529665,0.2136522665600413,0.1462744935500622,114.078,119.152,115.542,120.972,108.047,100.193,99.151,113.737,98.489,98.588,97.314,108.605,0.0584449218167631,0.0619930146517497,0.0627262140982244,0.0698260755127343,0.0590126991426672,0.055681059725721,0.0530554607243723,0.0599330885851697,0.0541072542033945,0.0571535571405134,0.0566464425854769,0.059164941101997,0.1837364558008307,-0.2438044341370574,0.1662588514029139,0.042017987633502,0.1575024635316542,0.2164877756245453,0.1516389162209555,0.2026996452142433,0.1589755422242731,0.1328407558601325,-0.1197213006939557,-0.0209175897685824,-0.0147647766631403,0.0276677461974061,-0.3611791187495741,-0.1770114764897126,Healthcare,35.0,3.0,66,7.626470298765956,1951.889,1732.476,9.2525784513748,8.482430924603948,9.270665560731718,8.575348885584585
BDX,2011Q4,2011,Q4,0,0,0,1,1831.72,931.255,900.465,594.498,482.271,484.746,336.757,322.442,262.985,112.227,375.212,11413.363,4727.554,10430.428,4828.175,0.0612686436791649,0.2632886030616033,0.5084046688358482,0.18384742209508,0.1435727076190684,126.055,114.078,119.152,115.542,120.972,108.047,100.193,99.151,113.737,98.489,98.588,97.314,0.0614664069299954,0.0584449218167631,0.0619930146517497,0.0627262140982244,0.0698260755127343,0.0590126991426672,0.055681059725721,0.0530554607243723,0.0599330885851697,0.0541072542033945,0.0571535571405134,0.0566464425854769,-0.0055835896210922,-0.1676030347822509,-0.0464061095216542,-0.0286908656592407,-0.1136413504578566,-0.1847617157050242,-0.209993360300477,0.0404815635215285,0.0766083124606544,0.0550172494569616,-0.0232370220331982,0.0826534047747951,-0.0410517359473253,-0.1801842007169397,-0.1629291748106041,-0.1304049559770002,Healthcare,35.0,4.0,67,7.513556481125093,2050.795,1842.005,9.342627753639835,8.461374726502445,9.2525784513748,8.482430924603948
BDX,2012Q1,2012,Q1,1,0,0,0,1928.961,987.777,941.184,604.447,487.694,532.458,383.33,369.525,291.033,116.753,407.786,11195.392,4476.288,11413.363,4727.554,0.0605263662666067,0.2528272992559207,0.5120772270667991,0.1987235615442717,0.1508755231443248,112.227,126.055,114.078,119.152,115.542,120.972,108.047,100.193,99.151,113.737,98.489,98.588,0.0612686436791649,0.0614664069299954,0.0584449218167631,0.0619930146517497,0.0627262140982244,0.0698260755127343,0.0590126991426672,0.055681059725721,0.0530554607243723,0.0599330885851697,0.0541072542033945,0.0571535571405134,0.0036097382809674,-0.0672587246289488,-0.0136374439054395,-0.02013394655566,-0.0733204893253763,-0.1294681382568016,-0.1375527760986414,0.0223715469118139,0.1035248969321767,0.0772651284811456,-0.0236582846209693,0.0995557883110507,-0.017185148298729,-0.1325992280283284,-0.0706135664160686,-0.0542360223669958,Healthcare,35.0,1.0,68,7.565255074440876,1831.72,1922.023,9.323346862526886,8.40677278496356,9.342627753639835,8.461374726502445
BDX,2012Q2,2012,Q2,0,1,0,0,1980.53,1033.135,947.395,584.117,469.13,576.23,449.018,418.541,326.866,114.987,441.853,11024.864,4234.504,11195.392,4476.288,0.0580587014587004,0.2368709385871458,0.5216457210948584,0.2267160810490121,0.1650396611008164,116.753,112.227,126.055,114.078,119.152,115.542,120.972,108.047,100.193,99.151,113.737,98.489,0.0605263662666067,0.0612686436791649,0.0614664069299954,0.0584449218167631,0.0619930146517497,0.0627262140982244,0.0698260755127343,0.0590126991426672,0.055681059725721,0.0530554607243723,0.0599330885851697,0.0541072542033945,0.0146734778463324,-0.0471990159098462,0.0037872715419284,0.0079682322621363,-0.0008946746054588,0.0040855026152135,-0.0382126525265988,0.0268172615460648,0.0024830757658642,0.0035581380165827,-0.0066082791465369,-0.0120141132557664,-0.0107287778207332,-0.0104348595506724,-0.0609777382646331,-0.0334320639809597,Healthcare,35.0,2.0,69,7.5916245525613,1928.961,1951.889,9.307999064591426,8.351257608269696,9.323346862526886,8.40677278496356
BDX,2012Q3,2012,Q3,0,0,1,0,1967.171,1000.827,966.344,612.047,484.26,524.569,388.78,361.899,289.043,127.787,416.83,11360.909,4136.0,11024.864,4234.504,0.0649597823473404,0.2461707701059033,0.5087646168025047,0.1976340643492609,0.1469333372645286,114.987,116.753,112.227,126.055,114.078,119.152,115.542,120.972,108.047,100.193,99.151,113.737,0.0580587014587004,0.0605263662666067,0.0612686436791649,0.0614664069299954,0.0584449218167631,0.0619930146517497,0.0627262140982244,0.0698260755127343,0.0590126991426672,0.055681059725721,0.0530554607243723,0.0599330885851697,-0.0407763818421637,-0.0364558852453004,-0.0481395567805387,0.0137400341120939,-0.0848779619798926,-0.1126924823750391,-0.1362998496455931,-0.0330294030531783,-0.006097723667008,-0.0020202646073771,0.0568338966246002,0.0361528401914823,-0.0076761818610302,-0.07497323790983,0.004504159942559,-0.0216039095471252,Healthcare,35.0,3.0,70,7.584859964081363,1980.53,2050.795,9.33802172393168,8.327726166461412,9.307999064591426,8.351257608269696
BDX,2012Q4,2012,Q4,0,0,0,1,1900.0,1006.0,894.0,614.0,496.0,530.0,392.0,366.0,625.0,118.0,743.0,11629.437,4469.469,11360.909,4136.0,0.0621052631578947,0.2610526315789473,0.5294736842105263,0.2063157894736842,0.3289473684210526,127.787,114.987,116.753,112.227,126.055,114.078,119.152,115.542,120.972,108.047,100.193,99.151,0.0649597823473404,0.0580587014587004,0.0605263662666067,0.0612686436791649,0.0614664069299954,0.0584449218167631,0.0619930146517497,0.0627262140982244,0.0698260755127343,0.0590126991426672,0.055681059725721,0.0530554607243723,0.0372764396305111,1.3765614008403522,0.0802626563078856,0.0514403842212658,0.0933561081473597,0.1640441030179031,0.1350878607625556,-0.0071796238610052,0.0284673969614595,0.0328041473646671,0.0136549371504091,-0.0084924734935555,0.0414414277959369,0.1222120338841858,1.2911552890248892,0.9802138524354232,Healthcare,35.0,4.0,71,7.550135342488429,1967.171,1831.72,9.361380820043236,8.405248603803942,9.33802172393168,8.327726166461412
BDX,2013Q1,2013,Q1,1,0,0,0,2000.0,1018.0,982.0,637.0,515.0,531.0,381.0,360.0,276.0,122.0,398.0,11629.923,4588.782,11629.437,4469.469,0.061,0.2575,0.509,0.1905,0.138,118.0,127.787,114.987,116.753,112.227,126.055,114.078,119.152,115.542,120.972,108.047,100.193,0.0621052631578947,0.0649597823473404,0.0580587014587004,0.0605263662666067,0.0612686436791649,0.0614664069299954,0.0584449218167631,0.0619930146517497,0.0627262140982244,0.0698260755127343,0.0590126991426672,0.055681059725721,0.0368275978622687,-0.0516539361515705,0.0305969869717557,0.0449410293525647,-0.0027382441432,-0.006078313724467,-0.0257763344834583,0.0433666530667755,0.0559900265330308,0.0538558384771534,0.0078252464604764,0.018481788785591,-0.0060093027069874,-0.0413819150601308,-0.0853387141664346,-0.0239978812416316,Healthcare,35.0,1.0,72,7.601402334583733,1900.0,1928.961,9.361422606078108,8.431587807373312,9.361380820043236,8.405248603803942
BDX,2013Q2,2013,Q2,0,1,0,0,2053.0,1060.0,993.0,655.0,534.0,553.0,405.0,379.0,302.0,121.0,423.0,11587.047,4716.52,11629.923,4588.782,0.0589381393083292,0.2601071602532879,0.5163175840233805,0.1972722844617633,0.1471018022406234,122.0,118.0,127.787,114.987,116.753,112.227,126.055,114.078,119.152,115.542,120.972,108.047,0.061,0.0621052631578947,0.0649597823473404,0.0580587014587004,0.0605263662666067,0.0612686436791649,0.0614664069299954,0.0584449218167631,0.0619930146517497,0.0627262140982244,0.0698260755127343,0.0590126991426672,0.0365912154827243,-0.0760739875055832,0.026003378067726,0.0522928678894136,-0.0403137636013397,-0.0980317047423487,-0.094473420764035,0.0481372605935221,0.1382772365868736,0.1213506883038844,0.0151473909600683,0.098096549136581,-0.0102140913957752,-0.129870790157508,-0.1086881707133137,-0.0426680366547244,Healthcare,35.0,2.0,73,7.627544390488503,2000.0,1980.53,9.357729414800932,8.45903851676737,9.361422606078108,8.431587807373312
BDX,2013Q3,2013,Q3,0,0,1,0,2100.768,1086.761,1014.007,1010.538,877.192,235.755,76.223,59.77,90.377,132.346,222.723,12149.0,5042.0,11587.047,4716.52,0.0629988651769257,0.4175577693491142,0.5173160482261725,0.0362833973099361,0.0430209332967752,121.0,122.0,118.0,127.787,114.987,116.753,112.227,126.055,114.078,119.152,115.542,120.972,0.0589381393083292,0.061,0.0621052631578947,0.0649597823473404,0.0580587014587004,0.0605263662666067,0.0612686436791649,0.0614664069299954,0.0584449218167631,0.0619930146517497,0.0627262140982244,0.0698260755127343,0.0679132622430891,-0.6873233394339251,0.0858629913061896,0.0356765555181668,-0.5505738997157666,-0.8039431040691394,-0.8348434231650267,0.0493230154065218,0.8114070953619956,0.6510790837958522,-0.0301866339380512,0.6962118173879039,0.0168082275009846,-0.8164112172190328,-0.7072078120751906,-0.4656742556917689,Healthcare,35.0,3.0,74,7.650534174270395,2053.0,1967.171,9.405084448768694,8.525756422076725,9.357729414800932,8.45903851676737
BDX,2013Q4,2013,Q4,0,0,0,1,2015.0,1035.0,980.0,657.0,531.0,535.0,378.0,359.0,271.0,126.0,397.0,12035.0,5079.0,12149.0,5042.0,0.062531017369727,0.2635235732009925,0.5136476426799007,0.1875930521091811,0.1344913151364764,132.346,121.0,122.0,118.0,127.787,114.987,116.753,112.227,126.055,114.078,119.152,115.542,0.0629988651769257,0.0589381393083292,0.061,0.0621052631578947,0.0649597823473404,0.0580587014587004,0.0605263662666067,0.0612686436791649,0.0614664069299954,0.0584449218167631,0.0619930146517497,0.0627262140982244,0.0605263157894737,-0.5664,0.0288270377733599,0.0677966101694915,0.009433962264151,-0.0357142857142857,-0.0191256830601093,0.0961968680089484,0.0705645161290322,0.0700325732899023,0.0068553644278084,0.0094653005683182,-0.0298901380797104,-0.0907479617157035,-0.5911464019851118,-0.4656796769851952,Healthcare,35.0,4.0,75,7.60887062919126,2100.768,1900.0,9.395657437749936,8.533066540572527,9.405084448768694,8.525756422076725
BDX,2014Q1,2014,Q1,1,0,0,0,2072.0,1053.0,1019.0,672.0,525.0,526.0,381.0,363.0,287.0,147.0,434.0,12250.0,5315.0,12035.0,5079.0,0.0709459459459459,0.2533783783783784,0.5082046332046332,0.1838803088803088,0.1385135135135135,126.0,132.346,121.0,122.0,118.0,127.787,114.987,116.753,112.227,126.055,114.078,119.152,0.062531017369727,0.0629988651769257,0.0589381393083292,0.061,0.0621052631578947,0.0649597823473404,0.0580587014587004,0.0605263662666067,0.0612686436791649,0.0614664069299954,0.0584449218167631,0.0619930146517497,0.036,0.039855072463768,0.0343811394891944,0.2049180327868851,-0.0094161958568738,0.0,0.0083333333333333,0.0376782077393076,0.0194174757281553,0.0549450549450549,0.1630482941958351,-0.0160062975596955,-0.0015626066706617,-0.0347490347490347,0.0037211124167644,0.0904522613065326,Healthcare,35.0,1.0,76,7.636752112435779,2015.0,2000.0,9.41336284529417,8.578476419833136,9.395657437749936,8.533066540572527
BDX,2014Q2,2014,Q2,0,1,0,0,2157.0,1111.0,1046.0,666.0,528.0,597.0,445.0,423.0,326.0,137.0,463.0,12374.0,5378.0,12250.0,5315.0,0.0635141400092721,0.2447844228094575,0.5150672229949004,0.206305053314789,0.1511358368103847,147.0,126.0,132.346,121.0,122.0,118.0,127.787,114.987,116.753,112.227,126.055,114.078,0.0709459459459459,0.062531017369727,0.0629988651769257,0.0589381393083292,0.061,0.0621052631578947,0.0649597823473404,0.0580587014587004,0.0605263662666067,0.0612686436791649,0.0614664069299954,0.0584449218167631,0.0506575742815391,0.0794701986754966,0.0481132075471697,0.1322314049586777,0.0795660036166365,0.0987654320987654,0.1160949868073879,0.05337361530715,-0.0112359550561798,0.016793893129771,0.0776407391655842,-0.058909325790606,-0.0024216898032731,0.045788331988301,0.0274234204361589,0.094562647754137,Healthcare,35.0,2.0,77,7.67693714581808,2072.0,2053.0,9.423433587436891,8.590257762273243,9.41336284529417,8.578476419833136
BDX,2014Q3,2014,Q3,0,0,1,0,2202.0,1102.0,1100.0,700.0,561.0,562.0,402.0,377.0,301.0,140.0,441.0,12447.0,5053.0,12374.0,5378.0,0.0635785649409627,0.2547683923705722,0.5004541326067211,0.1825613079019073,0.1366939146230699,137.0,147.0,126.0,132.346,121.0,122.0,118.0,127.787,114.987,116.753,112.227,126.055,0.0635141400092721,0.0709459459459459,0.062531017369727,0.0629988651769257,0.0589381393083292,0.061,0.0621052631578947,0.0649597823473404,0.0580587014587004,0.0605263662666067,0.0612686436791649,0.0614664069299954,0.0481880912123566,2.330493377739912,0.0140224023497346,0.0578332552551643,1.383830671671863,4.273998661821235,5.307512129831019,0.0848051344813201,-0.3604592837143977,-0.3072996760141627,0.009201749307848,-0.38986073048598,-0.0325949981201419,4.031538429063066,2.177381431502234,0.9800379844021496,Healthcare,35.0,3.0,78,7.697575346802343,2157.0,2100.768,9.429315246418172,8.52793528794814,9.423433587436891,8.590257762273243
BDX,2014Q4,2014,Q4,0,0,0,1,2051.0,1045.0,1006.0,696.0,544.0,500.0,349.0,285.0,236.0,129.0,365.0,18503.0,5069.0,12447.0,5053.0,0.0628961482203803,0.265236470014627,0.5095075572891272,0.1701608971233544,0.1150658215504631,140.0,137.0,147.0,126.0,132.346,121.0,122.0,118.0,127.787,114.987,116.753,112.227,0.0635785649409627,0.0635141400092721,0.0709459459459459,0.062531017369727,0.0629988651769257,0.0589381393083292,0.061,0.0621052631578947,0.0649597823473404,0.0580587014587004,0.0605263662666067,0.0612686436791649,0.0178660049627792,-0.1291512915129151,0.0096618357487923,0.0238095238095237,-0.0654205607476635,-0.0767195767195767,-0.2061281337047353,0.026530612244898,0.0244821092278719,0.0593607305936072,0.0058391957465577,0.0064999756675583,-0.008060166243873,-0.0929253764456105,-0.1444367881026445,-0.0806045340050377,Healthcare,35.0,4.0,79,7.62657020629066,2202.0,2015.0,9.825742203911275,8.531096096585228,9.429315246418172,8.52793528794814
BDX,2015Q1,2015,Q1,1,0,0,0,2051.0,1046.0,1005.0,753.0,511.0,454.0,293.0,225.0,216.0,129.0,345.0,28293.0,7159.0,18503.0,5069.0,0.0628961482203803,0.2491467576791808,0.5099951243295954,0.1428571428571428,0.1053144807411019,129.0,140.0,137.0,147.0,126.0,132.346,121.0,122.0,118.0,127.787,114.987,116.753,0.0628961482203803,0.0635785649409627,0.0635141400092721,0.0709459459459459,0.062531017369727,0.0629988651769257,0.0589381393083292,0.061,0.0621052631578947,0.0649597823473404,0.0580587014587004,0.0605263662666067,-0.010135135135135,-0.2473867595818815,-0.00664767331434,-0.1224489795918367,-0.1368821292775665,-0.2309711286089238,-0.3801652892561983,-0.0137389597644749,-0.0266666666666666,0.1205357142857141,-0.1134638155603539,-0.0167007963594996,0.0035231696210082,-0.2230971128608924,-0.2396808219666789,-0.205069124423963,Healthcare,35.0,1.0,80,7.62657020629066,2051.0,2072.0,10.25040504701888,8.87626525995469,9.825742203911275,8.531096096585228
BDX,2015Q2,2015,Q2,0,1,0,0,3120.0,1174.0,1946.0,1037.0,751.0,443.0,137.0,39.0,62.0,178.0,240.0,27079.0,7253.0,28293.0,7159.0,0.057051282051282,0.2407051282051282,0.3762820512820513,0.0439102564102564,0.0198717948717948,129.0,129.0,140.0,137.0,147.0,126.0,132.346,121.0,122.0,118.0,127.787,114.987,0.0628961482203803,0.0628961482203803,0.0635785649409627,0.0635141400092721,0.0709459459459459,0.062531017369727,0.0629988651769257,0.0589381393083292,0.061,0.0621052631578947,0.0649597823473404,0.0580587014587004,0.4464534075104311,-0.8098159509202454,0.0567056705670567,0.2992700729927007,-0.2579564489112228,-0.6921348314606741,-0.9078014184397164,0.8604206500956022,0.4223484848484848,0.557057057057057,-0.1017546322290847,-0.0166648455710956,-0.2694505989060445,-0.7871585998271392,-0.8685169891458235,-0.4816414686825053,Healthcare,35.0,2.0,81,8.045908742270779,2051.0,2157.0,10.206550727026212,8.889308319842847,10.25040504701888,8.87626525995469
BDX,2015Q3,2015,Q3,0,0,1,0,3060.0,1416.0,1644.0,1121.0,743.0,604.0,295.0,190.0,181.0,195.0,376.0,26820.0,7165.0,27079.0,7253.0,0.0637254901960784,0.2428104575163398,0.4627450980392157,0.0964052287581699,0.0591503267973856,178.0,129.0,129.0,140.0,137.0,147.0,126.0,132.346,121.0,122.0,118.0,127.787,0.057051282051282,0.0628961482203803,0.0628961482203803,0.0635785649409627,0.0635141400092721,0.0709459459459459,0.062531017369727,0.0629988651769257,0.0589381393083292,0.061,0.0621052631578947,0.0649597823473404,0.3896457765667576,-0.3986710963455149,0.2849364791288566,0.3928571428571428,0.0747330960854093,-0.2661691542288557,-0.4960212201591512,0.4945454545454546,0.3244206773618538,0.6014285714285714,0.0023109243697478,-0.0469364929572542,-0.0753496316857049,-0.4719295678470393,-0.5672790046251058,-0.1473922902494331,Healthcare,35.0,3.0,82,8.026496938945412,3120.0,2202.0,10.196940441748334,8.8771028978649,10.206550727026212,8.889308319842847
BDX,2015Q4,2015,Q4,0,0,0,1,2986.0,1408.0,1578.0,1056.0,748.0,652.0,352.0,266.0,229.0,187.0,416.0,26046.0,7223.0,26820.0,7165.0,0.0626255860683188,0.2505023442732753,0.4715338245144005,0.1178834561286001,0.0766912257200267,195.0,178.0,129.0,129.0,140.0,137.0,147.0,126.0,132.346,121.0,122.0,118.0,0.0637254901960784,0.057051282051282,0.0628961482203803,0.0628961482203803,0.0635785649409627,0.0635141400092721,0.0709459459459459,0.062531017369727,0.0629988651769257,0.0589381393083292,0.061,0.0621052631578947,0.4558751828376401,-0.0296610169491525,0.3473684210526315,0.4496124031007751,0.304,0.0085959885386819,-0.0666666666666666,0.5685884691848906,0.375,0.5172413793103448,-0.0043017284796751,-0.055550904219692,-0.0745302640392004,-0.3072235859032698,-0.3335012544416316,0.1397260273972602,Healthcare,35.0,4.0,83,8.00202481821611,3060.0,2051.0,10.167657877401936,8.88516409509682,10.196940441748334,8.8771028978649
BDX,2016Q1,2016,Q1,1,0,0,0,3067.0,1483.0,1584.0,1017.0,732.0,755.0,466.0,376.0,338.0,182.0,520.0,26236.0,7666.0,26046.0,7223.0,0.0593413759373981,0.2386697098141506,0.4835343984349527,0.1519400065210303,0.1102054124551679,187.0,195.0,178.0,129.0,129.0,140.0,137.0,147.0,126.0,132.346,121.0,122.0,0.0626255860683188,0.0637254901960784,0.057051282051282,0.0628961482203803,0.0628961482203803,0.0635785649409627,0.0635141400092721,0.0709459459459459,0.062531017369727,0.0629988651769257,0.0589381393083292,0.061,0.4953681131155534,0.5648148148148149,0.4177820267686425,0.4108527131782946,0.6629955947136563,0.5904436860068258,0.6711111111111112,0.5761194029850747,0.4324853228962817,0.3505976095617529,-0.056518123661988,-0.0420517126637515,-0.0518842722848107,0.0635800456472122,0.0464412080812473,0.5072463768115942,Healthcare,35.0,1.0,84,8.028781162487148,2986.0,2051.0,10.174925907253643,8.944680683558895,10.167657877401936,8.88516409509682
BDX,2016Q2,2016,Q2,0,1,0,0,3198.0,1547.0,1651.0,1031.0,728.0,791.0,516.0,422.0,390.0,207.0,597.0,26016.0,8033.0,26236.0,7666.0,0.0647279549718574,0.2276422764227642,0.483739837398374,0.1613508442776735,0.1219512195121951,182.0,187.0,195.0,178.0,129.0,129.0,140.0,137.0,147.0,126.0,132.346,121.0,0.0593413759373981,0.0626255860683188,0.0637254901960784,0.057051282051282,0.0628961482203803,0.0628961482203803,0.0635785649409627,0.0635141400092721,0.0709459459459459,0.062531017369727,0.0629988651769257,0.0589381393083292,0.0249999999999999,5.290322580645161,0.317717206132879,0.1629213483146068,0.7855530474040633,2.7664233576642334,9.82051282051282,-0.1515930113052415,-0.0306258322237017,-0.0057859209257473,0.1345574129898601,-0.0542691046084895,0.2855777620808577,2.67455937333096,5.136900078678206,1.4874999999999998,Healthcare,35.0,2.0,85,8.070593539949519,3067.0,3120.0,10.166505449493199,8.991437814919227,10.174925907253643,8.944680683558895
BDX,2016Q3,2016,Q3,0,0,1,0,3231.0,1552.0,1679.0,1456.0,796.0,377.0,96.0,9.0,18.0,253.0,271.0,25586.0,7634.0,26016.0,8033.0,0.0783039306716187,0.2463633549984525,0.4803466419065305,0.0297121634168987,0.0055710306406685,207.0,182.0,187.0,195.0,178.0,129.0,129.0,140.0,137.0,147.0,126.0,132.346,0.0647279549718574,0.0593413759373981,0.0626255860683188,0.0637254901960784,0.057051282051282,0.0628961482203803,0.0628961482203803,0.0635785649409627,0.0635141400092721,0.0709459459459459,0.062531017369727,0.0629988651769257,0.0558823529411764,-0.9005524861878453,0.0960451977401128,0.2974358974358975,-0.3758278145695364,-0.6745762711864407,-0.9526315789473684,0.0212895377128954,0.0713324360699865,0.2988403211418375,0.2287693736161704,0.0146323907069509,0.0380372346285191,-0.6917992540484397,-0.9058157250804106,-0.2792553191489362,Healthcare,35.0,3.0,86,8.080856419640986,3198.0,3060.0,10.14983968898722,8.940498217652733,10.166505449493199,8.991437814919227
BDX,2016Q4,2016,Q4,0,0,0,1,2922.0,1452.0,1470.0,641.0,709.0,1049.0,811.0,692.0,562.0,182.0,744.0,24318.0,7583.0,25586.0,7634.0,0.0622861054072553,0.2426420260095824,0.4969199178644763,0.2775496235455167,0.1923340177960301,253.0,207.0,182.0,187.0,195.0,178.0,129.0,129.0,140.0,137.0,147.0,126.0,0.0783039306716187,0.0647279549718574,0.0593413759373981,0.0626255860683188,0.0637254901960784,0.057051282051282,0.0628961482203803,0.0628961482203803,0.0635785649409627,0.0635141400092721,0.0709459459459459,0.062531017369727,-0.0214333556597454,1.4541484716157207,0.03125,-0.0267379679144385,0.6088957055214723,1.303977272727273,1.6015037593984962,-0.0684410646387833,-0.052139037433155,-0.3929924242424242,-0.0054207981493884,-0.0313782223735116,0.0538372689938397,1.3544408406446395,1.507901210213738,0.7884615384615385,Healthcare,35.0,4.0,87,7.980365765111246,3231.0,2986.0,10.099013216813665,8.933796043934858,10.14983968898722,8.940498217652733
BDX,2017Q1,2017,Q1,1,0,0,0,2969.0,1432.0,1537.0,986.0,724.0,709.0,446.0,362.0,344.0,187.0,531.0,24121.0,7964.0,24318.0,7583.0,0.0629841697541259,0.2438531492084877,0.4823172785449646,0.1502189289323004,0.1158639272482317,182.0,253.0,207.0,182.0,187.0,195.0,178.0,129.0,129.0,140.0,137.0,147.0,0.0622861054072553,0.0783039306716187,0.0647279549718574,0.0593413759373981,0.0626255860683188,0.0637254901960784,0.057051282051282,0.0628961482203803,0.0628961482203803,0.0635785649409627,0.0635141400092721,0.0709459459459459,-0.0319530485816759,0.0177514792899409,-0.0343897505057316,0.0274725274725273,-0.0609271523178808,-0.0429184549356223,-0.0372340425531915,-0.0296717171717171,-0.0109289617486338,-0.0304818092428711,0.0613870804170566,0.0217180445661637,-0.0025171319639875,-0.0113273497095162,0.0513451623382448,0.021153846153846,Healthcare,35.0,1.0,88,7.996317231796746,2922.0,3067.0,10.090879566143188,8.98281222234415,10.099013216813665,8.933796043934858
BDX,2017Q2,2017,Q2,0,1,0,0,3035.0,1503.0,1532.0,1726.0,719.0,59.0,-223.0,-404.0,-132.0,186.0,54.0,37166.0,12586.0,24121.0,7964.0,0.0612850082372322,0.2369028006589786,0.4952224052718286,-0.0734761120263591,-0.043492586490939,187.0,182.0,253.0,207.0,182.0,187.0,195.0,178.0,129.0,129.0,140.0,137.0,0.0629841697541259,0.0622861054072553,0.0783039306716187,0.0647279549718574,0.0593413759373981,0.0626255860683188,0.0637254901960784,0.057051282051282,0.0628961482203803,0.0628961482203803,0.0635785649409627,0.0635141400092721,-0.0509693558474045,-1.3384615384615386,-0.0284421460892049,-0.1014492753623188,-0.9254108723135273,-1.4321705426356588,-1.957345971563981,-0.0720775287704421,-0.0123626373626373,0.6741028128031037,-0.0531910321610198,0.040680160037656,0.0237370730829398,-1.4553810198842956,-1.3566392092257002,-0.9095477386934674,Healthcare,35.0,2.0,89,8.01829613851552,2969.0,3198.0,10.523176549783848,9.440419814291506,10.090879566143188,8.98281222234415
BDX,2017Q3,2017,Q3,0,0,1,0,3166.0,1554.0,1612.0,1111.0,774.0,769.0,443.0,326.0,327.0,220.0,547.0,37734.0,12948.0,37166.0,12586.0,0.0694883133291219,0.244472520530638,0.490840176879343,0.1399241945672773,0.1032849020846494,186.0,187.0,182.0,253.0,207.0,182.0,187.0,195.0,178.0,129.0,129.0,140.0,0.0612850082372322,0.0629841697541259,0.0622861054072553,0.0783039306716187,0.0647279549718574,0.0593413759373981,0.0626255860683188,0.0637254901960784,0.057051282051282,0.0628961482203803,0.0628961482203803,0.0635785649409627,-0.0201176106468585,17.166666666666668,0.0012886597938144,-0.1304347826086956,1.0397877984084882,3.614583333333333,35.22222222222222,-0.0399047051816557,-0.0276381909547738,-0.2369505494505495,-0.112582053887775,-0.0076749826199855,0.0218457548306425,3.709323673404927,17.539639924194567,1.018450184501845,Healthcare,35.0,3.0,90,8.06054004653864,3035.0,3231.0,10.53834332471897,9.46877384406884,10.523176549783848,9.440419814291506
BDX,2017Q4,2017,Q4,0,0,0,1,3080.0,1553.0,1527.0,1318.0,773.0,554.0,235.0,105.0,-136.0,191.0,55.0,55363.0,21247.0,37734.0,12948.0,0.062012987012987,0.2509740259740259,0.5042207792207792,0.0762987012987013,-0.0441558441558441,220.0,186.0,187.0,182.0,253.0,207.0,182.0,187.0,195.0,178.0,129.0,129.0,0.0694883133291219,0.0612850082372322,0.0629841697541259,0.0622861054072553,0.0783039306716187,0.0647279549718574,0.0593413759373981,0.0626255860683188,0.0637254901960784,0.057051282051282,0.0628961482203803,0.0628961482203803,0.054072553045859,-1.2419928825622777,0.0695592286501376,0.0494505494505495,-0.4718779790276454,-0.7102342786683107,-0.8482658959537572,0.0387755102040816,0.0902679830747532,1.0561622464898597,-0.0043849008134723,0.0343386514754637,0.0146922292583451,-0.7250988838535077,-1.2295789619633035,-0.9260752688172044,Healthcare,35.0,4.0,91,8.033009498596668,3166.0,2922.0,10.921684842016592,9.96401805227616,10.53834332471897,9.46877384406884
BDX,2018Q1,2018,Q1,1,0,0,0,4222.0,1606.0,2616.0,1420.0,1056.0,744.0,186.0,6.0,-12.0,259.0,247.0,54573.0,21152.0,55363.0,21247.0,0.0613453339649455,0.2501184272856466,0.3803884414969209,0.04405495026054,-0.0028422548555187,191.0,220.0,186.0,187.0,182.0,253.0,207.0,182.0,187.0,195.0,178.0,129.0,0.062012987012987,0.0694883133291219,0.0612850082372322,0.0629841697541259,0.0622861054072553,0.0783039306716187,0.0647279549718574,0.0593413759373981,0.0626255860683188,0.0637254901960784,0.057051282051282,0.0628961482203803,0.4220276187268441,-1.0348837209302326,0.1215083798882681,0.3850267379679144,0.0493653032440055,-0.5829596412556054,-0.9834254143646408,0.7020169160702667,0.4585635359116022,0.4401622718052738,-0.0260198045886456,0.0256928323357523,-0.2113315064215376,-0.7067283692297235,-1.024530972866381,-0.5348399246704332,Healthcare,35.0,1.0,92,8.348301054933943,3080.0,2969.0,10.907312857842115,9.95953701838715,10.921684842016592,9.96401805227616
BDX,2018Q2,2018,Q2,0,1,0,0,4278.0,2016.0,2262.0,1504.0,1086.0,1397.0,512.0,647.0,594.0,277.0,871.0,53977.0,21358.0,54573.0,21152.0,0.0647498831229546,0.2538569424964937,0.4712482468443197,0.1196820944366526,0.1388499298737728,259.0,191.0,220.0,186.0,187.0,182.0,253.0,207.0,182.0,187.0,195.0,178.0,0.0613453339649455,0.062012987012987,0.0694883133291219,0.0612850082372322,0.0629841697541259,0.0622861054072553,0.0783039306716187,0.0647279549718574,0.0593413759373981,0.0626255860683188,0.0637254901960784,0.057051282051282,0.4095551894563427,-5.5,0.341317365269461,0.489247311827957,22.67796610169492,-3.295964125560538,-2.601485148514852,0.4765013054830287,0.5104311543810849,-0.1286210892236384,0.0565370713879966,0.0715658142932662,-0.0484108921007914,-2.628857204552649,-4.19249649368864,15.12962962962963,Healthcare,35.0,2.0,93,8.361474616416817,4222.0,3035.0,10.896331835126059,9.969228475498804,10.907312857842115,9.95953701838715
BDX,2018Q3,2018,Q3,0,0,1,0,4402.0,2091.0,2311.0,1520.0,1103.0,1161.0,571.0,414.0,-135.0,278.0,143.0,53904.0,20994.0,53977.0,21358.0,0.0631531122217174,0.2505679236710586,0.4750113584734212,0.1297137664697864,-0.0306678782371649,277.0,259.0,191.0,220.0,186.0,187.0,182.0,253.0,207.0,182.0,187.0,195.0,0.0647498831229546,0.0613453339649455,0.062012987012987,0.0694883133291219,0.0612850082372322,0.0629841697541259,0.0622861054072553,0.0783039306716187,0.0647279549718574,0.0593413759373981,0.0626255860683188,0.0637254901960784,0.3903979785217941,-1.4128440366972477,0.3455598455598456,0.2636363636363636,0.5097529258777633,0.2889390519187358,0.2699386503067484,0.433622828784119,0.4250645994832041,0.3681368136813681,-0.0911693032092849,0.0249328764115912,-0.0322484163919873,-0.0729711407599458,-1.2969250840943858,-0.7385740402193784,Healthcare,35.0,3.0,94,8.390041405755754,4278.0,3166.0,10.894978516973218,9.952039593118293,10.896331835126059,9.969228475498804
BDX,2018Q4,2018,Q4,0,0,0,1,4160.0,1973.0,2187.0,1085.0,1073.0,1460.0,888.0,714.0,599.0,258.0,857.0,52932.0,21403.0,53904.0,20994.0,0.0620192307692307,0.2579326923076923,0.4742788461538461,0.2134615384615384,0.1439903846153846,278.0,277.0,259.0,191.0,220.0,186.0,187.0,182.0,253.0,207.0,182.0,187.0,0.0631531122217174,0.0647498831229546,0.0613453339649455,0.062012987012987,0.0694883133291219,0.0612850082372322,0.0629841697541259,0.0622861054072553,0.0783039306716187,0.0647279549718574,0.0593413759373981,0.0626255860683188,0.3506493506493506,-5.404411764705882,0.2704443013522215,0.3507853403141361,1.6353790613718413,2.7787234042553197,5.8,0.4322200392927309,0.388098318240621,-0.176783004552352,0.0001006846556586,0.0277266394666138,-0.0593825845757591,1.797708674304419,-4.260958710407239,14.581818181818182,Healthcare,35.0,4.0,95,8.333510708982942,4402.0,3080.0,10.876782241878017,9.971333099431195,10.894978516973218,9.952039593118293
BDX,2019Q1,2019,Q1,1,0,0,0,4195.0,1974.0,2221.0,1838.0,1089.0,737.0,136.0,3.0,20.0,252.0,272.0,52598.0,21310.0,52932.0,21403.0,0.0600715137067938,0.2595947556615018,0.4705601907032181,0.0324195470798569,0.0047675804529201,258.0,278.0,277.0,259.0,191.0,220.0,186.0,187.0,182.0,253.0,207.0,182.0,0.0620192307692307,0.0631531122217174,0.0647498831229546,0.0613453339649455,0.062012987012987,0.0694883133291219,0.0612850082372322,0.0629841697541259,0.0622861054072553,0.0783039306716187,0.0647279549718574,0.0593413759373981,-0.006395073424917,-2.666666666666667,0.2291407222914072,-0.0270270270270269,-0.0094086021505376,-0.2688172043010752,-0.5,-0.1509938837920489,0.03125,0.2943661971830986,-0.0207647456753534,0.0378873659117999,0.2370517591214114,-0.2641111410152895,-2.6773937226857365,0.1012145748987853,Healthcare,35.0,1.0,96,8.341886969516187,4160.0,4222.0,10.870452387138238,9.966978650317326,10.876782241878017,9.971333099431195
BDX,2019Q2,2019,Q2,0,1,0,0,4350.0,2074.0,2276.0,1448.0,1076.0,1190.0,626.0,460.0,451.0,282.0,733.0,52233.0,21498.0,52598.0,21310.0,0.0648275862068965,0.2473563218390804,0.4767816091954023,0.1439080459770114,0.1036781609195402,252.0,258.0,278.0,277.0,259.0,191.0,220.0,186.0,187.0,182.0,253.0,207.0,0.0600715137067938,0.0620192307692307,0.0631531122217174,0.0647498831229546,0.0613453339649455,0.062012987012987,0.0694883133291219,0.0612850082372322,0.0629841697541259,0.0622861054072553,0.0783039306716187,0.0647279549718574,0.0168302945301543,-0.2407407407407407,0.0287698412698411,0.0180505415162455,-0.1481746599856835,0.22265625,-0.2890262751159196,0.0061892130857648,-0.009208103130755,-0.0372340425531915,0.0012000497945972,-0.0256074172858322,0.0117419266557197,0.2024191810344826,-0.2533077905491698,-0.1584385763490241,Healthcare,35.0,2.0,97,8.37816098272068,4195.0,4278.0,10.863488902836416,9.975761701406148,10.870452387138238,9.966978650317326
BDX,2019Q3,2019,Q3,0,0,1,0,4584.0,2266.0,2318.0,2155.0,1094.0,692.0,111.0,-2.0,162.0,270.0,432.0,51842.0,21082.0,52233.0,21498.0,0.0589005235602094,0.2386561954624781,0.4943280977312391,0.0242146596858638,0.0353403141361256,282.0,252.0,258.0,278.0,277.0,259.0,191.0,220.0,186.0,187.0,182.0,253.0,0.0648275862068965,0.0600715137067938,0.0620192307692307,0.0631531122217174,0.0647498831229546,0.0613453339649455,0.062012987012987,0.0694883133291219,0.0612850082372322,0.0629841697541259,0.0622861054072553,0.0783039306716187,0.0413448432530667,-2.2,0.0836920133907221,-0.0287769784172662,-0.4039621016365202,-0.8056042031523643,-1.0048309178743962,0.0030289917784509,-0.0081595648232094,0.4177631578947369,-0.0673377528343818,-0.0475389189249058,0.0406658470649996,-0.8133223608806082,-2.1523560209424084,2.020979020979021,Healthcare,35.0,3.0,98,8.430545384690566,4350.0,4402.0,10.855975199722101,9.956222307519994,10.863488902836416,9.975761701406148
BDX,2019Q4,2019,Q4,0,0,0,1,4225.0,1978.0,2247.0,1477.0,1121.0,1060.0,501.0,394.0,278.0,270.0,548.0,51952.0,21201.0,51842.0,21082.0,0.0639053254437869,0.2653254437869822,0.4681656804733727,0.1185798816568047,0.0657988165680473,270.0,282.0,252.0,258.0,278.0,277.0,259.0,191.0,220.0,186.0,187.0,182.0,0.0589005235602094,0.0648275862068965,0.0600715137067938,0.0620192307692307,0.0631531122217174,0.0647498831229546,0.0613453339649455,0.062012987012987,0.0694883133291219,0.0612850082372322,0.0629841697541259,0.0622861054072553,0.015625,-0.5358931552587647,0.0025342118601114,0.0465116279069768,-0.273972602739726,-0.4358108108108108,-0.4481792717086834,0.027434842249657,0.0447343895619758,0.3612903225806452,0.0304114490161,0.0286615527994837,-0.0128893913992748,-0.4444906444906444,-0.5430332605624759,-0.3605600933488915,Healthcare,35.0,4.0,99,8.349011198176003,4584.0,4160.0,10.858094742694488,9.961850795833042,10.855975199722101,9.956222307519994
BDX,2020Q1,2020,Q1,1,0,0,0,4253.0,1733.0,2520.0,1363.0,1025.0,871.0,370.0,200.0,183.0,264.0,447.0,53516.0,20951.0,51952.0,21201.0,0.0620738302374794,0.2410063484599106,0.4074770750058782,0.0869974135904067,0.0430284505055255,270.0,270.0,282.0,252.0,258.0,278.0,277.0,259.0,191.0,220.0,186.0,187.0,0.0639053254437869,0.0589005235602094,0.0648275862068965,0.0600715137067938,0.0620192307692307,0.0631531122217174,0.0647498831229546,0.0613453339649455,0.062012987012987,0.0694883133291219,0.0612850082372322,0.0629841697541259,0.0138259833134684,8.15,-0.1220871327254305,0.0476190476190476,0.1818181818181818,1.7205882352941178,65.66666666666667,0.134624043223773,-0.0587695133149678,-0.2584330794341676,0.0333322136755007,-0.0716054804505738,-0.1340596101065557,1.6834863971452676,8.025217493533976,0.6433823529411764,Healthcare,35.0,1.0,100,8.355614995760183,4225.0,4195.0,10.887754639419377,9.949989386187548,10.858094742694488,9.961850795833042
BDX,2020Q2,2020,Q2,0,1,0,0,3855.0,1660.0,2195.0,1302.0,980.0,917.0,358.0,248.0,286.0,262.0,548.0,53959.0,24022.0,53516.0,20951.0,0.0679636835278858,0.2542153047989623,0.430609597924773,0.0928664072632944,0.074189364461738,264.0,270.0,270.0,282.0,252.0,258.0,278.0,277.0,259.0,191.0,220.0,186.0,0.0620738302374794,0.0639053254437869,0.0589005235602094,0.0648275862068965,0.0600715137067938,0.0620192307692307,0.0631531122217174,0.0647498831229546,0.0613453339649455,0.062012987012987,0.0694883133291219,0.0612850082372322,-0.1137931034482758,-0.3658536585365853,-0.1996142719382835,-0.0709219858156028,-0.2294117647058823,-0.4281150159744409,-0.4608695652173913,-0.0355887521968365,-0.0892193308550185,-0.100828729281768,0.0483759693131329,0.0277291597355819,-0.0968410072455339,-0.354682313745478,-0.2844263072980924,-0.252387448840382,Healthcare,35.0,2.0,101,8.257385655730436,4253.0,4350.0,10.895998310321692,10.086766983755195,10.887754639419377,9.949989386187548
BDX,2020Q3,2020,Q3,0,0,1,0,4784.0,2206.0,2578.0,1951.0,1199.0,819.0,255.0,143.0,128.0,299.0,427.0,54012.0,23765.0,53959.0,24022.0,0.0625,0.2506270903010033,0.4611204013377926,0.0533026755852842,0.0267558528428093,262.0,264.0,270.0,270.0,282.0,252.0,258.0,278.0,277.0,259.0,191.0,220.0,0.0679636835278858,0.0620738302374794,0.0639053254437869,0.0589005235602094,0.0648275862068965,0.0600715137067938,0.0620192307692307,0.0631531122217174,0.0647498831229546,0.0613453339649455,0.062012987012987,0.0694883133291219,0.043630017452007,-0.2098765432098766,-0.0264783759929391,0.1074074074074074,0.1835260115606936,1.2972972972972974,-72.5,0.1121656600517688,0.0959780621572212,-0.0946635730858468,0.0611111111111111,0.0501595812978055,-0.0671774405417292,1.2012564403868748,-0.2429084602997647,-0.011574074074074,Healthcare,35.0,3.0,102,8.473241303887054,3855.0,4584.0,10.89698003731375,10.07601126684997,10.895998310321692,10.086766983755195
BDX,2020Q4,2020,Q4,0,0,0,1,5315.0,2732.0,2583.0,1491.0,1149.0,1830.0,1241.0,1157.0,1003.0,291.0,1294.0,54748.0,24663.0,54012.0,23765.0,0.0547507055503292,0.2161806208842897,0.5140169332079022,0.2334901222953904,0.1887111947318908,299.0,262.0,264.0,270.0,270.0,282.0,252.0,258.0,278.0,277.0,259.0,191.0,0.0625,0.0679636835278858,0.0620738302374794,0.0639053254437869,0.0589005235602094,0.0648275862068965,0.0600715137067938,0.0620192307692307,0.0631531122217174,0.0647498831229546,0.0613453339649455,0.062012987012987,0.2579881656804734,2.6079136690647484,0.3811931243680486,0.0777777777777777,0.7264150943396226,1.477045908183633,1.936548223350254,0.1495327102803738,0.0249776984834968,0.009478672985782,-0.1432528483328106,-0.1852246893522532,0.09793809039605,0.9690534265429628,1.868002869576399,1.3613138686131387,Healthcare,35.0,4.0,103,8.578476419833136,4784.0,4225.0,10.91051438267176,10.113099969565987,10.89698003731375,10.07601126684997
BDX,2021Q1,2021,Q1,1,0,0,0,4907.0,2246.0,2661.0,1812.0,1148.0,987.0,434.0,305.0,299.0,317.0,616.0,54921.0,24827.0,54748.0,24663.0,0.0646015895659262,0.2339514978601997,0.4577134705522722,0.0884450784593438,0.0609333605054004,291.0,299.0,262.0,264.0,270.0,270.0,282.0,252.0,258.0,278.0,277.0,259.0,0.0547507055503292,0.0625,0.0679636835278858,0.0620738302374794,0.0639053254437869,0.0589005235602094,0.0648275862068965,0.0600715137067938,0.0620192307692307,0.0631531122217174,0.0647498831229546,0.0613453339649455,0.153773806724665,0.6338797814207651,0.2960184650894402,0.2007575757575757,0.1331802525832377,0.1729729729729729,0.5249999999999999,0.0559523809523809,0.1200000000000001,0.3294203961848863,0.0407218197874401,-0.0292724679029956,0.1232864340789461,0.016640320777268,0.4161179356801536,0.3780760626398209,Healthcare,35.0,1.0,104,8.498621805830801,5315.0,4253.0,10.91366927582481,10.119727327533543,10.91051438267176,10.113099969565987
BDX,2021Q2,2021,Q2,0,1,0,0,4607.0,1958.0,2649.0,1466.0,1200.0,1028.0,492.0,378.0,525.0,330.0,855.0,54333.0,24136.0,54921.0,24827.0,0.0716301280659865,0.2604731929672237,0.4250054265248534,0.1067940091165617,0.1139570219231604,317.0,291.0,299.0,262.0,264.0,270.0,270.0,282.0,252.0,258.0,278.0,277.0,0.0646015895659262,0.0547507055503292,0.0625,0.0679636835278858,0.0620738302374794,0.0639053254437869,0.0589005235602094,0.0648275862068965,0.0600715137067938,0.0620192307692307,0.0631531122217174,0.0647498831229546,0.195071335927367,0.8356643356643356,0.1795180722891567,0.2595419847328244,0.1210468920392584,0.3743016759776536,0.5241935483870968,0.2068337129840547,0.2244897959183673,0.1259600614439324,0.053947113337321,0.0246164886618853,-0.0130145064739096,0.1499745953752669,0.5360290892090329,0.5602189781021898,Healthcare,35.0,2.0,105,8.435549202375727,4907.0,3855.0,10.902905460984165,10.0915012118666,10.91366927582481,10.119727327533543
BDX,2021Q3,2021,Q3,0,0,1,0,5135.0,2287.0,2848.0,1792.0,1332.0,969.0,495.0,266.0,265.0,387.0,652.0,53880.0,23677.0,54333.0,24136.0,0.075365141187926,0.259396299902629,0.4453748782862707,0.0963972736124634,0.0516066212268743,330.0,317.0,291.0,299.0,262.0,264.0,270.0,270.0,282.0,252.0,258.0,278.0,0.0716301280659865,0.0646015895659262,0.0547507055503292,0.0625,0.0679636835278858,0.0620738302374794,0.0639053254437869,0.0589005235602094,0.0648275862068965,0.0600715137067938,0.0620192307692307,0.0631531122217174,0.0733695652173913,1.0703125,0.0367180417044423,0.294314381270903,0.1831501831501831,0.9411764705882352,0.8601398601398602,0.1047323506594259,0.1109257714762301,-0.0814966683751922,0.205842259006816,0.0349890731727917,-0.0341462295006713,0.8084884586746091,0.9287974683544304,0.5269320843091334,Healthcare,35.0,3.0,106,8.544029845369797,4607.0,4784.0,10.894533190114505,10.072301625971582,10.902905460984165,10.0915012118666
BDX,2021Q4,2021,Q4,0,0,0,1,4718.0,2220.0,2498.0,1528.0,1185.0,1244.0,692.0,600.0,677.0,314.0,991.0,53363.0,24161.0,53880.0,23677.0,0.0665536244171259,0.2511657481983891,0.4705383637134379,0.1466723187791437,0.1434930055108096,387.0,330.0,317.0,291.0,299.0,262.0,264.0,270.0,270.0,282.0,252.0,258.0,0.075365141187926,0.0716301280659865,0.0646015895659262,0.0547507055503292,0.0625,0.0679636835278858,0.0620738302374794,0.0639053254437869,0.0589005235602094,0.0648275862068965,0.0600715137067938,0.0620192307692307,-0.1123236124176858,-0.325024925224327,-0.1874084919472913,0.0790378006872851,-0.3202185792349726,-0.4423851732473811,-0.4814174589455489,-0.0329074719318621,0.0313315926892949,0.0248155600268276,0.215575648718296,0.1618328561135233,-0.0845858700084472,-0.3718264509982684,-0.2396158282253706,-0.2341576506955177,Healthcare,35.0,4.0,107,8.459352191726387,5135.0,5315.0,10.884891640298697,10.092536430079509,10.894533190114505,10.072301625971582
BDX,2022Q1,2022,Q1,1,0,0,0,4750.0,2113.0,2637.0,1549.0,1192.0,1087.0,564.0,442.0,454.0,327.0,781.0,54786.0,24526.0,53363.0,24161.0,0.0688421052631579,0.2509473684210526,0.4448421052631578,0.1187368421052631,0.095578947368421,314.0,387.0,330.0,317.0,291.0,299.0,262.0,264.0,270.0,270.0,282.0,252.0,0.0665536244171259,0.075365141187926,0.0716301280659865,0.0646015895659262,0.0547507055503292,0.0625,0.0679636835278858,0.0620738302374794,0.0639053254437869,0.0589005235602094,0.0648275862068965,0.0600715137067938,-0.0319951090279192,0.5183946488294315,-0.0592163846838824,0.0315457413249211,0.1013171225937183,0.2995391705069123,0.4491803278688524,-0.0090191657271702,0.038327526132404,-0.1451434878587196,0.065641042669766,0.0726469833119383,-0.0281210104513286,0.3424923599320881,0.5685815877486358,0.2678571428571428,Healthcare,35.0,1.0,108,8.46611040118692,4718.0,4907.0,10.91120821851613,10.107529830547938,10.884891640298697,10.092536430079509
BDX,2022Q2,2022,Q2,0,1,0,0,4641.0,2067.0,2574.0,1530.0,1149.0,1074.0,537.0,421.0,360.0,315.0,675.0,53199.0,25494.0,54786.0,24526.0,0.0678733031674208,0.2475759534583064,0.4453781512605042,0.1157078215901745,0.0775694893341952,327.0,314.0,387.0,330.0,317.0,291.0,299.0,262.0,264.0,270.0,270.0,282.0,0.0688421052631579,0.0665536244171259,0.075365141187926,0.0716301280659865,0.0646015895659262,0.0547507055503292,0.0625,0.0679636835278858,0.0620738302374794,0.0639053254437869,0.0589005235602094,0.0648275862068965,0.0073800738007379,-0.3142857142857143,0.0556690500510725,-0.0454545454545454,0.0447470817120623,0.0914634146341464,0.1137566137566137,-0.0283125707814269,-0.0424999999999999,0.043656207366985,-0.0524475524475525,-0.0495146520146518,0.0479352108565593,0.0834673456624677,-0.3193092621664051,-0.2105263157894736,Healthcare,35.0,2.0,109,8.442900586834382,4750.0,4607.0,10.881813675329736,10.146237633489257,10.91120821851613,10.107529830547938
BDX,2022Q3,2022,Q3,0,0,1,0,4761.0,2077.0,2684.0,1588.0,1182.0,1005.0,489.0,320.0,288.0,300.0,588.0,52934.0,25282.0,53199.0,25494.0,0.0630119722747322,0.2482671707624448,0.4362528880487292,0.1027095148078134,0.0604914933837429,315.0,327.0,314.0,387.0,330.0,317.0,291.0,299.0,262.0,264.0,270.0,270.0,0.0678733031674208,0.0688421052631579,0.0665536244171259,0.075365141187926,0.0716301280659865,0.0646015895659262,0.0547507055503292,0.0625,0.0679636835278858,0.0620738302374794,0.0639053254437869,0.0589005235602094,-0.0728334956183057,0.0867924528301886,-0.0918233493659816,-0.2248062015503875,0.0371517027863776,-0.012121212121212,0.2030075187969924,-0.0575842696629212,-0.1126126126126125,-0.1138392857142857,-0.1639109105148584,-0.0429039625636978,-0.0204816002928619,0.0654815324002469,0.1721653529264899,-0.0981595092024539,Healthcare,35.0,3.0,110,8.468423027046809,4641.0,5135.0,10.87682002477748,10.137887512106037,10.881813675329736,10.146237633489257
BDX,2022Q4,2022,Q4,0,0,0,1,4586.0,2133.0,2453.0,1548.0,1187.0,1150.0,585.0,481.0,509.0,313.0,822.0,53129.0,25473.0,52934.0,25282.0,0.0682511993022241,0.2588312254688181,0.4651112080244221,0.1275621456607065,0.110989969472307,300.0,315.0,327.0,314.0,387.0,330.0,317.0,291.0,299.0,262.0,264.0,270.0,0.0630119722747322,0.0678733031674208,0.0688421052631579,0.0665536244171259,0.075365141187926,0.0716301280659865,0.0646015895659262,0.0547507055503292,0.0625,0.0679636835278858,0.0620738302374794,0.0639053254437869,-0.0279779567613395,-0.2481536189069424,-0.0391891891891892,-0.0031847133757961,-0.0755627009646302,-0.1546242774566474,-0.1983333333333333,-0.0180144115292233,0.0016877637130801,0.013089005235602,0.0255068735920178,0.0305195964235307,-0.0115339281715208,-0.1302916138335068,-0.2265130340172163,-0.1705348133198789,Healthcare,35.0,4.0,111,8.430981494597171,4761.0,4718.0,10.88049701944499,10.145413603149704,10.87682002477748,10.137887512106037
BDX,2023Q1,2023,Q1,1,0,0,0,4821.0,2235.0,2586.0,1607.0,1205.0,1210.0,628.0,529.0,460.0,337.0,797.0,54394.0,25691.0,53129.0,25473.0,0.0699025098527276,0.2499481435386849,0.4635967641568139,0.1302634308234806,0.0954158888197469,313.0,300.0,315.0,327.0,314.0,387.0,330.0,317.0,291.0,299.0,262.0,264.0,0.0682511993022241,0.0630119722747322,0.0678733031674208,0.0688421052631579,0.0665536244171259,0.075365141187926,0.0716301280659865,0.0646015895659262,0.0547507055503292,0.0625,0.0679636835278858,0.0620738302374794,0.0149473684210525,0.0132158590308371,0.0577378135352579,0.0305810397553516,0.1131554737810487,0.1134751773049644,0.1968325791855203,-0.0193401592718999,0.0109060402684564,0.037443511943189,0.0154034305824353,-0.0039818105631264,0.0421602601726769,0.097076766687115,-0.0017060090444979,0.0204865556978233,Healthcare,35.0,1.0,112,8.480944058741116,4586.0,4750.0,10.904027516855184,10.153934938377683,10.88049701944499,10.145413603149704
BDX,2023Q2,2023,Q2,0,1,0,0,4878.0,2100.0,2778.0,1551.0,1190.0,1161.0,549.0,471.0,407.0,306.0,713.0,53017.0,25938.0,54394.0,25691.0,0.062730627306273,0.2439524395243952,0.4305043050430504,0.1125461254612546,0.0834358343583435,337.0,313.0,300.0,315.0,327.0,314.0,387.0,330.0,317.0,291.0,299.0,262.0,0.0699025098527276,0.0682511993022241,0.0630119722747322,0.0678733031674208,0.0688421052631579,0.0665536244171259,0.075365141187926,0.0716301280659865,0.0646015895659262,0.0547507055503292,0.0625,0.0679636835278858,0.0510665804783452,0.1305555555555555,0.0159651669085632,-0.0285714285714285,0.0810055865921788,0.0223463687150837,0.1187648456057006,0.0792540792540792,0.0356832027850304,0.0137254901960783,-0.0757687576875768,-0.0146359688139963,-0.0333959943373018,-0.0273248263208889,0.0756269646029792,0.0562962962962962,Healthcare,35.0,2.0,113,8.492695559815838,4821.0,4641.0,10.878386757517054,10.163502906626189,10.904027516855184,10.153934938377683
BDX,2023Q3,2023,Q3,0,0,1,0,5087.0,1701.0,3386.0,1352.0,1138.0,881.0,349.0,181.0,108.0,281.0,389.0,52780.0,25797.0,53017.0,25938.0,0.0552388441124434,0.2237074896795753,0.3343817574208767,0.0686062512286219,0.021230587772754,306.0,337.0,313.0,300.0,315.0,327.0,314.0,387.0,330.0,317.0,291.0,299.0,0.062730627306273,0.0699025098527276,0.0682511993022241,0.0630119722747322,0.0678733031674208,0.0688421052631579,0.0665536244171259,0.075365141187926,0.0716301280659865,0.0646015895659262,0.0547507055503292,0.0625,0.0684730098718757,-0.625,-0.1810303322099181,-0.0633333333333333,-0.1233830845771144,-0.2862985685071575,-0.4343749999999999,0.2615499254843516,-0.0372250423011844,-0.1486146095717884,-0.1233595439355219,-0.098924400706888,-0.2335139397781443,-0.3320360693262387,-0.6490318458816591,-0.3384353741496598,Healthcare,35.0,3.0,114,8.534640105019959,4878.0,4761.0,10.873906556448501,10.158052248525081,10.878386757517054,10.163502906626189
BDX,2023Q4,2023,Q4,0,0,0,1,4706.0,2027.0,2679.0,1588.0,1213.0,1031.0,439.0,359.0,281.0,290.0,571.0,52274.0,25333.0,52780.0,25797.0,0.0616234594135146,0.2577560560985975,0.4307267318317042,0.0932851678708032,0.0597110072248193,281.0,306.0,337.0,313.0,300.0,315.0,327.0,314.0,387.0,330.0,317.0,291.0,0.0552388441124434,0.062730627306273,0.0699025098527276,0.0682511993022241,0.0630119722747322,0.0678733031674208,0.0688421052631579,0.0665536244171259,0.075365141187926,0.0716301280659865,0.0646015895659262,0.0547507055503292,0.0261665939816833,-0.4479371316306483,-0.0496952648851383,-0.0734824281150159,-0.1034782608695652,-0.2495726495726495,-0.2536382536382536,0.0921320831634733,0.0219039595619208,0.0258397932816536,-0.0971080355578969,-0.0041539399594201,-0.0739274298264436,-0.2687080686230708,-0.4620143828427865,-0.305352798053528,Healthcare,35.0,4.0,115,8.456806041401142,5087.0,4586.0,10.864273524296834,10.139902646043577,10.873906556448501,10.158052248525081
BDX,2024Q1,2024,Q1,1,0,0,0,5045.0,2304.0,2741.0,1570.0,1193.0,1329.0,734.0,633.0,537.0,299.0,836.0,54157.0,25648.0,52274.0,25333.0,0.0592666005946481,0.2364717542120911,0.4566897918731417,0.1454905847373637,0.1064420218037661,290.0,281.0,306.0,337.0,313.0,300.0,315.0,327.0,314.0,387.0,330.0,317.0,0.0616234594135146,0.0552388441124434,0.062730627306273,0.0699025098527276,0.0682511993022241,0.0630119722747322,0.0678733031674208,0.0688421052631579,0.0665536244171259,0.075365141187926,0.0716301280659865,0.0646015895659262,0.0464633893383115,0.1673913043478261,0.0308724832214766,-0.1127596439169139,0.0983471074380164,0.1687898089171975,0.1965973534971645,0.059938128383604,-0.0099585062240663,-0.0230242688238954,-0.1521534674575703,-0.0539167410319572,-0.0148986637045117,0.1168950780554627,0.1155586676433835,0.0489335006273525,Healthcare,35.0,1.0,116,8.526351129201004,4706.0,4821.0,10.899660979282453,10.152259863484153,10.864273524296834,10.139902646043577
BDX,2024Q2,2024,Q2,0,1,0,0,4990.0,2307.0,2683.0,1705.0,1196.0,1205.0,602.0,500.0,487.0,299.0,786.0,55582.0,25869.0,54157.0,25648.0,0.0599198396793587,0.2396793587174348,0.4623246492985972,0.1206412825651302,0.0975951903807615,299.0,290.0,281.0,306.0,337.0,313.0,300.0,315.0,327.0,314.0,387.0,330.0,0.0592666005946481,0.0616234594135146,0.0552388441124434,0.062730627306273,0.0699025098527276,0.0682511993022241,0.0630119722747322,0.0678733031674208,0.0688421052631579,0.0665536244171259,0.075365141187926,0.0716301280659865,0.0229602296022959,0.1965601965601966,0.0985714285714285,-0.022875816993464,0.0378983634797587,0.0965391621129325,0.0615711252653927,-0.0341972642188624,0.0050420168067226,0.0992907801418438,-0.0448072615819874,-0.0175160404843299,0.0739141139421699,0.0719274614803378,0.1697035348337954,0.1023842917251052,Healthcare,35.0,2.0,117,8.515391569469609,5045.0,4878.0,10.92563267809028,10.160839275180075,10.899660979282453,10.152259863484153
BDX,2024Q3,2024,Q3,0,0,1,0,5437.0,2515.0,2922.0,1695.0,1256.0,1141.0,820.0,542.0,421.0,302.0,723.0,57286.0,25889.0,55582.0,25869.0,0.055545337502299,0.2310097480228067,0.462571270921464,0.1508184660658451,0.0774324075777082,299.0,299.0,290.0,281.0,306.0,337.0,313.0,300.0,315.0,327.0,314.0,387.0,0.0599198396793587,0.0592666005946481,0.0616234594135146,0.0552388441124434,0.062730627306273,0.0699025098527276,0.0682511993022241,0.0630119722747322,0.0678733031674208,0.0688421052631579,0.0665536244171259,0.075365141187926,0.0688028307450363,2.8981481481481484,0.4785420340975896,0.0747330960854093,0.2951191827468786,1.349570200573066,1.994475138121547,-0.1370348493797991,0.1036906854130053,0.2536982248520709,0.0055485120078127,0.0326419931388555,0.3833627602454366,1.1983195899053132,2.6472097902574268,0.8586118251928021,Healthcare,35.0,3.0,118,8.601166625192416,4990.0,5087.0,10.955829000871807,10.161612072745584,10.92563267809028,10.160839275180075
BDX,2024Q4,2024,Q4,0,0,0,1,5168.0,2235.0,2933.0,1782.0,1318.0,1068.0,453.0,306.0,303.0,343.0,646.0,54665.0,25204.0,57286.0,25889.0,0.0663699690402476,0.255030959752322,0.432469040247678,0.0876547987616099,0.0586300309597523,302.0,299.0,299.0,290.0,281.0,306.0,337.0,313.0,300.0,315.0,327.0,314.0,0.055545337502299,0.0599198396793587,0.0592666005946481,0.0616234594135146,0.0552388441124434,0.062730627306273,0.0699025098527276,0.0682511993022241,0.0630119722747322,0.0678733031674208,0.0688421052631579,0.0665536244171259,0.0981725456863578,0.0782918149466191,0.1026147015293537,0.1827586206896552,0.0358874878758486,0.031890660592255,-0.1476323119777158,0.0948114968271742,0.0865622423742786,0.1221662468513853,0.0770243941496744,-0.010572385330233,0.0040450436139973,-0.0603565308151794,-0.018103467271906,0.1313485113835377,Healthcare,35.0,4.0,119,8.550434525196039,5437.0,4706.0,10.908997222941913,10.13479766651673,10.955829000871807,10.161612072745584
BDX,2025Q1,2025,Q1,1,0,0,0,5272.0,2257.0,3015.0,1711.0,1273.0,1122.0,546.0,363.0,308.0,302.0,610.0,54467.0,25241.0,54665.0,25204.0,0.0572837632776934,0.2414643399089529,0.4281107738998482,0.1035660091047041,0.058421851289833,343.0,302.0,299.0,299.0,290.0,281.0,306.0,337.0,313.0,300.0,315.0,327.0,0.0663699690402476,0.055545337502299,0.0599198396793587,0.0592666005946481,0.0616234594135146,0.0552388441124434,0.062730627306273,0.0699025098527276,0.0682511993022241,0.0630119722747322,0.0678733031674208,0.0688421052631579,0.0449950445986124,-0.4264432029795159,-0.0203993055555555,0.0100334448160535,-0.1557562076749435,-0.2561307901907357,-0.4265402843601895,0.0999635169646113,0.0670578373847443,0.0898089171974523,-0.0334562349967773,0.021112820486729,-0.0625786222548896,-0.2881600600364684,-0.4511392183292219,-0.2703349282296651,Healthcare,35.0,1.0,120,8.57035473953047,5168.0,5045.0,10.905368652244466,10.136264552818576,10.908997222941913,10.13479766651673
BDX,2025Q2,2025,Q2,0,1,0,0,5509.0,2634.0,2875.0,1752.0,1320.0,1473.0,882.0,703.0,574.0,297.0,871.0,54902.0,25473.0,54467.0,25241.0,0.0539117807224541,0.2396079143220185,0.4781267017607551,0.1601016518424396,0.1041931385006353,302.0,343.0,302.0,299.0,299.0,290.0,281.0,306.0,337.0,313.0,300.0,315.0,0.0572837632776934,0.0663699690402476,0.055545337502299,0.0599198396793587,0.0592666005946481,0.0616234594135146,0.0552388441124434,0.062730627306273,0.0699025098527276,0.0682511993022241,0.0630119722747322,0.0678733031674208,0.1040080160320642,0.1786447638603696,0.1417425227568269,-0.0066889632107023,0.2224066390041494,0.4651162790697674,0.4059999999999999,0.0715616846813269,0.1036789297658862,0.0275659824046921,-0.1002682748995107,-0.0002980832216785,0.0341795586415987,0.3270884430129133,0.0676052589695488,0.1081424936386767,Healthcare,35.0,2.0,121,8.61431990214696,5272.0,4990.0,10.913323270813391,10.145413603149704,10.905368652244466,10.136264552818576
