ticker,Year_Quarter,year,quarter,Q1,Q2,Q3,Q4,revenue,grossProfit,costOfRevenue,operatingExpenses,snaExpenses,ebitda,operatingIncome,incomeBeforeTax,netIncome,rnd,net_plus_rnd,totalAssets,totalEquity,totalAssets_lag1,totalEquity_lag1,rnd_to_rev_ratio,sna_to_rev_ratio,grossProfitRatio,operatingIncomeRatio,netIncomeRatio,rnd_lag1,rnd_lag2,rnd_lag3,rnd_lag4,rnd_lag5,rnd_lag6,rnd_lag7,rnd_lag8,rnd_lag9,rnd_lag10,rnd_lag11,rnd_lag12,rnd_to_rev_ratio_lag1,rnd_to_rev_ratio_lag2,rnd_to_rev_ratio_lag3,rnd_to_rev_ratio_lag4,rnd_to_rev_ratio_lag5,rnd_to_rev_ratio_lag6,rnd_to_rev_ratio_lag7,rnd_to_rev_ratio_lag8,rnd_to_rev_ratio_lag9,rnd_to_rev_ratio_lag10,rnd_to_rev_ratio_lag11,rnd_to_rev_ratio_lag12,revenue_yoy,netIncome_yoy,grossProfit_yoy,rnd_yoy,ebitda_yoy,operatingIncome_yoy,incomeBeforeTax_yoy,costOfRevenue_yoy,snaExpenses_yoy,operatingExpenses_yoy,rnd_to_rev_ratio_yoy,sna_to_rev_ratio_yoy,grossProfitRatio_yoy,operatingIncomeRatio_yoy,netIncomeRatio_yoy,net_plus_rnd_yoy,gics_sectors,gics_sector_code,quarter_int,time_idx,revenue_log,revenue_lag1,revenue_lag4,totalAssets_log,totalEquity_log,totalAssets_lag1_log,totalEquity_lag1_log
BMY,1995Q2,1995,Q2,0,1,0,0,3445.0,2622.0,823.0,1760.0,1380.0,948.0,862.0,862.0,608.0,294.0,902.0,13579.0,6211.0,13454.0,5959.0,0.0853410740203193,0.4005805515239477,0.7611030478955008,0.2502177068214804,0.1764876632801161,290.0,,,,,,,,,,,,0.0878521660102999,,,,,,,,,,,,,,,,,,,,,,,,,,,,Healthcare,35.0,2.0,1,8.144969417087875,3301.0,,9.516353401112687,8.734238184268579,9.507106063161006,8.692825760059396
BMY,1995Q3,1995,Q3,0,0,1,0,3413.0,2570.0,843.0,1612.0,1232.0,1045.0,958.0,958.0,689.0,293.0,982.0,13382.0,6317.0,13579.0,6211.0,0.0858482273659537,0.3609727512452388,0.7530032229709933,0.280691473776736,0.2018751831233519,294.0,290.0,,,,,,,,,,,0.0853410740203193,0.0878521660102999,,,,,,,,,,,,,,,,,,,,,,,,,,,Healthcare,35.0,3.0,2,8.135639903354386,3445.0,,9.501740523796375,8.75115798136203,9.516353401112687,8.734238184268579
BMY,1995Q4,1995,Q4,0,0,0,1,3608.0,2876.0,732.0,2013.0,1501.0,1052.0,863.0,-350.0,-142.0,323.0,181.0,13929.0,5822.0,13382.0,6317.0,0.0895232815964523,0.416019955654102,0.7971175166297118,0.239190687361419,-0.0393569844789357,293.0,294.0,290.0,,,,,,,,,,0.0858482273659537,0.0853410740203193,0.0878521660102999,,,,,,,,,,,,,,,,,,,,,,,,,,Healthcare,35.0,4.0,3,8.19118600464279,3413.0,,9.54180006677385,8.66957087183712,9.501740523796375,8.75115798136203
BMY,1996Q1,1996,Q1,1,0,0,0,3669.0,2865.0,804.0,1843.0,1410.0,1153.0,1022.0,1022.0,726.0,302.0,1028.0,13824.0,5936.0,13929.0,5822.0,0.0823112564731534,0.3843008994276369,0.7808667211774325,0.2785500136276915,0.1978740801308258,323.0,293.0,294.0,290.0,,,,,,,,,0.0895232815964523,0.0858482273659537,0.0853410740203193,0.0878521660102999,,,,,,,,,0.1114813692820357,0.1050228310502283,0.1414342629482072,0.0413793103448276,0.1326129666011788,0.0965665236051502,0.0965665236051502,0.0164348925410873,0.173044925124792,0.167934093789607,-0.0630708358004153,0.0553887429372959,0.0269486241460974,-0.0134188895010626,-0.0058107480793667,0.085533262935586,Healthcare,35.0,1.0,4,8.207946941048617,3608.0,3301.0,9.534233826390535,8.688959234270676,9.54180006677385,8.66957087183712
BMY,1996Q2,1996,Q2,0,1,0,0,3696.0,2857.0,839.0,1934.0,1502.0,1046.0,923.0,923.0,655.0,309.0,964.0,13750.0,6065.0,13824.0,5936.0,0.0836038961038961,0.4063852813852814,0.7729978354978355,0.2497294372294372,0.1772186147186147,302.0,323.0,293.0,294.0,290.0,,,,,,,,0.0823112564731534,0.0895232815964523,0.0858482273659537,0.0853410740203193,0.0878521660102999,,,,,,,,0.0728592162554426,0.0773026315789473,0.089626239511823,0.0510204081632652,0.1033755274261603,0.0707656612529001,0.0707656612529001,0.0194410692588091,0.0884057971014493,0.0988636363636363,-0.0203557072179522,0.0144907930234017,0.0156283536575299,-0.0019513790540474,0.0041416574105719,0.0687361419068737,Healthcare,35.0,2.0,5,8.215276958936633,3669.0,3445.0,9.528866827722945,8.710454688248527,9.534233826390535,8.688959234270676
BMY,1996Q3,1996,Q3,0,0,1,0,3745.0,2868.0,877.0,1808.0,1346.0,1186.0,1060.0,1060.0,753.0,336.0,1089.0,14005.0,6349.0,13750.0,6065.0,0.0897196261682242,0.3594125500667556,0.7658210947930574,0.2830440587449933,0.2010680907877169,309.0,302.0,323.0,293.0,294.0,290.0,,,,,,,0.0836038961038961,0.0823112564731534,0.0895232815964523,0.0858482273659537,0.0853410740203193,0.0878521660102999,,,,,,,0.0972751245238792,0.09288824383164,0.1159533073929961,0.1467576791808873,0.1349282296650717,0.1064718162839248,0.1064718162839248,0.040332147093713,0.0925324675324674,0.1215880893300247,0.0450958502121143,-0.0043222131673401,0.0170223332796515,0.0083813909150962,-0.0039979769833411,0.1089613034623218,Healthcare,35.0,3.0,6,8.228443883004033,3696.0,3413.0,9.547241088215463,8.756210091886738,9.528866827722945,8.710454688248527
BMY,1996Q4,1996,Q4,0,0,0,1,3955.0,3028.0,927.0,2080.0,1613.0,1087.0,948.0,1008.0,716.0,328.0,1044.0,14685.0,6570.0,14005.0,6349.0,0.0829329962073325,0.4078381795195954,0.7656131479140329,0.2396965865992414,0.1810366624525916,336.0,309.0,302.0,323.0,293.0,294.0,290.0,,,,,,0.0897196261682242,0.0836038961038961,0.0823112564731534,0.0895232815964523,0.0858482273659537,0.0853410740203193,0.0878521660102999,,,,,,0.0961751662971175,-6.042253521126761,0.0528511821974966,0.0154798761609906,0.0332699619771863,0.0984936268829663,-3.88,0.2663934426229508,0.0746169220519654,0.0332836562344758,-0.0736153240988989,-0.0196667876704195,-0.0395228658992243,0.0021150457127037,-5.59986111358416,4.767955801104972,Healthcare,35.0,4.0,7,8.282988692742602,3745.0,3608.0,9.594649938011555,8.790421306897867,9.547241088215463,8.756210091886738
BMY,1997Q1,1997,Q1,1,0,0,0,4045.0,3101.0,944.0,1968.0,1508.0,1267.0,1133.0,1133.0,810.0,326.0,1136.0,14860.0,6761.0,14685.0,6570.0,0.08095409068260075,0.3728059332509271,0.7666254635352286,0.2800988875154512,0.2002472187886279,328.0,336.0,309.0,302.0,323.0,293.0,294.0,290.0,,,,,0.0829329962073325,0.0897196261682242,0.0836038961038961,0.0823112564731534,0.0895232815964523,0.0858482273659537,0.0853410740203193,0.0878521660102999,,,,,0.1024802398473698,0.115702479338843,0.0823734729493892,0.0794701986754966,0.0988725065047702,0.1086105675146771,0.1086105675146771,0.1741293532338308,0.0695035460992907,0.0678241996744437,-0.0208711597180724,-0.0299113694342897,-0.0182377571690213,0.0055604875677008,0.0119931759441818,0.1050583657587549,Healthcare,35.0,1.0,8,8.305484017727691,3955.0,3669.0,9.60649561075857,8.819073983267831,9.594649938011555,8.790421306897867
BMY,1997Q2,1997,Q2,0,1,0,0,4064.0,3102.0,962.0,2070.0,1614.0,1167.0,1032.0,1032.0,738.0,321.0,1059.0,14524.0,6817.0,14860.0,6761.0,0.08095409068260075,0.3971456692913386,0.7632874015748031,0.2539370078740157,0.1815944881889764,326.0,328.0,336.0,309.0,302.0,323.0,293.0,294.0,290.0,,,,0.08095409068260075,0.0829329962073325,0.0897196261682242,0.0836038961038961,0.0823112564731534,0.0895232815964523,0.0858482273659537,0.0853410740203193,0.0878521660102999,,,,0.0995670995670996,0.1267175572519083,0.0857542877143857,0.0388349514563106,0.115678776290631,0.1180931744312026,0.1180931744312026,0.1466030989272944,0.0745672436750999,0.0703205791106516,-0.0552327803684733,-0.0227360894135902,-0.0125620454251059,0.0168485169039678,0.0246919516739796,0.0985477178423237,Healthcare,35.0,2.0,9,8.310169021981912,4045.0,3696.0,9.583626581720113,8.827321452697849,9.60649561075857,8.819073983267831
BMY,1997Q3,1997,Q3,0,0,1,0,4151.0,3181.0,970.0,1985.0,1499.0,1336.0,1196.0,1196.0,855.0,346.0,1201.0,14718.0,6927.0,14524.0,6817.0,0.0833534088171524,0.3611178029390508,0.7663213683449771,0.2881233437725849,0.205974463984582,321.0,326.0,328.0,336.0,309.0,302.0,323.0,293.0,294.0,290.0,,,0.08095409068260075,0.08095409068260075,0.0829329962073325,0.0897196261682242,0.0836038961038961,0.0823112564731534,0.0895232815964523,0.0858482273659537,0.0853410740203193,0.0878521660102999,,,0.108411214953271,0.1354581673306774,0.1091352859135286,0.0297619047619046,0.1264755480607082,0.1283018867924528,0.1283018867924528,0.1060433295324971,0.1136701337295691,0.0978982300884956,-0.0709567975588211,0.0047445557256653,0.000653251203605,0.0179452098380477,0.0244015506271708,0.1028466483011938,Healthcare,35.0,3.0,10,8.331345424845724,4064.0,3745.0,9.596894455192587,8.843326450242271,9.583626581720113,8.827321452697849
BMY,1997Q4,1997,Q4,0,0,0,1,4441.0,3444.0,997.0,2367.0,1793.0,1259.0,1077.0,1121.0,802.0,392.0,1194.0,14977.0,7219.0,14718.0,6927.0,0.0882684080162125,0.4037378968700743,0.7755010132852961,0.2425129475343391,0.180589957216843,346.0,321.0,326.0,328.0,336.0,309.0,302.0,323.0,293.0,294.0,290.0,,0.0833534088171524,0.08095409068260075,0.08095409068260075,0.0829329962073325,0.0897196261682242,0.0836038961038961,0.0823112564731534,0.0895232815964523,0.0858482273659537,0.0853410740203193,0.0878521660102999,,0.122882427307206,0.1201117318435753,0.1373844121532363,0.1951219512195121,0.1582336706531739,0.1360759493670886,0.1121031746031746,0.0755124056094929,0.1115933044017358,0.1379807692307693,0.0643340051954899,-0.0100536998628989,0.0129149628610785,0.0117496914539145,-0.0024674849265162,0.1436781609195403,Healthcare,35.0,4.0,11,8.398860004454372,4151.0,3955.0,9.614337736809313,8.884610231886873,9.596894455192587,8.843326450242271
BMY,1998Q1,1998,Q1,1,0,0,0,4446.0,3449.0,997.0,2157.0,1619.0,1447.0,1292.0,1292.0,927.0,383.0,1310.0,15243.0,7185.0,14977.0,7219.0,0.086144849302744,0.3641475483580746,0.7757534862798021,0.2905982905982906,0.2085020242914979,392.0,346.0,321.0,326.0,328.0,336.0,309.0,302.0,323.0,293.0,294.0,290.0,0.0882684080162125,0.0833534088171524,0.08095409068260075,0.08095409068260075,0.0829329962073325,0.0897196261682242,0.0836038961038961,0.0823112564731534,0.0895232815964523,0.0858482273659537,0.0853410740203193,0.0878521660102999,0.0991347342398021,0.1444444444444443,0.1122218639148662,0.1748466257668712,0.1420678768745067,0.1403353927625772,0.1403353927625772,0.05614406779661,0.073607427055703,0.0960365853658535,0.0688831761644159,-0.0232249117318222,0.011906756530732,0.0374846297176394,0.0412230719248263,0.153169014084507,Healthcare,35.0,1.0,12,8.399984990510696,4441.0,4045.0,9.63194126199375,8.879889967673464,9.614337736809313,8.884610231886873
BMY,1998Q2,1998,Q2,0,1,0,0,4430.0,3370.0,1060.0,2206.0,1676.0,1310.0,1164.0,1164.0,835.0,384.0,1219.0,14593.0,7244.0,15243.0,7185.0,0.0866817155756207,0.3783295711060948,0.7607223476297968,0.2627539503386004,0.1884875846501128,383.0,392.0,346.0,321.0,326.0,328.0,336.0,309.0,302.0,323.0,293.0,294.0,0.086144849302744,0.0882684080162125,0.0833534088171524,0.08095409068260075,0.08093691136879629,0.0829329962073325,0.0897196261682242,0.0836038961038961,0.0823112564731534,0.0895232815964523,0.0858482273659537,0.0853410740203193,0.0900590551181101,0.1314363143631436,0.0863958736299161,0.1962616822429905,0.1225364181662382,0.127906976744186,0.127906976744186,0.1018711018711018,0.0384138785625773,0.0657004830917873,0.0974283242969558,-0.047378329011667,-0.003360534891201,0.0347209827287522,0.0379587317317868,0.1510859301227574,Healthcare,35.0,2.0,13,8.39638057119949,4446.0,4064.0,9.588365764325566,8.888066854754783,9.63194126199375,8.879889967673464
BMY,1998Q3,1998,Q3,0,0,1,0,4523.0,3488.0,1035.0,2142.0,1588.0,1502.0,1346.0,1346.0,966.0,398.0,1364.0,14925.0,7547.0,14593.0,7244.0,0.0879946937873093,0.3510944063674552,0.7711695777139067,0.297590095069644,0.2135750608003537,384.0,383.0,392.0,346.0,321.0,326.0,328.0,336.0,309.0,302.0,323.0,293.0,0.0866817155756207,0.086144849302744,0.0882684080162125,0.0833534088171524,0.08093691136879629,0.08091973205499182,0.0829329962073325,0.0897196261682242,0.0836038961038961,0.0823112564731534,0.0895232815964523,0.0858482273659537,0.0896169597687304,0.1298245614035087,0.0965105312794718,0.1502890173410405,0.124251497005988,0.1254180602006689,0.1254180602006689,0.0670103092783505,0.0593729152768511,0.0790931989924432,0.055682005523471,-0.027756583835019,0.0063266007829068,0.0328565925034218,0.0369006753008986,0.1357202331390508,Healthcare,35.0,3.0,14,8.41715183723601,4430.0,4151.0,9.610859937691332,8.92903790648844,9.588365764325566,8.888066854754783
BMY,1998Q4,1998,Q4,0,0,0,1,4885.0,3746.0,1139.0,2427.0,1847.0,1487.0,1319.0,466.0,413.0,412.0,825.0,16272.0,7576.0,14925.0,7547.0,0.0843398157625383,0.3780962128966223,0.7668372569089048,0.2700102354145343,0.0845445240532241,398.0,384.0,383.0,392.0,346.0,321.0,326.0,328.0,336.0,309.0,302.0,323.0,0.0879946937873093,0.0866817155756207,0.086144849302744,0.0882684080162125,0.0833534088171524,0.08091973205499182,0.08090255274118735,0.0829329962073325,0.0897196261682242,0.0836038961038961,0.0823112564731534,0.0895232815964523,0.0999774825489754,-0.4850374064837905,0.0876887340301975,0.0510204081632652,0.1810961080222399,0.2246982358402971,-0.584299732381802,0.1424272818455365,0.030117122141662,0.0253485424588086,-0.0445073423432833,-0.0635107186425546,-0.0111718182542257,0.1133848240259487,-0.5318426043386927,-0.3090452261306532,Healthcare,35.0,4.0,15,8.494129251817686,4523.0,4441.0,9.697262571660614,8.932872621931374,9.610859937691332,8.92903790648844
BMY,1999Q1,1999,Q1,1,0,0,0,4854.0,3716.0,1138.0,2240.0,1650.0,1643.0,1476.0,1476.0,1066.0,423.0,1489.0,15986.0,7750.0,16272.0,7576.0,0.0871446229913473,0.3399258343634116,0.765554182117841,0.3040791100123609,0.2196126905644829,412.0,398.0,384.0,383.0,392.0,346.0,321.0,326.0,328.0,336.0,309.0,302.0,0.0843398157625383,0.0879946937873093,0.0866817155756207,0.086144849302744,0.0882684080162125,0.0833534088171524,0.08090255274118735,0.08088537342738289,0.0829329962073325,0.0897196261682242,0.0836038961038961,0.0823112564731534,0.0917678812415654,0.1499460625674218,0.0774137431139461,0.1044386422976502,0.1354526606772632,0.1424148606811146,0.1424148606811146,0.1414242728184553,0.0191476219888819,0.0384793694946685,0.0116057279883297,-0.0665162077951031,-0.0131476098301186,0.0463898785719478,0.0532880498917918,0.1366412213740457,Healthcare,35.0,1.0,16,8.487764380725425,4885.0,4446.0,9.679531170964893,8.955577146281511,9.697262571660614,8.932872621931374
BMY,1999Q2,1999,Q2,0,1,0,0,4920.0,3723.0,1197.0,2405.0,1788.0,1482.0,1318.0,1318.0,952.0,453.0,1405.0,16214.0,8060.0,15986.0,7750.0,0.0920731707317073,0.3634146341463414,0.7567073170731707,0.2678861788617886,0.1934959349593495,423.0,412.0,398.0,384.0,383.0,392.0,346.0,321.0,326.0,328.0,336.0,309.0,0.0871446229913473,0.0843398157625383,0.0879946937873093,0.0866817155756207,0.086144849302744,0.0882684080162125,0.0833534088171524,0.08088537342738289,0.08086819411357843,0.0829329962073325,0.0897196261682242,0.0836038961038961,0.1106094808126409,0.1401197604790418,0.1047477744807121,0.1796875,0.131297709923664,0.1323024054982817,0.1323024054982817,0.1292452830188679,0.0668257756563246,0.0902085222121487,0.0621982977642276,-0.0394231328948134,-0.005277918506188,0.019532450479144,0.0265712477484054,0.1525840853158326,Healthcare,35.0,2.0,17,8.501267040865978,4854.0,4430.0,9.693692018741418,8.9947928972836,9.679531170964893,8.955577146281511
BMY,1999Q3,1999,Q3,0,0,1,0,5040.0,3796.0,1244.0,1851.0,1262.0,1500.0,1342.0,1342.0,1097.0,452.0,1549.0,16612.0,8441.0,16214.0,8060.0,0.0896825396825396,0.2503968253968254,0.7531746031746032,0.2662698412698412,0.2176587301587301,453.0,423.0,412.0,398.0,384.0,383.0,392.0,346.0,321.0,326.0,328.0,336.0,0.0920731707317073,0.0871446229913473,0.0843398157625383,0.0879946937873093,0.0866817155756207,0.086144849302744,0.0882684080162125,0.0833534088171524,0.08086819411357843,0.08085101479977397,0.0829329962073325,0.0897196261682242,0.1143046650453238,0.1356107660455485,0.0883027522935779,0.135678391959799,-0.0013315579227696,-0.0029717682020802,-0.0029717682020802,0.2019323671497583,-0.2052896725440806,-0.1358543417366946,0.0191812235782085,-0.286810553356523,-0.0233346530508228,-0.1052462911861129,0.0191205346873049,0.1356304985337244,Healthcare,35.0,3.0,18,8.525359754082631,4920.0,4523.0,9.71794080038648,9.040974526342444,9.693692018741418,8.9947928972836
BMY,1999Q4,1999,Q4,0,0,0,1,5408.0,4126.0,1282.0,2585.0,1881.0,1730.0,1541.0,1455.0,1052.0,515.0,1567.0,17114.0,8645.0,16612.0,8441.0,0.0952292899408284,0.3478180473372781,0.7629437869822485,0.284948224852071,0.1945266272189349,452.0,453.0,423.0,412.0,398.0,384.0,383.0,392.0,346.0,321.0,326.0,328.0,0.0896825396825396,0.0920731707317073,0.0871446229913473,0.0843398157625383,0.0879946937873093,0.0866817155756207,0.086144849302744,0.0882684080162125,0.0833534088171524,0.08085101479977397,0.0808338354859695,0.0829329962073325,0.1070624360286591,1.547215496368039,0.1014415376401494,0.25,0.1634162743779421,0.1683093252463987,2.1223175965665235,0.1255487269534678,0.0184082295614509,0.065100947672023,0.129114275147929,-0.0800805840592292,-0.0050773092876977,0.0553237895393228,1.300877903061736,0.8993939393939394,Healthcare,35.0,4.0,19,8.595819511871428,5040.0,4885.0,9.747710550964285,9.064852065227576,9.71794080038648,9.040974526342444
BMY,2000Q1,2000,Q1,1,0,0,0,5260.0,4068.0,1192.0,2390.0,931.0,1717.0,1530.0,1530.0,1221.0,468.0,1689.0,17036.0,8809.0,17114.0,8645.0,0.0889733840304182,0.1769961977186311,0.773384030418251,0.2908745247148289,0.2321292775665399,515.0,452.0,453.0,423.0,412.0,398.0,384.0,383.0,392.0,346.0,321.0,326.0,0.0952292899408284,0.0896825396825396,0.0920731707317073,0.0871446229913473,0.0843398157625383,0.0879946937873093,0.0866817155756207,0.086144849302744,0.0882684080162125,0.0833534088171524,0.0808338354859695,0.08081665617216503,0.0836423568191182,0.1454033771106941,0.0947255113024758,0.1063829787234043,0.0450395617772367,0.0365853658536585,0.0365853658536585,0.047451669595782,-0.4357575757575758,0.0669642857142858,0.0209853571717499,-0.479309367438645,0.0102276866658208,-0.0434248353890383,0.0569939149230627,0.1343183344526528,Healthcare,35.0,1.0,20,8.568076401730806,5408.0,4854.0,9.743142728545543,9.083642718930225,9.747710550964285,9.064852065227576
BMY,2000Q2,2000,Q2,0,1,0,0,5275.0,4075.0,1200.0,2576.0,1114.0,1685.0,1499.0,1499.0,1091.0,472.0,1563.0,16831.0,8917.0,17036.0,8809.0,0.0894786729857819,0.2111848341232227,0.7725118483412322,0.284170616113744,0.206824644549763,468.0,515.0,452.0,453.0,423.0,412.0,398.0,384.0,383.0,392.0,346.0,321.0,0.0889733840304182,0.0952292899408284,0.0896825396825396,0.0920731707317073,0.0871446229913473,0.0843398157625383,0.0879946937873093,0.0866817155756207,0.086144849302744,0.0882684080162125,0.0833534088171524,0.08081665617216503,0.0721544715447155,0.1460084033613444,0.0945474080042976,0.0419426048565121,0.1369770580296896,0.137329286798179,0.137329286798179,0.0025062656641603,-0.3769574944071588,0.0711018711018711,-0.0281786510153478,-0.418887369191132,0.0208859236741505,0.0607886428525195,0.0688836672109602,0.1124555160142348,Healthcare,35.0,2.0,21,8.570923513837204,5260.0,4920.0,9.731037115537436,9.095826985187422,9.743142728545543,9.083642718930225
BMY,2000Q3,2000,Q3,0,0,1,0,4563.0,3550.0,1013.0,2023.0,1001.0,1714.0,1527.0,1141.0,1236.0,479.0,1715.0,17467.0,9156.0,16831.0,8917.0,0.1049747972824896,0.2193732193732193,0.7779969318430857,0.3346482577251808,0.2708744247205785,472.0,468.0,515.0,452.0,453.0,423.0,412.0,398.0,384.0,383.0,392.0,346.0,0.0894786729857819,0.0889733840304182,0.0952292899408284,0.0896825396825396,0.0920731707317073,0.0871446229913473,0.0843398157625383,0.0879946937873093,0.0866817155756207,0.086144849302744,0.0882684080162125,0.0833534088171524,-0.0946428571428571,0.1267092069279853,-0.0648050579557428,0.0597345132743363,0.1426666666666667,0.1378539493293591,-0.1497764530551415,-0.1856913183279742,-0.2068145800316957,0.0929227444624527,0.1705154387251053,-0.1238977609817546,0.0329569379581538,0.2568012063598444,0.2444914317153288,0.1071659134925757,Healthcare,35.0,3.0,22,8.425954710981966,5275.0,5040.0,9.768125914605452,9.122273893107732,9.731037115537436,9.095826985187422
BMY,2000Q4,2000,Q4,0,0,0,1,4784.0,3682.0,1102.0,2076.0,-1150.0,1792.0,1606.0,1446.0,1163.0,520.0,1683.0,17578.0,9180.0,17467.0,9156.0,0.108695652173913,-0.2403846153846154,0.7696488294314381,0.3357023411371237,0.2431020066889632,479.0,472.0,468.0,515.0,452.0,453.0,423.0,412.0,398.0,384.0,383.0,392.0,0.1049747972824896,0.0894786729857819,0.0889733840304182,0.0952292899408284,0.0896825396825396,0.0920731707317073,0.0871446229913473,0.0843398157625383,0.0879946937873093,0.0866817155756207,0.086144849302744,0.0882684080162125,-0.1153846153846154,0.1055133079847909,-0.1076102762966553,0.0097087378640776,0.0358381502890172,0.0421804023361453,-0.0061855670103092,-0.1404056162246489,-1.611376927166401,-0.1969052224371373,0.141409877585479,-1.6911217437533228,0.0087883833168243,0.1781169765539036,0.249710695982807,0.0740268028079131,Healthcare,35.0,4.0,23,8.473241303887054,4563.0,5408.0,9.774460286799892,9.1248914101437,9.768125914605452,9.122273893107732
BMY,2001Q1,2001,Q1,1,0,0,0,4689.0,3406.0,1283.0,1719.0,1211.0,1795.0,1610.0,1687.0,1336.0,508.0,1844.0,17664.0,9442.0,17578.0,9180.0,0.1083386649605459,0.2582640221795692,0.7263808914480699,0.3433567924930689,0.2849221582426957,520.0,479.0,472.0,468.0,515.0,452.0,453.0,423.0,412.0,398.0,384.0,383.0,0.108695652173913,0.1049747972824896,0.0894786729857819,0.0889733840304182,0.0952292899408284,0.0896825396825396,0.0920731707317073,0.0871446229913473,0.0843398157625383,0.0879946937873093,0.0866817155756207,0.086144849302744,-0.1085551330798478,0.0941850941850941,-0.1627335299901671,0.0854700854700853,0.0454280722189865,0.0522875816993464,0.1026143790849674,0.0763422818791945,0.3007518796992481,-0.2807531380753137,0.2176525164369054,0.459150114569854,-0.0607759368198506,0.1804292343225766,0.2274287898088283,0.0917702782711664,Healthcare,35.0,1.0,24,8.453187861440325,4784.0,5260.0,9.779340559793246,9.15302900526307,9.774460286799892,9.1248914101437
BMY,2001Q2,2001,Q2,0,1,0,0,4709.0,3362.0,1347.0,1861.0,1366.0,1655.0,1477.0,1501.0,1201.0,495.0,1696.0,17476.0,9539.0,17664.0,9442.0,0.1051178594181354,0.2900828201316627,0.713952006795498,0.3136547037587598,0.2550435336589509,508.0,520.0,479.0,472.0,468.0,515.0,452.0,453.0,423.0,412.0,398.0,384.0,0.1083386649605459,0.108695652173913,0.1049747972824896,0.0894786729857819,0.0889733840304182,0.0952292899408284,0.0896825396825396,0.0920731707317073,0.0871446229913473,0.0843398157625383,0.0879946937873093,0.0866817155756207,-0.107298578199052,0.1008249312557287,-0.1749693251533742,0.048728813559322,-0.0178041543026705,-0.0146764509673115,0.0013342228152102,0.1225,0.2262118491921005,-0.2775621118012422,0.1747811619293742,0.3735968367993905,-0.0758044574610424,0.1037548781370634,0.2331389917974025,0.0850927703134996,Healthcare,35.0,2.0,25,8.457443187010464,4689.0,5275.0,9.76864100976636,9.163248764442333,9.779340559793246,9.15302900526307
BMY,2001Q3,2001,Q3,0,0,1,0,4743.0,3412.0,1331.0,1737.0,1241.0,1649.0,1512.0,1603.0,1187.0,496.0,1683.0,24635.0,9935.0,17476.0,9539.0,0.1045751633986928,0.2616487455197133,0.7193759224119756,0.3187855787476281,0.2502635462787265,495.0,508.0,520.0,479.0,472.0,468.0,515.0,452.0,453.0,423.0,412.0,398.0,0.1051178594181354,0.1083386649605459,0.108695652173913,0.1049747972824896,0.0894786729857819,0.0889733840304182,0.0952292899408284,0.0896825396825396,0.0920731707317073,0.0871446229913473,0.0843398157625383,0.0879946937873093,0.039447731755424,-0.0396440129449837,-0.0388732394366196,0.0354906054279748,-0.0379229871645274,-0.0098231827111984,0.4049079754601228,0.3139190523198421,0.2397602397602398,-0.1413741967375185,-0.0038069507552499,0.1927105152911605,-0.0753486383194804,-0.0474010505399954,-0.0760901604613031,-0.0186588921282798,Healthcare,35.0,3.0,26,8.464635940677562,4709.0,4563.0,10.111964066806934,9.20391980417326,9.76864100976636,9.163248764442333
BMY,2001Q4,2001,Q4,0,0,0,1,5282.0,3668.0,1614.0,2278.0,1441.0,1715.0,1467.0,-1967.0,1463.0,760.0,2223.0,27812.0,9075.0,24635.0,9935.0,0.1438848920863309,0.2728133282847406,0.6944339265429762,0.2777357061719046,0.276978417266187,496.0,495.0,508.0,520.0,479.0,472.0,468.0,515.0,452.0,453.0,423.0,412.0,0.1045751633986928,0.1051178594181354,0.1083386649605459,0.108695652173913,0.1049747972824896,0.0894786729857819,0.0889733840304182,0.0952292899408284,0.0896825396825396,0.0920731707317073,0.0871446229913473,0.0843398157625383,0.1040969899665551,0.2579535683576957,-0.0038022813688213,0.4615384615384614,-0.04296875,-0.0865504358655043,-2.36030428769018,0.4646098003629764,-2.253043478260869,0.0973025048169557,0.3237410071942446,-2.134903445664521,-0.0977262616562741,-0.1726727158615246,0.1393506003451752,0.320855614973262,Healthcare,35.0,4.0,27,8.572249397164315,4743.0,4784.0,10.233258816275091,9.113388845899733,10.111964066806934,9.20391980417326
BMY,2002Q1,2002,Q1,1,0,0,0,4082.0,2691.0,1391.0,1673.0,1184.0,1665.0,1486.0,1228.0,856.0,512.0,1368.0,24917.0,10734.0,27812.0,9075.0,0.1254287114159725,0.2900538951494365,0.6592356687898089,0.3640372366487016,0.2097011268985791,760.0,496.0,495.0,508.0,520.0,479.0,472.0,468.0,515.0,452.0,453.0,423.0,0.1438848920863309,0.1045751633986928,0.1051178594181354,0.1083386649605459,0.108695652173913,0.1049747972824896,0.0894786729857819,0.0889733840304182,0.0952292899408284,0.0896825396825396,0.0920731707317073,0.0871446229913473,-0.1294519087225421,-0.3592814371257484,-0.2099236641221373,0.0078740157480314,-0.0724233983286908,-0.0770186335403726,-0.2720806164789567,0.0841777084957131,-0.0222956234516927,-0.0267597440372309,0.1577465114753844,0.1230905981467447,-0.0924380355386336,0.0602301879787341,-0.2640055508776665,-0.2581344902386117,Healthcare,35.0,1.0,28,8.314587291319576,5282.0,4689.0,10.123345712858809,9.28126471031288,10.233258816275091,9.113388845899733
BMY,2002Q2,2002,Q2,0,1,0,0,4053.0,2657.0,1396.0,1809.0,1331.0,1034.0,852.0,724.0,479.0,536.0,1015.0,24783.0,10714.0,24917.0,10734.0,0.1322477177399457,0.3283987169997532,0.6555637799161115,0.2102146558105107,0.1181840611892425,512.0,760.0,496.0,495.0,508.0,520.0,479.0,472.0,468.0,515.0,452.0,453.0,0.1254287114159725,0.1438848920863309,0.1045751633986928,0.1051178594181354,0.1083386649605459,0.108695652173913,0.1049747972824896,0.0894786729857819,0.0889733840304182,0.0952292899408284,0.0896825396825396,0.0920731707317073,-0.139307708643024,-0.601165695253955,-0.2096966091612135,0.0828282828282829,-0.3752265861027191,-0.4231550440081245,-0.5176548967355097,0.0363771343726799,-0.0256222547584187,-0.0279419666845781,0.2580899047220293,0.1320860602868507,-0.081781725275143,-0.3297895638377148,-0.5366122030473413,-0.4015330188679245,Healthcare,35.0,2.0,29,8.307459327011946,4082.0,4709.0,10.11795356265665,9.279399907907678,10.123345712858809,9.28126471031288
BMY,2002Q3,2002,Q3,0,0,1,0,4537.0,2883.0,1654.0,1808.0,1273.0,1263.0,1075.0,115.0,357.0,535.0,892.0,24968.0,9196.0,24783.0,10714.0,0.1179193299537139,0.28058188230108,0.6354419219748733,0.2369407097200793,0.0786863566233193,536.0,512.0,760.0,496.0,495.0,508.0,520.0,479.0,472.0,468.0,515.0,452.0,0.1322477177399457,0.1254287114159725,0.1438848920863309,0.1045751633986928,0.1051178594181354,0.1083386649605459,0.108695652173913,0.1049747972824896,0.0894786729857819,0.0889733840304182,0.0952292899408284,0.0896825396825396,-0.0434324267341345,-0.6992417860151643,-0.1550410316529894,0.0786290322580645,-0.2340812613705275,-0.289021164021164,-0.9282595134123518,0.2426746806912096,0.0257856567284449,0.0408750719631547,0.127603592682389,0.0723608926301548,-0.1166761324950692,-0.2567395593899891,-0.6855860240400979,-0.4699940582293523,Healthcare,35.0,3.0,30,8.420241665339788,4053.0,4743.0,10.125390334414204,9.126632622902697,10.11795356265665,9.279399907907678
BMY,2002Q4,2002,Q4,0,0,0,1,4794.0,3028.0,1766.0,2146.0,1492.0,1068.0,882.0,580.0,374.0,654.0,1028.0,25022.0,8756.0,24968.0,9196.0,0.1364205256570713,0.3112223612849395,0.6316228619107217,0.1839799749687108,0.0780141843971631,535.0,536.0,512.0,760.0,496.0,495.0,508.0,520.0,479.0,472.0,468.0,515.0,0.1179193299537139,0.1322477177399457,0.1254287114159725,0.1438848920863309,0.1045751633986928,0.1051178594181354,0.1083386649605459,0.108695652173913,0.1049747972824896,0.0894786729857819,0.0889733840304182,0.0952292899408284,-0.0923892464975387,-0.7443609022556391,-0.1744820065430752,-0.1394736842105263,-0.3772594752186589,-0.3987730061349693,-1.2948652770716826,0.094175960346964,0.0353920888272032,-0.0579455662862159,-0.0518773466833542,0.1407886969514575,-0.0904493029955202,-0.3375717602012741,-0.718338399189463,-0.5375618533513271,Healthcare,35.0,4.0,31,8.475328987317539,4537.0,5282.0,10.12755068090972,9.077608659522225,10.125390334414204,9.126632622902697
BMY,2003Q1,2003,Q1,1,0,0,0,4711.0,3026.0,1685.0,1872.0,1396.0,1307.0,1129.0,1163.0,761.0,476.0,1237.0,25360.0,9297.0,25022.0,8756.0,0.101040118870728,0.296327743578858,0.6423264699639143,0.239651878582042,0.16153682869879,654.0,535.0,536.0,512.0,760.0,496.0,495.0,508.0,520.0,479.0,472.0,468.0,0.1364205256570713,0.1179193299537139,0.1322477177399457,0.1254287114159725,0.1438848920863309,0.1045751633986928,0.1051178594181354,0.1083386649605459,0.108695652173913,0.1049747972824896,0.0894786729857819,0.0889733840304182,0.1540911317981381,-0.110981308411215,0.1244890375325158,-0.0703125,-0.2150150150150149,-0.2402422611036339,-0.0529315960912052,0.2113587347232206,0.1790540540540539,0.1189479976090854,-0.1944418647845467,0.0216299402777857,-0.0256497025668159,-0.3416830630067997,-0.2296806837050687,-0.0957602339181286,Healthcare,35.0,1.0,32,8.457867725331422,4794.0,4082.0,10.14096783995039,9.13755460225053,10.12755068090972,9.077608659522225
BMY,2003Q2,2003,Q2,0,1,0,0,5052.0,3256.0,1796.0,2006.0,1476.0,1437.0,1252.0,1247.0,902.0,530.0,1432.0,25916.0,9614.0,25360.0,9297.0,0.1049089469517022,0.2921615201900237,0.6444972288202692,0.2478226444972288,0.1785431512272367,476.0,654.0,535.0,536.0,512.0,760.0,496.0,495.0,508.0,520.0,479.0,472.0,0.101040118870728,0.1364205256570713,0.1179193299537139,0.1322477177399457,0.1254287114159725,0.1438848920863309,0.1045751633986928,0.1051178594181354,0.1083386649605459,0.108695652173913,0.1049747972824896,0.0894786729857819,0.2464840858623243,0.8830897703549061,0.2254422280767782,-0.0111940298507462,0.3897485493230175,0.4694835680751172,0.7223756906077348,0.2865329512893984,0.1089406461307287,0.1088999447208403,-0.2067239515014004,-0.1103451229675686,-0.0168809678552687,0.1789027912526624,0.5107210687348445,0.4108374384236453,Healthcare,35.0,2.0,33,8.527737405291909,4711.0,4053.0,10.162654403026995,9.17107965802288,10.14096783995039,9.13755460225053
BMY,2003Q3,2003,Q3,0,0,1,0,5337.0,3429.0,1908.0,2061.0,1493.0,1586.0,1395.0,1361.0,906.0,568.0,1474.0,26528.0,10065.0,25916.0,9614.0,0.1064268315533071,0.2797451751920554,0.642495784148398,0.2613827993254637,0.1697582911748173,530.0,476.0,654.0,535.0,536.0,512.0,760.0,496.0,495.0,508.0,520.0,479.0,0.1049089469517022,0.101040118870728,0.1364205256570713,0.1179193299537139,0.1322477177399457,0.1254287114159725,0.1438848920863309,0.1045751633986928,0.1051178594181354,0.1083386649605459,0.108695652173913,0.1049747972824896,0.176327970024245,1.53781512605042,0.1893860561914673,0.0616822429906542,0.2557403008709422,0.2976744186046511,10.834782608695653,0.1535671100362756,0.1728201099764337,0.1399336283185841,-0.0974606826965338,-0.0029820425401763,0.011100718932113,0.1031569865484922,1.1574043895242192,0.6524663677130045,Healthcare,35.0,3.0,34,8.58260632996447,5052.0,4537.0,10.185993753243844,9.216918687336305,10.162654403026995,9.17107965802288
BMY,2003Q4,2003,Q4,0,0,0,1,5794.0,3591.0,2203.0,2416.0,1711.0,1407.0,1175.0,1162.0,583.0,705.0,1288.0,27448.0,9786.0,26528.0,10065.0,0.1216775975146703,0.2953054884363134,0.6197790818087677,0.2027959958577839,0.1006213324128408,568.0,530.0,476.0,654.0,535.0,536.0,512.0,760.0,496.0,495.0,508.0,520.0,0.1064268315533071,0.1049089469517022,0.101040118870728,0.1364205256570713,0.1179193299537139,0.1322477177399457,0.1254287114159725,0.1438848920863309,0.1045751633986928,0.1051178594181354,0.1083386649605459,0.108695652173913,0.2085940759282436,0.5588235294117647,0.1859313077939233,0.0779816513761468,0.3174157303370786,0.3321995464852607,1.0034482758620689,0.2474518686296716,0.1467828418230563,0.1258154706430567,-0.1080697209704438,-0.0511430887642851,-0.0187513480213894,0.1022721135399276,0.2897825336555055,0.2529182879377432,Healthcare,35.0,4.0,35,8.664750755773852,5337.0,4794.0,10.220085016401597,9.18881025342582,10.185993753243844,9.216918687336305
BMY,2004Q1,2004,Q1,1,0,0,0,5181.0,3282.0,1899.0,2133.0,1550.0,1348.0,1144.0,1464.0,964.0,583.0,1547.0,28360.0,10533.0,27448.0,9786.0,0.1125265392781316,0.2991700443929743,0.6334684423856398,0.2208067940552017,0.1860644663192434,705.0,568.0,530.0,476.0,654.0,535.0,536.0,512.0,760.0,496.0,495.0,508.0,0.1216775975146703,0.1064268315533071,0.1049089469517022,0.101040118870728,0.1364205256570713,0.1179193299537139,0.1322477177399457,0.1254287114159725,0.1438848920863309,0.1045751633986928,0.1051178594181354,0.1083386649605459,0.0997665039269795,0.2667542706964521,0.0846001321877065,0.2247899159663866,0.0313695485845446,0.0132860938883967,0.2588134135855546,0.1270029673590504,0.1103151862464182,0.1394230769230768,0.1136817784438617,0.0095917472315918,-0.0137905379779414,-0.0786352464180202,0.1518392914979704,0.2506063055780112,Healthcare,35.0,1.0,36,8.552946361122055,5794.0,4711.0,10.2527702409553,9.262363400043334,10.220085016401597,9.18881025342582
BMY,2004Q2,2004,Q2,0,1,0,0,5430.0,3335.0,2095.0,2183.0,1558.0,1359.0,1147.0,769.0,527.0,625.0,1152.0,28985.0,10431.0,28360.0,10533.0,0.1151012891344383,0.2869244935543278,0.6141804788213628,0.2112338858195211,0.0970534069981583,583.0,705.0,568.0,530.0,476.0,654.0,535.0,536.0,512.0,760.0,496.0,495.0,0.1125265392781316,0.1216775975146703,0.1064268315533071,0.1049089469517022,0.101040118870728,0.1364205256570713,0.1179193299537139,0.1322477177399457,0.1254287114159725,0.1438848920863309,0.1045751633986928,0.1051178594181354,0.0748218527315913,-0.4157427937915743,0.0242628992628992,0.179245283018868,-0.0542797494780793,-0.0838658146964855,-0.3833199679230152,0.1664810690423162,0.0555555555555555,0.0882352941176469,0.0971541749192119,-0.0179251074278697,-0.047039379912308,-0.1476409016292164,-0.4564148424005586,-0.1955307262569832,Healthcare,35.0,2.0,37,8.599878558034845,5181.0,5052.0,10.274568233782462,9.252633284166434,10.2527702409553,9.262363400043334
BMY,2004Q3,2004,Q3,0,0,1,0,5427.0,3327.0,2100.0,2149.0,1534.0,1410.0,1172.0,1146.0,758.0,615.0,1373.0,30176.0,10663.0,28985.0,10431.0,0.1133222775013819,0.2826607702229592,0.6130458817025981,0.2159572507831214,0.1396720103187765,625.0,583.0,705.0,568.0,530.0,476.0,654.0,535.0,536.0,512.0,760.0,496.0,0.1151012891344383,0.1125265392781316,0.1216775975146703,0.1064268315533071,0.1049089469517022,0.101040118870728,0.1364205256570713,0.1179193299537139,0.1322477177399457,0.1254287114159725,0.1438848920863309,0.1045751633986928,0.0168634064080943,-0.1633554083885209,-0.0297462817147856,0.0827464788732394,-0.1109709962168978,-0.1598566308243727,-0.1579720793534166,0.10062893081761,0.0274614869390488,0.0426977195536146,0.0647904841987245,0.0104223246349188,-0.0458367248040928,-0.1737893566813484,-0.1772301114003198,-0.0685210312075983,Healthcare,35.0,3.0,38,8.59932602095476,5430.0,5337.0,10.314835323802448,9.274628861858545,10.274568233782462,9.252633284166434
BMY,2004Q4,2004,Q4,0,0,0,1,3342.0,3447.0,-105.0,2462.0,1785.0,1240.0,985.0,1023.0,139.0,677.0,816.0,30435.0,10202.0,30176.0,10663.0,0.2025733093955715,0.5341113105924596,1.0314183123877918,0.2947336923997606,0.0415918611609814,615.0,625.0,583.0,705.0,568.0,530.0,476.0,654.0,535.0,536.0,512.0,760.0,0.1133222775013819,0.1151012891344383,0.1125265392781316,0.1216775975146703,0.1064268315533071,0.1049089469517022,0.101040118870728,0.1364205256570713,0.1179193299537139,0.1322477177399457,0.1254287114159725,0.1438848920863309,-0.4231964100793924,-0.7615780445969125,-0.0401002506265664,-0.0397163120567375,-0.1186922530206112,-0.1617021276595744,-0.1196213425129087,-1.047662278710849,0.043249561659848,0.0190397350993376,0.6648365314013354,0.8086738361032795,0.664170900020848,0.4533506500120963,-0.5866496679816011,-0.3664596273291925,Healthcare,35.0,4.0,39,8.114623886420098,5427.0,5794.0,10.323381397296414,9.230437073675304,10.314835323802448,9.274628861858545
BMY,2005Q1,2005,Q1,1,0,0,0,4532.0,3165.0,1367.0,2154.0,1501.0,1254.0,1011.0,928.0,533.0,653.0,1186.0,28407.0,10381.0,30435.0,10202.0,0.1440864960282436,0.3312003530450132,0.6983671668137688,0.2230803177405119,0.1176081200353045,677.0,615.0,625.0,583.0,705.0,568.0,530.0,476.0,654.0,535.0,536.0,512.0,0.2025733093955715,0.1133222775013819,0.1151012891344383,0.1125265392781316,0.1216775975146703,0.1064268315533071,0.1049089469517022,0.101040118870728,0.1364205256570713,0.1179193299537139,0.1322477177399457,0.1254287114159725,-0.1252653927813163,-0.4470954356846472,-0.0356489945155392,0.1200686106346484,-0.0697329376854599,-0.1162587412587412,-0.3661202185792349,-0.2801474460242232,-0.0316129032258064,0.0098452883263009,0.2804667854585423,0.1070638897588474,0.102449814522284,0.0102964389978952,-0.3679173548724972,-0.2333548804137039,Healthcare,35.0,1.0,40,8.41913925094085,3342.0,5181.0,10.254426074622923,9.247828816387175,10.323381397296414,9.230437073675304
BMY,2005Q2,2005,Q2,0,1,0,0,4889.0,3406.0,1483.0,2282.0,1633.0,1354.0,1124.0,1130.0,1004.0,649.0,1653.0,25233.0,10801.0,28407.0,10381.0,0.1327469830231131,0.3340151360196359,0.6966659848639803,0.2299038658212313,0.2053589691143383,653.0,677.0,615.0,625.0,583.0,705.0,568.0,530.0,476.0,654.0,535.0,536.0,0.1440864960282436,0.2025733093955715,0.1133222775013819,0.1151012891344383,0.1125265392781316,0.1216775975146703,0.1064268315533071,0.1049089469517022,0.101040118870728,0.1364205256570713,0.1179193299537139,0.1322477177399457,-0.0996316758747698,0.905123339658444,0.0212893553223387,0.0383999999999999,-0.0036791758646063,-0.0200523103748909,0.4694408322496748,-0.2921241050119332,0.0481386392811296,0.0453504351809437,0.1533057885048068,0.1641220722635576,0.1343017384741869,0.088385345605306,1.115937765257793,0.4348958333333332,Healthcare,35.0,2.0,41,8.494947582468917,4532.0,5430.0,10.135947570487687,9.287486581152837,10.254426074622923,9.247828816387175
BMY,2005Q3,2005,Q3,0,0,1,0,4767.0,3284.0,1483.0,2304.0,1635.0,1197.0,980.0,1626.0,964.0,669.0,1633.0,25609.0,11268.0,25233.0,10801.0,0.1403398363750786,0.342983008181246,0.6889028739249003,0.2055800293685756,0.2022236207258233,649.0,653.0,677.0,615.0,625.0,583.0,705.0,568.0,530.0,476.0,654.0,535.0,0.1327469830231131,0.1440864960282436,0.2025733093955715,0.1133222775013819,0.1151012891344383,0.1125265392781316,0.1216775975146703,0.1064268315533071,0.1049089469517022,0.101040118870728,0.1364205256570713,0.1179193299537139,-0.1216141514648977,0.2717678100263851,-0.0129245566576495,0.0878048780487805,-0.1510638297872341,-0.1638225255972696,0.418848167539267,-0.2938095238095238,0.0658409387222946,0.0721265704979059,0.2384134829391087,0.2134085954365203,0.1237378709920151,-0.0480522018914164,0.4478464243786852,0.1893663510560816,Healthcare,35.0,3.0,42,8.469682208745185,4889.0,5427.0,10.15073817919357,9.329810871952349,10.135947570487687,9.287486581152837
BMY,2005Q4,2005,Q4,0,0,0,1,5019.0,3424.0,1595.0,2588.0,1813.0,1075.0,836.0,832.0,499.0,775.0,1274.0,28138.0,11208.0,25609.0,11268.0,0.1544132297270372,0.3612273361227336,0.682207611077904,0.1665670452281331,0.0994221956565052,669.0,649.0,653.0,677.0,615.0,625.0,583.0,705.0,568.0,530.0,476.0,654.0,0.1403398363750786,0.1327469830231131,0.1440864960282436,0.2025733093955715,0.1133222775013819,0.1151012891344383,0.1125265392781316,0.1216775975146703,0.1064268315533071,0.1049089469517022,0.101040118870728,0.1364205256570713,0.5017953321364452,2.5899280575539567,-0.0066724688134609,0.1447562776957163,-0.1330645161290322,-0.1512690355329949,-0.1867057673509286,-16.19047619047619,0.0156862745098038,0.0511779041429731,-0.2377414863400909,-0.3236852900155879,-0.3385732996163751,-0.4348557714188621,1.3904243013240336,0.5612745098039216,Healthcare,35.0,4.0,43,8.521185212685776,4767.0,3342.0,10.24491179343424,9.324472306021095,10.15073817919357,9.329810871952349
BMY,2006Q1,2006,Q1,1,0,0,0,4676.0,3200.0,1476.0,2283.0,1533.0,1143.0,917.0,1193.0,714.0,750.0,1464.0,27461.0,11556.0,28138.0,11208.0,0.160393498716852,0.3278443113772455,0.6843455945252352,0.1961077844311377,0.1526946107784431,775.0,669.0,649.0,653.0,677.0,615.0,625.0,583.0,705.0,568.0,530.0,476.0,0.1544132297270372,0.1403398363750786,0.1327469830231131,0.1440864960282436,0.2025733093955715,0.1133222775013819,0.1151012891344383,0.1125265392781316,0.1216775975146703,0.1064268315533071,0.1049089469517022,0.101040118870728,0.0317740511915269,0.3395872420262664,0.0110584518167455,0.1485451761102603,-0.0885167464114832,-0.0929772502472798,0.2855603448275863,0.079736649597659,0.0213191205862757,0.0598885793871866,0.1131750936979683,-0.0101329652487163,-0.0200776510621275,-0.1209095162790147,0.2983339137859366,0.2344013490725127,Healthcare,35.0,1.0,44,8.450412157725886,5019.0,4532.0,10.220558509881696,9.355046592975441,10.24491179343424,9.324472306021095
BMY,2006Q2,2006,Q2,0,1,0,0,4871.0,3303.0,1568.0,2273.0,1533.0,1267.0,1030.0,1110.0,667.0,740.0,1407.0,27402.0,11712.0,27461.0,11556.0,0.1519195237117635,0.3147197700677479,0.678094847053993,0.2114555532744816,0.1369328679942517,750.0,775.0,669.0,649.0,653.0,677.0,615.0,625.0,583.0,705.0,568.0,530.0,0.160393498716852,0.1544132297270372,0.1403398363750786,0.1327469830231131,0.1440864960282436,0.2025733093955715,0.1133222775013819,0.1151012891344383,0.1125265392781316,0.1216775975146703,0.1064268315533071,0.1049089469517022,-0.0036817345060339,-0.3356573705179283,-0.0302407516147974,0.1402157164869029,-0.0642540620384047,-0.0836298932384341,-0.0176991150442478,0.0573162508428859,-0.0612369871402327,-0.0039439088518843,0.1444292009658117,-0.0577679388479979,-0.0266571617008303,-0.0802435943425795,-0.3332023987809795,-0.1488203266787658,Healthcare,35.0,2.0,45,8.491259809389733,4676.0,4889.0,10.218407775433768,9.368454615069874,10.220558509881696,9.355046592975441
BMY,2006Q3,2006,Q3,0,0,1,0,4154.0,2689.0,1465.0,2231.0,1475.0,688.0,458.0,617.0,338.0,756.0,1094.0,27215.0,11589.0,27402.0,11712.0,0.181993259508907,0.3550794415021666,0.6473278767453057,0.110255175734232,0.0813673567645642,740.0,750.0,775.0,669.0,649.0,653.0,677.0,615.0,625.0,583.0,705.0,568.0,0.1519195237117635,0.160393498716852,0.1544132297270372,0.1403398363750786,0.1327469830231131,0.1440864960282436,0.2025733093955715,0.1133222775013819,0.1151012891344383,0.1125265392781316,0.1216775975146703,0.1064268315533071,-0.1285924061254457,-0.6493775933609959,-0.1811814859926918,0.1300448430493272,-0.4252297410192147,-0.5326530612244897,-0.620541205412054,-0.0121375590020229,-0.0978593272171254,-0.0316840277777777,0.2968039881598805,0.0352683165998948,-0.060349577209235,-0.463687323749914,-0.5976367326797947,-0.3300673606858543,Healthcare,35.0,3.0,46,8.332067707289548,4871.0,4767.0,10.211560314635642,9.357897936333798,10.218407775433768,9.368454615069874
BMY,2006Q4,2006,Q4,0,0,0,1,4213.0,2766.0,1447.0,2550.0,1729.0,450.0,216.0,-285.0,-134.0,821.0,687.0,25575.0,9991.0,27215.0,11589.0,0.194873012105388,0.4103963921196297,0.656539283171137,0.0512698789461191,-0.0318063137906479,756.0,740.0,750.0,775.0,669.0,649.0,653.0,677.0,615.0,625.0,583.0,705.0,0.181993259508907,0.1519195237117635,0.160393498716852,0.1544132297270372,0.1403398363750786,0.1327469830231131,0.1440864960282436,0.2025733093955715,0.1133222775013819,0.1151012891344383,0.1125265392781316,0.1216775975146703,-0.1605897589161187,-1.2685370741482966,-0.1921728971962616,0.0593548387096773,-0.5813953488372092,-0.7416267942583732,-1.3425480769230769,-0.0927899686520375,-0.0463320463320463,-0.0146831530139103,0.2620227712992811,0.1361166530879323,-0.0376253907021213,-0.6921967435041004,-1.3199116010325898,-0.4607535321821036,Healthcare,35.0,4.0,47,8.346167594364134,4154.0,5019.0,10.149409690739677,9.209540051805414,10.211560314635642,9.357897936333798
BMY,2007Q1,2007,Q1,1,0,0,0,4476.0,3084.0,1392.0,2234.0,1427.0,1001.0,785.0,852.0,690.0,807.0,1497.0,26091.0,10261.0,25575.0,9991.0,0.1802949061662198,0.3188114387846291,0.6890080428954424,0.1753798033958891,0.1541554959785522,821.0,756.0,740.0,750.0,775.0,669.0,649.0,653.0,677.0,615.0,625.0,583.0,0.194873012105388,0.181993259508907,0.1519195237117635,0.160393498716852,0.1544132297270372,0.1403398363750786,0.1327469830231131,0.1440864960282436,0.2025733093955715,0.1133222775013819,0.1151012891344383,0.1125265392781316,-0.0427715996578271,-0.0336134453781512,-0.03625,0.076,-0.1242344706911635,-0.1439476553980371,-0.2858340318524728,-0.056910569105691,-0.0691454664057403,-0.0214629872974156,0.1240786416443253,-0.0275523237071586,0.0068130026809651,-0.105696880393481,0.0095673658203225,0.0225409836065573,Healthcare,35.0,1.0,48,8.406708458240965,4213.0,4676.0,10.169384032915987,9.23620303150191,10.149409690739677,9.209540051805414
BMY,2007Q2,2007,Q2,0,1,0,0,4928.0,3379.0,1549.0,2355.0,1577.0,1060.0,851.0,985.0,706.0,778.0,1484.0,27175.0,10762.0,26091.0,10261.0,0.1578733766233766,0.3200081168831168,0.6856737012987013,0.1726866883116883,0.143262987012987,807.0,821.0,756.0,740.0,750.0,775.0,669.0,649.0,653.0,677.0,615.0,625.0,0.1802949061662198,0.194873012105388,0.181993259508907,0.1519195237117635,0.160393498716852,0.1544132297270372,0.1403398363750786,0.1327469830231131,0.1440864960282436,0.2025733093955715,0.1133222775013819,0.1151012891344383,0.011701909258879,0.0584707646176911,0.0230093854072055,0.0513513513513512,-0.1633780584056827,-0.1737864077669902,-0.1126126126126125,-0.0121173469387755,0.0287018917155903,0.0360756709194896,0.0391908345033342,0.0168033511661203,0.0111766875646304,-0.1833428555667633,0.0462279006600594,0.054726368159204,Healthcare,35.0,2.0,49,8.502891406705377,4476.0,4871.0,10.21008950984042,9.283869605264298,10.169384032915987,9.23620303150191
BMY,2007Q3,2007,Q3,0,0,1,0,5050.0,3428.0,1622.0,2392.0,1565.0,1091.0,878.0,1256.0,858.0,827.0,1685.0,26098.0,11153.0,27175.0,10762.0,0.1637623762376237,0.3099009900990099,0.6788118811881189,0.1738613861386138,0.1699009900990099,778.0,807.0,821.0,756.0,740.0,750.0,775.0,669.0,649.0,653.0,677.0,615.0,0.1578733766233766,0.1802949061662198,0.194873012105388,0.181993259508907,0.1519195237117635,0.160393498716852,0.1544132297270372,0.1403398363750786,0.1327469830231131,0.1440864960282436,0.2025733093955715,0.1133222775013819,0.2156957149735194,1.5384615384615383,0.2748233544068428,0.0939153439153439,0.5857558139534884,0.9170305676855894,1.0356564019448946,0.1071672354948805,0.0610169491525423,0.0721649484536082,-0.1001733982922101,-0.1272347709347205,0.048636874100203,0.5768999956764236,1.0880731150038083,0.540219378427788,Healthcare,35.0,3.0,50,8.527341522468053,4928.0,4154.0,10.169652278400532,9.3195534569495,10.21008950984042,9.283869605264298
BMY,2007Q4,2007,Q4,0,0,0,1,4894.0,3239.0,1655.0,2621.0,1751.0,872.0,618.0,49.0,-89.0,870.0,781.0,26172.0,10562.0,26098.0,11153.0,0.1777686963628933,0.3577850429096853,0.6618308132407029,0.1262770739681242,-0.018185533306089,827.0,778.0,807.0,821.0,756.0,740.0,750.0,775.0,669.0,649.0,653.0,677.0,0.1637623762376237,0.1578733766233766,0.1802949061662198,0.194873012105388,0.181993259508907,0.1519195237117635,0.160393498716852,0.1544132297270372,0.1403398363750786,0.1327469830231131,0.1440864960282436,0.2025733093955715,0.1616425350106811,-0.335820895522388,0.1710050614605929,0.0596833130328866,0.9377777777777778,1.8611111111111112,-1.1719298245614036,0.1437456807187285,0.0127241179872759,0.0278431372549019,-0.0877715983229359,-0.1281964223374757,0.0080597310857126,1.4629875584616086,-0.4282414043391542,0.1368267831149927,Healthcare,35.0,4.0,51,8.49596955496461,5050.0,4213.0,10.172483624032427,9.265112607823163,10.169652278400532,9.3195534569495
BMY,2008Q1,2008,Q1,1,0,0,0,5181.0,3524.0,1657.0,2235.0,1553.0,1531.0,1086.0,1207.0,661.0,795.0,1456.0,26325.0,10561.0,26172.0,10562.0,0.1534452808338158,0.2997490831885736,0.6801775718973171,0.2096120440069484,0.1275815479637135,870.0,827.0,778.0,807.0,821.0,756.0,740.0,750.0,775.0,669.0,649.0,653.0,0.1777686963628933,0.1637623762376237,0.1578733766233766,0.1802949061662198,0.194873012105388,0.181993259508907,0.1519195237117635,0.160393498716852,0.1544132297270372,0.1403398363750786,0.1327469830231131,0.1440864960282436,0.1575067024128686,-0.0420289855072464,0.1426718547341114,-0.0148698884758364,0.5294705294705295,0.3834394904458598,0.4166666666666667,0.1903735632183907,0.0882971268395234,0.0004476275738585,-0.1489205984979432,-0.0597919436916218,-0.0128162088805475,0.1951891834077723,-0.1723840453832145,-0.0273881095524382,Healthcare,35.0,1.0,52,8.552946361122055,4894.0,4476.0,10.178312322985352,9.26501793326688,10.172483624032427,9.265112607823163
BMY,2008Q2,2008,Q2,0,1,0,0,5203.0,3533.0,1670.0,2411.0,1585.0,1488.0,1285.0,1221.0,764.0,826.0,1590.0,28064.0,10778.0,26325.0,10561.0,0.1587545646742264,0.3046319431097444,0.6790313280799539,0.2469729002498558,0.1468383624831827,795.0,870.0,827.0,778.0,807.0,821.0,756.0,740.0,750.0,775.0,669.0,649.0,0.1534452808338158,0.1777686963628933,0.1637623762376237,0.1578733766233766,0.1802949061662198,0.194873012105388,0.181993259508907,0.1519195237117635,0.160393498716852,0.1544132297270372,0.1403398363750786,0.1327469830231131,0.0558035714285714,0.0821529745042493,0.045575614087008,0.0616966580976863,0.4037735849056603,0.509988249118684,0.2395939086294416,0.078114912846998,0.0050729232720354,0.0237791932059447,0.005581612743686,-0.0480493242581988,-0.0096873676300642,0.4301791450426435,0.0249567284945109,0.0714285714285714,Healthcare,35.0,2.0,53,8.557182839632397,5181.0,4928.0,10.2422785273763,9.285355075781629,10.178312322985352,9.26501793326688
BMY,2008Q3,2008,Q3,0,0,1,0,5254.0,3620.0,1634.0,2404.0,1570.0,1398.0,1216.0,1155.0,2578.0,834.0,3412.0,28476.0,12938.0,28064.0,10778.0,0.1587362009897221,0.2988199467072706,0.6889988580129425,0.2314427103159497,0.4906737723639132,826.0,795.0,870.0,827.0,778.0,807.0,821.0,756.0,740.0,750.0,775.0,669.0,0.1587545646742264,0.1534452808338158,0.1777686963628933,0.1637623762376237,0.1578733766233766,0.1802949061662198,0.194873012105388,0.181993259508907,0.1519195237117635,0.160393498716852,0.1544132297270372,0.1403398363750786,0.0403960396039604,2.0046620046620047,0.0560093348891481,0.0084643288996373,0.2813932172318973,0.3849658314350797,-0.0804140127388535,0.0073982737361282,0.0031948881789136,0.0050167224080268,-0.0306918802925071,-0.0357567214877209,0.0150070691264174,0.3311909875803489,1.8879983105335216,1.024925816023739,Healthcare,35.0,3.0,54,8.566935283311052,5203.0,5050.0,10.25685202289892,9.468001285315953,10.2422785273763,9.285355075781629
BMY,2008Q4,2008,Q4,0,0,0,1,5249.0,3727.0,1522.0,2910.0,1767.0,2227.0,817.0,1888.0,1244.0,1143.0,2387.0,29486.0,12241.0,28476.0,12938.0,0.2177557630024766,0.3366355496285007,0.7100400076204991,0.1556486949895218,0.2369975233377786,834.0,826.0,795.0,870.0,827.0,778.0,807.0,821.0,756.0,740.0,750.0,775.0,0.1587362009897221,0.1587545646742264,0.1534452808338158,0.1777686963628933,0.1637623762376237,0.1578733766233766,0.1802949061662198,0.194873012105388,0.181993259508907,0.1519195237117635,0.160393498716852,0.1544132297270372,0.0725378013894564,-14.97752808988764,0.1506637851188639,0.3137931034482759,1.5538990825688073,0.3220064724919094,37.53061224489796,-0.0803625377643504,0.0091376356367789,0.1102632582983593,0.2249387403840468,-0.0591122901873887,0.0728421726751227,0.2325966234283489,-14.032200890057176,2.056338028169014,Healthcare,35.0,4.0,55,8.565983355585669,5254.0,4894.0,10.291704767234739,9.412627941411015,10.25685202289892,9.468001285315953
BMY,2009Q1,2009,Q1,1,0,0,0,5015.0,3602.0,1413.0,3122.0,1388.0,1414.0,996.0,1195.0,638.0,923.0,1561.0,29693.0,13337.0,29486.0,12241.0,0.1840478564307078,0.2767696909272183,0.7182452642073779,0.1986041874376869,0.1272183449651046,1143.0,834.0,826.0,795.0,870.0,827.0,778.0,807.0,821.0,756.0,740.0,750.0,0.2177557630024766,0.1587362009897221,0.1587545646742264,0.1534452808338158,0.1777686963628933,0.1637623762376237,0.1578733766233766,0.1802949061662198,0.194873012105388,0.181993259508907,0.1519195237117635,0.160393498716852,-0.0320401466898282,-0.0347957639939485,0.0221339387060159,0.161006289308176,-0.0764206401045068,-0.0828729281767955,-0.0099420049710025,-0.1472540736270368,-0.1062459755312298,0.3968680089485459,0.1994364077578585,-0.0766620935647659,0.055967285430881,-0.0525153820307034,-0.0028468301600494,0.0721153846153845,Healthcare,35.0,1.0,56,8.520388082312756,5249.0,5181.0,10.29870028417994,9.498372383192251,10.291704767234739,9.412627941411015
BMY,2009Q2,2009,Q2,0,1,0,0,5384.0,3923.0,1461.0,2973.0,1077.0,1741.0,1381.0,1522.0,983.0,829.0,1812.0,29809.0,14096.0,29693.0,13337.0,0.1539747399702823,0.200037147102526,0.7286404160475483,0.2565007429420505,0.1825780089153046,923.0,1143.0,834.0,826.0,795.0,870.0,827.0,778.0,807.0,821.0,756.0,740.0,0.1840478564307078,0.2177557630024766,0.1587362009897221,0.1587545646742264,0.1534452808338158,0.1777686963628933,0.1637623762376237,0.1578733766233766,0.1802949061662198,0.194873012105388,0.181993259508907,0.1519195237117635,0.0347876225254659,0.2866492146596859,0.1103877724313615,0.0036319612590798,0.17002688172043,0.0747081712062256,0.2465192465192465,-0.1251497005988023,-0.3205047318611987,0.2330982994608046,-0.0301082662646744,-0.3433480906154935,0.0730586144057157,0.0385784945739211,0.2433944769454579,0.1396226415094339,Healthcare,35.0,2.0,57,8.591372589590488,5015.0,5203.0,10.302599186672117,9.553717287770926,10.29870028417994,9.498372383192251
BMY,2009Q3,2009,Q3,0,0,1,0,5487.0,3925.0,1562.0,2958.0,1117.0,1793.0,1442.0,1565.0,966.0,838.0,1804.0,30951.0,14518.0,29809.0,14096.0,0.1527246218334244,0.2035720794605431,0.715327136868963,0.2628029888828139,0.1760524876981957,829.0,923.0,1143.0,834.0,826.0,795.0,870.0,827.0,778.0,807.0,821.0,756.0,0.1539747399702823,0.1840478564307078,0.2177557630024766,0.1587362009897221,0.1587545646742264,0.1534452808338158,0.1777686963628933,0.1637623762376237,0.1578733766233766,0.1802949061662198,0.194873012105388,0.181993259508907,0.044347164065474,-0.6252909231962762,0.0842541436464088,0.0047961630695443,0.2825464949928469,0.1858552631578947,0.3549783549783549,-0.04406364749082,-0.2885350318471338,0.2304492512479201,-0.0378715070589783,-0.3187466844040169,0.038212369367274,0.1354990983472899,-0.6412025716189602,-0.4712778429073857,Healthcare,35.0,3.0,58,8.610319169405722,5384.0,5254.0,10.34019289638035,9.583213415483687,10.302599186672117,9.553717287770926
BMY,2009Q4,2009,Q4,0,0,0,1,2922.0,2218.0,704.0,1430.0,739.0,1035.0,788.0,753.0,8025.0,1057.0,9082.0,31008.0,14843.0,30951.0,14518.0,0.3617385352498289,0.2529089664613279,0.759069130732375,0.2696783025325119,2.746406570841889,838.0,829.0,923.0,1143.0,834.0,826.0,795.0,870.0,827.0,778.0,807.0,821.0,0.1527246218334244,0.1539747399702823,0.1840478564307078,0.2177557630024766,0.1587362009897221,0.1587545646742264,0.1534452808338158,0.1777686963628933,0.1637623762376237,0.1578733766233766,0.1802949061662198,0.194873012105388,-0.4433225376262145,5.45096463022508,-0.4048832841427421,-0.0752405949256342,-0.5352492141894927,-0.0354957160342717,-0.6011652542372881,-0.5374507227332457,-0.5817770232031692,-0.5085910652920962,0.6612122235576134,-0.248715809306446,0.0690512120242115,0.7326088249610225,10.58833447777257,2.804775869291998,Healthcare,35.0,4.0,59,7.980365765111246,5487.0,5249.0,10.342032763912483,9.605351022180487,10.34019289638035,9.583213415483687
BMY,2010Q1,2010,Q1,1,0,0,0,4807.0,3501.0,1306.0,2022.0,1112.0,1672.0,1479.0,1452.0,743.0,910.0,1653.0,30753.0,15249.0,31008.0,14843.0,0.1893072602454753,0.2313293114208446,0.7283128770542958,0.3076763053879758,0.1545662575410859,1057.0,838.0,829.0,923.0,1143.0,834.0,826.0,795.0,870.0,827.0,778.0,807.0,0.3617385352498289,0.1527246218334244,0.1539747399702823,0.1840478564307078,0.2177557630024766,0.1587362009897221,0.1587545646742264,0.1534452808338158,0.1777686963628933,0.1637623762376237,0.1578733766233766,0.1802949061662198,-0.0414755732801594,0.1645768025078369,-0.0280399777901165,-0.0140845070422535,0.1824611032531824,0.4849397590361446,0.2150627615062761,-0.075725406935598,-0.1988472622478386,-0.3523382447149263,0.0285762839989802,-0.164181198288519,0.0140169568093539,0.5491934453019067,0.2149683096685672,0.0589365791159512,Healthcare,35.0,1.0,60,8.478036476215044,2922.0,5015.0,10.333775346075639,9.632334782035558,10.342032763912483,9.605351022180487
BMY,2010Q2,2010,Q2,0,1,0,0,4768.0,3491.0,1277.0,1979.0,1157.0,1815.0,1512.0,1592.0,927.0,822.0,1749.0,31051.0,15668.0,30753.0,15249.0,0.1723993288590604,0.2426593959731543,0.7321728187919463,0.3171140939597315,0.1944211409395973,910.0,1057.0,838.0,829.0,923.0,1143.0,834.0,826.0,795.0,870.0,827.0,778.0,0.1893072602454753,0.3617385352498289,0.1527246218334244,0.1539747399702823,0.1840478564307078,0.2177557630024766,0.1587362009897221,0.1587545646742264,0.1534452808338158,0.1777686963628933,0.1637623762376237,0.1578733766233766,-0.1144130757800891,-0.056968463886063,-0.1101198062707111,-0.008443908323281,0.0425043078690408,0.0948587979724837,0.0459921156373193,-0.1259411362080766,0.074280408542247,-0.3343424150689539,0.1196598149302545,0.213071669377403,0.004847936878878,0.2363086762340296,0.0648661473232878,-0.0347682119205298,Healthcare,35.0,2.0,61,8.469891918298224,4807.0,5384.0,10.34341849752557,9.659439517104408,10.333775346075639,9.632334782035558
BMY,2010Q3,2010,Q3,0,0,1,0,4798.0,3518.0,1280.0,1947.0,1123.0,1820.0,1571.0,1614.0,949.0,824.0,1773.0,31885.0,15970.0,31051.0,15668.0,0.1717382242601083,0.2340558566069195,0.7332221759066277,0.3274280950395998,0.1977907461442267,822.0,910.0,1057.0,838.0,829.0,923.0,1143.0,834.0,826.0,795.0,870.0,827.0,0.1723993288590604,0.1893072602454753,0.3617385352498289,0.1527246218334244,0.1539747399702823,0.1840478564307078,0.2177557630024766,0.1587362009897221,0.1587545646742264,0.1534452808338158,0.1777686963628933,0.1637623762376237,-0.1255695279752141,-0.0175983436853002,-0.1036942675159235,-0.0167064439140811,0.0150585610708309,0.0894590846047156,0.0313099041533546,-0.1805377720870679,0.0053715308863024,-0.3417849898580122,0.1244959862950056,0.1497443914074911,0.025016580687813,0.2459070440237754,0.1234760083782322,-0.0171840354767184,Healthcare,35.0,3.0,62,8.476162841858246,4768.0,5487.0,10.36992232096731,9.67852985665631,10.34341849752557,9.659439517104408
BMY,2010Q4,2010,Q4,0,0,0,1,5111.0,3697.0,1414.0,2562.0,1268.0,1653.0,1135.0,1413.0,483.0,1010.0,1493.0,31076.0,15713.0,31885.0,15970.0,0.1976129915867736,0.248092349833692,0.723341811778517,0.2220700450009783,0.0945020543924868,824.0,822.0,910.0,1057.0,838.0,829.0,923.0,1143.0,834.0,826.0,795.0,870.0,0.1717382242601083,0.1723993288590604,0.1893072602454753,0.3617385352498289,0.1527246218334244,0.1539747399702823,0.1840478564307078,0.2177557630024766,0.1587362009897221,0.1587545646742264,0.1534452808338158,0.1777686963628933,0.7491444216290213,-0.9398130841121496,0.6668169522091976,-0.0444654683065278,0.5971014492753624,0.4403553299492386,0.8764940239043826,1.008522727272727,0.7158322056833559,0.7916083916083916,-0.4537131869285218,-0.019044863039177,-0.0470672795235226,-0.1765372189176921,-0.9655906538398944,-0.8356088967187845,Healthcare,35.0,4.0,63,8.53934599605737,4798.0,2922.0,10.344223274726211,9.662307313735766,10.36992232096731,9.67852985665631
BMY,2011Q1,2011,Q1,1,0,0,0,5011.0,3668.0,1343.0,2077.0,1142.0,1988.0,1591.0,1767.0,986.0,935.0,1921.0,30851.0,15998.0,31076.0,15713.0,0.1865895030931949,0.2278986230293354,0.7319896228297745,0.3175014967072441,0.1967671123528238,1010.0,824.0,822.0,910.0,1057.0,838.0,829.0,923.0,1143.0,834.0,826.0,795.0,0.1976129915867736,0.1717382242601083,0.1723993288590604,0.1893072602454753,0.3617385352498289,0.1527246218334244,0.1539747399702823,0.1840478564307078,0.2177557630024766,0.1587362009897221,0.1587545646742264,0.1534452808338158,0.0424381110879967,0.3270524899057874,0.0477006569551556,0.0274725274725273,0.1889952153110048,0.0757268424611223,0.2169421487603307,0.0283307810107198,0.0269784172661871,0.0272007912957468,-0.014356328165947,-0.0148303229298419,0.0050483053249716,0.0319335325704681,0.2730276030686729,0.162129461584997,Healthcare,35.0,1.0,64,8.51959031601596,5111.0,4807.0,10.33695685705389,9.680281499268713,10.344223274726211,9.662307313735766
BMY,2011Q2,2011,Q2,0,1,0,0,5434.0,3953.0,1481.0,2216.0,1293.0,2028.0,1737.0,1790.0,902.0,923.0,1825.0,31833.0,16353.0,30851.0,15998.0,0.1698564593301435,0.2379462642620537,0.7274567537725433,0.319654030180346,0.1659919028340081,935.0,1010.0,824.0,822.0,910.0,1057.0,838.0,829.0,923.0,1143.0,834.0,826.0,0.1865895030931949,0.1976129915867736,0.1717382242601083,0.1723993288590604,0.1893072602454753,0.3617385352498289,0.1527246218334244,0.1539747399702823,0.1840478564307078,0.2177557630024766,0.1587362009897221,0.1587545646742264,0.1396812080536913,-0.0269687162891046,0.132340303637926,0.1228710462287103,0.1173553719008264,0.1488095238095237,0.1243718592964824,0.1597494126859828,0.1175453759723421,0.1197574532592218,-0.0147498806738145,-0.0194228280021847,-0.0064411910663172,0.0080095343253239,-0.1462250348300424,0.043453401943968,Healthcare,35.0,2.0,65,8.60061479955531,5011.0,4768.0,10.368290179989799,9.702227794721923,10.33695685705389,9.680281499268713
BMY,2011Q3,2011,Q3,0,0,1,0,5345.0,3938.0,1407.0,2197.0,1224.0,1956.0,1741.0,1830.0,969.0,973.0,1942.0,32014.0,16572.0,31833.0,16353.0,0.1820392890551917,0.2289990645463049,0.7367633302151544,0.3257249766136576,0.1812909260991581,923.0,935.0,1010.0,824.0,822.0,910.0,1057.0,838.0,829.0,923.0,1143.0,834.0,0.1698564593301435,0.1865895030931949,0.1976129915867736,0.1717382242601083,0.1723993288590604,0.1893072602454753,0.3617385352498289,0.1527246218334244,0.1539747399702823,0.1840478564307078,0.2177557630024766,0.1587362009897221,0.114005835764902,0.0210748155953635,0.1193860147811256,0.1808252427184467,0.0747252747252746,0.1082113303628262,0.1338289962825278,0.0992187499999999,0.0899376669634905,0.1284026707755521,0.0599812001053521,-0.0216050652776748,0.0048295788437495,-0.0052015036331449,-0.0834205864870806,0.0953186689227298,Healthcare,35.0,3.0,66,8.584103896698863,5434.0,4798.0,10.373959821952903,9.715530144123544,10.368290179989799,9.702227794721923
BMY,2011Q4,2011,Q4,0,0,0,1,5454.0,4087.0,1367.0,2509.0,1501.0,1843.0,1578.0,1594.0,852.0,1008.0,1860.0,32970.0,15956.0,32014.0,16572.0,0.1848184818481848,0.2752108544187752,0.7493582691602494,0.2893289328932893,0.1562156215621562,973.0,923.0,935.0,1010.0,824.0,822.0,910.0,1057.0,838.0,829.0,923.0,1143.0,0.1820392890551917,0.1698564593301435,0.1865895030931949,0.1976129915867736,0.1717382242601083,0.1723993288590604,0.1893072602454753,0.3617385352498289,0.1527246218334244,0.1539747399702823,0.1840478564307078,0.2177557630024766,0.0671101545685775,0.7639751552795031,0.105490938598864,-0.0019801980198019,0.1149425287356322,0.3903083700440528,0.1280962491153574,-0.0332390381895332,0.1837539432176655,-0.0206869633099141,-0.0647452864098291,0.1093081048378232,0.0359670310192141,0.3028724017776225,0.6530394240252182,0.2458137977227059,Healthcare,35.0,4.0,67,8.604287898267172,5345.0,5111.0,10.403383666209391,9.677652883410428,10.373959821952903,9.715530144123544
BMY,2012Q1,2012,Q1,1,0,0,0,5251.0,3948.0,1303.0,2108.0,1196.0,2208.0,1843.0,2027.0,1101.0,909.0,2010.0,32408.0,16337.0,32970.0,15956.0,0.1731098838316511,0.2277661397828985,0.7518567891830128,0.3509807655684631,0.209674347743287,1008.0,973.0,923.0,935.0,1010.0,824.0,822.0,910.0,1057.0,838.0,829.0,923.0,0.1848184818481848,0.1820392890551917,0.1698564593301435,0.1865895030931949,0.1976129915867736,0.1717382242601083,0.1723993288590604,0.1893072602454753,0.3617385352498289,0.1527246218334244,0.1539747399702823,0.1840478564307078,0.0478946318100179,0.1166328600405679,0.0763358778625953,-0.027807486631016,0.1106639839034204,0.1583909490886235,0.1471420486700623,-0.0297840655249441,0.0472854640980735,0.0149253731343284,-0.0722421092188195,-0.00058132534842,0.0271413224089631,0.1054460190217276,0.0655965076486928,0.0463300364393544,Healthcare,35.0,1.0,68,8.566364235422688,5454.0,5011.0,10.386191440985094,9.701248961901815,10.403383666209391,9.677652883410428
BMY,2012Q2,2012,Q2,0,1,0,0,4443.0,3198.0,1245.0,2190.0,1228.0,1248.0,1008.0,1059.0,645.0,962.0,1607.0,31667.0,16098.0,32408.0,16337.0,0.216520369119964,0.2763898266936754,0.7197839297771775,0.2268737339635381,0.1451721809588116,909.0,1008.0,973.0,923.0,935.0,1010.0,824.0,822.0,910.0,1057.0,838.0,829.0,0.1731098838316511,0.1848184818481848,0.1820392890551917,0.1698564593301435,0.1865895030931949,0.1976129915867736,0.1717382242601083,0.1723993288590604,0.1893072602454753,0.3617385352498289,0.1527246218334244,0.1539747399702823,-0.1823702613176298,-0.2849223946784922,-0.1909941816342019,0.0422535211267605,-0.3846153846153846,-0.4196891191709845,-0.4083798882681564,-0.1593517893315327,-0.0502706883217324,-0.0117328519855595,0.2747255534104922,0.1615640512400868,-0.0105474641008898,-0.2902522335303015,-0.1254261293456958,-0.1194520547945205,Healthcare,35.0,2.0,69,8.39931015075952,5251.0,5434.0,10.363061986291324,9.686512437242294,10.386191440985094,9.701248961901815
BMY,2012Q3,2012,Q3,0,0,1,0,3736.0,2749.0,987.0,2189.0,1238.0,-1016.0,557.0,-1259.0,-711.0,951.0,240.0,36044.0,13900.0,31667.0,16098.0,0.2545503211991434,0.3313704496788008,0.735813704496788,0.1490899357601713,-0.1903104925053533,962.0,909.0,1008.0,973.0,923.0,935.0,1010.0,824.0,822.0,910.0,1057.0,838.0,0.216520369119964,0.1731098838316511,0.1848184818481848,0.1820392890551917,0.1698564593301435,0.1865895030931949,0.1976129915867736,0.1717382242601083,0.1723993288590604,0.1893072602454753,0.3617385352498289,0.1527246218334244,-0.3010289990645463,-1.7337461300309598,-0.3019299136617572,-0.0226104830421377,-1.5194274028629855,-0.6800689259046525,-1.6879781420765028,-0.2985074626865671,0.0114379084967319,-0.003641329085116,0.3983262762686761,0.4470384424290774,-0.0012889155573053,-0.5422827647110192,-2.0497518910641004,-0.8764160659114315,Healthcare,35.0,3.0,70,8.226038429485484,4443.0,5345.0,10.49252343683868,9.539716058977092,10.363061986291324,9.686512437242294
BMY,2012Q4,2012,Q4,0,0,0,1,4191.0,3116.0,1075.0,2767.0,1510.0,763.0,521.0,513.0,925.0,1082.0,2007.0,35897.0,13623.0,36044.0,13900.0,0.2581722739203054,0.3602958721068957,0.7434979718444286,0.1243140062037699,0.220711047482701,951.0,962.0,909.0,1008.0,973.0,923.0,935.0,1010.0,824.0,822.0,910.0,1057.0,0.2545503211991434,0.216520369119964,0.1731098838316511,0.1848184818481848,0.1820392890551917,0.1698564593301435,0.1865895030931949,0.1976129915867736,0.1717382242601083,0.1723993288590604,0.1893072602454753,0.3617385352498289,-0.2315731573157315,0.0856807511737089,-0.237582578908735,0.0734126984126983,-0.5860010851871948,-0.6698352344740177,-0.678168130489335,-0.2136064374542794,0.0059960026648899,0.1028298126743723,0.3968964106759383,0.3091630156369149,-0.0078204212284038,-0.5703367618280346,0.4128615645195441,0.0790322580645161,Healthcare,35.0,4.0,71,8.340933226000878,3736.0,5454.0,10.488436862618087,9.519588222342524,10.49252343683868,9.539716058977092
BMY,2013Q1,2013,Q1,1,0,0,0,3831.0,2768.0,1063.0,2113.0,1183.0,937.0,655.0,674.0,609.0,930.0,1539.0,35958.0,13659.0,35897.0,13623.0,0.2427564604541895,0.3087966588358131,0.7225267554163404,0.1709736361263377,0.1589663273296789,1082.0,951.0,962.0,909.0,1008.0,973.0,923.0,935.0,1010.0,824.0,822.0,910.0,0.2581722739203054,0.2545503211991434,0.216520369119964,0.1731098838316511,0.1848184818481848,0.1820392890551917,0.1698564593301435,0.1865895030931949,0.1976129915867736,0.1717382242601083,0.1723993288590604,0.1893072602454753,-0.2704246810131403,-0.446866485013624,-0.2988855116514691,0.023102310231023,-0.5756340579710144,-0.6446011937059143,-0.6674888998519981,-0.1841903300076746,-0.0108695652173913,0.0023719165085389,0.4023258238118252,0.3557619193535573,-0.039010133563525,-0.5128689293003801,-0.2418417939980526,-0.2343283582089552,Healthcare,35.0,1.0,72,8.251142139090751,4191.0,5251.0,10.490134679522582,9.522227133124781,10.488436862618087,9.519588222342524
BMY,2013Q2,2013,Q2,0,1,0,0,4048.0,2940.0,1108.0,2312.0,1361.0,769.0,628.0,530.0,536.0,951.0,1487.0,36252.0,14371.0,35958.0,13659.0,0.2349308300395257,0.3362154150197628,0.7262845849802372,0.1551383399209486,0.1324110671936759,930.0,1082.0,951.0,962.0,909.0,1008.0,973.0,923.0,935.0,1010.0,824.0,822.0,0.2427564604541895,0.2581722739203054,0.2545503211991434,0.216520369119964,0.1731098838316511,0.1848184818481848,0.1820392890551917,0.1698564593301435,0.1865895030931949,0.1976129915867736,0.1717382242601083,0.1723993288590604,-0.0889038937654738,-0.1689922480620155,-0.0806754221388368,-0.0114345114345114,-0.3838141025641025,-0.376984126984127,-0.4995278564683664,-0.1100401606425702,0.1083061889250813,0.0557077625570776,0.0850287711700754,0.2164536554827412,0.0090313980822995,-0.3161908290984379,-0.0879032999356558,-0.0746733042937149,Healthcare,35.0,2.0,73,8.30622521603216,3831.0,4443.0,10.498277415479205,9.573037148233409,10.490134679522582,9.522227133124781
BMY,2013Q3,2013,Q3,0,0,1,0,4065.0,2890.0,1175.0,2104.0,1211.0,1044.0,786.0,818.0,692.0,893.0,1585.0,36804.0,14726.0,36252.0,14371.0,0.219680196801968,0.2979089790897909,0.7109471094710947,0.1933579335793357,0.1702337023370233,951.0,930.0,1082.0,951.0,962.0,909.0,1008.0,973.0,923.0,935.0,1010.0,824.0,0.2349308300395257,0.2427564604541895,0.2581722739203054,0.2545503211991434,0.216520369119964,0.1731098838316511,0.1848184818481848,0.1820392890551917,0.1698564593301435,0.1865895030931949,0.1976129915867736,0.1717382242601083,0.0880620985010707,-1.9732770745428971,0.0512913786831574,-0.0609884332281808,-2.02755905511811,0.4111310592459605,-1.6497220015885623,0.1904761904761904,-0.0218093699515347,-0.0388305162174509,-0.1369871553605125,-0.1009790421005987,-0.0337946886198581,0.2969214360007155,-1.8945050800718977,5.604166666666667,Healthcare,35.0,3.0,74,8.310414994188292,4048.0,3736.0,10.513388984492806,9.597437822726162,10.498277415479205,9.573037148233409
BMY,2013Q4,2013,Q4,0,0,0,1,4441.0,3168.0,1273.0,2306.0,1349.0,1103.0,862.0,869.0,726.0,957.0,1683.0,38592.0,15154.0,36804.0,14726.0,0.2154920063048863,0.3037604143210988,0.7133528484575546,0.1941004278315694,0.1634766944381896,893.0,951.0,930.0,1082.0,951.0,962.0,909.0,1008.0,973.0,923.0,935.0,1010.0,0.219680196801968,0.2349308300395257,0.2427564604541895,0.2581722739203054,0.2545503211991434,0.216520369119964,0.1731098838316511,0.1848184818481848,0.1820392890551917,0.1698564593301435,0.1865895030931949,0.1976129915867736,0.0596516344547841,-0.2151351351351351,0.0166880616174582,-0.1155268022181146,0.4456094364351244,0.654510556621881,0.6939571150097466,0.1841860465116278,-0.1066225165562914,-0.1666064329598843,-0.1653170070020531,-0.1569139758809766,-0.0405449974693159,0.5613721555510705,-0.2593180255238351,-0.1614349775784753,Healthcare,35.0,4.0,75,8.398860004454372,4065.0,4191.0,10.56082619185728,9.626085789491903,10.513388984492806,9.597437822726162
BMY,2014Q1,2014,Q1,1,0,0,0,3811.0,2843.0,968.0,2130.0,1184.0,1176.0,713.0,985.0,937.0,946.0,1883.0,33424.0,15473.0,38592.0,15154.0,0.2482288113356074,0.3106796116504854,0.7459984256100761,0.1870900026239832,0.2458672264497507,957.0,893.0,951.0,930.0,1082.0,951.0,962.0,909.0,1008.0,973.0,923.0,935.0,0.2154920063048863,0.219680196801968,0.2349308300395257,0.2427564604541895,0.2581722739203054,0.2545503211991434,0.216520369119964,0.1731098838316511,0.1848184818481848,0.1820392890551917,0.1698564593301435,0.1865895030931949,-0.0052205690420256,0.5385878489326765,0.0270953757225433,0.0172043010752687,0.2550693703308431,0.0885496183206107,0.4614243323442135,-0.0893697083725305,0.0008453085376163,0.0080454330336015,0.0225425550824862,0.0060977111014453,0.0324855377572983,0.0942622901564576,0.5466623062873481,0.2235217673814165,Healthcare,35.0,1.0,76,8.245909264774093,4441.0,3831.0,10.417059401970144,9.6469164751094,10.56082619185728,9.626085789491903
BMY,2014Q2,2014,Q2,0,1,0,0,3889.0,2898.0,991.0,2599.0,1183.0,609.0,299.0,448.0,333.0,1416.0,1749.0,33503.0,15327.0,33424.0,15473.0,0.3641038827462072,0.304191308819748,0.7451787091797377,0.0768835176137824,0.085626124967858,946.0,957.0,893.0,951.0,930.0,1082.0,951.0,962.0,909.0,1008.0,973.0,923.0,0.2482288113356074,0.2154920063048863,0.219680196801968,0.2349308300395257,0.2427564604541895,0.2581722739203054,0.2545503211991434,0.216520369119964,0.1731098838316511,0.1848184818481848,0.1820392890551917,0.1698564593301435,-0.0392786561264821,-0.378731343283582,-0.0142857142857142,0.4889589905362776,-0.2080624187256177,-0.5238853503184713,-0.1547169811320754,-0.105595667870036,-0.1307861866274797,0.1241349480968858,0.5498344031089872,-0.095248774355371,0.0260147669250265,-0.5044196189481027,-0.3533310562128929,0.1761936785474109,Healthcare,35.0,2.0,77,8.266164436612492,3811.0,4048.0,10.419420113670263,9.637436500210642,10.417059401970144,9.6469164751094
BMY,2014Q3,2014,Q3,0,0,1,0,3921.0,2914.0,1007.0,2211.0,1228.0,1170.0,703.0,1008.0,721.0,983.0,1704.0,33450.0,15143.0,33503.0,15327.0,0.2507013516959959,0.3131854118847232,0.7431777607753124,0.1792909971945932,0.1838816628411119,1416.0,946.0,957.0,893.0,951.0,930.0,1082.0,951.0,962.0,909.0,1008.0,973.0,0.3641038827462072,0.2482288113356074,0.2154920063048863,0.219680196801968,0.2349308300395257,0.2427564604541895,0.2581722739203054,0.2545503211991434,0.216520369119964,0.1731098838316511,0.1848184818481848,0.1820392890551917,-0.0354243542435424,0.0419075144508671,0.008304498269896,0.1007838745800671,0.1206896551724137,-0.1055979643765903,0.2322738386308067,-0.1429787234042553,0.014037985136251,0.0508555133079848,0.1412105203182794,0.0512788598772915,0.0453348088413996,-0.0727507587836877,0.0801719067183817,0.0750788643533122,Healthcare,35.0,3.0,78,8.274357006756292,3889.0,4065.0,10.417836960475736,9.625359692889159,10.419420113670263,9.637436500210642
BMY,2014Q4,2014,Q4,0,0,0,1,4258.0,3292.0,966.0,3293.0,2104.0,96.0,-1.0,-60.0,13.0,1189.0,1202.0,33749.0,14852.0,33450.0,15143.0,0.2792390793799906,0.4941286989196806,0.7731329262564585,-0.0002348520432127,0.003053076561766,983.0,1416.0,946.0,957.0,893.0,951.0,930.0,1082.0,951.0,962.0,909.0,1008.0,0.2507013516959959,0.3641038827462072,0.2482288113356074,0.2154920063048863,0.219680196801968,0.2349308300395257,0.2427564604541895,0.2581722739203054,0.2545503211991434,0.216520369119964,0.1731098838316511,0.1848184818481848,-0.0412069353749156,-0.9820936639118456,0.0391414141414141,0.2424242424242424,-0.912964641885766,-1.001160092807425,-1.0690448791714615,-0.2411626080125687,0.5596738324684951,0.4280138768430181,0.2958210569765289,0.6267053757615282,0.0838015547679709,-1.0012099511878283,-0.981324086761979,-0.2857991681521094,Healthcare,35.0,4.0,79,8.356789669923213,3921.0,4441.0,10.426735696300677,9.605957144029533,10.417836960475736,9.625359692889159
BMY,2015Q1,2015,Q1,1,0,0,0,4041.0,3194.0,847.0,2072.0,1056.0,1603.0,1122.0,1448.0,1186.0,1016.0,2202.0,33579.0,15546.0,33749.0,14852.0,0.2514229151200198,0.2613214550853749,0.7903984162336055,0.2776540460282108,0.293491709972779,1189.0,983.0,1416.0,946.0,957.0,893.0,951.0,930.0,1082.0,951.0,962.0,909.0,0.2792390793799906,0.2507013516959959,0.3641038827462072,0.2482288113356074,0.2154920063048863,0.219680196801968,0.2349308300395257,0.2427564604541895,0.2581722739203054,0.2545503211991434,0.216520369119964,0.1731098838316511,0.060351613749672,0.2657417289220918,0.1234611326064016,0.0739957716701902,0.3630952380952381,0.573632538569425,0.4700507614213198,-0.125,-0.1081081081081081,-0.0272300469483568,0.0128675787763166,-0.1588715664439494,0.0595175393127929,0.4840667172700024,0.1937000071571619,0.1694105151354221,Healthcare,35.0,1.0,80,8.304494897963567,4258.0,3811.0,10.421685930631531,9.65162297294974,10.426735696300677,9.605957144029533
BMY,2015Q2,2015,Q2,0,1,0,0,4163.0,3150.0,1013.0,3027.0,1171.0,192.0,123.0,52.0,-130.0,1856.0,1726.0,31954.0,15123.0,33579.0,15546.0,0.44115564922938616,0.2812875330290655,0.7566658659620465,0.0295460004804227,-0.0312274801825606,1016.0,1189.0,983.0,1416.0,946.0,957.0,893.0,951.0,930.0,1082.0,951.0,962.0,0.2514229151200198,0.2792390793799906,0.2507013516959959,0.3641038827462072,0.2482288113356074,0.2154920063048863,0.219680196801968,0.2349308300395257,0.2427564604541895,0.2581722739203054,0.2545503211991434,0.216520369119964,0.0704551298534328,-1.3903903903903905,0.0869565217391303,0.310734463276836,-0.6847290640394088,-0.5886287625418061,-0.8839285714285714,0.0221997981836528,-0.0101437024513947,0.1646787225856099,0.2244646475338976,-0.0752939848266812,0.0154153045984812,-0.615704361644267,-1.364695706996932,-0.0131503716409376,Healthcare,35.0,2.0,81,8.33423142973486,4041.0,3889.0,10.372083942084382,9.624038165010823,10.421685930631531,9.65162297294974
BMY,2015Q3,2015,Q3,0,0,1,0,4069.0,2972.0,1097.0,2356.0,1224.0,1133.0,616.0,987.0,706.0,1132.0,1838.0,31779.0,15079.0,31954.0,15123.0,0.2782010321946424,0.3008110100761857,0.7304005898255099,0.1513885475546817,0.1735070041779307,1856.0,1016.0,1189.0,983.0,1416.0,946.0,957.0,893.0,951.0,930.0,1082.0,951.0,0.44115564922938616,0.2514229151200198,0.2792390793799906,0.2507013516959959,0.3641038827462072,0.2482288113356074,0.2154920063048863,0.219680196801968,0.2349308300395257,0.2427564604541895,0.2581722739203054,0.2545503211991434,0.0377454730935986,-0.0208044382801664,0.0199039121482498,0.1515768056968462,-0.0316239316239316,-0.12375533428165,-0.0208333333333333,0.0893743793445878,-0.003257328990228,0.0655811849841701,0.1096909941354962,-0.0395114246671625,-0.0171926174653999,-0.1556266074510568,-0.056420300441517,0.0786384976525822,Healthcare,35.0,3.0,82,8.311398278436641,4163.0,3921.0,10.366592440090708,9.621124641561947,10.372083942084382,9.624038165010823
BMY,2015Q4,2015,Q4,0,0,0,1,4287.0,3335.0,952.0,3466.0,1550.0,-291.0,-131.0,-410.0,-197.0,1916.0,1719.0,31748.0,14266.0,31779.0,15079.0,0.44115564922938616,0.3615581992069046,0.7779332866806624,-0.0305574994168416,-0.0459528808024259,1132.0,1856.0,1016.0,1189.0,983.0,1416.0,946.0,957.0,893.0,951.0,930.0,1082.0,0.2782010321946424,0.44115564922938616,0.2514229151200198,0.2792390793799906,0.2507013516959959,0.3641038827462072,0.2482288113356074,0.2154920063048863,0.219680196801968,0.2349308300395257,0.2427564604541895,0.2581722739203054,0.0068107092531703,-16.153846153846153,0.0130619684082624,0.6114381833473508,-4.03125,130.0,5.833333333333333,-0.0144927536231883,-0.2633079847908744,0.0525356817491649,0.600537388545141,-0.2682914390575096,0.0062089716543924,129.1138325169116,-16.051335881286896,0.4301164725457571,Healthcare,35.0,4.0,83,8.363575702750637,4069.0,4258.0,10.365616507761834,9.565704457114814,10.366592440090708,9.621124641561947
BMY,2016Q1,2016,Q1,1,0,0,0,4391.0,3339.0,1052.0,2226.0,1090.0,1763.0,1113.0,1655.0,1195.0,1136.0,2331.0,31892.0,14386.0,31748.0,14266.0,0.2587109997722614,0.2482350261899339,0.7604190389432931,0.2534730129810977,0.2721475745843771,1916.0,1132.0,1856.0,1016.0,1189.0,983.0,1416.0,946.0,957.0,893.0,951.0,930.0,0.44115564922938616,0.2782010321946424,0.44115564922938616,0.2514229151200198,0.2792390793799906,0.2507013516959959,0.3641038827462072,0.2482288113356074,0.2154920063048863,0.219680196801968,0.2349308300395257,0.2427564604541895,0.0866122246968572,0.0075885328836424,0.0453976205385096,0.1181102362204724,0.0998128509045539,-0.0080213903743315,0.1429558011049723,0.2420306965761511,0.0321969696969697,0.0743243243243243,0.0289873524406578,-0.0500778969379516,-0.0379294501033664,-0.0870905120707524,-0.0727248322972444,0.0585831062670298,Healthcare,35.0,1.0,84,8.387539983189367,4287.0,4041.0,10.370141828956715,9.574080300037034,10.365616507761834,9.565704457114814
BMY,2016Q2,2016,Q2,0,1,0,0,4871.0,3665.0,1206.0,2529.0,1263.0,1747.0,1136.0,1615.0,1166.0,1266.0,2432.0,32831.0,14918.0,31892.0,14386.0,0.2599055635393143,0.2592896735783206,0.7524122356805584,0.2332169985629234,0.2393758981728597,1136.0,1916.0,1132.0,1856.0,1016.0,1189.0,983.0,1416.0,946.0,957.0,893.0,951.0,0.2587109997722614,0.44115564922938616,0.2782010321946424,0.44115564922938616,0.2514229151200198,0.2792390793799906,0.2507013516959959,0.3641038827462072,0.2482288113356074,0.2154920063048863,0.219680196801968,0.2349308300395257,0.1700696613019456,-9.96923076923077,0.1634920634920635,-0.3178879310344827,8.098958333333334,8.235772357723578,30.057692307692307,0.1905231984205331,0.0785653287788215,-0.1645193260654113,-0.4170329412639194,-0.0782041749730581,-0.005621543765662,6.8933525611174815,-8.665552800720118,0.4090382387022016,Healthcare,35.0,2.0,85,8.491259809389733,4391.0,4163.0,10.399158928530442,9.610390847382849,10.370141828956715,9.574080300037034
BMY,2016Q3,2016,Q3,0,0,1,0,4922.0,3617.0,1305.0,2282.0,1144.0,1706.0,1335.0,1559.0,1202.0,1138.0,2340.0,33727.0,15613.0,32831.0,14918.0,0.2312068264932954,0.2324258431531897,0.7348638764729785,0.2712312068264933,0.2442096708655018,1266.0,1136.0,1916.0,1132.0,1856.0,1016.0,1189.0,983.0,1416.0,946.0,957.0,893.0,0.2599055635393143,0.2587109997722614,0.44115564922938616,0.2782010321946424,0.4413783484304897,0.2514229151200198,0.2792390793799906,0.2507013516959959,0.3641038827462072,0.2482288113356074,0.2154920063048863,0.219680196801968,0.2096338166625706,0.7025495750708215,0.2170255720053835,0.0053003533568904,0.5057369814651369,1.167207792207792,0.5795339412360689,0.1896080218778486,-0.065359477124183,-0.031409168081494,-0.1689217517657075,-0.2273359838314304,0.0061107380109519,0.7916230204172101,0.4074917149457888,0.2731229597388465,Healthcare,35.0,3.0,86,8.5016733797582,4871.0,4069.0,10.426083631901035,9.655923226680237,10.399158928530442,9.610390847382849
BMY,2016Q4,2016,Q4,0,0,0,1,5243.0,3672.0,1571.0,2675.0,1461.0,1248.0,997.0,1086.0,894.0,1214.0,2108.0,33707.0,16177.0,33727.0,15613.0,0.2315468243372115,0.2786572572954415,0.7003623879458325,0.1901583063131794,0.1705130650390997,1138.0,1266.0,1136.0,1916.0,1132.0,1856.0,1016.0,1189.0,983.0,1416.0,946.0,957.0,0.2312068264932954,0.2599055635393143,0.2587109997722614,0.44115564922938616,0.2782010321946424,0.44160104763159325,0.2514229151200198,0.2792390793799906,0.2507013516959959,0.3641038827462072,0.2482288113356074,0.2154920063048863,0.2229997667366456,-5.538071065989848,0.1010494752623687,-0.3663883089770354,-5.288659793814433,-8.610687022900763,-3.648780487804878,0.6502100840336134,-0.0574193548387096,-0.2282169648009232,-0.4819200229991515,-0.2292879599835109,-0.0997140758249522,-7.222966863851911,-4.71060664884579,0.2262943571844096,Healthcare,35.0,4.0,87,8.56483984488359,4922.0,4287.0,10.425490476892245,9.691407573577898,10.426083631901035,9.655923226680237
BMY,2017Q1,2017,Q1,1,0,0,0,4929.0,3710.0,1219.0,2095.0,1074.0,2193.0,1615.0,1955.0,1574.0,1021.0,2595.0,32937.0,14416.0,33707.0,16177.0,0.2071414079935078,0.2178940961655508,0.7526881720430108,0.3276526678839521,0.3193345506187868,1214.0,1138.0,1266.0,1136.0,1916.0,1132.0,1856.0,1016.0,1189.0,983.0,1416.0,946.0,0.2315468243372115,0.2312068264932954,0.2599055635393143,0.2587109997722614,0.4413783484304897,0.2782010321946424,0.44182374683269643,0.2514229151200198,0.2792390793799906,0.2507013516959959,0.3641038827462072,0.2482288113356074,0.122523343202004,0.3171548117154812,0.1111111111111111,-0.1012323943661971,0.2439024390243902,0.4510332434860737,0.1812688821752266,0.158745247148289,-0.0146788990825688,-0.0588499550763701,-0.1993328147011506,-0.1222266272817121,-0.0101665877685354,0.292653067994999,0.1733874575456842,0.1132561132561131,Healthcare,35.0,1.0,88,8.503094267036737,5243.0,4391.0,10.402382285434154,9.576163344811905,10.425490476892245,9.691407573577898
BMY,2017Q2,2017,Q2,0,1,0,0,5144.0,3757.0,1387.0,2255.0,1167.0,1558.0,1502.0,1295.0,916.0,1088.0,2004.0,33409.0,14699.0,32937.0,14416.0,0.2115085536547434,0.2268662519440124,0.7303654743390358,0.2919906687402799,0.1780715396578538,1021.0,1214.0,1138.0,1266.0,1136.0,1916.0,1132.0,1856.0,1016.0,1189.0,983.0,1416.0,0.2071414079935078,0.2315468243372115,0.2312068264932954,0.2599055635393143,0.2587109997722614,0.44160104763159325,0.2782010321946424,0.4420464460338,0.2514229151200198,0.2792390793799906,0.2507013516959959,0.3641038827462072,0.0560459864504208,-0.2144082332761577,0.0251023192360164,-0.1406003159557661,-0.1081854607899256,0.3221830985915492,-0.198142414860681,0.150082918739635,-0.0760095011876484,-0.1083432186635033,-0.1862099803694668,-0.1250470995888483,-0.0293014391526758,0.252012805839704,-0.2561007978787256,-0.1759868421052631,Healthcare,35.0,2.0,89,8.545780648268149,4929.0,4871.0,10.416610535350802,9.595602772766828,10.402382285434154,9.576163344811905
BMY,2017Q3,2017,Q3,0,0,1,0,5254.0,3690.0,1564.0,2626.0,1147.0,1419.0,1064.0,1183.0,845.0,1479.0,2324.0,33977.0,14783.0,33409.0,14699.0,0.2814998096688237,0.2183098591549295,0.7023220403502094,0.202512371526456,0.1608298439284354,1088.0,1021.0,1214.0,1138.0,1266.0,1136.0,1916.0,1132.0,1856.0,1016.0,1189.0,983.0,0.2115085536547434,0.2071414079935078,0.2315468243372115,0.2312068264932954,0.2599055635393143,0.2587109997722614,0.44182374683269643,0.2782010321946424,0.4422691452349035,0.2514229151200198,0.2792390793799906,0.2507013516959959,0.0674522551808207,-0.2970049916805324,0.0201824716615979,0.2996485061511422,-0.1682297772567409,-0.2029962546816479,-0.241180243745991,0.1984674329501916,0.0026223776223777,0.1507449605609114,0.2175237813619952,-0.0607332808037034,-0.0442828082378405,-0.2533588819077029,-0.3414272114677542,-0.0068376068376068,Healthcare,35.0,3.0,90,8.566935283311052,5144.0,4922.0,10.43346853534186,9.601300793881466,10.416610535350802,9.595602772766828
BMY,2017Q4,2017,Q4,0,0,0,1,5449.0,3756.0,1693.0,2727.0,1316.0,946.0,1029.0,698.0,-2328.0,1411.0,-917.0,33551.0,11741.0,33977.0,14783.0,0.258946595705634,0.241512204074142,0.6893007891356212,0.1888419893558451,-0.4272343549275096,1479.0,1088.0,1021.0,1214.0,1138.0,1266.0,1136.0,1916.0,1132.0,1856.0,1016.0,1189.0,0.2814998096688237,0.2115085536547434,0.2071414079935078,0.2315468243372115,0.2312068264932954,0.2599055635393143,0.2587109997722614,0.4420464460338,0.2782010321946424,0.44249184443600675,0.2514229151200198,0.2792390793799906,0.0392904825481594,-3.604026845637584,0.0228758169934639,0.1622734761120263,-0.2419871794871795,0.0320962888665998,-0.3572744014732965,0.0776575429662635,-0.0992470910335386,0.0194392523364486,0.1183336089659301,-0.1333001465018982,-0.0157941074515081,-0.0069222164566741,-3.505581345508874,-1.4350094876660342,Healthcare,35.0,4.0,91,8.60337088765729,5254.0,5243.0,10.4208517531417,9.37092743662413,10.43346853534186,9.601300793881466
BMY,2018Q1,2018,Q1,1,0,0,0,5193.0,3602.0,1591.0,2209.0,979.0,1968.0,1393.0,1779.0,1486.0,1230.0,2716.0,33083.0,12793.0,33551.0,11741.0,0.2368573079145003,0.1885230117465819,0.6936260350471789,0.2682457153860966,0.2861544386674369,1411.0,1479.0,1088.0,1021.0,1214.0,1138.0,1266.0,1136.0,1916.0,1132.0,1856.0,1016.0,0.258946595705634,0.2814998096688237,0.2115085536547434,0.2071414079935078,0.2315468243372115,0.2312068264932954,0.2599055635393143,0.2587109997722614,0.4422691452349035,0.2782010321946424,0.44271454363711027,0.2514229151200198,0.0535605599513084,-0.0559085133418043,-0.02911051212938,0.2047012732615083,-0.1025991792065663,-0.1374613003095975,-0.0900255754475702,0.3051681706316653,-0.0884543761638734,0.054415274463007,0.1434570721944876,-0.1347952282133125,-0.0784682677230337,-0.1813107547132691,-0.103903921097969,0.0466281310211946,Healthcare,35.0,1.0,92,8.555259392222693,5449.0,4929.0,10.406805060811797,9.456731590010083,10.4208517531417,9.37092743662413
BMY,2018Q2,2018,Q2,0,1,0,0,5704.0,4106.0,1598.0,3547.0,1131.0,719.0,559.0,517.0,373.0,2416.0,2789.0,32641.0,12317.0,33083.0,12793.0,0.423562412342216,0.1982819074333801,0.7198457223001402,0.0980014025245441,0.0653927068723702,1230.0,1411.0,1479.0,1088.0,1021.0,1214.0,1138.0,1266.0,1136.0,1916.0,1132.0,1856.0,0.2368573079145003,0.258946595705634,0.2814998096688237,0.2115085536547434,0.2071414079935078,0.2315468243372115,0.2312068264932954,0.2599055635393143,0.2587109997722614,0.44249184443600675,0.2782010321946424,0.44293724283821384,0.1088646967340591,-0.5927947598253276,0.0928932659036465,1.2205882352941178,-0.5385109114249037,-0.6278295605858855,-0.6007722007722007,0.1521268925739005,-0.0308483290488431,0.572949002217295,1.0025781701179772,-0.1259964594367547,-0.0144034081682402,-0.6643680328986317,-0.6327728338957721,0.3917165668662674,Healthcare,35.0,2.0,93,8.649098262296176,5193.0,5144.0,10.393355081710641,9.418816886246988,10.406805060811797,9.456731590010083
BMY,2018Q3,2018,Q3,0,0,1,0,5691.0,4042.0,1649.0,2365.0,1103.0,2376.0,1677.0,2167.0,1901.0,1262.0,3163.0,33734.0,13640.0,32641.0,12317.0,0.2217536461078896,0.19381479529081,0.7102442452995958,0.2946758039008961,0.3340361975048322,2416.0,1230.0,1411.0,1479.0,1088.0,1021.0,1214.0,1138.0,1266.0,1136.0,1916.0,1132.0,0.423562412342216,0.2368573079145003,0.258946595705634,0.2814998096688237,0.2115085536547434,0.2071414079935078,0.2315468243372115,0.2312068264932954,0.2599055635393143,0.2587109997722614,0.44271454363711027,0.2782010321946424,0.0831747240197944,1.2497041420118342,0.0953929539295392,-0.1467207572684246,0.6744186046511629,0.5761278195488722,0.8317836010143702,0.0543478260869565,-0.038360941586748,-0.0993907083015993,-0.212242287592392,-0.1122031957646765,0.0112800175620804,0.4551002572324325,1.0769540611720574,0.3610154905335627,Healthcare,35.0,3.0,94,8.646816959209742,5704.0,5254.0,10.426291153061525,9.52083524249312,10.393355081710641,9.418816886246988
BMY,2018Q4,2018,Q4,0,0,0,1,5973.0,4285.0,1688.0,2695.0,1337.0,1725.0,1590.0,1505.0,1160.0,1358.0,2518.0,34986.0,14031.0,33734.0,13640.0,0.2273564373011886,0.2238406161058094,0.7173949439142809,0.2661978905072827,0.1942072660304704,1262.0,2416.0,1230.0,1411.0,1479.0,1088.0,1021.0,1214.0,1138.0,1266.0,1136.0,1916.0,0.2217536461078896,0.423562412342216,0.2368573079145003,0.258946595705634,0.2814998096688237,0.2115085536547434,0.2071414079935078,0.2315468243372115,0.2312068264932954,0.2599055635393143,0.2587109997722614,0.44293724283821384,0.0961644338410716,-1.4982817869415808,0.1408413205537806,-0.0375620127569099,0.8234672304439747,0.5451895043731778,1.156160458452722,-0.0029533372711163,0.0159574468085106,-0.0117345067840117,-0.121994878203985,-0.0731705796652311,0.040757467888423,0.4096329498291386,-1.4545684676116983,-3.745910577971647,Healthcare,35.0,4.0,95,8.695171998776056,5691.0,5449.0,10.462731842903445,9.549095714611964,10.426291153061525,9.52083524249312
BMY,2019Q1,2019,Q1,1,0,0,0,5920.0,4088.0,1832.0,2305.0,1005.0,2194.0,1783.0,1979.0,1710.0,1300.0,3010.0,34834.0,15218.0,34986.0,14031.0,0.2195945945945946,0.1697635135135135,0.6905405405405406,0.3011824324324324,0.2888513513513513,1358.0,1262.0,2416.0,1230.0,1411.0,1479.0,1088.0,1021.0,1214.0,1138.0,1266.0,1136.0,0.2273564373011886,0.2217536461078896,0.423562412342216,0.2368573079145003,0.258946595705634,0.2814998096688237,0.2115085536547434,0.2071414079935078,0.2315468243372115,0.2312068264932954,0.2599055635393143,0.2587109997722614,0.1399961486616598,0.1507402422611037,0.1349250416435314,0.056910569105691,0.1148373983739836,0.2799712849964106,0.1124227093872962,0.1514770584538025,0.0265577119509703,0.0434585785423269,-0.0728823335530652,-0.0995077367970626,-0.0044483545177603,0.1227856221260743,0.0094246753482958,0.1082474226804124,Healthcare,35.0,1.0,96,8.686260632531775,5973.0,5193.0,10.45837790746422,9.6302999262348,10.462731842903445,9.549095714611964
BMY,2019Q2,2019,Q2,0,1,0,0,6273.0,4403.0,1870.0,2385.0,1076.0,2068.0,2018.0,1776.0,1432.0,1309.0,2741.0,55163.0,16049.0,34834.0,15218.0,0.2086720867208672,0.1715287741112705,0.7018970189701897,0.3216961581380519,0.2282799298581221,1300.0,1358.0,1262.0,2416.0,1230.0,1411.0,1479.0,1088.0,1021.0,1214.0,1138.0,1266.0,0.2195945945945946,0.2273564373011886,0.2217536461078896,0.423562412342216,0.2368573079145003,0.258946595705634,0.2814998096688237,0.2115085536547434,0.2071414079935078,0.2315468243372115,0.2312068264932954,0.2599055635393143,0.0997545582047685,2.839142091152815,0.0723331709693131,-0.4581953642384105,1.8762169680111267,2.6100178890876564,2.4352030947775627,0.1702127659574468,-0.048629531388152,-0.3276007893994925,-0.5073404045298731,-0.1349247325104448,-0.0249340973682506,2.2825668801779044,2.490908096275412,-0.0172104697024022,Healthcare,35.0,2.0,97,8.744169388750624,5920.0,5704.0,10.918065845594228,9.683464128558162,10.45837790746422,9.6302999262348
BMY,2019Q3,2019,Q3,0,0,1,0,6007.0,4219.0,1788.0,2417.0,1055.0,1729.0,1802.0,1349.0,1353.0,1362.0,2715.0,57433.0,17648.0,55163.0,16049.0,0.2267354752788413,0.1756284334942567,0.702347261528217,0.299983352755119,0.2252372232395538,1309.0,1300.0,1358.0,1262.0,2416.0,1230.0,1411.0,1479.0,1088.0,1021.0,1214.0,1138.0,0.2086720867208672,0.2195945945945946,0.2273564373011886,0.2217536461078896,0.423562412342216,0.2368573079145003,0.258946595705634,0.2814998096688237,0.2115085536547434,0.2071414079935078,0.2315468243372115,0.2312068264932954,0.0555262695484097,-0.2882693319305628,0.0437902028698664,0.0792393026941362,-0.2723063973063973,0.0745378652355397,-0.3774803876326719,0.0842935112189204,-0.043517679057117,0.0219873150105707,0.0224656020696405,-0.0938337125876566,-0.0111186874425821,0.0180114851099477,-0.3257101328478164,-0.1416376857413848,Healthcare,35.0,3.0,98,8.700847193443972,6273.0,5691.0,10.958391741441599,9.778434403532566,10.918065845594228,9.683464128558162
BMY,2019Q4,2019,Q4,0,0,0,1,7945.0,4415.0,3530.0,3714.0,1726.0,1386.0,701.0,-129.0,-1056.0,1988.0,932.0,129944.0,51598.0,57433.0,17648.0,0.2502202643171806,0.2172435494021397,0.5556954059156702,0.0882315921963499,-0.1329137822529893,1362.0,1309.0,1300.0,1358.0,1262.0,2416.0,1230.0,1411.0,1479.0,1088.0,1021.0,1214.0,0.2267354752788413,0.2086720867208672,0.2195945945945946,0.2273564373011886,0.2217536461078896,0.423562412342216,0.2368573079145003,0.258946595705634,0.2814998096688237,0.2115085536547434,0.2071414079935078,0.2315468243372115,0.3301523522517997,-1.910344827586207,0.0303383897316218,0.4639175257731958,-0.1965217391304348,-0.5591194968553459,-1.0857142857142856,1.0912322274881516,0.2909498878085266,0.3781076066790352,0.1005637987971428,-0.0294721611226771,-0.22539821247741,-0.6685488678057874,-1.6843913977561251,-0.6298649722001588,Healthcare,35.0,4.0,99,8.980423936374544,6007.0,5973.0,11.77486656299235,10.851257571436902,10.958391741441599,9.778434403532566
BMY,2020Q1,2020,Q1,1,0,0,0,10781.0,4850.0,5931.0,3922.0,1606.0,2535.0,928.0,-304.0,-775.0,2316.0,1541.0,129285.0,49911.0,129944.0,51598.0,0.2148223726927001,0.1489657731193766,0.4498655041276319,0.0860773583155551,-0.0718857248863741,1988.0,1362.0,1309.0,1300.0,1358.0,1262.0,2416.0,1230.0,1411.0,1479.0,1088.0,1021.0,0.2502202643171806,0.2267354752788413,0.2086720867208672,0.2195945945945946,0.2273564373011886,0.2217536461078896,0.423562412342216,0.2368573079145003,0.258946595705634,0.2814998096688237,0.2115085536547434,0.2071414079935078,0.821114864864865,-1.453216374269006,0.186399217221135,0.7815384615384615,0.1554238833181402,-0.4795288839035333,-1.1536129358261749,2.2374454148471616,0.5980099502487561,0.7015184381778743,-0.0217319643532425,-0.1225100727694429,-0.3485313638856211,-0.7142019286438102,-1.2488675387879151,-0.4880398671096345,Healthcare,35.0,1.0,100,9.285633356011614,7945.0,5920.0,11.769782283569059,10.818016733790623,11.77486656299235,10.851257571436902
BMY,2020Q2,2020,Q2,0,1,0,0,10129.0,5049.0,5080.0,4110.0,1627.0,4542.0,939.0,1627.0,-85.0,2483.0,2398.0,128076.0,49094.0,129285.0,49911.0,0.2451377233685457,0.1606279000888537,0.4984697403494915,0.092704116892092,-0.0083917464705301,2316.0,1988.0,1362.0,1309.0,1300.0,1358.0,1262.0,2416.0,1230.0,1411.0,1479.0,1088.0,0.2148223726927001,0.2502202643171806,0.2267354752788413,0.2086720867208672,0.2195945945945946,0.2273564373011886,0.2217536461078896,0.423562412342216,0.2368573079145003,0.258946595705634,0.2814998096688237,0.2115085536547434,0.6146979116849991,-1.0593575418994414,0.1467181467181466,0.8968678380443087,1.1963249516441006,-0.5346878097125867,-0.0838963963963963,1.716577540106952,0.512081784386617,0.7232704402515724,0.1747509080908231,-0.0635512850767845,-0.2898249645213808,-0.7118270935262174,-1.036760772073768,-0.125136811382707,Healthcare,35.0,2.0,101,9.22325659724273,10781.0,6273.0,11.760386924535565,10.80151247560339,11.769782283569059,10.818016733790623
BMY,2020Q3,2020,Q3,0,0,1,0,10540.0,5562.0,4978.0,4196.0,1700.0,5258.0,1366.0,2257.0,1872.0,2496.0,4368.0,125536.0,50158.0,128076.0,49094.0,0.2368121442125237,0.1612903225806451,0.5277039848197344,0.1296015180265654,0.1776091081593928,2483.0,2316.0,1988.0,1362.0,1309.0,1300.0,1358.0,1262.0,2416.0,1230.0,1411.0,1479.0,0.2451377233685457,0.2148223726927001,0.2502202643171806,0.2267354752788413,0.2086720867208672,0.2195945945945946,0.2273564373011886,0.2217536461078896,0.423562412342216,0.2368573079145003,0.258946595705634,0.2814998096688237,0.7546196104544698,0.3835920177383591,0.3183218772220906,0.8325991189427313,2.041064198958936,-0.2419533851276359,0.6730911786508524,1.7841163310961967,0.6113744075829384,0.7360364087712039,0.0444424010900366,-0.0816388931356061,-0.2486565923649811,-0.5679709662677144,-0.2114575663610698,0.6088397790055249,Healthcare,35.0,3.0,102,9.26302769425519,10129.0,6007.0,11.740355814820019,10.822953238903926,11.760386924535565,10.80151247560339
BMY,2020Q4,2020,Q4,0,0,0,1,11068.0,6239.0,4829.0,5508.0,2718.0,-7406.0,731.0,-10451.0,-10027.0,2790.0,-7237.0,118481.0,37822.0,125536.0,50158.0,0.2520780628839899,0.2455728225514998,0.5636971449222985,0.0660462594868088,-0.9059450668594146,2496.0,2483.0,2316.0,1988.0,1362.0,1309.0,1300.0,1358.0,1262.0,2416.0,1230.0,1411.0,0.2368121442125237,0.2451377233685457,0.2148223726927001,0.2502202643171806,0.2267354752788413,0.2086720867208672,0.2195945945945946,0.2273564373011886,0.2217536461078896,0.423562412342216,0.2368573079145003,0.258946595705634,0.3930774071743235,8.495265151515152,0.4131370328425821,0.403420523138833,-6.343434343434343,0.042796005706134,80.01550387596899,0.3679886685552407,0.574739281575898,0.4830371567043618,0.0074246527229875,0.130403288048474,0.0143995054150989,-0.2514443200817461,5.816035564581485,-8.765021459227468,Healthcare,35.0,4.0,103,9.311903687385623,10540.0,7945.0,11.682516329285365,10.540672662176004,11.740355814820019,10.822953238903926
BMY,2021Q1,2021,Q1,1,0,0,0,11073.0,6088.0,4985.0,3891.0,1667.0,5551.0,2197.0,2530.0,2021.0,2224.0,4245.0,112435.0,37605.0,118481.0,37822.0,0.200848911767362,0.1505463740630362,0.5498058340106565,0.1984105481802582,0.1825160299828411,2790.0,2496.0,2483.0,2316.0,1988.0,1362.0,1309.0,1300.0,1358.0,1262.0,2416.0,1230.0,0.2520780628839899,0.2368121442125237,0.2451377233685457,0.2148223726927001,0.2502202643171806,0.2267354752788413,0.2086720867208672,0.2195945945945946,0.2273564373011886,0.2217536461078896,0.423562412342216,0.2368573079145003,0.0270846860217048,-3.607741935483871,0.2552577319587628,-0.0397236614853194,1.18974358974359,1.3674568965517242,-9.322368421052632,-0.1595009273309728,0.0379825653798255,-0.0079041305456399,-0.0650465812763686,0.0106104973683647,0.2221560198904923,1.3050259913053497,-3.5389746054774327,1.7547047371836468,Healthcare,35.0,1.0,104,9.312355297382913,11068.0,10781.0,11.630139449859042,10.534918891115419,11.682516329285365,10.540672662176004
BMY,2021Q2,2021,Q2,0,1,0,0,11703.0,6711.0,4992.0,5153.0,1882.0,4595.0,1558.0,1553.0,1055.0,3271.0,4326.0,110797.0,36808.0,112435.0,37605.0,0.2795009826540203,0.1608134666324873,0.5734427069982055,0.1331282577116978,0.0901478253439289,2224.0,2790.0,2496.0,2483.0,2316.0,1988.0,1362.0,1309.0,1300.0,1358.0,1262.0,2416.0,0.200848911767362,0.2520780628839899,0.2368121442125237,0.2451377233685457,0.2148223726927001,0.2502202643171806,0.2267354752788413,0.2086720867208672,0.2195945945945946,0.2273564373011886,0.2217536461078896,0.423562412342216,0.1553953993484056,-13.411764705882351,0.3291740938799763,0.3173580346355216,0.0116688683399384,0.6592119275825346,-0.0454824830977258,-0.0173228346456693,0.1567301782421635,0.2537712895377129,0.1401794012495256,0.001155257234459,0.1504062545424489,0.4360555083725108,-11.742439093043012,0.8040033361134278,Healthcare,35.0,2.0,105,9.36768594269996,11073.0,10129.0,11.61546400259089,10.513497659473217,11.630139449859042,10.534918891115419
BMY,2021Q3,2021,Q3,0,0,1,0,11624.0,6769.0,4855.0,5037.0,1787.0,5212.0,1732.0,2157.0,1546.0,3250.0,4796.0,110893.0,37213.0,110797.0,36808.0,0.2795939435650378,0.1537336545079146,0.5823296627666896,0.149002064693737,0.1330006882312457,3271.0,2224.0,2790.0,2496.0,2483.0,2316.0,1988.0,1362.0,1309.0,1300.0,1358.0,1262.0,0.2795009826540203,0.200848911767362,0.2520780628839899,0.2368121442125237,0.2451377233685457,0.2148223726927001,0.2502202643171806,0.2267354752788413,0.2086720867208672,0.2195945945945946,0.2273564373011886,0.2217536461078896,0.1028462998102466,-0.1741452991452992,0.2170082704063287,0.3020833333333332,-0.0087485736021301,0.2679355783308932,-0.0443066016836508,-0.0247087183607874,0.0511764705882353,0.2004289799809342,0.1806571174581326,-0.0468513420509291,0.1035157579217742,0.1496938227466975,-0.251160654937324,0.097985347985348,Healthcare,35.0,3.0,106,9.360913230455557,11703.0,10540.0,11.616330069079538,10.524440313547586,11.61546400259089,10.513497659473217
BMY,2021Q4,2021,Q4,0,0,0,1,11985.0,7193.0,4792.0,4959.0,2352.0,4760.0,2234.0,1858.0,2372.0,2607.0,4979.0,109314.0,35946.0,110893.0,37213.0,0.2175219023779724,0.1962453066332916,0.6001668752607426,0.1863996662494785,0.1979140592407175,3250.0,3271.0,2224.0,2790.0,2496.0,2483.0,2316.0,1988.0,1362.0,1309.0,1300.0,1358.0,0.2795939435650378,0.2795009826540203,0.200848911767362,0.2520780628839899,0.2368121442125237,0.2451377233685457,0.2148223726927001,0.2502202643171806,0.2267354752788413,0.2086720867208672,0.2195945945945946,0.2273564373011886,0.0828514636790747,-1.2365612845317642,0.1529091200512902,-0.0655913978494623,-1.6427221172022684,2.0560875512995898,-1.1777820304277102,-0.0076620418306067,-0.1346578366445916,-0.099673202614379,-0.1370851557278137,-0.200867161950967,0.0646973834566275,1.8222592422014068,-1.218461434893414,-1.6879922619870111,Healthcare,35.0,4.0,107,9.391494581018131,11624.0,11068.0,11.601988901710987,10.489800910432063,11.616330069079538,10.524440313547586
BMY,2022Q1,2022,Q1,1,0,0,0,11648.0,6760.0,4888.0,4049.0,1829.0,4597.0,2711.0,1687.0,1278.0,2220.0,3498.0,103034.0,31580.0,109314.0,35946.0,0.1905906593406593,0.1570226648351648,0.5803571428571429,0.2327438186813187,0.1097184065934065,2607.0,3250.0,3271.0,2224.0,2790.0,2496.0,2483.0,2316.0,1988.0,1362.0,1309.0,1300.0,0.2175219023779724,0.2795939435650378,0.2795009826540203,0.200848911767362,0.2520780628839899,0.2368121442125237,0.2451377233685457,0.2148223726927001,0.2502202643171806,0.2267354752788413,0.2086720867208672,0.2195945945945946,0.0519281134290616,-0.367639782285997,0.1103810775295663,-0.0017985611510791,-0.1718609259592866,0.2339553937187073,-0.3332015810276679,-0.0194583751253761,0.0971805638872225,0.0406065278848624,-0.0510744735255752,0.0430185769164848,0.0555674511920407,0.1730415586063913,-0.3988560533355808,-0.1759717314487632,Healthcare,35.0,1.0,108,9.362975618399776,11985.0,11073.0,11.542824015316091,10.360310952919434,11.601988901710987,10.489800910432063
BMY,2022Q2,2022,Q2,0,1,0,0,11887.0,6793.0,5094.0,4104.0,1783.0,4854.0,2689.0,1958.0,1421.0,2321.0,3742.0,100357.0,32600.0,103034.0,31580.0,0.1952553209388407,0.1499957937242365,0.5714646252208295,0.2262135105577521,0.1195423571969378,2220.0,2607.0,3250.0,3271.0,2224.0,2790.0,2496.0,2483.0,2316.0,1988.0,1362.0,1309.0,0.1905906593406593,0.2175219023779724,0.2795939435650378,0.2795009826540203,0.200848911767362,0.2520780628839899,0.2368121442125237,0.2451377233685457,0.2148223726927001,0.2502202643171806,0.2267354752788413,0.2086720867208672,0.0157224643253865,0.3469194312796209,0.0122187453434658,-0.2904310608376643,0.0563656147986941,0.7259306803594352,0.2607855763039279,0.0204326923076922,-0.0526036131774707,-0.203570735493887,-0.301414545720803,-0.0672684516712325,-0.0034494845836137,0.6992148357236028,0.3260703377021452,-0.1349976883957466,Healthcare,35.0,2.0,109,9.38328476695754,11648.0,11703.0,11.516499072023517,10.392098241730961,11.542824015316091,10.360310952919434
BMY,2022Q3,2022,Q3,0,0,1,0,11218.0,6447.0,4771.0,4217.0,1857.0,5096.0,2230.0,2209.0,1606.0,2360.0,3966.0,98196.0,32671.0,100357.0,32600.0,0.2103761811374576,0.1655375289712961,0.5747013727937244,0.1987876626849705,0.1431627741130326,2321.0,2220.0,2607.0,3250.0,3271.0,2224.0,2790.0,2496.0,2483.0,2316.0,1988.0,1362.0,0.1952553209388407,0.1905906593406593,0.2175219023779724,0.2795939435650378,0.2795009826540203,0.200848911767362,0.2520780628839899,0.2368121442125237,0.2451377233685457,0.2148223726927001,0.2502202643171806,0.2267354752788413,-0.0349277357192016,0.0388098318240621,-0.0475698035160289,-0.2738461538461538,-0.0222563315425939,0.2875288683602772,0.0241075567918405,-0.0173017507723995,0.0391717963066591,-0.1627953146714313,-0.2475653139871361,0.076781330029293,-0.0130996074229203,0.3341269001443985,0.0764062653880279,-0.1730608840700583,Healthcare,35.0,3.0,110,9.325364048544964,11887.0,11624.0,11.494730943977732,10.394273720964392,11.516499072023517,10.392098241730961
BMY,2022Q4,2022,Q4,0,0,0,1,11406.0,6490.0,4916.0,4776.0,2266.0,4674.0,1714.0,1859.0,2022.0,2510.0,4532.0,96820.0,31061.0,98196.0,32671.0,0.2200596177450464,0.1986673680519025,0.5689987725758373,0.1502717867788883,0.1772751183587585,2360.0,2321.0,2220.0,2607.0,3250.0,3271.0,2224.0,2790.0,2496.0,2483.0,2316.0,1988.0,0.2103761811374576,0.1952553209388407,0.1905906593406593,0.2175219023779724,0.2795939435650378,0.2795009826540203,0.200848911767362,0.2520780628839899,0.2368121442125237,0.2451377233685457,0.2148223726927001,0.2502202643171806,-0.0483103879849812,-0.1475548060708262,-0.0977339079660781,-0.0372075182201764,-0.0180672268907563,-0.2327663384064457,0.0005382131324003,0.0258764607679464,-0.0365646258503401,-0.0369026013309135,0.0116664820385046,0.0123420093971307,-0.0519323940885013,-0.1938194429073516,-0.104282338309561,-0.0897770636674031,Healthcare,35.0,4.0,111,9.341982481027898,11218.0,11985.0,11.480619191884884,10.343740486129956,11.494730943977732,10.394273720964392
BMY,2023Q1,2023,Q1,1,0,0,0,11337.0,6516.0,4821.0,4063.0,1762.0,5487.0,2453.0,2770.0,2262.0,2301.0,4563.0,94281.0,31824.0,96820.0,31061.0,0.2029637470230219,0.1554203051953779,0.5747552262503308,0.2163711740319308,0.1995236835141572,2510.0,2360.0,2321.0,2220.0,2607.0,3250.0,3271.0,2224.0,2790.0,2496.0,2483.0,2316.0,0.2200596177450464,0.2103761811374576,0.1952553209388407,0.1905906593406593,0.2175219023779724,0.2795939435650378,0.2795009826540203,0.200848911767362,0.2520780628839899,0.2368121442125237,0.2451377233685457,0.2148223726927001,-0.0266998626373626,0.7699530516431925,-0.036094674556213,0.0364864864864864,0.1936045246900153,-0.0951678347473257,0.6419679905157083,-0.0137070376432079,-0.0366320393657736,0.0034576438626821,0.064919696091964,-0.0102046391931314,-0.0096525332301993,-0.0703462061512614,0.8185069370679992,0.304459691252144,Healthcare,35.0,1.0,112,9.33591519488425,11406.0,11648.0,11.454045570231939,10.368007423425608,11.480619191884884,10.343740486129956
BMY,2023Q2,2023,Q2,0,1,0,0,11226.0,6129.0,5097.0,4186.0,1928.0,4573.0,1943.0,1859.0,2073.0,2258.0,4331.0,93489.0,31973.0,94281.0,31824.0,0.2011402102262604,0.1717441653304828,0.5459647247461251,0.1730803491893817,0.1846606092998396,2301.0,2510.0,2360.0,2321.0,2220.0,2607.0,3250.0,3271.0,2224.0,2790.0,2496.0,2483.0,0.2029637470230219,0.2200596177450464,0.2103761811374576,0.1952553209388407,0.1905906593406593,0.2175219023779724,0.2795939435650378,0.2795009826540203,0.200848911767362,0.2520780628839899,0.2368121442125237,0.2451377233685457,-0.0556069655926642,0.4588318085855032,-0.0977476814367731,-0.0271434726411029,-0.0578903996703749,-0.2774265526217925,-0.050561797752809,0.0005889281507656,0.0813236118900728,0.0199805068226119,0.0301394566822741,0.1449932099178066,-0.0446220104435169,-0.2348805835573888,0.5447295304343378,0.1574024585783002,Healthcare,35.0,2.0,113,9.32607687045878,11337.0,11887.0,11.44560975768536,10.372678351524836,11.454045570231939,10.368007423425608
BMY,2023Q3,2023,Q3,0,0,1,0,10966.0,6220.0,4746.0,4116.0,1938.0,4852.0,2104.0,2137.0,1928.0,2178.0,4106.0,91263.0,28998.0,93489.0,31973.0,0.1986138975013678,0.1767280685755973,0.5672077329928871,0.1918657669159219,0.1758161590370235,2258.0,2301.0,2510.0,2360.0,2321.0,2220.0,2607.0,3250.0,3271.0,2224.0,2790.0,2496.0,0.2011402102262604,0.2029637470230219,0.2200596177450464,0.2103761811374576,0.1952553209388407,0.1905906593406593,0.2175219023779724,0.2795939435650378,0.2795009826540203,0.200848911767362,0.2520780628839899,0.2368121442125237,-0.0224638973078979,0.2004981320049812,-0.0352101752753218,-0.0771186440677965,-0.0478806907378336,-0.0565022421524663,-0.0325939339067451,-0.0052399916160134,0.0436187399030694,-0.0239506758359022,-0.0559107194193453,0.0676012241685786,-0.013039188969411,-0.0348205501063622,0.2280857235848878,0.0353000504286433,Healthcare,35.0,3.0,114,9.302646042760209,11226.0,11218.0,11.421511684333913,10.275016625615446,11.44560975768536,10.372678351524836
BMY,2023Q4,2023,Q4,0,0,0,1,11477.0,6492.0,4985.0,4540.0,2064.0,4454.0,1952.0,1674.0,1762.0,2476.0,4238.0,95159.0,29430.0,91263.0,28998.0,0.215735819465017,0.1798379367430513,0.5656530452208766,0.1700792890128082,0.1535244401847172,2178.0,2258.0,2301.0,2510.0,2360.0,2321.0,2220.0,2607.0,3250.0,3271.0,2224.0,2790.0,0.1986138975013678,0.2011402102262604,0.2029637470230219,0.2200596177450464,0.2103761811374576,0.1952553209388407,0.1905906593406593,0.2175219023779724,0.2795939435650378,0.2795009826540203,0.200848911767362,0.2520780628839899,0.006224793968087,-0.1285855588526211,0.0003081664098614,-0.0135458167330677,-0.047068891741549,0.1388564760793464,-0.0995158687466379,0.0140358014646053,-0.089143865842895,-0.0494137353433835,-0.0196483040565801,-0.0947786820426993,-0.0058800256102746,0.13181118464416,-0.1339763774743397,-0.0648720211827007,Healthcare,35.0,4.0,115,9.348187438668308,10966.0,11406.0,11.463314964416893,10.289803819583309,11.421511684333913,10.275016625615446
BMY,2024Q1,2024,Q1,1,0,0,0,11865.0,6590.0,5275.0,5055.0,2361.0,-8559.0,1535.0,-11516.0,-11911.0,2694.0,-9217.0,99031.0,16490.0,95159.0,29430.0,0.2270543615676359,0.1989886219974715,0.5554150863885378,0.1293721028234302,-1.0038769490096924,2476.0,2178.0,2258.0,2301.0,2510.0,2360.0,2321.0,2220.0,2607.0,3250.0,3271.0,2224.0,0.215735819465017,0.1986138975013678,0.2011402102262604,0.2029637470230219,0.2200596177450464,0.2103761811374576,0.1952553209388407,0.1905906593406593,0.2175219023779724,0.2795939435650378,0.2795009826540203,0.200848911767362,0.0465731675046308,-6.265694076038904,0.0113566605279311,0.1707953063885268,-2.55986878075451,-0.374235629841011,-5.15740072202166,0.0941713337481851,0.3399545970488082,0.244154565591927,0.1186941751813506,0.2803257704797588,-0.0336493501554862,-0.4020825398657852,-6.031367361150699,-3.01994301994302,Healthcare,35.0,1.0,116,9.381432446818588,11477.0,11337.0,11.503198309211646,9.71057005652877,11.463314964416893,10.289803819583309
BMY,2024Q2,2024,Q2,0,1,0,0,12201.0,6801.0,5400.0,4217.0,1922.0,4403.0,2584.0,1286.0,1680.0,2295.0,3975.0,94646.0,17015.0,99031.0,16490.0,0.1880993361199901,0.1575280714695516,0.5574133267764937,0.2117859191869519,0.1376936316695352,2694.0,2476.0,2178.0,2258.0,2301.0,2510.0,2360.0,2321.0,2220.0,2607.0,3250.0,3271.0,0.2270543615676359,0.215735819465017,0.1986138975013678,0.2011402102262604,0.2029637470230219,0.2200596177450464,0.2103761811374576,0.1952553209388407,0.1905906593406593,0.2175219023779724,0.2795939435650378,0.2795009826540203,0.086851950828434,-0.1895803183791606,0.109642682329907,0.0163861824623561,-0.037174721189591,0.3299022130725682,-0.3082302313071544,0.0594467333725721,-0.0031120331950207,0.0074056378404203,-0.0648347443387912,-0.0827748286736582,0.0209694903561621,0.223627755426002,-0.2543421567186671,-0.0821981066728237,Healthcare,35.0,2.0,117,9.409355151711798,11865.0,11226.0,11.457909460414072,9.741909356880074,11.503198309211646,9.71057005652877
BMY,2024Q3,2024,Q3,0,0,1,0,11892.0,6617.0,5275.0,4329.0,1976.0,4773.0,2288.0,1676.0,1211.0,2353.0,3564.0,93670.0,17142.0,94646.0,17015.0,0.1978641103262697,0.1661621257988563,0.5564244870501177,0.1923982509249916,0.101833165153044,2295.0,2694.0,2476.0,2178.0,2258.0,2301.0,2510.0,2360.0,2321.0,2220.0,2607.0,3250.0,0.1880993361199901,0.2270543615676359,0.215735819465017,0.1986138975013678,0.2011402102262604,0.2029637470230219,0.2200596177450464,0.2103761811374576,0.1952553209388407,0.1905906593406593,0.2175219023779724,0.2795939435650378,0.0844428232719314,-0.3718879668049792,0.0638263665594855,0.0803489439853075,-0.0162819455894476,0.0874524714828897,-0.2157229761347683,0.1114622840286556,0.0196078431372548,0.0517492711370262,-0.0037750992479916,-0.0597864440091543,-0.0190111053068181,0.0027752945073469,-0.4207974641762027,-0.1320019483682416,Healthcare,35.0,3.0,118,9.383705270727246,12201.0,10966.0,11.447543921922854,9.749345206007481,11.457909460414072,9.741909356880074
BMY,2024Q4,2024,Q4,0,0,0,1,12342.0,7424.0,4918.0,4893.0,2105.0,2551.0,2531.0,175.0,72.0,2788.0,2860.0,92603.0,16335.0,93670.0,17142.0,0.2258953168044077,0.1705558256360395,0.601523253929671,0.2050721114892238,0.0058337384540593,2353.0,2295.0,2694.0,2476.0,2178.0,2258.0,2301.0,2510.0,2360.0,2321.0,2220.0,2607.0,0.1978641103262697,0.1880993361199901,0.2270543615676359,0.215735819465017,0.1986138975013678,0.2011402102262604,0.2029637470230219,0.2200596177450464,0.2103761811374576,0.1952553209388407,0.1905906593406593,0.2175219023779724,0.0753681275594668,-0.9591373439273552,0.1435613062230436,0.1260096930533119,-0.4272563987427031,0.2966188524590163,-0.8954599761051374,-0.0134403209628887,0.0198643410852712,0.0777533039647577,0.047092306528347,-0.0516137544453363,0.0634137993454764,0.2057441719066708,-0.962001239365926,-0.3251533742331288,Healthcare,35.0,4.0,119,9.42084437974393,11892.0,11477.0,11.436087616245603,9.701126540404447,11.447543921922854,9.749345206007481
BMY,2025Q1,2025,Q1,1,0,0,0,11201.0,7340.0,3861.0,3819.0,1583.0,4477.0,3521.0,2971.0,2456.0,2236.0,4692.0,92427.0,17389.0,92603.0,16335.0,0.1996250334791536,0.1413266672618516,0.6552986340505312,0.3143469333095259,0.2192661369520578,2788.0,2353.0,2295.0,2694.0,2476.0,2178.0,2258.0,2301.0,2510.0,2360.0,2321.0,2220.0,0.2258953168044077,0.1978641103262697,0.1880993361199901,0.2270543615676359,0.215735819465017,0.1986138975013678,0.2011402102262604,0.2029637470230219,0.2200596177450464,0.2103761811374576,0.1952553209388407,0.1905906593406593,-0.0559629161399073,-1.20619595332046,0.1138088012139606,-0.170007423904974,-1.5230751255987849,1.2938110749185667,-1.2579888850295242,-0.2680568720379147,-0.3295213892418467,-0.2445103857566766,-0.120805114242703,-0.2897751346624865,0.1798358562988697,1.429789162030961,-1.218419336322405,-1.5090593468590647,Healthcare,35.0,1.0,120,9.323847612769777,12342.0,11865.0,11.434185242028397,9.763650607348328,11.436087616245603,9.701126540404447
BMY,2025Q2,2025,Q2,0,1,0,0,12269.0,8070.0,4199.0,3953.0,1691.0,3287.0,4117.0,1773.0,1310.0,2262.0,3572.0,94676.0,17435.0,92427.0,17389.0,0.1843671040834623,0.1378270437688483,0.6577553182818485,0.3355611704295378,0.1067731681473632,2236.0,2788.0,2353.0,2295.0,2694.0,2476.0,2178.0,2258.0,2301.0,2510.0,2360.0,2321.0,0.1996250334791536,0.2258953168044077,0.1978641103262697,0.1880993361199901,0.2270543615676359,0.215735819465017,0.1986138975013678,0.2011402102262604,0.2029637470230219,0.2200596177450464,0.2103761811374576,0.1952553209388407,0.0055733136628144,-0.2202380952380952,0.1865902073224525,-0.0143790849673202,-0.2534635475811946,0.5932662538699691,0.3786936236391913,-0.2224074074074074,-0.1201873048907388,-0.0626037467393881,-0.0198418139772006,-0.1250635998836011,0.1800136212846397,0.5844356967534023,-0.2245598663297741,-0.1013836477987421,Healthcare,35.0,2.0,121,9.414912537704957,11201.0,12201.0,11.458226377447845,9.766292313358283,11.434185242028397,9.763650607348328
