ticker,Year_Quarter,year,quarter,Q1,Q2,Q3,Q4,revenue,grossProfit,costOfRevenue,operatingExpenses,snaExpenses,ebitda,operatingIncome,incomeBeforeTax,netIncome,rnd,net_plus_rnd,totalAssets,totalEquity,totalAssets_lag1,totalEquity_lag1,rnd_to_rev_ratio,sna_to_rev_ratio,grossProfitRatio,operatingIncomeRatio,netIncomeRatio,rnd_lag1,rnd_lag2,rnd_lag3,rnd_lag4,rnd_lag5,rnd_lag6,rnd_lag7,rnd_lag8,rnd_lag9,rnd_lag10,rnd_lag11,rnd_lag12,rnd_to_rev_ratio_lag1,rnd_to_rev_ratio_lag2,rnd_to_rev_ratio_lag3,rnd_to_rev_ratio_lag4,rnd_to_rev_ratio_lag5,rnd_to_rev_ratio_lag6,rnd_to_rev_ratio_lag7,rnd_to_rev_ratio_lag8,rnd_to_rev_ratio_lag9,rnd_to_rev_ratio_lag10,rnd_to_rev_ratio_lag11,rnd_to_rev_ratio_lag12,revenue_yoy,netIncome_yoy,grossProfit_yoy,rnd_yoy,ebitda_yoy,operatingIncome_yoy,incomeBeforeTax_yoy,costOfRevenue_yoy,snaExpenses_yoy,operatingExpenses_yoy,rnd_to_rev_ratio_yoy,sna_to_rev_ratio_yoy,grossProfitRatio_yoy,operatingIncomeRatio_yoy,netIncomeRatio_yoy,net_plus_rnd_yoy,gics_sectors,gics_sector_code,quarter_int,time_idx,revenue_log,revenue_lag1,revenue_lag4,totalAssets_log,totalEquity_log,totalAssets_lag1_log,totalEquity_lag1_log
BSX,1995Q2,1995,Q2,0,1,0,0,227.3,161.1,66.2,85.9,69.5,75.2,75.2,72.0,45.9,16.4,62.3,890.8,585.3,871.1,527.3,0.0721513418389793,0.3057633084029916,0.7087549494060712,0.3308402991641003,0.201935767707875,15.8,,,,,,,,,,,,0.0732498840982846,,,,,,,,,,,,,,,,,,,,,,,,,,,,Healthcare,35.0,2.0,1,5.43066055353575,215.7,,6.793241892193376,6.373831603970169,6.77090409623294,6.26966430417027
BSX,1995Q3,1995,Q3,0,0,1,0,232.8,167.2,65.6,88.5,71.0,78.7,78.7,73.2,47.0,17.5,64.5,831.1,642.6,890.8,585.3,0.0751718213058419,0.3049828178694158,0.7182130584192439,0.3380584192439863,0.2018900343642611,16.4,15.8,,,,,,,,,,,0.0721513418389793,0.0732498840982846,,,,,,,,,,,,,,,,,,,,,,,,,,,Healthcare,35.0,3.0,2,5.454466049037968,227.3,,6.723952625906384,6.467077415118228,6.793241892193376,6.373831603970169
BSX,1995Q4,1995,Q4,0,0,0,1,431.2,350.4,80.8,293.4,303.2,57.0,57.0,-7.8,-16.3,0.0,-16.3,1075.0,753.0,831.1,642.6,0.0,0.7031539888682746,0.8126159554730983,0.1321892393320964,-0.0378014842300556,17.5,16.4,15.8,,,,,,,,,,0.0751718213058419,0.0721513418389793,0.0732498840982846,,,,,,,,,,,,,,,,,,,,,,,,,,Healthcare,35.0,4.0,3,6.068888444072786,232.8,,6.98100574072173,6.625392368007956,6.723952625906384,6.467077415118228
BSX,1996Q1,1996,Q1,1,0,0,0,322.4,236.8,85.6,133.7,107.9,172.1,103.1,32.8,-1.0,25.8,24.8,1241.6,795.5,1075.0,753.0,0.0800248138957816,0.3346774193548387,0.7344913151364765,0.3197890818858561,-0.0031017369727047,0.0,17.5,16.4,15.8,,,,,,,,,0.0,0.0751718213058419,0.0721513418389793,0.0732498840982846,,,,,,,,,0.4946685210941122,-0.9854227405247812,0.565102445472571,0.6329113924050633,1.319407008086253,0.389487870619946,-1.6259541984732824,0.3291925465838508,0.7601957585644374,0.7341115434500649,0.0924906555265885,0.1776495816450036,0.047123441341295,-0.0703705530622755,-0.9902471623176032,-1.4696969696969695,Healthcare,35.0,1.0,4,5.778889947143006,431.2,215.7,7.124961237629593,6.680227129350103,6.98100574072173,6.625392368007956
BSX,1996Q2,1996,Q2,0,1,0,0,357.2,262.3,94.9,151.0,122.3,171.5,111.3,47.8,23.5,28.7,52.2,1257.7,750.6,1241.6,795.5,0.0803471444568869,0.3423852183650616,0.7343225083986563,0.3115901455767077,0.0657894736842105,25.8,0.0,17.5,16.4,15.8,,,,,,,,0.0800248138957816,0.0,0.0751718213058419,0.0721513418389793,0.0732498840982846,,,,,,,,0.5714914210294764,-0.4880174291938998,0.6281812538795781,0.75,1.2805851063829787,0.4800531914893615,-0.3361111111111111,0.433534743202417,0.7597122302158272,0.7578579743888241,0.1135918253079508,0.1197720882644388,0.0360739053942558,-0.0581856371065735,-0.6742059396858159,-0.1621187800963081,Healthcare,35.0,2.0,5,5.881091489626612,322.4,227.3,7.137834721297459,6.622204267539311,7.124961237629593,6.680227129350103
BSX,1996Q3,1996,Q3,0,0,1,0,373.7,269.2,104.5,164.1,133.8,109.1,105.1,102.5,71.2,30.3,101.5,1357.2,831.1,1257.7,750.6,0.081081081081081,0.3580412095263581,0.7203639282847204,0.2812416376772812,0.1905271608241905,28.7,25.8,0.0,17.5,16.4,15.8,,,,,,,0.0803471444568869,0.0800248138957816,0.0,0.0751718213058419,0.0721513418389793,0.0732498840982846,,,,,,,0.6052405498281785,0.5148936170212766,0.6100478468899522,0.7314285714285715,0.386277001270648,0.3354510800508259,0.4002732240437159,0.5929878048780488,0.8845070422535213,0.8542372881355931,0.0786100386100387,0.1739717405314953,0.0029947518222663,-0.1680679383574197,-0.0562824885133709,0.5736434108527131,Healthcare,35.0,3.0,6,5.926125705799642,357.2,232.8,7.213915572679691,6.723952625906384,7.137834721297459,6.622204267539311
BSX,1996Q4,1996,Q4,0,0,0,1,408.7,354.1,54.6,331.7,355.1,-72.3,22.4,113.8,76.7,0.0,76.7,1512.1,916.3,1357.2,831.1,0.0,0.8688524590163935,0.866405676535356,0.0548079275752385,0.1876682162955713,30.3,28.7,25.8,0.0,17.5,16.4,15.8,,,,,,0.081081081081081,0.0803471444568869,0.0800248138957816,0.0,0.0751718213058419,0.0721513418389793,0.0732498840982846,,,,,,-0.0521799628942486,-5.705521472392638,0.0105593607305938,,-2.268421052631579,-0.6070175438596491,-15.58974358974359,-0.3242574257425742,0.1711741424802111,0.1305385139740968,,0.2356503308966651,0.0661932868779839,-0.5853828356062656,-5.964572691205544,-5.705521472392638,Healthcare,35.0,4.0,7,6.015425184552825,373.7,431.2,7.321915805457525,6.82143457251561,7.213915572679691,6.723952625906384
BSX,1997Q1,1997,Q1,1,0,0,0,399.2,286.0,113.2,178.1,144.4,112.8,107.9,108.4,75.4,33.7,109.1,1559.6,970.6,1512.1,916.3,0.0844188376753507,0.3617234468937876,0.7164328657314629,0.2702905811623247,0.188877755511022,0.0,30.3,28.7,25.8,0.0,17.5,16.4,15.8,,,,,0.0,0.081081081081081,0.0803471444568869,0.0800248138957816,0.0,0.0751718213058419,0.0721513418389793,0.0732498840982846,,,,,0.2382133995037221,-76.4,0.2077702702702701,0.306201550387597,-0.3445671121441023,0.0465567410281282,2.304878048780488,0.3224299065420561,0.3382761816496755,0.3320867614061331,0.0549082661446926,0.0808122268633653,-0.0245863348318259,-0.1547848364041369,-61.89418837675351,3.399193548387097,Healthcare,35.0,1.0,8,5.991964422149633,408.7,322.4,7.352825641682661,6.878944197128018,7.321915805457525,6.82143457251561
BSX,1997Q2,1997,Q2,0,1,0,0,473.7,342.2,131.5,203.4,162.4,138.8,138.8,-23.1,-26.9,41.0,14.1,1742.1,949.6,1559.6,970.6,0.08655267046654,0.3428330166772219,0.7223981422841461,0.2930124551403842,-0.0567869959890225,33.7,0.0,30.3,28.7,25.8,0.0,17.5,16.4,15.8,,,,0.0844188376753507,0.0,0.081081081081081,0.0803471444568869,0.0800248138957816,0.0,0.0751718213058419,0.0721513418389793,0.0732498840982846,,,,0.326147816349384,-2.1446808510638298,0.3046130385055279,0.4285714285714286,-0.1906705539358599,0.2470799640610963,-1.48326359832636,0.3856691253951527,0.3278822567457073,0.3470198675496689,0.0772339334720588,0.0013078786353528,-0.0162385954102288,-0.0596222014721898,-1.8631623390331435,-0.7298850574712643,Healthcare,35.0,2.0,9,6.162683025557272,399.2,357.2,7.46342041622082,6.857093364179909,7.352825641682661,6.878944197128018
BSX,1997Q3,1997,Q3,0,0,1,0,474.8,338.9,135.9,214.4,171.1,119.7,124.5,126.2,88.4,43.3,131.7,1857.8,1021.7,1742.1,949.6,0.0911962931760741,0.3603622577927548,0.7137742207245156,0.2622156697556866,0.1861836562763268,41.0,33.7,0.0,30.3,28.7,25.8,0.0,17.5,16.4,15.8,,,0.08655267046654,0.0844188376753507,0.0,0.081081081081081,0.0803471444568869,0.0800248138957816,0.0,0.0751718213058419,0.0721513418389793,0.0732498840982846,,,0.2705378645972707,0.2415730337078652,0.2589153046062407,0.4290429042904289,0.0971585701191568,0.1845861084681257,0.2312195121951219,0.3004784688995217,0.2787742899850522,0.3065204143814748,0.1247542825049141,0.0064826288277464,-0.0091477478278177,-0.0676498973577536,-0.0227972984485484,0.2975369458128079,Healthcare,35.0,3.0,10,6.164997597868857,473.7,373.7,7.527686397210823,6.930201467811967,7.46342041622082,6.857093364179909
BSX,1997Q4,1997,Q4,0,0,0,1,493.2,417.9,75.3,379.3,219.0,29.7,38.6,43.0,2.4,73.6,76.0,1967.8,986.2,1857.8,1021.7,0.14748863741515475,0.4440389294403893,0.847323600973236,0.0782643957826439,0.0048661800486618,43.3,41.0,33.7,0.0,30.3,28.7,25.8,0.0,17.5,16.4,15.8,,0.0911962931760741,0.08655267046654,0.0844188376753507,0.0,0.081081081081081,0.0803471444568869,0.0800248138957816,0.0,0.0751718213058419,0.0721513418389793,0.0732498840982846,,0.2067531196476633,-0.96870925684485,0.1801750917819824,,-1.4107883817427385,0.7232142857142858,-0.6221441124780316,0.3791208791208791,-0.3832723176569981,0.1435031655110039,,-0.4889363264931369,-0.0220244119803402,0.4279758284092227,-0.9740703026611724,-0.0091264667535854,Healthcare,35.0,4.0,11,6.2029402935545095,474.8,408.7,7.585179499076846,6.894872653151124,7.527686397210823,6.930201467811967
BSX,1998Q1,1998,Q1,1,0,0,0,470.0,330.0,140.0,223.2,178.6,109.2,106.8,98.4,60.0,44.6,104.6,2125.1,1061.8,1967.8,986.2,0.0948936170212766,0.38,0.7021276595744681,0.2272340425531915,0.1276595744680851,73.6,43.3,41.0,33.7,0.0,30.3,28.7,25.8,0.0,17.5,16.4,15.8,0.14748863741515475,0.0911962931760741,0.08655267046654,0.0844188376753507,0.0,0.081081081081081,0.0803471444568869,0.0800248138957816,0.0,0.0751718213058419,0.0721513418389793,0.0732498840982846,0.1773547094188376,-0.2042440318302387,0.1538461538461537,0.3234421364985163,-0.0319148936170212,-0.010194624652456,-0.092250922509225,0.2367491166077737,0.2368421052631577,0.2532285233015159,0.124081065723846,0.0505263157894735,-0.0199672667757774,-0.1592972216197031,-0.324115356397088,-0.0412465627864345,Healthcare,35.0,1.0,12,6.154858094016418,493.2,399.2,7.66204459448432,6.968662213885659,7.585179499076846,6.894872653151124
BSX,1998Q2,1998,Q2,0,1,0,0,505.7,354.5,151.2,236.9,188.3,103.3,117.6,123.8,67.0,48.6,115.6,2229.2,1182.3,2125.1,1061.8,0.0961044097290884,0.3723551512754598,0.7010085030650584,0.2325489420605102,0.1324896183508008,44.6,73.6,43.3,41.0,33.7,0.0,30.3,28.7,25.8,0.0,17.5,16.4,0.0948936170212766,0.14748863741515475,0.0911962931760741,0.08655267046654,0.0844188376753507,0.0,0.081081081081081,0.0803471444568869,0.0800248138957816,0.0,0.0751718213058419,0.0721513418389793,0.067553303778763,-3.4907063197026025,0.0359438924605495,0.1853658536585365,-0.255763688760807,-0.1527377521613834,-6.359307359307359,0.1498098859315588,0.1594827586206897,0.1647000983284168,0.1103575338699798,0.0861122854629636,-0.029609211274348,-0.2063513411090515,-3.333097851775999,7.198581560283687,Healthcare,35.0,2.0,13,6.227919112481864,470.0,473.7,7.709846546531262,7.076062424390513,7.66204459448432,6.968662213885659
BSX,1998Q3,1998,Q3,0,0,1,0,575.4,374.9,200.5,247.0,186.3,130.0,127.9,-646.2,-509.4,49.7,-459.7,3994.0,725.1,2229.2,1182.3,0.0863746958637469,0.3237747653806048,0.6515467500868961,0.2222801529370872,-0.8852971845672576,48.6,44.6,73.6,43.3,41.0,33.7,0.0,30.3,28.7,25.8,0.0,17.5,0.0961044097290884,0.0948936170212766,0.14748863741515475,0.0911962931760741,0.08655267046654,0.0844188376753507,0.0,0.081081081081081,0.0803471444568869,0.0800248138957816,0.0,0.0751718213058419,0.2118786857624262,-6.762443438914026,0.1062260253762172,0.1478060046189377,0.086048454469507,0.0273092369477911,-6.120443740095087,0.4753495217071375,0.0888369374634716,0.1520522388059701,-0.0528705405056105,-0.1015297568514833,-0.0871808883409316,-0.1523002681563934,-5.754967231137261,-4.490508731966591,Healthcare,35.0,3.0,14,6.356801864125367,505.7,474.8,8.292798858200374,6.587687746386201,7.709846546531262,7.076062424390513
BSX,1998Q4,1998,Q4,0,0,0,1,682.5,515.2,167.3,1103.4,262.4,-486.4,-588.2,148.8,99.4,739.2,838.6,3892.7,821.1,3994.0,725.1,0.14748863741515475,0.3844688644688644,0.7548717948717949,-0.8618315018315019,0.1456410256410256,49.7,48.6,44.6,73.6,43.3,41.0,33.7,0.0,30.3,28.7,25.8,0.0,0.0863746958637469,0.0961044097290884,0.0948936170212766,0.14748863741515475,0.0911962931760741,0.08655267046654,0.0844188376753507,0.0,0.081081081081081,0.0803471444568869,0.0800248138957816,0.0,0.3838199513381994,40.41666666666667,0.2328308207705194,9.043478260869566,-17.377104377104377,-16.238341968911918,2.46046511627907,1.2217795484727758,0.198173515981735,1.909042973899288,6.257792642140468,-0.1341550504290232,-0.1091103871003368,-12.011795251380745,28.92923076923077,10.034210526315787,Healthcare,35.0,4.0,15,6.527226656164005,575.4,493.2,8.267115141361822,6.711862042158088,8.292798858200374,6.587687746386201
BSX,1999Q1,1999,Q1,1,0,0,0,708.0,478.0,230.0,279.0,207.0,222.0,199.0,151.0,100.0,49.0,149.0,3876.0,921.0,3892.7,821.1,0.0692090395480226,0.2923728813559322,0.6751412429378532,0.2810734463276836,0.1412429378531073,739.2,49.7,48.6,44.6,73.6,43.3,41.0,33.7,0.0,30.3,28.7,25.8,0.14748863741515475,0.0863746958637469,0.0961044097290884,0.0948936170212766,0.14757153665692338,0.0911962931760741,0.08655267046654,0.0844188376753507,0.0,0.081081081081081,0.0803471444568869,0.0800248138957816,0.5063829787234042,0.6666666666666667,0.4484848484848485,0.0986547085201794,1.0329670329670328,0.8632958801498127,0.5345528455284552,0.6428571428571428,0.1590145576707726,0.25,-0.2706670720275645,-0.2305976806422837,-0.0384351994521485,0.2369337057491694,0.1064030131826743,0.4244741873804971,Healthcare,35.0,1.0,16,6.5638555265321274,682.5,470.0,8.262816937670928,6.826545223556594,8.267115141361822,6.711862042158088
BSX,1999Q2,1999,Q2,0,1,0,0,726.0,491.0,235.0,276.0,204.0,238.0,215.0,165.0,109.0,49.0,158.0,3746.0,1658.0,3876.0,921.0,0.0674931129476584,0.2809917355371901,0.6763085399449036,0.2961432506887052,0.1501377410468319,49.0,739.2,49.7,48.6,44.6,73.6,43.3,41.0,33.7,0.0,30.3,28.7,0.0692090395480226,0.14748863741515475,0.0863746958637469,0.0961044097290884,0.0948936170212766,0.147654435898692,0.0911962931760741,0.08655267046654,0.0844188376753507,0.0,0.081081081081081,0.0803471444568869,0.4356337749653944,0.6268656716417911,0.3850493653032441,0.008230452674897,1.303969022265247,0.828231292517007,0.3327948303715671,0.5542328042328044,0.0833775889537971,0.1650485436893203,-0.2977105510775545,-0.2453663268127615,-0.0352348980249993,0.2734663424598489,0.1332038156325807,0.3667820069204153,Healthcare,35.0,2.0,17,6.588926477533519,708.0,505.7,8.228710798793687,7.413970290190444,8.262816937670928,6.826545223556594
BSX,1999Q3,1999,Q3,0,0,1,0,691.0,408.0,283.0,291.0,220.0,148.0,117.0,84.0,55.0,48.0,103.0,3639.0,1753.0,3746.0,1658.0,0.0694645441389291,0.3183791606367583,0.5904486251808972,0.1693198263386396,0.0795947901591895,49.0,49.0,739.2,49.7,48.6,44.6,73.6,43.3,41.0,33.7,0.0,30.3,0.0674931129476584,0.0692090395480226,0.14748863741515475,0.0863746958637469,0.0961044097290884,0.0948936170212766,0.14773733514046053,0.0911962931760741,0.08655267046654,0.0844188376753507,0.0,0.081081081081081,0.2009037191518943,-1.1079701609736945,0.0882902107228595,-0.0342052313883299,0.1384615384615384,-0.0852228303362001,-1.1299907149489323,0.4114713216957606,0.1808910359634996,0.1781376518218622,-0.1957766861662012,-0.0166646858272103,-0.0937739692475639,-0.2382593582857447,-1.0899074249265757,-1.224059169023276,Healthcare,35.0,3.0,18,6.539585955617669,726.0,575.4,8.199738960630786,7.469654172932128,8.228710798793687,7.413970290190444
BSX,1999Q4,1999,Q4,0,0,0,1,717.0,565.0,152.0,371.0,211.0,303.0,194.0,162.0,107.0,51.0,158.0,3572.0,1724.0,3639.0,1753.0,0.0711297071129707,0.2942817294281729,0.7880055788005579,0.2705718270571827,0.1492329149232915,48.0,49.0,49.0,739.2,49.7,48.6,44.6,73.6,43.3,41.0,33.7,0.0,0.0694645441389291,0.0674931129476584,0.0692090395480226,0.14748863741515475,0.0863746958637469,0.0961044097290884,0.0948936170212766,0.14782023438222916,0.0911962931760741,0.08655267046654,0.0844188376753507,0.0,0.0505494505494505,0.0764587525150903,0.0966614906832297,-0.9310064935064934,-1.6229440789473686,-1.329819789187351,0.0887096774193547,-0.0914524805738195,-0.1958841463414633,-0.6637665397861157,-0.9343262647394448,-0.2345759133585059,0.0438932599599781,-1.313949799331056,0.0246626200718957,-0.8115907464822323,Healthcare,35.0,4.0,19,6.576469569048224,691.0,682.5,8.181160858023409,7.45298232946546,8.199738960630786,7.469654172932128
BSX,2000Q1,2000,Q1,1,0,0,0,679.0,466.0,213.0,286.0,214.0,203.0,180.0,156.0,106.0,49.0,155.0,3514.0,1780.0,3572.0,1724.0,0.0721649484536082,0.3151693667157584,0.6863033873343152,0.2650957290132548,0.1561119293078056,51.0,48.0,49.0,49.0,739.2,49.7,48.6,44.6,73.6,43.3,41.0,33.7,0.0711297071129707,0.0694645441389291,0.0674931129476584,0.0692090395480226,0.14757153665692338,0.0863746958637469,0.0961044097290884,0.0948936170212766,0.1479031336239978,0.0911962931760741,0.08655267046654,0.0844188376753507,-0.0409604519774011,0.06,-0.0251046025104602,0.0,-0.0855855855855856,-0.0954773869346733,0.0331125827814569,-0.0739130434782608,0.0338164251207728,0.0250896057347669,0.0427098674521353,0.0779705876075216,0.0165330506960148,-0.056845346023194,0.1052724594992635,0.0402684563758388,Healthcare,35.0,1.0,20,6.522092798170152,717.0,708.0,8.164794804244766,7.484930283289661,8.181160858023409,7.45298232946546
BSX,2000Q2,2000,Q2,0,1,0,0,695.0,478.0,217.0,286.0,214.0,215.0,192.0,170.0,122.0,49.0,171.0,3483.0,1868.0,3514.0,1780.0,0.0705035971223021,0.3079136690647482,0.6877697841726619,0.2762589928057554,0.1755395683453237,49.0,51.0,48.0,49.0,49.0,739.2,49.7,48.6,44.6,73.6,43.3,41.0,0.0721649484536082,0.0711297071129707,0.0694645441389291,0.0674931129476584,0.0692090395480226,0.147654435898692,0.0863746958637469,0.0961044097290884,0.0948936170212766,0.1479860328657663,0.0911962931760741,0.08655267046654,-0.0426997245179063,0.1192660550458715,-0.0264765784114052,0.0,-0.0966386554621848,-0.1069767441860465,0.0303030303030302,-0.076595744680851,0.0490196078431373,0.0362318840579709,0.0446043165467624,0.0958104104951333,0.0169467684508197,-0.0671440522001004,0.1691901524651839,0.0822784810126582,Healthcare,35.0,2.0,21,6.54534966033442,679.0,726.0,8.155936337972394,7.533158807455563,8.164794804244766,7.484930283289661
BSX,2000Q3,2000,Q3,0,0,1,0,652.0,452.0,200.0,287.0,216.0,188.0,165.0,119.0,85.0,48.0,133.0,3413.0,1934.0,3483.0,1868.0,0.0736196319018405,0.3312883435582822,0.6932515337423313,0.2530674846625766,0.1303680981595092,49.0,49.0,51.0,48.0,49.0,49.0,739.2,49.7,48.6,44.6,73.6,43.3,0.0705035971223021,0.0721649484536082,0.0711297071129707,0.0694645441389291,0.0674931129476584,0.0692090395480226,0.14773733514046053,0.0863746958637469,0.0961044097290884,0.0948936170212766,0.14806893210753494,0.0911962931760741,-0.0564399421128798,0.5454545454545454,0.107843137254902,0.0,0.2702702702702702,0.4102564102564103,0.4166666666666667,-0.293286219081272,-0.0181818181818181,-0.0137457044673539,0.0598159509202453,0.0405465699944227,0.1741098279802719,0.4946122384772691,0.6378973786949247,0.2912621359223302,Healthcare,35.0,3.0,22,6.481577129276431,695.0,691.0,8.135639903354386,7.5678626054638825,8.155936337972394,7.533158807455563
BSX,2000Q4,2000,Q4,0,0,0,1,638.0,526.0,112.0,388.0,223.0,250.0,138.0,82.0,60.0,53.0,113.0,3427.0,1935.0,3413.0,1934.0,0.0830721003134796,0.3495297805642633,0.8244514106583072,0.2163009404388714,0.0940438871473354,48.0,49.0,49.0,51.0,48.0,49.0,49.0,739.2,49.7,48.6,44.6,73.6,0.0736196319018405,0.0705035971223021,0.0721649484536082,0.0711297071129707,0.0694645441389291,0.0674931129476584,0.0692090395480226,0.14782023438222916,0.0863746958637469,0.0961044097290884,0.0948936170212766,0.14815183134930357,-0.1101813110181311,-0.4392523364485982,-0.0690265486725664,0.0392156862745098,-0.1749174917491749,-0.2886597938144329,-0.4938271604938271,-0.2631578947368421,0.0568720379146918,0.045822102425876,0.1678959985248016,0.1877386382207431,0.0462507282159403,-0.2005784830171605,-0.3698180646295373,-0.2848101265822784,Healthcare,35.0,4.0,23,6.459904454377535,652.0,717.0,8.13973227971767,7.568379267836522,8.135639903354386,7.5678626054638825
BSX,2001Q1,2001,Q1,1,0,0,0,654.0,432.0,222.0,313.0,225.0,142.0,40.0,27.0,-5.0,56.0,51.0,3525.0,1961.0,3427.0,1935.0,0.0856269113149847,0.3440366972477064,0.6605504587155964,0.0611620795107033,-0.0076452599388379,53.0,48.0,49.0,49.0,51.0,48.0,49.0,49.0,739.2,49.7,48.6,44.6,0.0830721003134796,0.0736196319018405,0.0705035971223021,0.0721649484536082,0.0711297071129707,0.0694645441389291,0.0674931129476584,0.0692090395480226,0.1479031336239978,0.0863746958637469,0.0961044097290884,0.0948936170212766,-0.0368188512518409,-1.0471698113207548,-0.0729613733905579,0.1428571428571428,-0.3004926108374384,-0.7777777777777778,-0.8269230769230769,0.0422535211267605,0.0514018691588784,0.0944055944055943,0.1865443425076454,0.0915930721083768,-0.0375241170216954,-0.7692830445124024,-1.0489729386648203,-0.6709677419354838,Healthcare,35.0,1.0,24,6.484635235635252,638.0,679.0,8.167919362957816,7.581719640125308,8.13973227971767,7.568379267836522
BSX,2001Q2,2001,Q2,0,1,0,0,672.0,404.0,268.0,362.0,230.0,94.0,-150.0,-166.0,-172.0,71.0,-101.0,3590.0,1797.0,3525.0,1961.0,0.1056547619047619,0.3422619047619047,0.6011904761904762,-0.2232142857142857,-0.2559523809523809,56.0,53.0,48.0,49.0,49.0,51.0,48.0,49.0,49.0,739.2,49.7,48.6,0.0856269113149847,0.0830721003134796,0.0736196319018405,0.0705035971223021,0.0721649484536082,0.0711297071129707,0.0694645441389291,0.0674931129476584,0.0692090395480226,0.1479860328657663,0.0863746958637469,0.0961044097290884,-0.033093525179856,-2.4098360655737707,-0.1548117154811715,0.4489795918367347,-0.5627906976744186,-1.78125,-1.9764705882352944,0.2350230414746543,0.0747663551401869,0.2657342657342658,0.4985726433430515,0.111551513128616,-0.1258841402669854,-1.807989211309524,-2.4580893832943014,-1.590643274853801,Healthcare,35.0,2.0,25,6.511745329644728,654.0,695.0,8.186185994226083,7.494430215031565,8.167919362957816,7.581719640125308
BSX,2001Q3,2001,Q3,0,0,1,0,670.0,456.0,214.0,354.0,232.0,132.0,102.0,87.0,58.0,82.0,140.0,3764.0,1864.0,3590.0,1797.0,0.1223880597014925,0.3462686567164179,0.6805970149253732,0.1522388059701492,0.0865671641791044,71.0,56.0,53.0,48.0,49.0,49.0,51.0,48.0,49.0,49.0,739.2,49.7,0.1056547619047619,0.0856269113149847,0.0830721003134796,0.0736196319018405,0.0705035971223021,0.0721649484536082,0.0711297071129707,0.0694645441389291,0.0674931129476584,0.0692090395480226,0.14806893210753494,0.0863746958637469,0.0276073619631902,-0.3176470588235294,0.0088495575221239,0.7083333333333333,-0.2978723404255319,-0.3818181818181818,-0.2689075630252101,0.07,0.0740740740740741,0.2334494773519164,0.6624378109452735,0.0452183526810394,-0.0182538634262315,-0.3984260515603799,-0.3359789288849868,0.0526315789473683,Healthcare,35.0,3.0,26,6.508769136971682,672.0,652.0,8.233503140233994,7.5310163320779155,8.186185994226083,7.494430215031565
BSX,2001Q4,2001,Q4,0,0,0,1,677.0,462.0,215.0,76.0,274.0,417.0,108.0,96.0,65.0,-201.0,-136.0,3974.0,2015.0,3764.0,1864.0,0.0,0.4047267355982274,0.6824224519940916,0.1595273264401772,0.0960118168389955,82.0,71.0,56.0,53.0,48.0,49.0,49.0,51.0,48.0,49.0,49.0,739.2,0.1223880597014925,0.1056547619047619,0.0856269113149847,0.0830721003134796,0.0736196319018405,0.0705035971223021,0.0721649484536082,0.0711297071129707,0.0694645441389291,0.0674931129476584,0.0692090395480226,0.14815183134930357,0.0611285266457679,0.0833333333333332,-0.1216730038022814,-4.79245283018868,0.6679999999999999,-0.217391304347826,0.1707317073170731,0.9196428571428572,0.2286995515695067,-0.8041237113402062,-4.573980658287116,0.1579177457922382,-0.1722708662124896,-0.262475113993963,0.0209256523879861,-2.2035398230088497,Healthcare,35.0,4.0,27,6.519147287940395,670.0,638.0,8.287780027088433,7.60887062919126,8.233503140233994,7.5310163320779155
BSX,2002Q1,2002,Q1,1,0,0,0,675.0,468.0,207.0,343.0,241.0,142.0,125.0,117.0,82.0,76.0,158.0,4015.0,2102.0,3974.0,2015.0,0.1125925925925925,0.357037037037037,0.6933333333333334,0.1851851851851851,0.1214814814814814,-201.0,82.0,71.0,56.0,53.0,48.0,49.0,49.0,51.0,48.0,49.0,49.0,0.0,0.1223880597014925,0.1056547619047619,0.0856269113149847,0.0830721003134796,0.0736196319018405,0.0705035971223021,0.0721649484536082,0.0711297071129707,0.0694645441389291,0.0674931129476584,0.0692090395480226,0.0321100917431191,-17.4,0.0833333333333332,0.3571428571428572,0.0,2.125,3.333333333333333,-0.0675675675675675,0.0711111111111111,0.095846645367412,0.314920634920635,0.0377876543209876,0.0496296296296296,2.0277777777777777,-16.88977777777778,2.0980392156862746,Healthcare,35.0,1.0,28,6.516193076042964,677.0,654.0,8.298041661371565,7.6511201757027,8.287780027088433,7.60887062919126
BSX,2002Q2,2002,Q2,0,1,0,0,708.0,483.0,225.0,356.0,246.0,144.0,82.0,54.0,25.0,85.0,110.0,4117.0,2097.0,4015.0,2102.0,0.1200564971751412,0.3474576271186441,0.6822033898305084,0.115819209039548,0.0353107344632768,76.0,-201.0,82.0,71.0,56.0,53.0,48.0,49.0,49.0,51.0,48.0,49.0,0.1125925925925925,0.0,0.1223880597014925,0.1056547619047619,0.0856269113149847,0.0830721003134796,0.0736196319018405,0.0705035971223021,0.0721649484536082,0.0711297071129707,0.0694645441389291,0.0674931129476584,0.0535714285714286,-1.1453488372093024,0.1955445544554455,0.1971830985915492,0.5319148936170213,-1.5466666666666666,-1.3253012048192772,-0.1604477611940298,0.0695652173913043,-0.016574585635359,0.1363093817140128,0.01518054532056,0.1347541533814398,-1.518870056497175,-1.1379582183681514,-2.089108910891089,Healthcare,35.0,2.0,29,6.5638555265321274,675.0,672.0,8.323122887587735,7.6487397889562425,8.298041661371565,7.6511201757027
BSX,2002Q3,2002,Q3,0,0,1,0,722.0,511.0,211.0,265.0,249.0,265.0,246.0,235.0,161.0,87.0,248.0,4267.0,2286.0,4117.0,2097.0,0.1204986149584487,0.3448753462603878,0.7077562326869806,0.3407202216066482,0.2229916897506925,85.0,76.0,-201.0,82.0,71.0,56.0,53.0,48.0,49.0,49.0,51.0,48.0,0.1200564971751412,0.1125925925925925,0.0,0.1223880597014925,0.1056547619047619,0.0856269113149847,0.0830721003134796,0.0736196319018405,0.0705035971223021,0.0721649484536082,0.0711297071129707,0.0694645441389291,0.0776119402985073,1.7758620689655171,0.1206140350877194,0.0609756097560976,1.0075757575757578,1.4117647058823528,1.7011494252873565,-0.0140186915887849,0.0732758620689655,-0.251412429378531,-0.0154381460712114,-0.0040237845066387,0.0399049910093793,1.238064200749552,1.5759384850511031,0.7714285714285714,Healthcare,35.0,3.0,30,6.583409222158765,708.0,670.0,8.358900612421644,7.734996194022781,8.323122887587735,7.6487397889562425
BSX,2002Q4,2002,Q4,0,0,0,1,814.0,587.0,227.0,390.0,266.0,216.0,157.0,143.0,105.0,95.0,200.0,4450.0,2467.0,4267.0,2286.0,0.1167076167076167,0.3267813267813267,0.7211302211302212,0.1928746928746929,0.128992628992629,87.0,85.0,76.0,-201.0,82.0,71.0,56.0,53.0,48.0,49.0,49.0,51.0,0.1204986149584487,0.1200564971751412,0.1125925925925925,0.0,0.1223880597014925,0.1056547619047619,0.0856269113149847,0.0830721003134796,0.0736196319018405,0.0705035971223021,0.0721649484536082,0.0711297071129707,0.2023633677991136,0.6153846153846154,0.2705627705627706,-1.472636815920398,-0.4820143884892086,0.4537037037037037,0.4895833333333332,0.0558139534883721,-0.0291970802919707,4.131578947368421,-1.3930898333883408,-0.1925877436826342,0.0567211249029431,0.2090385840385842,0.3435078435078436,-2.4705882352941178,Healthcare,35.0,4.0,31,6.703188113240863,722.0,677.0,8.400884069015854,7.811163385025279,8.358900612421644,7.734996194022781
BSX,2003Q1,2003,Q1,1,0,0,0,807.0,581.0,226.0,413.0,271.0,188.0,155.0,140.0,97.0,103.0,200.0,4612.0,2475.0,4450.0,2467.0,0.127633209417596,0.3358116480793061,0.7199504337050805,0.1920693928128872,0.1201982651796778,95.0,87.0,85.0,76.0,-201.0,82.0,71.0,56.0,53.0,48.0,49.0,49.0,0.1167076167076167,0.1204986149584487,0.1200564971751412,0.1125925925925925,0.0,0.1223880597014925,0.1056547619047619,0.0856269113149847,0.0830721003134796,0.0736196319018405,0.0705035971223021,0.0721649484536082,0.1955555555555554,0.1829268292682926,0.2414529914529914,0.3552631578947369,0.323943661971831,0.24,0.1965811965811965,0.0917874396135265,0.1244813278008298,0.2040816326530612,0.1335844257483858,-0.059448703512317,0.0383900486130968,0.0371747211895912,-0.0105630610209448,0.2658227848101266,Healthcare,35.0,1.0,32,6.694562058521095,814.0,675.0,8.43663368355782,7.814399633804487,8.400884069015854,7.811163385025279
BSX,2003Q2,2003,Q2,0,1,0,0,854.0,619.0,235.0,434.0,292.0,206.0,173.0,161.0,114.0,108.0,222.0,4921.0,2652.0,4612.0,2475.0,0.126463700234192,0.3419203747072599,0.724824355971897,0.202576112412178,0.1334894613583138,103.0,95.0,87.0,85.0,76.0,-201.0,82.0,71.0,56.0,53.0,48.0,49.0,0.127633209417596,0.1167076167076167,0.1204986149584487,0.1200564971751412,0.1125925925925925,0.0,0.1223880597014925,0.1056547619047619,0.0856269113149847,0.0830721003134796,0.0736196319018405,0.0705035971223021,0.2062146892655367,3.56,0.2815734989648033,0.2705882352941176,0.4305555555555556,1.1097560975609757,1.9814814814814812,0.0444444444444445,0.1869918699186992,0.2191011235955056,0.053368232538917,-0.0159364825498372,0.0624754534743334,0.749071799851488,2.780421545667448,1.018181818181818,Healthcare,35.0,2.0,33,6.75110146893676,807.0,708.0,8.501470230951002,7.88344635413774,8.43663368355782,7.814399633804487
BSX,2003Q3,2003,Q3,0,0,1,0,876.0,633.0,243.0,452.0,295.0,202.0,173.0,158.0,124.0,113.0,237.0,5203.0,2575.0,4921.0,2652.0,0.1289954337899543,0.3367579908675799,0.7226027397260274,0.1974885844748858,0.1415525114155251,108.0,103.0,95.0,87.0,85.0,76.0,-201.0,82.0,71.0,56.0,53.0,48.0,0.126463700234192,0.127633209417596,0.1167076167076167,0.1204986149584487,0.1200564971751412,0.1125925925925925,0.0,0.1223880597014925,0.1056547619047619,0.0856269113149847,0.0830721003134796,0.0736196319018405,0.2132963988919667,-0.2298136645962732,0.238747553816047,0.2988505747126437,-0.2377358490566037,-0.2967479674796748,-0.3276595744680851,0.1516587677725118,0.1847389558232932,0.7056603773584906,0.0705138298430694,-0.0235370706570574,0.0209768651314907,-0.4203790325574489,-0.3652117189937321,-0.0443548387096773,Healthcare,35.0,3.0,34,6.776506992372183,854.0,722.0,8.557182839632397,7.853993087224244,8.501470230951002,7.88344635413774
BSX,2003Q4,2003,Q4,0,0,0,1,939.0,682.0,257.0,482.0,313.0,227.0,196.0,184.0,137.0,128.0,265.0,5699.0,2862.0,5203.0,2575.0,0.1363152289669861,0.3333333333333333,0.7263045793397231,0.2087326943556975,0.1458998935037273,113.0,108.0,103.0,95.0,87.0,85.0,76.0,-201.0,82.0,71.0,56.0,53.0,0.1289954337899543,0.126463700234192,0.127633209417596,0.1167076167076167,0.1204986149584487,0.1200564971751412,0.1125925925925925,0.0,0.1223880597014925,0.1056547619047619,0.0856269113149847,0.0830721003134796,0.1535626535626535,0.3047619047619048,0.161839863713799,0.3473684210526315,0.0509259259259258,0.2484076433121018,0.2867132867132866,0.1321585903083699,0.1766917293233083,0.2358974358974359,0.1680062776750184,0.0200501253132832,0.0071753451150504,0.0822191923919604,0.1310715553527053,0.3249999999999999,Healthcare,35.0,4.0,35,6.84587987526405,876.0,814.0,8.648221453822641,7.959625305098115,8.557182839632397,7.853993087224244
BSX,2004Q1,2004,Q1,1,0,0,0,1082.0,790.0,292.0,526.0,348.0,286.0,264.0,255.0,194.0,134.0,328.0,5844.0,3219.0,5699.0,2862.0,0.1238447319778188,0.321626617375231,0.7301293900184843,0.243992606284658,0.1792975970425138,128.0,113.0,108.0,103.0,95.0,87.0,85.0,76.0,-201.0,82.0,71.0,56.0,0.1363152289669861,0.1289954337899543,0.126463700234192,0.127633209417596,0.1167076167076167,0.1204986149584487,0.1200564971751412,0.1125925925925925,0.0,0.1223880597014925,0.1056547619047619,0.0856269113149847,0.3407682775712515,1.0,0.3597246127366609,0.3009708737864078,0.5212765957446808,0.7032258064516128,0.8214285714285714,0.2920353982300885,0.2841328413284132,0.2736077481840193,-0.0296825368339823,-0.0422410323918396,0.0141384126418535,0.2703356985272196,0.4916820702402957,0.6399999999999999,Healthcare,35.0,1.0,36,6.9874902470009905,939.0,807.0,8.67334187390617,8.077136638538454,8.648221453822641,7.959625305098115
BSX,2004Q2,2004,Q2,0,1,0,0,1460.0,1097.0,363.0,585.0,375.0,538.0,448.0,432.0,313.0,132.0,445.0,7432.0,3704.0,5844.0,3219.0,0.0904109589041095,0.2568493150684932,0.7513698630136987,0.3068493150684931,0.2143835616438356,134.0,128.0,113.0,108.0,103.0,95.0,87.0,85.0,76.0,-201.0,82.0,71.0,0.1238447319778188,0.1363152289669861,0.1289954337899543,0.126463700234192,0.127633209417596,0.1167076167076167,0.1204986149584487,0.1200564971751412,0.1125925925925925,0.0,0.1223880597014925,0.1056547619047619,0.7096018735362997,1.7456140350877192,0.7722132471728596,0.2222222222222223,1.6116504854368934,1.5895953757225434,1.6832298136645965,0.5446808510638297,0.2842465753424656,0.3479262672811061,-0.2850837138508371,-0.2488037155188589,0.0366233651271383,0.5147359252514057,0.6059961547704877,1.004504504504505,Healthcare,35.0,2.0,37,7.2868764117507,1082.0,854.0,8.913684824725294,8.217438537730187,8.67334187390617,8.077136638538454
BSX,2004Q3,2004,Q3,0,0,1,0,1482.0,1173.0,309.0,815.0,504.0,392.0,358.0,348.0,258.0,145.0,403.0,7983.0,4005.0,7432.0,3704.0,0.0978407557354925,0.340080971659919,0.791497975708502,0.2415654520917678,0.1740890688259109,132.0,134.0,128.0,113.0,108.0,103.0,95.0,87.0,85.0,76.0,-201.0,82.0,0.0904109589041095,0.1238447319778188,0.1363152289669861,0.1289954337899543,0.126463700234192,0.127633209417596,0.1167076167076167,0.1204986149584487,0.1200564971751412,0.1125925925925925,0.0,0.1223880597014925,0.6917808219178083,1.0806451612903225,0.8530805687203791,0.2831858407079646,0.9405940594059404,1.0693641618497112,1.2025316455696204,0.271604938271605,0.7084745762711864,0.8030973451327434,-0.2415176812009603,0.0098675633019968,0.0953431701747988,0.2231869134820154,0.2298550346088548,0.7004219409282701,Healthcare,35.0,3.0,38,7.301822342137932,1460.0,876.0,8.9851948179913,8.295548516225763,8.913684824725294,8.217438537730187
BSX,2004Q4,2004,Q4,0,0,0,1,1600.0,1272.0,328.0,767.0,515.0,535.0,504.0,459.0,297.0,158.0,455.0,8170.0,4025.0,7983.0,4005.0,0.09875,0.321875,0.795,0.315,0.185625,145.0,132.0,134.0,128.0,113.0,108.0,103.0,95.0,87.0,85.0,76.0,-201.0,0.0978407557354925,0.0904109589041095,0.1238447319778188,0.1363152289669861,0.1289954337899543,0.126463700234192,0.127633209417596,0.1167076167076167,0.1204986149584487,0.1200564971751412,0.1125925925925925,0.0,0.703940362087327,1.167883211678832,0.8651026392961876,0.234375,1.356828193832599,1.5714285714285716,1.4945652173913042,0.2762645914396886,0.645367412140575,0.5912863070539418,-0.275576171875,-0.0343749999999999,0.09458211143695,0.5091071428571428,0.2722764598540146,0.7169811320754718,Healthcare,35.0,4.0,39,7.3783837129967145,1482.0,939.0,9.008346579384707,8.300528606199737,8.9851948179913,8.295548516225763
BSX,2005Q1,2005,Q1,1,0,0,0,1615.0,1271.0,344.0,685.0,431.0,617.0,513.0,494.0,358.0,159.0,517.0,7819.0,4390.0,8170.0,4025.0,0.0984520123839009,0.2668730650154798,0.7869969040247679,0.3176470588235294,0.221671826625387,158.0,145.0,132.0,134.0,128.0,113.0,108.0,103.0,95.0,87.0,85.0,76.0,0.09875,0.0978407557354925,0.0904109589041095,0.1238447319778188,0.1363152289669861,0.1289954337899543,0.126463700234192,0.127633209417596,0.1167076167076167,0.1204986149584487,0.1200564971751412,0.1125925925925925,0.4926062846580405,0.8453608247422681,0.6088607594936708,0.1865671641791044,1.1573426573426575,0.943181818181818,0.9372549019607844,0.1780821917808219,0.2385057471264366,0.3022813688212928,-0.2050367358255164,-0.1702394932564678,0.0778868989301251,0.3018716577540106,0.236334620663241,0.5762195121951219,Healthcare,35.0,1.0,40,7.38770923908104,1600.0,1082.0,8.964439833539357,8.387312270561717,9.008346579384707,8.300528606199737
BSX,2005Q2,2005,Q2,0,1,0,0,1617.0,1260.0,357.0,731.0,471.0,565.0,326.0,311.0,205.0,166.0,371.0,8083.0,4217.0,7819.0,4390.0,0.1026592455163883,0.2912801484230056,0.7792207792207793,0.2016079158936301,0.126777983920841,159.0,158.0,145.0,132.0,134.0,128.0,113.0,108.0,103.0,95.0,87.0,85.0,0.0984520123839009,0.09875,0.0978407557354925,0.0904109589041095,0.1238447319778188,0.1363152289669861,0.1289954337899543,0.126463700234192,0.127633209417596,0.1167076167076167,0.1204986149584487,0.1200564971751412,0.1075342465753423,-0.3450479233226837,0.1485870556061987,0.2575757575757575,0.0501858736059479,-0.2723214285714286,-0.2800925925925925,-0.0165289256198346,0.256,0.2495726495726495,0.1354734731358107,0.1340507111935682,0.0370668529282931,-0.3429742026680803,-0.4086394360241919,-0.1662921348314606,Healthcare,35.0,2.0,41,7.388946097618437,1615.0,1460.0,8.997642078523512,8.34711636103872,8.964439833539357,8.387312270561717
BSX,2005Q3,2005,Q3,0,0,1,0,1511.0,1168.0,343.0,1504.0,444.0,-289.0,-336.0,-352.0,-269.0,181.0,-88.0,8076.0,3901.0,8083.0,4217.0,0.1197882197220383,0.2938451356717406,0.7729980145598941,-0.2223692918596955,-0.1780277961614824,166.0,159.0,158.0,145.0,132.0,134.0,128.0,113.0,108.0,103.0,95.0,87.0,0.1026592455163883,0.0984520123839009,0.09875,0.0978407557354925,0.0904109589041095,0.1238447319778188,0.1363152289669861,0.1289954337899543,0.126463700234192,0.127633209417596,0.1167076167076167,0.1204986149584487,0.0195681511470984,-2.0426356589147288,-0.0042625745950554,0.2482758620689655,-1.7372448979591837,-1.9385474860335197,-2.0114942528735638,0.1100323624595469,-0.119047619047619,0.845398773006135,0.224318218124558,-0.1359553748700008,-0.0233733524486247,-1.9205343311063372,-2.022624782602004,-1.218362282878412,Healthcare,35.0,3.0,42,7.321188556739478,1617.0,1482.0,8.996775795442296,8.269244521183056,8.997642078523512,8.34711636103872
BSX,2005Q4,2005,Q4,0,0,0,1,1540.0,1198.0,342.0,733.0,468.0,503.0,465.0,438.0,334.0,174.0,508.0,8196.0,4282.0,8076.0,3901.0,0.1129870129870129,0.3038961038961039,0.7779220779220779,0.3019480519480519,0.2168831168831168,181.0,166.0,159.0,158.0,145.0,132.0,134.0,128.0,113.0,108.0,103.0,95.0,0.1197882197220383,0.1026592455163883,0.0984520123839009,0.09875,0.0978407557354925,0.0904109589041095,0.1238447319778188,0.1363152289669861,0.1289954337899543,0.126463700234192,0.127633209417596,0.1167076167076167,-0.0374999999999999,0.1245791245791245,-0.0581761006289308,0.1012658227848102,-0.0598130841121495,-0.0773809523809523,-0.045751633986928,0.0426829268292683,-0.0912621359223301,-0.044328552803129,0.1441722834127896,-0.0558567645946287,-0.0214816629910969,-0.0414347557204699,0.1683938956666228,0.1164835164835165,Healthcare,35.0,4.0,43,7.340186835320115,1511.0,1600.0,9.011523512653032,8.36240897761537,8.996775795442296,8.269244521183056
BSX,2006Q1,2006,Q1,1,0,0,0,1620.0,1246.0,374.0,749.0,525.0,497.0,497.0,431.0,332.0,186.0,518.0,9109.0,4671.0,8196.0,4282.0,0.1148148148148148,0.324074074074074,0.7691358024691358,0.3067901234567901,0.2049382716049382,174.0,181.0,166.0,159.0,158.0,145.0,132.0,134.0,128.0,113.0,108.0,103.0,0.1129870129870129,0.1197882197220383,0.1026592455163883,0.0984520123839009,0.09875,0.0978407557354925,0.0904109589041095,0.1238447319778188,0.1363152289669861,0.1289954337899543,0.126463700234192,0.127633209417596,0.0030959752321981,-0.0726256983240223,-0.019669551534225,0.1698113207547169,-0.1944894651539708,-0.0311890838206627,-0.1275303643724696,0.0872093023255813,0.2180974477958237,0.0934306569343066,0.1662007919869554,0.2143378877717625,-0.0226952627949218,-0.0341792409693643,-0.0754879646872198,0.0019342359767891,Healthcare,35.0,1.0,44,7.390798521735676,1540.0,1615.0,9.117127990254003,8.449342524508063,9.011523512653032,8.36240897761537
BSX,2006Q2,2006,Q2,0,1,0,0,2110.0,1433.0,677.0,1241.0,728.0,357.0,-3925.0,-4186.0,-4262.0,283.0,-3979.0,30611.0,14886.0,9109.0,4671.0,0.1341232227488151,0.3450236966824644,0.6791469194312796,-1.860189573459716,-2.019905213270142,186.0,174.0,181.0,166.0,159.0,158.0,145.0,132.0,134.0,128.0,113.0,108.0,0.1148148148148148,0.1129870129870129,0.1197882197220383,0.1026592455163883,0.0984520123839009,0.09875,0.0978407557354925,0.0904109589041095,0.1238447319778188,0.1363152289669861,0.1289954337899543,0.126463700234192,0.3048855905998764,-21.790243902439023,0.1373015873015872,0.7048192771084338,-0.368141592920354,-13.039877300613496,-14.459807073954984,0.8963585434173669,0.545647558386412,0.6976744186046511,0.3064894649688803,0.1845081051710084,-0.1284281200631912,-10.226768528479631,-16.93261819442839,-11.725067385444744,Healthcare,35.0,2.0,45,7.65491704784832,1620.0,1617.0,10.329147367929812,9.608243627877057,9.117127990254003,8.449342524508063
BSX,2006Q3,2006,Q3,0,0,1,0,2026.0,1396.0,630.0,1201.0,719.0,195.0,195.0,51.0,76.0,272.0,348.0,30752.0,15016.0,30611.0,14886.0,0.1342546890424481,0.3548864758144126,0.6890424481737414,0.096248766041461,0.0375123395853899,283.0,186.0,174.0,181.0,166.0,159.0,158.0,145.0,132.0,134.0,128.0,113.0,0.1341232227488151,0.1148148148148148,0.1129870129870129,0.1197882197220383,0.1026592455163883,0.0984520123839009,0.09875,0.0978407557354925,0.0904109589041095,0.1238447319778188,0.1363152289669861,0.1289954337899543,0.3408338848444738,-1.2825278810408922,0.1952054794520548,0.5027624309392265,-1.6747404844290656,-1.5803571428571428,-1.1448863636363638,0.8367346938775511,0.6193693693693694,-0.2014627659574468,0.1207670449897191,0.2077330291792285,-0.108610326035511,-1.4328329925257368,-1.2107105766302015,-4.954545454545455,Healthcare,35.0,3.0,46,7.614312146452,2110.0,1511.0,10.333742829451511,9.61693817168028,10.329147367929812,9.608243627877057
BSX,2006Q4,2006,Q4,0,0,0,1,2065.0,1539.0,526.0,1253.0,758.0,460.0,284.0,169.0,277.0,267.0,544.0,31096.0,15298.0,30752.0,15016.0,0.1292978208232445,0.3670702179176755,0.7452784503631962,0.1375302663438256,0.1341404358353511,272.0,283.0,186.0,174.0,181.0,166.0,159.0,158.0,145.0,132.0,134.0,128.0,0.1342546890424481,0.1341232227488151,0.1148148148148148,0.1129870129870129,0.1197882197220383,0.1026592455163883,0.0984520123839009,0.09875,0.0978407557354925,0.0904109589041095,0.1238447319778188,0.1363152289669861,0.3409090909090908,-0.1706586826347305,0.2846410684474123,0.5344827586206897,-0.0854870775347912,-0.389247311827957,-0.6141552511415524,0.5380116959064327,0.6196581196581197,0.7094133697135061,0.1443600233781417,0.207880631609445,-0.0419625930222686,-0.5445234189903407,-0.381508170100477,0.0708661417322835,Healthcare,35.0,4.0,47,7.633369649679584,2026.0,1540.0,10.34486663049196,9.63554274576738,10.333742829451511,9.61693817168028
BSX,2007Q1,2007,Q1,1,0,0,0,2086.0,1518.0,568.0,1236.0,787.0,282.0,282.0,159.0,120.0,294.0,414.0,31069.0,15549.0,31096.0,15298.0,0.1409395973154362,0.3772770853307766,0.7277085330776606,0.1351869606903163,0.0575263662511984,267.0,272.0,283.0,186.0,174.0,181.0,166.0,159.0,158.0,145.0,132.0,134.0,0.1292978208232445,0.1342546890424481,0.1341232227488151,0.1148148148148148,0.1129870129870129,0.1197882197220383,0.1026592455163883,0.0984520123839009,0.09875,0.0978407557354925,0.0904109589041095,0.1238447319778188,0.2876543209876543,-0.6385542168674698,0.218298555377207,0.5806451612903225,-0.4325955734406438,-0.4325955734406438,-0.6310904872389791,0.518716577540107,0.4990476190476189,0.650200267022697,0.2275384282312187,0.1641692918778248,-0.0538620998508746,-0.5593503494601357,-0.7192990562441521,-0.2007722007722008,Healthcare,35.0,1.0,48,7.643482907077201,2065.0,1620.0,10.343998002387092,9.65181591760738,10.34486663049196,9.63554274576738
BSX,2007Q2,2007,Q2,0,1,0,0,2071.0,1508.0,563.0,1236.0,803.0,430.0,280.0,126.0,115.0,275.0,390.0,31265.0,15802.0,31069.0,15549.0,0.1327860936745533,0.3877353935296958,0.7281506518590053,0.1352003862868179,0.0555287300820859,294.0,267.0,272.0,283.0,186.0,174.0,181.0,166.0,159.0,158.0,145.0,132.0,0.1409395973154362,0.1292978208232445,0.1342546890424481,0.1341232227488151,0.1148148148148148,0.1129870129870129,0.1197882197220383,0.1026592455163883,0.0984520123839009,0.09875,0.0978407557354925,0.0904109589041095,-0.0184834123222749,-1.0269826372595026,0.052337752965806,-0.028268551236749,0.2044817927170867,-1.0713375796178344,-1.0301003344481603,-0.1683899556868537,0.1030219780219781,-0.0040290088638195,-0.0099694075854855,0.1237935169610688,0.0721548328140273,-1.07268097199113,-1.027490760317504,-1.0980145765267657,Healthcare,35.0,2.0,49,7.6362696033793735,2086.0,2110.0,10.35028652413727,9.667955074409104,10.343998002387092,9.65181591760738
BSX,2007Q3,2007,Q3,0,0,1,0,2048.0,1473.0,575.0,1545.0,719.0,83.0,-147.0,-259.0,-272.0,271.0,-1.0,31334.0,15517.0,31265.0,15802.0,0.13232421875,0.35107421875,0.71923828125,-0.07177734375,-0.1328125,275.0,294.0,267.0,272.0,283.0,186.0,174.0,181.0,166.0,159.0,158.0,145.0,0.1327860936745533,0.1409395973154362,0.1292978208232445,0.1342546890424481,0.1341232227488151,0.1148148148148148,0.1129870129870129,0.1197882197220383,0.1026592455163883,0.0984520123839009,0.09875,0.0978407557354925,0.0108588351431391,-4.578947368421053,0.0551575931232091,-0.0036764705882352,-0.5743589743589743,-1.7538461538461538,-6.078431372549019,-0.0873015873015873,0.0,0.2864279766860949,-0.0143791647518382,-0.0107421875,0.0438228924158308,-1.7457481971153848,-4.5405016447368425,-1.0028735632183907,Healthcare,35.0,3.0,50,7.6251071482389,2071.0,2026.0,10.352490962658775,9.649755919453895,10.35028652413727,9.667955074409104
BSX,2007Q4,2007,Q4,0,0,0,1,2153.0,1517.0,636.0,1758.0,704.0,-67.0,-430.0,-596.0,-458.0,256.0,-202.0,31197.0,15097.0,31334.0,15517.0,0.1189038550859266,0.3269856014862982,0.704598235020901,-0.1997213190896423,-0.2127264282396656,271.0,275.0,294.0,267.0,272.0,283.0,186.0,174.0,181.0,166.0,159.0,158.0,0.13232421875,0.1327860936745533,0.1409395973154362,0.1292978208232445,0.1342546890424481,0.1341232227488151,0.1148148148148148,0.1129870129870129,0.1197882197220383,0.1026592455163883,0.0984520123839009,0.09875,0.0426150121065376,-2.6534296028880866,-0.0142949967511371,-0.0411985018726591,-1.1456521739130434,-2.514084507042253,-4.526627218934911,0.209125475285171,-0.0712401055408971,0.4030327214684757,-0.0803877874440508,-0.1092014946316546,-0.0545839146730601,-2.4521990278877164,-2.585848643736135,-1.3713235294117647,Healthcare,35.0,4.0,51,7.675081857716334,2048.0,2065.0,10.348109269178813,9.62231756369957,10.352490962658775,9.649755919453895
BSX,2008Q1,2008,Q1,1,0,0,0,2046.0,1466.0,580.0,1094.0,661.0,515.0,580.0,462.0,322.0,244.0,566.0,30346.0,15391.0,31197.0,15097.0,0.1192570869990224,0.323069403714565,0.7165200391006843,0.2834799608993157,0.1573802541544477,256.0,271.0,275.0,294.0,267.0,272.0,283.0,186.0,174.0,181.0,166.0,159.0,0.1189038550859266,0.13232421875,0.1327860936745533,0.1409395973154362,0.1292978208232445,0.1342546890424481,0.1341232227488151,0.1148148148148148,0.1129870129870129,0.1197882197220383,0.1026592455163883,0.0984520123839009,-0.0191754554170661,1.6833333333333331,-0.0342555994729907,-0.1700680272108843,0.8262411347517731,1.0567375886524824,1.9056603773584904,0.0211267605633802,-0.1601016518424396,-0.1148867313915857,-0.1538425731974118,-0.1436813517807083,-0.0153749660316024,1.0969475121843004,1.7357934180514825,0.3671497584541063,Healthcare,35.0,1.0,52,7.624130585661289,2153.0,2086.0,10.3204529448145,9.641603172905487,10.348109269178813,9.62231756369957
BSX,2008Q2,2008,Q2,0,1,0,0,2024.0,1420.0,604.0,1091.0,655.0,464.0,303.0,100.0,98.0,253.0,351.0,29901.0,15635.0,30346.0,15391.0,0.125,0.3236166007905138,0.7015810276679841,0.1497035573122529,0.0484189723320158,244.0,256.0,271.0,275.0,294.0,267.0,272.0,283.0,186.0,174.0,181.0,166.0,0.1192570869990224,0.1189038550859266,0.13232421875,0.1327860936745533,0.1409395973154362,0.1292978208232445,0.1342546890424481,0.1341232227488151,0.1148148148148148,0.1129870129870129,0.1197882197220383,0.1026592455163883,-0.0226943505552873,-0.1478260869565217,-0.0583554376657824,-0.0799999999999999,0.0790697674418605,0.082142857142857,-0.2063492063492064,0.0728241563055063,-0.1843088418430883,-0.1173139158576052,-0.0586363636363636,-0.1653673969649388,-0.0364891854771914,0.1072716685488424,-0.1280374634816978,-0.0999999999999999,Healthcare,35.0,2.0,53,7.613324979540639,2046.0,2071.0,10.305680646773872,9.657331226912845,10.3204529448145,9.641603172905487
BSX,2008Q3,2008,Q3,0,0,1,0,1978.0,1323.0,655.0,1533.0,995.0,175.0,28.0,-68.0,-62.0,252.0,190.0,29826.0,15690.0,29901.0,15635.0,0.1274014155712841,0.5030333670374115,0.6688574317492416,0.0141557128412537,-0.0313447927199191,253.0,244.0,256.0,271.0,275.0,294.0,267.0,272.0,283.0,186.0,174.0,181.0,0.125,0.1192570869990224,0.1189038550859266,0.13232421875,0.1327860936745533,0.1409395973154362,0.1292978208232445,0.1342546890424481,0.1341232227488151,0.1148148148148148,0.1129870129870129,0.1197882197220383,-0.0341796875,-0.7720588235294118,-0.1018329938900203,-0.0701107011070111,1.108433734939759,-1.1904761904761905,-0.7374517374517375,0.1391304347826087,0.3838664812239221,-0.0077669902912621,-0.0372025863838011,0.4328405225210274,-0.0700475083350666,-1.1972170061148828,-0.7639921489323738,-191.0,Healthcare,35.0,3.0,54,7.590346945602565,2024.0,2048.0,10.303169302555226,9.660842578559068,10.305680646773872,9.657331226912845
BSX,2008Q4,2008,Q4,0,0,0,1,2002.0,1372.0,630.0,624.0,723.0,-2172.0,-2417.0,-2525.0,-2394.0,257.0,-2137.0,27139.0,13174.0,29826.0,15690.0,0.1283716283716283,0.3611388611388611,0.6853146853146853,-1.207292707292707,-1.1958041958041958,252.0,253.0,244.0,256.0,271.0,275.0,294.0,267.0,272.0,283.0,186.0,174.0,0.1274014155712841,0.125,0.1192570869990224,0.1189038550859266,0.13232421875,0.1327860936745533,0.1409395973154362,0.1292978208232445,0.1342546890424481,0.1341232227488151,0.1148148148148148,0.1129870129870129,-0.0701346957733395,4.22707423580786,-0.095583388266315,0.00390625,31.417910447761194,4.620930232558139,3.236577181208053,-0.0094339622641509,0.0269886363636364,-0.6450511945392492,0.0796254526723276,0.1044488182272271,-0.0273681493193688,5.044886508839998,4.6213240907564055,9.57920792079208,Healthcare,35.0,4.0,55,7.602401335665818,1978.0,2153.0,10.20876393338886,9.486076373409563,10.303169302555226,9.660842578559068
BSX,2009Q1,2009,Q1,1,0,0,0,2010.0,1403.0,607.0,1369.0,984.0,133.0,11.0,-97.0,-13.0,257.0,244.0,26105.0,13276.0,27139.0,13174.0,0.1278606965174129,0.4895522388059701,0.6980099502487562,0.0054726368159203,-0.0064676616915422,257.0,252.0,253.0,244.0,256.0,271.0,275.0,294.0,267.0,272.0,283.0,186.0,0.1283716283716283,0.1274014155712841,0.125,0.1192570869990224,0.1189038550859266,0.13232421875,0.1327860936745533,0.1409395973154362,0.1292978208232445,0.1342546890424481,0.1341232227488151,0.1148148148148148,-0.0175953079178885,-1.0403726708074534,-0.0429740791268759,0.0532786885245901,-0.741747572815534,-0.9810344827586208,-1.20995670995671,0.0465517241379309,0.4886535552193645,0.2513711151736746,0.0721433814533887,0.5153160069546368,-0.0258333163649692,-0.980694801852805,-1.0410957634189302,-0.568904593639576,Healthcare,35.0,1.0,56,7.606387389772652,2002.0,2046.0,10.169920451948736,9.493788493895902,10.20876393338886,9.486076373409563
BSX,2009Q2,2009,Q2,0,1,0,0,2074.0,1444.0,630.0,1129.0,724.0,398.0,275.0,180.0,158.0,263.0,421.0,26193.0,13414.0,26105.0,13276.0,0.126808100289296,0.3490838958534233,0.6962391513982642,0.1325940212150434,0.0761812921890067,257.0,257.0,252.0,253.0,244.0,256.0,271.0,275.0,294.0,267.0,272.0,283.0,0.1278606965174129,0.1283716283716283,0.1274014155712841,0.125,0.1192570869990224,0.1189038550859266,0.13232421875,0.1327860936745533,0.1409395973154362,0.1292978208232445,0.1342546890424481,0.1341232227488151,0.0247035573122529,0.6122448979591837,0.0169014084507042,0.0395256916996047,-0.1422413793103448,-0.0924092409240924,0.8,0.0430463576158941,0.1053435114503817,0.0348304307974336,0.0144648023143683,0.0786958858127155,-0.0076140546266993,-0.1142894424447265,0.5733768917403028,0.1994301994301994,Healthcare,35.0,2.0,57,7.637716432664798,2010.0,2024.0,10.173285655889348,9.504128762859725,10.169920451948736,9.493788493895902
BSX,2009Q3,2009,Q3,0,0,1,0,2025.0,1396.0,629.0,1042.0,716.0,173.0,345.0,250.0,200.0,258.0,458.0,26229.0,13591.0,26193.0,13414.0,0.1274074074074074,0.3535802469135802,0.6893827160493827,0.1703703703703703,0.0987654320987654,263.0,257.0,257.0,252.0,253.0,244.0,256.0,271.0,275.0,294.0,267.0,272.0,0.126808100289296,0.1278606965174129,0.1283716283716283,0.1274014155712841,0.125,0.1192570869990224,0.1189038550859266,0.13232421875,0.1327860936745533,0.1409395973154362,0.1292978208232445,0.1342546890424481,0.0237613751263903,-4.225806451612903,0.055177626606198,0.0238095238095237,-0.0114285714285714,11.321428571428571,-4.6764705882352935,-0.0396946564885496,-0.2804020100502512,-0.3202870189171559,4.703115814241876e-05,-0.2971037905577268,0.030687084161511,11.035449735449737,-4.150935882118678,1.4105263157894736,Healthcare,35.0,3.0,58,7.613818684808629,2074.0,1978.0,10.17465907286092,9.517236663351769,10.173285655889348,9.504128762859725
BSX,2009Q4,2009,Q4,0,0,0,1,2079.0,1370.0,709.0,2576.0,2189.0,-1095.0,-1231.0,-1347.0,-1076.0,241.0,-835.0,25177.0,12301.0,26229.0,13591.0,0.1159211159211159,1.052910052910053,0.658970658970659,-0.5921115921115921,-0.5175565175565175,258.0,263.0,257.0,257.0,252.0,253.0,244.0,256.0,271.0,275.0,294.0,267.0,0.1274074074074074,0.126808100289296,0.1278606965174129,0.1283716283716283,0.1274014155712841,0.125,0.1192570869990224,0.1189038550859266,0.13232421875,0.1327860936745533,0.1409395973154362,0.1292978208232445,0.0384615384615385,-0.5505430242272348,-0.0014577259475219,-0.0622568093385214,-0.4958563535911602,-0.4906909391808026,-0.4665346534653465,0.1253968253968254,2.027662517289073,3.1282051282051286,-0.0969880386222798,1.9155268685005893,-0.0384407731346506,-0.5095542377296618,-0.5671895788854853,-0.6092653252222742,Healthcare,35.0,4.0,59,7.640123172695364,2025.0,2002.0,10.133725876326205,9.417517129768314,10.17465907286092,9.517236663351769
BSX,2010Q1,2010,Q1,1,0,0,0,1960.0,1297.0,663.0,1060.0,679.0,-1354.0,-1486.0,-1575.0,-1589.0,253.0,-1336.0,22853.0,10781.0,25177.0,12301.0,0.1290816326530612,0.3464285714285714,0.661734693877551,-0.7581632653061224,-0.8107142857142857,241.0,258.0,263.0,257.0,257.0,252.0,253.0,244.0,256.0,271.0,275.0,294.0,0.1159211159211159,0.1274074074074074,0.126808100289296,0.1278606965174129,0.1283716283716283,0.1274014155712841,0.125,0.1192570869990224,0.1189038550859266,0.13232421875,0.1327860936745533,0.1409395973154362,-0.0248756218905472,121.23076923076924,-0.0755523877405559,-0.0155642023346302,-11.180451127819548,-136.0909090909091,15.237113402061857,0.0922570016474464,-0.3099593495934959,-0.2257121986851716,0.0095489557690779,-0.2923562717770035,-0.0519695404890395,-139.53710575139146,124.34890109890112,-6.475409836065574,Healthcare,35.0,1.0,60,7.581209826196346,2079.0,2010.0,10.03688143570666,9.285633356011614,10.133725876326205,9.417517129768314
BSX,2010Q2,2010,Q2,0,1,0,0,1928.0,1274.0,654.0,1047.0,691.0,346.0,231.0,119.0,98.0,232.0,330.0,23019.0,10893.0,22853.0,10781.0,0.1203319502074688,0.358402489626556,0.6607883817427386,0.1198132780082987,0.0508298755186722,253.0,241.0,258.0,263.0,257.0,257.0,252.0,253.0,244.0,256.0,271.0,275.0,0.1290816326530612,0.1159211159211159,0.1274074074074074,0.126808100289296,0.1278606965174129,0.1283716283716283,0.1274014155712841,0.125,0.1192570869990224,0.1189038550859266,0.13232421875,0.1327860936745533,-0.0703953712632594,-0.379746835443038,-0.1177285318559556,-0.11787072243346,-0.1306532663316583,-0.16,-0.3388888888888889,0.0380952380952381,-0.0455801104972375,-0.0726306465899025,-0.0510704763106826,0.0266944247036977,-0.0509175181894461,-0.0963900414937759,-0.3327774567992017,-0.2161520190023753,Healthcare,35.0,2.0,61,7.564757012905729,1960.0,2074.0,10.044118682275874,9.29596745794362,10.03688143570666,9.285633356011614
BSX,2010Q3,2010,Q3,0,0,1,0,1916.0,1293.0,623.0,1032.0,673.0,383.0,251.0,163.0,190.0,230.0,420.0,22486.0,11038.0,23019.0,10893.0,0.1200417536534446,0.3512526096033403,0.6748434237995825,0.1310020876826722,0.0991649269311064,232.0,253.0,241.0,258.0,263.0,257.0,257.0,252.0,253.0,244.0,256.0,271.0,0.1203319502074688,0.1290816326530612,0.1159211159211159,0.1274074074074074,0.126808100289296,0.1278606965174129,0.1283716283716283,0.1274014155712841,0.125,0.1192570869990224,0.1189038550859266,0.13232421875,-0.0538271604938271,-0.05,-0.07378223495702,-0.1085271317829457,1.213872832369942,-0.2724637681159421,-0.348,-0.0095389507154213,-0.0600558659217876,-0.0095969289827255,-0.0578118172549401,-0.0065830524486534,-0.0210903057348462,-0.2310747027321411,0.004044885177453,-0.0829694323144104,Healthcare,35.0,3.0,62,7.558516743045645,1928.0,2025.0,10.020692643436833,9.309189736018352,10.044118682275874,9.29596745794362
BSX,2010Q4,2010,Q4,0,0,0,1,2002.0,1342.0,660.0,830.0,721.0,468.0,348.0,229.0,236.0,225.0,461.0,22128.0,11296.0,22486.0,11038.0,0.1123876123876123,0.3601398601398601,0.6703296703296703,0.1738261738261738,0.1178821178821178,230.0,232.0,253.0,241.0,258.0,263.0,257.0,257.0,252.0,253.0,244.0,256.0,0.1200417536534446,0.1203319502074688,0.1290816326530612,0.1159211159211159,0.1274074074074074,0.126808100289296,0.1278606965174129,0.1283716283716283,0.1274014155712841,0.125,0.1192570869990224,0.1189038550859266,-0.037037037037037,-1.2193308550185873,-0.0204379562043796,-0.0663900414937759,-1.4273972602739726,-1.2826969943135662,-1.170007423904974,-0.0691114245416079,-0.6706258565555048,-0.6777950310559007,-0.0304819661666134,-0.6579576202691781,0.0172375070185288,-1.293569955633319,-1.2277666571346868,-1.5520958083832337,Healthcare,35.0,4.0,63,7.602401335665818,1916.0,2079.0,10.004644244495866,9.33229248272693,10.020692643436833,9.309189736018352
BSX,2011Q1,2011,Q1,1,0,0,0,1925.0,1294.0,631.0,231.0,647.0,480.0,296.0,247.0,20.0,212.0,232.0,22044.0,11343.0,22128.0,11296.0,0.1101298701298701,0.3361038961038961,0.6722077922077923,0.1537662337662337,0.0103896103896103,225.0,230.0,232.0,253.0,241.0,258.0,263.0,257.0,257.0,252.0,253.0,244.0,0.1123876123876123,0.1200417536534446,0.1203319502074688,0.1290816326530612,0.1159211159211159,0.1274074074074074,0.126808100289296,0.1278606965174129,0.1283716283716283,0.1274014155712841,0.125,0.1192570869990224,-0.0178571428571429,-1.012586532410321,-0.0023130300693908,-0.1620553359683794,-1.3545051698670605,-1.199192462987887,-1.1568253968253968,-0.0482654600301659,-0.0471281296023564,-0.7820754716981132,-0.1468199784405317,-0.0298031865042173,0.0158267330202566,-1.2028141441331213,-1.012815378454145,-1.1736526946107784,Healthcare,35.0,1.0,64,7.563200592358071,2002.0,1960.0,10.000841097792039,9.336444248771908,10.004644244495866,9.33229248272693
BSX,2011Q2,2011,Q2,0,1,0,0,1975.0,1287.0,688.0,1013.0,694.0,327.0,237.0,158.0,146.0,223.0,369.0,21559.0,11540.0,22044.0,11343.0,0.1129113924050632,0.3513924050632911,0.6516455696202532,0.12,0.0739240506329114,212.0,225.0,230.0,232.0,253.0,241.0,258.0,263.0,257.0,257.0,252.0,253.0,0.1101298701298701,0.1123876123876123,0.1200417536534446,0.1203319502074688,0.1290816326530612,0.1159211159211159,0.1274074074074074,0.126808100289296,0.1278606965174129,0.1283716283716283,0.1274014155712841,0.125,0.0243775933609957,0.489795918367347,0.0102040816326529,-0.0387931034482759,-0.0549132947976878,0.0259740259740259,0.3277310924369747,0.0519877675840978,0.0043415340086829,-0.0324737344794651,-0.0616673941510258,-0.0195592518639287,-0.0138362180315162,0.0015584415584415,0.4543425471454405,0.1181818181818181,Healthcare,35.0,2.0,65,7.588829878307813,1925.0,1928.0,9.978595025022933,9.353661191420406,10.000841097792039,9.336444248771908
BSX,2011Q3,2011,Q3,0,0,1,0,1874.0,1194.0,680.0,983.0,665.0,270.0,174.0,111.0,142.0,229.0,371.0,21502.0,11521.0,21559.0,11540.0,0.1221985058697972,0.3548559231590181,0.6371398078975453,0.0928495197438633,0.0757737459978655,223.0,212.0,225.0,230.0,232.0,253.0,241.0,258.0,263.0,257.0,257.0,252.0,0.1129113924050632,0.1101298701298701,0.1123876123876123,0.1200417536534446,0.1203319502074688,0.1290816326530612,0.1159211159211159,0.1274074074074074,0.126808100289296,0.1278606965174129,0.1283716283716283,0.1274014155712841,-0.0219206680584551,-0.2526315789473684,-0.0765661252900231,-0.0043478260869564,-0.2950391644908616,-0.3067729083665338,-0.3190184049079755,0.0914927768860354,-0.0118870728083209,-0.0474806201550387,0.0179666836805716,0.0102584677157187,-0.0558701686529801,-0.2912363353416644,-0.2358815929899455,-0.1166666666666667,Healthcare,35.0,3.0,66,7.536363938404511,1975.0,1916.0,9.975947739265388,9.352013530292329,9.978595025022933,9.353661191420406
BSX,2011Q4,2011,Q4,0,0,0,1,1848.0,1188.0,660.0,1017.0,653.0,171.0,170.0,100.0,107.0,230.0,337.0,21290.0,11353.0,21502.0,11521.0,0.1244588744588744,0.3533549783549783,0.6428571428571429,0.0919913419913419,0.0579004329004329,229.0,223.0,212.0,225.0,230.0,232.0,253.0,241.0,258.0,263.0,257.0,257.0,0.1221985058697972,0.1129113924050632,0.1101298701298701,0.1123876123876123,0.1200417536534446,0.1203319502074688,0.1290816326530612,0.1159211159211159,0.1274074074074074,0.126808100289296,0.1278606965174129,0.1283716283716283,-0.0769230769230768,-0.5466101694915254,-0.1147540983606557,0.0222222222222221,-0.6346153846153846,-0.5114942528735632,-0.5633187772925764,0.0,-0.0943134535367544,0.225301204819277,0.1074074074074074,-0.0188395746648174,-0.0409836065573768,-0.4707854406130268,-0.5088276836158192,-0.2689804772234273,Healthcare,35.0,4.0,67,7.522400231387125,1874.0,2002.0,9.966039727193092,9.337325383730672,9.975947739265388,9.352013530292329
BSX,2012Q1,2012,Q1,1,0,0,0,1866.0,1235.0,631.0,1019.0,707.0,289.0,196.0,123.0,113.0,215.0,328.0,21185.0,11396.0,21290.0,11353.0,0.1152197213290461,0.3788853161843515,0.6618435155412647,0.105037513397642,0.0605573419078242,230.0,229.0,223.0,212.0,225.0,230.0,232.0,253.0,241.0,258.0,263.0,257.0,0.1244588744588744,0.1221985058697972,0.1129113924050632,0.1101298701298701,0.1123876123876123,0.1200417536534446,0.1203319502074688,0.1290816326530612,0.1159211159211159,0.1274074074074074,0.126808100289296,0.1278606965174129,-0.0306493506493507,4.65,-0.0455950540958268,0.0141509433962263,-0.3979166666666667,-0.3378378378378378,-0.5020242914979758,0.0,0.0927357032457496,3.411255411255412,0.0462168092378005,0.1272862962208294,-0.0154182632017507,-0.3169013064511456,4.828644158628082,0.4137931034482758,Healthcare,35.0,1.0,68,7.532088143541722,1848.0,1925.0,9.961095865156441,9.341105441855735,9.966039727193092,9.337325383730672
BSX,2012Q2,2012,Q2,0,1,0,0,1828.0,1250.0,578.0,1009.0,697.0,-3455.0,-3412.0,-3443.0,-3404.0,213.0,-3191.0,17994.0,7902.0,21185.0,11396.0,0.1165207877461706,0.3812910284463895,0.6838074398249453,-1.8665207877461707,-1.8621444201312911,215.0,230.0,229.0,223.0,212.0,225.0,230.0,232.0,253.0,241.0,258.0,263.0,0.1152197213290461,0.1244588744588744,0.1221985058697972,0.1129113924050632,0.1101298701298701,0.1123876123876123,0.1200417536534446,0.1203319502074688,0.1290816326530612,0.1159211159211159,0.1274074074074074,0.126808100289296,-0.0744303797468354,-24.315068493150687,-0.0287490287490287,-0.0448430493273542,-11.565749235474009,-15.39662447257384,-22.79113924050633,-0.1598837209302325,0.0043227665706051,-0.0039486673247778,0.0319666179313322,0.0850861400311517,0.0493548513242165,-16.554339897884756,-26.18996732711849,-9.64769647696477,Healthcare,35.0,2.0,69,7.511524648390866,1866.0,1975.0,9.79784922051313,8.974997713204976,9.961095865156441,9.341105441855735
BSX,2012Q3,2012,Q3,0,0,1,0,1735.0,1177.0,558.0,906.0,618.0,-594.0,-655.0,-724.0,-725.0,220.0,-505.0,16837.0,6767.0,17994.0,7902.0,0.1268011527377521,0.3561959654178674,0.6783861671469741,-0.377521613832853,-0.4178674351585014,213.0,215.0,230.0,229.0,223.0,212.0,225.0,230.0,232.0,253.0,241.0,258.0,0.1165207877461706,0.1152197213290461,0.1244588744588744,0.1221985058697972,0.1129113924050632,0.1101298701298701,0.1123876123876123,0.1200417536534446,0.1203319502074688,0.1290816326530612,0.1159211159211159,0.1274074074074074,-0.0741728922091782,-6.105633802816901,-0.0142378559463987,-0.0393013100436681,-3.2,-4.764367816091954,-7.522522522522522,-0.1794117647058823,-0.0706766917293233,-0.0783316378433367,0.0376653285176749,0.0037762995384713,0.0647367481016998,-5.065951174268774,-6.514673052725575,-2.361185983827493,Healthcare,35.0,3.0,70,7.459338895220296,1828.0,1874.0,9.73139351589761,8.81996090128606,9.79784922051313,8.974997713204976
BSX,2012Q4,2012,Q4,0,0,0,1,1821.0,1210.0,611.0,979.0,639.0,217.0,115.0,50.0,61.0,239.0,300.0,17154.0,6870.0,16837.0,6767.0,0.1312465678198792,0.3509060955518945,0.6644700713893466,0.0631521142229544,0.0334980779791323,220.0,213.0,215.0,230.0,229.0,223.0,212.0,225.0,230.0,232.0,253.0,241.0,0.1268011527377521,0.1165207877461706,0.1152197213290461,0.1244588744588744,0.1221985058697972,0.1129113924050632,0.1101298701298701,0.1123876123876123,0.1200417536534446,0.1203319502074688,0.1290816326530612,0.1159211159211159,-0.0146103896103896,-0.4299065420560748,0.0185185185185186,0.0391304347826086,0.2690058479532164,-0.3235294117647058,-0.5,-0.0742424242424242,-0.0214395099540581,-0.0373647984267453,0.0545376405701598,-0.0069303758347608,0.0336201110500946,-0.3134993700940014,-0.4214537560239573,-0.1097922848664688,Healthcare,35.0,4.0,71,7.507690077819904,1735.0,1848.0,9.75004495529255,8.835064935031076,9.73139351589761,8.81996090128606
BSX,2013Q1,2013,Q1,1,0,0,0,1761.0,1142.0,619.0,938.0,631.0,-330.0,-330.0,-394.0,-354.0,204.0,-150.0,16763.0,6503.0,17154.0,6870.0,0.1158432708688245,0.3583191368540602,0.6484951731970471,-0.1873935264054514,-0.2010221465076661,239.0,220.0,213.0,215.0,230.0,229.0,223.0,212.0,225.0,230.0,232.0,253.0,0.1312465678198792,0.1268011527377521,0.1165207877461706,0.1152197213290461,0.1244588744588744,0.1221985058697972,0.1129113924050632,0.1101298701298701,0.1123876123876123,0.1200417536534446,0.1203319502074688,0.1290816326530612,-0.0562700964630225,-4.132743362831858,-0.0753036437246963,-0.0511627906976743,-2.141868512110727,-2.683673469387755,-4.203252032520325,-0.0190174326465927,-0.1074964639321075,-0.0794896957801766,0.0054118299591934,-0.0542807505379401,-0.0201684265702916,-2.7840628585335327,-4.319533852949601,-1.4573170731707317,Healthcare,35.0,1.0,72,7.474204806496124,1821.0,1866.0,9.726989009044962,8.780172651227646,9.75004495529255,8.835064935031076
BSX,2013Q2,2013,Q2,0,1,0,0,1809.0,1232.0,577.0,985.0,661.0,318.0,220.0,152.0,130.0,223.0,353.0,16996.0,6603.0,16763.0,6503.0,0.1232725262576008,0.3653952459922609,0.6810392482034273,0.1216141514648977,0.0718629076838032,204.0,239.0,220.0,213.0,215.0,230.0,229.0,223.0,212.0,225.0,230.0,232.0,0.1158432708688245,0.1312465678198792,0.1268011527377521,0.1165207877461706,0.1152197213290461,0.1244588744588744,0.1221985058697972,0.1129113924050632,0.1101298701298701,0.1123876123876123,0.1200417536534446,0.1203319502074688,-0.0103938730853391,-1.0381903642773207,-0.0143999999999999,0.0469483568075117,-1.092040520984081,-1.0644783118405627,-1.0441475457449898,-0.0017301038062284,-0.0516499282639885,-0.0237859266600595,0.0579444976473915,-0.0416893691910288,-0.0040482034273079,-1.065155530151768,-1.0385914792144513,-1.11062362895644,Healthcare,35.0,2.0,73,7.501082124259871,1761.0,1828.0,9.740792136877351,8.795430805040018,9.726989009044962,8.780172651227646
BSX,2013Q3,2013,Q3,0,0,1,0,1735.0,1197.0,538.0,976.0,658.0,198.0,103.0,-40.0,-5.0,217.0,212.0,16917.0,6563.0,16996.0,6603.0,0.1250720461095101,0.3792507204610951,0.6899135446685879,0.0593659942363112,-0.0028818443804034,223.0,204.0,239.0,220.0,213.0,215.0,230.0,229.0,223.0,212.0,225.0,230.0,0.1232725262576008,0.1158432708688245,0.1312465678198792,0.1268011527377521,0.1165207877461706,0.1152197213290461,0.1244588744588744,0.1221985058697972,0.1129113924050632,0.1101298701298701,0.1123876123876123,0.1200417536534446,0.0,-0.993103448275862,0.0169923534409515,-0.0136363636363636,-1.3333333333333333,-1.1572519083969466,-0.9447513812154696,-0.03584229390681,0.064724919093851,0.0772626931567328,-0.0136363636363636,0.0647249190938512,0.0169923534409515,-1.1572519083969466,-0.993103448275862,-1.4198019801980195,Healthcare,35.0,3.0,74,7.459338895220296,1809.0,1735.0,9.73613342286396,8.789355452209982,9.740792136877351,8.795430805040018
BSX,2013Q4,2013,Q4,0,0,0,1,1838.0,1259.0,579.0,1046.0,724.0,222.0,127.0,59.0,108.0,216.0,324.0,16734.0,6539.0,16917.0,6563.0,0.117519042437432,0.3939064200217628,0.6849836779107725,0.0690968443960827,0.058759521218716,217.0,223.0,204.0,239.0,220.0,213.0,215.0,230.0,229.0,223.0,212.0,225.0,0.1250720461095101,0.1232725262576008,0.1158432708688245,0.1312465678198792,0.1268011527377521,0.1165207877461706,0.1152197213290461,0.1244588744588744,0.1221985058697972,0.1129113924050632,0.1101298701298701,0.1123876123876123,0.0093355299286106,0.7704918032786885,0.0404958677685951,-0.0962343096234309,0.0230414746543778,0.1043478260869565,0.1799999999999999,-0.0523731587561374,0.1330203442879498,0.0684371807967314,-0.1045934046922023,0.1225408307662441,0.0308721301450551,0.09413350995884,0.7541161990046201,0.08,Healthcare,35.0,4.0,75,7.516977224604321,1735.0,1821.0,9.725257613645427,8.785692444451245,9.73613342286396,8.789355452209982
BSX,2014Q1,2014,Q1,1,0,0,0,1774.0,1197.0,577.0,966.0,666.0,309.0,197.0,146.0,133.0,191.0,324.0,16335.0,6534.0,16734.0,6539.0,0.1076662908680947,0.3754227733934611,0.6747463359639233,0.1110484780157835,0.0749718151071025,216.0,217.0,223.0,204.0,239.0,220.0,213.0,215.0,230.0,229.0,223.0,212.0,0.117519042437432,0.1250720461095101,0.1232725262576008,0.1158432708688245,0.1312465678198792,0.1268011527377521,0.1165207877461706,0.1152197213290461,0.1244588744588744,0.1221985058697972,0.1129113924050632,0.1101298701298701,0.0073821692220328,-1.3757062146892656,0.0481611208406305,-0.0637254901960784,-1.9363636363636365,-1.596969696969697,-1.3705583756345177,-0.0678513731825525,0.0554675118858953,0.0298507462686568,-0.0705865773592413,0.0477329698033042,0.0404801205187994,-1.5925950599569538,-1.3729530124395697,-3.16,Healthcare,35.0,1.0,76,7.4815557019095165,1838.0,1761.0,9.701126540404447,8.784927626058323,9.725257613645427,8.785692444451245
BSX,2014Q2,2014,Q2,0,1,0,0,1873.0,1285.0,588.0,1058.0,743.0,58.0,-69.0,-104.0,4.0,206.0,210.0,16477.0,6544.0,16335.0,6534.0,0.1099839829151094,0.396689802455953,0.6860651361452216,-0.0368392952482648,0.0021356113187399,191.0,216.0,217.0,223.0,204.0,239.0,220.0,213.0,215.0,230.0,229.0,223.0,0.1076662908680947,0.117519042437432,0.1250720461095101,0.1232725262576008,0.1158432708688245,0.1312465678198792,0.1268011527377521,0.1165207877461706,0.1152197213290461,0.1244588744588744,0.1221985058697972,0.1129113924050632,0.0353786622443339,-0.9692307692307692,0.0430194805194805,-0.0762331838565022,-0.8176100628930818,-1.3136363636363635,-1.6842105263157894,0.0190641247833622,0.1240544629349471,0.0741116751269035,-0.1077980937514214,0.0856457679921618,0.0073797331872611,-1.3029194777459594,-0.9702821471107644,-0.4050991501416431,Healthcare,35.0,2.0,77,7.535830462798367,1774.0,1809.0,9.709781436875536,8.786456678344,9.701126540404447,8.784927626058323
BSX,2014Q3,2014,Q3,0,0,1,0,1846.0,1275.0,571.0,1062.0,741.0,166.0,64.0,3.0,43.0,212.0,255.0,16718.0,6701.0,16477.0,6544.0,0.1148429035752979,0.4014084507042254,0.69068255687974,0.0346695557963163,0.02329360780065,206.0,191.0,216.0,217.0,223.0,204.0,239.0,220.0,213.0,215.0,230.0,229.0,0.1099839829151094,0.1076662908680947,0.117519042437432,0.1250720461095101,0.1232725262576008,0.1158432708688245,0.1312465678198792,0.1268011527377521,0.1165207877461706,0.1152197213290461,0.1244588744588744,0.1221985058697972,0.0639769452449567,-9.6,0.0651629072681705,-0.0230414746543778,-0.1616161616161616,-0.3786407766990292,-1.075,0.0613382899628252,0.1261398176291792,0.0881147540983606,-0.0817860013680095,0.058425018194272,0.0011146501139087,-0.416003113528069,-9.08288190682557,0.2028301886792451,Healthcare,35.0,3.0,78,7.52131798019924,1873.0,1735.0,9.724301076237646,8.810161268297255,9.709781436875536,8.786456678344
BSX,2014Q4,2014,Q4,0,0,0,1,1887.0,1303.0,584.0,1072.0,753.0,-493.0,107.0,46.0,87.0,208.0,295.0,16830.0,6843.0,16718.0,6701.0,0.1102278749337572,0.3990461049284579,0.6905140434552199,0.0567037625861155,0.0461049284578696,212.0,206.0,191.0,216.0,217.0,223.0,204.0,239.0,220.0,213.0,215.0,230.0,0.1148429035752979,0.1099839829151094,0.1076662908680947,0.117519042437432,0.1250720461095101,0.1232725262576008,0.1158432708688245,0.1312465678198792,0.1268011527377521,0.1165207877461706,0.1152197213290461,0.1244588744588744,0.0266594124047878,-0.1944444444444444,0.0349483717235901,-0.037037037037037,-3.220720720720721,-0.1574803149606299,-0.2203389830508474,0.008635578583765,0.0400552486187846,0.0248565965583174,-0.0620424345914543,0.0130479846111954,0.0080737187217587,-0.1793581446198398,-0.2153624212447742,-0.0895061728395061,Healthcare,35.0,4.0,79,7.543273346705446,1846.0,1838.0,9.730977703126166,8.831127635012084,9.724301076237646,8.810161268297255
BSX,2015Q1,2015,Q1,1,0,0,0,1768.0,1231.0,537.0,973.0,668.0,122.0,24.0,-51.0,-1.0,192.0,191.0,16472.0,6501.0,16830.0,6843.0,0.1085972850678733,0.3778280542986425,0.6962669683257918,0.0135746606334841,-0.0005656108597285,208.0,212.0,206.0,191.0,216.0,217.0,223.0,204.0,239.0,220.0,213.0,215.0,0.1102278749337572,0.1148429035752979,0.1099839829151094,0.1076662908680947,0.117519042437432,0.1250720461095101,0.1232725262576008,0.1158432708688245,0.1312465678198792,0.1268011527377521,0.1165207877461706,0.1152197213290461,-0.0033821871476887,-1.0075187969924813,0.0284043441938179,0.0052356020942407,-0.6051779935275081,-0.8781725888324873,-1.3493150684931507,-0.0693240901213171,0.003003003003003,0.0072463768115942,0.0086470351330221,0.0064068593480357,0.0318944041854258,-0.8777591473918736,-1.0075443132718676,-0.4104938271604939,Healthcare,35.0,1.0,80,7.478169694159785,1887.0,1774.0,9.709477955946982,8.779865100863852,9.730977703126166,8.831127635012084
BSX,2015Q2,2015,Q2,0,1,0,0,1843.0,1285.0,558.0,1036.0,700.0,327.0,219.0,105.0,102.0,220.0,322.0,17123.0,6580.0,16472.0,6501.0,0.1193705914270211,0.3798155181768855,0.6972327726532827,0.1188279978296256,0.0553445469343461,192.0,208.0,212.0,206.0,191.0,216.0,217.0,223.0,204.0,239.0,220.0,213.0,0.1085972850678733,0.1102278749337572,0.1148429035752979,0.1099839829151094,0.1076662908680947,0.117519042437432,0.1250720461095101,0.1232725262576008,0.1158432708688245,0.1312465678198792,0.1268011527377521,0.1165207877461706,-0.0160170848905498,24.5,0.0,0.0679611650485436,4.637931034482759,-4.173913043478261,-2.0096153846153846,-0.0510204081632652,-0.0578734858681022,-0.0207939508506616,0.0853452317612166,-0.0425377314329655,0.0162778079218663,-4.225577390360707,24.9150841020076,0.5333333333333334,Healthcare,35.0,2.0,81,7.519692404116539,1768.0,1873.0,9.748236267264836,8.791941988456118,9.709477955946982,8.779865100863852
BSX,2015Q3,2015,Q3,0,0,1,0,1888.0,1332.0,556.0,1081.0,729.0,-299.0,-299.0,-367.0,-198.0,221.0,23.0,18215.0,6410.0,17123.0,6580.0,0.1170550847457627,0.3861228813559322,0.7055084745762712,-0.1583686440677966,-0.1048728813559322,220.0,192.0,208.0,212.0,206.0,191.0,216.0,217.0,223.0,204.0,239.0,220.0,0.1193705914270211,0.1085972850678733,0.1102278749337572,0.1148429035752979,0.1099839829151094,0.1076662908680947,0.117519042437432,0.1250720461095101,0.1232725262576008,0.1158432708688245,0.1312465678198792,0.1268011527377521,0.0227518959913326,-5.604651162790698,0.0447058823529411,0.0424528301886792,-2.8012048192771086,-5.671875,-123.33333333333331,-0.0262697022767075,-0.0161943319838057,0.0178907721280603,0.0192626718899904,-0.0380798394290812,0.0214656031904287,-5.567945577330509,-5.502217185652345,-0.9098039215686274,Healthcare,35.0,3.0,82,7.543802867501509,1843.0,1846.0,9.810055607743575,8.765770543987257,9.748236267264836,8.791941988456118
BSX,2015Q4,2015,Q4,0,0,0,1,1978.0,1388.0,590.0,1156.0,777.0,-271.0,-271.0,-338.0,-142.0,244.0,102.0,18133.0,6320.0,18215.0,6410.0,0.1233569261880687,0.3928210313447927,0.7017189079878665,-0.1370070778564206,-0.0717896865520728,221.0,220.0,192.0,208.0,212.0,206.0,191.0,216.0,217.0,223.0,204.0,239.0,0.1170550847457627,0.1193705914270211,0.1085972850678733,0.1102278749337572,0.1148429035752979,0.1099839829151094,0.1076662908680947,0.117519042437432,0.1250720461095101,0.1232725262576008,0.1158432708688245,0.1312465678198792,0.0482246952835188,-2.632183908045977,0.0652340752110514,0.1730769230769231,-0.4503042596348884,-3.532710280373832,-8.347826086956522,0.0102739726027396,0.0318725099601593,0.0783582089552239,0.1191082678696431,-0.0155998855941249,0.0162268452594813,-3.416190242196876,-2.5570935462501305,-0.6542372881355932,Healthcare,35.0,4.0,83,7.590346945602565,1888.0,1887.0,9.805543908206001,8.751632702472298,9.810055607743575,8.765770543987257
BSX,2016Q1,2016,Q1,1,0,0,0,1964.0,1372.0,592.0,1062.0,716.0,423.0,293.0,228.0,202.0,210.0,412.0,17718.0,6457.0,18133.0,6320.0,0.1069246435845213,0.3645621181262729,0.6985743380855397,0.1491853360488798,0.1028513238289205,244.0,221.0,220.0,192.0,208.0,212.0,206.0,191.0,216.0,217.0,223.0,204.0,0.1233569261880687,0.1170550847457627,0.1193705914270211,0.1085972850678733,0.1102278749337572,0.1148429035752979,0.1099839829151094,0.1076662908680947,0.117519042437432,0.1250720461095101,0.1232725262576008,0.1158432708688245,0.1108597285067873,-203.0,0.1145410235580828,0.09375,2.4672131147540983,11.208333333333334,-5.470588235294118,0.1024208566108006,0.0718562874251496,0.0914696813977389,-0.0154022403258655,-0.0351110406478285,0.0033139153007588,9.98998642226748,-182.84114052953157,1.157068062827225,Healthcare,35.0,1.0,84,7.583247524303362,1978.0,1768.0,9.78239278915807,8.77307495131822,9.805543908206001,8.751632702472298
BSX,2016Q2,2016,Q2,0,1,0,0,2126.0,1467.0,659.0,1136.0,779.0,-334.0,-334.0,-397.0,-207.0,222.0,15.0,17838.0,6220.0,17718.0,6457.0,0.1044214487300094,0.3664158043273753,0.6900282220131703,-0.1571025399811853,-0.0973659454374412,210.0,244.0,221.0,220.0,192.0,208.0,212.0,206.0,191.0,216.0,217.0,223.0,0.1069246435845213,0.1233569261880687,0.1170550847457627,0.1193705914270211,0.1085972850678733,0.1102278749337572,0.1148429035752979,0.1099839829151094,0.1076662908680947,0.117519042437432,0.1250720461095101,0.1232725262576008,0.1535539880629408,-3.0294117647058822,0.1416342412451361,0.009090909090909,-2.0214067278287464,-2.5251141552511416,-4.780952380952381,0.1810035842293906,0.1128571428571427,0.0965250965250965,-0.1252330454117848,-0.0352795323209246,-0.0103330636807215,-2.3221003707092445,-2.7592689945216096,-0.953416149068323,Healthcare,35.0,2.0,85,7.6624678152002375,1964.0,1843.0,9.789142350751268,8.73568594451502,9.78239278915807,8.77307495131822
BSX,2016Q3,2016,Q3,0,0,1,0,2105.0,1362.0,743.0,1026.0,768.0,518.0,336.0,257.0,228.0,232.0,460.0,17697.0,6482.0,17838.0,6220.0,0.1102137767220902,0.3648456057007126,0.6470308788598574,0.1596199524940617,0.108313539192399,222.0,210.0,244.0,221.0,220.0,192.0,208.0,212.0,206.0,191.0,216.0,217.0,0.1044214487300094,0.1069246435845213,0.1233569261880687,0.1170550847457627,0.1193705914270211,0.1085972850678733,0.1102278749337572,0.1148429035752979,0.1099839829151094,0.1076662908680947,0.117519042437432,0.1250720461095101,0.114936440677966,-2.1515151515151514,0.0225225225225225,0.0497737556561086,-2.7324414715719065,-2.123745819397993,-1.7002724795640327,0.3363309352517984,0.0534979423868313,-0.0508788159111933,-0.0584452015777989,-0.0551049333841626,-0.082887162697139,-2.007901238490932,-2.0328078888648964,19.0,Healthcare,35.0,3.0,86,7.652545692693921,2126.0,1888.0,9.781206917827296,8.776938645174996,9.789142350751268,8.73568594451502
BSX,2016Q4,2016,Q4,0,0,0,1,2191.0,1431.0,760.0,1113.0,828.0,361.0,318.0,89.0,124.0,256.0,380.0,18096.0,6733.0,17697.0,6482.0,0.1168416248288452,0.3779096303057964,0.6531264262893656,0.1451392058420812,0.0565951620264719,232.0,222.0,210.0,244.0,221.0,220.0,192.0,208.0,212.0,206.0,191.0,216.0,0.1102137767220902,0.1044214487300094,0.1069246435845213,0.1233569261880687,0.1170550847457627,0.1193705914270211,0.1085972850678733,0.1102278749337572,0.1148429035752979,0.1099839829151094,0.1076662908680947,0.117519042437432,0.1076845298281092,-1.8732394366197185,0.0309798270893371,0.0491803278688525,-2.3321033210332103,-2.1734317343173437,-1.2633136094674555,0.2881355932203389,0.0656370656370657,-0.0371972318339099,-0.0528166642973116,-0.0379597828251411,-0.0692477873196216,-2.059355531939618,-1.7883466935800103,2.7254901960784315,Healthcare,35.0,4.0,87,7.692569648067906,2105.0,1978.0,9.803501457660202,8.814924599721019,9.781206917827296,8.776938645174996
BSX,2017Q1,2017,Q1,1,0,0,0,2160.0,1357.0,803.0,1049.0,791.0,568.0,308.0,305.0,290.0,235.0,525.0,17943.0,7053.0,18096.0,6733.0,0.1087962962962963,0.3662037037037037,0.6282407407407408,0.1425925925925926,0.1342592592592592,256.0,232.0,222.0,210.0,244.0,221.0,220.0,192.0,208.0,212.0,206.0,191.0,0.1168416248288452,0.1102137767220902,0.1044214487300094,0.1069246435845213,0.1233569261880687,0.1170550847457627,0.1193705914270211,0.1085972850678733,0.1102278749337572,0.1148429035752979,0.1099839829151094,0.1076662908680947,0.0997963340122198,0.4356435643564356,-0.010932944606414,0.119047619047619,0.342789598108747,0.0511945392491468,0.3377192982456141,0.3564189189189188,0.1047486033519553,-0.0122410546139359,0.0175044091710758,0.0045028967514999,-0.1006816218550912,-0.0441916319049424,0.3053722038870556,0.2742718446601941,Healthcare,35.0,1.0,88,7.6783263565068856,2191.0,1964.0,9.795011076200044,8.861350110795998,9.803501457660202,8.814924599721019
BSX,2017Q2,2017,Q2,0,1,0,0,2257.0,1468.0,789.0,1073.0,812.0,356.0,395.0,91.0,146.0,244.0,390.0,18382.0,7235.0,17943.0,7053.0,0.1081081081081081,0.359769605671245,0.6504209127159947,0.1750110766504209,0.0646876384581302,235.0,256.0,232.0,222.0,210.0,244.0,221.0,220.0,192.0,208.0,212.0,206.0,0.1087962962962963,0.1168416248288452,0.1102137767220902,0.1044214487300094,0.1069246435845213,0.1233569261880687,0.1170550847457627,0.1193705914270211,0.1085972850678733,0.1102278749337572,0.1148429035752979,0.1099839829151094,0.061618062088429,-1.7053140096618358,0.0006816632583503,0.0990990990990992,-2.065868263473054,-2.182634730538922,-1.2292191435768265,0.1972685887708649,0.042362002567394,-0.0554577464788732,0.0353055758461164,-0.0181384060884892,-0.0573995498062681,-2.113992661553278,-1.6643764220385746,25.0,Healthcare,35.0,2.0,89,7.722234744709607,2160.0,2126.0,9.819181603482871,8.886823846515187,9.795011076200044,8.861350110795998
BSX,2017Q3,2017,Q3,0,0,1,0,2222.0,1443.0,779.0,1067.0,797.0,576.0,376.0,309.0,283.0,254.0,537.0,18636.0,7588.0,18382.0,7235.0,0.1143114311431143,0.3586858685868587,0.6494149414941495,0.1692169216921692,0.1273627362736273,244.0,235.0,256.0,232.0,222.0,210.0,244.0,221.0,220.0,192.0,208.0,212.0,0.1081081081081081,0.1087962962962963,0.1168416248288452,0.1102137767220902,0.1044214487300094,0.1069246435845213,0.1233569261880687,0.1170550847457627,0.1193705914270211,0.1085972850678733,0.1102278749337572,0.1148429035752979,0.055581947743468,0.2412280701754385,0.0594713656387664,0.0948275862068965,0.1119691119691119,0.119047619047619,0.2023346303501945,0.0484522207267832,0.0377604166666667,0.0399610136452242,0.0371791489493777,-0.0168831336258626,0.003684619563278,0.06012386952981,0.1758708765613403,0.1673913043478261,Healthcare,35.0,3.0,90,7.706612913964197,2257.0,2105.0,9.832904131080666,8.934455109403913,9.819181603482871,8.886823846515187
BSX,2017Q4,2017,Q4,0,0,0,1,2408.0,1608.0,800.0,1164.0,882.0,506.0,444.0,227.0,-615.0,264.0,-351.0,19041.0,7011.0,18636.0,7588.0,0.1096345514950166,0.3662790697674418,0.6677740863787376,0.1843853820598006,-0.2553986710963455,254.0,244.0,235.0,256.0,232.0,222.0,210.0,244.0,221.0,220.0,192.0,208.0,0.1143114311431143,0.1081081081081081,0.1087962962962963,0.1168416248288452,0.1102137767220902,0.1044214487300094,0.1069246435845213,0.1233569261880687,0.1170550847457627,0.1193705914270211,0.1085972850678733,0.1102278749337572,0.0990415335463259,-5.959677419354839,0.1236897274633124,0.03125,0.4016620498614958,0.3962264150943395,1.5505617977528088,0.0526315789473683,0.0652173913043479,0.045822102425876,-0.0616824127906977,-0.0307760364004044,0.0224269903953977,0.270403685827117,-5.512729744936234,-1.923684210526316,Healthcare,35.0,4.0,91,7.786967002614872,2222.0,2191.0,9.854402344845637,8.855378246041125,9.832904131080666,8.934455109403913
BSX,2018Q1,2018,Q1,1,0,0,0,2379.0,1588.0,791.0,1131.0,852.0,594.0,457.0,323.0,298.0,261.0,559.0,19201.0,7029.0,19041.0,7011.0,0.1097099621689785,0.3581336696090794,0.6675073560319462,0.1920975199663724,0.1252627154266498,264.0,254.0,244.0,235.0,256.0,232.0,222.0,210.0,244.0,221.0,220.0,192.0,0.1096345514950166,0.1143114311431143,0.1081081081081081,0.1087962962962963,0.1168416248288452,0.1102137767220902,0.1044214487300094,0.1069246435845213,0.1233569261880687,0.1170550847457627,0.1193705914270211,0.1085972850678733,0.1013888888888889,0.0275862068965517,0.1702284450994842,0.1106382978723403,0.0457746478873239,0.4837662337662338,0.0590163934426228,-0.0149439601494395,0.0771175726927939,0.0781696854146807,0.0083979501489093,-0.0220370083999853,0.0625024974421546,0.3471774127511831,-0.0670087402704702,0.0647619047619048,Healthcare,35.0,1.0,92,7.77485576666552,2408.0,2160.0,9.86276971925757,8.857941984804711,9.854402344845637,8.855378246041125
BSX,2018Q2,2018,Q2,0,1,0,0,2490.0,1630.0,860.0,1183.0,891.0,627.0,447.0,347.0,555.0,275.0,830.0,19615.0,7744.0,19201.0,7029.0,0.110441767068273,0.3578313253012048,0.6546184738955824,0.1795180722891566,0.2228915662650602,261.0,264.0,254.0,244.0,235.0,256.0,232.0,222.0,210.0,244.0,221.0,220.0,0.1097099621689785,0.1096345514950166,0.1143114311431143,0.1081081081081081,0.1087962962962963,0.1168416248288452,0.1102137767220902,0.1044214487300094,0.1069246435845213,0.1233569261880687,0.1170550847457627,0.1193705914270211,0.1032343819229064,2.8013698630136985,0.1103542234332424,0.1270491803278688,0.7612359550561798,0.1316455696202532,2.8131868131868134,0.0899873257287706,0.0972906403940887,0.1025163094128611,0.0215863453815261,-0.005387560092587,0.006453607344911,0.0257526307762696,2.445659349727678,1.1282051282051282,Healthcare,35.0,2.0,93,7.820439515262181,2379.0,2257.0,9.884100838735938,8.954802752850968,9.86276971925757,8.857941984804711
BSX,2018Q3,2018,Q3,0,0,1,0,2393.0,1585.0,808.0,1174.0,868.0,747.0,411.0,456.0,432.0,289.0,721.0,20379.0,8289.0,19615.0,7744.0,0.1207689093188466,0.362724613455913,0.6623485165064772,0.1717509402423735,0.1805265357292102,275.0,261.0,264.0,254.0,244.0,235.0,256.0,232.0,222.0,210.0,244.0,221.0,0.110441767068273,0.1097099621689785,0.1096345514950166,0.1143114311431143,0.1081081081081081,0.1087962962962963,0.1168416248288452,0.1102137767220902,0.1044214487300094,0.1069246435845213,0.1233569261880687,0.1170550847457627,0.076957695769577,0.5265017667844523,0.0984060984060983,0.1377952755905511,0.296875,0.0930851063829787,0.4757281553398058,0.0372272143774068,0.0890840652446676,0.1002811621368322,0.0564902224664456,0.0112598382673008,0.0199157336641664,0.0149749713259419,0.4174203618031979,0.3426443202979516,Healthcare,35.0,3.0,94,7.780720886117918,2490.0,2222.0,9.922309306776716,9.022805248129341,9.884100838735938,8.954802752850968
BSX,2018Q4,2018,Q4,0,0,0,1,2561.0,1676.0,885.0,1252.0,946.0,615.0,424.0,296.0,386.0,288.0,674.0,20998.0,8725.0,20379.0,8289.0,0.1124560718469347,0.3693869582194455,0.65443186255369,0.1655603279968762,0.1507223740726278,289.0,275.0,261.0,264.0,254.0,244.0,235.0,256.0,232.0,222.0,210.0,244.0,0.1207689093188466,0.110441767068273,0.1097099621689785,0.1096345514950166,0.1143114311431143,0.1081081081081081,0.1087962962962963,0.1168416248288452,0.1102137767220902,0.1044214487300094,0.1069246435845213,0.1233569261880687,0.0635382059800664,-1.6276422764227645,0.0422885572139304,0.0909090909090908,0.2154150197628459,-0.045045045045045,0.303964757709251,0.1062499999999999,0.0725623582766439,0.0756013745704466,0.0257356856341628,0.0084850287895972,-0.0199801461260662,-0.1020962391520766,-1.5901454906778665,-2.92022792022792,Healthcare,35.0,4.0,95,7.848543482456679,2393.0,2408.0,9.952230096524119,9.074062353683555,9.922309306776716,9.022805248129341
BSX,2019Q1,2019,Q1,1,0,0,0,2493.0,1594.0,899.0,1165.0,869.0,800.0,429.0,457.0,424.0,280.0,704.0,23801.0,9232.0,20998.0,8725.0,0.1123144805455274,0.3485760128359406,0.6393902928198957,0.1720818291215403,0.170076213397513,288.0,289.0,275.0,261.0,264.0,254.0,244.0,235.0,256.0,232.0,222.0,210.0,0.1124560718469347,0.1207689093188466,0.110441767068273,0.1097099621689785,0.1096345514950166,0.1143114311431143,0.1081081081081081,0.1087962962962963,0.1168416248288452,0.1102137767220902,0.1044214487300094,0.1069246435845213,0.0479192938209331,0.4228187919463086,0.0037783375314861,0.0727969348659003,0.3468013468013469,-0.061269146608315,0.414860681114551,0.1365360303413401,0.0199530516431925,0.0300618921308577,0.0237400353172791,-0.0266874007785178,-0.0421224769404712,-0.1041954672206905,0.3577560794385352,0.259391771019678,Healthcare,35.0,1.0,96,7.821643126239982,2561.0,2379.0,10.077524889742385,9.130539301772627,9.952230096524119,9.074062353683555
BSX,2019Q2,2019,Q2,0,1,0,0,2631.0,1696.0,935.0,1265.0,968.0,477.0,431.0,145.0,154.0,280.0,434.0,24308.0,9424.0,23801.0,9232.0,0.1064234131508932,0.3679209426073736,0.6446218167996959,0.1638160395286963,0.0585328772329912,280.0,288.0,289.0,275.0,261.0,264.0,254.0,244.0,235.0,256.0,232.0,222.0,0.1123144805455274,0.1124560718469347,0.1207689093188466,0.110441767068273,0.1097099621689785,0.1096345514950166,0.1143114311431143,0.1081081081081081,0.1087962962962963,0.1168416248288452,0.1102137767220902,0.1044214487300094,0.0566265060240964,-0.7225225225225225,0.0404907975460122,0.018181818181818,-0.2392344497607655,-0.0357941834451901,-0.5821325648414986,0.0872093023255813,0.0864197530864196,0.0693153000845308,-0.036384368197367,0.0281965736165661,-0.0152709669746977,-0.0874676992696782,-0.7373930372790122,-0.4771084337349397,Healthcare,35.0,2.0,97,7.875499292445208,2493.0,2490.0,10.098601931128835,9.151121012316212,10.077524889742385,9.130539301772627
BSX,2019Q3,2019,Q3,0,0,1,0,2707.0,1730.0,977.0,1333.0,1012.0,454.0,397.0,91.0,126.0,306.0,432.0,26755.0,9698.0,24308.0,9424.0,0.1130402659770964,0.3738455855190247,0.639083856667898,0.1466568156630956,0.046545991872922,280.0,280.0,288.0,289.0,275.0,261.0,264.0,254.0,244.0,235.0,256.0,232.0,0.1064234131508932,0.1123144805455274,0.1124560718469347,0.1207689093188466,0.110441767068273,0.1097099621689785,0.1096345514950166,0.1143114311431143,0.1081081081081081,0.1087962962962963,0.1168416248288452,0.1102137767220902,0.131216046803176,-0.7083333333333333,0.0914826498422713,0.0588235294117647,-0.392235609103079,-0.0340632603406325,-0.8004385964912281,0.2091584158415842,0.1658986175115206,0.135434412265758,-0.0639953062865338,0.0306595462523344,-0.0351244990496656,-0.1461076401902968,-0.7421653737224481,-0.4008321775312067,Healthcare,35.0,3.0,98,7.903965634032166,2631.0,2393.0,10.194514026238298,9.179778066393542,10.098601931128835,9.151121012316212
BSX,2019Q4,2019,Q4,0,0,0,1,2905.0,1827.0,1078.0,1418.0,1092.0,476.0,409.0,-6.0,3996.0,309.0,4305.0,30565.0,13877.0,26755.0,9698.0,0.106368330464716,0.3759036144578313,0.6289156626506024,0.1407917383820998,1.3755593803786574,306.0,280.0,280.0,288.0,289.0,275.0,261.0,264.0,254.0,244.0,235.0,256.0,0.1130402659770964,0.1064234131508932,0.1123144805455274,0.1124560718469347,0.1207689093188466,0.110441767068273,0.1097099621689785,0.1096345514950166,0.1143114311431143,0.1081081081081081,0.1087962962962963,0.1168416248288452,0.1343225302616164,9.352331606217616,0.0900954653937946,0.0729166666666667,-0.2260162601626016,-0.035377358490566,-1.0202702702702702,0.2180790960451977,0.1543340380549682,0.1325878594249201,-0.054134394721744,0.0176418146157568,-0.0389898496132502,-0.1496046179326471,8.126444490025237,5.387240356083086,Healthcare,35.0,4.0,99,7.974532844130228,2707.0,2561.0,10.327643559087782,9.538060131459494,10.194514026238298,9.179778066393542
BSX,2020Q1,2020,Q1,1,0,0,0,2543.0,1513.0,1030.0,1290.0,978.0,392.0,223.0,22.0,11.0,300.0,311.0,30113.0,13804.0,30565.0,13877.0,0.1179709005112072,0.3845851356665355,0.5949665749115218,0.0876917027133307,0.0043255996854109,309.0,306.0,280.0,280.0,288.0,289.0,275.0,261.0,264.0,254.0,244.0,235.0,0.106368330464716,0.1130402659770964,0.1064234131508932,0.1123144805455274,0.1124560718469347,0.1207689093188466,0.110441767068273,0.1097099621689785,0.1096345514950166,0.1143114311431143,0.1081081081081081,0.1087962962962963,0.0200561572402726,-0.9740566037735848,-0.0508155583437892,0.0714285714285714,-0.51,-0.4801864801864801,-0.9518599562363238,0.1457174638487208,0.1254315304948217,0.1072961373390557,0.0503623391944272,0.1033035019754582,-0.0694782488993576,-0.4904069583581971,-0.9745666980761096,-0.5582386363636364,Healthcare,35.0,1.0,100,7.841492924460013,2905.0,2493.0,10.312745458882988,9.532786124364256,10.327643559087782,9.538060131459494
BSX,2020Q2,2020,Q2,0,1,0,0,2003.0,987.0,1016.0,1048.0,798.0,191.0,-61.0,-181.0,-147.0,242.0,95.0,30823.0,15616.0,30113.0,13804.0,0.1208187718422366,0.3984023964053919,0.4927608587119321,-0.0304543185222166,-0.073389915127309,300.0,309.0,306.0,280.0,280.0,288.0,289.0,275.0,261.0,264.0,254.0,244.0,0.1179709005112072,0.106368330464716,0.1130402659770964,0.1064234131508932,0.1123144805455274,0.1124560718469347,0.1207689093188466,0.110441767068273,0.1097099621689785,0.1096345514950166,0.1143114311431143,0.1081081081081081,-0.2386925123527176,-1.9545454545454544,-0.4180424528301887,-0.1357142857142856,-0.59958071278826,-1.1415313225058004,-2.2482758620689656,0.0866310160427807,-0.1756198347107438,-0.1715415019762846,0.1352649597033022,0.0828478356844899,-0.2355814744863835,-1.1859055963618377,-2.253823809739936,-0.7811059907834101,Healthcare,35.0,2.0,101,7.602900462204755,2543.0,2631.0,10.336048886305994,9.656115343487846,10.312745458882988,9.532786124364256
BSX,2020Q3,2020,Q3,0,0,1,0,2659.0,1573.0,1086.0,1311.0,984.0,145.0,262.0,-227.0,-155.0,315.0,160.0,30845.0,15564.0,30823.0,15616.0,0.1184655885671305,0.3700639338097028,0.5915757803685596,0.0985332831891688,-0.0582925911996991,242.0,300.0,309.0,306.0,280.0,280.0,288.0,289.0,275.0,261.0,264.0,254.0,0.1208187718422366,0.1179709005112072,0.106368330464716,0.1130402659770964,0.1064234131508932,0.1123144805455274,0.1124560718469347,0.1207689093188466,0.110441767068273,0.1097099621689785,0.1096345514950166,0.1143114311431143,-0.0177318064277798,-2.2301587301587302,-0.0907514450867051,0.0294117647058822,-0.6806167400881058,-0.3400503778337531,-3.4945054945054945,0.1115660184237461,-0.0276679841897232,-0.0165041260315078,0.0479946021281774,-0.010115544641437,-0.0743377818163636,-0.3281370337705791,-2.25236543156814,-0.6296296296296297,Healthcare,35.0,3.0,102,7.886081401775745,2003.0,2707.0,10.33676236128356,9.652780082875708,10.336048886305994,9.656115343487846
BSX,2020Q4,2020,Q4,0,0,0,1,2708.0,1501.0,1207.0,1327.0,1027.0,633.0,174.0,248.0,152.0,286.0,438.0,30778.0,15327.0,30845.0,15564.0,0.1056129985228951,0.3792466765140325,0.5542836041358936,0.0642540620384047,0.0561299852289512,315.0,242.0,300.0,309.0,306.0,280.0,280.0,288.0,289.0,275.0,261.0,264.0,0.1184655885671305,0.1208187718422366,0.1179709005112072,0.106368330464716,0.1130402659770964,0.1064234131508932,0.1123144805455274,0.1124560718469347,0.1207689093188466,0.110441767068273,0.1097099621689785,0.1096345514950166,-0.0678141135972461,-0.961961961961962,-0.1784345922276956,-0.0744336569579288,0.3298319327731092,-0.5745721271393642,-42.333333333333336,0.1196660482374767,-0.0595238095238095,-0.0641748942172073,-0.0071010980290927,0.0088934022648941,-0.1186678325042304,-0.5436233490915263,-0.9591947930204946,-0.8982578397212544,Healthcare,35.0,4.0,103,7.904334842085095,2659.0,2905.0,10.334587918236123,9.637436500210642,10.33676236128356,9.652780082875708
BSX,2021Q1,2021,Q1,1,0,0,0,2752.0,1667.0,1085.0,1307.0,1019.0,682.0,360.0,325.0,341.0,276.0,617.0,30900.0,15720.0,30778.0,15327.0,0.1002906976744186,0.3702761627906977,0.6057412790697675,0.1308139534883721,0.1239098837209302,286.0,315.0,242.0,300.0,309.0,306.0,280.0,280.0,288.0,289.0,275.0,261.0,0.1056129985228951,0.1184655885671305,0.1208187718422366,0.1179709005112072,0.106368330464716,0.1130402659770964,0.1064234131508932,0.1123144805455274,0.1124560718469347,0.1207689093188466,0.110441767068273,0.1097099621689785,0.0821863940228078,30.0,0.1017845340383345,-0.0799999999999999,0.739795918367347,0.6143497757847534,13.772727272727272,0.0533980582524271,0.0419222903885481,0.0131782945736433,-0.1498691860465116,-0.0372062556475006,0.0181097638297547,0.4917483574929608,27.645712209302324,0.9839228295819936,Healthcare,35.0,1.0,104,7.920446505142607,2708.0,2543.0,10.33854382482173,9.662752677191515,10.334587918236123,9.637436500210642
BSX,2021Q2,2021,Q2,0,1,0,0,3077.0,1942.0,1135.0,1431.0,1121.0,500.0,511.0,149.0,186.0,298.0,484.0,31168.0,15942.0,30900.0,15720.0,0.0968475788105297,0.3643158921026974,0.6311342216444589,0.1660708482287942,0.0604484887877803,276.0,286.0,315.0,242.0,300.0,309.0,306.0,280.0,280.0,288.0,289.0,275.0,0.1002906976744186,0.1056129985228951,0.1184655885671305,0.1208187718422366,0.1179709005112072,0.106368330464716,0.1130402659770964,0.1064234131508932,0.1123144805455274,0.1124560718469347,0.1207689093188466,0.110441767068273,0.5361957064403395,-2.26530612244898,0.96757852077001,0.2314049586776858,1.6178010471204187,-9.37704918032787,-1.8232044198895028,0.1171259842519685,0.4047619047619046,0.3654580152671756,-0.1984061968698717,-0.0855579800981166,0.2808124072480762,-6.453113262332376,-1.8236620615096868,4.094736842105263,Healthcare,35.0,2.0,105,8.032035314398824,2752.0,2003.0,10.347179290116486,9.676775140407365,10.33854382482173,9.662752677191515
BSX,2021Q3,2021,Q3,0,0,1,0,2932.0,1832.0,1100.0,1390.0,1066.0,841.0,442.0,483.0,419.0,310.0,729.0,31877.0,16461.0,31168.0,15942.0,0.1057298772169167,0.3635743519781719,0.6248294679399727,0.15075034106412,0.1429058663028649,298.0,276.0,286.0,315.0,242.0,300.0,309.0,306.0,280.0,280.0,288.0,289.0,0.0968475788105297,0.1002906976744186,0.1056129985228951,0.1184655885671305,0.1208187718422366,0.1179709005112072,0.106368330464716,0.1130402659770964,0.1064234131508932,0.1123144805455274,0.1124560718469347,0.1207689093188466,0.1026701767581796,-3.703225806451613,0.164653528289892,-0.0158730158730159,4.8,0.6870229007633588,-3.1277533039647576,0.0128913443830571,0.0833333333333332,0.0602593440122043,-0.1075055761276772,-0.0175363801728057,0.0562120503829546,0.5299433469064703,-3.4515270870923733,3.5562500000000004,Healthcare,35.0,3.0,106,7.983781068977451,3077.0,2659.0,10.369671395678997,9.70880997353259,10.347179290116486,9.676775140407365
BSX,2021Q4,2021,Q4,0,0,0,1,3127.0,1941.0,1186.0,1484.0,1153.0,498.0,457.0,120.0,94.0,320.0,414.0,32230.0,16623.0,31877.0,16461.0,0.1023345059162136,0.3687240166293572,0.6207227374480333,0.1461464662615925,0.0300607611128877,310.0,298.0,276.0,286.0,315.0,242.0,300.0,309.0,306.0,280.0,280.0,288.0,0.1057298772169167,0.0968475788105297,0.1002906976744186,0.1056129985228951,0.1184655885671305,0.1208187718422366,0.1179709005112072,0.106368330464716,0.1130402659770964,0.1064234131508932,0.1123144805455274,0.1124560718469347,0.1547267355982275,-0.381578947368421,0.2931379080612923,0.1188811188811189,-0.2132701421800947,1.6264367816091956,-0.5161290322580645,-0.0173985086992543,0.1226874391431354,0.1183119819140918,-0.0310425104157116,-0.0277462151584232,0.1198648720914552,1.2745093714735214,-0.4644438085940787,-0.0547945205479452,Healthcare,35.0,4.0,107,8.048149101665201,2932.0,2708.0,10.38068400132164,9.718602713339008,10.369671395678997,9.70880997353259
BSX,2022Q1,2022,Q1,1,0,0,0,3026.0,1843.0,1183.0,1386.0,1060.0,725.0,457.0,156.0,111.0,319.0,430.0,32337.0,16735.0,32230.0,16623.0,0.1054196959682749,0.3502974223397224,0.6090548578982155,0.1510244547257105,0.0366820885657633,320.0,310.0,298.0,276.0,286.0,315.0,242.0,300.0,309.0,306.0,280.0,280.0,0.1023345059162136,0.1057298772169167,0.0968475788105297,0.1002906976744186,0.1056129985228951,0.1184655885671305,0.1208187718422366,0.1179709005112072,0.106368330464716,0.1130402659770964,0.1064234131508932,0.1123144805455274,0.0995639534883721,-0.6744868035190617,0.1055788842231553,0.1557971014492754,0.0630498533724339,0.2694444444444444,-0.52,0.0903225806451613,0.0402355250245338,0.0604437643458302,0.0511413163213503,-0.0539563235731933,0.0054702873040723,0.1544980539032092,-0.7039615609003494,-0.3030794165316045,Healthcare,35.0,1.0,108,8.01532730902172,3127.0,2752.0,10.38399828829976,9.72531736686465,10.38068400132164,9.718602713339008
BSX,2022Q2,2022,Q2,0,1,0,0,3244.0,1988.0,1256.0,1511.0,1165.0,692.0,477.0,345.0,260.0,335.0,595.0,32190.0,17252.0,32337.0,16735.0,0.1032675709001233,0.3591245376078915,0.6128236744759556,0.1470406905055487,0.0801479654747225,319.0,320.0,310.0,298.0,276.0,286.0,315.0,242.0,300.0,309.0,306.0,280.0,0.1054196959682749,0.1023345059162136,0.1057298772169167,0.0968475788105297,0.1002906976744186,0.1056129985228951,0.1184655885671305,0.1208187718422366,0.1179709005112072,0.106368330464716,0.1130402659770964,0.1064234131508932,0.054273643158921,0.3978494623655915,0.0236869207003089,0.1241610738255034,0.3839999999999999,-0.0665362035225048,1.315436241610738,0.1066079295154185,0.039250669045495,0.0559049615653388,0.0662896498646961,-0.0142495965927903,-0.0290121285465934,-0.1145905974842007,0.3258886546544157,0.2293388429752065,Healthcare,35.0,2.0,109,8.08487062913819,3026.0,3077.0,10.379442189358636,9.755741320381864,10.38399828829976,9.72531736686465
BSX,2022Q3,2022,Q3,0,0,1,0,3170.0,1928.0,1242.0,1468.0,1118.0,593.0,460.0,245.0,188.0,339.0,527.0,31948.0,17641.0,32190.0,17252.0,0.1069400630914826,0.3526813880126183,0.6082018927444794,0.1451104100946372,0.0593059936908517,335.0,319.0,320.0,310.0,298.0,276.0,286.0,315.0,242.0,300.0,309.0,306.0,0.1032675709001233,0.1054196959682749,0.1023345059162136,0.1057298772169167,0.0968475788105297,0.1002906976744186,0.1056129985228951,0.1184655885671305,0.1208187718422366,0.1179709005112072,0.106368330464716,0.1130402659770964,0.0811732605729878,-0.5513126491646778,0.0524017467248907,0.0935483870967741,-0.2948870392390011,0.0407239819004525,-0.4927536231884057,0.1290909090909091,0.048780487804878,0.056115107913669,0.0114460160781522,-0.0299607601754251,-0.0266113812626562,-0.0374123927658904,-0.58499958591509,-0.2770919067215364,Healthcare,35.0,3.0,110,8.061802274538348,3244.0,2932.0,10.371896160411321,9.778037701818713,10.379442189358636,9.755741320381864
BSX,2022Q4,2022,Q4,0,0,0,1,3242.0,1955.0,1287.0,1506.0,1163.0,757.0,449.0,396.0,140.0,330.0,470.0,32470.0,17574.0,31948.0,17641.0,0.1017890191239975,0.3587291795188155,0.6030228254164096,0.1384947563232572,0.0431832202344232,339.0,335.0,319.0,320.0,310.0,298.0,276.0,286.0,315.0,242.0,300.0,309.0,0.1069400630914826,0.1032675709001233,0.1054196959682749,0.1023345059162136,0.1057298772169167,0.0968475788105297,0.1002906976744186,0.1056129985228951,0.1184655885671305,0.1208187718422366,0.1179709005112072,0.106368330464716,0.0367764630636393,0.4893617021276595,0.0072127769191139,0.03125,0.5200803212851406,-0.0175054704595185,2.3,0.0851602023608768,0.0086730268863832,0.0148247978436657,-0.0053304287476866,-0.0271065530309313,-0.0285150051122551,-0.0523564485277343,0.4365311667344822,0.1352657004830917,Healthcare,35.0,4.0,111,8.084254106307318,3170.0,3127.0,10.388102662282032,9.774232716678865,10.371896160411321,9.778037701818713
BSX,2023Q1,2023,Q1,1,0,0,0,3389.0,2077.0,1312.0,1562.0,1215.0,796.0,515.0,445.0,314.0,337.0,651.0,32892.0,17850.0,32470.0,17574.0,0.0994393626438477,0.3585128356447329,0.6128651519622308,0.1519622307465329,0.0926526999114783,330.0,339.0,335.0,319.0,320.0,310.0,298.0,276.0,286.0,315.0,242.0,300.0,0.1017890191239975,0.1069400630914826,0.1032675709001233,0.1054196959682749,0.1023345059162136,0.1057298772169167,0.0968475788105297,0.1002906976744186,0.1056129985228951,0.1184655885671305,0.1208187718422366,0.1179709005112072,0.1199603436880369,1.8288288288288288,0.1269669017905588,0.0564263322884013,0.0979310344827586,0.1269146608315099,1.8525641025641024,0.1090448013524936,0.1462264150943395,0.1269841269841269,-0.0567288045132186,0.0234526798688321,0.0062560769602335,0.0062094315952045,1.5258294588480488,0.5139534883720931,Healthcare,35.0,1.0,112,8.128585200374497,3242.0,3026.0,10.401015148158129,9.789814808047552,10.388102662282032,9.774232716678865
BSX,2023Q2,2023,Q2,0,1,0,0,3599.0,2276.0,1323.0,1725.0,1354.0,795.0,551.0,426.0,270.0,359.0,629.0,33601.0,18226.0,32892.0,17850.0,0.09974993053626,0.3762156154487358,0.6323978883023061,0.153098082800778,0.0750208391219783,337.0,330.0,339.0,335.0,319.0,320.0,310.0,298.0,276.0,286.0,315.0,242.0,0.0994393626438477,0.1017890191239975,0.1069400630914826,0.1032675709001233,0.1054196959682749,0.1023345059162136,0.1057298772169167,0.0968475788105297,0.1002906976744186,0.1056129985228951,0.1184655885671305,0.1208187718422366,0.1094327990135635,0.0384615384615385,0.1448692152917505,0.0716417910447761,0.1488439306358382,0.1551362683438155,0.2347826086956521,0.0533439490445859,0.1622317596566522,0.1416280608868299,-0.0340633592249919,0.0475909497988831,0.0319410209520527,0.0411953471818109,-0.0639707611088551,0.0571428571428571,Healthcare,35.0,2.0,113,8.1886891244442,3389.0,3244.0,10.422340867989348,9.810659290224933,10.401015148158129,9.789814808047552
BSX,2023Q3,2023,Q3,0,0,1,0,3527.0,2167.0,1360.0,1609.0,1242.0,976.0,558.0,609.0,504.0,356.0,860.0,34043.0,18885.0,33601.0,18226.0,0.1009356393535582,0.3521406294301106,0.6144031755032605,0.1582081088743975,0.1428976467252622,359.0,337.0,330.0,339.0,335.0,319.0,320.0,310.0,298.0,276.0,286.0,315.0,0.09974993053626,0.0994393626438477,0.1017890191239975,0.1069400630914826,0.1032675709001233,0.1054196959682749,0.1023345059162136,0.1057298772169167,0.0968475788105297,0.1002906976744186,0.1056129985228951,0.1184655885671305,0.1126182965299684,1.680851063829787,0.1239626556016597,0.0501474926253686,0.6458684654300169,0.2130434782608696,1.4857142857142858,0.0950080515297906,0.110912343470483,0.0960490463215257,-0.0561475612071395,-0.0015332779128348,0.0101960925027675,0.0902602285474785,1.4094975538249006,0.6318785578747628,Healthcare,35.0,3.0,114,8.168486417126681,3599.0,3170.0,10.435409084596852,9.846176185823014,10.422340867989348,9.810659290224933
BSX,2023Q4,2023,Q4,0,0,0,1,3725.0,2312.0,1413.0,1754.0,1379.0,885.0,558.0,505.0,504.0,363.0,867.0,35136.0,19281.0,34043.0,18885.0,0.0974496644295302,0.3702013422818792,0.6206711409395973,0.1497986577181208,0.1353020134228187,356.0,359.0,337.0,330.0,339.0,335.0,319.0,320.0,310.0,298.0,276.0,286.0,0.1009356393535582,0.09974993053626,0.0994393626438477,0.1017890191239975,0.1069400630914826,0.1032675709001233,0.1054196959682749,0.1023345059162136,0.1057298772169167,0.0968475788105297,0.1002906976744186,0.1056129985228951,0.14898210980876,2.6,0.1826086956521739,0.1,0.1690885072655217,0.2427616926503339,0.2752525252525253,0.0979020979020979,0.1857265692175409,0.1646746347941567,-0.0426308724832215,0.0319800100411455,0.0292664137729792,0.081619706730841,2.1332080536912748,0.8446808510638297,Healthcare,35.0,4.0,115,8.223090551161533,3527.0,3242.0,10.467009985302088,9.866927297224326,10.435409084596852,9.846176185823014
BSX,2024Q1,2024,Q1,1,0,0,0,3856.0,2384.0,1472.0,1740.0,1364.0,984.0,644.0,608.0,494.0,366.0,860.0,36669.0,19925.0,35136.0,19281.0,0.0949170124481327,0.3537344398340249,0.6182572614107884,0.16701244813278,0.1281120331950207,363.0,356.0,359.0,337.0,330.0,339.0,335.0,319.0,320.0,310.0,298.0,276.0,0.0974496644295302,0.1009356393535582,0.09974993053626,0.0994393626438477,0.1017890191239975,0.1069400630914826,0.1032675709001233,0.1054196959682749,0.1023345059162136,0.1057298772169167,0.0968475788105297,0.1002906976744186,0.1377987606963706,0.5732484076433122,0.1478093403948002,0.0860534124629079,0.2361809045226131,0.2504854368932039,0.3662921348314607,0.1219512195121952,0.1226337448559671,0.1139564660691421,-0.0454784712560178,-0.0133283814012259,0.0087981988065295,0.0990391975184303,0.3827123582736473,0.3210445468509983,Healthcare,35.0,1.0,116,8.257644958208228,3725.0,3389.0,10.50971426106537,9.899780690604802,10.467009985302088,9.866927297224326
BSX,2024Q2,2024,Q2,0,1,0,0,4120.0,2585.0,1535.0,1838.0,1446.0,812.0,747.0,420.0,324.0,383.0,707.0,37108.0,20371.0,36669.0,19925.0,0.0929611650485437,0.3509708737864078,0.6274271844660194,0.1813106796116504,0.0786407766990291,366.0,363.0,356.0,359.0,337.0,330.0,339.0,335.0,319.0,320.0,310.0,298.0,0.0949170124481327,0.0974496644295302,0.1009356393535582,0.09974993053626,0.0994393626438477,0.1017890191239975,0.1069400630914826,0.1032675709001233,0.1054196959682749,0.1023345059162136,0.1057298772169167,0.0968475788105297,0.1447624340094471,0.1999999999999999,0.1357644991212654,0.0668523676880223,0.0213836477987421,0.3557168784029039,-0.0140845070422535,0.1602418745275888,0.06794682422452,0.0655072463768116,-0.0680578467696135,-0.0671017911689205,-0.0078600892384868,0.1842779236339928,0.0482524271844659,0.1240063593004769,Healthcare,35.0,2.0,117,8.323851131338817,3856.0,3599.0,10.52161480677699,9.921916688004496,10.50971426106537,9.899780690604802
BSX,2024Q3,2024,Q3,0,0,1,0,4209.0,2648.0,1561.0,1974.0,1562.0,1058.0,674.0,668.0,469.0,407.0,876.0,38078.0,20708.0,37108.0,20371.0,0.0966975528629128,0.3711095272036113,0.629128058921359,0.1601330482299833,0.1114278926110715,383.0,366.0,363.0,356.0,359.0,337.0,330.0,339.0,335.0,319.0,320.0,310.0,0.0929611650485437,0.0949170124481327,0.0974496644295302,0.1009356393535582,0.09974993053626,0.0994393626438477,0.1017890191239975,0.1069400630914826,0.1032675709001233,0.1054196959682749,0.1023345059162136,0.1057298772169167,0.1933654664020414,-0.0694444444444444,0.2219658514074758,0.1432584269662922,0.084016393442623,0.2078853046594981,0.0968801313628899,0.1477941176470587,0.2576489533011272,0.2268489745183344,-0.0419880085744565,0.0538673932746673,0.0239661577367944,0.0121671346006295,-0.2202258388110134,0.0186046511627906,Healthcare,35.0,3.0,118,8.345217926676428,4120.0,3527.0,10.547418228056287,9.938323667371586,10.52161480677699,9.921916688004496
BSX,2024Q4,2024,Q4,0,0,0,1,4561.0,2671.0,1890.0,2082.0,1612.0,1071.0,589.0,585.0,566.0,460.0,1026.0,39395.0,21770.0,38078.0,20708.0,0.1008550756413067,0.3534312650734488,0.585617189212892,0.1291383468537601,0.1240955930716948,407.0,383.0,366.0,363.0,356.0,359.0,337.0,330.0,339.0,335.0,319.0,320.0,0.0966975528629128,0.0929611650485437,0.0949170124481327,0.0974496644295302,0.1009356393535582,0.09974993053626,0.0994393626438477,0.1017890191239975,0.1069400630914826,0.1032675709001233,0.1054196959682749,0.1023345059162136,0.2244295302013423,0.123015873015873,0.1552768166089966,0.2672176308539944,0.2101694915254237,0.0555555555555555,0.1584158415841583,0.3375796178343948,0.1689630166787528,0.1870011402508551,0.0349453354376518,-0.04529988223452,-0.0564774957534504,-0.1379205339959561,-0.0828252297776523,0.1833910034602075,Healthcare,35.0,4.0,119,8.425516402844334,4209.0,3725.0,10.581419567289593,9.988334087946246,10.547418228056287,9.938323667371586
BSX,2025Q1,2025,Q1,1,0,0,0,4663.0,2950.0,1713.0,2054.0,1597.0,1217.0,896.0,805.0,674.0,443.0,1117.0,40140.0,22212.0,39395.0,21770.0,0.0950032168132103,0.342483379798413,0.6326399313746515,0.1921509757666738,0.1445421402530559,460.0,407.0,383.0,366.0,363.0,356.0,359.0,337.0,330.0,339.0,335.0,319.0,0.1008550756413067,0.0966975528629128,0.0929611650485437,0.0949170124481327,0.0974496644295302,0.1009356393535582,0.09974993053626,0.0994393626438477,0.1017890191239975,0.1069400630914826,0.1032675709001233,0.1054196959682749,0.2092842323651451,0.3643724696356276,0.2374161073825502,0.2103825136612021,0.2367886178861789,0.3913043478260869,0.3240131578947369,0.1637228260869565,0.1708211143695015,0.1804597701149426,0.0009082077369924,-0.031806515760498,0.0232632447066509,0.1505188859569786,0.1282479611655544,0.2988372093023255,Healthcare,35.0,1.0,120,8.447628728030327,4561.0,3856.0,10.600153534845193,10.008432982057622,10.581419567289593,9.988334087946246
BSX,2025Q2,2025,Q2,0,1,0,0,5061.0,3424.0,1637.0,2605.0,1716.0,1367.0,819.0,941.0,793.0,526.0,1319.0,41559.0,22418.0,40140.0,22212.0,0.1039320292432325,0.3390634262003557,0.67654613712705,0.1618257261410788,0.1566884015016795,443.0,460.0,407.0,383.0,366.0,363.0,356.0,359.0,337.0,330.0,339.0,335.0,0.0950032168132103,0.1008550756413067,0.0966975528629128,0.0929611650485437,0.0949170124481327,0.0974496644295302,0.1009356393535582,0.09974993053626,0.0994393626438477,0.1017890191239975,0.1069400630914826,0.1032675709001233,0.2283980582524272,1.4475308641975309,0.3245647969052223,0.3733681462140992,0.6834975369458127,0.0963855421686747,1.2404761904761905,0.0664495114006513,0.1867219917012448,0.4173014145810663,0.1180155626164964,-0.0339271673959438,0.0782862997924356,-0.1074672132513455,0.9924574511941964,0.8656294200848655,Healthcare,35.0,2.0,121,8.529516941105069,4663.0,4120.0,10.634893445213164,10.0176640925984,10.600153534845193,10.008432982057622
