ticker,Year_Quarter,year,quarter,Q1,Q2,Q3,Q4,revenue,grossProfit,costOfRevenue,operatingExpenses,snaExpenses,ebitda,operatingIncome,incomeBeforeTax,netIncome,rnd,net_plus_rnd,totalAssets,totalEquity,totalAssets_lag1,totalEquity_lag1,rnd_to_rev_ratio,sna_to_rev_ratio,grossProfitRatio,operatingIncomeRatio,netIncomeRatio,rnd_lag1,rnd_lag2,rnd_lag3,rnd_lag4,rnd_lag5,rnd_lag6,rnd_lag7,rnd_lag8,rnd_lag9,rnd_lag10,rnd_lag11,rnd_lag12,rnd_to_rev_ratio_lag1,rnd_to_rev_ratio_lag2,rnd_to_rev_ratio_lag3,rnd_to_rev_ratio_lag4,rnd_to_rev_ratio_lag5,rnd_to_rev_ratio_lag6,rnd_to_rev_ratio_lag7,rnd_to_rev_ratio_lag8,rnd_to_rev_ratio_lag9,rnd_to_rev_ratio_lag10,rnd_to_rev_ratio_lag11,rnd_to_rev_ratio_lag12,revenue_yoy,netIncome_yoy,grossProfit_yoy,rnd_yoy,ebitda_yoy,operatingIncome_yoy,incomeBeforeTax_yoy,costOfRevenue_yoy,snaExpenses_yoy,operatingExpenses_yoy,rnd_to_rev_ratio_yoy,sna_to_rev_ratio_yoy,grossProfitRatio_yoy,operatingIncomeRatio_yoy,netIncomeRatio_yoy,net_plus_rnd_yoy,gics_sectors,gics_sector_code,quarter_int,time_idx,revenue_log,revenue_lag1,revenue_lag4,totalAssets_log,totalEquity_log,totalAssets_lag1_log,totalEquity_lag1_log
CAT,1995Q2,1995,Q2,0,1,0,0,4213.0,1277.0,2936.0,709.0,535.0,742.0,568.0,479.0,323.0,0.0,323.0,17878.0,3378.0,16798.0,3181.0,0.0,0.1269878946119155,0.3031094232138618,0.1348207927842392,0.0766674578685022,0.0,,,,,,,,,,,,0.0,,,,,,,,,,,,,,,,,,,,,,,,,,,,Industrials,20.0,2.0,1,8.346167594364134,3913.0,,9.79138211875182,8.12533508671429,9.729074639810214,8.065265208897733
CAT,1995Q3,1995,Q3,0,0,1,0,3733.0,1024.0,2709.0,667.0,498.0,526.0,357.0,282.0,213.0,0.0,213.0,17486.0,3494.0,17878.0,3378.0,0.0,0.1334047682828824,0.2743102062684168,0.0956335387088132,0.0570586659523171,0.0,0.0,,,,,,,,,,,0.0,0.0,,,,,,,,,,,,,,,,,,,,,,,,,,,Industrials,20.0,3.0,2,8.225235324101668,4213.0,,9.76921302671366,8.15908865466791,9.79138211875182,8.12533508671429
CAT,1995Q4,1995,Q4,0,0,0,1,4213.0,1256.0,2957.0,729.0,564.0,692.0,527.0,433.0,300.0,0.0,300.0,16830.0,3388.0,17486.0,3494.0,0.0,0.1338713505815333,0.2981248516496558,0.1250890102065036,0.0712081652029432,0.0,0.0,0.0,,,,,,,,,,0.0,0.0,0.0,,,,,,,,,,,,,,,,,,,,,,,,,,Industrials,20.0,4.0,3,8.346167594364134,3733.0,,9.730977703126166,8.128290171607052,9.76921302671366,8.15908865466791
CAT,1996Q1,1996,Q1,1,0,0,0,3844.0,1254.0,2590.0,737.0,563.0,691.0,517.0,439.0,296.0,0.0,296.0,17412.0,3641.0,16830.0,3388.0,0.0,0.146462018730489,0.3262226847034339,0.1344953173777315,0.0770031217481789,0.0,0.0,0.0,0.0,,,,,,,,,0.0,0.0,0.0,0.0,,,,,,,,,-0.0176335292614362,-0.0133333333333333,0.0476190476190476,,-0.007183908045977,-0.0095785440613026,-0.0090293453724604,-0.0463917525773195,0.1237524950099799,0.0918518518518518,,0.143923910763281,0.0664238640305237,0.0081995726035697,0.0043773846687478,-0.0133333333333333,Industrials,20.0,1.0,4,8.254528881939745,4213.0,3913.0,9.764972332679383,8.200288260287554,9.730977703126166,8.128290171607052
CAT,1996Q2,1996,Q2,0,1,0,0,4180.0,1378.0,2802.0,742.0,568.0,810.0,636.0,555.0,374.0,0.0,374.0,18122.0,3785.0,17412.0,3641.0,0.0,0.1358851674641148,0.3296650717703349,0.1521531100478469,0.0894736842105263,0.0,0.0,0.0,0.0,0.0,,,,,,,,0.0,0.0,0.0,0.0,0.0,,,,,,,,-0.0078328981723237,0.1578947368421053,0.0790916209866876,,0.091644204851752,0.1197183098591549,0.1586638830897704,-0.0456403269754768,0.0616822429906542,0.0465444287729195,,0.0700639449090014,0.0876107653628983,0.12855819125278,0.1670360110803324,0.1578947368421053,Industrials,20.0,2.0,5,8.338305731356565,3844.0,4213.0,9.80493712880685,8.239065331769268,9.764972332679383,8.200288260287554
CAT,1996Q3,1996,Q3,0,0,1,0,4033.0,1303.0,2730.0,771.0,596.0,707.0,532.0,448.0,310.0,0.0,310.0,19744.0,4726.0,18122.0,3785.0,0.0,0.147780808331267,0.3230845524423506,0.1319117282420034,0.0768658566823704,0.0,0.0,0.0,0.0,0.0,0.0,,,,,,,0.0,0.0,0.0,0.0,0.0,0.0,,,,,,,0.0803643182427003,0.4553990610328637,0.2724609375,,0.3441064638783271,0.4901960784313726,0.5886524822695036,0.0077519379844961,0.1967871485943775,0.1559220389805098,,0.1077625652622891,0.1778072600266551,0.3793458866313697,0.3471372910576942,0.4553990610328637,Industrials,20.0,3.0,6,8.302513718514158,4180.0,3733.0,9.89065557372075,8.461046030793236,9.80493712880685,8.239065331769268
CAT,1996Q4,1996,Q4,0,0,0,1,4465.0,1467.0,2998.0,865.0,692.0,775.0,602.0,532.0,381.0,0.0,381.0,18728.0,4116.0,19744.0,4726.0,0.0,0.15498320268757,0.328555431131019,0.1348264277715565,0.0853303471444568,0.0,0.0,0.0,0.0,0.0,0.0,0.0,,,,,,0.0,0.0,0.0,0.0,0.0,0.0,0.0,,,,,,0.0598148587704723,0.27,0.1679936305732483,,0.1199421965317919,0.1423149905123339,0.2286374133949191,0.0138654041258032,0.2269503546099291,0.1865569272976679,,0.1577025406431424,0.1020732733718017,0.0778439093008875,0.1983225083986561,0.27,Industrials,20.0,4.0,7,8.404248432400102,4033.0,4213.0,9.837828403729853,8.322880021769905,9.89065557372075,8.461046030793236
CAT,1997Q1,1997,Q1,1,0,0,0,4262.0,1470.0,2792.0,804.0,498.0,855.0,666.0,590.0,394.0,117.0,511.0,19292.0,4366.0,18728.0,4116.0,0.0274519005161895,0.1168465509150633,0.344908493664946,0.1562646644767714,0.0924448615673392,0.0,0.0,0.0,0.0,0.0,0.0,0.0,0.0,,,,,0.0,0.0,0.0,0.0,0.0,0.0,0.0,0.0,,,,,0.1087408949011445,0.3310810810810811,0.1722488038277512,,0.2373371924746743,0.2882011605415862,0.3439635535307517,0.0779922779922779,-0.1154529307282415,0.0909090909090908,,-0.2022057873578978,0.0572793059394358,0.1618595169220689,0.2005339454893653,0.7263513513513513,Industrials,20.0,1.0,8,8.35772841676521,4465.0,3844.0,9.867497614802973,8.381831553485561,9.837828403729853,8.322880021769905
CAT,1997Q2,1997,Q2,0,1,0,0,4870.0,1607.0,3263.0,869.0,547.0,925.0,738.0,652.0,435.0,135.0,570.0,20197.0,4516.0,19292.0,4366.0,0.0277207392197125,0.1123203285420944,0.3299794661190965,0.1515400410677618,0.0893223819301848,117.0,0.0,0.0,0.0,0.0,0.0,0.0,0.0,0.0,,,,0.0274519005161895,0.0,0.0,0.0,0.0,0.0,0.0,0.0,0.0,,,,0.1650717703349282,0.1631016042780748,0.1661828737300434,,0.1419753086419752,0.1603773584905661,0.1747747747747747,0.1645253390435404,-0.0369718309859155,0.1711590296495957,,-0.1734173005176852,0.0009536780680865,-0.0040292898376661,-0.0016910254861697,0.5240641711229947,Industrials,20.0,2.0,9,8.491054533806542,4262.0,4180.0,9.913338868586502,8.415603335654604,9.867497614802973,8.381831553485561
CAT,1997Q3,1997,Q3,0,0,1,0,4600.0,1511.0,3089.0,882.0,561.0,818.0,629.0,551.0,385.0,132.0,517.0,20758.0,4686.0,20197.0,4516.0,0.028695652173913,0.1219565217391304,0.3284782608695652,0.1367391304347826,0.083695652173913,135.0,117.0,0.0,0.0,0.0,0.0,0.0,0.0,0.0,0.0,,,0.0277207392197125,0.0274519005161895,0.0,0.0,0.0,0.0,0.0,0.0,0.0,0.0,,,0.1405901314158195,0.2419354838709677,0.1596316193399847,,0.1570014144271569,0.1823308270676691,0.2299107142857142,0.1315018315018314,-0.0587248322147651,0.1439688715953306,,-0.174747227896119,0.0166944175648169,0.0365957012095454,0.0888534361851332,0.667741935483871,Industrials,20.0,3.0,10,8.434028950155469,4870.0,4033.0,9.940735166562794,8.452547997922705,9.913338868586502,8.415603335654604
CAT,1997Q4,1997,Q4,0,0,0,1,5193.0,1701.0,3492.0,943.0,626.0,931.0,758.0,668.0,451.0,144.0,595.0,20756.0,4679.0,20758.0,4686.0,0.0277296360485268,0.1205468900442904,0.3275563258232236,0.1459657230887733,0.0868476795686501,132.0,135.0,117.0,0.0,0.0,0.0,0.0,0.0,0.0,0.0,0.0,,0.028695652173913,0.0277207392197125,0.0274519005161895,0.0,0.0,0.0,0.0,0.0,0.0,0.0,0.0,,0.1630459126539754,0.1837270341207348,0.1595092024539877,,0.201290322580645,0.2591362126245846,0.255639097744361,0.1647765176784523,-0.0953757225433525,0.0901734104046243,,-0.2221938380812765,-0.0030409033396773,0.0826195242381611,0.0177818616116081,0.5616797900262467,Industrials,20.0,4.0,11,8.555259392222693,4600.0,4465.0,9.94063881816692,8.451053388911692,9.940735166562794,8.452547997922705
CAT,1998Q1,1998,Q1,1,0,0,0,4794.0,1664.0,3130.0,946.0,587.0,922.0,718.0,637.0,430.0,155.0,585.0,23577.0,5009.0,20756.0,4679.0,0.0323320817688777,0.122444722569879,0.3471005423445974,0.1497705465164789,0.0896954526491447,144.0,132.0,135.0,117.0,0.0,0.0,0.0,0.0,0.0,0.0,0.0,0.0,0.0277296360485268,0.028695652173913,0.0277207392197125,0.0274519005161895,0.0,0.0,0.0,0.0,0.0,0.0,0.0,0.0,0.1248240262787423,0.0913705583756345,0.1319727891156463,0.3247863247863247,0.0783625730994153,0.0780780780780781,0.0796610169491525,0.1210601719197708,0.178714859437751,0.1766169154228856,0.1777720726406584,0.0479104570137034,0.0063554499814111,-0.041558454574725,-0.0297410680440228,0.1448140900195695,Industrials,20.0,1.0,12,8.475328987317539,5193.0,4262.0,10.068069352852072,8.51919119407891,9.94063881816692,8.451053388911692
CAT,1998Q2,1998,Q2,0,1,0,0,5604.0,1851.0,3753.0,1024.0,634.0,1052.0,827.0,666.0,446.0,165.0,611.0,25106.0,5133.0,23577.0,5009.0,0.0294432548179871,0.1131334760885082,0.3302997858672377,0.1475731620271234,0.0795860099928622,155.0,144.0,132.0,135.0,117.0,0.0,0.0,0.0,0.0,0.0,0.0,0.0,0.0323320817688777,0.0277296360485268,0.028695652173913,0.0277207392197125,0.0274519005161895,0.0,0.0,0.0,0.0,0.0,0.0,0.0,0.150718685831622,0.0252873563218389,0.1518357187305539,0.2222222222222223,0.1372972972972972,0.1205962059620595,0.0214723926380369,0.1501685565430586,0.1590493601462523,0.1783659378596087,0.0621381552859068,0.0072395403126783,0.0009707263058167,-0.0261771015283315,-0.1090026007695653,0.0719298245614035,Industrials,20.0,2.0,13,8.63141433550626,4794.0,4870.0,10.130901970700984,8.543640361431086,10.068069352852072,8.51919119407891
CAT,1998Q3,1998,Q3,0,0,1,0,5173.0,1648.0,3525.0,1017.0,631.0,854.0,631.0,474.0,336.0,163.0,499.0,25134.0,5170.0,25106.0,5133.0,0.0315097622269476,0.1219795089889812,0.3185772279141697,0.1219795089889812,0.0649526387009472,165.0,155.0,144.0,132.0,135.0,117.0,0.0,0.0,0.0,0.0,0.0,0.0,0.0294432548179871,0.0323320817688777,0.0277296360485268,0.028695652173913,0.0277207392197125,0.0274519005161895,0.0,0.0,0.0,0.0,0.0,0.0,0.1245652173913043,-0.1272727272727273,0.0906684315023163,0.2348484848484848,0.0440097799511003,0.0031796502384737,-0.1397459165154264,0.1411460019423762,0.124777183600713,0.1530612244897959,0.0980674715451439,0.0001884872536785,-0.030142125476386,-0.1079399978548272,-0.2239424986380331,-0.034816247582205,Industrials,20.0,3.0,14,8.551401362745974,5604.0,4600.0,10.132016576126675,8.550821372396221,10.130901970700984,8.543640361431086
CAT,1998Q4,1998,Q4,0,0,0,1,5406.0,1648.0,3758.0,1082.0,709.0,779.0,566.0,401.0,301.0,160.0,461.0,25128.0,5131.0,25134.0,5170.0,0.0295967443581206,0.1311505734369219,0.3048464668886422,0.1046984831668516,0.0556788753237143,163.0,165.0,155.0,144.0,132.0,135.0,117.0,0.0,0.0,0.0,0.0,0.0,0.0315097622269476,0.0294432548179871,0.0323320817688777,0.0277296360485268,0.028695652173913,0.0277207392197125,0.0274519005161895,0.0,0.0,0.0,0.0,0.0,0.0410167533217793,-0.3325942350332594,-0.0311581422692533,0.1111111111111111,-0.1632653061224489,-0.2532981530343008,-0.3997005988023951,0.0761741122565864,0.1325878594249201,0.1474019088016966,0.0673325934147244,0.0879631435430281,-0.0693311566415525,-0.282718703053482,-0.3588904666162997,-0.2252100840336134,Industrials,20.0,4.0,15,8.595449689382004,5173.0,5193.0,10.131777836669867,8.543250725735527,10.132016576126675,8.550821372396221
CAT,1999Q1,1999,Q1,1,0,0,0,4867.0,1521.0,3346.0,1040.0,653.0,713.0,481.0,301.0,205.0,155.0,360.0,25719.0,5313.0,25128.0,5131.0,0.0318471337579617,0.1341688925416067,0.3125128415861927,0.0988288473392233,0.042120402712143,160.0,163.0,165.0,155.0,144.0,132.0,135.0,117.0,0.0,0.0,0.0,0.0,0.0295967443581206,0.0315097622269476,0.0294432548179871,0.0323320817688777,0.0277296360485268,0.028695652173913,0.0277207392197125,0.0274519005161895,0.0,0.0,0.0,0.0,0.0152273675427618,-0.5232558139534884,-0.0859375,0.0,-0.2266811279826464,-0.33008356545961,-0.5274725274725275,0.0690095846645366,0.1124361158432709,0.0993657505285412,-0.0149989726731046,0.0957507169411631,-0.0996474984590096,-0.340131623754545,-0.5304064869720615,-0.3846153846153846,Industrials,20.0,1.0,16,8.490438454107418,5406.0,4794.0,10.155024178351555,8.57810012631976,10.131777836669867,8.543250725735527
CAT,1999Q2,1999,Q2,0,1,0,0,5101.0,1593.0,3508.0,1019.0,632.0,809.0,574.0,419.0,283.0,152.0,435.0,26755.0,5246.0,25719.0,5313.0,0.0297980788080768,0.123897275044109,0.3122917075083317,0.1125269554989217,0.0554793177808272,155.0,160.0,163.0,165.0,155.0,144.0,132.0,135.0,117.0,0.0,0.0,0.0,0.0318471337579617,0.0295967443581206,0.0315097622269476,0.0294432548179871,0.0323320817688777,0.0277296360485268,0.028695652173913,0.0277207392197125,0.0274519005161895,0.0,0.0,0.0,-0.0897573162027123,-0.3654708520179371,-0.1393841166936791,-0.0787878787878787,-0.2309885931558934,-0.305925030229746,-0.3708708708708709,-0.065281108446576,-0.003154574132492,-0.0048828125,0.0120511129725009,0.0951424753110201,-0.0545204057932519,-0.2374836050593015,-0.302901128153013,-0.2880523731587561,Industrials,20.0,2.0,17,8.537387898701757,4867.0,5604.0,10.194514026238298,8.565411763686711,10.155024178351555,8.57810012631976
CAT,1999Q3,1999,Q3,0,0,1,0,4715.0,1480.0,3235.0,1002.0,616.0,713.0,478.0,323.0,219.0,151.0,370.0,26459.0,5398.0,26755.0,5246.0,0.0320254506892895,0.1306468716861081,0.3138918345705196,0.1013785790031813,0.0464475079533404,152.0,155.0,160.0,163.0,165.0,155.0,144.0,132.0,135.0,117.0,0.0,0.0,0.0297980788080768,0.0318471337579617,0.0295967443581206,0.0315097622269476,0.0294432548179871,0.0323320817688777,0.0277296360485268,0.028695652173913,0.0277207392197125,0.0274519005161895,0.0,0.0,-0.0885366325149816,-0.3482142857142857,-0.1019417475728154,-0.0736196319018405,-0.1651053864168618,-0.242472266244057,-0.3185654008438818,-0.0822695035460993,-0.0237717908082408,-0.0147492625368731,0.016365990280335,0.0710558910178091,-0.0147072450040667,-0.1688884482037129,-0.2849019088016966,-0.2585170340681363,Industrials,20.0,3.0,18,8.458716261657262,5101.0,5173.0,10.183389437668946,8.593969030218288,10.194514026238298,8.565411763686711
CAT,1999Q4,1999,Q4,0,0,0,1,5019.0,1572.0,3447.0,1051.0,640.0,764.0,521.0,358.0,239.0,168.0,407.0,26711.0,5465.0,26459.0,5398.0,0.0334728033472803,0.1275154413229727,0.3132098027495517,0.1038055389519824,0.0476190476190476,151.0,152.0,155.0,160.0,163.0,165.0,155.0,144.0,132.0,135.0,117.0,0.0,0.0320254506892895,0.0297980788080768,0.0318471337579617,0.0295967443581206,0.0315097622269476,0.0294432548179871,0.0323320817688777,0.0277296360485268,0.028695652173913,0.0277207392197125,0.0274519005161895,0.0,-0.0715871254162042,-0.2059800664451827,-0.0461165048543689,0.05,-0.0192554557124519,-0.0795053003533569,-0.1072319201995012,-0.082756785524215,-0.0973201692524682,-0.0286506469500924,0.1309623430962341,-0.0277172414781515,0.0274345835340268,-0.0085287215999696,-0.1447555766492644,-0.1171366594360087,Industrials,20.0,4.0,19,8.521185212685776,4715.0,5406.0,10.19286818162349,8.606302366488013,10.183389437668946,8.593969030218288
CAT,2000Q1,2000,Q1,1,0,0,0,4919.0,1618.0,3301.0,1049.0,637.0,826.0,569.0,381.0,258.0,155.0,413.0,26963.0,5496.0,26711.0,5465.0,0.0315104696076438,0.1294978654198007,0.3289286440333401,0.1156739174628989,0.0524496848953039,168.0,151.0,152.0,155.0,160.0,163.0,165.0,155.0,144.0,132.0,135.0,117.0,0.0334728033472803,0.0320254506892895,0.0297980788080768,0.0318471337579617,0.0295967443581206,0.0315097622269476,0.0294432548179871,0.0323320817688777,0.0277296360485268,0.028695652173913,0.0277207392197125,0.0274519005161895,0.0106841997123485,0.2585365853658536,0.0637738330046022,0.0,0.1584852734922861,0.1829521829521829,0.2657807308970099,-0.0134488942020323,-0.0245022970903522,0.0086538461538461,-0.0105712543199837,-0.0348145313963701,0.0525284092769666,0.1704468945778154,0.2452322750509472,0.1472222222222221,Industrials,20.0,1.0,20,8.501063809486354,5019.0,4867.0,10.20225792197333,8.61195776786066,10.19286818162349,8.606302366488013
CAT,2000Q2,2000,Q2,0,1,0,0,5363.0,1780.0,3583.0,1061.0,647.0,976.0,719.0,466.0,315.0,157.0,472.0,27884.0,5458.0,26963.0,5496.0,0.0292746597053887,0.1206414320343091,0.3319037851948536,0.1340667536826403,0.0587357822114488,155.0,168.0,151.0,152.0,155.0,160.0,163.0,165.0,155.0,144.0,132.0,135.0,0.0315104696076438,0.0334728033472803,0.0320254506892895,0.0297980788080768,0.0318471337579617,0.0295967443581206,0.0315097622269476,0.0294432548179871,0.0323320817688777,0.0277296360485268,0.028695652173913,0.0277207392197125,0.0513624779455008,0.1130742049469963,0.1173885750156935,0.0328947368421053,0.2064276885043263,0.2526132404181185,0.1121718377088305,0.0213797035347775,0.0237341772151897,0.0412168792934248,-0.0175655318606042,-0.0262785683433369,0.0628005073941924,0.1914190079009552,0.0586969083413442,0.0850574712643679,Industrials,20.0,2.0,21,8.587465244401569,4919.0,5101.0,10.235844188823654,8.605020901781758,10.20225792197333,8.61195776786066
CAT,2000Q3,2000,Q3,0,0,1,0,4779.0,1563.0,3216.0,1066.0,650.0,752.0,497.0,261.0,216.0,161.0,377.0,27840.0,5545.0,27884.0,5458.0,0.0336890562879263,0.1360117179326219,0.3270558694287508,0.1039966520192508,0.0451977401129943,157.0,155.0,168.0,151.0,152.0,155.0,160.0,163.0,165.0,155.0,144.0,132.0,0.0292746597053887,0.0315104696076438,0.0334728033472803,0.0320254506892895,0.0297980788080768,0.0318471337579617,0.0295967443581206,0.0315097622269476,0.0294432548179871,0.0323320817688777,0.0277296360485268,0.028695652173913,0.0135737009544008,-0.0136986301369863,0.056081081081081,0.0662251655629138,0.0546984572230013,0.0397489539748954,-0.1919504643962848,-0.0058732612055641,0.0551948051948052,0.0638722554890218,0.0519463602488259,0.04106371761739,0.0419381245652432,0.0258247160476317,-0.0269071021334779,0.0189189189189189,Industrials,20.0,3.0,22,8.472195825485501,5363.0,4715.0,10.234265033343494,8.620832226175724,10.235844188823654,8.605020901781758
CAT,2000Q4,2000,Q4,0,0,0,1,5114.0,717.0,4397.0,77.0,670.0,893.0,640.0,392.0,264.0,176.0,440.0,28464.0,5600.0,27840.0,5545.0,0.0344153304653891,0.1310129057489245,0.1402033633163864,0.1251466562377786,0.0516229956980836,161.0,157.0,155.0,168.0,151.0,152.0,155.0,160.0,163.0,165.0,155.0,144.0,0.0336890562879263,0.0292746597053887,0.0315104696076438,0.0334728033472803,0.0320254506892895,0.0297980788080768,0.0318471337579617,0.0295967443581206,0.0315097622269476,0.0294432548179871,0.0323320817688777,0.0277296360485268,0.0189280733213788,0.104602510460251,-0.5438931297709924,0.0476190476190476,0.168848167539267,0.2284069097888674,0.0949720670391061,0.2756019727299101,0.046875,-0.9267364414843008,0.0281579976535004,0.0274277718028939,-0.5523659793352778,0.2055874619144166,0.0840829096597575,0.0810810810810811,Industrials,20.0,4.0,23,8.539932678385727,4779.0,5019.0,10.256430541385182,8.630700432209832,10.234265033343494,8.620832226175724
CAT,2001Q1,2001,Q1,1,0,0,0,4810.0,1279.0,3531.0,788.0,621.0,780.0,491.0,237.0,162.0,167.0,329.0,29225.0,5675.0,28464.0,5600.0,0.0347193347193347,0.1291060291060291,0.2659043659043659,0.102079002079002,0.0336798336798336,176.0,161.0,157.0,155.0,168.0,151.0,152.0,155.0,160.0,163.0,165.0,155.0,0.0344153304653891,0.0336890562879263,0.0292746597053887,0.0315104696076438,0.0334728033472803,0.0320254506892895,0.0297980788080768,0.0318471337579617,0.0295967443581206,0.0315097622269476,0.0294432548179871,0.0323320817688777,-0.0221589754015043,-0.3720930232558139,-0.2095179233621755,0.0774193548387096,-0.0556900726392252,-0.1370826010544815,-0.3779527559055118,0.0696758558012724,-0.0251177394034537,-0.2488083889418494,0.1018348869961773,-0.0030258129159227,-0.1916047120620668,-0.1175279240305601,-0.3578639462360392,-0.2033898305084746,Industrials,20.0,1.0,24,8.478660241699453,5114.0,4919.0,10.282814003034598,8.644002038279933,10.256430541385182,8.630700432209832
CAT,2001Q2,2001,Q2,0,1,0,0,5488.0,1460.0,4028.0,1002.0,655.0,751.0,458.0,399.0,271.0,172.0,443.0,30277.0,5659.0,29225.0,5675.0,0.0313411078717201,0.1193513119533527,0.2660349854227405,0.0834548104956268,0.0493804664723032,167.0,176.0,161.0,157.0,155.0,168.0,151.0,152.0,155.0,160.0,163.0,165.0,0.0347193347193347,0.0344153304653891,0.0336890562879263,0.0292746597053887,0.0315104696076438,0.0334728033472803,0.0320254506892895,0.0297980788080768,0.0318471337579617,0.0295967443581206,0.0315097622269476,0.0294432548179871,0.0233078500839083,-0.1396825396825396,-0.1797752808988764,0.0955414012738853,-0.2305327868852459,-0.3630041724617524,-0.1437768240343347,0.1241975997767235,0.0123647604327665,-0.0556079170593779,0.0705882899110508,-0.0106938392491021,-0.1984575130212599,-0.3775130059971535,-0.1592779628858346,-0.0614406779661016,Industrials,20.0,2.0,25,8.610501368549889,4810.0,5363.0,10.318176655171824,8.641179171197228,10.282814003034598,8.644002038279933
CAT,2001Q3,2001,Q3,0,0,1,0,5056.0,1307.0,3749.0,966.0,638.0,631.0,341.0,299.0,205.0,167.0,372.0,29903.0,5877.0,30277.0,5659.0,0.0330300632911392,0.1261867088607595,0.258504746835443,0.0674446202531645,0.0405458860759493,172.0,167.0,176.0,161.0,157.0,155.0,168.0,151.0,152.0,155.0,160.0,163.0,0.0313411078717201,0.0347193347193347,0.0344153304653891,0.0336890562879263,0.0292746597053887,0.0315104696076438,0.0334728033472803,0.0320254506892895,0.0297980788080768,0.0318471337579617,0.0295967443581206,0.0315097622269476,0.0579619167189788,-0.0509259259259259,-0.163787587971849,0.0372670807453416,-0.1609042553191489,-0.3138832997987927,0.1455938697318006,0.1657338308457712,-0.0184615384615384,-0.0938086303939962,-0.019561040569227,-0.0722364897760468,-0.2096006493112078,-0.3514731585716832,-0.1029222705696202,-0.013262599469496,Industrials,20.0,3.0,26,8.528528701079983,5488.0,4779.0,10.305747529695344,8.678971846978863,10.318176655171824,8.641179171197228
CAT,2001Q4,2001,Q4,0,0,0,1,5096.0,1185.0,3911.0,982.0,653.0,500.0,203.0,237.0,167.0,190.0,357.0,30657.0,5611.0,29903.0,5877.0,0.0372841444270015,0.1281397174254317,0.2325353218210361,0.0398351648351648,0.0327708006279434,167.0,172.0,167.0,176.0,161.0,157.0,155.0,168.0,151.0,152.0,155.0,160.0,0.0330300632911392,0.0313411078717201,0.0347193347193347,0.0344153304653891,0.0336890562879263,0.0292746597053887,0.0315104696076438,0.0334728033472803,0.0320254506892895,0.0297980788080768,0.0318471337579617,0.0295967443581206,-0.0035197497066875,-0.3674242424242424,0.6527196652719665,0.0795454545454545,-0.4400895856662934,-0.6828125,-0.3954081632653061,-0.1105299067546053,-0.0253731343283581,11.753246753246753,0.0833586056800341,-0.0219305747557346,0.6585573720959257,-0.681692135989011,-0.3651898696541553,-0.1886363636363636,Industrials,20.0,4.0,27,8.536407410340042,5056.0,5114.0,10.330648918726054,8.632662441222351,10.305747529695344,8.678971846978863
CAT,2002Q1,2002,Q1,1,0,0,0,4409.0,1113.0,3296.0,943.0,649.0,466.0,170.0,116.0,80.0,171.0,251.0,31147.0,5673.0,30657.0,5611.0,0.0387843048310274,0.1471989113177591,0.2524381946019505,0.0385574960308459,0.0181447040145157,190.0,167.0,172.0,167.0,176.0,161.0,157.0,155.0,168.0,151.0,152.0,155.0,0.0372841444270015,0.0330300632911392,0.0313411078717201,0.0347193347193347,0.0344153304653891,0.0336890562879263,0.0292746597053887,0.0315104696076438,0.0334728033472803,0.0320254506892895,0.0297980788080768,0.0318471337579617,-0.0833679833679833,-0.5061728395061729,-0.1297888975762314,0.0239520958083832,-0.4025641025641026,-0.6537678207739308,-0.510548523206751,-0.0665533843103937,0.0450885668276972,0.1967005076142132,0.1170808756721077,0.140139715681838,-0.0506429116220623,-0.6222778902069873,-0.4612590968529578,-0.2370820668693009,Industrials,20.0,1.0,28,8.391629968440892,5096.0,4810.0,10.346505316696877,8.643649615368796,10.330648918726054,8.632662441222351
CAT,2002Q2,2002,Q2,0,1,0,0,5291.0,1334.0,3957.0,941.0,620.0,695.0,393.0,289.0,200.0,186.0,386.0,32734.0,5758.0,31147.0,5673.0,0.0351540351540351,0.1171801171801171,0.2521262521262521,0.0742770742770742,0.0378000378000378,171.0,190.0,167.0,172.0,167.0,176.0,161.0,157.0,155.0,168.0,151.0,152.0,0.0387843048310274,0.0372841444270015,0.0330300632911392,0.0313411078717201,0.0347193347193347,0.0344153304653891,0.0336890562879263,0.0292746597053887,0.0315104696076438,0.0334728033472803,0.0320254506892895,0.0297980788080768,-0.0358965014577259,-0.2619926199261992,-0.0863013698630137,0.0813953488372092,-0.0745672436750998,-0.1419213973799127,-0.2756892230576441,-0.0176266137040714,-0.0534351145038167,-0.0608782435129741,0.1216589821240983,-0.0181916288786517,-0.0522815947473481,-0.1099725248196863,-0.2345143636656551,-0.128668171557562,Industrials,20.0,2.0,29,8.573951525234847,4409.0,5488.0,10.396200120875191,8.658519127506672,10.346505316696877,8.643649615368796
CAT,2002Q3,2002,Q3,0,0,1,0,5075.0,1277.0,3798.0,948.0,646.0,641.0,329.0,284.0,213.0,167.0,380.0,32374.0,5978.0,32734.0,5758.0,0.0329064039408867,0.1272906403940886,0.2516256157635468,0.0648275862068965,0.0419704433497536,186.0,171.0,190.0,167.0,172.0,167.0,176.0,161.0,157.0,155.0,168.0,151.0,0.0351540351540351,0.0387843048310274,0.0372841444270015,0.0330300632911392,0.0313411078717201,0.0347193347193347,0.0344153304653891,0.0336890562879263,0.0292746597053887,0.0315104696076438,0.0334728033472803,0.0320254506892895,0.0037579113924051,0.0390243902439024,-0.0229533282325937,0.0,0.0158478605388272,-0.035190615835777,-0.0501672240802675,0.013070152040544,0.0125391849529781,-0.0186335403726708,-0.0037438423645319,0.0087483978566023,-0.0266112369544816,-0.0388027100819092,0.0351344467139251,0.021505376344086,Industrials,20.0,3.0,30,8.532278828834277,5291.0,5056.0,10.38514179900184,8.696008608880904,10.396200120875191,8.658519127506672
CAT,2002Q4,2002,Q4,0,0,0,1,5377.0,1303.0,4074.0,876.0,616.0,737.0,427.0,421.0,305.0,132.0,437.0,32705.0,5472.0,32374.0,5978.0,0.0245490050213873,0.1145620234331411,0.2423284359308164,0.0794123116979728,0.0567230797842663,167.0,186.0,171.0,190.0,167.0,172.0,167.0,176.0,161.0,157.0,155.0,168.0,0.0329064039408867,0.0351540351540351,0.0387843048310274,0.0372841444270015,0.0330300632911392,0.0313411078717201,0.0347193347193347,0.0344153304653891,0.0336890562879263,0.0292746597053887,0.0315104696076438,0.0334728033472803,0.0551412872841443,0.8263473053892216,0.0995780590717299,-0.3052631578947368,0.474,1.103448275862069,0.7763713080168777,0.0416773203784197,-0.0566615620214394,-0.1079429735234216,-0.3415698442684729,-0.1059600744023163,0.0421145227877135,0.9935228591766978,0.7309030813210848,0.2240896358543418,Industrials,20.0,4.0,31,8.59007183682881,5075.0,5096.0,10.395313826292336,8.607582191143917,10.38514179900184,8.696008608880904
CAT,2003Q1,2003,Q1,1,0,0,0,4821.0,1064.0,3757.0,842.0,570.0,554.0,222.0,178.0,129.0,152.0,281.0,33538.0,5639.0,32705.0,5472.0,0.0315287284795685,0.118232731798382,0.2207010993569798,0.0460485376477909,0.0267579340385812,132.0,167.0,186.0,171.0,190.0,167.0,172.0,167.0,176.0,161.0,157.0,155.0,0.0245490050213873,0.0329064039408867,0.0351540351540351,0.0387843048310274,0.0372841444270015,0.0330300632911392,0.0313411078717201,0.0347193347193347,0.0344153304653891,0.0336890562879263,0.0292746597053887,0.0315104696076438,0.0934452256747562,0.6125,-0.0440251572327043,-0.1111111111111111,0.1888412017167382,0.3058823529411765,0.5344827586206897,0.139866504854369,-0.1217257318952234,-0.1071049840933191,-0.1870750651086681,-0.1967825662572164,-0.1257222398338505,0.1942823675830007,0.4746966397013068,0.1195219123505975,Industrials,20.0,1.0,32,8.480944058741116,5377.0,4409.0,10.420464219786625,8.637639344492104,10.395313826292336,8.607582191143917
CAT,2003Q2,2003,Q2,0,1,0,0,5932.0,1473.0,4459.0,891.0,604.0,921.0,582.0,554.0,399.0,169.0,568.0,34220.0,5930.0,33538.0,5639.0,0.0284895482130815,0.1018206338503034,0.2483142279163857,0.098111935266352,0.0672623061362103,152.0,132.0,167.0,186.0,171.0,190.0,167.0,172.0,167.0,176.0,161.0,157.0,0.0315287284795685,0.0245490050213873,0.0329064039408867,0.0351540351540351,0.0387843048310274,0.0372841444270015,0.0330300632911392,0.0313411078717201,0.0347193347193347,0.0344153304653891,0.0336890562879263,0.0292746597053887,0.1211491211491211,0.995,0.1041979010494753,-0.0913978494623656,0.325179856115108,0.4809160305343511,0.916955017301038,0.1268637856962344,-0.0258064516129031,-0.0531349628055259,-0.1895795720676628,-0.1310758488678137,-0.0151195053181433,0.3208912200871969,0.7794243088334456,0.471502590673575,Industrials,20.0,2.0,33,8.688285266258644,4821.0,5291.0,10.440594769696007,8.687948111838727,10.420464219786625,8.637639344492104
CAT,2003Q3,2003,Q3,0,0,1,0,5545.0,1301.0,4244.0,916.0,627.0,722.0,385.0,291.0,222.0,173.0,395.0,35067.0,6292.0,34220.0,5930.0,0.0311992786293958,0.1130748422001803,0.2346257889990982,0.0694319206492335,0.0400360685302073,169.0,152.0,132.0,167.0,186.0,171.0,190.0,167.0,172.0,167.0,176.0,161.0,0.0284895482130815,0.0315287284795685,0.0245490050213873,0.0329064039408867,0.0351540351540351,0.0387843048310274,0.0372841444270015,0.0330300632911392,0.0313411078717201,0.0347193347193347,0.0344153304653891,0.0336890562879263,0.0926108374384235,0.0422535211267605,0.018794048551292,0.0359281437125749,0.1263650546021841,0.1702127659574468,0.0246478873239437,0.1174302264349658,-0.0294117647058823,-0.0337552742616034,-0.0518782093162638,-0.1116798387524531,-0.067560000649629,0.0710243078871133,-0.0460889775079693,0.0394736842105263,Industrials,20.0,3.0,34,8.620832226175724,5932.0,5075.0,10.465044312708477,8.747193183526933,10.440594769696007,8.687948111838727
CAT,2003Q4,2003,Q4,0,0,0,1,6465.0,1459.0,5006.0,960.0,669.0,838.0,499.0,474.0,349.0,175.0,524.0,36711.0,6078.0,35067.0,6292.0,0.0270688321732405,0.1034802784222737,0.225676720804331,0.0771848414539829,0.0539829853054911,173.0,169.0,152.0,132.0,167.0,186.0,171.0,190.0,167.0,172.0,167.0,176.0,0.0311992786293958,0.0284895482130815,0.0315287284795685,0.0245490050213873,0.0329064039408867,0.0351540351540351,0.0387843048310274,0.0372841444270015,0.0330300632911392,0.0313411078717201,0.0347193347193347,0.0344153304653891,0.2023433141156778,0.1442622950819672,0.1197237145049885,0.3257575757575757,0.1370420624151966,0.1686182669789226,0.1258907363420427,0.2287677957781051,0.0860389610389611,0.095890410958904,0.1026447772387448,-0.0967314008497303,-0.0687154813776762,-0.0280494320888372,-0.0483065180733583,0.1990846681922196,Industrials,20.0,4.0,35,8.774312958285378,5545.0,5377.0,10.510858956074669,8.712595487748722,10.465044312708477,8.747193183526933
CAT,2004Q1,2004,Q1,1,0,0,0,6480.0,1591.0,4889.0,1023.0,673.0,918.0,568.0,578.0,420.0,231.0,651.0,37858.0,6334.0,36711.0,6078.0,0.0356481481481481,0.103858024691358,0.2455246913580246,0.0876543209876543,0.0648148148148148,175.0,173.0,169.0,152.0,132.0,167.0,186.0,171.0,190.0,167.0,172.0,167.0,0.0270688321732405,0.0311992786293958,0.0284895482130815,0.0315287284795685,0.0245490050213873,0.0329064039408867,0.0351540351540351,0.0387843048310274,0.0372841444270015,0.0330300632911392,0.0313411078717201,0.0347193347193347,0.3441194772868698,2.255813953488372,0.4953007518796992,0.519736842105263,0.6570397111913358,1.5585585585585586,2.247191011235955,0.3013042321000798,0.1807017543859648,0.2149643705463182,0.130656067251462,-0.1215797595841455,0.1124760686438317,0.9035201868535204,1.422265288544358,1.3167259786476868,Industrials,20.0,1.0,36,8.776630098427717,6465.0,4821.0,10.541624011313584,8.75384509275524,10.510858956074669,8.712595487748722
CAT,2004Q2,2004,Q2,0,1,0,0,7583.0,2020.0,5563.0,1250.0,744.0,1123.0,770.0,775.0,566.0,214.0,780.0,38718.0,6610.0,37858.0,6334.0,0.0282210207042067,0.098114202822102,0.266385335619148,0.1015429249637346,0.0746406435447711,231.0,175.0,173.0,169.0,152.0,132.0,167.0,186.0,171.0,190.0,167.0,172.0,0.0356481481481481,0.0270688321732405,0.0311992786293958,0.0284895482130815,0.0315287284795685,0.0245490050213873,0.0329064039408867,0.0351540351540351,0.0387843048310274,0.0372841444270015,0.0330300632911392,0.0313411078717201,0.2783209710047201,0.418546365914787,0.3713509843856075,0.2662721893491124,0.2193268186753529,0.3230240549828178,0.3989169675090251,0.2475891455483292,0.2317880794701987,0.4029180695847363,-0.0094254744535229,-0.0364015709590902,0.0727751601444577,0.0349701561595774,0.1096949812220118,0.3732394366197182,Industrials,20.0,2.0,37,8.933796043934858,6480.0,5932.0,10.564085714610725,8.796490207333578,10.541624011313584,8.75384509275524
CAT,2004Q3,2004,Q3,0,0,1,0,7659.0,1914.0,5745.0,1251.0,881.0,1015.0,663.0,680.0,498.0,240.0,738.0,40394.0,7021.0,38718.0,6610.0,0.0313356835095965,0.1150280715498106,0.2499020759890325,0.0865648256952604,0.0650215432824128,214.0,231.0,175.0,173.0,169.0,152.0,132.0,167.0,186.0,171.0,190.0,167.0,0.0282210207042067,0.0356481481481481,0.0270688321732405,0.0311992786293958,0.0284895482130815,0.0315287284795685,0.0245490050213873,0.0329064039408867,0.0351540351540351,0.0387843048310274,0.0372841444270015,0.0330300632911392,0.381244364292155,1.2432432432432434,0.4711760184473481,0.3872832369942196,0.4058171745152354,0.7220779220779221,1.336769759450172,0.3536757775683317,0.4051036682615629,0.3657205240174672,0.0043720523740629,0.0172737747108455,0.0651091555412646,0.2467583337148553,0.6240741328872939,0.8683544303797468,Industrials,20.0,3.0,38,8.943767262734637,7583.0,5545.0,10.606461293913808,8.856803356728378,10.564085714610725,8.796490207333578
CAT,2004Q4,2004,Q4,0,0,0,1,8571.0,2519.0,6052.0,1823.0,849.0,1762.0,696.0,733.0,551.0,243.0,794.0,43095.0,7467.0,40394.0,7021.0,0.0283514175708785,0.0990549527476373,0.2938980282347451,0.0812040602030101,0.0642865476607163,240.0,214.0,231.0,175.0,173.0,169.0,152.0,132.0,167.0,186.0,171.0,190.0,0.0313356835095965,0.0282210207042067,0.0356481481481481,0.0270688321732405,0.0311992786293958,0.0284895482130815,0.0315287284795685,0.0245490050213873,0.0329064039408867,0.0351540351540351,0.0387843048310274,0.0372841444270015,0.3257540603248259,0.5787965616045845,0.7265250171350239,0.3885714285714285,1.1026252983293556,0.3947895791583167,0.5464135021097047,0.2089492608869356,0.2690582959641256,0.8989583333333333,0.0473823691184558,-0.0427649185149839,0.3022966090045422,0.0520726437123459,0.1908668499327543,0.5152671755725191,Industrials,20.0,4.0,39,9.056256356593467,7659.0,6465.0,10.67118546436037,8.918382504661613,10.606461293913808,8.856803356728378
CAT,2005Q1,2005,Q1,1,0,0,0,8339.0,1954.0,6385.0,1198.0,744.0,1128.0,756.0,813.0,581.0,241.0,822.0,44347.0,7747.0,43095.0,7467.0,0.0289003477635208,0.0892193308550185,0.234320661949874,0.0906583523204221,0.0696726226166207,243.0,240.0,214.0,231.0,175.0,173.0,169.0,152.0,132.0,167.0,186.0,171.0,0.0283514175708785,0.0313356835095965,0.0282210207042067,0.0356481481481481,0.0270688321732405,0.0311992786293958,0.0284895482130815,0.0315287284795685,0.0245490050213873,0.0329064039408867,0.0351540351540351,0.0387843048310274,0.2868827160493827,0.3833333333333333,0.2281583909490885,0.0432900432900433,0.2287581699346406,0.3309859154929577,0.4065743944636677,0.3059930456125996,0.1054977711738485,0.1710654936461388,-0.1892889458544814,-0.1409490877555417,-0.0456330047547554,0.0342713433738297,0.0749490346564336,0.2626728110599079,Industrials,20.0,1.0,40,9.028818495352793,8571.0,6480.0,10.699822890892243,8.955190024526887,10.67118546436037,8.918382504661613
CAT,2005Q2,2005,Q2,0,1,0,0,9360.0,2286.0,7074.0,1265.0,997.0,1393.0,1021.0,1075.0,760.0,268.0,1028.0,44823.0,7705.0,44347.0,7747.0,0.0286324786324786,0.106517094017094,0.2442307692307692,0.1090811965811965,0.0811965811965812,241.0,243.0,240.0,214.0,231.0,175.0,173.0,169.0,152.0,132.0,167.0,186.0,0.0289003477635208,0.0283514175708785,0.0313356835095965,0.0282210207042067,0.0356481481481481,0.0270688321732405,0.0311992786293958,0.0284895482130815,0.0315287284795685,0.0245490050213873,0.0329064039408867,0.0351540351540351,0.2343399709877356,0.342756183745583,0.1316831683168315,0.2523364485981307,0.2404274265360642,0.325974025974026,0.3870967741935485,0.2716160345137515,0.3400537634408602,0.012,0.0145798386452591,0.0856439837790643,-0.0831673648134043,0.0742372904872905,0.0878333484340552,0.3179487179487179,Industrials,20.0,2.0,41,9.144307401371744,8339.0,7583.0,10.71049898924512,8.949754525186103,10.699822890892243,8.955190024526887
CAT,2005Q3,2005,Q3,0,0,1,0,8977.0,2430.0,6547.0,1490.0,1008.0,1309.0,940.0,970.0,667.0,285.0,952.0,45865.0,8392.0,44823.0,7705.0,0.0317477999331625,0.11228695555308,0.2706917678511752,0.1047120418848167,0.0743009914225242,268.0,241.0,243.0,240.0,214.0,231.0,175.0,173.0,169.0,152.0,132.0,167.0,0.0286324786324786,0.0289003477635208,0.0283514175708785,0.0313356835095965,0.0282210207042067,0.0356481481481481,0.0270688321732405,0.0311992786293958,0.0284895482130815,0.0315287284795685,0.0245490050213873,0.0329064039408867,0.1720851286068676,0.3393574297188755,0.2695924764890283,0.1875,0.289655172413793,0.4177978883861237,0.4264705882352941,0.1395996518711924,0.1441543700340521,0.1910471622701839,0.0131516653670491,-0.0238299743688531,0.0831913531724926,0.2096372983345573,0.1427134403717131,0.2899728997289972,Industrials,20.0,3.0,42,9.102532419341877,9360.0,7659.0,10.733479380823917,9.035153304082828,10.71049898924512,8.949754525186103
CAT,2005Q4,2005,Q4,0,0,0,1,9663.0,2757.0,6906.0,1690.0,228.0,2576.0,1067.0,1116.0,846.0,290.0,1136.0,47553.0,8432.0,45865.0,8392.0,0.0300113836282727,0.0235951567836075,0.2853151195280968,0.1104211942460933,0.0875504501707544,285.0,268.0,241.0,243.0,240.0,214.0,231.0,175.0,173.0,169.0,152.0,132.0,0.0317477999331625,0.0286324786324786,0.0289003477635208,0.0283514175708785,0.0313356835095965,0.0282210207042067,0.0356481481481481,0.0270688321732405,0.0311992786293958,0.0284895482130815,0.0315287284795685,0.0245490050213873,0.1274063703185159,0.5353901996370236,0.0944819372766971,0.1934156378600822,0.4619750283768444,0.5330459770114941,0.5225102319236017,0.1411103767349637,-0.7314487632508834,-0.0729566648381788,0.0585496669873504,-0.761797304131566,-0.0292036961193656,0.3597989308667615,0.3618782366851836,0.4307304785894206,Industrials,20.0,4.0,43,9.176162920174596,8977.0,8571.0,10.769621186412348,9.039907859574642,10.733479380823917,9.035153304082828
CAT,2006Q1,2006,Q1,1,0,0,0,9392.0,2608.0,6784.0,1390.0,1083.0,1618.0,1218.0,1210.0,840.0,307.0,1147.0,47957.0,8962.0,47553.0,8432.0,0.0326873935264054,0.1153109028960817,0.2776831345826235,0.1296848381601363,0.0894378194207836,290.0,285.0,268.0,241.0,243.0,240.0,214.0,231.0,175.0,173.0,169.0,152.0,0.0300113836282727,0.0317477999331625,0.0286324786324786,0.0289003477635208,0.0283514175708785,0.0313356835095965,0.0282210207042067,0.0356481481481481,0.0270688321732405,0.0311992786293958,0.0284895482130815,0.0315287284795685,0.1262741335891593,0.4457831325301205,0.3346980552712384,0.2738589211618256,0.4343971631205674,0.6111111111111112,0.4883148831488315,0.0624902114330461,0.4556451612903225,0.1602671118530885,0.1310380689489421,0.2924430366269166,0.1850561204117182,0.4304786579594926,0.2836867059378911,0.3953771289537713,Industrials,20.0,1.0,44,9.147720009994515,9663.0,8339.0,10.778080906854074,9.100860271357362,10.769621186412348,9.039907859574642
CAT,2006Q2,2006,Q2,0,1,0,0,10605.0,2933.0,7672.0,1454.0,1111.0,1881.0,1479.0,1495.0,1046.0,343.0,1389.0,49905.0,8633.0,47957.0,8962.0,0.0323432343234323,0.1047619047619047,0.2765676567656766,0.1394625176803394,0.0986327204148986,307.0,290.0,285.0,268.0,241.0,243.0,240.0,214.0,231.0,175.0,173.0,169.0,0.0326873935264054,0.0300113836282727,0.0317477999331625,0.0286324786324786,0.0289003477635208,0.0283514175708785,0.0313356835095965,0.0282210207042067,0.0356481481481481,0.0270688321732405,0.0311992786293958,0.0284895482130815,0.1330128205128204,0.3763157894736841,0.2830271216097988,0.2798507462686568,0.3503230437903804,0.4485798237022527,0.3906976744186046,0.0845349165959852,0.1143430290872618,0.1494071146245059,0.1295995271168908,-0.016478005444906,0.1324030040799355,0.2785202404387632,0.2147398198466463,0.3511673151750973,Industrials,20.0,2.0,45,9.269175157697076,9392.0,9360.0,10.817896514992265,9.063463176115423,10.778080906854074,9.100860271357362
CAT,2006Q3,2006,Q3,0,0,1,0,10517.0,2907.0,7610.0,1829.0,1234.0,1496.0,1078.0,1103.0,769.0,329.0,1098.0,50483.0,9028.0,49905.0,8633.0,0.031282685176381,0.1173338404487971,0.2764096225159266,0.102500713131121,0.0731197109441856,343.0,307.0,290.0,285.0,268.0,241.0,243.0,240.0,214.0,231.0,175.0,173.0,0.0323432343234323,0.0326873935264054,0.0300113836282727,0.0317477999331625,0.0286324786324786,0.0289003477635208,0.0283514175708785,0.0313356835095965,0.0282210207042067,0.0356481481481481,0.0270688321732405,0.0311992786293958,0.1715495154283168,0.1529235382308844,0.1962962962962962,0.1543859649122807,0.1428571428571428,0.1468085106382979,0.1371134020618556,0.1623644417290362,0.2242063492063493,0.2275167785234899,-0.0146502988478137,0.0449463151873534,0.021123119887026,-0.0211181895977941,-0.015898582989574,0.153361344537815,Industrials,20.0,3.0,46,9.260843354149289,10605.0,8977.0,10.829411733378521,9.10819689830748,10.817896514992265,9.063463176115423
CAT,2006Q4,2006,Q4,0,0,0,1,11003.0,3032.0,7971.0,1886.0,278.0,2765.0,1146.0,1134.0,882.0,368.0,1250.0,51449.0,6859.0,50483.0,9028.0,0.0334454239752794,0.0252658365900209,0.275561210578933,0.1041534127056257,0.0801599563755339,329.0,343.0,307.0,290.0,285.0,268.0,241.0,243.0,240.0,214.0,231.0,175.0,0.031282685176381,0.0323432343234323,0.0326873935264054,0.0300113836282727,0.0317477999331625,0.0286324786324786,0.0289003477635208,0.0283514175708785,0.0313356835095965,0.0282210207042067,0.0356481481481481,0.0270688321732405,0.1386732898685707,0.0425531914893617,0.0997461008342401,0.2689655172413794,0.0733695652173913,0.0740393626991564,0.0161290322580645,0.1542137271937445,0.2192982456140351,0.1159763313609467,0.1144245926659499,0.0708060481112806,-0.0341864425737287,-0.0567624864344314,-0.0844141152993092,0.1003521126760562,Industrials,20.0,4.0,47,9.306014122044465,10517.0,9663.0,10.848365741262196,8.83346272071993,10.829411733378521,9.10819689830748
CAT,2007Q1,2007,Q1,1,0,0,0,10016.0,2609.0,7407.0,1469.0,890.0,1552.0,1140.0,1191.0,816.0,340.0,1156.0,52248.0,7492.0,51449.0,6859.0,0.0339456869009584,0.0888578274760383,0.2604832268370607,0.1138178913738019,0.0814696485623003,368.0,329.0,343.0,307.0,290.0,285.0,268.0,241.0,243.0,240.0,214.0,231.0,0.0334454239752794,0.031282685176381,0.0323432343234323,0.0326873935264054,0.0300113836282727,0.0317477999331625,0.0286324786324786,0.0289003477635208,0.0283514175708785,0.0313356835095965,0.0282210207042067,0.0356481481481481,0.0664395229982963,-0.0285714285714285,0.000383435582822,0.1074918566775244,-0.0407911001236094,-0.0640394088669951,-0.0157024793388429,0.0918337264150943,-0.1782086795937211,0.0568345323741006,0.0384947601752505,-0.2294065414081698,-0.0619407720653089,-0.1223500527235241,-0.0890917389319945,0.0078465562336529,Industrials,20.0,1.0,48,9.212038928611765,11003.0,9392.0,10.863776030887928,8.92172453036431,10.848365741262196,8.83346272071993
CAT,2007Q2,2007,Q2,0,1,0,0,11356.0,2777.0,8579.0,1564.0,968.0,1650.0,1213.0,1208.0,823.0,350.0,1173.0,53506.0,7831.0,52248.0,7492.0,0.0308207115181401,0.0852412821415991,0.2445403311025008,0.1068157802042972,0.0724727016555125,340.0,368.0,329.0,343.0,307.0,290.0,285.0,268.0,241.0,243.0,240.0,214.0,0.0339456869009584,0.0334454239752794,0.031282685176381,0.0323432343234323,0.0326873935264054,0.0300113836282727,0.0317477999331625,0.0286324786324786,0.0289003477635208,0.0283514175708785,0.0313356835095965,0.0282210207042067,0.0708156529938708,-0.2131931166347992,-0.0531878622570746,0.0204081632653061,-0.1228070175438597,-0.1798512508451656,-0.1919732441471572,0.1182221063607924,-0.1287128712871287,0.0756533700137551,-0.0470739193881144,-0.186333215921099,-0.1158028600947761,-0.2340896896101604,-0.2652265764276194,-0.1555075593952484,Industrials,20.0,2.0,49,9.337589572891646,10016.0,10605.0,10.88756776544664,8.965973184210347,10.863776030887928,8.92172453036431
CAT,2007Q3,2007,Q3,0,0,1,0,11442.0,3172.0,8270.0,1859.0,1213.0,1765.0,1313.0,1322.0,927.0,357.0,1284.0,54799.0,8608.0,53506.0,7831.0,0.0312008390141583,0.1060129348016081,0.277224261492746,0.1147526656178989,0.0810173046670162,350.0,340.0,368.0,329.0,343.0,307.0,290.0,285.0,268.0,241.0,243.0,240.0,0.0308207115181401,0.0339456869009584,0.0334454239752794,0.031282685176381,0.0323432343234323,0.0326873935264054,0.0300113836282727,0.0317477999331625,0.0286324786324786,0.0289003477635208,0.0283514175708785,0.0313356835095965,0.0879528382618617,0.2054616384915475,0.0911592707258341,0.0851063829787233,0.179812834224599,0.2179962894248608,0.198549410698096,0.0867279894875163,-0.0170178282009724,0.0164024056861673,-0.0026163406933022,-0.0964845743042848,0.0029472164152768,0.119530412155328,0.1080090938660727,0.1693989071038251,Industrials,20.0,3.0,50,9.345133468317714,11356.0,10517.0,10.911445472936107,9.060563446657955,10.88756776544664,8.965973184210347
CAT,2007Q4,2007,Q4,0,0,0,1,12144.0,3224.0,8920.0,1969.0,265.0,3203.0,1255.0,1305.0,975.0,357.0,1332.0,56132.0,8883.0,54799.0,8608.0,0.029397233201581,0.0218214756258234,0.2654808959156785,0.1033432147562582,0.0802865612648221,357.0,350.0,340.0,368.0,329.0,343.0,307.0,290.0,285.0,268.0,241.0,243.0,0.0312008390141583,0.0308207115181401,0.0339456869009584,0.0334454239752794,0.031282685176381,0.0323432343234323,0.0326873935264054,0.0300113836282727,0.0317477999331625,0.0286324786324786,0.0289003477635208,0.0283514175708785,0.1036989911842225,0.1054421768707483,0.0633245382585752,-0.029891304347826,0.1584086799276671,0.0951134380453753,0.1507936507936507,0.1190565801028729,-0.0467625899280575,0.0440084835630965,-0.121038704029902,-0.1363248334139013,-0.0365810363587695,-0.0077788900845467,0.0015794031710181,0.0656000000000001,Industrials,20.0,4.0,51,9.404672841436273,11442.0,11003.0,10.935479153862342,9.092007185014317,10.911445472936107,9.060563446657955
CAT,2008Q1,2008,Q1,1,0,0,0,11796.0,3187.0,8609.0,1894.0,959.0,2171.0,1293.0,1352.0,922.0,369.0,1291.0,58204.0,9218.0,56132.0,8883.0,0.0312817904374364,0.0812987453374025,0.2701763309596473,0.1096134282807731,0.0781620888436758,357.0,357.0,350.0,340.0,368.0,329.0,343.0,307.0,290.0,285.0,268.0,241.0,0.029397233201581,0.0312008390141583,0.0308207115181401,0.0339456869009584,0.0334454239752794,0.031282685176381,0.0323432343234323,0.0326873935264054,0.0300113836282727,0.0317477999331625,0.0286324786324786,0.0289003477635208,0.1777156549520766,0.1299019607843137,0.221540820237639,0.0852941176470587,0.3988402061855669,0.1342105263157895,0.1351805205709488,0.1622789253408938,0.0775280898876404,0.2893124574540504,-0.07847525581952,-0.0850694007871645,0.0372120087741769,-0.03694026521033,-0.0405986741933124,0.1167820069204153,Industrials,20.0,1.0,52,9.375600540841843,12144.0,10016.0,10.971726540682342,9.129021850798594,10.935479153862342,9.092007185014317
CAT,2008Q2,2008,Q2,0,1,0,0,13624.0,3588.0,10036.0,2063.0,1074.0,2367.0,1525.0,1548.0,1106.0,415.0,1521.0,60453.0,9470.0,58204.0,9218.0,0.0304609512624779,0.0788314738696418,0.2633587786259542,0.1119348209042865,0.0811802701115678,369.0,357.0,357.0,350.0,340.0,368.0,329.0,343.0,307.0,290.0,285.0,268.0,0.0312817904374364,0.029397233201581,0.0312008390141583,0.0308207115181401,0.0339456869009584,0.0334454239752794,0.031282685176381,0.0323432343234323,0.0326873935264054,0.0300113836282727,0.0317477999331625,0.0286324786324786,0.1997182106375483,0.3438639125151883,0.2920417716960748,0.1857142857142857,0.4345454545454545,0.2572135201978565,0.2814569536423841,0.1698333139060497,0.1095041322314049,0.3190537084398976,-0.0116726784665716,-0.0751960565458137,0.0769543716515432,0.0479240116975088,0.1201496323049382,0.2966751918158568,Industrials,20.0,2.0,53,9.519661619531444,11796.0,11356.0,11.009638024242527,9.155989777226102,10.971726540682342,9.129021850798594
CAT,2008Q3,2008,Q3,0,0,1,0,12981.0,3277.0,9704.0,2104.0,1061.0,2111.0,1173.0,1271.0,868.0,437.0,1305.0,64229.0,9645.0,60453.0,9470.0,0.0336645867036437,0.0817348432324166,0.2524458824435713,0.0903628379939912,0.0668669594022032,415.0,369.0,357.0,357.0,350.0,340.0,368.0,329.0,343.0,307.0,290.0,285.0,0.0304609512624779,0.0312817904374364,0.029397233201581,0.0312008390141583,0.0308207115181401,0.0339456869009584,0.0334454239752794,0.031282685176381,0.0323432343234323,0.0326873935264054,0.0300113836282727,0.0317477999331625,0.1345044572627163,-0.0636461704422869,0.0331021437578815,0.2240896358543418,0.1960339943342777,-0.1066260472201066,-0.0385779122541604,0.1733978234582829,-0.1253091508656224,0.1317912856374394,0.0789641486361125,-0.2290106543567099,-0.0893802689409384,-0.2125425801011061,-0.1746583069255564,0.0163551401869159,Industrials,20.0,3.0,54,9.471319061593414,13624.0,11442.0,11.070225670251839,9.174298600628918,11.009638024242527,9.155989777226102
CAT,2008Q4,2008,Q4,0,0,0,1,12923.0,2857.0,10066.0,2400.0,413.0,2436.0,457.0,365.0,661.0,507.0,1168.0,67782.0,6087.0,64229.0,9645.0,0.0392323763831927,0.0319585235626402,0.2210786968970053,0.0353633057339627,0.0511491139828213,437.0,415.0,369.0,357.0,357.0,350.0,340.0,368.0,329.0,343.0,307.0,290.0,0.0336645867036437,0.0304609512624779,0.0312817904374364,0.029397233201581,0.0312008390141583,0.0308207115181401,0.0339456869009584,0.0334454239752794,0.031282685176381,0.0323432343234323,0.0326873935264054,0.0300113836282727,0.0641469038208168,-0.3220512820512821,-0.1138337468982629,0.4201680672268908,-0.2394630034342804,-0.6358565737051793,-0.7203065134099618,0.1284753363228699,0.558490566037736,0.2188928390045708,0.3345601646988594,0.4645445665837859,-0.1672519556087986,-0.6578071833998064,-0.362918112607813,-0.1231231231231231,Industrials,20.0,4.0,55,9.466841326944389,12981.0,12144.0,11.124066705025466,8.714074899541522,11.070225670251839,9.174298600628918
CAT,2009Q1,2009,Q1,1,0,0,0,9225.0,2198.0,7027.0,2373.0,882.0,702.0,-175.0,-211.0,-112.0,388.0,276.0,64440.0,6234.0,67782.0,6087.0,0.0420596205962059,0.0956097560975609,0.2382655826558265,-0.018970189701897,-0.012140921409214,507.0,437.0,415.0,369.0,357.0,357.0,350.0,340.0,368.0,329.0,343.0,307.0,0.0392323763831927,0.0336645867036437,0.0304609512624779,0.0312817904374364,0.029397233201581,0.0312008390141583,0.0308207115181401,0.0339456869009584,0.0334454239752794,0.031282685176381,0.0323432343234323,0.0326873935264054,-0.2179552390640895,-1.121475054229935,-0.3103231879510512,0.051490514905149,-0.6766467065868264,-1.1353441608662027,-1.1560650887573964,-0.1837611801602974,-0.0802919708029197,0.2529039070749737,0.3445400665388769,0.1760299092042014,-0.1181108211458643,-1.1730644684637102,-1.155330053083611,-0.7862122385747483,Industrials,20.0,1.0,56,9.129780864117766,12923.0,11796.0,11.07350535548211,8.737933858114136,11.124066705025466,8.714074899541522
CAT,2009Q2,2009,Q2,0,1,0,0,7975.0,2223.0,5752.0,1876.0,914.0,1320.0,347.0,400.0,371.0,351.0,722.0,62092.0,7275.0,64440.0,6234.0,0.0440125391849529,0.1146081504702194,0.2787460815047022,0.0435109717868338,0.0465203761755485,388.0,507.0,437.0,415.0,369.0,357.0,357.0,350.0,340.0,368.0,329.0,343.0,0.0420596205962059,0.0392323763831927,0.0336645867036437,0.0304609512624779,0.0312817904374364,0.029397233201581,0.0312008390141583,0.0308207115181401,0.0339456869009584,0.0334454239752794,0.031282685176381,0.0323432343234323,-0.4146359365825014,-0.6645569620253164,-0.3804347826086957,-0.1542168674698795,-0.4423320659062104,-0.7724590163934426,-0.7416020671834626,-0.4268632921482662,-0.1489757914338919,-0.0906446921958312,0.4448839370019262,0.4538374692795808,0.0584271500613329,-0.6112829641810987,-0.4269497242172929,-0.5253122945430637,Industrials,20.0,2.0,57,8.984192311641674,9225.0,13624.0,11.036388540150964,8.892336539638013,11.07350535548211,8.737933858114136
CAT,2009Q3,2009,Q3,0,0,1,0,7298.0,2043.0,5255.0,1766.0,907.0,1160.0,277.0,253.0,404.0,327.0,731.0,60838.0,7976.0,62092.0,7275.0,0.0448067963825705,0.1242806248287202,0.2799397095094546,0.0379556042751438,0.0553576322280076,351.0,388.0,507.0,437.0,415.0,369.0,357.0,357.0,350.0,340.0,368.0,329.0,0.0440125391849529,0.0420596205962059,0.0392323763831927,0.0336645867036437,0.0304609512624779,0.0312817904374364,0.029397233201581,0.0312008390141583,0.0308207115181401,0.0339456869009584,0.0334454239752794,0.031282685176381,-0.4377936984823973,-0.5345622119815668,-0.3765639304241684,-0.251716247139588,-0.4504973945997158,-0.7638533674339301,-0.8009441384736428,-0.4584707337180543,-0.1451460885956644,-0.1606463878326995,0.3309771712634979,0.520534204431307,0.1089097861282364,-0.5799644508988554,-0.1721227834657055,-0.4398467432950191,Industrials,20.0,3.0,58,8.895492631451633,7975.0,12981.0,11.01598630968325,8.984317679911129,11.036388540150964,8.892336539638013
CAT,2009Q4,2009,Q4,0,0,0,1,7898.0,2046.0,5852.0,1918.0,942.0,1157.0,128.0,115.0,232.0,355.0,587.0,60038.0,8740.0,60838.0,7976.0,0.0449480881235755,0.1192707014434033,0.2590529247910863,0.0162066345910357,0.0293745251962522,327.0,351.0,388.0,507.0,437.0,415.0,369.0,357.0,357.0,350.0,340.0,368.0,0.0448067963825705,0.0440125391849529,0.0420596205962059,0.0392323763831927,0.0336645867036437,0.0304609512624779,0.0312817904374364,0.029397233201581,0.0312008390141583,0.0308207115181401,0.0339456869009584,0.0334454239752794,-0.3888416002476205,-0.649016641452345,-0.2838641932096605,-0.2998027613412228,-0.5250410509031198,-0.7199124726477024,-0.6849315068493151,-0.4186369958275382,1.280871670702179,-0.2008333333333333,0.1456886446172927,2.732046670104363,0.1717679198723165,-0.54171041833708,-0.4257080346275834,-0.497431506849315,Industrials,20.0,4.0,59,8.97449144816442,7298.0,12923.0,11.002749630045734,9.075779878580487,11.01598630968325,8.984317679911129
CAT,2010Q1,2010,Q1,1,0,0,0,8238.0,2344.0,5894.0,1836.0,932.0,1358.0,508.0,467.0,233.0,402.0,635.0,58836.0,8942.0,60038.0,8740.0,0.0487982520029133,0.1131342558873512,0.28453508133042,0.0616654527798009,0.0282835639718378,355.0,327.0,351.0,388.0,507.0,437.0,415.0,369.0,357.0,357.0,350.0,340.0,0.0449480881235755,0.0448067963825705,0.0440125391849529,0.0420596205962059,0.0392323763831927,0.0336645867036437,0.0304609512624779,0.0312817904374364,0.029397233201581,0.0312008390141583,0.0308207115181401,0.0339456869009584,-0.1069918699186991,-3.080357142857143,0.0664240218380345,0.0360824742268042,0.9344729344729346,-3.902857142857143,-3.213270142180095,-0.1612352355201366,0.0566893424036281,-0.2262958280657395,0.1602161719764829,0.1832919620870925,0.1941929596329046,-4.25065029653522,-3.329606050358964,1.3007246376811592,Industrials,20.0,1.0,60,9.01663425631559,7898.0,9225.0,10.98252618769156,9.09862638234618,11.002749630045734,9.075779878580487
CAT,2010Q2,2010,Q2,0,1,0,0,10409.0,3037.0,7372.0,2060.0,1059.0,1823.0,977.0,942.0,707.0,450.0,1157.0,58793.0,9185.0,58836.0,8942.0,0.0432318186185032,0.1017388798155442,0.2917667403208762,0.0938610817561725,0.0679219905850706,402.0,355.0,327.0,351.0,388.0,507.0,437.0,415.0,369.0,357.0,357.0,350.0,0.0487982520029133,0.0449480881235755,0.0448067963825705,0.0440125391849529,0.0420596205962059,0.0392323763831927,0.0336645867036437,0.0304609512624779,0.0312817904374364,0.029397233201581,0.0312008390141583,0.0308207115181401,0.3052037617554859,0.9056603773584906,0.3661718398560503,0.2820512820512821,0.3810606060606061,1.8155619596541783,1.355,0.2816411682892907,0.1586433260393873,0.0980810234541578,-0.0177385940667715,-0.1122893145197316,0.0467115402874438,1.1571819222059827,0.46004818036641,0.6024930747922437,Industrials,20.0,2.0,61,9.250522161609014,8238.0,7975.0,10.981795087863873,9.12543586488574,10.98252618769156,9.09862638234618
CAT,2010Q3,2010,Q3,0,0,1,0,11134.0,3382.0,7752.0,2195.0,1148.0,1980.0,1187.0,1096.0,792.0,510.0,1302.0,61642.0,9837.0,58793.0,9185.0,0.0458056403808155,0.1031075983474043,0.3037542662116041,0.1066103826118196,0.0711334650619723,450.0,402.0,355.0,327.0,351.0,388.0,507.0,437.0,415.0,369.0,357.0,357.0,0.0432318186185032,0.0487982520029133,0.0449480881235755,0.0448067963825705,0.0440125391849529,0.0420596205962059,0.0392323763831927,0.0336645867036437,0.0304609512624779,0.0312817904374364,0.029397233201581,0.0312008390141583,0.5256234584817758,0.9603960396039604,0.6554087126774351,0.5596330275229358,0.7068965517241379,3.2851985559566783,3.33201581027668,0.4751665080875356,0.2657111356119073,0.2429218573046432,0.022292243116794,-0.1703646607063319,0.0850703058307817,1.8088179505453423,0.2849802673818666,0.7811217510259918,Industrials,20.0,3.0,62,9.317848579691468,10409.0,7298.0,11.029114957944724,9.194007717355285,10.981795087863873,9.12543586488574
CAT,2010Q4,2010,Q4,0,0,0,1,12807.0,3458.0,9349.0,2167.0,1109.0,2142.0,1291.0,1221.0,968.0,543.0,1511.0,64020.0,10824.0,61642.0,9837.0,0.0423986882173811,0.0865932693058483,0.2700085890528617,0.1008042476770516,0.0755836651831029,510.0,450.0,402.0,355.0,327.0,351.0,388.0,507.0,437.0,415.0,369.0,357.0,0.0458056403808155,0.0432318186185032,0.0487982520029133,0.0449480881235755,0.0448067963825705,0.0440125391849529,0.0420596205962059,0.0392323763831927,0.0336645867036437,0.0304609512624779,0.0312817904374364,0.029397233201581,0.6215497594327677,3.1724137931034484,0.6901270772238515,0.5295774647887324,0.8513396715643906,9.0859375,9.617391304347828,0.5975734791524265,0.1772823779193206,0.1298227320125129,-0.0567187618566872,-0.2739770265630675,0.0422912201072835,5.219937094948076,1.5731025328282215,1.574105621805792,Industrials,20.0,4.0,63,9.45782525467655,11134.0,7898.0,11.066966433520575,9.28961355287069,11.029114957944724,9.194007717355285
CAT,2011Q1,2011,Q1,1,0,0,0,12949.0,3892.0,9057.0,2059.0,1099.0,2628.0,1833.0,1755.0,1225.0,525.0,1750.0,66387.0,12629.0,64020.0,10824.0,0.0405436713259711,0.0848714186423662,0.3005637500965326,0.1415553324581048,0.0946018997605992,543.0,510.0,450.0,402.0,355.0,327.0,351.0,388.0,507.0,437.0,415.0,369.0,0.0423986882173811,0.0458056403808155,0.0432318186185032,0.0487982520029133,0.0449480881235755,0.0448067963825705,0.0440125391849529,0.0420596205962059,0.0392323763831927,0.0336645867036437,0.0304609512624779,0.0312817904374364,0.5718621024520514,4.257510729613734,0.6604095563139931,0.3059701492537314,0.93519882179676,2.608267716535433,2.758029978586724,0.5366474380726163,0.1791845493562232,0.1214596949891066,-0.1691573025289799,-0.2498167953049218,0.0563328384365338,1.295537064546984,2.3447658808060807,1.7559055118110236,Industrials,20.0,1.0,64,9.468851067127684,12807.0,8238.0,11.10327159624061,9.443830215344537,11.066966433520575,9.28961355287069
CAT,2011Q2,2011,Q2,0,1,0,0,14230.0,3927.0,10303.0,2326.0,1257.0,2248.0,1601.0,1340.0,1015.0,584.0,1599.0,73611.0,13391.0,66387.0,12629.0,0.041040056219255,0.0883345045678144,0.275966268446943,0.1125087842586085,0.0713281799016163,525.0,543.0,510.0,450.0,402.0,355.0,327.0,351.0,388.0,507.0,437.0,415.0,0.0405436713259711,0.0423986882173811,0.0458056403808155,0.0432318186185032,0.0487982520029133,0.0449480881235755,0.0448067963825705,0.0440125391849529,0.0420596205962059,0.0392323763831927,0.0336645867036437,0.0304609512624779,0.3670861754251129,0.4356435643564356,0.2930523542970036,0.2977777777777777,0.2331321996708721,0.638689866939611,0.4225053078556262,0.3975854584915899,0.1869688385269121,0.129126213592233,-0.0506978995861638,-0.1317527308343901,-0.0541544655040401,0.1986734241022074,0.0501485496406279,0.3820224719101124,Industrials,20.0,2.0,65,9.56317796268366,12949.0,10409.0,11.206563334905086,9.502412792729256,11.10327159624061,9.443830215344537
CAT,2011Q3,2011,Q3,0,0,1,0,15716.0,4261.0,11455.0,2502.0,1360.0,2615.0,1759.0,1628.0,1141.0,584.0,1725.0,77767.0,14162.0,73611.0,13391.0,0.03715958259099,0.0865360142529905,0.2711249681852888,0.1119241537286841,0.0726011707813693,584.0,525.0,543.0,510.0,450.0,402.0,355.0,327.0,351.0,388.0,507.0,437.0,0.041040056219255,0.0405436713259711,0.0423986882173811,0.0458056403808155,0.0432318186185032,0.0487982520029133,0.0449480881235755,0.0448067963825705,0.0440125391849529,0.0420596205962059,0.0392323763831927,0.0336645867036437,0.4115322435782289,0.4406565656565657,0.2599053814311058,0.1450980392156862,0.3207070707070707,0.4818871103622577,0.4854014598540146,0.4776831785345716,0.1846689895470383,0.139863325740319,-0.1887553086900324,-0.1607212694313614,-0.1074200485585434,0.0498429044778172,0.020633125605765,0.3248847926267282,Industrials,20.0,3.0,66,9.662498208076329,14230.0,11134.0,11.261485314500906,9.558388209214396,11.206563334905086,9.502412792729256
CAT,2011Q4,2011,Q4,0,0,0,1,17243.0,4480.0,12763.0,2520.0,1487.0,2983.0,1960.0,1978.0,1547.0,604.0,2151.0,81218.0,12883.0,77767.0,14162.0,0.0350287073015136,0.086237893637998,0.2598155773357304,0.113669315084382,0.0897175665487444,584.0,584.0,525.0,543.0,510.0,450.0,402.0,355.0,327.0,351.0,388.0,507.0,0.03715958259099,0.041040056219255,0.0405436713259711,0.0423986882173811,0.0458056403808155,0.0432318186185032,0.0487982520029133,0.0449480881235755,0.0448067963825705,0.0440125391849529,0.0420596205962059,0.0392323763831927,0.3463730772233935,0.5981404958677685,0.2955465587044534,0.1123388581952118,0.3926237161531278,0.5182029434546862,0.61998361998362,0.3651727457482083,0.3408476104598736,0.1628980156898938,-0.1738256824852937,-0.0041039640921183,-0.0377506943497109,0.1276242589354617,0.186996771477035,0.4235605559232296,Industrials,20.0,4.0,67,9.755219535867026,15716.0,12807.0,11.304904488926127,9.46374151045109,11.261485314500906,9.558388209214396
CAT,2012Q1,2012,Q1,1,0,0,0,15981.0,4540.0,11441.0,2217.0,1340.0,3072.0,2323.0,2300.0,1586.0,587.0,2173.0,83908.0,14969.0,81218.0,12883.0,0.0367311182028659,0.0838495713659971,0.2840873537325574,0.1453601151367248,0.0992428508854264,604.0,584.0,584.0,525.0,543.0,510.0,450.0,402.0,355.0,327.0,351.0,388.0,0.0350287073015136,0.03715958259099,0.041040056219255,0.0405436713259711,0.0423986882173811,0.0458056403808155,0.0432318186185032,0.0487982520029133,0.0449480881235755,0.0448067963825705,0.0440125391849529,0.0420596205962059,0.2341493551625608,0.2946938775510204,0.1664953751284685,0.118095238095238,0.1689497716894976,0.2673213311511184,0.3105413105413106,0.263221817378823,0.219290263876251,0.0767362797474502,-0.0940357150306464,-0.0120399457522323,-0.0548183084576348,0.0268784129325969,0.0490576947880712,0.2417142857142857,Industrials,20.0,1.0,68,9.679218367934409,17243.0,12949.0,11.337488157262413,9.613803477413674,11.304904488926127,9.46374151045109
CAT,2012Q2,2012,Q2,0,1,0,0,17374.0,4896.0,12478.0,2280.0,1517.0,3375.0,2616.0,2581.0,1699.0,632.0,2331.0,88838.0,15926.0,83908.0,14969.0,0.0363761943133417,0.0873143778059168,0.2818003913894324,0.150569816967883,0.0977898008518475,587.0,604.0,584.0,584.0,525.0,543.0,510.0,450.0,402.0,355.0,327.0,351.0,0.0367311182028659,0.0350287073015136,0.03715958259099,0.041040056219255,0.0405436713259711,0.0423986882173811,0.0458056403808155,0.0432318186185032,0.0487982520029133,0.0449480881235755,0.0448067963825705,0.0440125391849529,0.220941672522839,0.6738916256157637,0.2467532467532467,0.0821917808219179,0.5013345195729537,0.6339787632729543,0.9261194029850746,0.2111035620693002,0.2068416865552904,-0.0197764402407566,-0.1136417036321001,-0.0115484517277666,0.0211407103314551,0.3382938759856186,0.3709841045534889,0.4577861163227017,Industrials,20.0,2.0,69,9.762787670432992,15981.0,14230.0,11.394581021754107,9.675771061251782,11.337488157262413,9.613803477413674
CAT,2012Q3,2012,Q3,0,0,1,0,16445.0,4609.0,11836.0,2013.0,1471.0,3299.0,2596.0,2455.0,1699.0,634.0,2333.0,90541.0,17884.0,88838.0,15926.0,0.0385527515962298,0.0894496807540285,0.2802675585284281,0.1578595317725752,0.1033140772271207,632.0,587.0,604.0,584.0,584.0,525.0,543.0,510.0,450.0,402.0,355.0,327.0,0.0363761943133417,0.0367311182028659,0.0350287073015136,0.03715958259099,0.041040056219255,0.0405436713259711,0.0423986882173811,0.0458056403808155,0.0432318186185032,0.0487982520029133,0.0449480881235755,0.0448067963825705,0.0463858488164927,0.4890446976336546,0.0816709692560431,0.0856164383561643,0.2615678776290631,0.4758385446276294,0.507985257985258,0.0332605848974247,0.0816176470588234,-0.1954436450839328,0.037491513846487,0.0336699873017007,0.0337209457481286,0.4104152366900471,0.4230359664342058,0.3524637681159419,Industrials,20.0,3.0,70,9.707837565530841,17374.0,15716.0,11.413569110430094,9.791717651693117,11.394581021754107,9.675771061251782
CAT,2012Q4,2012,Q4,0,0,0,1,16075.0,3379.0,12696.0,2341.0,1591.0,1171.0,1038.0,914.0,697.0,613.0,1310.0,88970.0,17532.0,90541.0,17884.0,0.0381337480559875,0.0989735614307931,0.2102021772939346,0.0645723172628304,0.0433592534992223,634.0,632.0,587.0,604.0,584.0,584.0,525.0,543.0,510.0,450.0,402.0,355.0,0.0385527515962298,0.0363761943133417,0.0367311182028659,0.0350287073015136,0.03715958259099,0.041040056219255,0.0405436713259711,0.0423986882173811,0.0458056403808155,0.0432318186185032,0.0487982520029133,0.0449480881235755,-0.0677376326625297,-0.5494505494505495,-0.2457589285714285,0.0149006622516556,-0.6074421723097553,-0.4704081632653061,-0.537917087967644,-0.0052495494789626,0.0699394754539342,-0.071031746031746,0.0886427445850883,0.1476806454278187,-0.1909562180626528,-0.4319283333862316,-0.5167138926392426,-0.3909809390980939,Industrials,20.0,4.0,71,9.685082755569091,16445.0,17243.0,11.396065752919382,9.771840098470129,11.413569110430094,9.791717651693117
CAT,2013Q1,2013,Q1,1,0,0,0,13210.0,3382.0,9828.0,2164.0,1390.0,1970.0,1218.0,1128.0,880.0,562.0,1442.0,88743.0,18274.0,88970.0,17532.0,0.0425435276305828,0.105223315669947,0.2560181680545041,0.0922028766086298,0.0666161998485995,613.0,634.0,632.0,587.0,604.0,584.0,584.0,525.0,543.0,510.0,450.0,402.0,0.0381337480559875,0.0385527515962298,0.0363761943133417,0.0367311182028659,0.0350287073015136,0.03715958259099,0.041040056219255,0.0405436713259711,0.0423986882173811,0.0458056403808155,0.0432318186185032,0.0487982520029133,-0.1733934046680433,-0.4451450189155107,-0.2550660792951542,-0.0425894378194208,-0.3587239583333333,-0.4756780025828669,-0.5095652173913043,-0.1409841797045713,0.0373134328358208,-0.0239061795218764,0.1582421040278452,0.2549058266577786,-0.0988047701147507,-0.365693426137532,-0.3287556810968036,-0.3364012885411873,Industrials,20.0,1.0,72,9.488805094878353,16075.0,15981.0,11.393511099418495,9.81328928461798,11.396065752919382,9.771840098470129
CAT,2013Q2,2013,Q2,0,1,0,0,14621.0,3663.0,10958.0,2106.0,1421.0,2234.0,1557.0,1352.0,960.0,548.0,1508.0,87375.0,17621.0,88743.0,18274.0,0.0374803365022912,0.0971889747623281,0.2505300595034539,0.1064906641132617,0.0656589836536488,562.0,613.0,634.0,632.0,587.0,604.0,584.0,584.0,525.0,543.0,510.0,450.0,0.0425435276305828,0.0381337480559875,0.0385527515962298,0.0363761943133417,0.0367311182028659,0.0350287073015136,0.03715958259099,0.041040056219255,0.0405436713259711,0.0423986882173811,0.0458056403808155,0.0432318186185032,-0.1584551628870726,-0.4349617422012949,-0.2518382352941176,-0.1329113924050633,-0.3380740740740741,-0.4048165137614679,-0.4761720263463773,-0.1218143933322647,-0.063282794990112,-0.0763157894736842,0.0303534278335564,0.1130924505739547,-0.1109662471787156,-0.2927489303119994,-0.3285702283705148,-0.353067353067353,Industrials,20.0,2.0,73,9.590282522853261,13210.0,17374.0,11.377975924391935,9.776903400426676,11.393511099418495,9.81328928461798
CAT,2013Q3,2013,Q3,0,0,1,0,13423.0,3471.0,9952.0,2070.0,1319.0,2156.0,1401.0,1260.0,946.0,469.0,1415.0,87272.0,18110.0,87375.0,17621.0,0.0349400283096178,0.0982641734336586,0.2585860090888773,0.1043730909632719,0.0704760485733442,548.0,562.0,613.0,634.0,632.0,587.0,604.0,584.0,584.0,525.0,543.0,510.0,0.0374803365022912,0.0425435276305828,0.0381337480559875,0.0385527515962298,0.0363761943133417,0.0367311182028659,0.0350287073015136,0.03715958259099,0.041040056219255,0.0405436713259711,0.0423986882173811,0.0458056403808155,-0.1837640620249315,-0.4432018834608593,-0.2469082230418745,-0.2602523659305994,-0.3464686268566233,-0.4603235747303543,-0.4867617107942973,-0.1591753970936127,-0.1033310673011557,0.0283159463487332,-0.0937085716850709,0.0985413542600384,-0.0773601823678483,-0.3388230042792728,-0.3178466045976184,-0.3934847835405057,Industrials,20.0,3.0,74,9.504799428706987,14621.0,16445.0,11.376796415640765,9.804274767464536,11.377975924391935,9.776903400426676
CAT,2013Q4,2013,Q4,0,0,0,1,14402.0,3686.0,10716.0,2234.0,1417.0,2320.0,1452.0,1382.0,1003.0,467.0,1470.0,84896.0,20811.0,87272.0,18110.0,0.0324260519372309,0.0983891126232467,0.2559366754617414,0.100819330648521,0.0696431051242883,469.0,548.0,562.0,613.0,634.0,632.0,587.0,604.0,584.0,584.0,525.0,543.0,0.0349400283096178,0.0374803365022912,0.0425435276305828,0.0381337480559875,0.0385527515962298,0.0363761943133417,0.0367311182028659,0.0350287073015136,0.03715958259099,0.041040056219255,0.0405436713259711,0.0423986882173811,-0.1040746500777605,0.4390243902439024,0.0908552826279964,-0.2381729200652528,0.9812126387702818,0.3988439306358382,0.5120350109409191,-0.1559546313799622,-0.109365179132621,-0.0457069628363947,-0.1496757179592375,-0.0059051003025192,0.2175738555926289,0.5613398267581655,0.6061878262165488,0.1221374045801526,Industrials,20.0,4.0,75,9.57519179719905,13423.0,16075.0,11.349194035986073,9.943285022410194,11.376796415640765,9.804274767464536
CAT,2014Q1,2014,Q1,1,0,0,0,13241.0,3644.0,9597.0,2246.0,1292.0,2233.0,1398.0,1343.0,922.0,508.0,1430.0,84397.0,20305.0,84896.0,20811.0,0.0383656823502756,0.0975757118042443,0.2752058001661506,0.1055811494600105,0.0696322030058152,467.0,469.0,548.0,562.0,613.0,634.0,632.0,587.0,604.0,584.0,584.0,525.0,0.0324260519372309,0.0349400283096178,0.0374803365022912,0.0425435276305828,0.0381337480559875,0.0385527515962298,0.0363761943133417,0.0367311182028659,0.0350287073015136,0.03715958259099,0.041040056219255,0.0405436713259711,0.002346707040121,0.0477272727272726,0.0774689532820815,-0.096085409252669,0.1335025380710659,0.1477832512315271,0.1906028368794325,-0.0235042735042735,-0.0705035971223021,0.0378927911275415,-0.0982016657524172,-0.0726797460905983,0.0749463690700322,0.1450960462781112,0.0452743201213858,-0.0083217753120665,Industrials,20.0,1.0,76,9.491148875484791,14402.0,13210.0,11.343298983620814,9.918671687861169,11.349194035986073,9.943285022410194
CAT,2014Q2,2014,Q2,0,1,0,0,14150.0,3800.0,10350.0,2325.0,1437.0,2329.0,1475.0,1421.0,999.0,516.0,1515.0,87827.0,20856.0,84397.0,20305.0,0.0364664310954063,0.1015547703180212,0.2685512367491166,0.1042402826855123,0.0706007067137809,508.0,467.0,469.0,548.0,562.0,613.0,634.0,632.0,587.0,604.0,584.0,584.0,0.0383656823502756,0.0324260519372309,0.0349400283096178,0.0374803365022912,0.0425435276305828,0.0381337480559875,0.0385527515962298,0.0363761943133417,0.0367311182028659,0.0350287073015136,0.03715958259099,0.041040056219255,-0.0322139388550715,0.0406249999999999,0.0374010374010373,-0.0583941605839416,0.0425246195165622,-0.0526653821451509,0.0510355029585798,-0.0554845774776419,0.0112596762843069,0.1039886039886039,-0.0270516623249337,0.0449206874171626,0.0719321956071075,-0.0211321945119612,0.0752634717314488,0.0046419098143235,Industrials,20.0,2.0,77,9.557540571952371,13241.0,14621.0,11.383135635389227,9.945444902296636,11.343298983620814,9.918671687861169
CAT,2014Q3,2014,Q3,0,0,1,0,13549.0,3758.0,9791.0,2366.0,1446.0,2307.0,1392.0,1385.0,1017.0,533.0,1550.0,84488.0,18823.0,87827.0,20856.0,0.0393386965827736,0.106723743449701,0.2773636430732895,0.1027382094619529,0.0750608901025906,516.0,508.0,467.0,469.0,548.0,562.0,613.0,634.0,632.0,587.0,604.0,584.0,0.0364664310954063,0.0383656823502756,0.0324260519372309,0.0349400283096178,0.0374803365022912,0.0425435276305828,0.0381337480559875,0.0385527515962298,0.0363761943133417,0.0367311182028659,0.0350287073015136,0.03715958259099,0.0093868732772106,0.0750528541226216,0.0826851051570152,0.1364605543710022,0.0700371057513915,-0.006423982869379,0.0992063492063493,-0.0161776527331189,0.0962850644427597,0.1429951690821256,0.1258919493189134,0.0860900745453658,0.0726165891595405,-0.0156638218359785,0.065055314848915,0.0954063604240282,Industrials,20.0,3.0,78,9.514141826307847,14150.0,13423.0,11.344376627356644,9.842887930407198,11.383135635389227,9.945444902296636
CAT,2014Q4,2014,Q4,0,0,0,1,14244.0,3591.0,10653.0,2528.0,1522.0,1861.0,1063.0,942.0,757.0,578.0,1335.0,84681.0,16746.0,84488.0,18823.0,0.0405784891884302,0.1068520078629598,0.252106149957877,0.0746279135074417,0.0531451839370963,533.0,516.0,508.0,467.0,469.0,548.0,562.0,613.0,634.0,632.0,587.0,604.0,0.0393386965827736,0.0364664310954063,0.0383656823502756,0.0324260519372309,0.0349400283096178,0.0374803365022912,0.0425435276305828,0.0381337480559875,0.0385527515962298,0.0363761943133417,0.0367311182028659,0.0350287073015136,-0.0109706985140952,-0.2452642073778663,-0.0257731958762886,0.2376873661670235,-0.1978448275862069,-0.2679063360881543,-0.3183791606367583,-0.0058790593505039,0.0741002117148905,0.1316025067144135,0.2514162768560426,0.0860145499240279,-0.0149666924326249,-0.2597856678139285,-0.236892383786579,-0.0918367346938775,Industrials,20.0,4.0,79,9.56416124693201,13549.0,14402.0,11.346658343297715,9.725974416734479,11.344376627356644,9.842887930407198
CAT,2015Q1,2015,Q1,1,0,0,0,12702.0,3792.0,8910.0,2090.0,1249.0,2649.0,1702.0,1769.0,1245.0,524.0,1769.0,82490.0,16962.0,84681.0,16746.0,0.0412533459297748,0.098330971500551,0.2985356636750118,0.1339946465123602,0.0980160604629192,578.0,533.0,516.0,508.0,467.0,469.0,548.0,562.0,613.0,634.0,632.0,587.0,0.0405784891884302,0.0393386965827736,0.0364664310954063,0.0383656823502756,0.0324260519372309,0.0349400283096178,0.0374803365022912,0.0425435276305828,0.0381337480559875,0.0385527515962298,0.0363761943133417,0.0367311182028659,-0.0407068952496034,0.3503253796095444,0.0406147091108672,0.0314960629921259,0.186296462158531,0.2174535050071531,0.3172002978406552,-0.07158487027196,-0.03328173374613,-0.0694568121104185,0.0752668375121035,0.0077402427544868,0.0847724266522589,0.2691152464021189,0.407625440986457,0.2370629370629371,Industrials,20.0,1.0,80,9.44959346502346,14244.0,13241.0,11.320444475462835,9.738789780495722,11.346658343297715,9.725974416734479
CAT,2015Q2,2015,Q2,0,1,0,0,12317.0,3495.0,8822.0,2162.0,1318.0,2022.0,1333.0,1138.0,802.0,510.0,1312.0,82242.0,17092.0,82490.0,16962.0,0.0414061865714053,0.1070065762766907,0.2837541609158074,0.1082244052934967,0.0651132580985629,524.0,578.0,533.0,516.0,508.0,467.0,469.0,548.0,562.0,613.0,634.0,632.0,0.0412533459297748,0.0405784891884302,0.0393386965827736,0.0364664310954063,0.0383656823502756,0.0324260519372309,0.0349400283096178,0.0374803365022912,0.0425435276305828,0.0381337480559875,0.0385527515962298,0.0363761943133417,-0.1295406360424028,-0.1971971971971972,-0.0802631578947368,-0.0116279069767442,-0.1318162301416917,-0.096271186440678,-0.199155524278677,-0.1476328502415459,-0.0828114126652749,-0.0701075268817204,0.1354603488088877,0.0536834059256605,0.0566108886733354,0.0382205660359182,-0.0777251230283625,-0.133993399339934,Industrials,20.0,2.0,81,9.418816886246988,12702.0,14150.0,11.317433558622886,9.746424301956267,11.320444475462835,9.738789780495722
CAT,2015Q3,2015,Q3,0,0,1,0,10962.0,2948.0,8014.0,2023.0,1129.0,1668.0,925.0,780.0,559.0,513.0,1072.0,78969.0,15896.0,82242.0,17092.0,0.0467980295566502,0.1029921547162926,0.2689290275497172,0.0843824119686188,0.0509943440977923,510.0,524.0,578.0,533.0,516.0,508.0,467.0,469.0,548.0,562.0,613.0,634.0,0.0414061865714053,0.0412533459297748,0.0405784891884302,0.0393386965827736,0.0364664310954063,0.0383656823502756,0.0324260519372309,0.0349400283096178,0.0374803365022912,0.0425435276305828,0.0381337480559875,0.0385527515962298,-0.1909366004871208,-0.4503441494591936,-0.2155401809473124,-0.0375234521575984,-0.2769830949284785,-0.3354885057471264,-0.4368231046931408,-0.1814932080482075,-0.2192254495159059,-0.1449704142011834,0.1896182034954112,-0.0349649348194681,-0.0304099536266315,-0.1786657329290107,-0.3206269732733638,-0.3083870967741935,Industrials,20.0,3.0,82,9.30228124567454,12317.0,13549.0,11.276823312491628,9.673885691160871,11.317433558622886,9.746424301956267
CAT,2015Q4,2015,Q4,0,0,0,1,11030.0,2700.0,8330.0,2814.0,1267.0,690.0,-114.0,-211.0,-87.0,553.0,466.0,78342.0,14809.0,78969.0,15896.0,0.0501359927470534,0.1148685403445149,0.2447869446962828,-0.0103354487760652,-0.0078875793291024,513.0,510.0,524.0,578.0,533.0,516.0,508.0,467.0,469.0,548.0,562.0,613.0,0.0467980295566502,0.0414061865714053,0.0412533459297748,0.0405784891884302,0.0393386965827736,0.0364664310954063,0.0383656823502756,0.0324260519372309,0.0349400283096178,0.0374803365022912,0.0425435276305828,0.0381337480559875,-0.2256388654872226,-1.1149273447820345,-0.2481203007518797,-0.0432525951557093,-0.6292315959161741,-1.1072436500470366,-1.223991507430998,-0.2180606401952501,-0.1675427069645203,0.1131329113924051,0.2355312814689099,0.0750246311874318,-0.0290322360752288,-1.1384930690181316,-1.1484156934791747,-0.6509363295880151,Industrials,20.0,4.0,83,9.308464769969381,10962.0,14244.0,11.268851901099827,9.603057907261844,11.276823312491628,9.673885691160871
CAT,2016Q1,2016,Q1,1,0,0,0,9461.0,2487.0,6974.0,1993.0,1088.0,1234.0,494.0,364.0,271.0,508.0,779.0,78307.0,15676.0,78342.0,14809.0,0.05294690748861352,0.1149984145439171,0.2628686185392664,0.0522143536624035,0.0286439065637881,553.0,513.0,510.0,524.0,578.0,533.0,516.0,508.0,467.0,469.0,548.0,562.0,0.0501359927470534,0.0467980295566502,0.0414061865714053,0.0412533459297748,0.0405784891884302,0.0393386965827736,0.0364664310954063,0.0383656823502756,0.0324260519372309,0.0349400283096178,0.0374803365022912,0.0425435276305828,-0.2551566682412218,-0.7823293172690763,-0.3441455696202531,-0.0305343511450382,-0.5341638354095886,-0.7097532314923619,-0.7942340305257207,-0.217283950617284,-0.1289031224979984,-0.0464114832535885,0.3015698839187957,0.1695034920230869,-0.119473314165147,-0.6103250762515571,-0.707763131587761,-0.5596382136800453,Industrials,20.0,1.0,84,9.155039056191093,11030.0,12702.0,11.268405047896433,9.659949949068531,11.268851901099827,9.603057907261844
CAT,2016Q2,2016,Q2,0,1,0,0,10342.0,2775.0,7567.0,1990.0,1123.0,1623.0,785.0,737.0,550.0,468.0,1018.0,78300.0,15232.0,78307.0,15676.0,0.0452523689808547,0.1085863469348288,0.2683233417134016,0.0759040804486559,0.0531812028621156,508.0,553.0,513.0,510.0,524.0,578.0,533.0,516.0,508.0,467.0,469.0,548.0,0.05294690748861352,0.0501359927470534,0.0467980295566502,0.0414061865714053,0.0412533459297748,0.0405784891884302,0.0393386965827736,0.0364664310954063,0.0383656823502756,0.0324260519372309,0.0349400283096178,0.0374803365022912,-0.1603474872127953,-0.3142144638403989,-0.2060085836909871,-0.0823529411764706,-0.1973293768545994,-0.4111027756939235,-0.352372583479789,-0.1422579913851734,-0.1479514415781486,-0.0795559666975023,0.0928890759552709,0.0147633043977899,-0.0543809442392079,-0.2986417412707459,-0.183250778487932,-0.2240853658536585,Industrials,20.0,2.0,85,9.244065241377804,9461.0,12317.0,11.268315653289422,9.631219406136701,11.268405047896433,9.659949949068531
CAT,2016Q3,2016,Q3,0,0,1,0,9160.0,2486.0,6674.0,2005.0,992.0,1270.0,481.0,379.0,283.0,453.0,736.0,76402.0,15645.0,78300.0,15232.0,0.0494541484716157,0.108296943231441,0.2713973799126637,0.0525109170305676,0.0308951965065502,468.0,508.0,553.0,513.0,510.0,524.0,578.0,533.0,516.0,508.0,467.0,469.0,0.0452523689808547,0.05294690748861352,0.0501359927470534,0.0467980295566502,0.0414061865714053,0.0412533459297748,0.0405784891884302,0.0393386965827736,0.0364664310954063,0.0383656823502756,0.0324260519372309,0.0349400283096178,-0.164386060937785,-0.4937388193202147,-0.1567164179104477,-0.1169590643274853,-0.2386091127098321,-0.48,-0.514102564102564,-0.1672073870726229,-0.1213463241806909,-0.0088976767177458,0.0567570673408412,0.0515067242719722,0.009178452714593,-0.377703056768559,-0.3941446438196717,-0.3134328358208955,Industrials,20.0,3.0,86,9.122710622015209,10342.0,10962.0,11.243777241399389,9.657970572245025,11.268315653289422,9.631219406136701
CAT,2016Q4,2016,Q4,0,0,0,1,9574.0,1884.0,7690.0,3146.0,1483.0,-449.0,-1262.0,-1347.0,-1171.0,522.0,-649.0,74704.0,13137.0,76402.0,15645.0,0.05294690748861352,0.1548986839356591,0.1967829538332985,-0.1318153331940672,-0.1223104240651765,453.0,468.0,508.0,553.0,513.0,510.0,524.0,578.0,533.0,516.0,508.0,467.0,0.0494541484716157,0.0452523689808547,0.05294690748861352,0.0501359927470534,0.0467980295566502,0.0414061865714053,0.0412533459297748,0.0405784891884302,0.0393386965827736,0.0364664310954063,0.0383656823502756,0.0324260519372309,-0.1320036264732548,12.459770114942527,-0.3022222222222221,-0.0560578661844484,-1.6507246376811593,10.070175438596491,5.38388625592417,-0.0768307322929171,0.170481452249408,0.1179815209665955,0.0874954810931203,0.3484865697003312,-0.1961051923032286,11.753711623952295,14.50671238435514,-2.3927038626609445,Industrials,20.0,4.0,87,9.166910814048848,9160.0,11030.0,11.221302303285185,9.483264073452418,11.243777241399389,9.657970572245025
CAT,2017Q1,2017,Q1,1,0,0,0,9822.0,2862.0,6960.0,2482.0,1061.0,1122.0,380.0,284.0,192.0,425.0,617.0,77549.0,13588.0,74704.0,13137.0,0.0432702097332518,0.1080228059458358,0.2913866829566279,0.0386886581144369,0.0195479535736102,522.0,453.0,468.0,508.0,553.0,513.0,510.0,524.0,578.0,533.0,516.0,508.0,0.05294690748861352,0.0494541484716157,0.0452523689808547,0.05294690748861352,0.0501359927470534,0.0467980295566502,0.0414061865714053,0.0412533459297748,0.0405784891884302,0.0393386965827736,0.0364664310954063,0.0383656823502756,0.0381566430609872,-0.2915129151291513,0.1507840772014475,-0.1633858267716536,-0.0907617504051864,-0.2307692307692307,-0.2197802197802197,-0.0020074562661313,-0.0248161764705882,0.2453587556447567,-0.1941349325072912,-0.060658302340484,0.108487900061382,-0.2590417116990116,-0.3175528090039605,-0.20795892169448,Industrials,20.0,1.0,88,9.19248185367487,9574.0,9461.0,11.258678168604686,9.517015920920498,11.221302303285185,9.483264073452418
CAT,2017Q2,2017,Q2,0,1,0,0,11331.0,3353.0,7978.0,2169.0,1304.0,2000.0,1184.0,1164.0,802.0,458.0,1260.0,78510.0,14009.0,77549.0,13588.0,0.0404200864883946,0.1150825169887918,0.2959138646191863,0.1044921013149766,0.0707792780866649,425.0,522.0,453.0,468.0,508.0,553.0,513.0,510.0,524.0,578.0,533.0,516.0,0.0432702097332518,0.05294690748861352,0.0494541484716157,0.0452523689808547,0.052982488687873794,0.0501359927470534,0.0467980295566502,0.0414061865714053,0.0412533459297748,0.0405784891884302,0.0393386965827736,0.0364664310954063,0.0956294720556951,0.4581818181818182,0.2082882882882883,-0.0213675213675214,0.2322858903265556,0.5082802547770702,0.5793758480325644,0.0543147878948064,0.1611754229741764,0.0899497487437186,-0.1067851827714151,0.0598249249315092,0.102825653294279,0.3766335182159084,0.3309078072223423,0.2377210216110019,Industrials,20.0,2.0,89,9.335385860950407,9822.0,10342.0,11.27099402134211,9.547526639331053,11.258678168604686,9.517015920920498
CAT,2017Q3,2017,Q3,0,0,1,0,11413.0,3572.0,7841.0,2063.0,1254.0,2364.0,1509.0,1531.0,1059.0,461.0,1520.0,78560.0,15627.0,78510.0,14009.0,0.0403925348287041,0.1098747042845877,0.3129764303864015,0.1322176465434154,0.0927889249101901,458.0,425.0,522.0,453.0,468.0,508.0,553.0,513.0,510.0,524.0,578.0,533.0,0.0404200864883946,0.0432702097332518,0.05294690748861352,0.0494541484716157,0.0452523689808547,0.05301806988713406,0.0501359927470534,0.0467980295566502,0.0414061865714053,0.0412533459297748,0.0405784891884302,0.0393386965827736,0.2459606986899563,2.7420494699646643,0.4368463395012067,0.0176600441501104,0.8614173228346456,2.137214137214137,3.0395778364116097,0.1748576565777644,0.2641129032258065,0.028927680798005,-0.1832326290707956,0.0145688419826852,0.153203580989315,1.5179077803278274,2.00334470734043,1.0652173913043477,Industrials,20.0,3.0,90,9.342595951096653,11331.0,9160.0,11.27163067207157,9.656819456174961,11.27099402134211,9.547526639331053
CAT,2017Q4,2017,Q4,0,0,0,1,12896.0,3845.0,9051.0,2684.0,1606.0,2004.0,1161.0,1119.0,-1299.0,579.0,-720.0,76962.0,13697.0,78560.0,15627.0,0.0448976426799007,0.1245347394540943,0.2981544665012407,0.0900279156327543,-0.1007289081885856,461.0,458.0,425.0,522.0,453.0,468.0,508.0,553.0,513.0,510.0,524.0,578.0,0.0403925348287041,0.0404200864883946,0.0432702097332518,0.05294690748861352,0.0494541484716157,0.0452523689808547,0.05305365108639429,0.0501359927470534,0.0467980295566502,0.0414061865714053,0.0412533459297748,0.0405784891884302,0.3469814079799456,0.1093082835183603,1.0408704883227178,0.1091954022988506,-5.463251670378619,-1.9199683042789224,-1.8307349665924275,0.1769830949284785,0.0829399865138234,-0.1468531468531468,-0.1765325076295599,-0.1960245478533386,0.5151437697892136,-1.6829851539366008,-0.176448704528165,0.1093990755007703,Industrials,20.0,4.0,91,9.464750005164392,11413.0,9574.0,11.251080065868818,9.52500511575785,11.27163067207157,9.656819456174961
CAT,2018Q1,2018,Q1,1,0,0,0,12859.0,4127.0,8732.0,2019.0,1276.0,2916.0,2108.0,2139.0,1665.0,443.0,2108.0,78014.0,15206.0,76962.0,13697.0,0.034450579360759,0.0992301112061591,0.3209425305233688,0.1639318765067268,0.1294812971459678,579.0,461.0,458.0,425.0,522.0,453.0,468.0,508.0,553.0,513.0,510.0,524.0,0.0448976426799007,0.0403925348287041,0.0404200864883946,0.0432702097332518,0.052982488687873794,0.0494541484716157,0.0452523689808547,0.05308923228565456,0.0501359927470534,0.0467980295566502,0.0414061865714053,0.0412533459297748,0.3092038281409082,7.671875,0.4419986023759608,0.0423529411764704,1.5989304812834226,4.547368421052632,6.53169014084507,0.2545977011494253,0.2026390197926484,-0.1865431103948428,-0.2038268459261767,-0.0813966519633413,0.1014317032846012,3.23720760802387,5.623777607123416,2.416531604538088,Industrials,20.0,1.0,92,9.46187699779161,12896.0,9822.0,11.264656394875283,9.629511127140459,11.251080065868818,9.52500511575785
CAT,2018Q2,2018,Q2,0,1,0,0,14011.0,4407.0,9604.0,2240.0,1440.0,2974.0,2167.0,2195.0,1707.0,462.0,2169.0,78987.0,14879.0,78014.0,15206.0,0.032974091785026,0.1027763899793019,0.3145385768324887,0.1546641924202412,0.1218328456212975,443.0,579.0,461.0,458.0,425.0,522.0,453.0,468.0,508.0,553.0,513.0,510.0,0.034450579360759,0.0448976426799007,0.0403925348287041,0.0404200864883946,0.0432702097332518,0.05301806988713406,0.0494541484716157,0.0452523689808547,0.05312481348491483,0.0501359927470534,0.0467980295566502,0.0414061865714053,0.2365192833818727,1.128428927680798,0.3143453623620638,0.0087336244541484,0.4870000000000001,0.8302364864864864,0.8857388316151202,0.203810478816746,0.1042944785276074,0.0327339787920701,-0.1842152095717683,-0.1069330714298536,0.0629396403486222,0.4801519968866159,0.7213067004176092,0.7214285714285715,Industrials,20.0,2.0,93,9.547669384317377,12859.0,11331.0,11.2770512211772,9.607773308387083,11.264656394875283,9.629511127140459
CAT,2018Q3,2018,Q3,0,0,1,0,13510.0,4303.0,9207.0,2168.0,1299.0,2935.0,2135.0,2142.0,1727.0,479.0,2206.0,78209.0,15850.0,78987.0,14879.0,0.0354552183567727,0.0961509992598075,0.3185048112509252,0.1580310880829015,0.1278312361213915,462.0,443.0,579.0,461.0,458.0,425.0,522.0,453.0,468.0,508.0,553.0,513.0,0.032974091785026,0.034450579360759,0.0448976426799007,0.0403925348287041,0.0404200864883946,0.0432702097332518,0.05305365108639429,0.0494541484716157,0.0452523689808547,0.05316039468417506,0.0501359927470534,0.0467980295566502,0.1837378428108298,0.6307837582625118,0.2046472564389698,0.0390455531453362,0.2415397631133671,0.4148442677269714,0.3990855649902025,0.174212472898865,0.0358851674641147,0.0508967523024721,-0.1222333902259272,-0.1249032260349413,0.0176638888036979,0.1952344654010309,0.3776561830532972,0.4513157894736841,Industrials,20.0,3.0,94,9.51125944745996,14011.0,11413.0,11.267152795595656,9.670987868797893,11.2770512211772,9.607773308387083
CAT,2018Q4,2018,Q4,0,0,0,1,14342.0,4166.0,10176.0,2283.0,1463.0,2167.0,1883.0,1370.0,1048.0,466.0,1514.0,78509.0,14039.0,78209.0,15850.0,0.0324919815925254,0.1020080881327569,0.290475526425882,0.1312927067354622,0.0730720959419885,479.0,462.0,443.0,579.0,461.0,458.0,425.0,522.0,453.0,468.0,508.0,553.0,0.0354552183567727,0.032974091785026,0.034450579360759,0.0448976426799007,0.0403925348287041,0.0404200864883946,0.0432702097332518,0.05308923228565456,0.0494541484716157,0.0452523689808547,0.05319597588343533,0.0501359927470534,0.1121277915632754,-1.806774441878368,0.0834850455136539,-0.1951640759930915,0.0813373253493014,0.6218776916451334,0.2243074173369079,0.1242956579383494,-0.0890410958904109,-0.1494038748137108,-0.2763098538562898,-0.1808864853299916,-0.0257549053866906,0.4583555090960565,-1.7254332172962927,-3.102777777777778,Industrials,20.0,4.0,95,9.571017297294214,13510.0,12896.0,11.2709812841923,9.549665677579801,11.267152795595656,9.670987868797893
CAT,2019Q1,2019,Q1,1,0,0,0,13466.0,4273.0,9193.0,2066.0,1319.0,3008.0,2207.0,2271.0,1881.0,435.0,2316.0,78726.0,15437.0,78509.0,14039.0,0.032303579385118,0.0979503935838407,0.3173176889945047,0.1638942521907025,0.1396851329273726,466.0,479.0,462.0,443.0,579.0,461.0,458.0,425.0,522.0,453.0,468.0,508.0,0.0324919815925254,0.0354552183567727,0.032974091785026,0.034450579360759,0.0448976426799007,0.0403925348287041,0.0404200864883946,0.0432702097332518,0.05312481348491483,0.0494541484716157,0.0452523689808547,0.0532315570826956,0.0472042927132747,0.1297297297297297,0.0353767870123575,-0.0180586907449209,0.0315500685871055,0.0469639468690701,0.0617110799438991,0.0527943197434723,0.0336990595611286,0.0232788509162951,-0.062321157306471,-0.0128964646593977,-0.0112943632710599,-0.0002295118974177,0.0788054800679187,0.0986717267552181,Industrials,20.0,1.0,96,9.507997527450042,14342.0,12859.0,11.273741450536969,9.6445872815098,11.2709812841923,9.549665677579801
CAT,2019Q2,2019,Q2,0,1,0,0,14432.0,4299.0,10133.0,2086.0,1309.0,2928.0,2213.0,2184.0,1620.0,441.0,2061.0,79187.0,14837.0,78726.0,15437.0,0.0305570953436807,0.0907012195121951,0.2978797117516629,0.153339800443459,0.112250554323725,435.0,466.0,479.0,462.0,443.0,579.0,461.0,458.0,425.0,522.0,453.0,468.0,0.032303579385118,0.0324919815925254,0.0354552183567727,0.032974091785026,0.034450579360759,0.0448976426799007,0.0403925348287041,0.0404200864883946,0.0432702097332518,0.05316039468417506,0.0494541484716157,0.0452523689808547,0.0300478195703375,-0.0509666080843584,-0.0245064669843431,-0.0454545454545454,-0.0154673839946199,0.0212275034610061,-0.00501138952164,0.0550812161599334,-0.0909722222222222,-0.0687499999999999,-0.073299863938722,-0.1174897315379404,-0.0529628678573746,-0.008563016145222,-0.0786511326129398,-0.0497925311203319,Industrials,20.0,2.0,97,9.577272530367564,13466.0,14011.0,11.279580051171422,9.604946736749472,11.273741450536969,9.6445872815098
CAT,2019Q3,2019,Q3,0,0,1,0,12758.0,4000.0,8758.0,1980.0,1251.0,2753.0,2020.0,2012.0,1494.0,431.0,1925.0,77993.0,14952.0,79187.0,14837.0,0.0337827245649788,0.0980561216491613,0.3135287662643047,0.1583320269634739,0.1171029941997178,441.0,435.0,466.0,479.0,462.0,443.0,579.0,461.0,458.0,425.0,522.0,453.0,0.0305570953436807,0.032303579385118,0.0324919815925254,0.0354552183567727,0.032974091785026,0.034450579360759,0.0448976426799007,0.0403925348287041,0.0404200864883946,0.0432702097332518,0.05319597588343533,0.0494541484716157,-0.055662472242783,-0.1349160393746381,-0.0704159888449919,-0.1002087682672233,-0.0620102214650766,-0.0538641686182669,-0.0606909430438842,-0.0487672423156294,-0.0369515011547344,-0.0867158671586716,-0.0471720065284675,0.0198138594920471,-0.0156231391515785,0.0019043017688675,-0.0839250424793353,-0.1273798730734361,Industrials,20.0,3.0,98,9.453992183921743,14432.0,13510.0,11.264387179636074,9.612667227583843,11.279580051171422,9.604946736749472
CAT,2019Q4,2019,Q4,0,0,0,1,13144.0,3844.0,9300.0,1994.0,1283.0,2121.0,1850.0,1373.0,1098.0,386.0,1484.0,78453.0,14588.0,77993.0,14952.0,0.0293670115642118,0.0976110772976262,0.2924528301886792,0.1407486305538648,0.0835362142422398,431.0,441.0,435.0,466.0,479.0,462.0,443.0,579.0,461.0,458.0,425.0,522.0,0.0337827245649788,0.0305570953436807,0.032303579385118,0.0324919815925254,0.0354552183567727,0.032974091785026,0.034450579360759,0.0448976426799007,0.0403925348287041,0.0404200864883946,0.0432702097332518,0.0532315570826956,-0.0835308883000975,0.047709923664122,-0.0772923667786845,-0.1716738197424893,-0.0212275034610059,-0.0175252257036643,0.0021897810218978,-0.0860849056603774,-0.1230348598769651,-0.1265878230398598,-0.096176652673979,-0.043104531372142,0.0068071268761491,0.07202169909906,0.143202657120423,-0.0198150594451783,Industrials,20.0,4.0,99,9.483796737163981,12758.0,14342.0,11.270267744751717,9.588023099071895,11.264387179636074,9.612667227583843
CAT,2020Q1,2020,Q1,1,0,0,0,10635.0,3194.0,7441.0,1790.0,1121.0,2240.0,1404.0,1518.0,1092.0,356.0,1448.0,75894.0,14197.0,78453.0,14588.0,0.0334743770568876,0.1054066760695815,0.3003291020216267,0.1320169252468265,0.1026798307475317,386.0,431.0,441.0,435.0,466.0,479.0,462.0,443.0,579.0,461.0,458.0,425.0,0.0293670115642118,0.0337827245649788,0.0305570953436807,0.032303579385118,0.0324919815925254,0.0354552183567727,0.032974091785026,0.034450579360759,0.0448976426799007,0.0403925348287041,0.0404200864883946,0.0432702097332518,-0.2102331798603891,-0.419457735247209,-0.2525157968640299,-0.1816091954022988,-0.2553191489361702,-0.3638423198912551,-0.3315719947159842,-0.1905797889698683,-0.1501137225170583,-0.1335914811229428,0.0362435895357444,0.0761230477278132,-0.0535381025454656,-0.1944993586888237,-0.2649194041221359,-0.3747841105354058,Industrials,20.0,1.0,100,9.27199975236291,13144.0,13466.0,11.23710608506096,9.560856388599332,11.270267744751717,9.588023099071895
CAT,2020Q2,2020,Q2,0,1,0,0,9997.0,2735.0,7262.0,1951.0,1179.0,1421.0,784.0,686.0,458.0,341.0,799.0,76566.0,13734.0,75894.0,14197.0,0.0341102330699209,0.1179353806141842,0.2735820746223867,0.0784235270581174,0.0458137441232369,356.0,386.0,431.0,441.0,435.0,466.0,479.0,462.0,443.0,579.0,461.0,458.0,0.0334743770568876,0.0293670115642118,0.0337827245649788,0.0305570953436807,0.032303579385118,0.0324919815925254,0.0354552183567727,0.032974091785026,0.034450579360759,0.0448976426799007,0.0403925348287041,0.0404200864883946,-0.3073032150776053,-0.7172839506172839,-0.3638055361712026,-0.2267573696145124,-0.5146857923497268,-0.6457297785811116,-0.6858974358974359,-0.2833316885423862,-0.0993124522536287,-0.0647171620325982,0.1162786477666655,0.3002623476118466,-0.081568620388396,-0.4885637855839355,-0.5918617560576815,-0.6123241145075207,Industrials,20.0,2.0,101,9.210140351973516,10635.0,14432.0,11.245921453504174,9.527702598529375,11.23710608506096,9.560856388599332
CAT,2020Q3,2020,Q3,0,0,1,0,9881.0,2825.0,7056.0,1840.0,1126.0,1592.0,985.0,858.0,668.0,344.0,1012.0,76741.0,14949.0,76566.0,13734.0,0.0348142900516142,0.1139560773201093,0.2859022366157271,0.0996862665722092,0.0676044934723206,341.0,356.0,386.0,431.0,441.0,435.0,466.0,479.0,462.0,443.0,579.0,461.0,0.0341102330699209,0.0334743770568876,0.0293670115642118,0.0337827245649788,0.0305570953436807,0.032303579385118,0.0324919815925254,0.0354552183567727,0.032974091785026,0.034450579360759,0.0448976426799007,0.0403925348287041,-0.2255055651356011,-0.5528781793842035,-0.2937499999999999,-0.2018561484918793,-0.4217217580820922,-0.5123762376237624,-0.573558648111332,-0.1943366065311714,-0.0999200639488409,-0.0707070707070707,0.0305352957737683,0.1621515862909308,-0.0881148163141382,-0.3703973322137395,-0.4226920162517628,-0.4742857142857143,Industrials,20.0,3.0,102,9.198470199405696,9997.0,12758.0,11.24820442548896,9.612466578818832,11.245921453504174,9.527702598529375
CAT,2020Q4,2020,Q4,0,0,0,1,11235.0,3323.0,7912.0,1943.0,1216.0,1688.0,1380.0,947.0,780.0,374.0,1154.0,78324.0,15331.0,76741.0,14949.0,0.0332888295505117,0.1082331998219848,0.2957721406319537,0.1228304405874499,0.0694259012016021,344.0,341.0,356.0,386.0,431.0,441.0,435.0,466.0,479.0,462.0,443.0,579.0,0.0348142900516142,0.0341102330699209,0.0334743770568876,0.0293670115642118,0.0337827245649788,0.0305570953436807,0.032303579385118,0.0324919815925254,0.0354552183567727,0.032974091785026,0.034450579360759,0.0448976426799007,-0.1452373706634205,-0.2896174863387978,-0.1355359001040582,-0.0310880829015544,-0.2041489863272041,-0.254054054054054,-0.3102694828841952,-0.149247311827957,-0.0522213561964146,-0.0255767301905717,0.1335450145386709,0.1088208717538341,0.0113499002253902,-0.1273063183343556,-0.168912526963699,-0.2223719676549865,Industrials,20.0,4.0,103,9.326878188224134,9881.0,13144.0,11.268622115820392,9.637697426500445,11.24820442548896,9.612466578818832
CAT,2021Q1,2021,Q1,1,0,0,0,11887.0,3750.0,8137.0,1936.0,1239.0,2725.0,1814.0,2006.0,1530.0,374.0,1904.0,80729.0,16573.0,78324.0,15331.0,0.0314629427105241,0.1042315134180196,0.3154706822579288,0.1526036846975687,0.1287120383612349,374.0,344.0,341.0,356.0,386.0,431.0,441.0,435.0,466.0,479.0,462.0,443.0,0.0332888295505117,0.0348142900516142,0.0341102330699209,0.0334743770568876,0.0293670115642118,0.0337827245649788,0.0305570953436807,0.032303579385118,0.0324919815925254,0.0354552183567727,0.032974091785026,0.034450579360759,0.117724494593324,0.401098901098901,0.1740763932373199,0.050561797752809,0.2165178571428572,0.292022792022792,0.3214756258234519,0.0935358150786185,0.1052631578947369,0.0815642458100558,-0.0600887760493713,-0.0111488446024626,0.050416626741726,0.155940303959148,0.2535279560180712,0.3149171270718232,Industrials,20.0,1.0,104,9.38328476695754,11235.0,10635.0,11.298865532389062,9.715590481408988,11.268622115820392,9.637697426500445
CAT,2021Q2,2021,Q2,0,1,0,0,12889.0,3892.0,8997.0,2103.0,1364.0,2577.0,1789.0,1884.0,1413.0,446.0,1859.0,81697.0,16833.0,80729.0,16573.0,0.034603149972845,0.1058266739079835,0.3019629141128094,0.1388005275816587,0.1096283652727131,374.0,374.0,344.0,341.0,356.0,386.0,431.0,441.0,435.0,466.0,479.0,462.0,0.0314629427105241,0.0332888295505117,0.0348142900516142,0.0341102330699209,0.0334743770568876,0.0293670115642118,0.0337827245649788,0.0305570953436807,0.032303579385118,0.0324919815925254,0.0354552183567727,0.032974091785026,0.2892867860358108,2.0851528384279474,0.423034734917733,0.3079178885630498,0.8135116115411682,1.281887755102041,1.7463556851311952,0.2389148994767282,0.1569126378286682,0.0779087647360328,0.0144507046291264,-0.1026723841746297,0.1037379350587772,0.7698837681554118,1.392914339806361,1.3266583229036295,Industrials,20.0,2.0,105,9.464207095933233,11887.0,9997.0,11.310784800744297,9.731155929771521,11.298865532389062,9.715590481408988
CAT,2021Q3,2021,Q3,0,0,1,0,12397.0,3669.0,8728.0,2005.0,1340.0,2482.0,1664.0,1796.0,1426.0,427.0,1853.0,80784.0,16665.0,81697.0,16833.0,0.0344438170525127,0.1080906670968782,0.2959586996854078,0.1342260224247801,0.1150278293135436,446.0,374.0,374.0,344.0,341.0,356.0,386.0,431.0,441.0,435.0,466.0,479.0,0.034603149972845,0.0314629427105241,0.0332888295505117,0.0348142900516142,0.0341102330699209,0.0334743770568876,0.0293670115642118,0.0337827245649788,0.0305570953436807,0.032303579385118,0.0324919815925254,0.0354552183567727,0.2546300981682017,1.1347305389221556,0.2987610619469025,0.2412790697674418,0.5590452261306533,0.6893401015228426,1.0932400932400932,0.2369614512471656,0.1900532859680284,0.0896739130434782,-0.0106414061166336,-0.0514707978825451,0.0351744819792969,0.3464845965271603,0.7014820081543778,0.8310276679841897,Industrials,20.0,3.0,106,9.425290448261865,12889.0,9881.0,11.299546583710931,9.721125994942152,11.310784800744297,9.731155929771521
CAT,2021Q4,2021,Q4,0,0,0,1,13798.0,3692.0,10106.0,2081.0,1422.0,3260.0,1611.0,2549.0,2120.0,439.0,2559.0,82793.0,16484.0,80784.0,16665.0,0.0318162052471372,0.1030584142629366,0.2675750108711408,0.1167560516016814,0.1536454558631685,427.0,446.0,374.0,374.0,344.0,341.0,356.0,386.0,431.0,441.0,435.0,466.0,0.0344438170525127,0.034603149972845,0.0314629427105241,0.0332888295505117,0.0348142900516142,0.0341102330699209,0.0334743770568876,0.0293670115642118,0.0337827245649788,0.0305570953436807,0.032303579385118,0.0324919815925254,0.2281263907432131,1.717948717948718,0.1110442371351188,0.1737967914438503,0.9312796208530804,0.1673913043478261,1.6916578669482578,0.2773003033367036,0.169407894736842,0.0710241893978385,-0.0442377915732962,-0.0478114438782126,-0.0953339611383489,-0.0494534494602242,1.2130855084906398,1.2175043327556327,Industrials,20.0,4.0,107,9.532351404751555,12397.0,11235.0,11.32411087397961,9.710206155505832,11.299546583710931,9.721125994942152
CAT,2022Q1,2022,Q1,1,0,0,0,13589.0,3924.0,9665.0,2069.0,1346.0,2665.0,1855.0,2006.0,1537.0,457.0,1994.0,82276.0,17065.0,82793.0,16484.0,0.0336301420266391,0.0990507027743027,0.2887629700493045,0.1365074692766208,0.1131061888292001,439.0,427.0,446.0,374.0,374.0,344.0,341.0,356.0,386.0,431.0,441.0,435.0,0.0318162052471372,0.0344438170525127,0.034603149972845,0.0314629427105241,0.0332888295505117,0.0348142900516142,0.0341102330699209,0.0334743770568876,0.0293670115642118,0.0337827245649788,0.0305570953436807,0.032303579385118,0.1431816269874652,0.0045751633986927,0.0464,0.2219251336898395,-0.0220183486238532,0.0226019845644982,0.0,0.1877841956495023,0.0863599677158999,0.068698347107438,0.0688810114188773,-0.0497048394849581,-0.0846598866730444,-0.105477239641019,-0.1212462309720905,0.0472689075630252,Industrials,20.0,1.0,108,9.51708950714519,13798.0,11887.0,11.317846882236841,9.744843459096531,11.32411087397961,9.710206155505832
CAT,2022Q2,2022,Q2,0,1,0,0,14247.0,4152.0,10095.0,2208.0,1425.0,2757.0,1944.0,2100.0,1673.0,480.0,2153.0,81107.0,15727.0,82276.0,17065.0,0.0336913034323015,0.1000210570646451,0.2914297746894083,0.1364497789008212,0.1174282305046676,457.0,439.0,427.0,446.0,374.0,374.0,344.0,341.0,356.0,386.0,431.0,441.0,0.0336301420266391,0.0318162052471372,0.0344438170525127,0.034603149972845,0.0314629427105241,0.0332888295505117,0.0348142900516142,0.0341102330699209,0.0334743770568876,0.0293670115642118,0.0337827245649788,0.0305570953436807,0.1053611606796494,0.1840056617126682,0.066803699897225,0.0762331838565022,0.069848661233993,0.0866405813303521,0.1146496815286624,0.1220406802267422,0.0447214076246333,0.0499286733238231,-0.0263515472221198,-0.0548596741156803,-0.0348822286814535,-0.0169361653143182,0.0711482398971419,0.1581495427649273,Industrials,20.0,2.0,109,9.564371824969498,13589.0,12889.0,11.303536878888355,9.663197842386948,11.317846882236841,9.744843459096531
CAT,2022Q3,2022,Q3,0,0,1,0,14994.0,4641.0,10353.0,2216.0,1401.0,3218.0,2425.0,2567.0,2041.0,476.0,2517.0,80907.0,15591.0,81107.0,15727.0,0.0317460317460317,0.0934373749499799,0.3095238095238095,0.1617313592103508,0.1361211151127117,480.0,457.0,439.0,427.0,446.0,374.0,374.0,344.0,341.0,356.0,386.0,431.0,0.0336913034323015,0.0336301420266391,0.0318162052471372,0.0344438170525127,0.034603149972845,0.0314629427105241,0.0332888295505117,0.0348142900516142,0.0341102330699209,0.0334743770568876,0.0293670115642118,0.0337827245649788,0.209486166007905,0.4312762973352033,0.2649223221586263,0.1147540983606556,0.2965350523771153,0.4573317307692308,0.4292873051224943,0.1861824014665445,0.0455223880597015,0.1052369077306734,-0.0783242258652094,-0.135564822944103,0.0458344689742891,0.2049180649824034,0.1833755007379294,0.3583378305450619,Industrials,20.0,3.0,110,9.61547209118311,14247.0,12397.0,11.301067985672987,9.654513241187397,11.303536878888355,9.663197842386948
CAT,2022Q4,2022,Q4,0,0,0,1,16597.0,4795.0,11802.0,3115.0,1479.0,2774.0,1680.0,2098.0,1454.0,401.0,1855.0,81943.0,15869.0,80907.0,15591.0,0.0241609929505332,0.0891124902090739,0.2889076339097427,0.1012231126107127,0.0876061938904621,476.0,480.0,457.0,439.0,427.0,446.0,374.0,374.0,344.0,341.0,356.0,386.0,0.0317460317460317,0.0336913034323015,0.0336301420266391,0.0318162052471372,0.0344438170525127,0.034603149972845,0.0314629427105241,0.0332888295505117,0.0348142900516142,0.0341102330699209,0.0334743770568876,0.0293670115642118,0.2028554863023626,-0.3141509433962264,0.2987540628385698,-0.0865603644646925,-0.149079754601227,0.0428305400372439,-0.1769321302471557,0.167821096378389,0.040084388185654,0.4968765016818837,-0.2406073331857461,-0.1353205767195485,0.0797257672498996,-0.1330375494707542,-0.4298159135374545,-0.2751074638530676,Industrials,20.0,4.0,111,9.717037485158393,14994.0,13798.0,11.313791366116371,9.672185813520455,11.301067985672987,9.654513241187397
CAT,2023Q1,2023,Q1,1,0,0,0,15862.0,5542.0,10320.0,2811.0,1463.0,3295.0,2731.0,2650.0,1943.0,472.0,2415.0,83649.0,18149.0,81943.0,15869.0,0.0297566511158744,0.0922330097087378,0.3493884756020678,0.1721724877064682,0.1224940108435254,401.0,476.0,480.0,457.0,439.0,427.0,446.0,374.0,374.0,344.0,341.0,356.0,0.0241609929505332,0.0317460317460317,0.0336913034323015,0.0336301420266391,0.0318162052471372,0.0344438170525127,0.034603149972845,0.0314629427105241,0.0332888295505117,0.0348142900516142,0.0341102330699209,0.0334743770568876,0.1672676429465007,0.2641509433962263,0.4123343527013252,0.0328227571115973,0.2363977485928705,0.4722371967654986,0.3210368893320039,0.0677703052250389,0.0869242199108468,0.3586273562107298,-0.1151791422021499,-0.068830335117356,0.2099490303151121,0.261267889726791,0.083000073749295,0.2111334002006017,Industrials,20.0,1.0,112,9.671744632408455,16597.0,13589.0,11.33439670641497,9.806425839692997,11.313791366116371,9.672185813520455
CAT,2023Q2,2023,Q2,0,1,0,0,17318.0,6008.0,11310.0,2356.0,1528.0,4321.0,3652.0,3676.0,2922.0,528.0,3450.0,85427.0,18235.0,83649.0,18149.0,0.0304885090657119,0.0882318974477422,0.3469222773992378,0.2108788543711745,0.1687261808522924,472.0,401.0,476.0,480.0,457.0,439.0,427.0,446.0,374.0,374.0,344.0,341.0,0.0297566511158744,0.0241609929505332,0.0317460317460317,0.0336913034323015,0.0336301420266391,0.0318162052471372,0.0344438170525127,0.034603149972845,0.0314629427105241,0.0332888295505117,0.0348142900516142,0.0341102330699209,0.2155541517512458,0.7465630603705917,0.4470134874759153,0.1,0.5672832789263693,0.8786008230452675,0.7504761904761905,0.1203566121842496,0.072280701754386,0.0670289855072463,-0.0950629402933365,-0.1178667768856255,0.1904146642839455,0.5454686410628207,0.4368451276763956,0.6024152345564329,Industrials,20.0,2.0,113,9.759559443729044,15862.0,14247.0,11.355429194891874,9.811152941333331,11.33439670641497,9.806425839692997
CAT,2023Q3,2023,Q3,0,0,1,0,16810.0,5947.0,10863.0,2498.0,1624.0,4169.0,3449.0,3527.0,2794.0,554.0,3348.0,86791.0,20489.0,85427.0,18235.0,0.0329565734681737,0.0966091612135633,0.3537775133848899,0.205175490779298,0.1662105889351576,528.0,472.0,401.0,476.0,480.0,457.0,439.0,427.0,446.0,374.0,374.0,344.0,0.0304885090657119,0.0297566511158744,0.0241609929505332,0.0317460317460317,0.0336913034323015,0.0336301420266391,0.0318162052471372,0.0344438170525127,0.034603149972845,0.0314629427105241,0.0332888295505117,0.0348142900516142,0.1211151127117513,0.368936795688388,0.2814048696401638,0.1638655462184874,0.2955251709136108,0.4222680412371133,0.3739774055317491,0.0492610837438423,0.1591720199857245,0.1272563176895307,0.0381320642474718,0.0339455840372371,0.142973504781952,0.268619096389606,0.2210492751071797,0.33015494636472,Industrials,20.0,3.0,114,9.72978871303306,17318.0,14994.0,11.371269730502286,9.927692241232945,11.355429194891874,9.811152941333331
CAT,2023Q4,2023,Q4,0,0,0,1,17070.0,5766.0,11304.0,2632.0,1756.0,3920.0,3134.0,3260.0,2676.0,554.0,3230.0,87476.0,19494.0,86791.0,20489.0,0.0324545987111892,0.1028705330990041,0.3377855887521968,0.1835969537199765,0.1567662565905096,554.0,528.0,472.0,401.0,476.0,480.0,457.0,439.0,427.0,446.0,374.0,374.0,0.0329565734681737,0.0304885090657119,0.0297566511158744,0.0241609929505332,0.0317460317460317,0.0336913034323015,0.0336301420266391,0.0318162052471372,0.0344438170525127,0.034603149972845,0.0314629427105241,0.0332888295505117,0.0284991263481351,0.8404401650618982,0.2025026068821689,0.3815461346633417,0.4131218457101657,0.8654761904761905,0.5538608198284081,-0.0421962379257753,0.187288708586883,-0.1550561797752808,0.3432642763331859,0.1543896131468363,0.1691819429656331,0.813784905291935,0.7894426139151918,0.7412398921832883,Industrials,20.0,4.0,115,9.745136396380753,16810.0,16597.0,11.379131180649855,9.877913301416697,11.371269730502286,9.927692241232945
CAT,2024Q1,2024,Q1,1,0,0,0,15799.0,5839.0,9960.0,2320.0,1577.0,4199.0,3519.0,3542.0,2856.0,520.0,3376.0,83741.0,17639.0,87476.0,19494.0,0.0329134755364263,0.0998164440787391,0.3695803531869105,0.2227356161782391,0.1807709348692955,554.0,554.0,528.0,472.0,401.0,476.0,480.0,457.0,439.0,427.0,446.0,374.0,0.0324545987111892,0.0329565734681737,0.0304885090657119,0.0297566511158744,0.0241609929505332,0.0317460317460317,0.0336913034323015,0.0336301420266391,0.0318162052471372,0.0344438170525127,0.034603149972845,0.0314629427105241,-0.0039717563989408,0.4698919197117859,0.0535907614579573,0.1016949152542372,0.2743550834597876,0.2885389967045038,0.3366037735849057,-0.0348837209302325,0.0779220779220779,-0.1746709356101031,0.1060880274550739,0.0822203936958034,0.0577920538164518,0.293677167271779,0.4757532521342078,0.3979296066252589,Industrials,20.0,1.0,116,9.667765219015058,17070.0,15862.0,11.3354959227367,9.777924329560783,11.379131180649855,9.877913301416697
CAT,2024Q2,2024,Q2,0,1,0,0,16689.0,6225.0,10464.0,2743.0,1652.0,4168.0,3482.0,3517.0,2681.0,535.0,3216.0,83336.0,17130.0,83741.0,17639.0,0.0320570435616274,0.0989873569416981,0.3730001797591227,0.2086404218347414,0.160644736053688,520.0,554.0,554.0,528.0,472.0,401.0,476.0,480.0,457.0,439.0,427.0,446.0,0.0329134755364263,0.0324545987111892,0.0329565734681737,0.0304885090657119,0.0297566511158744,0.0241609929505332,0.0317460317460317,0.0336913034323015,0.0336301420266391,0.0318162052471372,0.0344438170525127,0.034603149972845,-0.036320591292297,-0.0824777549623545,0.0361185086551265,0.0132575757575756,-0.0354084702615135,-0.0465498357064622,-0.0432535364526659,-0.0748010610079575,0.0811518324607329,0.1642614601018674,0.0514467431823175,0.1218999002070209,0.0751692931205871,-0.0106147794813658,-0.0478968039090451,-0.0678260869565217,Industrials,20.0,2.0,117,9.722565016655881,15799.0,17318.0,11.330647907208302,9.748644966730458,11.3354959227367,9.777924329560783
CAT,2024Q3,2024,Q3,0,0,1,0,16106.0,5704.0,10402.0,2557.0,1669.0,3766.0,3147.0,3105.0,2464.0,533.0,2997.0,86273.0,19397.0,83336.0,17130.0,0.0330932571712405,0.1036259778964361,0.3541537315286229,0.1953930212343226,0.1529864646715509,535.0,520.0,554.0,554.0,528.0,472.0,401.0,476.0,480.0,457.0,439.0,427.0,0.0320570435616274,0.0329134755364263,0.0324545987111892,0.0329565734681737,0.0304885090657119,0.0297566511158744,0.0241609929505332,0.0317460317460317,0.0336913034323015,0.0336301420266391,0.0318162052471372,0.0344438170525127,-0.0418798334324806,-0.1181102362204724,-0.0408609382882125,-0.0379061371841155,-0.0966658671144159,-0.087561612061467,-0.1196484264247235,-0.0424376323299272,0.0277093596059112,0.0236188951160929,0.0041473881742839,0.0726309657876176,0.0010634314774089,-0.0476785482896597,-0.0795624655945698,-0.1048387096774193,Industrials,20.0,3.0,118,9.68700923909068,16689.0,16810.0,11.365283557055797,9.872925246953487,11.330647907208302,9.748644966730458
CAT,2024Q4,2024,Q4,0,0,0,1,16215.0,5556.0,10659.0,2632.0,1769.0,3905.0,2924.0,3253.0,2791.0,519.0,3310.0,87764.0,19491.0,86273.0,19397.0,0.0320074005550416,0.1090965155720012,0.3426456984273821,0.1803268578476719,0.1721245760098674,533.0,535.0,520.0,554.0,554.0,528.0,472.0,401.0,476.0,480.0,457.0,439.0,0.0330932571712405,0.0320570435616274,0.0329134755364263,0.0324545987111892,0.0329565734681737,0.0304885090657119,0.0297566511158744,0.0241609929505332,0.0317460317460317,0.0336913034323015,0.0336301420266391,0.0318162052471372,-0.0500878734622144,0.0429745889387145,-0.036420395421436,-0.0631768953068592,-0.0038265306122449,-0.0670070197830249,-0.0021472392638036,-0.0570594479830148,0.0074031890660593,0.0,-0.0137791922841865,0.0605225061583492,0.0143881498708657,-0.0178112752202426,0.0979695487624949,0.0247678018575852,Industrials,20.0,4.0,119,9.693753688131835,16106.0,17070.0,11.382418066890446,9.877759403963397,11.365283557055797,9.872925246953487
CAT,2025Q1,2025,Q1,1,0,0,0,14249.0,4958.0,9291.0,2379.0,1593.0,3226.0,2579.0,2577.0,2003.0,480.0,2483.0,84974.0,18067.0,87764.0,19491.0,0.0336865744964558,0.111797319110113,0.3479542424029756,0.1809951575549161,0.140571268159169,519.0,533.0,535.0,520.0,554.0,554.0,528.0,472.0,401.0,476.0,480.0,457.0,0.0320074005550416,0.0330932571712405,0.0320570435616274,0.0329134755364263,0.0324545987111892,0.0329565734681737,0.0304885090657119,0.0297566511158744,0.0241609929505332,0.0317460317460317,0.0336913034323015,0.0336301420266391,-0.0981074751566555,-0.2986694677871149,-0.1508820003425244,-0.0769230769230768,-0.231721838532984,-0.2671213412901392,-0.2724449463579899,-0.0671686746987951,0.0101458465440709,0.0254310344827586,0.0234888278259741,0.1200290707803901,-0.0585153149983538,-0.1873991207132367,-0.2223790386391063,-0.2645142180094787,Industrials,20.0,1.0,120,9.564512185696797,16215.0,15799.0,11.350112374564317,9.801897696774494,11.382418066890446,9.877759403963397
CAT,2025Q2,2025,Q2,0,1,0,0,16569.0,5461.0,11108.0,2542.0,1694.0,3479.0,2919.0,2825.0,2179.0,551.0,2730.0,90325.0,18661.0,84974.0,18067.0,0.033254873559056,0.1022391212505281,0.329591405637033,0.1761723700887199,0.1315106524231999,480.0,519.0,533.0,535.0,520.0,554.0,554.0,528.0,472.0,401.0,476.0,480.0,0.0336865744964558,0.0320074005550416,0.0330932571712405,0.0320570435616274,0.0329134755364263,0.0324545987111892,0.0329565734681737,0.0304885090657119,0.0297566511158744,0.0241609929505332,0.0317460317460317,0.0336913034323015,-0.0071903649110192,-0.1872435658336442,-0.1227309236947791,0.0299065420560746,-0.1653071017274472,-0.1616886846639862,-0.1967586010804662,0.0615443425076451,0.0254237288135592,-0.0732774334670068,0.03736557911605,0.0328502993644452,-0.1163773544294869,-0.1556172646724163,-0.1813572255536054,-0.1511194029850746,Industrials,20.0,2.0,121,9.71534911042061,14249.0,16689.0,11.41118062708658,9.834244649793968,11.350112374564317,9.801897696774494
