ticker,Year_Quarter,year,quarter,Q1,Q2,Q3,Q4,revenue,grossProfit,costOfRevenue,operatingExpenses,snaExpenses,ebitda,operatingIncome,incomeBeforeTax,netIncome,rnd,net_plus_rnd,totalAssets,totalEquity,totalAssets_lag1,totalEquity_lag1,rnd_to_rev_ratio,sna_to_rev_ratio,grossProfitRatio,operatingIncomeRatio,netIncomeRatio,rnd_lag1,rnd_lag2,rnd_lag3,rnd_lag4,rnd_lag5,rnd_lag6,rnd_lag7,rnd_lag8,rnd_lag9,rnd_lag10,rnd_lag11,rnd_lag12,rnd_to_rev_ratio_lag1,rnd_to_rev_ratio_lag2,rnd_to_rev_ratio_lag3,rnd_to_rev_ratio_lag4,rnd_to_rev_ratio_lag5,rnd_to_rev_ratio_lag6,rnd_to_rev_ratio_lag7,rnd_to_rev_ratio_lag8,rnd_to_rev_ratio_lag9,rnd_to_rev_ratio_lag10,rnd_to_rev_ratio_lag11,rnd_to_rev_ratio_lag12,revenue_yoy,netIncome_yoy,grossProfit_yoy,rnd_yoy,ebitda_yoy,operatingIncome_yoy,incomeBeforeTax_yoy,costOfRevenue_yoy,snaExpenses_yoy,operatingExpenses_yoy,rnd_to_rev_ratio_yoy,sna_to_rev_ratio_yoy,grossProfitRatio_yoy,operatingIncomeRatio_yoy,netIncomeRatio_yoy,net_plus_rnd_yoy,gics_sectors,gics_sector_code,quarter_int,time_idx,revenue_log,revenue_lag1,revenue_lag4,totalAssets_log,totalEquity_log,totalAssets_lag1_log,totalEquity_lag1_log
CLX,1995Q2,1995,Q2,0,1,0,0,594.3,346.1,248.2,237.6,200.6,132.4,108.5,100.5,59.5,13.1,72.6,1906.7,943.9,1789.2,938.9,0.0220427393572269,0.3375399629816591,0.5823658085142185,0.182567726737338,0.1001177856301531,10.7,,,,,,,,,,,,0.0214385894610298,,,,,,,,,,,,,,,,,,,,,,,,,,,,Consumer Staples,30.0,2.0,1,6.389065480159345,499.1,,7.553653606941472,6.851079101788581,7.490082624436838,6.845773486626256
CLX,1995Q3,1995,Q3,0,0,1,0,518.5,313.7,204.8,207.8,171.1,132.4,105.9,98.6,58.8,10.2,69.0,1857.3,956.9,1906.7,943.9,0.0196721311475409,0.329990356798457,0.6050144648023144,0.2042430086788814,0.113404050144648,13.1,10.7,,,,,,,,,,,0.0220427393572269,0.0214385894610298,,,,,,,,,,,,,,,,,,,,,,,,,,,Consumer Staples,30.0,3.0,2,6.252866810539282,594.3,,7.527417370279605,6.864743388388846,7.553653606941472,6.851079101788581
CLX,1995Q4,1995,Q4,0,0,0,1,466.8,282.8,184.0,209.4,169.0,102.6,73.4,63.6,37.9,11.2,49.1,1859.2,916.4,1857.3,956.9,0.0239931448157669,0.3620394173093402,0.6058269065981149,0.1572407883461868,0.081191088260497,10.2,13.1,10.7,,,,,,,,,,0.0196721311475409,0.0220427393572269,0.0214385894610298,,,,,,,,,,,,,,,,,,,,,,,,,,Consumer Staples,30.0,4.0,3,6.148040854150079,518.5,,7.528439287808367,6.821543582163072,7.527417370279605,6.864743388388846
CLX,1996Q1,1996,Q1,1,0,0,0,560.1,339.5,220.6,228.3,182.2,146.2,111.2,100.0,59.6,11.1,70.7,2180.6,919.6,1859.2,916.4,0.0198178896625602,0.3252990537404034,0.6061417603999285,0.1985359757186216,0.1064095697196929,11.2,10.2,13.1,10.7,,,,,,,,,0.0239931448157669,0.0196721311475409,0.0220427393572269,0.0214385894610298,,,,,,,,,0.1222199959927869,0.1037037037037036,0.1252900232018561,0.0373831775700934,0.1809369951534734,0.1680672268907563,0.1086474501108647,0.1175278622087132,0.0897129186602871,0.1055690072639226,-0.075597314898708,-0.0289667600368697,0.0027356732370047,0.0408540491718916,-0.0164996991278012,0.0927357032457496,Consumer Staples,30.0,1.0,4,6.3298991427569264,466.8,499.1,7.687813831531379,6.8250256313831414,7.528439287808367,6.821543582163072
CLX,1996Q2,1996,Q2,0,1,0,0,672.4,391.1,281.3,266.5,227.4,150.4,124.6,108.2,65.8,13.3,79.1,2178.9,932.8,2180.6,919.6,0.0197798929208804,0.3381915526472338,0.5816478286734087,0.1853063652587745,0.0978584176085663,11.1,11.2,10.2,13.1,10.7,,,,,,,,0.0198178896625602,0.0239931448157669,0.0196721311475409,0.0220427393572269,0.0214385894610298,,,,,,,,0.1314151102136969,0.1058823529411763,0.1300202253683906,0.0152671755725191,0.13595166163142,0.1483870967741936,0.0766169154228855,0.1333601933924255,0.1335992023928216,0.1216329966329967,-0.1026572242076916,0.0019304074688486,-0.0012328674354038,0.0150006716432229,-0.022567099415614,0.0895316804407713,Consumer Staples,30.0,2.0,5,6.512339506726974,560.1,594.3,7.68703428317137,6.839262282536836,7.687813831531379,6.8250256313831414
CLX,1996Q3,1996,Q3,0,0,1,0,590.8,360.1,230.7,242.8,205.6,144.0,117.3,108.8,65.5,10.5,76.0,2225.2,975.9,2178.9,932.8,0.0177725118483412,0.3480027081922817,0.6095125253893027,0.198544346648612,0.1108666215301286,13.3,11.1,11.2,10.2,13.1,10.7,,,,,,,0.0197798929208804,0.0198178896625602,0.0239931448157669,0.0196721311475409,0.0220427393572269,0.0214385894610298,,,,,,,0.1394406943105111,0.1139455782312925,0.1479120178514505,0.0294117647058824,0.0876132930513595,0.1076487252124644,0.1034482758620689,0.1264648437499997,0.201636469900643,0.1684311838306063,-0.0965639810426538,0.0545844780695385,0.0074346331346937,-0.0279013811397039,-0.0223751145685083,0.1014492753623188,Consumer Staples,30.0,3.0,6,6.383168739966109,672.4,518.5,7.708051375059125,6.884384292658897,7.68703428317137,6.839262282536836
CLX,1996Q4,1996,Q4,0,0,0,1,530.2,327.7,202.5,245.9,201.3,114.9,81.8,72.9,43.9,11.5,55.4,2711.1,998.8,2225.2,975.9,0.0216899283289324,0.3796680497925311,0.6180686533383628,0.1542814032440588,0.0827989437947944,10.5,13.3,11.1,11.2,10.2,13.1,10.7,,,,,,0.0177725118483412,0.0197798929208804,0.0198178896625602,0.0239931448157669,0.0196721311475409,0.0220427393572269,0.0214385894610298,,,,,,0.1358183376178234,0.158311345646438,0.1587694483734087,0.0267857142857144,0.1198830409356725,0.1144414168937328,0.1462264150943397,0.1005434782608696,0.1911242603550296,0.1743075453677172,-0.0959947728619927,0.0486925777701392,0.0202066738979764,-0.018820721603179,0.0198033499580483,0.1283095723014258,Consumer Staples,30.0,4.0,7,6.275138598162224,590.8,466.8,7.90547852153683,6.90755525897947,7.708051375059125,6.884384292658897
CLX,1997Q1,1997,Q1,1,0,0,0,649.2,393.8,255.4,264.4,219.9,161.9,129.4,109.8,65.6,12.0,77.6,2882.5,1024.9,2711.1,998.8,0.0184842883548983,0.338724584103512,0.606592729513247,0.1993222427603204,0.1010474430067775,11.5,10.5,13.3,11.1,11.2,10.2,13.1,10.7,,,,,0.0216899283289324,0.0177725118483412,0.0197798929208804,0.0198178896625602,0.0239931448157669,0.0196721311475409,0.0220427393572269,0.0214385894610298,,,,,0.1590787359400107,0.1006711409395972,0.1599410898379971,0.0810810810810811,0.1073871409028728,0.1636690647482015,0.0979999999999998,0.1577515865820489,0.2069154774972559,0.1581252737625929,-0.0672928011190487,0.0412713477298414,0.0007439994119873,0.0039603252702828,-0.0503913955017432,0.0975954738330975,Consumer Staples,30.0,1.0,8,6.477280007869805,530.2,560.1,7.966760113055467,6.933325555093667,7.90547852153683,6.90755525897947
CLX,1997Q2,1997,Q2,0,1,0,0,762.5,453.9,308.6,316.0,265.5,172.0,137.9,124.5,74.4,16.4,90.8,2778.0,1036.0,2882.5,1024.9,0.0215081967213114,0.3481967213114754,0.5952786885245901,0.1808524590163934,0.0975737704918032,12.0,11.5,10.5,13.3,11.1,11.2,10.2,13.1,10.7,,,,0.0184842883548983,0.0216899283289324,0.0177725118483412,0.0197798929208804,0.0198178896625602,0.0239931448157669,0.0196721311475409,0.0220427393572269,0.0214385894610298,,,,0.1339976204640096,0.1306990881458967,0.1605727435438506,0.2330827067669172,0.1436170212765957,0.106741573033708,0.1506469500924214,0.0970494134376112,0.1675461741424802,0.1857410881801124,0.0873768026623933,0.0295843245815128,0.0234349019788657,-0.024035365629029,-0.0029087647615725,0.1479140328697852,Consumer Staples,30.0,2.0,9,6.637913124658687,649.2,672.4,7.929846429742503,6.9440872082295275,7.966760113055467,6.933325555093667
CLX,1997Q3,1997,Q3,0,0,1,0,649.3,406.4,242.9,270.2,221.9,172.9,136.2,121.9,74.4,11.6,86.0,2807.2,1074.9,2778.0,1036.0,0.017865393500693,0.3417526567072232,0.6259048205760049,0.2097643616202063,0.1145849376251347,16.4,12.0,11.5,10.5,13.3,11.1,11.2,10.2,13.1,10.7,,,0.0215081967213114,0.0184842883548983,0.0216899283289324,0.0177725118483412,0.0197798929208804,0.0198178896625602,0.0239931448157669,0.0196721311475409,0.0220427393572269,0.0214385894610298,,,0.0990182802979011,0.13587786259542,0.1285753957234099,0.1047619047619048,0.2006944444444445,0.1611253196930946,0.120404411764706,0.0528825314260945,0.0792801556420235,0.1128500823723228,0.0052261409723288,-0.0179597782946135,0.0268941071821819,0.0565113797546283,0.0335386434951086,0.131578947368421,Consumer Staples,30.0,3.0,10,6.477433794875106,762.5,590.8,7.940298987680542,6.980912799599864,7.929846429742503,6.9440872082295275
CLX,1997Q4,1997,Q4,0,0,0,1,591.8,361.9,229.9,264.5,223.2,125.7,97.4,81.1,49.5,13.0,62.5,2831.7,996.4,2807.2,1074.9,0.0219668807029401,0.3771544440689422,0.6115241635687733,0.1645826292666441,0.0836431226765799,11.6,16.4,12.0,11.5,10.5,13.3,11.1,11.2,10.2,13.1,10.7,,0.017865393500693,0.0215081967213114,0.0184842883548983,0.0216899283289324,0.0177725118483412,0.0197798929208804,0.0198178896625602,0.0239931448157669,0.0196721311475409,0.0220427393572269,0.0214385894610298,,0.1161825726141077,0.1275626423690206,0.1043637473298748,0.1304347826086955,0.0939947780678851,0.1907090464547678,0.1124828532235937,0.1353086419753086,0.1087928464977643,0.0756405042700285,0.0127687085825118,-0.0066205352938242,-0.0105886129869892,0.0667690713591042,0.0101955271781932,0.128158844765343,Consumer Staples,30.0,4.0,11,6.384857073981877,649.3,530.2,7.948985599412111,6.905151893112022,7.940298987680542,6.980912799599864
CLX,1998Q1,1998,Q1,1,0,0,0,680.5,421.2,259.3,280.7,236.2,243.2,140.5,124.3,92.0,13.6,105.6,2975.9,1045.4,2831.7,996.4,0.0199853049228508,0.3470977222630418,0.61895664952241,0.2064658339456282,0.1351947097722263,13.0,11.6,16.4,12.0,11.5,10.5,13.3,11.1,11.2,10.2,13.1,10.7,0.0219668807029401,0.017865393500693,0.0215081967213114,0.0184842883548983,0.0216899283289324,0.0177725118483412,0.0197798929208804,0.0198178896625602,0.0239931448157669,0.0196721311475409,0.0220427393572269,0.0214385894610298,0.0482131854590264,0.402439024390244,0.0695784662265108,0.1333333333333333,0.5021618282890672,0.0857805255023183,0.1320582877959928,0.0152701644479249,0.0741246020918597,0.0616490166414525,0.0812049963262306,0.024719605698803,0.0203825720415149,0.0358394080177884,0.3379330119531911,0.3608247422680413,Consumer Staples,30.0,1.0,12,6.524296251136588,591.8,649.2,7.9986377695883055,6.9531109807029345,7.948985599412111,6.905151893112022
CLX,1998Q2,1998,Q2,0,1,0,0,819.7,497.0,322.7,332.8,273.3,205.9,164.2,144.6,98.2,17.8,116.0,3030.0,1085.2,2975.9,1045.4,0.0217152616811028,0.3334146639014273,0.6063193851409052,0.2003171892155666,0.1197999268024887,13.6,13.0,11.6,16.4,12.0,11.5,10.5,13.3,11.1,11.2,10.2,13.1,0.0199853049228508,0.0219668807029401,0.017865393500693,0.0215081967213114,0.0184842883548983,0.0216899283289324,0.0177725118483412,0.0197798929208804,0.0198178896625602,0.0239931448157669,0.0196721311475409,0.0220427393572269,0.0750163934426231,0.3198924731182795,0.0949548358669309,0.0853658536585366,0.1970930232558139,0.1907179115300941,0.16144578313253,0.045690213869086,0.0293785310734464,0.0531645569620253,0.0096272580390806,-0.0424531780608724,0.018547105463627,0.1076276778598228,0.2277882283185166,0.277533039647577,Consumer Staples,30.0,2.0,13,6.710157634635666,680.5,762.5,8.016647877057803,6.990440645600745,7.9986377695883055,6.9531109807029345
CLX,1998Q3,1998,Q3,0,0,1,0,685.9,432.3,253.6,282.0,234.2,235.0,150.3,134.5,100.0,12.9,112.9,3010.0,1101.6,3030.0,1085.2,0.0188074063274529,0.3414491908441464,0.6302668027409244,0.2191281527919522,0.1457938474996355,17.8,13.6,13.0,11.6,16.4,12.0,11.5,10.5,13.3,11.1,11.2,10.2,0.0217152616811028,0.0199853049228508,0.0219668807029401,0.017865393500693,0.0215081967213114,0.0184842883548983,0.0216899283289324,0.0177725118483412,0.0197798929208804,0.0198178896625602,0.0239931448157669,0.0196721311475409,0.0563683967349453,0.3440860215053762,0.06373031496063,0.1120689655172415,0.3591671486408327,0.1035242290748901,0.1033634126333058,0.0440510498147386,0.0554303740423614,0.0436713545521836,0.0527283558978639,-0.0008879692874979,0.00696908223347,0.0446395712761715,0.2723648545902331,0.3127906976744186,Consumer Staples,30.0,3.0,14,6.5321887212198355,819.7,649.3,8.010027528481734,7.0054263061555835,8.016647877057803,6.990440645600745
CLX,1998Q4,1998,Q4,0,0,0,1,648.1,400.1,248.0,288.7,238.8,199.0,111.4,91.2,57.9,14.0,71.9,3046.4,1139.2,3010.0,1101.6,0.0216016046906341,0.3684616571516741,0.617343002623052,0.1718870544669032,0.0893380651134084,12.9,17.8,13.6,13.0,11.6,16.4,12.0,11.5,10.5,13.3,11.1,11.2,0.0188074063274529,0.0217152616811028,0.0199853049228508,0.0219668807029401,0.017865393500693,0.0215081967213114,0.0184842883548983,0.0216899283289324,0.0177725118483412,0.0197798929208804,0.0198178896625602,0.0239931448157669,0.0951334910442718,0.1696969696969696,0.1055540204476375,0.0769230769230768,0.5831344470962609,0.1437371663244353,0.1245376078914921,0.0787298825576336,0.0698924731182797,0.091493383742911,-0.0166284880063618,-0.0230483481077028,0.0095153052012217,0.0443815075309377,0.0680862006891938,0.1504000000000001,Consumer Staples,30.0,4.0,15,6.475586788039423,685.9,591.8,8.022044047035255,7.038958964597482,8.010027528481734,7.0054263061555835
CLX,1999Q1,1999,Q1,1,0,0,0,992.0,594.2,397.8,408.9,318.8,260.9,185.3,52.4,22.1,14.5,36.6,4130.9,1555.2,3046.4,1139.2,0.0146169354838709,0.3213709677419355,0.598991935483871,0.1867943548387096,0.0222782258064516,14.0,12.9,17.8,13.6,13.0,11.6,16.4,12.0,11.5,10.5,13.3,11.1,0.0216016046906341,0.0188074063274529,0.0217152616811028,0.0199853049228508,0.0219668807029401,0.017865393500693,0.0215081967213114,0.0184842883548983,0.0216899283289324,0.0177725118483412,0.0197798929208804,0.0198178896625602,0.4577516531961794,-0.7597826086956522,0.4107312440645776,0.0661764705882352,0.0727796052631577,0.3188612099644128,-0.5784392598551891,0.5341303509448514,0.3497036409822185,0.4567153544709654,-0.2686158384724857,-0.0741196293463711,-0.0322554318690071,-0.0952771639306623,-0.8352137754207574,-0.6534090909090908,Consumer Staples,30.0,1.0,16,6.900730664045173,648.1,680.5,8.326492628591396,7.35000223118283,8.022044047035255,7.038958964597482
CLX,1999Q2,1999,Q2,0,1,0,0,1099.4,560.1,539.3,403.3,329.8,212.4,156.8,101.9,50.1,17.9,68.0,4132.0,1570.0,4130.9,1555.2,0.0162816081498999,0.2999818082590503,0.5094597052937966,0.1426232490449336,0.0455703110787702,14.5,14.0,12.9,17.8,13.6,13.0,11.6,16.4,12.0,11.5,10.5,13.3,0.0146169354838709,0.0216016046906341,0.0188074063274529,0.0217152616811028,0.0199853049228508,0.0219668807029401,0.017865393500693,0.0215081967213114,0.0184842883548983,0.0216899283289324,0.0177725118483412,0.0197798929208804,0.341222398438453,-0.4898167006109979,0.1269617706237424,0.0056179775280897,0.0315687226809131,-0.0450669914738123,-0.2952973720608575,0.6712116516888751,0.2067325283571166,0.2118389423076923,-0.250222797726237,-0.1002741008783623,-0.1597502607055834,-0.288012927879829,-0.6196131976449291,-0.4137931034482759,Consumer Staples,30.0,2.0,17,7.0034290290504195,992.0,819.7,8.326758814511733,7.359467638255621,8.326492628591396,7.35000223118283
CLX,1999Q3,1999,Q3,0,0,1,0,942.0,528.0,414.0,360.0,298.0,216.0,168.0,137.0,87.0,14.0,101.0,4161.0,1722.0,4132.0,1570.0,0.0148619957537154,0.316348195329087,0.5605095541401274,0.1783439490445859,0.0923566878980891,17.9,14.5,14.0,12.9,17.8,13.6,13.0,11.6,16.4,12.0,11.5,10.5,0.0162816081498999,0.0146169354838709,0.0216016046906341,0.0188074063274529,0.0217152616811028,0.0199853049228508,0.0219668807029401,0.017865393500693,0.0215081967213114,0.0184842883548983,0.0216899283289324,0.0177725118483412,0.3733780434465665,-0.13,0.2213740458015267,0.0852713178294573,-0.0808510638297872,0.1177644710578842,0.0185873605947954,0.6324921135646688,0.2724167378309139,0.2765957446808511,-0.2097796211260884,-0.0735131205114397,-0.1106789193043874,-0.1861203283454323,-0.3665254777070065,-0.1054030115146147,Consumer Staples,30.0,3.0,18,6.849066282633458,1099.4,685.9,8.33375100695358,7.45182223652793,8.326758814511733,7.359467638255621
CLX,1999Q4,1999,Q4,0,0,0,1,954.0,526.0,428.0,367.0,302.0,209.0,159.0,120.0,76.0,15.0,91.0,4152.0,1745.0,4161.0,1722.0,0.0157232704402515,0.3165618448637317,0.5513626834381551,0.1666666666666666,0.0796645702306079,14.0,17.9,14.5,14.0,12.9,17.8,13.6,13.0,11.6,16.4,12.0,11.5,0.0148619957537154,0.0162816081498999,0.0146169354838709,0.0216016046906341,0.0188074063274529,0.0217152616811028,0.0199853049228508,0.0219668807029401,0.017865393500693,0.0215081967213114,0.0184842883548983,0.0216899283289324,0.4719950624903564,0.3126079447322971,0.3146713321669581,0.0714285714285714,0.050251256281407,0.4272890484739675,0.3157894736842104,0.7258064516129032,0.2646566164154103,0.2712157949428473,-0.2721248876909254,-0.1408553950746042,-0.1068778926861576,-0.0303710353081987,-0.1082796551561825,0.2656467315716271,Consumer Staples,30.0,4.0,19,6.86171134048073,942.0,648.1,8.331586243630754,7.465082736399547,8.33375100695358,7.45182223652793
CLX,2000Q1,2000,Q1,1,0,0,0,1034.0,581.0,453.0,377.0,309.0,257.0,204.0,165.0,106.0,15.0,121.0,4351.0,1725.0,4152.0,1745.0,0.0145067698259187,0.2988394584139265,0.5618955512572534,0.1972920696324951,0.1025145067698259,15.0,14.0,17.9,14.5,14.0,12.9,17.8,13.6,13.0,11.6,16.4,12.0,0.0157232704402515,0.0148619957537154,0.0162816081498999,0.0146169354838709,0.0216016046906341,0.0188074063274529,0.0217152616811028,0.0199853049228508,0.0219668807029401,0.017865393500693,0.0215081967213114,0.0184842883548983,0.0423387096774192,3.7963800904977374,-0.0222147425109391,0.0344827586206897,-0.0149482560367956,0.1009174311926603,2.148854961832061,0.1387631975867269,-0.0307402760351317,-0.0780141843971631,-0.0075368505302474,-0.0701105936429891,-0.0619313583857364,0.0561993150320301,3.6015561409804207,2.3060109289617485,Consumer Staples,30.0,1.0,20,6.942156705699469,954.0,992.0,8.378390788535778,7.453561871643373,8.331586243630754,7.465082736399547
CLX,2000Q2,2000,Q2,0,1,0,0,1153.0,399.0,754.0,150.0,81.0,299.0,249.0,200.0,125.0,19.0,144.0,4353.0,1794.0,4351.0,1725.0,0.0164787510841283,0.0702515177797051,0.3460537727666956,0.2159583694709453,0.1084128360797918,15.0,15.0,14.0,17.9,14.5,14.0,12.9,17.8,13.6,13.0,11.6,16.4,0.0145067698259187,0.0157232704402515,0.0148619957537154,0.0162816081498999,0.0146169354838709,0.0216016046906341,0.0188074063274529,0.0217152616811028,0.0199853049228508,0.0219668807029401,0.017865393500693,0.0215081967213114,0.0487538657449517,1.49500998003992,-0.2876272094268881,0.0614525139664805,0.4077212806026364,0.5880102040816326,0.9627085377821392,0.3981086593732617,-0.7543966040024257,-0.6280684354078849,0.0121083207760179,-0.7658140732352704,-0.3207435854674073,0.5141877002318707,1.37902339293659,1.1176470588235294,Consumer Staples,30.0,2.0,21,7.050989447068045,1034.0,1099.4,8.378850241794492,7.492760300922379,8.378390788535778,7.453561871643373
CLX,2000Q3,2000,Q3,0,0,1,0,985.0,436.0,549.0,247.0,233.0,243.0,189.0,155.0,98.0,14.0,112.0,4138.0,1826.0,4353.0,1794.0,0.014364473239374148,0.2365482233502538,0.4426395939086294,0.1918781725888325,0.099492385786802,19.0,15.0,15.0,14.0,17.9,14.5,14.0,12.9,17.8,13.6,13.0,11.6,0.0164787510841283,0.0145067698259187,0.0157232704402515,0.0148619957537154,0.0162816081498999,0.0146169354838709,0.0216016046906341,0.0188074063274529,0.0217152616811028,0.0199853049228508,0.0219668807029401,0.017865393500693,0.0456475583864119,0.1264367816091953,-0.1742424242424242,0.0,0.125,0.125,0.1313868613138686,0.326086956521739,-0.2181208053691274,-0.3138888888888889,-0.0436548223350253,-0.2522536026981909,-0.2102907245039225,0.0758883248730966,0.0772623840364081,0.108910891089109,Consumer Staples,30.0,3.0,22,6.893656354602635,1153.0,942.0,8.328209491748732,7.510430556378006,8.378850241794492,7.492760300922379
CLX,2000Q4,2000,Q4,0,0,0,1,899.0,374.0,525.0,245.0,228.0,185.0,129.0,99.0,64.0,17.0,81.0,4198.0,1621.0,4138.0,1826.0,0.0189098998887652,0.253615127919911,0.4160177975528364,0.1434927697441601,0.0711902113459399,14.0,19.0,15.0,15.0,14.0,17.9,14.5,14.0,12.9,17.8,13.6,13.0,0.014364473239374148,0.0164787510841283,0.0145067698259187,0.0157232704402515,0.0148619957537154,0.0162816081498999,0.0146169354838709,0.0216016046906341,0.0188074063274529,0.0217152616811028,0.0199853049228508,0.0219668807029401,-0.0576519916142557,-0.1578947368421053,-0.2889733840304183,0.1333333333333333,-0.1148325358851675,-0.1886792452830188,-0.175,0.2266355140186915,-0.2450331125827815,-0.332425068119891,0.2026696329254727,-0.1988449270344533,-0.2454734242102547,-0.1390433815350389,-0.1063755049470172,-0.1098901098901099,Consumer Staples,30.0,4.0,23,6.802394763324311,985.0,954.0,8.342601680684194,7.3914152346753585,8.328209491748732,7.510430556378006
CLX,2001Q1,2001,Q1,1,0,0,0,989.0,405.0,584.0,247.0,231.0,215.0,158.0,103.0,79.0,16.0,95.0,4017.0,1639.0,4198.0,1621.0,0.0161779575328614,0.2335692618806875,0.4095045500505561,0.1597573306370071,0.0798786653185035,17.0,14.0,19.0,15.0,15.0,14.0,17.9,14.5,14.0,12.9,17.8,13.6,0.0189098998887652,0.014364473239374148,0.0164787510841283,0.0145067698259187,0.0157232704402515,0.0148619957537154,0.0162816081498999,0.0146169354838709,0.0216016046906341,0.0188074063274529,0.0217152616811028,0.0199853049228508,-0.0435203094777563,-0.2547169811320755,-0.3029259896729777,0.0666666666666666,-0.1634241245136186,-0.2254901960784313,-0.3757575757575757,0.2891832229580573,-0.2524271844660194,-0.3448275862068966,0.115200539265251,-0.2184122434154338,-0.2712087697895439,-0.190249608437915,-0.2208062269874277,-0.2148760330578512,Consumer Staples,30.0,1.0,24,6.897704943128636,899.0,1034.0,8.29853954537488,7.402451520818244,8.342601680684194,7.3914152346753585
CLX,2001Q2,2001,Q2,0,1,0,0,1030.0,369.0,661.0,236.0,156.0,191.0,133.0,130.0,82.0,20.0,102.0,3995.0,1900.0,4017.0,1639.0,0.0194174757281553,0.1514563106796116,0.358252427184466,0.129126213592233,0.0796116504854368,16.0,17.0,14.0,19.0,15.0,15.0,14.0,17.9,14.5,14.0,12.9,17.8,0.0161779575328614,0.0189098998887652,0.014364473239374148,0.0164787510841283,0.0145067698259187,0.0157232704402515,0.0148619957537154,0.0162816081498999,0.0146169354838709,0.0216016046906341,0.0188074063274529,0.0217152616811028,-0.1066782307025151,-0.344,-0.075187969924812,0.0526315789473683,-0.3612040133779264,-0.465863453815261,-0.35,-0.1233421750663129,0.9259259259259258,0.5733333333333333,0.1783341849770054,1.1559151384394104,0.0352507482297979,-0.4020782157757242,-0.2656621359223301,-0.2916666666666666,Consumer Staples,30.0,2.0,25,6.93828448401696,989.0,1153.0,8.293049139768444,7.550135342488429,8.29853954537488,7.402451520818244
CLX,2001Q3,2001,Q3,0,0,1,0,991.0,425.0,566.0,251.0,235.0,227.0,174.0,127.0,79.0,16.0,95.0,3832.0,1760.0,3995.0,1900.0,0.0161453077699293,0.2371342078708375,0.4288597376387487,0.1755802219979818,0.0797174571140262,20.0,16.0,17.0,14.0,19.0,15.0,15.0,14.0,17.9,14.5,14.0,12.9,0.0194174757281553,0.0161779575328614,0.0189098998887652,0.014364473239374148,0.0164787510841283,0.0145067698259187,0.0157232704402515,0.0148619957537154,0.0162816081498999,0.0146169354838709,0.0216016046906341,0.0188074063274529,0.0060913705583756,-0.1938775510204081,-0.0252293577981651,0.1428571428571428,-0.0658436213991769,-0.0793650793650794,-0.1806451612903226,0.0309653916211294,0.0085836909871244,0.0161943319838056,0.1359377252414588,0.0024772306986049,-0.0311310973069552,-0.0849390546666025,-0.1987582116600423,-0.1517857142857143,Consumer Staples,30.0,3.0,26,6.899723107284872,1030.0,985.0,8.251403065380556,7.473637108496206,8.293049139768444,7.550135342488429
CLX,2001Q4,2001,Q4,0,0,0,1,901.0,387.0,514.0,229.0,213.0,193.0,158.0,79.0,51.0,16.0,67.0,3753.0,1712.0,3832.0,1760.0,0.0177580466148723,0.2364039955604883,0.4295227524972253,0.1753607103218646,0.0566037735849056,16.0,20.0,16.0,17.0,14.0,19.0,15.0,15.0,14.0,17.9,14.5,14.0,0.0161453077699293,0.0194174757281553,0.0161779575328614,0.0189098998887652,0.01436267201675966,0.0164787510841283,0.0145067698259187,0.0157232704402515,0.0148619957537154,0.0162816081498999,0.0146169354838709,0.0216016046906341,0.0022246941045607,-0.203125,0.0347593582887699,-0.0588235294117647,0.0432432432432432,0.2248062015503875,-0.202020202020202,-0.0209523809523809,-0.0657894736842105,-0.0653061224489796,-0.0609127113664555,-0.067863192943513,0.0324624451738118,0.2220874308477229,-0.2048938679245282,-0.1728395061728395,Consumer Staples,30.0,4.0,27,6.804614520062624,991.0,899.0,8.230577217146454,7.44600149832412,8.251403065380556,7.473637108496206
CLX,2002Q1,2002,Q1,1,0,0,0,1033.0,436.0,597.0,262.0,247.0,226.0,174.0,96.0,46.0,15.0,61.0,3707.0,1599.0,3753.0,1712.0,0.0145208131655372,0.239109390125847,0.4220716360116166,0.1684414327202323,0.0445304937076476,16.0,16.0,20.0,16.0,17.0,14.0,19.0,15.0,15.0,14.0,17.9,14.5,0.0177580466148723,0.0161453077699293,0.0194174757281553,0.0161779575328614,0.0189098998887652,0.014360870794145171,0.0164787510841283,0.0145067698259187,0.0157232704402515,0.0148619957537154,0.0162816081498999,0.0146169354838709,0.0444893832153689,-0.4177215189873418,0.0765432098765432,-0.0625,0.0511627906976743,0.1012658227848102,-0.0679611650485436,0.0222602739726027,0.0692640692640693,0.0607287449392712,-0.1024322362052275,0.0237194235258126,0.0306885136184908,0.0543580820272768,-0.4425233129510949,-0.3578947368421052,Consumer Staples,30.0,1.0,28,6.9411900550683745,901.0,989.0,8.218247926685745,7.3777589082278725,8.230577217146454,7.44600149832412
CLX,2002Q2,2002,Q2,0,1,0,0,1136.0,504.0,632.0,258.0,238.0,300.0,246.0,196.0,145.0,20.0,165.0,3630.0,1354.0,3707.0,1599.0,0.0176056338028169,0.2095070422535211,0.4436619718309859,0.2165492957746478,0.1276408450704225,15.0,16.0,16.0,20.0,16.0,17.0,14.0,19.0,15.0,15.0,14.0,17.9,0.0145208131655372,0.0177580466148723,0.0161453077699293,0.0194174757281553,0.0161779575328614,0.0189098998887652,0.014359069571530684,0.0164787510841283,0.0145067698259187,0.0157232704402515,0.0148619957537154,0.0162816081498999,0.1029126213592233,0.7682926829268293,0.3658536585365854,0.0,0.5706806282722514,0.849624060150376,0.5076923076923077,-0.0438729198184568,0.5256410256410255,0.0932203389830508,-0.0933098591549295,0.3832836764174792,0.2384060460322912,0.6770358996081753,0.6032935417382344,0.6176470588235294,Consumer Staples,30.0,2.0,29,7.036148493750536,1033.0,1030.0,8.197263371414335,7.2115567333138015,8.218247926685745,7.3777589082278725
CLX,2002Q3,2002,Q3,0,0,1,0,1047.0,503.0,544.0,242.0,227.0,304.0,261.0,244.0,145.0,15.0,160.0,3474.0,1302.0,3630.0,1354.0,0.014364473239374148,0.2168099331423113,0.4804202483285578,0.2492836676217765,0.1384909264565425,20.0,15.0,16.0,16.0,20.0,16.0,17.0,14.0,19.0,15.0,15.0,14.0,0.0176056338028169,0.0145208131655372,0.0177580466148723,0.0161453077699293,0.0194174757281553,0.0161779575328614,0.0189098998887652,0.014357268348916196,0.0164787510841283,0.0145067698259187,0.0157232704402515,0.0148619957537154,0.0565085771947528,0.8354430379746836,0.1835294117647059,-0.0625,0.3392070484581497,0.5,0.921259842519685,-0.03886925795053,-0.0340425531914894,-0.0358565737051792,-0.1126432664756446,-0.085707898961572,0.1202269790437664,0.4197707736389684,0.7372722546637167,0.6842105263157894,Consumer Staples,30.0,3.0,30,6.954638864880987,1136.0,991.0,8.153349757998892,7.172424577124845,8.197263371414335,7.2115567333138015
CLX,2002Q4,2002,Q4,0,0,0,1,926.0,430.0,496.0,253.0,235.0,222.0,177.0,142.0,89.0,18.0,107.0,3477.0,1256.0,3474.0,1302.0,0.019438444924406,0.25377969762419,0.4643628509719222,0.1911447084233261,0.0961123110151187,15.0,20.0,15.0,16.0,16.0,20.0,16.0,17.0,14.0,19.0,15.0,15.0,0.014364473239374148,0.0176056338028169,0.0145208131655372,0.0177580466148723,0.0161453077699293,0.0194174757281553,0.0161779575328614,0.0189098998887652,0.014355467126301707,0.0164787510841283,0.0145067698259187,0.0157232704402515,0.0277469478357381,0.7450980392156863,0.1111111111111111,0.125,0.150259067357513,0.120253164556962,0.7974683544303798,-0.0350194552529182,0.1032863849765257,0.1048034934497816,0.0946274298056155,0.0735000354901185,0.0811135109191265,0.0900087486671952,0.6979841612670985,0.5970149253731343,Consumer Staples,30.0,4.0,31,6.831953565565855,1047.0,901.0,8.154212694914229,7.136483208590247,8.153349757998892,7.172424577124845
CLX,2003Q1,2003,Q1,1,0,0,0,1019.0,464.0,555.0,289.0,269.0,229.0,175.0,173.0,110.0,20.0,130.0,3831.0,1325.0,3477.0,1256.0,0.0196270853778213,0.2639842983316977,0.4553483807654563,0.1717369970559372,0.1079489695780176,18.0,15.0,20.0,15.0,16.0,16.0,20.0,16.0,17.0,14.0,19.0,15.0,0.019438444924406,0.014364473239374148,0.0176056338028169,0.0145208131655372,0.0177580466148723,0.0161453077699293,0.0194174757281553,0.0161779575328614,0.0189098998887652,0.01435366590368722,0.0164787510841283,0.0145067698259187,-0.0135527589545014,1.391304347826087,0.0642201834862385,0.3333333333333332,0.0132743362831857,0.0057471264367816,0.8020833333333333,-0.0703517587939698,0.0890688259109311,0.1030534351145038,0.3516519463526333,0.1040314986908652,0.0788414617676982,0.019565045740133,1.424158382045484,1.1311475409836067,Consumer Staples,30.0,1.0,32,6.927557906278317,926.0,1033.0,8.251142139090751,7.189922170745808,8.154212694914229,7.136483208590247
CLX,2003Q2,2003,Q2,0,1,0,0,1152.0,522.0,630.0,281.0,258.0,290.0,241.0,242.0,149.0,23.0,172.0,3652.0,1215.0,3831.0,1325.0,0.0199652777777777,0.2239583333333333,0.453125,0.2092013888888889,0.1293402777777778,20.0,18.0,15.0,20.0,15.0,16.0,16.0,20.0,16.0,17.0,14.0,19.0,0.0196270853778213,0.019438444924406,0.014364473239374148,0.0176056338028169,0.0145208131655372,0.0177580466148723,0.0161453077699293,0.0194174757281553,0.0161779575328614,0.0189098998887652,0.014351864681072732,0.0164787510841283,0.0140845070422535,0.0275862068965517,0.0357142857142858,0.1499999999999999,-0.0333333333333333,-0.0203252032520325,0.2346938775510203,-0.0031645569620253,0.084033613445378,0.0891472868217053,0.1340277777777776,0.0689775910364145,0.0213293650793651,-0.0339317976513097,0.0133141762452109,0.0424242424242424,Consumer Staples,30.0,2.0,33,7.050122520269059,1019.0,1136.0,8.203304026795282,7.103322062526113,8.251142139090751,7.189922170745808
CLX,2003Q3,2003,Q3,0,0,1,0,1048.0,457.0,591.0,247.0,228.0,257.0,210.0,201.0,129.0,19.0,148.0,3558.0,1157.0,3652.0,1215.0,0.0181297709923664,0.2175572519083969,0.4360687022900763,0.2003816793893129,0.1230916030534351,23.0,20.0,18.0,15.0,20.0,15.0,16.0,16.0,20.0,16.0,17.0,14.0,0.0199652777777777,0.0196270853778213,0.019438444924406,0.014364473239374148,0.0176056338028169,0.0145208131655372,0.0177580466148723,0.0161453077699293,0.0194174757281553,0.0161779575328614,0.0189098998887652,0.014350063458458243,0.0009551098376312,-0.1103448275862069,-0.0914512922465208,0.2666666666666666,-0.1546052631578947,-0.1954022988505747,-0.1762295081967213,0.0863970588235294,0.0044052863436123,0.0206611570247934,0.2654580152671755,0.0034468843528263,-0.092318228036362,-0.1961700447486181,-0.111193735193472,-0.0749999999999999,Consumer Staples,30.0,3.0,34,6.955592608396297,1152.0,1047.0,8.177234885510194,7.05444965813294,8.203304026795282,7.103322062526113
CLX,2003Q4,2003,Q4,0,0,0,1,947.0,412.0,535.0,237.0,217.0,223.0,175.0,170.0,109.0,20.0,129.0,3597.0,1185.0,3558.0,1157.0,0.0211193241816261,0.2291446673706441,0.4350580781414995,0.1847940865892291,0.1151003167898627,19.0,23.0,20.0,18.0,15.0,20.0,15.0,16.0,16.0,20.0,16.0,17.0,0.0181297709923664,0.0199652777777777,0.0196270853778213,0.019438444924406,0.01436267201675966,0.0176056338028169,0.0145208131655372,0.0177580466148723,0.0161453077699293,0.0194174757281553,0.0161779575328614,0.0189098998887652,0.0226781857451403,0.2247191011235956,-0.041860465116279,0.1111111111111111,0.0045045045045044,-0.0112994350282485,0.1971830985915492,0.0786290322580645,-0.076595744680851,-0.0632411067193675,0.0864718995658806,-0.0970725021905681,-0.063107487537143,-0.0332241571659537,0.1975605994091336,0.205607476635514,Consumer Staples,30.0,4.0,35,6.854354502255021,1048.0,926.0,8.188133414510478,7.078341579557671,8.177234885510194,7.05444965813294
CLX,2004Q1,2004,Q1,1,0,0,0,1086.0,490.0,596.0,293.0,271.0,224.0,197.0,195.0,126.0,22.0,148.0,3710.0,1333.0,3597.0,1185.0,0.0202578268876611,0.2495395948434622,0.4511970534069981,0.1813996316758747,0.1160220994475138,20.0,19.0,23.0,20.0,18.0,15.0,20.0,15.0,16.0,16.0,20.0,16.0,0.0211193241816261,0.0181297709923664,0.0199652777777777,0.0196270853778213,0.019438444924406,0.014360870794145171,0.0176056338028169,0.0145208131655372,0.0177580466148723,0.0161453077699293,0.0194174757281553,0.0161779575328614,0.0657507360157017,0.1454545454545455,0.0560344827586207,0.1,-0.0218340611353712,0.1257142857142856,0.1271676300578035,0.0738738738738737,0.0074349442379182,0.0138408304498269,0.0321362799263351,-0.0547180403513455,-0.0091168159014414,0.0562641410155222,0.0747865394274234,0.1384615384615384,Consumer Staples,30.0,1.0,36,6.99117688712121,947.0,1019.0,8.219056661060598,7.195937226475569,8.188133414510478,7.078341579557671
CLX,2004Q2,2004,Q2,0,1,0,0,1243.0,578.0,665.0,288.0,265.0,343.0,290.0,274.0,185.0,23.0,208.0,3834.0,1540.0,3710.0,1333.0,0.0185036202735317,0.2131938857602574,0.4650040225261464,0.2333065164923572,0.1488334674175382,22.0,20.0,19.0,23.0,20.0,18.0,15.0,20.0,15.0,16.0,16.0,20.0,0.0202578268876611,0.0211193241816261,0.0181297709923664,0.0199652777777777,0.0196270853778213,0.019438444924406,0.014359069571530684,0.0176056338028169,0.0145208131655372,0.0177580466148723,0.0161453077699293,0.0194174757281553,0.0789930555555555,0.2416107382550336,0.10727969348659,0.0,0.1827586206896552,0.2033195020746887,0.1322314049586777,0.0555555555555555,0.0271317829457364,0.0249110320284697,-0.073209975864843,-0.0480645100937342,0.0262157738508059,0.1152245103701057,0.1507124460738524,0.2093023255813952,Consumer Staples,30.0,2.0,37,7.126087273299125,1086.0,1152.0,8.251924713801357,7.340186835320115,8.219056661060598,7.195937226475569
CLX,2004Q3,2004,Q3,0,0,1,0,1090.0,485.0,605.0,261.0,240.0,247.0,224.0,189.0,123.0,21.0,144.0,3772.0,1644.0,3834.0,1540.0,0.0192660550458715,0.2201834862385321,0.4449541284403669,0.2055045871559633,0.1128440366972477,23.0,22.0,20.0,19.0,23.0,20.0,18.0,15.0,20.0,15.0,16.0,16.0,0.0185036202735317,0.0202578268876611,0.0211193241816261,0.0181297709923664,0.0199652777777777,0.0196270853778213,0.019438444924406,0.014357268348916196,0.0176056338028169,0.0145208131655372,0.0177580466148723,0.0161453077699293,0.0400763358778626,-0.0465116279069767,0.061269146608315,0.1052631578947369,-0.0389105058365758,0.0666666666666666,-0.0597014925373133,0.0236886632825719,0.0526315789473683,0.0566801619433199,0.0626750362143893,0.012071463061323,0.0203762070142332,0.0255657492354741,-0.0832515468316619,-0.0270270270270269,Consumer Staples,30.0,3.0,38,6.994849985833071,1243.0,1048.0,8.235625719964311,7.405495663199472,8.251924713801357,7.340186835320115
CLX,2004Q4,2004,Q4,0,0,0,1,1000.0,431.0,569.0,235.0,226.0,241.0,196.0,194.0,699.0,21.0,720.0,3710.0,-457.0,3772.0,1644.0,0.021,0.226,0.431,0.196,0.699,21.0,23.0,22.0,20.0,19.0,23.0,20.0,18.0,15.0,20.0,15.0,16.0,0.0192660550458715,0.0185036202735317,0.0202578268876611,0.0211193241816261,0.0181297709923664,0.0199652777777777,0.0196270853778213,0.019438444924406,0.014355467126301707,0.0176056338028169,0.0145208131655372,0.0177580466148723,0.0559662090813093,5.412844036697248,0.046116504854369,0.05,0.0807174887892376,0.1200000000000001,0.1411764705882352,0.0635514018691589,0.0414746543778801,-0.0084388185654008,-0.0056499999999999,-0.0137235023041475,-0.0093276699029126,0.06064,5.072963302752293,4.5813953488372094,Consumer Staples,30.0,4.0,39,6.90875477931522,1090.0,947.0,8.219056661060598,0.0,8.235625719964311,7.405495663199472
CLX,2005Q1,2005,Q1,1,0,0,0,1086.0,454.0,632.0,267.0,245.0,238.0,187.0,137.0,118.0,22.0,140.0,3756.0,-346.0,3710.0,-457.0,0.0202578268876611,0.225598526703499,0.4180478821362799,0.1721915285451197,0.1086556169429097,21.0,21.0,23.0,22.0,20.0,19.0,23.0,20.0,18.0,15.0,20.0,15.0,0.021,0.0192660550458715,0.0185036202735317,0.0202578268876611,0.0211193241816261,0.0181297709923664,0.0199652777777777,0.0196270853778213,0.019438444924406,0.01435366590368722,0.0176056338028169,0.0145208131655372,0.0,-0.0634920634920634,-0.073469387755102,0.0,0.0625,-0.0507614213197969,-0.2974358974358975,0.0604026845637584,-0.0959409594095941,-0.0887372013651877,0.0,-0.095940959409594,-0.0734693877551021,-0.0507614213197969,-0.0634920634920634,-0.054054054054054,Consumer Staples,30.0,1.0,40,6.99117688712121,1000.0,1086.0,8.231376045573969,0.0,8.219056661060598,0.0
CLX,2005Q2,2005,Q2,0,1,0,0,1254.0,553.0,701.0,308.0,280.0,293.0,245.0,231.0,156.0,24.0,180.0,3617.0,-553.0,3756.0,-346.0,0.0191387559808612,0.2232854864433811,0.4409888357256778,0.1953748006379585,0.124401913875598,22.0,21.0,21.0,23.0,22.0,20.0,19.0,23.0,20.0,18.0,15.0,20.0,0.0202578268876611,0.021,0.0192660550458715,0.0185036202735317,0.0202578268876611,0.0211193241816261,0.0181297709923664,0.0199652777777777,0.0196270853778213,0.019438444924406,0.014351864681072732,0.0176056338028169,0.0088495575221239,-0.1567567567567567,-0.0432525951557093,0.0434782608695651,-0.1457725947521866,-0.1551724137931034,-0.156934306569343,0.0541353383458647,0.0566037735849056,0.0694444444444444,0.034324942791762,0.047335319430652,-0.0516451162508346,-0.1625831820931639,-0.1641536273115221,-0.1346153846153845,Consumer Staples,30.0,2.0,41,7.134890851565884,1086.0,1243.0,8.193676665955241,0.0,8.231376045573969,0.0
CLX,2005Q3,2005,Q3,0,0,1,0,1104.0,466.0,638.0,280.0,257.0,240.0,186.0,154.0,109.0,23.0,132.0,3570.0,-532.0,3617.0,-553.0,0.0208333333333333,0.2327898550724637,0.4221014492753623,0.1684782608695652,0.098731884057971,24.0,22.0,21.0,21.0,23.0,22.0,20.0,19.0,23.0,20.0,18.0,15.0,0.0191387559808612,0.0202578268876611,0.021,0.0192660550458715,0.0185036202735317,0.0202578268876611,0.0211193241816261,0.0181297709923664,0.0199652777777777,0.0196270853778213,0.019438444924406,0.014350063458458243,0.0128440366972477,-0.113821138211382,-0.0391752577319587,0.0952380952380953,-0.0283400809716599,-0.1696428571428571,-0.1851851851851852,0.0545454545454544,0.0708333333333333,0.0727969348659003,0.0813492063492062,0.0572539251207728,-0.0513596294636187,-0.180172748447205,-0.1250589136326146,-0.0833333333333333,Consumer Staples,30.0,3.0,42,7.007600613951853,1254.0,1090.0,8.18060094759445,0.0,8.193676665955241,0.0
CLX,2005Q4,2005,Q4,0,0,0,1,1064.0,436.0,628.0,316.0,260.0,158.0,120.0,120.0,83.0,25.0,108.0,3567.0,-528.0,3570.0,-532.0,0.0234962406015037,0.244360902255639,0.4097744360902255,0.112781954887218,0.0780075187969924,23.0,24.0,22.0,21.0,21.0,23.0,22.0,20.0,19.0,23.0,20.0,18.0,0.0208333333333333,0.0191387559808612,0.0202578268876611,0.021,0.0192660550458715,0.0185036202735317,0.0202578268876611,0.0211193241816261,0.0181297709923664,0.0199652777777777,0.0196270853778213,0.019438444924406,0.064,-0.8812589413447782,0.0116009280742459,0.1904761904761904,-0.3443983402489626,-0.3877551020408163,-0.3814432989690721,0.1036906854130053,0.1504424778761062,0.3446808510638297,0.1188686000716074,0.0812429303346862,-0.0492472480505207,-0.4245818628203162,-0.8884012606623856,-0.85,Consumer Staples,30.0,4.0,43,6.970730078143525,1104.0,1000.0,8.1797604936999,0.0,8.18060094759445,0.0
CLX,2006Q1,2006,Q1,1,0,0,0,1157.0,480.0,677.0,277.0,252.0,249.0,203.0,168.0,110.0,25.0,135.0,3622.0,-427.0,3567.0,-528.0,0.0216076058772687,0.2178046672428694,0.4148660328435609,0.1754537597234226,0.0950734658599827,25.0,23.0,24.0,22.0,21.0,21.0,23.0,22.0,20.0,19.0,23.0,20.0,0.0234962406015037,0.0208333333333333,0.0191387559808612,0.0202578268876611,0.021,0.0192660550458715,0.0185036202735317,0.0202578268876611,0.0211193241816261,0.0181297709923664,0.0199652777777777,0.0196270853778213,0.0653775322283609,-0.0677966101694915,0.0572687224669603,0.1363636363636364,0.046218487394958,0.0855614973262031,0.2262773722627737,0.0712025316455695,0.0285714285714284,0.0374531835205993,0.0666299992142687,-0.0345474749969132,-0.0076112077794995,0.0189453639552779,-0.1250018311530404,-0.0357142857142857,Consumer Staples,30.0,1.0,44,7.05444965813294,1064.0,1086.0,8.195057690895077,0.0,8.1797604936999,0.0
CLX,2006Q2,2006,Q2,0,1,0,0,1319.0,577.0,742.0,338.0,312.0,289.0,239.0,211.0,142.0,26.0,168.0,3616.0,-156.0,3622.0,-427.0,0.0197119029567854,0.2365428354814253,0.4374526156178923,0.1811978771796815,0.1076573161485974,25.0,25.0,23.0,24.0,22.0,21.0,21.0,23.0,22.0,20.0,19.0,23.0,0.0216076058772687,0.0234962406015037,0.0208333333333333,0.0191387559808612,0.0202578268876611,0.021,0.0192660550458715,0.0185036202735317,0.0202578268876611,0.0211193241816261,0.0181297709923664,0.0199652777777777,0.0518341307814991,-0.0897435897435897,0.0433996383363473,0.0833333333333332,-0.0136518771331057,-0.0244897959183673,-0.0865800865800865,0.0584878744650498,0.1142857142857143,0.0974025974025973,0.0299469294920393,0.0593739846203835,-0.0080188427037305,-0.072562702108895,-0.1346008048055053,-0.0666666666666666,Consumer Staples,30.0,2.0,45,7.1853870155804165,1157.0,1254.0,8.193400231952097,0.0,8.195057690895077,0.0
CLX,2006Q3,2006,Q3,0,0,1,0,1161.0,498.0,663.0,296.0,270.0,248.0,202.0,175.0,112.0,26.0,138.0,3539.0,-55.0,3616.0,-156.0,0.0223944875107665,0.2325581395348837,0.4289405684754522,0.1739879414298019,0.0964685615848406,26.0,25.0,25.0,23.0,24.0,22.0,21.0,21.0,23.0,22.0,20.0,19.0,0.0197119029567854,0.0216076058772687,0.0234962406015037,0.0208333333333333,0.0191387559808612,0.0202578268876611,0.021,0.0192660550458715,0.0185036202735317,0.0202578268876611,0.0211193241816261,0.0181297709923664,0.0516304347826086,0.0275229357798165,0.0686695278969957,0.1304347826086955,0.0333333333333334,0.086021505376344,0.1363636363636364,0.0391849529780563,0.0505836575875486,0.0571428571428571,0.0749354005167959,-0.0009953850330287,0.0162025484912,0.0327026200994693,-0.0229239267003293,0.0454545454545454,Consumer Staples,30.0,3.0,46,7.057897937411856,1319.0,1104.0,8.17188200612782,0.0,8.193400231952097,0.0
CLX,2006Q4,2006,Q4,0,0,0,1,1101.0,462.0,639.0,298.0,271.0,213.0,164.0,136.0,96.0,27.0,123.0,3624.0,-33.0,3539.0,-55.0,0.0245231607629427,0.2461398728428701,0.4196185286103542,0.1489554950045413,0.0871934604904632,26.0,26.0,25.0,25.0,23.0,24.0,22.0,21.0,21.0,23.0,22.0,20.0,0.0223944875107665,0.0197119029567854,0.0216076058772687,0.0234962406015037,0.0208333333333333,0.0191387559808612,0.0202578268876611,0.021,0.0192660550458715,0.0185036202735317,0.0202578268876611,0.0211193241816261,0.0347744360902255,0.1566265060240963,0.0596330275229357,0.08,0.3481012658227849,0.3666666666666667,0.1333333333333333,0.0175159235668789,0.0423076923076923,-0.0569620253164556,0.0437057220708447,0.0072800950185147,0.0240231982601304,0.3207387223735998,0.1177571320705164,0.1388888888888888,Consumer Staples,30.0,4.0,47,7.004881989712859,1161.0,1064.0,8.195609567288775,0.0,8.17188200612782,0.0
CLX,2007Q1,2007,Q1,1,0,0,0,1241.0,537.0,704.0,309.0,283.0,276.0,228.0,193.0,129.0,26.0,155.0,3691.0,92.0,3624.0,-33.0,0.0209508460918614,0.2280419016921837,0.4327155519742143,0.1837228041901692,0.1039484286865431,27.0,26.0,26.0,25.0,25.0,23.0,24.0,22.0,21.0,21.0,23.0,22.0,0.0245231607629427,0.0223944875107665,0.0197119029567854,0.0216076058772687,0.0234962406015037,0.0208333333333333,0.0191387559808612,0.0202578268876611,0.021,0.0192660550458715,0.0185036202735317,0.0202578268876611,0.0726015557476231,0.1727272727272726,0.1187499999999999,0.04,0.108433734939759,0.1231527093596058,0.1488095238095237,0.0398818316100442,0.123015873015873,0.1155234657039712,-0.0303948428686542,0.0470019057851451,0.0430247784045125,0.0471294800395358,0.0933484726393669,0.1481481481481481,Consumer Staples,30.0,1.0,48,7.124478262493424,1101.0,1157.0,8.213923595622743,4.532599493153256,8.195609567288775,0.0
CLX,2007Q2,2007,Q2,0,1,0,0,1344.0,594.0,750.0,321.0,292.0,322.0,273.0,239.0,164.0,29.0,193.0,3666.0,171.0,3691.0,92.0,0.0215773809523809,0.2172619047619047,0.4419642857142857,0.203125,0.1220238095238095,26.0,27.0,26.0,26.0,25.0,25.0,23.0,24.0,22.0,21.0,21.0,23.0,0.0209508460918614,0.0245231607629427,0.0223944875107665,0.0197119029567854,0.0216076058772687,0.0234962406015037,0.0208333333333333,0.0191387559808612,0.0202578268876611,0.021,0.0192660550458715,0.0185036202735317,0.018953752843063,0.1549295774647887,0.0294627383015597,0.1153846153846154,0.1141868512110726,0.1422594142259414,0.1327014218009479,0.0107816711590296,-0.0641025641025641,-0.0502958579881657,0.0946371336996336,-0.0815113705738705,0.0103135058182717,0.1210120292887029,0.1334465124077799,0.1488095238095237,Consumer Staples,30.0,2.0,49,7.20414929203594,1241.0,1319.0,8.207129168071326,5.147494476813453,8.213923595622743,4.532599493153256
CLX,2007Q3,2007,Q3,0,0,1,0,1239.0,528.0,711.0,296.0,273.0,280.0,232.0,174.0,111.0,23.0,134.0,3673.0,-637.0,3666.0,171.0,0.0185633575464083,0.2203389830508474,0.4261501210653753,0.1872477804681194,0.0895883777239709,29.0,26.0,27.0,26.0,26.0,25.0,25.0,23.0,24.0,22.0,21.0,21.0,0.0215773809523809,0.0209508460918614,0.0245231607629427,0.0223944875107665,0.0197119029567854,0.0216076058772687,0.0234962406015037,0.0208333333333333,0.0191387559808612,0.0202578268876611,0.021,0.0192660550458715,0.0671834625322997,-0.0089285714285713,0.0602409638554217,-0.1153846153846154,0.1290322580645162,0.1485148514851484,-0.0057142857142856,0.0723981900452488,0.011111111111111,0.0,-0.1710746880238405,-0.0525423728813559,-0.0065054406487937,0.0762112530865677,-0.0713204773434796,-0.0289855072463768,Consumer Staples,30.0,3.0,50,7.122866658599083,1344.0,1161.0,8.20903626577507,0.0,8.207129168071326,5.147494476813453
CLX,2007Q4,2007,Q4,0,0,0,1,1186.0,479.0,707.0,305.0,277.0,224.0,174.0,128.0,92.0,28.0,120.0,4853.0,-554.0,3673.0,-637.0,0.0236087689713322,0.2335581787521079,0.4038785834738617,0.1467116357504216,0.0775716694772344,23.0,29.0,26.0,27.0,26.0,26.0,25.0,25.0,23.0,24.0,22.0,21.0,0.0185633575464083,0.0215773809523809,0.0209508460918614,0.0245231607629427,0.0223944875107665,0.0197119029567854,0.0216076058772687,0.0234962406015037,0.0208333333333333,0.0191387559808612,0.0202578268876611,0.021,0.0772025431425975,-0.0416666666666666,0.0367965367965368,0.0370370370370369,0.0516431924882629,0.0609756097560976,-0.0588235294117647,0.1064162754303599,0.0221402214022139,0.0234899328859059,-0.03728686528012,-0.0511160339259378,-0.0375101289941086,-0.0150639575535721,-0.1103499156829679,-0.024390243902439,Consumer Staples,30.0,4.0,51,7.079184394609668,1239.0,1101.0,8.487558386286548,0.0,8.20903626577507,0.0
CLX,2008Q1,2008,Q1,1,0,0,0,1353.0,538.0,815.0,332.0,305.0,262.0,206.0,151.0,100.0,27.0,127.0,4750.0,-472.0,4853.0,-554.0,0.0199556541019955,0.2254249815225425,0.3976348854397635,0.1522542498152254,0.0739098300073909,28.0,23.0,29.0,26.0,27.0,26.0,26.0,25.0,25.0,23.0,24.0,22.0,0.0236087689713322,0.0185633575464083,0.0215773809523809,0.0209508460918614,0.0245231607629427,0.0223944875107665,0.0197119029567854,0.0216076058772687,0.0234962406015037,0.0208333333333333,0.0191387559808612,0.0202578268876611,0.0902497985495567,-0.2248062015503875,0.0018621973929235,0.0384615384615385,-0.0507246376811594,-0.0964912280701754,-0.2176165803108808,0.1576704545454545,0.0777385159010601,0.0744336569579287,-0.0475012792085963,-0.0114756110619248,-0.0810709630712356,-0.1712827893829178,-0.2889759764405254,-0.1806451612903226,Consumer Staples,30.0,1.0,52,7.21081845347222,1186.0,1241.0,8.46611040118692,0.0,8.487558386286548,0.0
CLX,2008Q2,2008,Q2,0,1,0,0,1495.0,630.0,865.0,354.0,321.0,327.0,276.0,240.0,158.0,33.0,191.0,4708.0,-370.0,4750.0,-472.0,0.0220735785953177,0.2147157190635451,0.4214046822742475,0.1846153846153846,0.1056856187290969,27.0,28.0,23.0,29.0,26.0,27.0,26.0,26.0,25.0,25.0,23.0,24.0,0.0199556541019955,0.0236087689713322,0.0185633575464083,0.0215773809523809,0.0209508460918614,0.0245231607629427,0.0223944875107665,0.0197119029567854,0.0216076058772687,0.0234962406015037,0.0208333333333333,0.0191387559808612,0.1123511904761904,-0.0365853658536585,0.0606060606060605,0.1379310344827586,0.0155279503105589,0.0109890109890109,0.0041841004184099,0.1533333333333333,0.0993150684931507,0.1028037383177569,0.0229961942105869,-0.0117194300636827,-0.0465186986926117,-0.0911242603550295,-0.1338934660249612,-0.0103626943005181,Consumer Staples,30.0,2.0,53,7.310550158534422,1353.0,1344.0,8.457230850243555,0.0,8.46611040118692,0.0
CLX,2008Q3,2008,Q3,0,0,1,0,1384.0,562.0,822.0,330.0,303.0,283.0,232.0,186.0,128.0,27.0,155.0,4587.0,-364.0,4708.0,-370.0,0.0195086705202312,0.2189306358381502,0.4060693641618497,0.1676300578034682,0.0924855491329479,33.0,27.0,28.0,23.0,29.0,26.0,27.0,26.0,26.0,25.0,25.0,23.0,0.0220735785953177,0.0199556541019955,0.0236087689713322,0.0185633575464083,0.0215773809523809,0.0209508460918614,0.0245231607629427,0.0223944875107665,0.0197119029567854,0.0216076058772687,0.0234962406015037,0.0208333333333333,0.1170298627925745,0.1531531531531531,0.0643939393939394,0.1739130434782609,0.0107142857142856,0.0,0.0689655172413792,0.1561181434599157,0.1098901098901099,0.1148648648648649,0.0509235988941945,-0.0063917296576255,-0.0471213215974777,-0.1047687861271676,0.0323386970785812,0.1567164179104476,Consumer Staples,30.0,3.0,54,7.233455418621439,1495.0,1239.0,8.431199478249262,0.0,8.457230850243555,0.0
CLX,2008Q4,2008,Q4,0,0,0,1,1216.0,486.0,730.0,306.0,279.0,231.0,180.0,131.0,86.0,27.0,113.0,4398.0,-403.0,4587.0,-364.0,0.022203947368421,0.2294407894736842,0.3996710526315789,0.1480263157894736,0.0707236842105263,27.0,33.0,27.0,28.0,23.0,29.0,26.0,27.0,26.0,26.0,25.0,25.0,0.0195086705202312,0.0220735785953177,0.0199556541019955,0.0236087689713322,0.0185633575464083,0.0215773809523809,0.0209508460918614,0.0245231607629427,0.0223944875107665,0.0197119029567854,0.0216076058772687,0.0234962406015037,0.0252951096121416,-0.0652173913043477,0.0146137787056368,-0.0357142857142857,0.03125,0.0344827586206897,0.0234375,0.0325318246110324,0.0072202166064982,0.0032786885245901,-0.0595042293233082,-0.0176289663689911,-0.0104178112295353,0.0089609800362975,-0.088279462242563,-0.0583333333333333,Consumer Staples,30.0,4.0,55,7.104144092987527,1384.0,1186.0,8.389132521348719,0.0,8.431199478249262,0.0
CLX,2009Q1,2009,Q1,1,0,0,0,1350.0,611.0,739.0,326.0,299.0,321.0,285.0,233.0,153.0,27.0,180.0,4465.0,-309.0,4398.0,-403.0,0.02,0.2214814814814814,0.4525925925925926,0.2111111111111111,0.1133333333333333,27.0,27.0,33.0,27.0,28.0,23.0,29.0,26.0,27.0,26.0,26.0,25.0,0.022203947368421,0.0195086705202312,0.0220735785953177,0.0199556541019955,0.0236087689713322,0.0185633575464083,0.0215773809523809,0.0209508460918614,0.0245231607629427,0.0223944875107665,0.0197119029567854,0.0216076058772687,-0.0022172949002217,0.53,0.1356877323420073,0.0,0.2251908396946564,0.383495145631068,0.5430463576158941,-0.0932515337423313,-0.0196721311475409,-0.0180722891566265,0.0022222222222223,-0.0174936247723133,0.1382114828583229,0.3865695792880259,0.5333999999999999,0.4173228346456692,Consumer Staples,30.0,1.0,56,7.208600337960199,1216.0,1353.0,8.404248432400102,0.0,8.389132521348719,0.0
CLX,2009Q2,2009,Q2,0,1,0,0,1500.0,687.0,813.0,366.0,333.0,381.0,321.0,261.0,170.0,33.0,203.0,4576.0,-175.0,4465.0,-309.0,0.022,0.222,0.458,0.214,0.1133333333333333,27.0,27.0,27.0,33.0,27.0,28.0,23.0,29.0,26.0,27.0,26.0,26.0,0.02,0.022203947368421,0.0195086705202312,0.0220735785953177,0.0199556541019955,0.0236087689713322,0.0185633575464083,0.0215773809523809,0.0209508460918614,0.0245231607629427,0.0223944875107665,0.0197119029567854,0.0033444816053511,0.0759493670886075,0.0904761904761903,0.0,0.1651376146788989,0.1630434782608696,0.0874999999999999,-0.0601156069364161,0.0373831775700934,0.0338983050847456,-0.0033333333333334,0.0339252336448598,0.0868412698412699,0.1591666666666666,0.0723628691983122,0.0628272251308901,Consumer Staples,30.0,2.0,57,7.313886831633462,1350.0,1495.0,8.428799040653642,0.0,8.404248432400102,0.0
CLX,2009Q3,2009,Q3,0,0,1,0,1372.0,619.0,753.0,337.0,302.0,301.0,290.0,244.0,157.0,27.0,184.0,4598.0,-47.0,4576.0,-175.0,0.0196793002915451,0.2201166180758017,0.4511661807580175,0.2113702623906705,0.1144314868804664,33.0,27.0,27.0,27.0,33.0,27.0,28.0,23.0,29.0,26.0,27.0,26.0,0.022,0.02,0.022203947368421,0.0195086705202312,0.0220735785953177,0.0199556541019955,0.0236087689713322,0.0185633575464083,0.0215773809523809,0.0209508460918614,0.0245231607629427,0.0223944875107665,-0.0086705202312138,0.2265625,0.1014234875444839,0.0,0.0636042402826855,0.25,0.3118279569892472,-0.083941605839416,-0.0033003300330033,0.0212121212121212,0.0087463556851312,0.0054171597917809,0.1110569291265057,0.2609329446064139,0.2372904518950438,0.1870967741935483,Consumer Staples,30.0,3.0,58,7.224753405767971,1500.0,1384.0,8.433594167539924,0.0,8.428799040653642,0.0
CLX,2009Q4,2009,Q4,0,0,0,1,1279.0,561.0,718.0,343.0,314.0,220.0,218.0,163.0,110.0,29.0,139.0,4489.0,27.0,4598.0,-47.0,0.0226739640344018,0.2455043002345582,0.4386239249413604,0.1704456606724003,0.0860046911649726,27.0,33.0,27.0,27.0,27.0,33.0,27.0,28.0,23.0,29.0,26.0,27.0,0.0196793002915451,0.022,0.02,0.022203947368421,0.0195086705202312,0.0220735785953177,0.0199556541019955,0.0236087689713322,0.0185633575464083,0.0215773809523809,0.0209508460918614,0.0245231607629427,0.0518092105263157,0.2790697674418605,0.154320987654321,0.0740740740740741,-0.0476190476190476,0.211111111111111,0.2442748091603053,-0.0164383561643836,0.1254480286738351,0.1209150326797385,0.021168157993803,0.0700115737821607,0.097462330717478,0.1514551298757709,0.2160663308907759,0.2300884955752211,Consumer Staples,30.0,4.0,59,7.154615356913663,1372.0,1216.0,8.4096079807363,3.332204510175204,8.433594167539924,0.0
CLX,2010Q1,2010,Q1,1,0,0,0,1366.0,617.0,749.0,339.0,309.0,287.0,278.0,243.0,165.0,30.0,195.0,4743.0,180.0,4489.0,27.0,0.0219619326500732,0.226207906295754,0.4516837481698389,0.2035139092240117,0.1207906295754026,29.0,27.0,33.0,27.0,27.0,27.0,33.0,27.0,28.0,23.0,29.0,26.0,0.0226739640344018,0.0196793002915451,0.022,0.02,0.022203947368421,0.0195086705202312,0.0220735785953177,0.0199556541019955,0.0236087689713322,0.0185633575464083,0.0215773809523809,0.0209508460918614,0.0118518518518517,0.0784313725490195,0.0098199672667758,0.1111111111111111,-0.1059190031152648,-0.0245614035087718,0.0429184549356223,0.013531799729364,0.0334448160535116,0.0398773006134969,0.0980966325036603,0.0213400451480532,-0.0020080850584572,-0.0359867457809971,0.065799672724141,0.0833333333333332,Consumer Staples,30.0,1.0,60,7.220373836723949,1279.0,1350.0,8.464635940677562,5.198497031265826,8.4096079807363,3.332204510175204
CLX,2010Q2,2010,Q2,0,1,0,0,1517.0,680.0,837.0,373.0,340.0,353.0,307.0,275.0,171.0,33.0,204.0,4555.0,83.0,4743.0,180.0,0.021753460777851,0.2241265655899802,0.4482531311799604,0.2023731048121292,0.1127224785761371,30.0,29.0,27.0,33.0,27.0,27.0,27.0,33.0,27.0,28.0,23.0,29.0,0.0219619326500732,0.0226739640344018,0.0196793002915451,0.022,0.02,0.022203947368421,0.0195086705202312,0.0220735785953177,0.0199556541019955,0.0236087689713322,0.0185633575464083,0.0215773809523809,0.0113333333333334,0.0058823529411764,-0.0101892285298398,0.0,-0.073490813648294,-0.043613707165109,0.053639846743295,0.029520295202952,0.0210210210210211,0.0191256830601092,-0.0112063282794989,0.0095791242791902,-0.0212813729695187,-0.0543312859246298,-0.0053898949164371,0.0049261083743843,Consumer Staples,30.0,2.0,61,7.325148957955575,1366.0,1500.0,8.424200324567073,4.430816798843313,8.464635940677562,5.198497031265826
CLX,2010Q3,2010,Q3,0,0,1,0,1266.0,561.0,705.0,327.0,299.0,234.0,233.0,202.0,216.0,29.0,245.0,4793.0,279.0,4555.0,83.0,0.0229067930489731,0.2361769352290679,0.4431279620853081,0.1840442338072669,0.1706161137440758,33.0,30.0,29.0,27.0,33.0,27.0,27.0,27.0,33.0,27.0,28.0,23.0,0.021753460777851,0.0219619326500732,0.0226739640344018,0.0196793002915451,0.022,0.02,0.022203947368421,0.0195086705202312,0.0220735785953177,0.0199556541019955,0.0236087689713322,0.0185633575464083,-0.0772594752186589,0.3757961783439489,-0.0936995153473344,0.0740740740740741,-0.2225913621262458,-0.1965517241379309,-0.1721311475409835,-0.0637450199203187,-0.0099337748344371,-0.029673590504451,0.1640044467848573,0.072962765345302,-0.0178165363795756,-0.1292803835049299,0.4909892232921786,0.3315217391304348,Consumer Staples,30.0,3.0,62,7.144407180321139,1517.0,1372.0,8.475120414994329,5.634789603169249,8.424200324567073,4.430816798843313
CLX,2010Q4,2010,Q4,0,0,0,1,1179.0,492.0,687.0,325.0,297.0,-36.0,167.0,-112.0,21.0,28.0,49.0,4158.0,124.0,4793.0,279.0,0.0237489397794741,0.2519083969465648,0.4173027989821883,0.1416454622561492,0.0178117048346055,29.0,33.0,30.0,29.0,27.0,33.0,27.0,27.0,27.0,33.0,27.0,28.0,0.0229067930489731,0.021753460777851,0.0219619326500732,0.0226739640344018,0.0196793002915451,0.022,0.02,0.022203947368421,0.0195086705202312,0.0220735785953177,0.0199556541019955,0.0236087689713322,-0.0781860828772478,-0.8090909090909091,-0.1229946524064171,-0.0344827586206896,-1.1636363636363636,-0.2339449541284404,-1.687116564417178,-0.043175487465181,-0.054140127388535,-0.0524781341107871,0.0474101371706006,0.0260854767345746,-0.0486091267411428,-0.1689699714421333,-0.7928984501503585,-0.6474820143884892,Consumer Staples,30.0,4.0,63,7.07326971745971,1266.0,1279.0,8.33302993974291,4.8283137373023015,8.475120414994329,5.634789603169249
CLX,2011Q1,2011,Q1,1,0,0,0,1304.0,575.0,729.0,336.0,307.0,239.0,239.0,219.0,151.0,29.0,180.0,4051.0,-82.0,4158.0,124.0,0.0222392638036809,0.2354294478527607,0.4409509202453988,0.183282208588957,0.1157975460122699,28.0,29.0,33.0,30.0,29.0,27.0,33.0,27.0,27.0,27.0,33.0,27.0,0.0237489397794741,0.0229067930489731,0.021753460777851,0.0219619326500732,0.0226739640344018,0.0196793002915451,0.022,0.02,0.022203947368421,0.0195086705202312,0.0220735785953177,0.0199556541019955,-0.0453879941434846,-0.0848484848484848,-0.0680713128038897,-0.0333333333333333,-0.1672473867595818,-0.1402877697841726,-0.0987654320987654,-0.0267022696929238,-0.0064724919093851,-0.0088495575221239,0.0126278118609406,0.0407657791808129,-0.0237618200077557,-0.0994118815377146,-0.041336679680238,-0.0769230769230768,Consumer Staples,30.0,1.0,64,7.173958319756794,1179.0,1366.0,8.306965865368573,0.0,8.33302993974291,4.8283137373023015
CLX,2011Q2,2011,Q2,0,1,0,0,1482.0,645.0,837.0,363.0,334.0,326.0,282.0,254.0,169.0,29.0,198.0,4163.0,-86.0,4051.0,-82.0,0.0195681511470985,0.2253711201079622,0.4352226720647773,0.1902834008097166,0.1140350877192982,29.0,28.0,29.0,33.0,30.0,29.0,27.0,33.0,27.0,27.0,27.0,33.0,0.0222392638036809,0.0237489397794741,0.0229067930489731,0.021753460777851,0.0219619326500732,0.0226739640344018,0.0196793002915451,0.022,0.02,0.022203947368421,0.0195086705202312,0.0220735785953177,-0.0230718523401449,-0.0116959064327485,-0.0514705882352941,-0.1212121212121212,-0.0764872521246459,-0.0814332247557003,-0.0763636363636364,0.0,-0.0176470588235294,-0.0268096514745308,-0.100458021510653,0.0055529094228783,-0.0290694212907836,-0.059739677432117,0.011644608597517,-0.0294117647058823,Consumer Staples,30.0,2.0,65,7.301822342137932,1304.0,1517.0,8.33423142973486,0.0,8.306965865368573,0.0
CLX,2011Q3,2011,Q3,0,0,1,0,1305.0,546.0,759.0,336.0,308.0,210.0,210.0,187.0,130.0,28.0,158.0,4077.0,-76.0,4163.0,-86.0,0.021455938697318,0.236015325670498,0.4183908045977011,0.160919540229885,0.0996168582375478,29.0,29.0,28.0,29.0,33.0,30.0,29.0,27.0,33.0,27.0,27.0,27.0,0.0195681511470985,0.0222392638036809,0.0237489397794741,0.0229067930489731,0.021753460777851,0.0219619326500732,0.0226739640344018,0.0196793002915451,0.022,0.02,0.022203947368421,0.0195086705202312,0.0308056872037914,-0.3981481481481481,-0.0267379679144385,-0.0344827586206896,-0.1025641025641025,-0.0987124463519313,-0.0742574257425742,0.0765957446808511,0.0301003344481605,0.0275229357798165,-0.063337296868807,-0.0006842732479914,-0.055823959677915,-0.1256474766908391,-0.4161345253299277,-0.3551020408163265,Consumer Staples,30.0,3.0,66,7.174724309836376,1482.0,1266.0,8.3133619511344,0.0,8.33423142973486,0.0
CLX,2011Q4,2011,Q4,0,0,0,1,1221.0,507.0,714.0,328.0,299.0,191.0,179.0,155.0,105.0,29.0,134.0,4290.0,-199.0,4077.0,-76.0,0.0237510237510237,0.2448812448812448,0.4152334152334152,0.1466011466011466,0.085995085995086,28.0,29.0,29.0,28.0,29.0,33.0,30.0,29.0,27.0,33.0,27.0,27.0,0.021455938697318,0.0195681511470985,0.0222392638036809,0.0237489397794741,0.0229067930489731,0.021753460777851,0.0219619326500732,0.0226739640344018,0.0196793002915451,0.022,0.02,0.022203947368421,0.0356234096692111,4.0,0.0304878048780488,0.0357142857142858,-6.305555555555555,0.0718562874251496,-2.383928571428571,0.0393013100436681,0.0067340067340067,0.0092307692307691,8.775008775008253e-05,-0.0278956642593005,-0.0049589500809013,0.03498653798055,3.828009828009829,1.7346938775510203,Consumer Staples,30.0,4.0,67,7.108244139731541,1305.0,1179.0,8.364275084991524,0.0,8.3133619511344,0.0
CLX,2012Q1,2012,Q1,1,0,0,0,1401.0,593.0,808.0,367.0,337.0,226.0,226.0,198.0,132.0,30.0,162.0,4386.0,-106.0,4290.0,-199.0,0.0214132762312633,0.2405424696645253,0.4232690935046395,0.1613133476088508,0.0942184154175588,29.0,28.0,29.0,29.0,28.0,29.0,33.0,30.0,29.0,27.0,33.0,27.0,0.0237510237510237,0.021455938697318,0.0195681511470985,0.0222392638036809,0.0237489397794741,0.0229067930489731,0.021753460777851,0.0219619326500732,0.0226739640344018,0.0196793002915451,0.022,0.02,0.0743865030674846,-0.1258278145695364,0.031304347826087,0.0344827586206897,-0.0543933054393305,-0.0543933054393305,-0.0958904109589041,0.1083676268861453,0.0977198697068404,0.0922619047619046,-0.0371409584287085,0.0217178516043681,-0.0400993079477391,-0.1198635762261862,-0.1863522271225377,-0.0999999999999999,Consumer Staples,30.0,1.0,68,7.2456550675945355,1221.0,1304.0,8.386400901166214,0.0,8.364275084991524,0.0
CLX,2012Q2,2012,Q2,0,1,0,0,1541.0,658.0,883.0,370.0,336.0,329.0,288.0,251.0,174.0,34.0,208.0,4355.0,-135.0,4386.0,-106.0,0.0220635950681375,0.218040233614536,0.426995457495133,0.1868916288124594,0.1129136924075275,30.0,29.0,28.0,29.0,29.0,28.0,29.0,33.0,30.0,29.0,27.0,33.0,0.0214132762312633,0.0237510237510237,0.021455938697318,0.0195681511470985,0.0222392638036809,0.0237489397794741,0.0229067930489731,0.021753460777851,0.0219619326500732,0.0226739640344018,0.0196793002915451,0.022,0.0398110661268555,0.0295857988165679,0.0201550387596898,0.1724137931034481,0.00920245398773,0.0212765957446807,-0.0118110236220472,0.054958183990442,0.0059880239520957,0.0192837465564739,0.1275257893441339,-0.0325280652193341,-0.0189034604530432,-0.0178248443260109,-0.0098337742724504,0.0505050505050506,Consumer Staples,30.0,2.0,69,7.340835554123275,1401.0,1482.0,8.37930948405285,0.0,8.386400901166214,0.0
CLX,2012Q3,2012,Q3,0,0,1,0,1338.0,574.0,764.0,347.0,317.0,269.0,227.0,194.0,133.0,30.0,163.0,4747.0,-20.0,4355.0,-135.0,0.0224215246636771,0.2369207772795216,0.4289985052316891,0.1696562032884903,0.0994020926756352,34.0,30.0,29.0,28.0,29.0,29.0,28.0,29.0,33.0,30.0,29.0,27.0,0.0220635950681375,0.0214132762312633,0.0237510237510237,0.021455938697318,0.0195681511470985,0.0222392638036809,0.0237489397794741,0.0229067930489731,0.021753460777851,0.0219619326500732,0.0226739640344018,0.0196793002915451,0.0252873563218389,0.0230769230769229,0.0512820512820513,0.0714285714285714,0.2809523809523808,0.0809523809523808,0.0374331550802138,0.0065876152832675,0.0292207792207792,0.0327380952380953,0.0450032030749518,0.0038364102265449,0.0253535701966194,0.0542921204356181,-0.0021559158330457,0.0316455696202531,Consumer Staples,30.0,3.0,70,7.199678345691172,1541.0,1305.0,8.465478755729558,0.0,8.37930948405285,0.0
CLX,2012Q4,2012,Q4,0,0,0,1,1325.0,563.0,762.0,351.0,320.0,267.0,212.0,188.0,123.0,31.0,154.0,4502.0,56.0,4747.0,-20.0,0.0233962264150943,0.2415094339622641,0.4249056603773585,0.16,0.0928301886792452,30.0,34.0,30.0,29.0,28.0,29.0,29.0,28.0,29.0,33.0,30.0,29.0,0.0224215246636771,0.0220635950681375,0.0214132762312633,0.0237510237510237,0.021455938697318,0.0195681511470985,0.0222392638036809,0.0237489397794741,0.0229067930489731,0.021753460777851,0.0219619326500732,0.0226739640344018,0.0851760851760852,0.1714285714285714,0.1104536489151872,0.0689655172413792,0.3979057591623036,0.1843575418994414,0.2129032258064516,0.0672268907563025,0.0702341137123745,0.0701219512195121,-0.0149381912817175,-0.0137691676658042,0.0232935134531651,0.0913966480446928,0.0794824797843665,0.1492537313432835,Consumer Staples,30.0,4.0,71,7.189922170745808,1338.0,1221.0,8.412499120301572,4.04305126783455,8.465478755729558,0.0
CLX,2013Q1,2013,Q1,1,0,0,0,1413.0,595.0,818.0,362.0,328.0,278.0,233.0,202.0,133.0,34.0,167.0,4523.0,152.0,4502.0,56.0,0.0240622788393489,0.2321302193913658,0.4210898796886058,0.164897381457891,0.0941259731068648,31.0,30.0,34.0,30.0,29.0,28.0,29.0,29.0,28.0,29.0,33.0,30.0,0.0233962264150943,0.0224215246636771,0.0220635950681375,0.0214132762312633,0.0237510237510237,0.021455938697318,0.0195681511470985,0.0222392638036809,0.0237489397794741,0.0229067930489731,0.021753460777851,0.0219619326500732,0.0085653104925054,0.0075757575757575,0.0033726812816188,0.1333333333333333,0.2300884955752211,0.0309734513274335,0.0202020202020201,0.0123762376237623,-0.0267062314540059,-0.0136239782016348,0.1237084217975938,-0.0349719959427192,-0.0051485304490106,0.0222178381526783,-0.000981149070321,0.0308641975308641,Consumer Staples,30.0,1.0,72,7.254177846456518,1325.0,1401.0,8.41715183723601,5.030437921392435,8.412499120301572,4.04305126783455
CLX,2013Q2,2013,Q2,0,1,0,0,1547.0,680.0,867.0,377.0,342.0,341.0,297.0,269.0,183.0,35.0,218.0,4311.0,146.0,4523.0,152.0,0.0226244343891402,0.2210730446024563,0.4395604395604395,0.1919844861021331,0.1182934712346477,34.0,31.0,30.0,34.0,30.0,29.0,28.0,29.0,29.0,28.0,29.0,33.0,0.0240622788393489,0.0233962264150943,0.0224215246636771,0.0220635950681375,0.0214132762312633,0.0237510237510237,0.021455938697318,0.0195681511470985,0.0222392638036809,0.0237489397794741,0.0229067930489731,0.021753460777851,0.0038935756002596,0.0517241379310344,0.033434650455927,0.0294117647058822,0.0364741641337384,0.03125,0.0717131474103585,-0.0181200453001132,0.0178571428571427,0.0189189189189189,0.0254192174607399,0.0139094099178131,0.0294265005511207,0.0272503232062055,0.0476450527160465,0.0480769230769231,Consumer Staples,30.0,2.0,73,7.344719054149673,1413.0,1541.0,8.369157112588834,4.990432586778736,8.41715183723601,5.030437921392435
CLX,2013Q3,2013,Q3,0,0,1,0,1364.0,585.0,779.0,349.0,318.0,234.0,236.0,208.0,136.0,31.0,167.0,4301.0,81.0,4311.0,146.0,0.0227272727272727,0.2331378299120234,0.4288856304985337,0.1730205278592375,0.0997067448680351,35.0,34.0,31.0,30.0,34.0,30.0,29.0,28.0,29.0,29.0,28.0,29.0,0.0226244343891402,0.0240622788393489,0.0233962264150943,0.0224215246636771,0.0220635950681375,0.0214132762312633,0.0237510237510237,0.021455938697318,0.0195681511470985,0.0222392638036809,0.0237489397794741,0.0229067930489731,0.0194319880418534,0.0225563909774435,0.019163763066202,0.0333333333333334,-0.1301115241635687,0.0396475770925111,0.0721649484536082,0.0196335078534031,0.003154574132492,0.005763688760807,0.0136363636363636,-0.0159671406236991,-0.0002631121828603,0.0198302479103957,0.0030648468679028,0.0245398773006135,Consumer Staples,30.0,3.0,74,7.21890970761906,1547.0,1338.0,8.366835309827675,4.406719247264253,8.369157112588834,4.990432586778736
CLX,2013Q4,2013,Q4,0,0,0,1,1330.0,557.0,773.0,354.0,323.0,255.0,203.0,181.0,115.0,31.0,146.0,4388.0,156.0,4301.0,81.0,0.0233082706766917,0.2428571428571428,0.418796992481203,0.1526315789473684,0.0864661654135338,31.0,35.0,34.0,31.0,30.0,34.0,30.0,29.0,28.0,29.0,29.0,28.0,0.0227272727272727,0.0226244343891402,0.0240622788393489,0.0233962264150943,0.0224215246636771,0.0220635950681375,0.0214132762312633,0.0237510237510237,0.021455938697318,0.0195681511470985,0.0222392638036809,0.0237489397794741,0.0037735849056603,-0.065040650406504,-0.0106571936056838,0.0,-0.0449438202247191,-0.0424528301886792,-0.0372340425531915,0.0144356955380577,0.0093749999999999,0.0085470085470085,-0.0037593984962406,0.0055803571428572,-0.014376527464309,-0.0460526315789473,-0.0685555351794119,-0.0519480519480519,Consumer Staples,30.0,4.0,75,7.193685818395112,1364.0,1325.0,8.386856689688234,5.056245805348308,8.366835309827675,4.406719247264253
CLX,2014Q1,2014,Q1,1,0,0,0,1386.0,579.0,807.0,330.0,302.0,294.0,249.0,214.0,137.0,28.0,165.0,4374.0,53.0,4388.0,156.0,0.0202020202020202,0.2178932178932179,0.4177489177489177,0.1796536796536796,0.0988455988455988,31.0,31.0,35.0,34.0,31.0,30.0,34.0,30.0,29.0,28.0,29.0,29.0,0.0233082706766917,0.0227272727272727,0.0226244343891402,0.0240622788393489,0.0233962264150943,0.0224215246636771,0.0220635950681375,0.0214132762312633,0.0237510237510237,0.021455938697318,0.0195681511470985,0.0222392638036809,-0.019108280254777,0.0300751879699248,-0.026890756302521,-0.1764705882352941,0.0575539568345324,0.0686695278969957,0.0594059405940594,-0.0134474327628362,-0.0792682926829267,-0.0883977900552486,-0.1604278074866308,-0.0613319607222045,-0.0079340827239986,0.0894877654534307,0.0501415877355726,-0.0119760479041916,Consumer Staples,30.0,1.0,76,7.234898420314831,1330.0,1413.0,8.383661798791715,3.9889840465642745,8.386856689688234,5.056245805348308
CLX,2014Q2,2014,Q2,0,1,0,0,1511.0,639.0,872.0,361.0,326.0,331.0,271.0,258.0,170.0,35.0,205.0,4258.0,154.0,4374.0,53.0,0.0231634679020516,0.2157511581733951,0.4228987425545996,0.1793514228987425,0.1125082726671078,28.0,31.0,31.0,35.0,34.0,31.0,30.0,34.0,30.0,29.0,28.0,29.0,0.0202020202020202,0.0233082706766917,0.0227272727272727,0.0226244343891402,0.0240622788393489,0.0233962264150943,0.0224215246636771,0.0220635950681375,0.0214132762312633,0.0237510237510237,0.021455938697318,0.0195681511470985,-0.0232708468002585,-0.0710382513661201,-0.0602941176470588,0.0,-0.0293255131964809,-0.0875420875420875,-0.0408921933085502,0.0057670126874278,-0.0467836257309941,-0.0424403183023872,0.0238252812706816,-0.0240729775022157,-0.0379053606882859,-0.0658025211301187,-0.0489054764152137,-0.0596330275229357,Consumer Staples,30.0,2.0,77,7.321188556739478,1386.0,1547.0,8.356789669923213,5.043425116919247,8.383661798791715,3.9889840465642745
CLX,2014Q3,2014,Q3,0,0,1,0,1352.0,578.0,774.0,331.0,301.0,287.0,247.0,218.0,90.0,30.0,120.0,4150.0,169.0,4258.0,154.0,0.022189349112426,0.2226331360946745,0.4275147928994083,0.1826923076923076,0.0665680473372781,35.0,28.0,31.0,31.0,35.0,34.0,31.0,30.0,34.0,30.0,29.0,28.0,0.0231634679020516,0.0202020202020202,0.0233082706766917,0.0227272727272727,0.0226244343891402,0.0240622788393489,0.0233962264150943,0.0224215246636771,0.0220635950681375,0.0214132762312633,0.0237510237510237,0.021455938697318,-0.0087976539589442,-0.3382352941176471,-0.0119658119658119,-0.032258064516129,0.2264957264957265,0.0466101694915255,0.0480769230769231,-0.006418485237484,-0.0534591194968553,-0.0515759312320917,-0.0236686390532545,-0.0450578690781883,-0.0031962777524907,0.0558996088657104,-0.3323616428820047,-0.281437125748503,Consumer Staples,30.0,3.0,78,7.210079628170788,1511.0,1364.0,8.33110454805304,5.135798437050262,8.356789669923213,5.043425116919247
CLX,2014Q4,2014,Q4,0,0,0,1,1345.0,572.0,773.0,351.0,318.0,265.0,221.0,197.0,125.0,33.0,158.0,4674.0,281.0,4150.0,169.0,0.0245353159851301,0.2364312267657992,0.4252788104089219,0.1643122676579925,0.0929368029739776,30.0,35.0,28.0,31.0,31.0,35.0,34.0,31.0,30.0,34.0,30.0,29.0,0.022189349112426,0.0231634679020516,0.0202020202020202,0.0233082706766917,0.0227272727272727,0.0226244343891402,0.0240622788393489,0.0233962264150943,0.0224215246636771,0.0220635950681375,0.0214132762312633,0.0237510237510237,0.0112781954887217,0.0869565217391303,0.0269299820466786,0.064516129032258,0.0392156862745098,0.0886699507389161,0.0883977900552486,0.0,-0.0154798761609906,-0.0084745762711864,0.0526442019426789,-0.0264596544937677,0.0154772313175335,0.0765286501730546,0.0748343300468725,0.0821917808219179,Consumer Staples,30.0,4.0,79,7.204892510204673,1352.0,1330.0,8.449984441722787,5.641907070938114,8.33110454805304,5.135798437050262
CLX,2015Q1,2015,Q1,1,0,0,0,1401.0,605.0,796.0,364.0,330.0,283.0,241.0,217.0,174.0,34.0,208.0,4228.0,302.0,4674.0,281.0,0.0242683797287651,0.2355460385438972,0.4318344039971449,0.1720199857244825,0.1241970021413276,33.0,30.0,35.0,28.0,31.0,31.0,35.0,34.0,31.0,30.0,34.0,30.0,0.0245353159851301,0.022189349112426,0.0231634679020516,0.0202020202020202,0.0233082706766917,0.0227272727272727,0.0226244343891402,0.0240622788393489,0.0233962264150943,0.0224215246636771,0.0220635950681375,0.0214132762312633,0.0108225108225108,0.2700729927007299,0.0449050086355786,0.2142857142857142,-0.0374149659863946,-0.0321285140562248,0.0140186915887849,-0.01363073110285,0.0927152317880795,0.103030303030303,0.2012847965738757,0.0810159252378859,0.0337175888429064,-0.0424911637986635,0.2564747807874459,0.2606060606060605,Consumer Staples,30.0,1.0,80,7.2456550675945355,1345.0,1386.0,8.34972083747249,5.713732805509369,8.449984441722787,5.641907070938114
CLX,2015Q2,2015,Q2,0,1,0,0,1557.0,710.0,847.0,411.0,372.0,355.0,292.0,289.0,191.0,39.0,230.0,4164.0,118.0,4228.0,302.0,0.02504816955684,0.2389210019267822,0.4560051380860629,0.1875401412973667,0.1226718047527296,34.0,33.0,30.0,35.0,28.0,31.0,31.0,35.0,34.0,31.0,30.0,34.0,0.0242683797287651,0.0245353159851301,0.022189349112426,0.0231634679020516,0.0202020202020202,0.0233082706766917,0.0227272727272727,0.0226244343891402,0.0240622788393489,0.0233962264150943,0.0224215246636771,0.0220635950681375,0.0304434149569821,0.1235294117647058,0.1111111111111111,0.1142857142857143,0.0725075528700907,0.0774907749077491,0.1201550387596899,-0.0286697247706422,0.1411042944785276,0.1385041551246537,0.0813652628681529,0.107391515065546,0.078284450153429,0.0456573929901149,0.0903358645963201,0.1219512195121952,Consumer Staples,30.0,2.0,81,7.351158226430694,1401.0,1511.0,8.334471554600944,4.77912349311153,8.34972083747249,5.713732805509369
CLX,2015Q3,2015,Q3,0,0,1,0,1390.0,625.0,765.0,339.0,309.0,328.0,286.0,264.0,172.0,30.0,202.0,4095.0,119.0,4164.0,118.0,0.0215827338129496,0.2223021582733813,0.4496402877697841,0.2057553956834532,0.1237410071942446,39.0,34.0,33.0,30.0,35.0,28.0,31.0,31.0,35.0,34.0,31.0,30.0,0.02504816955684,0.0242683797287651,0.0245353159851301,0.022189349112426,0.0231634679020516,0.0202020202020202,0.0233082706766917,0.0227272727272727,0.0226244343891402,0.0240622788393489,0.0233962264150943,0.0224215246636771,0.0281065088757397,0.9111111111111112,0.0813148788927335,0.0,0.1428571428571428,0.1578947368421053,0.2110091743119266,-0.0116279069767442,0.0265780730897009,0.0241691842900302,-0.0273381294964027,-0.0014866512105929,0.0517537527071767,0.1262400605831126,0.8588649080735411,0.6833333333333333,Consumer Staples,30.0,3.0,82,7.237778191923443,1557.0,1352.0,8.317766166719343,4.787491742782046,8.334471554600944,4.77912349311153
CLX,2015Q4,2015,Q4,0,0,0,1,1345.0,600.0,745.0,351.0,317.0,293.0,249.0,230.0,149.0,34.0,183.0,4175.0,198.0,4095.0,119.0,0.0252303758299847,0.2356877323420074,0.4460966542750929,0.1851301115241635,0.1107806691449814,30.0,39.0,34.0,33.0,30.0,35.0,28.0,31.0,31.0,35.0,34.0,31.0,0.0215827338129496,0.02504816955684,0.0242683797287651,0.0245353159851301,0.022189349112426,0.0231634679020516,0.0202020202020202,0.0233082706766917,0.0227272727272727,0.0226244343891402,0.0240622788393489,0.0233962264150943,0.0,0.1919999999999999,0.0489510489510489,0.0303030303030302,0.1056603773584905,0.1266968325791855,0.1675126903553299,-0.0362225097024579,-0.0031446540880503,0.0,0.0303030303030302,-0.0031446540880503,0.0489510489510489,0.1266968325791855,0.1920000000000001,0.1582278481012657,Consumer Staples,30.0,4.0,83,7.204892510204673,1390.0,1345.0,8.337109129562474,5.293304824724492,8.317766166719343,4.787491742782046
CLX,2016Q1,2016,Q1,1,0,0,0,1426.0,646.0,780.0,385.0,350.0,299.0,261.0,237.0,162.0,35.0,197.0,4284.0,259.0,4175.0,198.0,0.0245441795231416,0.2454417952314165,0.453015427769986,0.1830294530154277,0.1136044880785413,34.0,30.0,39.0,34.0,33.0,30.0,35.0,28.0,31.0,31.0,35.0,34.0,0.0252303758299847,0.0215827338129496,0.02504816955684,0.0242683797287651,0.0245353159851301,0.022189349112426,0.0231634679020516,0.0202020202020202,0.0233082706766917,0.0227272727272727,0.0226244343891402,0.0240622788393489,0.0178443968593862,-0.0689655172413793,0.0677685950413222,0.0294117647058822,0.0565371024734981,0.0829875518672198,0.0921658986175115,-0.0201005025125627,0.0606060606060605,0.0576923076923077,0.0113645738800427,0.0420119852097411,0.0490489492657031,0.0640010940855366,-0.08528800116071,-0.0528846153846154,Consumer Staples,30.0,1.0,84,7.2633296174768365,1345.0,1401.0,8.36287583103188,5.560681631015528,8.337109129562474,5.293304824724492
CLX,2016Q2,2016,Q2,0,1,0,0,1600.0,727.0,873.0,459.0,417.0,316.0,260.0,252.0,165.0,42.0,207.0,4518.0,297.0,4284.0,259.0,0.0252303758299847,0.260625,0.454375,0.1625,0.103125,35.0,34.0,30.0,39.0,34.0,33.0,30.0,35.0,28.0,31.0,31.0,35.0,0.0245441795231416,0.0252303758299847,0.0215827338129496,0.02504816955684,0.0242683797287651,0.0245353159851301,0.022189349112426,0.0231634679020516,0.0202020202020202,0.0233082706766917,0.0227272727272727,0.0226244343891402,0.0276172125883109,-0.1361256544502618,0.0239436619718309,0.0769230769230768,-0.1098591549295774,-0.1095890410958904,-0.1280276816608996,0.0306965761511215,0.1209677419354837,0.1167883211678832,0.0479807692307692,0.0908417338709677,-0.003574823943662,-0.1335188356164384,-0.1593422774869111,-0.0999999999999999,Consumer Staples,30.0,2.0,85,7.3783837129967145,1426.0,1557.0,8.41604600941128,5.697093486505405,8.36287583103188,5.560681631015528
CLX,2016Q3,2016,Q3,0,0,1,0,1443.0,640.0,803.0,359.0,328.0,327.0,281.0,264.0,179.0,31.0,210.0,4466.0,289.0,4518.0,297.0,0.0214830214830214,0.2273042273042273,0.4435204435204435,0.1947331947331947,0.124047124047124,42.0,35.0,34.0,30.0,39.0,34.0,33.0,30.0,35.0,28.0,31.0,31.0,0.0252303758299847,0.0245441795231416,0.0252303758299847,0.0215827338129496,0.02504816955684,0.0242683797287651,0.0245353159851301,0.022189349112426,0.0231634679020516,0.0202020202020202,0.0233082706766917,0.0227272727272727,0.0381294964028777,0.0406976744186047,0.024,0.0333333333333334,-0.0030487804878048,-0.0174825174825175,0.0,0.0496732026143791,0.0614886731391586,0.0589970501474925,-0.0046200046200046,0.0225012166759739,-0.0136105336105335,-0.0535694381848228,0.0024738513110607,0.0396039603960396,Consumer Staples,30.0,3.0,86,7.275172319452771,1600.0,1390.0,8.404472321352118,5.66988092298052,8.41604600941128,5.697093486505405
CLX,2016Q4,2016,Q4,0,0,0,1,1406.0,629.0,777.0,357.0,325.0,289.0,272.0,227.0,149.0,32.0,181.0,4568.0,270.0,4466.0,289.0,0.0227596017069701,0.2311522048364153,0.4473684210526316,0.1934566145092461,0.1059743954480796,31.0,42.0,35.0,34.0,30.0,39.0,34.0,33.0,30.0,35.0,28.0,31.0,0.0214830214830214,0.0252303758299847,0.0245441795231416,0.0252303758299847,0.0215827338129496,0.02504816955684,0.0242683797287651,0.0245353159851301,0.022189349112426,0.0231634679020516,0.0202020202020202,0.0233082706766917,0.045353159851301,0.0,0.0483333333333333,-0.0588235294117647,-0.0136518771331057,0.0923694779116466,-0.0130434782608696,0.042953020134228,0.0252365930599369,0.017094017094017,-0.0996569324742698,-0.019243799668837,0.0028508771929824,0.0449764920278554,-0.0433854907539118,-0.0109289617486338,Consumer Staples,30.0,4.0,87,7.249215057114389,1443.0,1345.0,8.427049641563272,5.602118820879701,8.404472321352118,5.66988092298052
CLX,2017Q1,2017,Q1,1,0,0,0,1477.0,650.0,827.0,397.0,362.0,306.0,253.0,247.0,172.0,35.0,207.0,4629.0,404.0,4568.0,270.0,0.0236966824644549,0.2450914014895057,0.4400812457684495,0.1712931618144888,0.1164522681110358,32.0,31.0,42.0,35.0,34.0,30.0,39.0,34.0,33.0,30.0,35.0,28.0,0.0227596017069701,0.0214830214830214,0.0252303758299847,0.0245441795231416,0.025232682238505517,0.0215827338129496,0.02504816955684,0.0242683797287651,0.0245353159851301,0.022189349112426,0.0231634679020516,0.0202020202020202,0.0357643758765777,0.0617283950617284,0.0061919504643963,0.0,0.0234113712374581,-0.0306513409961686,0.0421940928270041,0.0602564102564102,0.0342857142857142,0.0311688311688311,-0.034529451591063,-0.0014276042170422,-0.0285513057804813,-0.0641224185921032,0.0250674958415875,0.0507614213197968,Consumer Staples,30.0,1.0,88,7.298445101508147,1406.0,1426.0,8.440312147080279,6.003887067106539,8.427049641563272,5.602118820879701
CLX,2017Q2,2017,Q2,0,1,0,0,1647.0,752.0,895.0,431.0,394.0,359.0,311.0,295.0,201.0,37.0,238.0,4573.0,542.0,4629.0,404.0,0.0224650880388585,0.2392228293867638,0.4565877352762598,0.1888281724347298,0.122040072859745,35.0,32.0,31.0,42.0,35.0,34.0,30.0,39.0,34.0,33.0,30.0,35.0,0.0236966824644549,0.0227596017069701,0.0214830214830214,0.0252303758299847,0.0245441795231416,0.02523498864702634,0.0215827338129496,0.02504816955684,0.0242683797287651,0.0245353159851301,0.022189349112426,0.0231634679020516,0.0293749999999999,0.2181818181818182,0.0343878954607979,-0.119047619047619,0.1360759493670886,0.1961538461538461,0.1706349206349207,0.0252004581901488,-0.0551558752997601,-0.0610021786492375,-0.1441871223291987,-0.0821186402426328,0.0048698437991963,0.1620195226752603,0.1834188883369212,0.1497584541062802,Consumer Staples,30.0,2.0,89,7.4073177104694174,1477.0,1600.0,8.428143374582726,6.297109319933935,8.440312147080279,6.003887067106539
CLX,2017Q3,2017,Q3,0,0,1,0,1500.0,673.0,827.0,370.0,338.0,340.0,303.0,279.0,192.0,32.0,224.0,4600.0,592.0,4573.0,542.0,0.0213333333333333,0.2253333333333333,0.4486666666666666,0.202,0.128,37.0,35.0,32.0,31.0,42.0,35.0,34.0,30.0,39.0,34.0,33.0,30.0,0.0224650880388585,0.0236966824644549,0.0227596017069701,0.0214830214830214,0.025232682238505517,0.0245441795231416,0.025237295055547154,0.0215827338129496,0.02504816955684,0.0242683797287651,0.0245353159851301,0.022189349112426,0.0395010395010395,0.0726256983240223,0.0515624999999999,0.032258064516129,0.039755351681957,0.0782918149466191,0.0568181818181818,0.0298879202988791,0.0304878048780488,0.0306406685236768,-0.0069677419354838,-0.0086707317073171,0.0116031249999999,0.0373167259786477,0.0318659217877095,0.0666666666666666,Consumer Staples,30.0,3.0,90,7.313886831633462,1647.0,1443.0,8.434028950155469,6.385194398997726,8.428143374582726,6.297109319933935
CLX,2017Q4,2017,Q4,0,0,0,1,1416.0,609.0,807.0,368.0,337.0,288.0,241.0,227.0,233.0,31.0,264.0,4758.0,760.0,4600.0,592.0,0.0218926553672316,0.2379943502824859,0.4300847457627119,0.1701977401129943,0.16454802259887,32.0,37.0,35.0,32.0,31.0,42.0,35.0,34.0,30.0,39.0,34.0,33.0,0.0213333333333333,0.0224650880388585,0.0236966824644549,0.0227596017069701,0.0214830214830214,0.02523498864702634,0.0245441795231416,0.025239601464067975,0.0215827338129496,0.02504816955684,0.0242683797287651,0.0245353159851301,0.0071123755334281,0.563758389261745,-0.0317965023847376,-0.03125,-0.0034602076124568,-0.1139705882352941,0.0,0.0386100386100385,0.0369230769230768,0.0308123249299718,-0.0380914548022599,0.029600173837462,-0.0386340977068793,-0.1202278580923894,0.5527148978121563,0.4585635359116022,Consumer Staples,30.0,4.0,91,7.256297239690681,1500.0,1406.0,8.46779284112111,6.634633357861686,8.434028950155469,6.385194398997726
CLX,2018Q1,2018,Q1,1,0,0,0,1517.0,649.0,868.0,390.0,358.0,302.0,259.0,242.0,181.0,32.0,213.0,5444.0,837.0,4758.0,760.0,0.021094264996704,0.2359920896506262,0.4278180619644034,0.1707317073170731,0.1193144363876071,31.0,32.0,37.0,35.0,32.0,31.0,42.0,35.0,34.0,30.0,39.0,34.0,0.0218926553672316,0.0213333333333333,0.0224650880388585,0.0236966824644549,0.0227596017069701,0.0214830214830214,0.025237295055547154,0.0245441795231416,0.025241907872588797,0.0215827338129496,0.02504816955684,0.0242683797287651,0.02708192281652,0.0523255813953489,-0.0015384615384614,-0.0857142857142857,-0.0130718954248365,0.0237154150197629,-0.020242914979757,0.049576783555018,-0.011049723756906,-0.017632241813602,-0.1098220171390903,-0.0371261977514504,-0.0278657268901171,-0.0032777402872842,0.0245780380493936,0.0289855072463767,Consumer Staples,30.0,1.0,92,7.325148957955575,1416.0,1477.0,8.602453035367061,6.731018100482083,8.46779284112111,6.634633357861686
CLX,2018Q2,2018,Q2,0,1,0,0,1691.0,744.0,947.0,411.0,374.0,375.0,322.0,306.0,217.0,37.0,254.0,5060.0,726.0,5444.0,837.0,0.0218805440567711,0.221170904790065,0.4399763453577764,0.1904198698994677,0.1283264340626848,32.0,31.0,32.0,37.0,35.0,32.0,31.0,42.0,35.0,34.0,30.0,39.0,0.021094264996704,0.0218926553672316,0.0213333333333333,0.0224650880388585,0.0236966824644549,0.0227596017069701,0.0214830214830214,0.025239601464067975,0.0245441795231416,0.025244214281109612,0.0215827338129496,0.02504816955684,0.0267152398299939,0.0796019900497513,-0.0106382978723403,0.0,0.0445682451253481,0.0353697749196142,0.0372881355932204,0.0581005586592178,-0.0507614213197969,-0.0464037122969838,-0.02602010644589,-0.0754607101796012,-0.0363815946751889,0.0084293431653486,0.0515106313494619,0.0672268907563025,Consumer Staples,30.0,2.0,93,7.433666540166168,1517.0,1647.0,8.529319371214077,6.588926477533519,8.602453035367061,6.731018100482083
CLX,2018Q3,2018,Q3,0,0,1,0,1563.0,678.0,885.0,383.0,351.0,336.0,295.0,268.0,210.0,32.0,242.0,5058.0,677.0,5060.0,726.0,0.0204734484964811,0.2245681381957773,0.4337811900191938,0.1887396033269353,0.1343570057581574,37.0,32.0,31.0,32.0,37.0,35.0,32.0,31.0,42.0,35.0,34.0,30.0,0.0218805440567711,0.021094264996704,0.0218926553672316,0.0213333333333333,0.0224650880388585,0.0236966824644549,0.0227596017069701,0.0214830214830214,0.025241907872588797,0.0245441795231416,0.025246520689630434,0.0215827338129496,0.042,0.09375,0.0074294205052005,0.0,-0.0117647058823529,-0.0264026402640263,-0.039426523297491,0.0701330108827085,0.0384615384615385,0.0351351351351352,-0.0403071017274472,-0.0033958364092721,-0.0331771396303257,-0.0656455280844784,0.0496641074856045,0.0803571428571428,Consumer Staples,30.0,3.0,94,7.355001921105257,1691.0,1500.0,8.528924114291936,6.519147287940395,8.529319371214077,6.588926477533519
CLX,2018Q4,2018,Q4,0,0,0,1,1473.0,643.0,830.0,388.0,356.0,292.0,255.0,224.0,182.0,32.0,214.0,5073.0,742.0,5058.0,677.0,0.021724372029871,0.241683638832315,0.4365241004752206,0.1731160896130346,0.1235573659198913,32.0,37.0,32.0,31.0,32.0,37.0,35.0,32.0,31.0,42.0,35.0,34.0,0.0204734484964811,0.0218805440567711,0.021094264996704,0.0218926553672316,0.0213333333333333,0.0224650880388585,0.0236966824644549,0.0227596017069701,0.0214830214830214,0.025244214281109612,0.0245441795231416,0.025248827098151252,0.0402542372881356,-0.2188841201716738,0.0558292282430212,0.032258064516129,0.0138888888888888,0.0580912863070539,-0.0132158590308369,0.0285006195786865,0.056379821958457,0.0543478260869565,-0.0076867485710531,0.0155015803755431,0.0149722927305622,0.0171468169794897,-0.249110600246497,-0.1893939393939394,Consumer Staples,30.0,4.0,95,7.295735072749282,1563.0,1416.0,8.531884740159228,6.610696044717759,8.528924114291936,6.519147287940395
CLX,2019Q1,2019,Q1,1,0,0,0,1551.0,673.0,878.0,411.0,377.0,309.0,262.0,240.0,187.0,34.0,221.0,5162.0,781.0,5073.0,742.0,0.0219213410702772,0.2430689877498388,0.4339136041263701,0.168923275306254,0.1205673758865248,32.0,32.0,37.0,32.0,31.0,32.0,37.0,35.0,32.0,31.0,42.0,35.0,0.021724372029871,0.0204734484964811,0.0218805440567711,0.021094264996704,0.0218926553672316,0.0213333333333333,0.0224650880388585,0.0236966824644549,0.0227596017069701,0.0214830214830214,0.025246520689630434,0.0245441795231416,0.0224126565589979,0.0331491712707181,0.0369799691833589,0.0625,0.0231788079470198,0.0115830115830115,-0.0082644628099173,0.0115207373271888,0.053072625698324,0.0538461538461538,0.0392085751128303,0.0299878614986186,0.014247977595845,-0.0105922446347979,0.0105011559108183,0.0375586854460094,Consumer Staples,30.0,1.0,96,7.347299700743164,1473.0,1517.0,8.54927308487965,6.661854740545311,8.531884740159228,6.610696044717759
CLX,2019Q2,2019,Q2,0,1,0,0,1627.0,734.0,893.0,422.0,384.0,345.0,295.0,292.0,241.0,38.0,279.0,5116.0,559.0,5162.0,781.0,0.0233558696988322,0.2360172095881991,0.4511370620774431,0.1813153042409342,0.1481253841425937,34.0,32.0,32.0,37.0,32.0,31.0,32.0,37.0,35.0,32.0,31.0,42.0,0.0219213410702772,0.021724372029871,0.0204734484964811,0.0218805440567711,0.021094264996704,0.0218926553672316,0.0213333333333333,0.0224650880388585,0.0236966824644549,0.0227596017069701,0.0214830214830214,0.025248827098151252,-0.0378474275576582,0.1105990783410137,-0.0134408602150537,0.0270270270270269,-0.0799999999999999,-0.0838509316770186,-0.045751633986928,-0.0570221752903906,0.0267379679144386,0.0267639902676399,0.0674263692087908,0.0671259396086758,0.0253666289959091,-0.0478131072316155,0.154285827581226,0.0984251968503937,Consumer Staples,30.0,2.0,97,7.395107546562485,1551.0,1691.0,8.540323608805092,6.327936783729195,8.54927308487965,6.661854740545311
CLX,2019Q3,2019,Q3,0,0,1,0,1506.0,663.0,843.0,378.0,348.0,327.0,285.0,258.0,203.0,30.0,233.0,5397.0,550.0,5116.0,559.0,0.0199203187250996,0.2310756972111553,0.4402390438247012,0.1892430278884462,0.1347941567065073,38.0,34.0,32.0,32.0,37.0,32.0,31.0,32.0,37.0,35.0,32.0,31.0,0.0233558696988322,0.0219213410702772,0.021724372029871,0.0204734484964811,0.0218805440567711,0.021094264996704,0.0218926553672316,0.0213333333333333,0.0224650880388585,0.0236966824644549,0.0227596017069701,0.0214830214830214,-0.036468330134357,-0.0333333333333333,-0.0221238938053097,-0.0625,-0.0267857142857143,-0.0338983050847457,-0.0373134328358208,-0.0474576271186441,-0.0085470085470085,-0.0130548302872062,-0.0270169322709162,0.0289781046753159,0.0148873532418996,0.0026672969140388,0.0032536520584327,-0.037190082644628,Consumer Staples,30.0,3.0,98,7.317876198626496,1627.0,1563.0,8.59378379357795,6.311734809152915,8.540323608805092,6.327936783729195
CLX,2019Q4,2019,Q4,0,0,0,1,1449.0,639.0,810.0,384.0,350.0,304.0,255.0,235.0,185.0,34.0,219.0,5459.0,555.0,5397.0,550.0,0.0234644582470669,0.2415458937198067,0.4409937888198758,0.175983436853002,0.1276742581090407,30.0,38.0,34.0,32.0,32.0,37.0,32.0,31.0,32.0,37.0,35.0,32.0,0.0199203187250996,0.0233558696988322,0.0219213410702772,0.021724372029871,0.0204734484964811,0.0218805440567711,0.021094264996704,0.0218926553672316,0.0213333333333333,0.0224650880388585,0.0236966824644549,0.0227596017069701,-0.0162932790224032,0.0164835164835164,-0.0062208398133748,0.0625,0.0410958904109588,0.0,0.0491071428571427,-0.0240963855421686,-0.0168539325842697,-0.0103092783505154,0.0800983436853002,-0.0005699397492265,0.0102392705002754,0.0165631469979297,0.0333196823880053,0.0233644859813084,Consumer Staples,30.0,4.0,99,7.27931883541462,1506.0,1473.0,8.605204068738951,6.320768294250582,8.59378379357795,6.311734809152915
CLX,2020Q1,2020,Q1,1,0,0,0,1783.0,832.0,951.0,492.0,453.0,366.0,340.0,297.0,241.0,39.0,280.0,5850.0,695.0,5459.0,555.0,0.0218732473359506,0.2540661805945036,0.4666292765002804,0.1906898485698261,0.1351654514862591,34.0,30.0,38.0,34.0,32.0,32.0,37.0,32.0,31.0,32.0,37.0,35.0,0.0234644582470669,0.0199203187250996,0.0233558696988322,0.0219213410702772,0.021724372029871,0.0204734484964811,0.0218805440567711,0.021094264996704,0.0218926553672316,0.0213333333333333,0.0224650880388585,0.0236966824644549,0.1495809155383622,0.2887700534759359,0.2362555720653789,0.1470588235294117,0.1844660194174756,0.2977099236641221,0.2375,0.0831435079726652,0.2015915119363396,0.197080291970803,-0.0021939229982514,0.0452430931089526,0.075396742722043,0.1288547905793904,0.121078156444855,0.2669683257918551,Consumer Staples,30.0,1.0,100,7.486613313139955,1449.0,1551.0,8.674367865788236,6.54534966033442,8.605204068738951,6.320768294250582
CLX,2020Q2,2020,Q2,0,1,0,0,1983.0,929.0,1054.0,535.0,493.0,466.0,381.0,395.0,310.0,42.0,352.0,6213.0,908.0,5850.0,695.0,0.021180030257186,0.248613212304589,0.4684820978315683,0.1921331316187594,0.156328794755421,39.0,34.0,30.0,38.0,34.0,32.0,32.0,37.0,32.0,31.0,32.0,37.0,0.0218732473359506,0.0234644582470669,0.0199203187250996,0.0233558696988322,0.0219213410702772,0.021724372029871,0.0204734484964811,0.0218805440567711,0.021094264996704,0.0218926553672316,0.0213333333333333,0.0224650880388585,0.2188076213890595,0.2863070539419088,0.2656675749318802,0.1052631578947369,0.3507246376811594,0.2915254237288136,0.3527397260273972,0.1802911534154534,0.2838541666666667,0.2677725118483411,-0.093160283462059,0.0533690010926206,0.0384473748936808,0.0596630682838021,0.055381531398631,0.2616487455197132,Consumer Staples,30.0,2.0,101,7.592870287844818,1783.0,1627.0,8.734560089952993,6.812345094177479,8.674367865788236,6.54534966033442
CLX,2020Q3,2020,Q3,0,0,1,0,1916.0,920.0,996.0,449.0,417.0,600.0,471.0,526.0,415.0,32.0,447.0,6777.0,1115.0,6213.0,908.0,0.0167014613778705,0.2176409185803758,0.4801670146137787,0.2458246346555323,0.2165970772442588,42.0,39.0,34.0,30.0,38.0,34.0,32.0,32.0,37.0,32.0,31.0,32.0,0.021180030257186,0.0218732473359506,0.0234644582470669,0.0199203187250996,0.0233558696988322,0.0219213410702772,0.021724372029871,0.0204734484964811,0.0218805440567711,0.021094264996704,0.0218926553672316,0.0213333333333333,0.2722443559096945,1.0443349753694582,0.3876319758672699,0.0666666666666666,0.834862385321101,0.6526315789473685,1.0387596899224807,0.1814946619217081,0.1982758620689655,0.1878306878306879,-0.1615866388308977,-0.0581401626952702,0.0906961146430629,0.2989891220744973,0.60687289817662,0.9184549356223176,Consumer Staples,30.0,3.0,102,7.558516743045645,1983.0,1506.0,8.821437352166997,7.017506142941256,8.734560089952993,6.812345094177479
CLX,2020Q4,2020,Q4,0,0,0,1,1842.0,837.0,1005.0,496.0,456.0,409.0,341.0,332.0,259.0,40.0,299.0,6855.0,1184.0,6777.0,1115.0,0.02171552660152,0.247557003257329,0.4543973941368078,0.1851248642779587,0.1406080347448425,32.0,42.0,39.0,34.0,30.0,38.0,34.0,32.0,32.0,37.0,32.0,31.0,0.0167014613778705,0.021180030257186,0.0218732473359506,0.0234644582470669,0.0199203187250996,0.0233558696988322,0.0219213410702772,0.021724372029871,0.0204734484964811,0.0218805440567711,0.021094264996704,0.0218926553672316,0.2712215320910973,0.3999999999999999,0.3098591549295775,0.1764705882352941,0.3453947368421053,0.3372549019607842,0.4127659574468085,0.2407407407407407,0.3028571428571429,0.2916666666666667,-0.0745353515999234,0.024885993485342,0.0303940909299444,0.0519448170147536,0.1013029315960913,0.365296803652968,Consumer Staples,30.0,4.0,103,7.519149957669823,1916.0,1449.0,8.832879460277615,7.077498053569231,8.821437352166997,7.017506142941256
CLX,2021Q1,2021,Q1,1,0,0,0,1781.0,774.0,1007.0,469.0,437.0,17.0,305.0,-59.0,-61.0,32.0,-29.0,6441.0,743.0,6855.0,1184.0,0.0179674340258281,0.2453677709152161,0.4345873104997192,0.1712521055586749,-0.0342504211117349,40.0,32.0,42.0,39.0,34.0,30.0,38.0,34.0,32.0,32.0,37.0,32.0,0.02171552660152,0.0167014613778705,0.021180030257186,0.0218732473359506,0.0234644582470669,0.0199203187250996,0.0233558696988322,0.0219213410702772,0.021724372029871,0.0204734484964811,0.0218805440567711,0.021094264996704,-0.0011217049915872,-1.2531120331950207,-0.0697115384615384,-0.1794871794871795,-0.953551912568306,-0.1029411764705882,-1.1986531986531987,0.0588853838065195,-0.0353200883002207,-0.0467479674796748,-0.17856577261406,-0.0342367868833765,-0.0686668574266833,-0.1019338111437724,-1.2533962690548692,-1.1035714285714286,Consumer Staples,30.0,1.0,104,7.485491608030754,1842.0,1783.0,8.770594329891145,6.612041034833092,8.832879460277615,7.077498053569231
CLX,2021Q2,2021,Q2,0,1,0,0,1802.0,668.0,1134.0,529.0,484.0,178.0,108.0,101.0,97.0,45.0,142.0,6334.0,411.0,6441.0,743.0,0.0249722530521642,0.2685904550499445,0.3706992230854606,0.0599334073251942,0.0538290788013318,32.0,40.0,32.0,42.0,39.0,34.0,30.0,38.0,34.0,32.0,32.0,37.0,0.0179674340258281,0.02171552660152,0.0167014613778705,0.021180030257186,0.0218732473359506,0.0234644582470669,0.0199203187250996,0.0233558696988322,0.0219213410702772,0.021724372029871,0.0204734484964811,0.0218805440567711,-0.0912758446797781,-0.6870967741935483,-0.2809472551130247,0.0714285714285714,-0.6180257510729614,-0.7165354330708662,-0.7443037974683544,0.0759013282732448,-0.0182555780933062,-0.011214953271028,0.1790470905343271,0.0803547106775659,-0.2087227563202709,-0.688063131953123,-0.6556675378611578,-0.5965909090909092,Consumer Staples,30.0,2.0,105,7.497207223203318,1781.0,1983.0,8.75384509275524,6.021023349349527,8.770594329891145,6.612041034833092
CLX,2021Q3,2021,Q3,0,0,1,0,1806.0,670.0,1136.0,451.0,418.0,265.0,219.0,185.0,142.0,33.0,175.0,6274.0,368.0,6334.0,411.0,0.0182724252491694,0.2314507198228128,0.3709856035437431,0.1212624584717608,0.0786267995570321,45.0,32.0,40.0,32.0,42.0,39.0,34.0,30.0,38.0,34.0,32.0,32.0,0.0249722530521642,0.0179674340258281,0.02171552660152,0.0167014613778705,0.021180030257186,0.0218732473359506,0.0234644582470669,0.0199203187250996,0.0233558696988322,0.0219213410702772,0.021724372029871,0.0204734484964811,-0.05741127348643,-0.6578313253012048,-0.2717391304347826,0.03125,-0.5583333333333333,-0.535031847133758,-0.6482889733840305,0.1405622489959839,0.0023980815347721,0.0044543429844097,0.09406146179402,0.063452228250622,-0.2273821560980307,-0.5067115277454486,-0.6369904868644012,-0.6085011185682326,Consumer Staples,30.0,3.0,106,7.499423290592229,1802.0,1916.0,8.744328763999984,5.910796644040527,8.75384509275524,6.021023349349527
CLX,2021Q4,2021,Q4,0,0,0,1,1691.0,558.0,1133.0,442.0,408.0,171.0,113.0,93.0,69.0,34.0,103.0,6190.0,313.0,6274.0,368.0,0.0201064458900059,0.2412773506800709,0.3299822590183323,0.0668243642814902,0.0408042578356002,33.0,45.0,32.0,40.0,32.0,42.0,39.0,34.0,30.0,38.0,34.0,32.0,0.0182724252491694,0.0249722530521642,0.0179674340258281,0.02171552660152,0.0167014613778705,0.021180030257186,0.0218732473359506,0.0234644582470669,0.0199203187250996,0.0233558696988322,0.0219213410702772,0.021724372029871,-0.0819761129207383,-0.7335907335907336,-0.3333333333333333,-0.15,-0.5819070904645477,-0.6686217008797655,-0.7198795180722892,0.1273631840796019,-0.1052631578947368,-0.1088709677419355,-0.0740981667652276,-0.0253664913318185,-0.2738024837374334,-0.6390308533533577,-0.7098013786363875,-0.6555183946488294,Consumer Staples,30.0,4.0,107,7.433666540166168,1806.0,1842.0,8.730851903519232,5.749392985908253,8.744328763999984,5.910796644040527
CLX,2022Q1,2022,Q1,1,0,0,0,1809.0,649.0,1160.0,417.0,386.0,278.0,221.0,200.0,150.0,31.0,181.0,6322.0,400.0,6190.0,313.0,0.0171365395245992,0.2133775566611387,0.3587617468214483,0.1221669430624654,0.0829187396351575,34.0,33.0,45.0,32.0,40.0,32.0,42.0,39.0,34.0,30.0,38.0,34.0,0.0201064458900059,0.0182724252491694,0.0249722530521642,0.0179674340258281,0.02171552660152,0.0167014613778705,0.021180030257186,0.0218732473359506,0.0234644582470669,0.0199203187250996,0.0233558696988322,0.0219213410702772,0.0157215047725995,-3.459016393442623,-0.1614987080103359,-0.03125,15.352941176470589,-0.2754098360655738,-4.389830508474576,0.1519364448857993,-0.1167048054919908,-0.1108742004264392,-0.0462444720840244,-0.130376594019478,-0.1744771691356597,-0.2866251619860623,-3.420955332626485,-7.241379310344827,Consumer Staples,30.0,1.0,108,7.501082124259871,1691.0,1781.0,8.751949058058614,5.993961427306569,8.730851903519232,5.749392985908253
CLX,2022Q2,2022,Q2,0,1,0,0,1801.0,668.0,1133.0,485.0,451.0,217.0,109.0,129.0,101.0,34.0,135.0,6158.0,556.0,6322.0,400.0,0.0188784008883953,0.2504164353137146,0.3709050527484731,0.0605219322598556,0.0560799555802332,31.0,34.0,33.0,45.0,32.0,40.0,32.0,42.0,39.0,34.0,30.0,38.0,0.0171365395245992,0.0201064458900059,0.0182724252491694,0.0249722530521642,0.0179674340258281,0.02171552660152,0.0167014613778705,0.021180030257186,0.0218732473359506,0.0234644582470669,0.0199203187250996,0.0233558696988322,-0.0005549389567147,0.0412371134020619,0.0,-0.2444444444444444,0.2191011235955056,0.0092592592592593,0.2772277227722772,-0.0008818342151675,-0.0681818181818182,-0.0831758034026465,-0.2440249244247023,-0.0676644288526575,0.0005552470849528,0.0098196475209246,0.0418152572740231,-0.0492957746478873,Consumer Staples,30.0,2.0,109,7.496652438168283,1809.0,1802.0,8.725669705687043,6.322565239927284,8.751949058058614,5.993961427306569
CLX,2022Q3,2022,Q3,0,0,1,0,1740.0,626.0,1114.0,454.0,422.0,213.0,138.0,116.0,85.0,32.0,117.0,6153.0,326.0,6158.0,556.0,0.0183908045977011,0.2425287356321839,0.3597701149425287,0.0793103448275862,0.0488505747126436,34.0,31.0,34.0,33.0,45.0,32.0,40.0,32.0,42.0,39.0,34.0,30.0,0.0188784008883953,0.0171365395245992,0.0201064458900059,0.0182724252491694,0.0249722530521642,0.0179674340258281,0.02171552660152,0.0167014613778705,0.021180030257186,0.0218732473359506,0.0234644582470669,0.0199203187250996,-0.0365448504983388,-0.4014084507042254,-0.0656716417910447,-0.0303030303030302,-0.1962264150943395,-0.3698630136986301,-0.3729729729729729,-0.0193661971830986,0.0095693779904306,0.0066518847006651,0.0064785788923718,0.0478633888797228,-0.0302316006176016,-0.3459612659423712,-0.3787032540067994,-0.3314285714285714,Consumer Staples,30.0,3.0,110,7.462214939768189,1801.0,1806.0,8.724857555881988,5.7899601708972535,8.725669705687043,6.322565239927284
CLX,2022Q4,2022,Q4,0,0,0,1,1715.0,620.0,1095.0,471.0,438.0,212.0,95.0,130.0,99.0,33.0,132.0,6045.0,321.0,6153.0,326.0,0.0192419825072886,0.2553935860058309,0.3615160349854227,0.0553935860058309,0.0577259475218658,32.0,34.0,31.0,34.0,33.0,45.0,32.0,40.0,32.0,42.0,39.0,34.0,0.0183908045977011,0.0188784008883953,0.0171365395245992,0.0201064458900059,0.0182724252491694,0.0249722530521642,0.0179674340258281,0.02171552660152,0.0167014613778705,0.021180030257186,0.0218732473359506,0.0234644582470669,0.0141927853341217,0.4347826086956521,0.1111111111111111,-0.0294117647058823,0.2397660818713449,-0.1592920353982301,0.3978494623655915,-0.0335392762577229,0.0735294117647058,0.0656108597285067,-0.0429943405933802,0.0585062596467158,0.0955620343375445,-0.1710570448153977,0.414704018253264,0.2815533980582525,Consumer Staples,30.0,4.0,111,7.447751280047908,1740.0,1691.0,8.707152175339404,5.7745515455444085,8.724857555881988,5.7899601708972535
CLX,2023Q1,2023,Q1,1,0,0,0,1915.0,800.0,1115.0,552.0,517.0,-157.0,454.0,-245.0,-209.0,35.0,-174.0,5818.0,3.0,6045.0,321.0,0.0182767624020887,0.2699738903394256,0.4177545691906005,0.2370757180156658,-0.1091383812010443,33.0,32.0,34.0,31.0,34.0,33.0,45.0,32.0,40.0,32.0,42.0,39.0,0.0192419825072886,0.0183908045977011,0.0188784008883953,0.0171365395245992,0.0201064458900059,0.0182724252491694,0.0249722530521642,0.0179674340258281,0.02171552660152,0.0167014613778705,0.021180030257186,0.0218732473359506,0.0585959093421779,-2.393333333333333,0.2326656394453004,0.1290322580645162,-1.564748201438849,1.0542986425339365,-2.225,-0.0387931034482759,0.339378238341969,0.3237410071942446,0.066537522108987,0.2652403306321784,0.1644345387762655,0.9405881171508572,-2.3162088772845952,-1.9613259668508287,Consumer Staples,30.0,1.0,112,7.557994958530806,1715.0,1809.0,8.66888370465667,1.3862943611198906,8.707152175339404,5.7745515455444085
CLX,2023Q2,2023,Q2,0,1,0,0,2019.0,862.0,1157.0,578.0,540.0,323.0,301.0,237.0,176.0,38.0,214.0,5945.0,220.0,5818.0,3.0,0.0188211986131748,0.2674591381872214,0.4269440316988608,0.1490837048043586,0.0871718672610203,35.0,33.0,32.0,34.0,31.0,34.0,33.0,45.0,32.0,40.0,32.0,42.0,0.0182767624020887,0.0192419825072886,0.0183908045977011,0.0188784008883953,0.0171365395245992,0.0201064458900059,0.0182724252491694,0.0249722530521642,0.0179674340258281,0.02171552660152,0.0167014613778705,0.021180030257186,0.1210438645197111,0.7425742574257426,0.2904191616766467,0.1176470588235294,0.4884792626728111,1.761467889908257,0.8372093023255813,0.0211827007943512,0.1973392461197338,0.1917525773195876,-0.003030038166827,0.0680574453995248,0.1510871273797129,1.4633004802995395,0.5544211181890848,0.5851851851851853,Consumer Staples,30.0,2.0,113,7.61085279039525,1915.0,1801.0,8.690474003558043,5.3981627015177525,8.66888370465667,1.3862943611198906
CLX,2023Q3,2023,Q3,0,0,1,0,1386.0,532.0,854.0,470.0,441.0,114.0,227.0,29.0,22.0,29.0,51.0,5991.0,-37.0,5945.0,220.0,0.0209235209235209,0.3181818181818182,0.3838383838383838,0.1637806637806637,0.0158730158730158,38.0,35.0,33.0,32.0,34.0,31.0,34.0,33.0,45.0,32.0,40.0,32.0,0.0188211986131748,0.0182767624020887,0.0192419825072886,0.0183908045977011,0.0188784008883953,0.0171365395245992,0.0201064458900059,0.0182724252491694,0.0249722530521642,0.0179674340258281,0.02171552660152,0.0167014613778705,-0.2034482758620689,-0.7411764705882353,-0.1501597444089456,-0.09375,-0.4647887323943662,0.644927536231884,-0.75,-0.2333931777378814,0.0450236966824644,0.0352422907488987,0.1377164502164503,0.3119345109866436,0.0668990221705876,1.0650605433214126,-0.6750700280112045,-0.5641025641025641,Consumer Staples,30.0,3.0,114,7.234898420314831,2019.0,1740.0,8.698180525197055,0.0,8.690474003558043,5.3981627015177525
CLX,2023Q4,2023,Q4,0,0,0,1,1990.0,866.0,1124.0,540.0,508.0,222.0,512.0,136.0,93.0,32.0,125.0,5908.0,53.0,5991.0,-37.0,0.0160804020100502,0.2552763819095477,0.4351758793969849,0.257286432160804,0.0467336683417085,29.0,38.0,35.0,33.0,32.0,34.0,31.0,34.0,33.0,45.0,32.0,40.0,0.0209235209235209,0.0188211986131748,0.0182767624020887,0.0192419825072886,0.0183908045977011,0.0188784008883953,0.0171365395245992,0.0201064458900059,0.0182724252491694,0.0249722530521642,0.0179674340258281,0.02171552660152,0.1603498542274053,-0.0606060606060605,0.396774193548387,-0.0303030303030302,0.0471698113207548,4.389473684210526,0.0461538461538462,0.0264840182648402,0.1598173515981735,0.1464968152866241,-0.1643063803867822,-0.0004589155824786,0.2037526341384341,3.644697170060831,-0.1904218059996955,-0.0530303030303029,Consumer Staples,30.0,4.0,115,7.596392304064196,1386.0,1715.0,8.684231891345675,3.9889840465642745,8.698180525197055,0.0
CLX,2024Q1,2024,Q1,1,0,0,0,1814.0,766.0,1048.0,548.0,516.0,42.0,234.0,-42.0,-51.0,32.0,-19.0,5805.0,91.0,5908.0,53.0,0.0176405733186328,0.2844542447629548,0.422271223814774,0.1289966923925027,-0.0281146637265711,32.0,29.0,38.0,35.0,33.0,32.0,34.0,31.0,34.0,33.0,45.0,32.0,0.0160804020100502,0.0209235209235209,0.0188211986131748,0.0182767624020887,0.0192419825072886,0.0183908045977011,0.0188784008883953,0.0171365395245992,0.0201064458900059,0.0182724252491694,0.0249722530521642,0.0179674340258281,-0.0527415143603132,-0.7559808612440191,-0.0424999999999999,-0.0857142857142857,-1.267515923566879,-0.4845814977973568,-0.8285714285714285,-0.0600896860986547,-0.0019342359767892,-0.0072463768115942,-0.0348086312805167,0.0536361290542715,0.0108117420066153,-0.4558839957452802,-0.7423943491082121,-0.8908045977011494,Consumer Staples,30.0,1.0,116,7.503840746698951,1990.0,1915.0,8.666647144584575,4.5217885770490405,8.684231891345675,3.9889840465642745
CLX,2024Q2,2024,Q2,0,1,0,0,1903.0,879.0,1024.0,559.0,534.0,358.0,320.0,275.0,216.0,33.0,249.0,5751.0,328.0,5805.0,91.0,0.0173410404624277,0.280609563846558,0.4619022595901209,0.1681555438780872,0.1135049921177088,32.0,32.0,29.0,38.0,35.0,33.0,32.0,34.0,31.0,34.0,33.0,45.0,0.0176405733186328,0.0160804020100502,0.0209235209235209,0.0188211986131748,0.0182767624020887,0.0192419825072886,0.0183908045977011,0.0188784008883953,0.0171365395245992,0.0201064458900059,0.0182724252491694,0.0249722530521642,-0.0574541852402179,0.2272727272727273,0.019721577726218,-0.131578947368421,0.1083591331269349,0.0631229235880399,0.160337552742616,-0.1149524632670699,-0.011111111111111,-0.032871972318339,-0.0786431396410101,0.0491679803818532,0.0818801184599236,0.1279270534546781,0.3020828357139447,0.1635514018691588,Consumer Staples,30.0,2.0,117,7.55171221535131,1814.0,2019.0,8.657302899400882,5.796057750765372,8.666647144584575,4.5217885770490405
CLX,2024Q3,2024,Q3,0,0,1,0,1762.0,807.0,955.0,513.0,482.0,255.0,294.0,177.0,99.0,31.0,130.0,5497.0,60.0,5751.0,328.0,0.0175936435868331,0.2735527809307605,0.4580022701475595,0.1668558456299659,0.0561861520998864,33.0,32.0,32.0,29.0,38.0,35.0,33.0,32.0,34.0,31.0,34.0,33.0,0.0173410404624277,0.0176405733186328,0.0160804020100502,0.0209235209235209,0.0188211986131748,0.0182767624020887,0.0192419825072886,0.0183908045977011,0.0188784008883953,0.0171365395245992,0.0201064458900059,0.0182724252491694,0.2712842712842713,3.5,0.5169172932330828,0.0689655172413792,1.236842105263158,0.2951541850220265,5.103448275862069,0.1182669789227166,0.09297052154195,0.0914893617021277,-0.1591451720223884,-0.140262688503324,0.1932164406475895,0.0187762204543295,2.539727582292849,1.549019607843137,Consumer Staples,30.0,3.0,118,7.47477218239787,1903.0,1386.0,8.612139668725192,4.110873864173311,8.657302899400882,5.796057750765372
CLX,2024Q4,2024,Q4,0,0,0,1,1686.0,738.0,948.0,-102.0,471.0,315.0,840.0,237.0,193.0,31.0,224.0,5577.0,-41.0,5497.0,60.0,0.0183867141162514,0.2793594306049822,0.4377224199288256,0.498220640569395,0.1144721233689205,31.0,33.0,32.0,32.0,29.0,38.0,35.0,33.0,32.0,34.0,31.0,34.0,0.0175936435868331,0.0173410404624277,0.0176405733186328,0.0160804020100502,0.0209235209235209,0.0188211986131748,0.0182767624020887,0.0192419825072886,0.0183908045977011,0.0188784008883953,0.0171365395245992,0.0201064458900059,-0.1527638190954774,1.075268817204301,-0.1478060046189376,-0.03125,0.4189189189189188,0.640625,0.7426470588235294,-0.1565836298932384,-0.0728346456692913,-1.1888888888888889,0.143423784104389,0.094341076582509,0.0058517501828672,0.9364435053380782,1.449457263485504,0.792,Consumer Staples,30.0,4.0,119,7.430707082545968,1762.0,1990.0,8.626585568187433,0.0,8.612139668725192,4.110873864173311
CLX,2025Q1,2025,Q1,1,0,0,0,1668.0,744.0,924.0,506.0,474.0,450.0,238.0,254.0,186.0,27.0,213.0,5512.0,27.0,5577.0,-41.0,0.0161870503597122,0.2841726618705036,0.4460431654676259,0.1426858513189448,0.1115107913669064,31.0,31.0,33.0,32.0,32.0,29.0,38.0,35.0,33.0,32.0,34.0,31.0,0.0183867141162514,0.0175936435868331,0.0173410404624277,0.0176405733186328,0.0160804020100502,0.0209235209235209,0.0188211986131748,0.0182767624020887,0.0192419825072886,0.0183908045977011,0.0188784008883953,0.0171365395245992,-0.0804851157662623,-4.647058823529411,-0.0287206266318538,-0.15625,9.714285714285714,0.017094017094017,-7.047619047619048,-0.1183206106870229,-0.0813953488372093,-0.0766423357664233,-0.082396582733813,-0.0009899057498186,0.0562954336269887,0.1061202320195127,-4.966285794893497,-12.210526315789474,Consumer Staples,30.0,1.0,120,7.419979923661835,1686.0,1814.0,8.614864218589684,3.332204510175204,8.626585568187433,0.0
CLX,2025Q2,2025,Q2,0,1,0,0,1988.0,924.0,1064.0,328.0,296.0,432.0,596.0,410.0,332.0,32.0,364.0,5561.0,321.0,5512.0,27.0,0.0160965794768611,0.1488933601609658,0.4647887323943662,0.2997987927565392,0.1670020120724346,27.0,31.0,31.0,33.0,32.0,32.0,29.0,38.0,35.0,33.0,32.0,34.0,0.0161870503597122,0.0183867141162514,0.0175936435868331,0.0173410404624277,0.0176405733186328,0.0160804020100502,0.0209235209235209,0.0188211986131748,0.0182767624020887,0.0192419825072886,0.0183908045977011,0.0188784008883953,0.0446663163426168,0.537037037037037,0.0511945392491468,-0.0303030303030302,0.2067039106145252,0.8625,0.4909090909090909,0.0390625,-0.445692883895131,-0.4132379248658319,-0.0717639168343392,-0.4693931378533372,0.0062490986876893,0.7828659456740443,0.4713186526566808,0.4618473895582329,Consumer Staples,30.0,2.0,121,7.5953872788539725,1668.0,1903.0,8.62371303479391,5.7745515455444085,8.614864218589684,3.332204510175204
