ticker,Year_Quarter,year,quarter,Q1,Q2,Q3,Q4,revenue,grossProfit,costOfRevenue,operatingExpenses,snaExpenses,ebitda,operatingIncome,incomeBeforeTax,netIncome,rnd,net_plus_rnd,totalAssets,totalEquity,totalAssets_lag1,totalEquity_lag1,rnd_to_rev_ratio,sna_to_rev_ratio,grossProfitRatio,operatingIncomeRatio,netIncomeRatio,rnd_lag1,rnd_lag2,rnd_lag3,rnd_lag4,rnd_lag5,rnd_lag6,rnd_lag7,rnd_lag8,rnd_lag9,rnd_lag10,rnd_lag11,rnd_lag12,rnd_to_rev_ratio_lag1,rnd_to_rev_ratio_lag2,rnd_to_rev_ratio_lag3,rnd_to_rev_ratio_lag4,rnd_to_rev_ratio_lag5,rnd_to_rev_ratio_lag6,rnd_to_rev_ratio_lag7,rnd_to_rev_ratio_lag8,rnd_to_rev_ratio_lag9,rnd_to_rev_ratio_lag10,rnd_to_rev_ratio_lag11,rnd_to_rev_ratio_lag12,revenue_yoy,netIncome_yoy,grossProfit_yoy,rnd_yoy,ebitda_yoy,operatingIncome_yoy,incomeBeforeTax_yoy,costOfRevenue_yoy,snaExpenses_yoy,operatingExpenses_yoy,rnd_to_rev_ratio_yoy,sna_to_rev_ratio_yoy,grossProfitRatio_yoy,operatingIncomeRatio_yoy,netIncomeRatio_yoy,net_plus_rnd_yoy,gics_sectors,gics_sector_code,quarter_int,time_idx,revenue_log,revenue_lag1,revenue_lag4,totalAssets_log,totalEquity_log,totalAssets_lag1_log,totalEquity_lag1_log
CMI,1995Q2,1995,Q2,0,1,0,0,1361.0,340.0,1021.0,248.0,181.0,127.0,92.0,90.0,69.0,67.0,136.0,2879.0,1142.0,2809.0,1103.0,0.0492285084496693,0.132990448199853,0.2498163115356355,0.0675973548861131,0.0506980161645848,66.0,,,,,,,,,,,,0.0494752623688155,,,,,,,,,,,,,,,,,,,,,,,,,,,,Industrials,20.0,2.0,1,7.216709486709457,1334.0,,7.965545573129992,7.04141166379481,7.940939762327791,7.00669522683704
CMI,1995Q3,1995,Q3,0,0,1,0,1219.0,276.0,943.0,216.0,154.0,96.0,60.0,55.0,46.0,62.0,108.0,2878.0,1159.0,2879.0,1142.0,0.050712390693452916,0.1263330598851517,0.2264150943396226,0.0492206726825266,0.0377358490566037,67.0,66.0,,,,,,,,,,,0.0492285084496693,0.0494752623688155,,,,,,,,,,,,,,,,,,,,,,,,,,,Industrials,20.0,3.0,2,7.106606137727303,1361.0,,7.965198290612176,7.05617528410041,7.965545573129992,7.04141166379481
CMI,1995Q4,1995,Q4,0,0,0,1,1331.0,312.0,1019.0,360.0,174.0,107.0,-48.0,-55.0,42.0,68.0,110.0,3056.0,1183.0,2878.0,1159.0,0.050712390693452916,0.1307287753568745,0.2344102178812922,-0.0360631104432757,0.0315552216378662,62.0,67.0,66.0,,,,,,,,,,0.050712390693452916,0.0492285084496693,0.0494752623688155,,,,,,,,,,,,,,,,,,,,,,,,,,Industrials,20.0,4.0,3,7.194436851100335,1219.0,,8.025189321890835,7.076653815443951,7.965198290612176,7.05617528410041
CMI,1996Q1,1996,Q1,1,0,0,0,1316.0,316.0,1000.0,242.0,180.0,112.0,74.0,71.0,49.0,62.0,111.0,3136.0,1210.0,3056.0,1183.0,0.047112462006079,0.1367781155015197,0.2401215805471124,0.0562310030395136,0.0372340425531914,68.0,62.0,67.0,66.0,,,,,,,,,0.050712390693452916,0.050712390693452916,0.0492285084496693,0.0494752623688155,,,,,,,,,-0.0134932533733133,-0.2686567164179104,-0.0787172011661807,-0.0606060606060605,-0.1317829457364341,-0.2127659574468084,-0.1839080459770115,0.0090817356205852,-0.0163934426229508,-0.0281124497991968,-0.0477572073316754,-0.0029398574916539,-0.066116068659335,-0.2019983185669015,-0.2586535408066053,-0.1654135338345864,Industrials,20.0,1.0,4,7.183111701743281,1331.0,1334.0,8.051022208190679,7.099201743553092,8.025189321890835,7.076653815443951
CMI,1996Q2,1996,Q2,0,1,0,0,1316.0,300.0,1016.0,246.0,180.0,92.0,54.0,62.0,44.0,66.0,110.0,3270.0,1227.0,3136.0,1210.0,0.0501519756838905,0.1367781155015197,0.2279635258358662,0.0410334346504559,0.033434650455927,62.0,68.0,62.0,67.0,66.0,,,,,,,,0.047112462006079,0.050712390693452916,0.050712390693452916,0.0492285084496693,0.0494752623688155,,,,,,,,-0.0330639235855988,-0.3623188405797102,-0.1176470588235294,-0.0149253731343284,-0.2755905511811023,-0.4130434782608695,-0.3111111111111111,-0.0048971596474045,-0.005524861878453,-0.0080645161290322,0.018758789638434,0.0284807469478913,-0.087475415698194,-0.3929727765296683,-0.3405136337606274,-0.1911764705882352,Industrials,20.0,2.0,5,7.183111701743281,1316.0,1361.0,8.092851027538384,7.113142108707088,8.051022208190679,7.099201743553092
CMI,1996Q3,1996,Q3,0,0,1,0,1264.0,270.0,994.0,237.0,177.0,68.0,33.0,31.0,26.0,60.0,86.0,3301.0,1251.0,3270.0,1227.0,0.0474683544303797,0.1400316455696202,0.2136075949367088,0.0261075949367088,0.0205696202531645,66.0,62.0,68.0,62.0,67.0,66.0,,,,,,,0.0501519756838905,0.047112462006079,0.050712390693452916,0.050712390693452916,0.0492285084496693,0.0494752623688155,,,,,,,0.0369155045118949,-0.4347826086956522,-0.0217391304347825,-0.032258064516129,-0.2916666666666666,-0.4499999999999999,-0.4363636363636364,0.0540827147401907,0.1493506493506493,0.0972222222222223,-0.0667109024091465,0.1084323113595266,-0.0565664556962025,-0.4695806962025316,-0.4549050632911392,-0.2037037037037037,Industrials,20.0,3.0,6,7.142827401161621,1316.0,1219.0,8.102283624480073,7.132497551660044,8.092851027538384,7.113142108707088
CMI,1996Q4,1996,Q4,0,0,0,1,1361.0,299.0,1062.0,252.0,188.0,85.0,47.0,50.0,41.0,64.0,105.0,3369.0,1312.0,3301.0,1251.0,0.0470242468772961,0.1381337252020573,0.2196914033798677,0.0345334313005143,0.0301249081557678,60.0,66.0,62.0,68.0,62.0,67.0,66.0,,,,,,0.0474683544303797,0.0501519756838905,0.047112462006079,0.050712390693452916,0.050719484554333456,0.0492285084496693,0.0494752623688155,,,,,,0.0225394440270474,-0.0238095238095238,-0.0416666666666666,-0.0588235294117647,-0.205607476635514,-1.9791666666666663,-1.9090909090909087,0.0421982335623158,0.0804597701149425,-0.3,-0.07956952068116,0.0566436105973464,-0.062790840068577,-1.9575832721038453,-0.045327315349358,-0.0454545454545454,Industrials,20.0,4.0,7,7.216709486709457,1264.0,1331.0,8.122668023346407,7.180069874302796,8.102283624480073,7.132497551660044
CMI,1997Q1,1997,Q1,1,0,0,0,1304.0,286.0,1018.0,239.0,178.0,86.0,47.0,56.0,41.0,61.0,102.0,3466.0,1271.0,3369.0,1312.0,0.0467791411042944,0.1365030674846625,0.2193251533742331,0.036042944785276,0.031441717791411,64.0,60.0,66.0,62.0,68.0,62.0,67.0,66.0,,,,,0.0470242468772961,0.0474683544303797,0.0501519756838905,0.047112462006079,0.050719484554333456,0.050726578415213996,0.0492285084496693,0.0494752623688155,,,,,-0.0091185410334346,-0.1632653061224489,-0.0949367088607594,-0.0161290322580645,-0.2321428571428571,-0.3648648648648649,-0.2112676056338028,0.018,-0.011111111111111,-0.0123966942148759,-0.0070750049475558,-0.0020109066121336,-0.086607905568067,-0.3590200630077931,-0.1555652936021033,-0.081081081081081,Industrials,20.0,1.0,8,7.173958319756794,1361.0,1316.0,8.151044945685024,7.148345743900068,8.122668023346407,7.180069874302796
CMI,1997Q2,1997,Q2,0,1,0,0,1396.0,324.0,1072.0,250.0,186.0,115.0,74.0,74.0,53.0,64.0,117.0,3657.0,1323.0,3466.0,1271.0,0.0458452722063037,0.1332378223495702,0.2320916905444126,0.0530085959885386,0.0379656160458452,61.0,64.0,60.0,66.0,62.0,68.0,62.0,67.0,66.0,,,,0.0467791411042944,0.0470242468772961,0.0474683544303797,0.0501519756838905,0.047112462006079,0.050726578415213996,0.05073367227609453,0.0492285084496693,0.0494752623688155,,,,0.0607902735562309,0.2045454545454545,0.08,-0.0303030303030302,0.25,0.3703703703703704,0.1935483870967742,0.0551181102362203,0.0333333333333334,0.0162601626016261,-0.0858730572197621,-0.0258834765998088,0.0181088825214899,0.2918391170540166,0.1355170617348269,0.0636363636363637,Industrials,20.0,2.0,9,7.242082359256962,1304.0,1316.0,8.204671828950811,7.188412736496954,8.151044945685024,7.148345743900068
CMI,1997Q3,1997,Q3,0,0,1,0,1366.0,309.0,1057.0,245.0,181.0,102.0,64.0,69.0,54.0,64.0,118.0,3679.0,1342.0,3657.0,1323.0,0.0468521229868228,0.1325036603221083,0.226207906295754,0.0468521229868228,0.0395314787701317,64.0,61.0,64.0,60.0,66.0,62.0,68.0,62.0,67.0,66.0,,,0.0458452722063037,0.0467791411042944,0.0470242468772961,0.0474683544303797,0.0501519756838905,0.047112462006079,0.05073367227609453,0.05074076613697507,0.0492285084496693,0.0494752623688155,,,0.0806962025316455,1.076923076923077,0.1444444444444443,0.0666666666666666,0.5,0.9393939393939394,1.225806451612903,0.0633802816901407,0.0225988700564971,0.0337552742616034,-0.0129819424109322,-0.0537591714850568,0.0589881242882706,0.7945782865255779,0.9218380448248678,0.3720930232558139,Industrials,20.0,3.0,10,7.220373836723949,1396.0,1264.0,8.210668031162976,7.202661196523238,8.204671828950811,7.188412736496954
CMI,1997Q4,1997,Q4,0,0,0,1,1559.0,361.0,1198.0,270.0,199.0,131.0,91.0,87.0,64.0,71.0,135.0,3765.0,1422.0,3679.0,1342.0,0.04554201411161,0.1276459268762027,0.2315586914688903,0.0583707504810776,0.0410519563822963,64.0,64.0,61.0,64.0,60.0,66.0,62.0,68.0,62.0,67.0,66.0,,0.0468521229868228,0.0458452722063037,0.0467791411042944,0.0470242468772961,0.0474683544303797,0.0501519756838905,0.047112462006079,0.05074076613697507,0.05074785999785561,0.0492285084496693,0.0494752623688155,,0.1454812637766347,0.5609756097560976,0.2073578595317726,0.109375,0.5411764705882354,0.9361702127659576,0.74,0.128060263653484,0.0585106382978724,0.0714285714285714,-0.0315206061577933,-0.0759249655398305,0.0540179902647481,0.690267902228652,0.3627246984464711,0.2857142857142858,Industrials,20.0,4.0,11,7.352441100243583,1366.0,1361.0,8.233768709217097,7.260522598089852,8.210668031162976,7.202661196523238
CMI,1998Q1,1998,Q1,1,0,0,0,1500.0,340.0,1160.0,312.0,202.0,118.0,28.0,14.0,7.0,67.0,74.0,4496.0,1409.0,3765.0,1422.0,0.0446666666666666,0.1346666666666666,0.2266666666666666,0.0186666666666666,0.0046666666666666,71.0,64.0,64.0,61.0,64.0,60.0,66.0,62.0,68.0,62.0,67.0,66.0,0.04554201411161,0.0468521229868228,0.0458452722063037,0.0467791411042944,0.0470242468772961,0.0474683544303797,0.0501519756838905,0.047112462006079,0.05074785999785561,0.050754953858736136,0.0492285084496693,0.0494752623688155,0.1503067484662577,-0.8292682926829268,0.1888111888111887,0.098360655737705,0.3720930232558139,-0.4042553191489362,-0.75,0.1394891944990177,0.1348314606741574,0.3054393305439331,-0.0451584699453552,-0.0134531835205992,0.0334731934731933,-0.4820992907801418,-0.8515772357723577,-0.2745098039215686,Industrials,20.0,1.0,12,7.313886831633462,1559.0,1304.0,8.411165786770708,7.251344983372214,8.233768709217097,7.260522598089852
CMI,1998Q2,1998,Q2,0,1,0,0,1635.0,369.0,1266.0,264.0,199.0,156.0,105.0,81.0,53.0,65.0,118.0,4528.0,1426.0,4496.0,1409.0,0.0397553516819571,0.1217125382262997,0.2256880733944954,0.0642201834862385,0.0324159021406727,67.0,71.0,64.0,64.0,61.0,64.0,60.0,66.0,62.0,68.0,62.0,67.0,0.0446666666666666,0.04554201411161,0.0468521229868228,0.0458452722063037,0.0467791411042944,0.0470242468772961,0.0474683544303797,0.0501519756838905,0.047112462006079,0.050754953858736136,0.050762047719616676,0.0492285084496693,0.1712034383954155,0.0,0.1388888888888888,0.015625,0.3565217391304347,0.4189189189189188,0.0945945945945945,0.1809701492537314,0.0698924731182795,0.056,-0.1328363914373088,-0.0865015948176647,-0.0275908936459394,0.2115050830647162,-0.146177370030581,0.0085470085470085,Industrials,20.0,2.0,13,7.400009517162692,1500.0,1396.0,8.418256443556213,7.2633296174768365,8.411165786770708,7.251344983372214
CMI,1998Q3,1998,Q3,0,0,1,0,1525.0,307.0,1218.0,426.0,191.0,105.0,-119.0,-143.0,-110.0,61.0,-49.0,4528.0,1298.0,4528.0,1426.0,0.04,0.1252459016393442,0.201311475409836,-0.0780327868852459,-0.0721311475409836,65.0,67.0,71.0,64.0,64.0,61.0,64.0,60.0,66.0,62.0,68.0,62.0,0.0397553516819571,0.0446666666666666,0.04554201411161,0.0468521229868228,0.0458452722063037,0.0467791411042944,0.0470242468772961,0.0474683544303797,0.0501519756838905,0.047112462006079,0.050762047719616676,0.05076914158049722,0.116398243045388,-3.037037037037037,-0.0064724919093851,-0.046875,0.0294117647058822,-2.859375,-3.072463768115942,0.1523178807947018,0.0552486187845304,0.7387755102040816,-0.14625,-0.0547740240920205,-0.1100599501299802,-2.665512295081967,-2.8246508803885853,-1.4152542372881356,Industrials,20.0,3.0,14,7.330405211844402,1635.0,1366.0,8.418256443556213,7.1693500166706,8.418256443556213,7.2633296174768365
CMI,1998Q4,1998,Q4,0,0,0,1,1606.0,325.0,1281.0,257.0,195.0,119.0,68.0,42.0,29.0,62.0,91.0,4542.0,1272.0,4528.0,1298.0,0.0386052303860523,0.1214196762141967,0.2023661270236612,0.0423412204234122,0.0180572851805728,61.0,65.0,67.0,71.0,64.0,64.0,61.0,64.0,60.0,66.0,62.0,68.0,0.04,0.0397553516819571,0.0446666666666666,0.04554201411161,0.0468521229868228,0.0458452722063037,0.0467791411042944,0.0470242468772961,0.0474683544303797,0.0501519756838905,0.047112462006079,0.05076914158049722,0.0301475304682488,-0.546875,-0.0997229916897507,-0.1267605633802817,-0.0916030534351145,-0.2527472527472527,-0.5172413793103448,0.0692821368948246,-0.0201005025125627,-0.0481481481481481,-0.1523161384245698,-0.0487775114676745,-0.1260698281720557,-0.2746157951637403,-0.5601358188044832,-0.3259259259259259,Industrials,20.0,4.0,15,7.382124365737512,1525.0,1559.0,8.421342865759403,7.149131598557407,8.418256443556213,7.1693500166706
CMI,1999Q1,1999,Q1,1,0,0,0,1505.0,301.0,1204.0,232.0,178.0,125.0,69.0,36.0,24.0,54.0,78.0,4691.0,1295.0,4542.0,1272.0,0.0358803986710963,0.1182724252491694,0.2,0.0458471760797342,0.0159468438538205,62.0,61.0,65.0,67.0,71.0,64.0,64.0,61.0,64.0,60.0,66.0,62.0,0.0386052303860523,0.04,0.0397553516819571,0.0446666666666666,0.04554201411161,0.0468521229868228,0.0458452722063037,0.0467791411042944,0.0470242468772961,0.0474683544303797,0.0501519756838905,0.047112462006079,0.0033333333333334,2.4285714285714284,-0.1147058823529412,-0.1940298507462686,0.0593220338983051,1.4642857142857144,1.5714285714285716,0.0379310344827585,-0.1188118811881188,-0.2564102564102564,-0.1967074924381415,-0.1217394164665635,-0.1176470588235293,1.45609871855719,2.417180825818699,0.0540540540540539,Industrials,20.0,1.0,16,7.317212408359839,1606.0,1500.0,8.453614209773367,7.16703787691222,8.421342865759403,7.149131598557407
CMI,1999Q2,1999,Q2,0,1,0,0,1667.0,371.0,1296.0,260.0,200.0,169.0,111.0,84.0,58.0,60.0,118.0,4770.0,1327.0,4691.0,1295.0,0.035992801439712,0.1199760047990401,0.2225554889022195,0.0665866826634673,0.0347930413917216,54.0,62.0,61.0,65.0,67.0,71.0,64.0,64.0,61.0,64.0,60.0,66.0,0.0358803986710963,0.0386052303860523,0.04,0.0397553516819571,0.0446666666666666,0.04554201411161,0.0468521229868228,0.0458452722063037,0.0467791411042944,0.0470242468772961,0.0474683544303797,0.0501519756838905,0.0195718654434251,0.0943396226415094,0.005420054200542,-0.0769230769230768,0.0833333333333332,0.0571428571428571,0.0370370370370369,0.0236966824644548,0.0050251256281406,-0.0151515151515151,-0.0946426099395505,-0.0142674982591421,-0.0138801507991085,0.0368497729025623,0.0733325033106586,0.0,Industrials,20.0,2.0,17,7.419380582918692,1505.0,1635.0,8.470311205516108,7.191429330036379,8.453614209773367,7.16703787691222
CMI,1999Q3,1999,Q3,0,0,1,0,1631.0,361.0,1270.0,259.0,192.0,160.0,102.0,73.0,53.0,67.0,120.0,4878.0,1342.0,4770.0,1327.0,0.0410790925812385,0.117719190680564,0.2213366033108522,0.0625383200490496,0.032495401594114,60.0,54.0,62.0,61.0,65.0,67.0,71.0,64.0,64.0,61.0,64.0,60.0,0.035992801439712,0.0358803986710963,0.0386052303860523,0.04,0.0397553516819571,0.0446666666666666,0.04554201411161,0.0468521229868228,0.0458452722063037,0.0467791411042944,0.0470242468772961,0.0474683544303797,0.0695081967213113,-1.481818181818182,0.1758957654723127,0.098360655737705,0.5238095238095237,-1.8571428571428568,-1.5104895104895104,0.0426929392446633,0.0052356020942407,-0.392018779342723,0.0269773145309626,-0.0600954670792659,0.0994733552086306,-1.8014364544100905,-1.4505044311911264,-3.4489795918367347,Industrials,20.0,3.0,18,7.397561535524052,1667.0,1525.0,8.492695559815838,7.202661196523238,8.470311205516108,7.191429330036379
CMI,1999Q4,1999,Q4,0,0,0,1,1836.0,385.0,1451.0,335.0,211.0,171.0,50.0,28.0,25.0,64.0,89.0,4697.0,1429.0,4878.0,1342.0,0.0348583877995642,0.1149237472766884,0.2096949891067538,0.0272331154684095,0.0136165577342047,67.0,60.0,54.0,62.0,61.0,65.0,67.0,71.0,64.0,64.0,61.0,64.0,0.0410790925812385,0.035992801439712,0.0358803986710963,0.0386052303860523,0.04,0.0397553516819571,0.0446666666666666,0.04554201411161,0.0468521229868228,0.0458452722063037,0.0467791411042944,0.0470242468772961,0.1432129514321294,-0.1379310344827586,0.1846153846153846,0.032258064516129,0.4369747899159664,-0.2647058823529411,-0.3333333333333333,0.1327088212334113,0.0820512820512819,0.3035019455252918,-0.0970553095790287,-0.0534998044801966,0.0362158538629127,-0.3568178905549147,-0.2459244234092104,-0.021978021978022,Industrials,20.0,4.0,19,7.515889085215125,1631.0,1606.0,8.454892165218858,7.265429723253953,8.492695559815838,7.202661196523238
CMI,2000Q1,2000,Q1,1,0,0,0,1648.0,335.0,1313.0,253.0,194.0,139.0,82.0,62.0,42.0,59.0,101.0,4915.0,1444.0,4697.0,1429.0,0.0358009708737864,0.1177184466019417,0.2032766990291262,0.049757281553398,0.0254854368932038,64.0,67.0,60.0,54.0,62.0,61.0,65.0,67.0,71.0,64.0,64.0,61.0,0.0348583877995642,0.0410790925812385,0.035992801439712,0.0358803986710963,0.0386052303860523,0.04,0.0397553516819571,0.0446666666666666,0.04554201411161,0.0468521229868228,0.0458452722063037,0.0467791411042944,0.0950166112956809,0.75,0.1129568106312293,0.0925925925925925,0.1120000000000001,0.1884057971014492,0.7222222222222223,0.090531561461794,0.0898876404494382,0.0905172413793102,-0.0022136821287307,-0.004683920584706,0.0163834951456309,0.0852856338820879,0.5981492718446604,0.2948717948717949,Industrials,20.0,1.0,20,7.407924322559599,1836.0,1505.0,8.500250470685925,7.275864600546533,8.454892165218858,7.265429723253953
CMI,2000Q2,2000,Q2,0,1,0,0,1769.0,351.0,1418.0,249.0,190.0,162.0,102.0,86.0,61.0,59.0,120.0,4893.0,1461.0,4915.0,1444.0,0.0333521763708309,0.1074053137365743,0.1984171848501978,0.0576596947427925,0.0344827586206896,59.0,64.0,67.0,60.0,54.0,62.0,61.0,65.0,67.0,71.0,64.0,64.0,0.0358009708737864,0.0348583877995642,0.0410790925812385,0.035992801439712,0.0358803986710963,0.0386052303860523,0.04,0.0397553516819571,0.0446666666666666,0.04554201411161,0.0468521229868228,0.0458452722063037,0.0611877624475105,0.0517241379310344,-0.0539083557951483,-0.0166666666666667,-0.0414201183431952,-0.081081081081081,0.0238095238095237,0.0941358024691358,-0.05,-0.0423076923076922,-0.0733653664970792,-0.1047767100056529,-0.1084597111987066,-0.1340656654393227,-0.0089179548156956,0.0169491525423728,Industrials,20.0,2.0,21,7.478734825567875,1648.0,1667.0,8.495765244002618,7.2875606403097235,8.500250470685925,7.275864600546533
CMI,2000Q3,2000,Q3,0,0,1,0,1572.0,310.0,1262.0,257.0,195.0,116.0,53.0,39.0,25.0,62.0,87.0,4874.0,1459.0,4893.0,1461.0,0.0394402035623409,0.1240458015267175,0.1972010178117048,0.0337150127226463,0.0159033078880407,59.0,59.0,64.0,67.0,60.0,54.0,62.0,61.0,65.0,67.0,71.0,64.0,0.0333521763708309,0.0358009708737864,0.0348583877995642,0.0410790925812385,0.035992801439712,0.0358803986710963,0.0386052303860523,0.04,0.0397553516819571,0.0446666666666666,0.04554201411161,0.0468521229868228,-0.0361741263028816,-0.5283018867924528,-0.1412742382271468,-0.0746268656716417,-0.275,-0.480392156862745,-0.4657534246575342,-0.0062992125984252,0.015625,-0.0077220077220077,-0.0398959401465953,0.0537432410941476,-0.1090447090003029,-0.460890335778077,-0.5105982044265207,-0.275,Industrials,20.0,3.0,22,7.360739903058278,1769.0,1631.0,8.491875383431948,7.286191714702382,8.495765244002618,7.2875606403097235
CMI,2000Q4,2000,Q4,0,0,0,1,1608.0,263.0,1345.0,421.0,197.0,62.0,-158.0,-184.0,-120.0,64.0,-56.0,4500.0,1336.0,4874.0,1459.0,0.0398009950248756,0.1225124378109452,0.1635572139303482,-0.0982587064676616,-0.0746268656716417,62.0,59.0,59.0,64.0,67.0,60.0,54.0,62.0,61.0,65.0,67.0,71.0,0.0394402035623409,0.0333521763708309,0.0358009708737864,0.0348583877995642,0.0410790925812385,0.035992801439712,0.0358803986710963,0.0386052303860523,0.04,0.0397553516819571,0.0446666666666666,0.04554201411161,-0.1241830065359477,-5.8,-0.3168831168831169,0.0,-0.6374269005847953,-4.16,-7.571428571428571,-0.0730530668504479,-0.0663507109004739,0.2567164179104477,0.1417910447761192,0.0660323972554288,-0.2200232603217679,-4.608059701492537,-6.480597014925372,-1.6292134831460674,Industrials,20.0,4.0,23,7.3833681469923835,1572.0,1836.0,8.412054873292933,7.198183577101943,8.491875383431948,7.286191714702382
CMI,2001Q1,2001,Q1,1,0,0,0,1349.0,232.0,1117.0,236.0,183.0,55.0,-4.0,-29.0,-26.0,53.0,27.0,4595.0,1272.0,4500.0,1336.0,0.039288361749444,0.1356560415122313,0.1719792438843587,-0.0029651593773165,-0.0192735359525574,64.0,62.0,59.0,59.0,64.0,67.0,60.0,54.0,62.0,61.0,65.0,67.0,0.0398009950248756,0.0394402035623409,0.0333521763708309,0.0358009708737864,0.0348583877995642,0.0410790925812385,0.035992801439712,0.0358803986710963,0.0386052303860523,0.04,0.0397553516819571,0.0446666666666666,-0.1814320388349514,-1.619047619047619,-0.3074626865671641,-0.1016949152542372,-0.60431654676259,-1.048780487804878,-1.467741935483871,-0.1492764661081492,-0.056701030927835,-0.067193675889328,0.097410511238708,0.1523770949080265,-0.1539647942644081,-1.05959247138802,-1.7562568392813018,-0.7326732673267327,Industrials,20.0,1.0,24,7.2078598714324755,1608.0,1648.0,8.432941638968646,7.149131598557407,8.412054873292933,7.198183577101943
CMI,2001Q2,2001,Q2,0,1,0,0,1461.0,269.0,1192.0,366.0,183.0,87.0,-97.0,-117.0,-82.0,58.0,-24.0,4452.0,1171.0,4595.0,1272.0,0.0396988364134154,0.1252566735112936,0.1841204654346338,-0.0663928815879534,-0.056125941136208,53.0,64.0,62.0,59.0,59.0,64.0,67.0,60.0,54.0,62.0,61.0,65.0,0.039288361749444,0.0398009950248756,0.0394402035623409,0.0333521763708309,0.0358009708737864,0.0348583877995642,0.0410790925812385,0.035992801439712,0.0358803986710963,0.0386052303860523,0.04,0.0397553516819571,-0.1741096664782363,-2.344262295081968,-0.2336182336182336,-0.0169491525423728,-0.4629629629629629,-1.9509803921568627,-2.360465116279069,-0.159379407616361,-0.0368421052631579,0.4698795180722892,0.1902922307683383,0.1662055549551497,-0.0720538365986689,-2.15146085812833,-2.6276522929500343,-1.2,Industrials,20.0,2.0,25,7.2875606403097235,1349.0,1769.0,8.401333305321703,7.066466970136958,8.432941638968646,7.149131598557407
CMI,2001Q3,2001,Q3,0,0,1,0,1408.0,255.0,1153.0,230.0,177.0,82.0,25.0,15.0,3.0,53.0,56.0,4428.0,1182.0,4452.0,1171.0,0.0376420454545454,0.1257102272727272,0.1811079545454545,0.0177556818181818,0.0021306818181818,58.0,53.0,64.0,62.0,59.0,59.0,64.0,67.0,60.0,54.0,62.0,61.0,0.0396988364134154,0.039288361749444,0.0398009950248756,0.0394402035623409,0.0333521763708309,0.0358009708737864,0.0348583877995642,0.0410790925812385,0.035992801439712,0.0358803986710963,0.0386052303860523,0.04,-0.104325699745547,-0.88,-0.1774193548387096,-0.1451612903225806,-0.2931034482758621,-0.5283018867924528,-0.6153846153846154,-0.0863708399366085,-0.0923076923076923,-0.1050583657587548,-0.0455920087976539,0.0134178321678322,-0.0816074046920821,-0.4733597770154374,-0.8660227272727272,-0.3563218390804598,Industrials,20.0,3.0,26,7.25063551189868,1461.0,1572.0,8.395929103923198,7.075808863978387,8.401333305321703,7.066466970136958
CMI,2001Q4,2001,Q4,0,0,0,1,1463.0,265.0,1198.0,241.0,185.0,80.0,24.0,13.0,3.0,56.0,59.0,4335.0,1025.0,4428.0,1182.0,0.0382775119617224,0.1264524948735475,0.1811346548188653,0.0164046479835953,0.0020505809979494,53.0,58.0,53.0,64.0,62.0,59.0,59.0,64.0,67.0,60.0,54.0,62.0,0.0376420454545454,0.0396988364134154,0.039288361749444,0.0398009950248756,0.0394402035623409,0.0333521763708309,0.0358009708737864,0.0348583877995642,0.0410790925812385,0.035992801439712,0.0358803986710963,0.0386052303860523,-0.0901741293532338,-1.025,0.0076045627376426,-0.125,0.2903225806451612,-1.1518987341772151,-1.0706521739130437,-0.1092936802973977,-0.0609137055837563,-0.4275534441805225,-0.0382775119617224,0.0321604657698699,0.1074696766111615,-1.1669536326431729,-1.0274777853725223,-2.053571428571429,Industrials,20.0,4.0,27,7.288927694521257,1408.0,1608.0,8.374707543119483,6.933423025730715,8.395929103923198,7.075808863978387
CMI,2002Q1,2002,Q1,1,0,0,0,1333.0,226.0,1107.0,242.0,186.0,38.0,-16.0,-38.0,-29.0,56.0,27.0,4391.0,988.0,4335.0,1025.0,0.0420105026256564,0.1395348837209302,0.1695423855963991,-0.0120030007501875,-0.0217554388597149,56.0,53.0,58.0,53.0,64.0,62.0,59.0,59.0,64.0,67.0,60.0,54.0,0.0382775119617224,0.0376420454545454,0.0396988364134154,0.039288361749444,0.0398009950248756,0.0394402035623409,0.0333521763708309,0.0358009708737864,0.0348583877995642,0.0410790925812385,0.035992801439712,0.0358803986710963,-0.0118606375092661,0.1153846153846154,-0.0258620689655172,0.0566037735849056,-0.3090909090909091,3.0,0.3103448275862068,-0.008952551477171,0.0163934426229508,0.0254237288135592,0.0692861894718961,0.0285932138772397,-0.0141694906485242,3.0480120030007507,0.1287725777598245,0.0,Industrials,20.0,1.0,28,7.195937226475569,1463.0,1349.0,8.387539983189367,6.8966943316227125,8.374707543119483,6.933423025730715
CMI,2002Q2,2002,Q2,0,1,0,0,1458.0,277.0,1181.0,243.0,186.0,89.0,34.0,29.0,16.0,55.0,71.0,4533.0,1026.0,4391.0,988.0,0.0377229080932784,0.1275720164609053,0.1899862825788751,0.0233196159122085,0.0109739368998628,56.0,56.0,53.0,58.0,53.0,64.0,62.0,59.0,59.0,64.0,67.0,60.0,0.0420105026256564,0.0382775119617224,0.0376420454545454,0.0396988364134154,0.039288361749444,0.0398009950248756,0.0394402035623409,0.0333521763708309,0.0358009708737864,0.0348583877995642,0.0410790925812385,0.035992801439712,-0.002053388090349,-1.195121951219512,0.0297397769516729,-0.0517241379310344,0.0229885057471264,-1.350515463917526,-1.247863247863248,-0.0092281879194631,0.0163934426229508,-0.3360655737704918,-0.0497729530296581,0.0184847871550968,0.0318585830770878,-1.351236689151924,-1.1955234367158487,-3.9583333333333335,Industrials,20.0,2.0,29,7.285506548522785,1333.0,1461.0,8.419359831067474,6.934397209928558,8.387539983189367,6.8966943316227125
CMI,2002Q3,2002,Q3,0,0,1,0,1648.0,310.0,1338.0,245.0,192.0,122.0,65.0,63.0,39.0,53.0,92.0,4619.0,1052.0,4533.0,1026.0,0.0321601941747572,0.116504854368932,0.1881067961165048,0.0394417475728155,0.0236650485436893,55.0,56.0,56.0,53.0,58.0,53.0,64.0,62.0,59.0,59.0,64.0,67.0,0.0377229080932784,0.0420105026256564,0.0382775119617224,0.0376420454545454,0.0396988364134154,0.039288361749444,0.0398009950248756,0.0394402035623409,0.0333521763708309,0.0358009708737864,0.0348583877995642,0.0410790925812385,0.1704545454545454,12.0,0.2156862745098038,0.0,0.4878048780487805,1.6,3.2,0.1604509973980918,0.0847457627118644,0.0652173913043479,-0.1456310679611651,-0.0732269211782128,0.0386445840472109,1.221359223300971,10.106796116504857,0.6428571428571428,Industrials,20.0,3.0,30,7.407924322559599,1458.0,1408.0,8.438149984075784,6.959398512133975,8.419359831067474,6.934397209928558
CMI,2002Q4,2002,Q4,0,0,0,1,1414.0,235.0,1179.0,202.0,172.0,81.0,33.0,-22.0,59.0,37.0,96.0,4837.0,841.0,4619.0,1052.0,0.0261669024045261,0.1216407355021216,0.1661951909476662,0.0233380480905233,0.0417256011315417,53.0,55.0,56.0,56.0,53.0,58.0,53.0,64.0,62.0,59.0,59.0,64.0,0.0321601941747572,0.0377229080932784,0.0420105026256564,0.0382775119617224,0.0376420454545454,0.0396988364134154,0.039288361749444,0.0398009950248756,0.0394402035623409,0.0333521763708309,0.0358009708737864,0.0348583877995642,-0.0334928229665071,18.666666666666668,-0.1132075471698113,-0.3392857142857143,0.0124999999999999,0.375,-2.6923076923076925,-0.0158597662771285,-0.0702702702702702,-0.1618257261410788,-0.3163896746817538,-0.0380519132994381,-0.0824771156360919,0.4226485148514851,19.348184818481847,0.6271186440677967,Industrials,20.0,4.0,31,7.254884810077338,1648.0,1463.0,8.484256691169973,6.7357800142423265,8.438149984075784,6.959398512133975
CMI,2003Q1,2003,Q1,1,0,0,0,1387.0,214.0,1173.0,241.0,195.0,28.0,-27.0,-34.0,-34.0,46.0,12.0,4787.0,801.0,4837.0,841.0,0.0331651045421773,0.1405912040374909,0.1542898341744772,-0.019466474405191,-0.0245133381398702,37.0,53.0,55.0,56.0,56.0,53.0,58.0,53.0,64.0,62.0,59.0,59.0,0.0261669024045261,0.0321601941747572,0.0377229080932784,0.0420105026256564,0.0382775119617224,0.0376420454545454,0.0396988364134154,0.039288361749444,0.0398009950248756,0.0394402035623409,0.0333521763708309,0.0358009708737864,0.0405101275318828,0.1724137931034481,-0.0530973451327433,-0.1785714285714286,-0.2631578947368421,0.6875,-0.1052631578947368,0.0596205962059621,0.0483870967741935,-0.0041322314049586,-0.2105520650942425,0.0075702956020187,-0.0899630577231052,0.6218006488824801,0.1267682669119656,-0.5555555555555556,Industrials,20.0,1.0,32,7.23561914106675,1414.0,1333.0,8.473868066677865,6.687108607866515,8.484256691169973,6.7357800142423265
CMI,2003Q2,2003,Q2,0,1,0,0,1539.0,276.0,1263.0,250.0,200.0,80.0,26.0,19.0,14.0,50.0,64.0,4885.0,846.0,4787.0,801.0,0.032488628979857,0.1299545159194282,0.1793372319688109,0.0168940870695256,0.0090968161143599,46.0,37.0,53.0,55.0,56.0,56.0,53.0,58.0,53.0,64.0,62.0,59.0,0.0331651045421773,0.0261669024045261,0.0321601941747572,0.0377229080932784,0.0420105026256564,0.0382775119617224,0.0376420454545454,0.0396988364134154,0.039288361749444,0.0398009950248756,0.0394402035623409,0.0333521763708309,0.0555555555555555,-0.125,-0.0036101083032491,-0.0909090909090909,-0.101123595505618,-0.2352941176470588,-0.3448275862068966,0.0694326841659611,0.075268817204301,0.0288065843621398,-0.1387559808612439,0.0186757215619692,-0.0560516815504466,-0.2755417956656347,-0.1710526315789473,-0.0985915492957746,Industrials,20.0,2.0,33,7.3395376954076745,1387.0,1458.0,8.494129251817686,6.741700694652055,8.473868066677865,6.687108607866515
CMI,2003Q3,2003,Q3,0,0,1,0,1634.0,293.0,1341.0,259.0,208.0,85.0,34.0,36.0,24.0,51.0,75.0,4986.0,893.0,4885.0,846.0,0.0312117503059975,0.1272949816401468,0.1793145654834761,0.0208078335373317,0.01468788249694,50.0,46.0,37.0,53.0,55.0,56.0,56.0,53.0,58.0,53.0,64.0,62.0,0.032488628979857,0.0331651045421773,0.0261669024045261,0.0321601941747572,0.0377229080932784,0.0420105026256564,0.0382775119617224,0.0376420454545454,0.0396988364134154,0.039288361749444,0.0398009950248756,0.0394402035623409,-0.008495145631068,-0.3846153846153846,-0.0548387096774193,-0.0377358490566037,-0.3032786885245901,-0.4769230769230769,-0.4285714285714286,0.0022421524663676,0.0833333333333332,0.0571428571428571,-0.0294912357682269,0.0926152590779274,-0.0467406325265526,-0.4724413896996516,-0.3793428114113548,-0.1847826086956522,Industrials,20.0,3.0,34,7.399398083331354,1539.0,1648.0,8.514589805546123,6.795705775173514,8.494129251817686,6.741700694652055
CMI,2003Q4,2003,Q4,0,0,0,1,1736.0,336.0,1400.0,279.0,227.0,113.0,57.0,34.0,43.0,52.0,95.0,5126.0,949.0,4986.0,893.0,0.0299539170506912,0.1307603686635944,0.1935483870967742,0.0328341013824884,0.0247695852534562,51.0,50.0,46.0,37.0,53.0,55.0,56.0,56.0,53.0,58.0,53.0,64.0,0.0312117503059975,0.032488628979857,0.0331651045421773,0.0261669024045261,0.0321601941747572,0.0377229080932784,0.0420105026256564,0.0382775119617224,0.0376420454545454,0.0396988364134154,0.039288361749444,0.0398009950248756,0.2277227722772277,-0.2711864406779661,0.4297872340425532,0.4054054054054055,0.3950617283950617,0.7272727272727273,-2.5454545454545454,0.1874469889737064,0.319767441860465,0.3811881188118811,0.1447253705318221,0.0749718679669917,0.1645847632120796,0.4068914956011729,-0.4063696008747949,-0.0104166666666666,Industrials,20.0,4.0,35,7.459914766241105,1634.0,1414.0,8.5422759717837,6.856461984594587,8.514589805546123,6.795705775173514
CMI,2004Q1,2004,Q1,1,0,0,0,1771.0,345.0,1426.0,279.0,223.0,124.0,66.0,51.0,33.0,56.0,89.0,5588.0,1010.0,5126.0,949.0,0.0316205533596837,0.1259175607001694,0.1948051948051948,0.0372670807453416,0.0186335403726708,52.0,51.0,50.0,46.0,37.0,53.0,55.0,56.0,56.0,53.0,58.0,53.0,0.0299539170506912,0.0312117503059975,0.032488628979857,0.0331651045421773,0.0261669024045261,0.0321601941747572,0.0377229080932784,0.0420105026256564,0.0382775119617224,0.0376420454545454,0.0396988364134154,0.039288361749444,0.2768565248738284,-1.9705882352941175,0.6121495327102804,0.2173913043478261,3.428571428571429,-3.4444444444444446,-2.5,0.2156862745098038,0.1435897435897435,0.1576763485477179,-0.046571575872143,-0.1043709913275129,0.2625925476392767,-2.9144237405106974,-1.760138838143953,6.416666666666667,Industrials,20.0,1.0,36,7.4798641311650265,1736.0,1387.0,8.628555659269699,6.918695219020472,8.5422759717837,6.856461984594587
CMI,2004Q2,2004,Q2,0,1,0,0,2124.0,428.0,1696.0,310.0,251.0,185.0,118.0,121.0,82.0,59.0,141.0,5961.0,1126.0,5588.0,1010.0,0.0277777777777777,0.1181732580037664,0.2015065913370998,0.0555555555555555,0.0386064030131826,56.0,52.0,51.0,50.0,46.0,37.0,53.0,55.0,56.0,56.0,53.0,58.0,0.0316205533596837,0.0299539170506912,0.0312117503059975,0.032488628979857,0.0331651045421773,0.0261669024045261,0.0321601941747572,0.0377229080932784,0.0420105026256564,0.0382775119617224,0.0376420454545454,0.0396988364134154,0.3801169590643274,4.857142857142857,0.5507246376811594,0.1799999999999999,1.3125,3.5384615384615383,5.368421052631579,0.3428345209817893,0.2549999999999999,0.24,-0.145,-0.0906567796610169,0.1236182756079586,2.2884615384615383,3.2439467312348675,1.203125,Industrials,20.0,2.0,37,7.661527081358517,1771.0,1539.0,8.693161274238017,7.027314514039777,8.628555659269699,6.918695219020472
CMI,2004Q3,2004,Q3,0,0,1,0,2194.0,434.0,1760.0,320.0,260.0,183.0,114.0,118.0,116.0,60.0,176.0,6168.0,1283.0,5961.0,1126.0,0.0273473108477666,0.1185050136736554,0.1978122151321786,0.0519598906107566,0.0528714676390155,59.0,56.0,52.0,51.0,50.0,46.0,37.0,53.0,55.0,56.0,56.0,53.0,0.0277777777777777,0.0316205533596837,0.0299539170506912,0.0312117503059975,0.032488628979857,0.0331651045421773,0.0261669024045261,0.0321601941747572,0.0377229080932784,0.0420105026256564,0.0382775119617224,0.0376420454545454,0.342717258261934,3.833333333333333,0.4812286689419796,0.1764705882352941,1.152941176470588,2.3529411764705883,2.2777777777777777,0.3124533929903057,0.25,0.2355212355212355,-0.1238136093088101,-0.0690519598906107,0.1031575410443002,1.497131213469891,2.5996657550896383,1.346666666666667,Industrials,20.0,3.0,38,7.693937325509272,2124.0,1634.0,8.72729202920964,7.157735484249907,8.693161274238017,7.027314514039777
CMI,2004Q4,2004,Q4,0,0,0,1,2349.0,473.0,1876.0,347.0,281.0,198.0,126.0,142.0,119.0,66.0,185.0,6527.0,1401.0,6168.0,1283.0,0.0280970625798212,0.1196253724989357,0.2013622818220519,0.053639846743295,0.0506598552575564,60.0,59.0,56.0,52.0,51.0,50.0,46.0,37.0,53.0,55.0,56.0,56.0,0.0273473108477666,0.0277777777777777,0.0316205533596837,0.0299539170506912,0.0312117503059975,0.032488628979857,0.0331651045421773,0.0261669024045261,0.0321601941747572,0.0377229080932784,0.0420105026256564,0.0382775119617224,0.3531105990783409,1.7674418604651163,0.4077380952380953,0.2692307692307691,0.752212389380531,1.210526315789474,3.1764705882352944,0.3400000000000001,0.2378854625550661,0.2437275985663083,-0.0619903723351998,-0.0851557415940422,0.040371789413935,0.6336627008133362,1.0452443890027423,0.9473684210526316,Industrials,20.0,4.0,39,7.762170607138205,2194.0,1736.0,8.783855896643942,7.2456550675945355,8.72729202920964,7.157735484249907
CMI,2005Q1,2005,Q1,1,0,0,0,2208.0,456.0,1752.0,288.0,259.0,239.0,168.0,135.0,97.0,63.0,160.0,6425.0,1494.0,6527.0,1401.0,0.0285326086956521,0.1173007246376811,0.2065217391304347,0.0760869565217391,0.0439311594202898,66.0,60.0,59.0,56.0,52.0,51.0,50.0,46.0,37.0,53.0,55.0,56.0,0.0280970625798212,0.0273473108477666,0.0277777777777777,0.0316205533596837,0.0299539170506912,0.0312117503059975,0.032488628979857,0.0331651045421773,0.0261669024045261,0.0321601941747572,0.0377229080932784,0.0420105026256564,0.2467532467532467,1.9393939393939397,0.3217391304347825,0.125,0.9274193548387096,1.5454545454545454,1.6470588235294117,0.2286115007012623,0.1614349775784753,0.032258064516129,-0.09765625,-0.0684323617339314,0.0601449275362317,1.041666666666667,1.3576388888888888,0.797752808988764,Industrials,20.0,1.0,40,7.700295203420117,2349.0,1771.0,8.768107539675803,7.3098814858247865,8.783855896643942,7.2456550675945355
CMI,2005Q2,2005,Q2,0,1,0,0,2490.0,550.0,1940.0,319.0,287.0,304.0,231.0,207.0,141.0,73.0,214.0,6580.0,1604.0,6425.0,1494.0,0.0293172690763052,0.1152610441767068,0.2208835341365461,0.0927710843373494,0.0566265060240963,63.0,66.0,60.0,59.0,56.0,52.0,51.0,50.0,46.0,37.0,53.0,55.0,0.0285326086956521,0.0280970625798212,0.0273473108477666,0.0277777777777777,0.0316205533596837,0.0299539170506912,0.0312117503059975,0.032488628979857,0.0331651045421773,0.0261669024045261,0.0321601941747572,0.0377229080932784,0.1723163841807908,0.7195121951219512,0.2850467289719627,0.2372881355932203,0.6432432432432433,0.9576271186440676,0.7107438016528926,0.1438679245283018,0.1434262948207172,0.0290322580645161,0.0554216867469881,-0.0246435942975087,0.0961603423037946,0.6698795180722894,0.4667646194534234,0.5177304964539007,Industrials,20.0,2.0,41,7.820439515262181,2208.0,2124.0,8.791941988456118,7.380879035564116,8.768107539675803,7.3098814858247865
CMI,2005Q3,2005,Q3,0,0,1,0,2467.0,561.0,1906.0,357.0,286.0,276.0,204.0,213.0,145.0,71.0,216.0,6862.0,1761.0,6580.0,1604.0,0.0287798946088366,0.1159302796919335,0.2274017024726388,0.0826915281718686,0.0587758411025537,73.0,63.0,66.0,60.0,59.0,56.0,52.0,51.0,50.0,46.0,37.0,53.0,0.0293172690763052,0.0285326086956521,0.0280970625798212,0.0273473108477666,0.0277777777777777,0.0316205533596837,0.0299539170506912,0.0312117503059975,0.032488628979857,0.0331651045421773,0.0261669024045261,0.0321601941747572,0.1244302643573382,0.25,0.292626728110599,0.1833333333333333,0.5081967213114753,0.7894736842105263,0.8050847457627119,0.0829545454545455,0.1,0.115625,0.0523848128631265,-0.0217267936765302,0.1495837217165196,0.5914492351673672,0.111674098094852,0.2272727272727273,Industrials,20.0,3.0,42,7.811163385025279,2490.0,2194.0,8.833899942908635,7.474204806496124,8.791941988456118,7.380879035564116
CMI,2005Q4,2005,Q4,0,0,0,1,2753.0,619.0,2134.0,384.0,313.0,314.0,235.0,243.0,167.0,71.0,238.0,6885.0,1864.0,6862.0,1761.0,0.0257900472212132,0.1136941518343625,0.2248456229567744,0.0853614239011986,0.0606610969851071,71.0,73.0,63.0,66.0,60.0,59.0,56.0,52.0,51.0,50.0,46.0,37.0,0.0287798946088366,0.0293172690763052,0.0285326086956521,0.0280970625798212,0.0273473108477666,0.0277777777777777,0.0316205533596837,0.0299539170506912,0.0312117503059975,0.032488628979857,0.0331651045421773,0.0261669024045261,0.1719880800340569,0.403361344537815,0.3086680761099365,0.0757575757575756,0.5858585858585859,0.8650793650793651,0.7112676056338028,0.1375266524520255,0.1138790035587189,0.106628242074928,-0.0821087738995476,-0.0495816275483361,0.1166223431827973,0.5913808313009183,0.1974194690589639,0.2864864864864864,Industrials,20.0,4.0,43,7.9208096792886,2467.0,2349.0,8.83724564389847,7.5310163320779155,8.833899942908635,7.474204806496124
CMI,2006Q1,2006,Q1,1,0,0,0,2678.0,599.0,2079.0,351.0,301.0,322.0,248.0,228.0,135.0,82.0,217.0,6997.0,1978.0,6885.0,1864.0,0.0306198655713218,0.1123973114264376,0.2236743838685586,0.09260642270351,0.0504107542942494,71.0,71.0,73.0,63.0,66.0,60.0,59.0,56.0,52.0,51.0,50.0,46.0,0.0257900472212132,0.0287798946088366,0.0293172690763052,0.0285326086956521,0.0280970625798212,0.0273473108477666,0.0277777777777777,0.0316205533596837,0.0299539170506912,0.0312117503059975,0.032488628979857,0.0331651045421773,0.2128623188405796,0.3917525773195875,0.3135964912280702,0.3015873015873016,0.3472803347280335,0.4761904761904763,0.6888888888888889,0.1866438356164383,0.162162162162162,0.21875,0.0731533838329956,-0.0418020709282844,0.083054911363547,0.2171129841032752,0.1474942833165233,0.3562499999999999,Industrials,20.0,1.0,44,7.893198869544609,2753.0,2208.0,8.853379672927634,7.590346945602565,8.83724564389847,7.5310163320779155
CMI,2006Q2,2006,Q2,0,1,0,0,2842.0,646.0,2196.0,337.0,294.0,383.0,309.0,299.0,220.0,80.0,300.0,7337.0,2503.0,6997.0,1978.0,0.028149190710767,0.1034482758620689,0.227304714989444,0.1087262491203377,0.0774102744546094,82.0,71.0,71.0,73.0,63.0,66.0,60.0,59.0,56.0,52.0,51.0,50.0,0.0306198655713218,0.0257900472212132,0.0287798946088366,0.0293172690763052,0.0285326086956521,0.0280970625798212,0.0273473108477666,0.0277777777777777,0.0316205533596837,0.0299539170506912,0.0312117503059975,0.032488628979857,0.1413654618473896,0.5602836879432624,0.1745454545454545,0.095890410958904,0.2598684210526316,0.3376623376623375,0.4444444444444444,0.1319587628865979,0.024390243902439,0.0564263322884013,-0.0398426730163015,-0.1024870839841403,0.0290704369522103,0.1719842437646801,0.3670325063260815,0.4018691588785046,Industrials,20.0,2.0,45,7.952615111651,2678.0,2490.0,8.900821604915228,7.825644732219989,8.853379672927634,7.590346945602565
CMI,2006Q3,2006,Q3,0,0,1,0,2809.0,617.0,2192.0,339.0,291.0,352.0,278.0,273.0,171.0,81.0,252.0,7579.0,2671.0,7337.0,2503.0,0.0288358846564613,0.1035955856176575,0.2196511213955144,0.0989676041295834,0.060875756496974,80.0,82.0,71.0,71.0,73.0,63.0,66.0,60.0,59.0,56.0,52.0,51.0,0.028149190710767,0.0306198655713218,0.0257900472212132,0.0287798946088366,0.0293172690763052,0.0285326086956521,0.0280970625798212,0.0273473108477666,0.0277777777777777,0.0316205533596837,0.0299539170506912,0.0312117503059975,0.1386299148763681,0.1793103448275861,0.0998217468805704,0.1408450704225352,0.2753623188405796,0.3627450980392157,0.2816901408450705,0.1500524658971669,0.0174825174825175,-0.0504201680672269,0.0019454570069044,-0.1063975184658702,-0.0340832148257859,0.196828820527855,0.035727526055413,0.1666666666666667,Industrials,20.0,3.0,46,7.940939762327791,2842.0,2467.0,8.933268478636418,7.890582534656536,8.900821604915228,7.825644732219989
CMI,2006Q4,2006,Q4,0,0,0,1,3033.0,670.0,2363.0,374.0,334.0,370.0,296.0,283.0,189.0,78.0,267.0,7465.0,2802.0,7579.0,2671.0,0.0257171117705242,0.1101219914276294,0.2209033959775799,0.0975931421035278,0.0623145400593471,81.0,80.0,82.0,71.0,71.0,73.0,63.0,66.0,60.0,59.0,56.0,52.0,0.0288358846564613,0.028149190710767,0.0306198655713218,0.0257900472212132,0.0287798946088366,0.0293172690763052,0.0285326086956521,0.0280970625798212,0.0273473108477666,0.0277777777777777,0.0316205533596837,0.0299539170506912,0.101707228478024,0.1317365269461077,0.0823909531502422,0.0985915492957747,0.1783439490445859,0.2595744680851064,0.1646090534979423,0.1073102155576382,0.0670926517571885,-0.0260416666666666,-0.0028280464189688,-0.031419033864972,-0.0175330385682106,0.143293277493669,0.0272570585831304,0.1218487394957983,Industrials,20.0,4.0,47,8.017637159908478,2809.0,2753.0,8.91811465947453,7.938445551164788,8.933268478636418,7.890582534656536
CMI,2007Q1,2007,Q1,1,0,0,0,2817.0,552.0,2265.0,329.0,283.0,291.0,223.0,227.0,143.0,80.0,223.0,7448.0,2937.0,7465.0,2802.0,0.0283990060347887,0.1004614838480653,0.1959531416400426,0.0791622293219737,0.0507632232871849,78.0,81.0,80.0,82.0,71.0,71.0,73.0,63.0,66.0,60.0,59.0,56.0,0.0257171117705242,0.0288358846564613,0.028149190710767,0.0306198655713218,0.0257900472212132,0.0287798946088366,0.0293172690763052,0.0285326086956521,0.0280970625798212,0.0273473108477666,0.0277777777777777,0.0316205533596837,0.0519044062733382,0.0592592592592593,-0.0784641068447412,-0.024390243902439,-0.0962732919254658,-0.1008064516129032,-0.0043859649122807,0.0894660894660894,-0.0598006644518271,-0.0626780626780626,-0.0725300224248248,-0.1061931769265152,-0.1239357039865874,-0.1451756043377191,0.0069919404672686,0.0276497695852535,Industrials,20.0,1.0,48,7.943782692458625,3033.0,2678.0,8.915835074176277,7.9854843567338225,8.91811465947453,7.938445551164788
CMI,2007Q2,2007,Q2,0,1,0,0,3343.0,670.0,2673.0,329.0,314.0,415.0,341.0,340.0,214.0,74.0,288.0,7844.0,3159.0,7448.0,2937.0,0.024611744124241802,0.0939276099311995,0.2004187855219862,0.1020041878552198,0.0640143583607538,80.0,78.0,81.0,80.0,82.0,71.0,71.0,73.0,63.0,66.0,60.0,59.0,0.0283990060347887,0.0257171117705242,0.0288358846564613,0.028149190710767,0.0306198655713218,0.0257900472212132,0.0287798946088366,0.0293172690763052,0.0285326086956521,0.0280970625798212,0.0273473108477666,0.0277777777777777,0.1762843068261788,-0.0272727272727272,0.0371517027863776,-0.0749999999999999,0.08355091383812,0.1035598705501619,0.1371237458193979,0.2172131147540983,0.0680272108843538,-0.0237388724035608,-0.2136254860903379,-0.0920331039984047,-0.1182814420224691,-0.0618255602442238,-0.1730508797215348,-0.04,Industrials,20.0,2.0,49,8.114922974204593,2817.0,2842.0,8.967631665167133,8.058327306580958,8.915835074176277,7.9854843567338225
CMI,2007Q3,2007,Q3,0,0,1,0,3372.0,652.0,2720.0,363.0,340.0,362.0,289.0,292.0,184.0,82.0,266.0,8032.0,3195.0,7844.0,3159.0,0.024611744124241802,0.1008303677342823,0.1933570581257414,0.0857058125741399,0.0545670225385527,74.0,80.0,78.0,81.0,80.0,82.0,71.0,71.0,73.0,63.0,66.0,60.0,0.024611744124241802,0.0283990060347887,0.0257171117705242,0.0288358846564613,0.028149190710767,0.0306198655713218,0.0257900472212132,0.0287798946088366,0.0293172690763052,0.0285326086956521,0.0280970625798212,0.0273473108477666,0.2004271982912069,0.0760233918128654,0.0567260940032414,0.0123456790123457,0.0284090909090908,0.0395683453237409,0.0695970695970695,0.2408759124087591,0.1683848797250859,0.0707964601769912,-0.1566788219615423,-0.026692429671481,-0.1197083042541207,-0.1340013398533842,-0.1036329455509077,0.0555555555555555,Industrials,20.0,3.0,50,8.12355783506165,3343.0,2809.0,8.991313336173812,8.069655306886165,8.967631665167133,8.058327306580958
CMI,2007Q4,2007,Q4,0,0,0,1,3516.0,682.0,2834.0,377.0,359.0,380.0,305.0,310.0,198.0,93.0,291.0,8195.0,3409.0,8032.0,3195.0,0.0264505119453924,0.1021046643913538,0.1939704209328782,0.0867463026166097,0.0563139931740614,82.0,74.0,80.0,78.0,81.0,80.0,82.0,71.0,71.0,73.0,63.0,66.0,0.024611744124241802,0.024611744124241802,0.0283990060347887,0.0257171117705242,0.0288358846564613,0.028149190710767,0.0306198655713218,0.0257900472212132,0.0287798946088366,0.0293172690763052,0.0285326086956521,0.0280970625798212,0.1592482690405539,0.0476190476190476,0.0179104477611939,0.1923076923076923,0.0270270270270269,0.0304054054054054,0.0954063604240282,0.1993228946254761,0.0748502994011977,0.0080213903743315,0.028517983722762,-0.0728040506018679,-0.121921960165045,-0.1111434600129138,-0.0962944904924427,0.0898876404494382,Industrials,20.0,4.0,51,8.165363632473982,3372.0,3033.0,9.011401509358791,8.134467570277563,8.991313336173812,8.069655306886165
CMI,2008Q1,2008,Q1,1,0,0,0,3474.0,707.0,2767.0,388.0,351.0,390.0,319.0,304.0,190.0,103.0,293.0,8625.0,3608.0,8195.0,3409.0,0.0296488198042602,0.1010362694300518,0.2035118019573978,0.091824985607369,0.054691997697179,93.0,82.0,74.0,80.0,78.0,81.0,80.0,82.0,71.0,71.0,73.0,63.0,0.0264505119453924,0.024611744124241802,0.024611744124241802,0.0283990060347887,0.0257171117705242,0.0288358846564613,0.028149190710767,0.0306198655713218,0.0257900472212132,0.0287798946088366,0.0293172690763052,0.0285326086956521,0.2332268370607029,0.3286713286713287,0.2807971014492754,0.2875000000000001,0.3402061855670102,0.4304932735426008,0.3392070484581497,0.2216335540838852,0.2402826855123674,0.1793313069908815,0.0440090673575128,0.0057214522418937,0.0385738154238943,0.1599595715513837,0.0773941084821914,0.3139013452914798,Industrials,20.0,1.0,52,8.153349757998892,3516.0,2817.0,9.062536177207788,8.19118600464279,9.011401509358791,8.134467570277563
CMI,2008Q2,2008,Q2,0,1,0,0,3887.0,879.0,3008.0,411.0,370.0,552.0,468.0,457.0,293.0,104.0,397.0,8955.0,3832.0,8625.0,3608.0,0.0267558528428093,0.0951890918446102,0.2261384100848983,0.1204013377926421,0.0753794700282994,103.0,93.0,82.0,74.0,80.0,78.0,81.0,80.0,82.0,71.0,71.0,73.0,0.0296488198042602,0.0264505119453924,0.024611744124241802,0.024611744124241802,0.0283990060347887,0.0257171117705242,0.0288358846564613,0.028149190710767,0.0306198655713218,0.0257900472212132,0.0287798946088366,0.0293172690763052,0.1627280885432247,0.3691588785046729,0.3119402985074626,0.4054054054054055,0.3301204819277108,0.3724340175953078,0.3441176470588236,0.1253273475495697,0.1783439490445859,0.2492401215805471,0.2087137304528608,0.0134303631736689,0.1283294103191272,0.1803568100903305,0.177540038806566,0.3784722222222223,Industrials,20.0,2.0,53,8.265650165580329,3474.0,3343.0,9.100078977718645,8.251403065380556,9.062536177207788,8.19118600464279
CMI,2008Q3,2008,Q3,0,0,1,0,3693.0,820.0,2873.0,437.0,388.0,458.0,383.0,370.0,229.0,113.0,342.0,8985.0,3892.0,8955.0,3832.0,0.0305984294611427,0.1050636339019767,0.2220417005144868,0.1037097210939615,0.0620092066070945,104.0,103.0,93.0,82.0,74.0,80.0,78.0,81.0,80.0,82.0,71.0,71.0,0.0267558528428093,0.0296488198042602,0.0264505119453924,0.024611744124241802,0.02459775212871924,0.0283990060347887,0.0257171117705242,0.0288358846564613,0.028149190710767,0.0306198655713218,0.0257900472212132,0.0287798946088366,0.0951957295373666,0.2445652173913044,0.2576687116564418,0.3780487804878047,0.2651933701657458,0.3252595155709343,0.2671232876712328,0.0562499999999999,0.1411764705882352,0.2038567493112948,0.2582671236947951,0.0419840397572515,0.1483506351761501,0.2100663651516898,0.1363861123865362,0.2857142857142858,Industrials,20.0,3.0,54,8.214465160759186,3887.0,3372.0,9.103423089630105,8.266935347610456,9.100078977718645,8.251403065380556
CMI,2008Q4,2008,Q4,0,0,0,1,3288.0,534.0,2754.0,432.0,335.0,131.0,102.0,47.0,43.0,102.0,145.0,8519.0,3230.0,8985.0,3892.0,0.0310218978102189,0.1018856447688564,0.1624087591240876,0.0310218978102189,0.0130778588807785,113.0,104.0,103.0,93.0,82.0,74.0,80.0,78.0,81.0,80.0,82.0,71.0,0.0305984294611427,0.0267558528428093,0.0296488198042602,0.0264505119453924,0.02459775212871924,0.02458376013319668,0.0283990060347887,0.0257171117705242,0.0288358846564613,0.028149190710767,0.0306198655713218,0.0257900472212132,-0.0648464163822525,-0.7828282828282829,-0.2170087976539589,0.096774193548387,-0.6552631578947368,-0.6655737704918032,-0.8483870967741935,-0.028228652081863,-0.0668523676880222,0.1458885941644563,0.1728278785024724,-0.0021450501189435,-0.1627137872722992,-0.6423836304894102,-0.7677689301776893,-0.5017182130584192,Industrials,20.0,4.0,55,8.098338846189057,3693.0,3516.0,9.050171619823361,8.080546965824498,9.103423089630105,8.266935347610456
CMI,2009Q1,2009,Q1,1,0,0,0,2439.0,445.0,1994.0,416.0,300.0,104.0,29.0,21.0,7.0,85.0,92.0,8178.0,3223.0,8519.0,3230.0,0.034850348503485,0.1230012300123001,0.1824518245182451,0.011890118901189,0.002870028700287,102.0,113.0,104.0,103.0,93.0,82.0,74.0,80.0,78.0,81.0,80.0,82.0,0.0310218978102189,0.0305984294611427,0.0267558528428093,0.0296488198042602,0.0264505119453924,0.02458376013319668,0.024569768137674117,0.0283990060347887,0.0257171117705242,0.0288358846564613,0.028149190710767,0.0306198655713218,-0.2979274611398963,-0.963157894736842,-0.3705799151343706,-0.1747572815533981,-0.7333333333333334,-0.9090909090909092,-0.930921052631579,-0.2793639320563787,-0.1452991452991453,0.0721649484536082,0.1754379679719127,0.2173967893525088,-0.1034828311508009,-0.8705132505870513,-0.947523791027384,-0.6860068259385665,Industrials,20.0,1.0,56,7.799753318287247,3288.0,3474.0,9.009325172734973,8.07837810362652,9.050171619823361,8.080546965824498
CMI,2009Q2,2009,Q2,0,1,0,0,2431.0,448.0,1983.0,327.0,287.0,187.0,121.0,99.0,56.0,79.0,135.0,8121.0,3372.0,8178.0,3223.0,0.032496914849856,0.1180584121760592,0.1842863019333607,0.0497737556561085,0.02303578774167,85.0,102.0,113.0,104.0,103.0,93.0,82.0,74.0,80.0,78.0,81.0,80.0,0.034850348503485,0.0310218978102189,0.0305984294611427,0.0267558528428093,0.0296488198042602,0.0264505119453924,0.024569768137674117,0.024555776142151556,0.0283990060347887,0.0257171117705242,0.0288358846564613,0.028149190710767,-0.3745819397993311,-0.8088737201365188,-0.4903299203640501,-0.2403846153846154,-0.661231884057971,-0.7414529914529915,-0.7833698030634573,-0.3407579787234043,-0.2243243243243243,-0.2043795620437956,0.214572192513369,0.2402514814279521,-0.1850729742719302,-0.5866013071895425,-0.6944023653519739,-0.6599496221662469,Industrials,20.0,2.0,57,7.796469243086058,2439.0,3887.0,9.002331708246244,8.12355783506165,9.009325172734973,8.07837810362652
CMI,2009Q3,2009,Q3,0,0,1,0,2530.0,503.0,2027.0,356.0,304.0,239.0,147.0,146.0,95.0,90.0,185.0,8355.0,3563.0,8121.0,3372.0,0.0355731225296442,0.1201581027667984,0.1988142292490118,0.0581027667984189,0.0375494071146245,79.0,85.0,102.0,113.0,104.0,103.0,93.0,82.0,74.0,80.0,78.0,81.0,0.032496914849856,0.034850348503485,0.0310218978102189,0.0305984294611427,0.0267558528428093,0.0296488198042602,0.0264505119453924,0.024555776142151556,0.024541784146628994,0.0283990060347887,0.0257171117705242,0.0288358846564613,-0.3149201191443271,-0.5851528384279476,-0.3865853658536585,-0.2035398230088495,-0.4781659388646287,-0.6161879895561357,-0.6054054054054054,-0.2944657152801949,-0.2164948453608247,-0.1853546910755148,0.1625800132918256,0.1436697771076973,-0.1046085992480478,-0.4397558282335215,-0.3944543210728896,-0.45906432748538,Industrials,20.0,3.0,58,7.836369760545124,2431.0,3693.0,9.030735122676456,8.1786387885907,9.002331708246244,8.12355783506165
CMI,2009Q4,2009,Q4,0,0,0,1,3400.0,773.0,2627.0,388.0,348.0,471.0,385.0,374.0,270.0,108.0,378.0,8816.0,3773.0,8355.0,3563.0,0.0317647058823529,0.1023529411764705,0.2273529411764706,0.113235294117647,0.0794117647058823,90.0,79.0,85.0,102.0,113.0,104.0,103.0,93.0,82.0,74.0,80.0,78.0,0.0355731225296442,0.032496914849856,0.034850348503485,0.0310218978102189,0.0305984294611427,0.0267558528428093,0.0296488198042602,0.0264505119453924,0.024541784146628994,0.024527792151106433,0.0283990060347887,0.0257171117705242,0.0340632603406325,5.27906976744186,0.4475655430711611,0.0588235294117647,2.595419847328244,2.7745098039215685,6.957446808510638,-0.0461147421931735,0.0388059701492538,-0.1018518518518518,0.0239446366782005,0.0045864793678664,0.399881031064111,2.6501730103806227,5.072229822161423,1.6068965517241378,Industrials,20.0,4.0,59,8.131824785007195,2530.0,3288.0,9.084436955087027,8.235890725928495,9.030735122676456,8.1786387885907
CMI,2010Q1,2010,Q1,1,0,0,0,2478.0,601.0,1877.0,355.0,335.0,345.0,246.0,257.0,149.0,92.0,241.0,8769.0,3791.0,8816.0,3773.0,0.0371267150928167,0.1351896690879741,0.2425343018563357,0.099273607748184,0.0601291364003228,108.0,90.0,79.0,85.0,102.0,113.0,104.0,103.0,93.0,82.0,74.0,80.0,0.0317647058823529,0.0355731225296442,0.032496914849856,0.034850348503485,0.0310218978102189,0.0305984294611427,0.0267558528428093,0.0296488198042602,0.0264505119453924,0.024527792151106433,0.02451380015558387,0.0283990060347887,0.015990159901599,20.285714285714285,0.350561797752809,0.0823529411764705,2.3173076923076925,7.482758620689655,11.238095238095235,-0.0586760280842527,0.1166666666666667,-0.1466346153846154,0.0653183307221192,0.0990920096852299,0.329305982533939,7.349252734407614,19.9507090971982,1.6195652173913042,Industrials,20.0,1.0,60,7.8156105320351905,3400.0,2439.0,9.079092085366229,8.240648863374913,9.084436955087027,8.235890725928495
CMI,2010Q2,2010,Q2,0,1,0,0,3208.0,753.0,2455.0,357.0,354.0,483.0,396.0,392.0,246.0,96.0,342.0,9210.0,3883.0,8769.0,3791.0,0.0299251870324189,0.1103491271820448,0.2347256857855361,0.1234413965087281,0.0766832917705735,92.0,108.0,90.0,79.0,85.0,102.0,113.0,104.0,103.0,93.0,82.0,74.0,0.0371267150928167,0.0317647058823529,0.0355731225296442,0.032496914849856,0.034850348503485,0.0310218978102189,0.0305984294611427,0.0267558528428093,0.0296488198042602,0.0264505119453924,0.02451380015558387,0.024499808160061306,0.3196215549156724,3.3928571428571432,0.6808035714285714,0.2151898734177215,1.5828877005347597,2.272727272727273,2.95959595959596,0.238023197175996,0.2334494773519164,0.0917431192660549,-0.0791375990403737,-0.0653005986775222,0.2737012101442821,1.480049875311721,2.3288764695404343,1.5333333333333332,Industrials,20.0,2.0,61,8.073714641109857,2478.0,2431.0,9.128153700988236,8.264620829411216,9.079092085366229,8.240648863374913
CMI,2010Q3,2010,Q3,0,0,1,0,3401.0,830.0,2571.0,395.0,375.0,527.0,435.0,438.0,283.0,103.0,386.0,9872.0,4199.0,9210.0,3883.0,0.0302852102322846,0.1102616877389003,0.2440458688620994,0.1279035577771243,0.0832108203469567,96.0,92.0,108.0,90.0,79.0,85.0,102.0,113.0,104.0,103.0,93.0,82.0,0.0299251870324189,0.0371267150928167,0.0317647058823529,0.0355731225296442,0.032496914849856,0.034850348503485,0.0310218978102189,0.0305984294611427,0.0267558528428093,0.0296488198042602,0.0264505119453924,0.024499808160061306,0.3442687747035573,1.9789473684210528,0.6500994035785288,0.1444444444444443,1.205020920502092,1.959183673469388,2.0,0.2683769116921559,0.2335526315789473,0.1095505617977528,-0.1486490901368878,-0.0823616119098097,0.2275070541175179,1.2013333413341811,1.2160355313452698,1.0864864864864865,Industrials,20.0,3.0,62,8.132118772955806,3208.0,2530.0,9.19755903761145,8.34283980427146,9.128153700988236,8.264620829411216
CMI,2010Q4,2010,Q4,0,0,0,1,4139.0,984.0,3155.0,459.0,423.0,622.0,525.0,530.0,362.0,123.0,485.0,10402.0,4670.0,9872.0,4199.0,0.0297173230248852,0.102198598695337,0.2377385841990819,0.1268422324232906,0.0874607393090118,103.0,96.0,92.0,108.0,90.0,79.0,85.0,102.0,113.0,104.0,103.0,93.0,0.0302852102322846,0.0299251870324189,0.0371267150928167,0.0317647058823529,0.0355731225296442,0.032496914849856,0.034850348503485,0.0310218978102189,0.0305984294611427,0.0267558528428093,0.0296488198042602,0.0264505119453924,0.2173529411764705,0.3407407407407408,0.2729624838292368,0.1388888888888888,0.3205944798301485,0.3636363636363635,0.4171122994652405,0.2009897221164827,0.2155172413793102,0.1829896907216495,-0.064454645512872,-0.0015079437811899,0.045680706697126,0.1201651694524368,0.1013574579653342,0.283068783068783,Industrials,20.0,4.0,63,8.32845106681936,3401.0,3400.0,9.249849505070895,8.449128460502108,9.19755903761145,8.34283980427146
CMI,2011Q1,2011,Q1,1,0,0,0,3860.0,957.0,2903.0,428.0,389.0,611.0,529.0,522.0,343.0,129.0,472.0,10726.0,4867.0,10402.0,4670.0,0.0334196891191709,0.1007772020725388,0.2479274611398963,0.1370466321243523,0.088860103626943,123.0,103.0,96.0,92.0,108.0,90.0,79.0,85.0,102.0,113.0,104.0,103.0,0.0297173230248852,0.0302852102322846,0.0299251870324189,0.0371267150928167,0.0317647058823529,0.0355731225296442,0.032496914849856,0.034850348503485,0.0310218978102189,0.0305984294611427,0.0267558528428093,0.0296488198042602,0.5577078288942696,1.302013422818792,0.5923460898502495,0.4021739130434782,0.7710144927536231,1.1504065040650406,1.0311284046692606,0.5466169419286095,0.1611940298507463,0.2056338028169013,-0.0998479387249381,-0.2545495321320856,0.0222366866966108,0.3804941235940857,0.4778210522655353,0.95850622406639,Industrials,20.0,1.0,64,8.258681496264236,4139.0,2478.0,9.280519206597429,8.490438454107418,9.249849505070895,8.449128460502108
CMI,2011Q2,2011,Q2,0,1,0,0,4641.0,1203.0,3438.0,435.0,463.0,855.0,768.0,762.0,505.0,157.0,662.0,11313.0,5158.0,10726.0,4867.0,0.0338289161818573,0.0997629821159233,0.2592113768584357,0.1654815772462831,0.1088127558715794,129.0,123.0,103.0,96.0,92.0,108.0,90.0,79.0,85.0,102.0,113.0,104.0,0.0334196891191709,0.0297173230248852,0.0302852102322846,0.0299251870324189,0.0371267150928167,0.0317647058823529,0.0355731225296442,0.032496914849856,0.034850348503485,0.0310218978102189,0.0305984294611427,0.0267558528428093,0.4466957605985038,1.0528455284552845,0.597609561752988,0.6354166666666667,0.7701863354037266,0.9393939393939394,0.9438775510204084,0.4004073319755601,0.307909604519774,0.218487394957983,0.1304496157437333,-0.0959332016161527,0.1043161978245175,0.3405679288032228,0.4189891090895397,0.935672514619883,Industrials,20.0,2.0,65,8.442900586834382,3860.0,3208.0,9.333796175903101,8.54849804124465,9.280519206597429,8.490438454107418
CMI,2011Q3,2011,Q3,0,0,1,0,4626.0,1188.0,3438.0,549.0,489.0,724.0,639.0,629.0,452.0,164.0,616.0,11338.0,5211.0,11313.0,5158.0,0.035451794206658,0.1057068741893644,0.2568093385214007,0.1381322957198443,0.0977086035451794,157.0,129.0,123.0,103.0,96.0,92.0,108.0,90.0,79.0,85.0,102.0,113.0,0.0338289161818573,0.0334196891191709,0.0297173230248852,0.0302852102322846,0.0299251870324189,0.0371267150928167,0.0317647058823529,0.0355731225296442,0.032496914849856,0.034850348503485,0.0310218978102189,0.0305984294611427,0.3601881799470743,0.5971731448763251,0.4313253012048192,0.5922330097087378,0.3738140417457305,0.4689655172413793,0.4360730593607305,0.337222870478413,0.304,0.389873417721519,0.1705975931732419,-0.0413091223519239,0.0522994702545589,0.0799722706740015,0.1742295429581457,0.5958549222797926,Industrials,20.0,3.0,66,8.439663988907,4641.0,3401.0,9.33600338997184,8.558718938244736,9.333796175903101,8.54849804124465
CMI,2011Q4,2011,Q4,0,0,0,1,4921.0,1241.0,3680.0,496.0,496.0,850.0,745.0,758.0,548.0,179.0,727.0,11668.0,5492.0,11338.0,5211.0,0.0363747205852469,0.1007925218451534,0.2521845153424101,0.1513919934972566,0.1113594797805324,164.0,157.0,129.0,123.0,103.0,96.0,92.0,108.0,90.0,79.0,85.0,102.0,0.035451794206658,0.0338289161818573,0.0334196891191709,0.0297173230248852,0.0302852102322846,0.0299251870324189,0.0371267150928167,0.0317647058823529,0.0355731225296442,0.032496914849856,0.034850348503485,0.0310218978102189,0.1889345252476444,0.5138121546961325,0.2611788617886179,0.4552845528455285,0.3665594855305465,0.4190476190476191,0.4301886792452829,0.1664025356576861,0.1725768321513001,0.0806100217864924,0.2240241341653408,-0.0137582791558155,0.0607639319128407,0.1935456401621815,0.2732510685403968,0.4989690721649484,Industrials,20.0,4.0,67,8.501470230951002,4626.0,4139.0,9.364691031806107,8.61122983334262,9.33600338997184,8.558718938244736
CMI,2012Q1,2012,Q1,1,0,0,0,4472.0,1198.0,3274.0,550.0,475.0,743.0,648.0,650.0,455.0,181.0,636.0,12119.0,6010.0,11668.0,5492.0,0.040474060822898,0.106216457960644,0.2678890876565295,0.1449016100178891,0.1017441860465116,179.0,164.0,157.0,129.0,123.0,103.0,96.0,92.0,108.0,90.0,79.0,85.0,0.0363747205852469,0.035451794206658,0.0338289161818573,0.0334196891191709,0.0297173230248852,0.0302852102322846,0.0299251870324189,0.0371267150928167,0.0317647058823529,0.0355731225296442,0.032496914849856,0.034850348503485,0.1585492227979275,0.3265306122448979,0.2518286311389759,0.4031007751937985,0.2160392798690671,0.2249527410207938,0.2452107279693487,0.1277988287977953,0.2210796915167094,0.2850467289719627,0.2110843005921427,0.0539730789925085,0.0805139794714775,0.0573160957827068,0.1449928808732794,0.347457627118644,Industrials,20.0,1.0,68,8.405814603432848,4921.0,3860.0,9.402612259623305,8.701346403039162,9.364691031806107,8.61122983334262
CMI,2012Q2,2012,Q2,0,1,0,0,4452.0,1210.0,3242.0,562.0,487.0,755.0,648.0,661.0,469.0,187.0,656.0,12169.0,6103.0,12119.0,6010.0,0.0420035938903863,0.1093890386343216,0.2717879604672057,0.1455525606469002,0.1053459119496855,181.0,179.0,164.0,157.0,129.0,123.0,103.0,96.0,92.0,108.0,90.0,79.0,0.040474060822898,0.0363747205852469,0.035451794206658,0.0338289161818573,0.0334196891191709,0.0297173230248852,0.0302852102322846,0.0299251870324189,0.0371267150928167,0.0317647058823529,0.0355731225296442,0.032496914849856,-0.0407239819004524,-0.0712871287128712,0.0058187863674148,0.1910828025477706,-0.1169590643274853,-0.15625,-0.1325459317585301,-0.0570098894706224,0.0518358531317495,0.2919540229885058,0.2416476385049872,0.0964892619911161,0.0485186405056541,-0.1204304245283017,-0.031860638894078,-0.0090634441087613,Industrials,20.0,2.0,69,8.401333305321703,4472.0,4641.0,9.406729185981574,8.716699572964293,9.402612259623305,8.701346403039162
CMI,2012Q3,2012,Q3,0,0,1,0,4118.0,1042.0,3076.0,549.0,456.0,587.0,493.0,487.0,352.0,186.0,538.0,12414.0,6478.0,12169.0,6103.0,0.0451675570665371,0.1107333657115104,0.2530354541039339,0.1197183098591549,0.0854783875667799,187.0,181.0,179.0,164.0,157.0,129.0,123.0,103.0,96.0,92.0,108.0,90.0,0.0420035938903863,0.040474060822898,0.0363747205852469,0.035451794206658,0.0338289161818573,0.0334196891191709,0.0297173230248852,0.0302852102322846,0.0299251870324189,0.0371267150928167,0.0317647058823529,0.0355731225296442,-0.1098140942498919,-0.2212389380530973,-0.1228956228956229,0.1341463414634145,-0.1892265193370166,-0.2284820031298904,-0.2257551669316375,-0.1052937754508435,-0.0674846625766871,0.0,0.2740556035963468,0.0475512265469271,-0.014695277201348,-0.1333068835548503,-0.1251703077789286,-0.1266233766233766,Industrials,20.0,3.0,70,8.323365694436081,4452.0,4626.0,9.426660697942268,8.776321456449958,9.406729185981574,8.716699572964293
CMI,2012Q4,2012,Q4,0,0,0,1,4292.0,1058.0,3234.0,593.0,482.0,579.0,465.0,473.0,369.0,174.0,543.0,12548.0,6603.0,12414.0,6478.0,0.0405405405405405,0.1123019571295433,0.2465051258154706,0.10834109972041,0.0859739049394221,186.0,187.0,181.0,179.0,164.0,157.0,129.0,123.0,103.0,96.0,92.0,108.0,0.0451675570665371,0.0420035938903863,0.040474060822898,0.0363747205852469,0.035451794206658,0.0338289161818573,0.0334196891191709,0.0297173230248852,0.0302852102322846,0.0299251870324189,0.0371267150928167,0.0317647058823529,-0.1278195488721805,-0.3266423357664233,-0.1474617244157937,-0.0279329608938547,-0.3188235294117647,-0.3758389261744966,-0.3759894459102902,-0.121195652173913,-0.0282258064516128,0.1955645161290322,0.1145251396648046,0.1141893770856508,-0.0225207702353497,-0.2843670446655867,-0.2279606091115026,-0.2530949105914718,Industrials,20.0,4.0,71,8.36474106822456,4118.0,4921.0,9.437396260110308,8.795430805040018,9.426660697942268,8.776321456449958
CMI,2013Q1,2013,Q1,1,0,0,0,3922.0,957.0,2965.0,543.0,444.0,535.0,414.0,431.0,282.0,182.0,464.0,12756.0,6655.0,12548.0,6603.0,0.0464048954614992,0.1132075471698113,0.2440081591024987,0.1055583885772565,0.0719020907700153,174.0,186.0,187.0,181.0,179.0,164.0,157.0,129.0,123.0,103.0,96.0,92.0,0.0405405405405405,0.0451675570665371,0.0420035938903863,0.040474060822898,0.0363747205852469,0.035451794206658,0.0338289161818573,0.0334196891191709,0.0297173230248852,0.0302852102322846,0.0299251870324189,0.0371267150928167,-0.1229874776386403,-0.3802197802197802,-0.201168614357262,0.0055248618784531,-0.2799461641991925,-0.3611111111111111,-0.3369230769230769,-0.094379963347587,-0.0652631578947368,-0.0127272727272726,0.1465342127283126,0.0658192651439921,-0.0891448351365823,-0.2715167998186867,-0.2933051650032782,-0.2704402515723271,Industrials,20.0,1.0,72,8.274611946209552,4292.0,4472.0,9.45383541953829,8.803273982501045,9.437396260110308,8.795430805040018
CMI,2013Q2,2013,Q2,0,1,0,0,4525.0,1153.0,3372.0,543.0,484.0,723.0,610.0,613.0,414.0,177.0,591.0,13048.0,6704.0,12756.0,6655.0,0.0391160220994475,0.1069613259668508,0.2548066298342541,0.1348066298342541,0.0914917127071823,182.0,174.0,186.0,187.0,181.0,179.0,164.0,157.0,129.0,123.0,103.0,96.0,0.0464048954614992,0.0405405405405405,0.0451675570665371,0.0420035938903863,0.040474060822898,0.0363747205852469,0.035451794206658,0.0338289161818573,0.0334196891191709,0.0297173230248852,0.0302852102322846,0.0299251870324189,0.0163971248876908,-0.1172707889125799,-0.0471074380165289,-0.053475935828877,-0.0423841059602648,-0.058641975308642,-0.0726172465960666,0.0400987045033929,-0.0061601642710472,-0.0338078291814946,-0.0687458268088752,-0.0221933815104314,-0.0624800694032238,-0.0738285246572539,-0.1315115032571947,-0.0990853658536585,Industrials,20.0,2.0,73,8.417593826193484,3922.0,4452.0,9.476466781462246,8.81060879571578,9.45383541953829,8.803273982501045
CMI,2013Q3,2013,Q3,0,0,1,0,4266.0,1081.0,3185.0,557.0,464.0,641.0,524.0,528.0,355.0,173.0,528.0,14336.0,7096.0,13048.0,6704.0,0.0405532114392873,0.1087669948429442,0.253398968588842,0.1228316924519456,0.0832161275199249,177.0,182.0,174.0,186.0,187.0,181.0,179.0,164.0,157.0,129.0,123.0,103.0,0.0391160220994475,0.0464048954614992,0.0405405405405405,0.0451675570665371,0.0420035938903863,0.040474060822898,0.0363747205852469,0.035451794206658,0.0338289161818573,0.0334196891191709,0.0297173230248852,0.0302852102322846,0.035939776590578,0.0085227272727272,0.0374280230326296,-0.0698924731182796,0.0919931856899489,0.0628803245436104,0.0841889117043122,0.0354356306892067,0.0175438596491228,0.0145719489981785,-0.1021606198549168,-0.0177577088525345,0.001436614826153,0.0260059016574281,-0.0264658717981501,-0.0185873605947954,Industrials,20.0,3.0,74,8.358666283188,4525.0,4118.0,9.570598887246268,8.867427438524983,9.476466781462246,8.81060879571578
CMI,2013Q4,2013,Q4,0,0,0,1,4588.0,1164.0,3424.0,611.0,500.0,668.0,553.0,547.0,432.0,181.0,613.0,14728.0,7510.0,14336.0,7096.0,0.0394507410636442,0.1089799476896251,0.2537053182214472,0.1205318221447253,0.094158674803836,173.0,177.0,182.0,174.0,186.0,187.0,181.0,179.0,164.0,157.0,129.0,123.0,0.0405532114392873,0.0391160220994475,0.0464048954614992,0.0405405405405405,0.0451675570665371,0.0420035938903863,0.040474060822898,0.0363747205852469,0.035451794206658,0.0338289161818573,0.0334196891191709,0.0297173230248852,0.0689655172413792,0.1707317073170731,0.1001890359168242,0.0402298850574711,0.153713298791019,0.1892473118279569,0.1564482029598308,0.0587507730364873,0.037344398340249,0.0303541315345698,-0.0268817204301076,-0.0295810467139606,0.0292090981157386,0.1125216788067984,0.0952006294256491,0.1289134438305708,Industrials,20.0,4.0,75,8.431417414394833,4266.0,4292.0,9.597573618489543,8.924123891686012,9.570598887246268,8.867427438524983
CMI,2014Q1,2014,Q1,1,0,0,0,4406.0,1099.0,3307.0,586.0,485.0,633.0,513.0,511.0,338.0,190.0,528.0,14751.0,7360.0,14728.0,7510.0,0.0431230140717203,0.1100771674988651,0.2494325919201089,0.116432137993645,0.076713572401271,181.0,173.0,177.0,182.0,174.0,186.0,187.0,181.0,179.0,164.0,157.0,129.0,0.0394507410636442,0.0405532114392873,0.0391160220994475,0.0464048954614992,0.0405405405405405,0.0451675570665371,0.0420035938903863,0.040474060822898,0.0363747205852469,0.035451794206658,0.0338289161818573,0.0334196891191709,0.1234064252932176,0.198581560283688,0.1483803552769069,0.043956043956044,0.1831775700934579,0.2391304347826086,0.185614849187935,0.115345699831366,0.0923423423423424,0.0791896869244934,-0.0707227407182015,-0.0276516870933575,0.0222305386736334,0.1030117034083957,0.0669171310559746,0.1379310344827586,Industrials,20.0,1.0,76,8.390949464841986,4588.0,3922.0,9.599133945796375,8.903951072058707,9.597573618489543,8.924123891686012
CMI,2014Q2,2014,Q2,0,1,0,0,4835.0,1205.0,3630.0,593.0,513.0,769.0,612.0,642.0,446.0,179.0,625.0,15500.0,7787.0,14751.0,7360.0,0.0370217166494312,0.1061013443640124,0.249224405377456,0.1265770423991727,0.0922440537745604,190.0,181.0,173.0,177.0,182.0,174.0,186.0,187.0,181.0,179.0,164.0,157.0,0.0431230140717203,0.0394507410636442,0.0405532114392873,0.0391160220994475,0.0464048954614992,0.0405405405405405,0.0451675570665371,0.0420035938903863,0.040474060822898,0.0363747205852469,0.035451794206658,0.0338289161818573,0.0685082872928177,0.077294685990338,0.0450997398091934,0.0112994350282484,0.0636237897648686,0.0032786885245901,0.0473083197389885,0.0765124555160141,0.0599173553719007,0.0920810313075506,-0.0535408596684954,-0.0080401172579419,-0.0219076892168353,-0.0610473494159731,0.0082230515214642,0.0575296108291032,Industrials,20.0,2.0,77,8.483843211734683,4406.0,4525.0,9.648659816955295,8.960339366492091,9.599133945796375,8.903951072058707
CMI,2014Q3,2014,Q3,0,0,1,0,4890.0,1284.0,3606.0,625.0,529.0,797.0,659.0,669.0,423.0,198.0,621.0,15644.0,7748.0,15500.0,7787.0,0.0404907975460122,0.1081799591002045,0.2625766871165644,0.1347648261758691,0.0865030674846625,179.0,190.0,181.0,173.0,177.0,182.0,174.0,186.0,187.0,181.0,179.0,164.0,0.0370217166494312,0.0431230140717203,0.0394507410636442,0.0405532114392873,0.0391160220994475,0.0464048954614992,0.0405405405405405,0.0451675570665371,0.0420035938903863,0.040474060822898,0.0363747205852469,0.035451794206658,0.1462728551336145,0.1915492957746478,0.1877890841813136,0.1445086705202312,0.2433697347893915,0.2576335877862594,0.2670454545454546,0.1321821036106749,0.1400862068965518,0.1220825852782765,-0.0015390616688535,-0.0053971863761369,0.0362184525802624,0.0971502833325528,0.0394988334917478,0.1761363636363635,Industrials,20.0,3.0,78,8.495152060539358,4835.0,4266.0,9.657906656102982,8.95531908176395,9.648659816955295,8.960339366492091
CMI,2014Q4,2014,Q4,0,0,0,1,5090.0,1273.0,3817.0,692.0,568.0,754.0,581.0,612.0,444.0,187.0,631.0,15776.0,7749.0,15644.0,7748.0,0.0367387033398821,0.1115913555992141,0.250098231827112,0.1141453831041257,0.087229862475442,198.0,179.0,190.0,181.0,173.0,177.0,182.0,174.0,186.0,187.0,181.0,179.0,0.0404907975460122,0.0370217166494312,0.0431230140717203,0.0394507410636442,0.0405532114392873,0.0391160220994475,0.0464048954614992,0.0405405405405405,0.0451675570665371,0.0420035938903863,0.040474060822898,0.0363747205852469,0.1094158674803835,0.0277777777777776,0.0936426116838486,0.0331491712707181,0.1287425149700598,0.0506329113924051,0.1188299817184643,0.1147780373831774,0.1359999999999999,0.1325695581014729,-0.0687449120255294,0.0239622789783888,-0.0142176223171909,-0.0529855014796946,-0.0735865531543331,0.0293637846655792,Industrials,20.0,4.0,79,8.535229553902337,4890.0,4588.0,9.666308462257454,8.955448122347393,9.657906656102982,8.95531908176395
CMI,2015Q1,2015,Q1,1,0,0,0,4709.0,1195.0,3514.0,647.0,517.0,690.0,548.0,548.0,387.0,195.0,582.0,15736.0,7706.0,15776.0,7749.0,0.0414100658313867,0.1097897642811637,0.253769377787216,0.1163729029517944,0.0821830537269059,187.0,198.0,179.0,190.0,181.0,173.0,177.0,182.0,174.0,186.0,187.0,181.0,0.0367387033398821,0.0404907975460122,0.0370217166494312,0.0431230140717203,0.0394507410636442,0.0405532114392873,0.0391160220994475,0.0464048954614992,0.0405405405405405,0.0451675570665371,0.0420035938903863,0.040474060822898,0.0687698592827961,0.1449704142011834,0.0873521383075524,0.0263157894736842,0.0900473933649288,0.0682261208576997,0.0724070450097846,0.062594496522528,0.0659793814432989,0.1040955631399318,-0.0397223681416325,-0.0026109249014281,0.0173866046683108,-0.0005087516459916,0.0712974400022115,0.1022727272727272,Industrials,20.0,1.0,80,8.457443187010464,5090.0,4406.0,9.663769906600864,8.949884285777994,9.666308462257454,8.955448122347393
CMI,2015Q2,2015,Q2,0,1,0,0,5015.0,1332.0,3683.0,609.0,537.0,847.0,723.0,704.0,471.0,166.0,637.0,15878.0,7854.0,15736.0,7706.0,0.0331006979062811,0.1070787637088733,0.2656031904287138,0.1441674975074775,0.0939182452642073,195.0,187.0,198.0,179.0,190.0,181.0,173.0,177.0,182.0,174.0,186.0,187.0,0.0414100658313867,0.0367387033398821,0.0404907975460122,0.0370217166494312,0.0431230140717203,0.0394507410636442,0.0405532114392873,0.0391160220994475,0.0464048954614992,0.0405405405405405,0.0451675570665371,0.0420035938903863,0.0372285418821096,0.0560538116591928,0.1053941908713693,-0.0726256983240223,0.1014304291287386,0.1813725490196078,0.0965732087227413,0.0146005509641873,0.0467836257309941,0.026981450252951,-0.1059113163303384,0.0092121296927931,0.0657190254961255,0.1389703438703498,0.0181495871131001,0.0192000000000001,Industrials,20.0,2.0,81,8.520388082312756,4709.0,4835.0,9.672752760526098,8.96890555068972,9.663769906600864,8.949884285777994
CMI,2015Q3,2015,Q3,0,0,1,0,4620.0,1208.0,3412.0,651.0,530.0,706.0,557.0,561.0,380.0,197.0,577.0,15797.0,7749.0,15878.0,7854.0,0.0426406926406926,0.1147186147186147,0.2614718614718614,0.1205627705627705,0.0822510822510822,166.0,195.0,187.0,198.0,179.0,190.0,181.0,173.0,177.0,182.0,174.0,186.0,0.0331006979062811,0.0414100658313867,0.0367387033398821,0.0404907975460122,0.0370217166494312,0.0431230140717203,0.0394507410636442,0.0405532114392873,0.0391160220994475,0.0464048954614992,0.0405405405405405,0.0451675570665371,-0.0552147239263803,-0.1016548463356974,-0.0591900311526479,-0.005050505050505,-0.1141781681304893,-0.1547799696509864,-0.1614349775784753,-0.0537992235163615,0.0018903591682419,0.0416,0.0530958940049848,0.0604423931456066,-0.0042076303758545,-0.1053839938513686,-0.0491541555371342,-0.0708534621578099,Industrials,20.0,3.0,82,8.438366410870266,5015.0,4890.0,9.667638628724365,8.955448122347393,9.672752760526098,8.96890555068972
CMI,2015Q4,2015,Q4,0,0,0,1,4766.0,1212.0,3554.0,983.0,508.0,361.0,229.0,212.0,161.0,177.0,338.0,15134.0,7406.0,15797.0,7749.0,0.0371380612673101,0.1065883340327318,0.2543013008812421,0.0480486781368023,0.0337809483843894,197.0,166.0,195.0,187.0,198.0,179.0,190.0,181.0,173.0,177.0,182.0,174.0,0.0426406926406926,0.0331006979062811,0.0414100658313867,0.0367387033398821,0.0404907975460122,0.0370217166494312,0.0431230140717203,0.0394507410636442,0.0405532114392873,0.0391160220994475,0.0464048954614992,0.0405405405405405,-0.0636542239685657,-0.6373873873873874,-0.0479183032207384,-0.053475935828877,-0.5212201591511936,-0.6058519793459552,-0.6535947712418301,-0.068902279276919,-0.1056338028169013,0.4205202312138729,0.0108702238000453,-0.0448334150940049,0.0168056728087371,-0.5790571915381688,-0.6127364250528329,-0.4643423137876387,Industrials,20.0,4.0,83,8.469472455204826,4620.0,5090.0,9.624765221455819,8.91018077801329,9.667638628724365,8.955448122347393
CMI,2016Q1,2016,Q1,1,0,0,0,4291.0,1056.0,3235.0,586.0,490.0,612.0,470.0,465.0,321.0,166.0,487.0,14827.0,6920.0,15134.0,7406.0,0.0386856210673502,0.1141924959216965,0.2460964810067583,0.109531577720811,0.0748077371242134,177.0,197.0,166.0,195.0,187.0,198.0,179.0,190.0,181.0,173.0,177.0,182.0,0.0371380612673101,0.0426406926406926,0.0331006979062811,0.0414100658313867,0.0367387033398821,0.0404907975460122,0.0370217166494312,0.0431230140717203,0.0394507410636442,0.0405532114392873,0.0391160220994475,0.0464048954614992,-0.0887661923975365,-0.1705426356589147,-0.1163179916317991,-0.1487179487179487,-0.1130434782608695,-0.1423357664233576,-0.1514598540145985,-0.0793966989186112,-0.0522243713733076,-0.0942812982998454,-0.0657918481735774,0.0401014763931704,-0.0302357078988912,-0.0587879571399653,-0.0897425474989116,-0.1632302405498281,Industrials,20.0,1.0,84,8.36450810375059,4766.0,4709.0,9.604272564270623,8.842315546841863,9.624765221455819,8.91018077801329
CMI,2016Q2,2016,Q2,0,1,0,0,4528.0,1197.0,3331.0,630.0,524.0,722.0,567.0,575.0,406.0,155.0,561.0,15020.0,6861.0,14827.0,6920.0,0.0342314487632508,0.1157243816254417,0.2643551236749116,0.1252208480565371,0.0896643109540636,166.0,177.0,197.0,166.0,195.0,187.0,198.0,179.0,190.0,181.0,173.0,177.0,0.0386856210673502,0.0371380612673101,0.0426406926406926,0.0331006979062811,0.0414100658313867,0.0367387033398821,0.0404907975460122,0.0370217166494312,0.0431230140717203,0.0394507410636442,0.0405532114392873,0.0391160220994475,-0.0971086739780657,-0.138004246284501,-0.1013513513513513,-0.0662650602409639,-0.1475796930342384,-0.2157676348547718,-0.1832386363636363,-0.0955742601140374,-0.0242085661080074,0.0344827586206897,0.0341609370343565,0.0807407334294043,-0.0046989900678062,-0.1314210885151679,-0.0452940139392166,-0.119309262166405,Industrials,20.0,2.0,85,8.418256443556213,4291.0,5015.0,9.617204500998055,8.833754223418396,9.604272564270623,8.842315546841863
CMI,2016Q3,2016,Q3,0,0,1,0,4187.0,1079.0,3108.0,695.0,513.0,530.0,384.0,382.0,289.0,157.0,446.0,15136.0,6934.0,15020.0,6861.0,0.0374970145689037,0.1225220921901122,0.2577024122283258,0.0917124432768091,0.0690231669453069,155.0,166.0,177.0,197.0,166.0,195.0,187.0,198.0,179.0,190.0,181.0,173.0,0.0342314487632508,0.0386856210673502,0.0371380612673101,0.0426406926406926,0.0331006979062811,0.0414100658313867,0.0367387033398821,0.0404907975460122,0.0370217166494312,0.0431230140717203,0.0394507410636442,0.0405532114392873,-0.0937229437229437,-0.2394736842105262,-0.1067880794701986,-0.2030456852791878,-0.2492917847025495,-0.3105924596050269,-0.3190730837789661,-0.089097303634232,-0.0320754716981132,0.0675883256528417,-0.12062838929779,0.0680227658836201,-0.0144162711135221,-0.2392971491223368,-0.1608236018754792,-0.2270363951473136,Industrials,20.0,3.0,86,8.339978571990427,4528.0,4620.0,9.624897356762565,8.844336332748933,9.617204500998055,8.833754223418396
CMI,2016Q4,2016,Q4,0,0,0,1,4503.0,1120.0,3383.0,613.0,519.0,665.0,507.0,508.0,378.0,158.0,536.0,15011.0,6875.0,15136.0,6934.0,0.0350877192982456,0.1152564956695536,0.2487230735065511,0.1125916055962691,0.083944037308461,157.0,155.0,166.0,177.0,197.0,166.0,195.0,187.0,198.0,179.0,190.0,181.0,0.0374970145689037,0.0342314487632508,0.0386856210673502,0.0371380612673101,0.0426406926406926,0.0331006979062811,0.0414100658313867,0.0367387033398821,0.0404907975460122,0.0370217166494312,0.0431230140717203,0.0394507410636442,-0.0551825430130088,1.347826086956522,-0.0759075907590759,-0.1073446327683615,0.8421052631578947,1.2139737991266375,1.3962264150943398,-0.0481148002250985,0.0216535433070865,-0.3763987792472024,-0.0552086430766181,0.0813237369312847,-0.0219355046763837,1.343282062322353,1.484952060944877,0.5857988165680474,Industrials,20.0,4.0,87,8.412721169819527,4187.0,4766.0,9.616605160254911,8.83579236650274,9.624897356762565,8.844336332748933
CMI,2017Q1,2017,Q1,1,0,0,0,4589.0,1132.0,3457.0,592.0,547.0,705.0,540.0,548.0,396.0,158.0,554.0,15634.0,7165.0,15011.0,6875.0,0.0344301590760514,0.1191980823708869,0.2466768359119633,0.1176726955763783,0.086293310089344,158.0,157.0,155.0,166.0,177.0,197.0,166.0,195.0,187.0,198.0,179.0,190.0,0.0350877192982456,0.0374970145689037,0.0342314487632508,0.0386856210673502,0.0371380612673101,0.0426406926406926,0.0331006979062811,0.0414100658313867,0.0367387033398821,0.0404907975460122,0.0370217166494312,0.0431230140717203,0.069447681193195,0.233644859813084,0.071969696969697,-0.0481927710843373,0.1519607843137254,0.148936170212766,0.1784946236559139,0.0686244204018546,0.1163265306122449,0.0102389078498292,-0.110001128943755,0.0438346356193382,0.0023582413809042,0.0743266738685941,0.1535345594809205,0.1375770020533882,Industrials,20.0,1.0,88,8.431635303054591,4503.0,4291.0,9.65726726989194,8.8771028978649,9.616605160254911,8.83579236650274
CMI,2017Q2,2017,Q2,0,1,0,0,5078.0,1251.0,3827.0,665.0,606.0,765.0,586.0,599.0,424.0,174.0,598.0,16260.0,7493.0,15634.0,7165.0,0.0342654588420638,0.1193383221740842,0.246356833398976,0.1153997636864907,0.083497439936983,158.0,158.0,157.0,155.0,166.0,177.0,197.0,166.0,195.0,187.0,198.0,179.0,0.0344301590760514,0.0350877192982456,0.0374970145689037,0.0342314487632508,0.0386856210673502,0.0371380612673101,0.0426406926406926,0.0331006979062811,0.0414100658313867,0.0367387033398821,0.0404907975460122,0.0370217166494312,0.1214664310954063,0.0443349753694581,0.0451127819548873,0.1225806451612903,0.059556786703601,0.0335097001763669,0.0417391304347825,0.1489042329630741,0.1564885496183206,0.0555555555555555,0.0009935331410639,0.0312288603134611,-0.0680837580362879,-0.07843010586873,-0.0687773201116764,0.0659536541889482,Industrials,20.0,2.0,89,8.532869670801245,4589.0,4528.0,9.696524881825722,8.921857979353632,9.65726726989194,8.8771028978649
CMI,2017Q3,2017,Q3,0,0,1,0,5285.0,1341.0,3944.0,719.0,633.0,789.0,622.0,622.0,453.0,213.0,666.0,17992.0,7629.0,16260.0,7493.0,0.0403027436140018,0.1197729422894985,0.2537369914853358,0.1176915799432355,0.0857142857142857,174.0,158.0,158.0,157.0,155.0,166.0,177.0,197.0,166.0,195.0,187.0,198.0,0.0342654588420638,0.0344301590760514,0.0350877192982456,0.0374970145689037,0.0342314487632508,0.0386856210673502,0.0371380612673101,0.0426406926406926,0.0331006979062811,0.0414100658313867,0.0367387033398821,0.0404907975460122,0.2622402674946262,0.5674740484429066,0.2428174235403151,0.3566878980891719,0.4886792452830188,0.6197916666666667,0.6282722513089005,0.2689832689832689,0.2339181286549707,0.0345323741007195,0.0748253981644961,-0.0224379934383419,-0.0153875965253929,0.2832673052664773,0.2418190805734059,0.4932735426008969,Industrials,20.0,3.0,90,8.572817095164234,5078.0,4187.0,9.79773807235252,8.939843124278502,9.696524881825722,8.921857979353632
CMI,2017Q4,2017,Q4,0,0,0,1,5476.0,1374.0,4102.0,779.0,633.0,770.0,595.0,596.0,-274.0,207.0,-67.0,18075.0,7259.0,17992.0,7629.0,0.0378013148283418,0.1155953250547845,0.2509130752373996,0.1086559532505478,-0.0500365230094959,213.0,174.0,158.0,158.0,157.0,155.0,166.0,177.0,197.0,166.0,195.0,187.0,0.0403027436140018,0.0342654588420638,0.0344301590760514,0.0350877192982456,0.0374970145689037,0.0342314487632508,0.0386856210673502,0.0371380612673101,0.0426406926406926,0.0331006979062811,0.0414100658313867,0.0367387033398821,0.2160781701088163,-1.7248677248677249,0.2267857142857143,0.3101265822784811,0.1578947368421053,0.1735700197238658,0.1732283464566928,0.2125332545078333,0.2196531791907514,0.2707993474714518,0.0773374726077429,0.0029397855909336,0.0088049801732235,-0.0349551134374419,-1.5960700082321704,-1.125,Industrials,20.0,4.0,91,8.608312784783722,5285.0,4503.0,9.802340370531171,8.890135107818843,9.79773807235252,8.939843124278502
CMI,2018Q1,2018,Q1,1,0,0,0,5570.0,1200.0,4370.0,670.0,577.0,701.0,530.0,523.0,325.0,210.0,535.0,18392.0,7394.0,18075.0,7259.0,0.03770197486535,0.1035906642728904,0.215439856373429,0.0951526032315978,0.0583482944344703,207.0,213.0,174.0,158.0,158.0,157.0,155.0,166.0,177.0,197.0,166.0,195.0,0.0378013148283418,0.0403027436140018,0.0342654588420638,0.0344301590760514,0.0350877192982456,0.0374970145689037,0.0342314487632508,0.0386856210673502,0.0371380612673101,0.0426406926406926,0.0331006979062811,0.0414100658313867,0.2137720636304205,-0.1792929292929292,0.0600706713780918,0.3291139240506329,-0.0056737588652482,-0.0185185185185184,-0.0456204379562044,0.264101822389355,0.0548446069469834,0.1317567567567568,0.095027611753744,-0.1309368220323684,-0.1266311829525918,-0.1913790810559213,-0.3238375677783218,-0.0342960288808664,Industrials,20.0,1.0,92,8.625329850020815,5476.0,4589.0,9.819725436430797,8.9085593751449,9.802340370531171,8.890135107818843
CMI,2018Q2,2018,Q2,0,1,0,0,6132.0,1440.0,4692.0,718.0,613.0,897.0,722.0,715.0,545.0,219.0,764.0,18915.0,7299.0,18392.0,7394.0,0.0357142857142857,0.0999673842139595,0.2348336594911937,0.1177429876060013,0.0888780169602087,210.0,207.0,213.0,174.0,158.0,158.0,157.0,155.0,166.0,177.0,197.0,166.0,0.03770197486535,0.0378013148283418,0.0403027436140018,0.0342654588420638,0.0344301590760514,0.0350877192982456,0.0374970145689037,0.0342314487632508,0.0386856210673502,0.0371380612673101,0.0426406926406926,0.0331006979062811,0.2075620322961795,0.2853773584905661,0.1510791366906474,0.2586206896551724,0.1725490196078432,0.2320819112627985,0.1936560934891484,0.2260256075254769,0.0115511551155116,0.0796992481203007,0.0422824302134645,-0.1623195098374809,-0.0467743222251945,0.0203052748520045,0.0644400238772169,0.2775919732441472,Industrials,20.0,2.0,93,8.721439305625983,5570.0,5078.0,9.847763403763766,8.895629627136483,9.819725436430797,8.9085593751449
CMI,2018Q3,2018,Q3,0,0,1,0,5943.0,1551.0,4392.0,748.0,604.0,983.0,803.0,805.0,692.0,229.0,921.0,18992.0,7191.0,18915.0,7299.0,0.0385327275786639,0.1016321723035504,0.2609793033821302,0.1351169443042234,0.116439508665657,219.0,210.0,207.0,213.0,174.0,158.0,158.0,157.0,155.0,166.0,177.0,197.0,0.0357142857142857,0.03770197486535,0.0378013148283418,0.0403027436140018,0.0342654588420638,0.0344301590760514,0.0350877192982456,0.0374970145689037,0.0342314487632508,0.0386856210673502,0.0371380612673101,0.0426406926406926,0.124503311258278,0.5275938189845475,0.1565995525727068,0.0751173708920187,0.2458808618504435,0.2909967845659165,0.2942122186495177,0.1135902636916836,-0.0458135860979462,0.0403337969401946,-0.0439180035059197,-0.1514596672602467,0.028542593866188,0.1480595669579116,0.3584609344326659,0.3828828828828829,Industrials,20.0,3.0,94,8.690137586397595,6132.0,5285.0,9.851825769212237,8.880724576151456,9.847763403763766,8.895629627136483
CMI,2018Q4,2018,Q4,0,0,0,1,6126.0,1546.0,4580.0,815.0,643.0,897.0,731.0,710.0,579.0,244.0,823.0,19062.0,7348.0,18992.0,7191.0,0.0398302317988899,0.1049624551093699,0.2523669604962455,0.1193274567417564,0.0945151811949069,229.0,219.0,210.0,207.0,213.0,174.0,158.0,158.0,157.0,155.0,166.0,177.0,0.0385327275786639,0.0357142857142857,0.03770197486535,0.0378013148283418,0.0403027436140018,0.0342654588420638,0.0344301590760514,0.0350877192982456,0.0374970145689037,0.0342314487632508,0.0386856210673502,0.0371380612673101,0.118699780861943,-3.113138686131387,0.1251819505094613,0.1787439613526569,0.1649350649350649,0.2285714285714286,0.1912751677852349,0.1165285226718673,0.0157977883096367,0.0462130937098843,0.0536731851725675,-0.0919835636984051,0.0057943782223,0.0982137027190894,-2.88892384023106,-13.28358208955224,Industrials,20.0,4.0,95,8.720460512725655,5943.0,5476.0,9.855504562513977,8.90231952852887,9.851825769212237,8.880724576151456
CMI,2019Q1,2019,Q1,1,0,0,0,6004.0,1532.0,4472.0,733.0,593.0,1034.0,799.0,845.0,663.0,237.0,900.0,19846.0,7820.0,19062.0,7348.0,0.0394736842105263,0.0987674883411059,0.2551632245169887,0.1330779480346435,0.1104263824117255,244.0,229.0,219.0,210.0,207.0,213.0,174.0,158.0,158.0,157.0,155.0,166.0,0.0398302317988899,0.0385327275786639,0.0357142857142857,0.03770197486535,0.0378013148283418,0.0403027436140018,0.0342654588420638,0.0344301590760514,0.0350877192982456,0.0374970145689037,0.0342314487632508,0.0386856210673502,0.0779174147217234,1.04,0.2766666666666666,0.1285714285714285,0.4750356633380885,0.5075471698113208,0.6156787762906311,0.0233409610983981,0.0277296360485268,0.0940298507462686,0.0469924812030073,-0.0465599479030155,0.1843826337996892,0.398573906703707,0.8925383077948035,0.6822429906542056,Industrials,20.0,1.0,96,8.700347734514084,6126.0,5570.0,9.895808141192258,8.964567702601611,9.855504562513977,8.90231952852887
CMI,2019Q2,2019,Q2,0,1,0,0,6221.0,1641.0,4580.0,793.0,629.0,1058.0,848.0,871.0,675.0,251.0,926.0,20254.0,8278.0,19846.0,7820.0,0.0403472110593152,0.1011091464394791,0.2637839575630927,0.1363124899533837,0.108503456036007,237.0,244.0,229.0,219.0,210.0,207.0,213.0,174.0,158.0,158.0,157.0,155.0,0.0394736842105263,0.0398302317988899,0.0385327275786639,0.0357142857142857,0.03770197486535,0.0378013148283418,0.0403027436140018,0.0342654588420638,0.0344301590760514,0.0350877192982456,0.0374970145689037,0.0342314487632508,0.0145140247879973,0.238532110091743,0.1395833333333334,0.1461187214611872,0.1794871794871795,0.1745152354570638,0.2181818181818182,-0.0238704177323103,0.0261011419249592,0.1044568245125348,0.1297219096608262,0.0114213474174329,0.1232800192895033,0.157712172291065,0.2208131970876978,0.212041884816754,Industrials,20.0,2.0,97,8.735846677457582,6004.0,6132.0,9.91615695563679,9.021477467138807,9.895808141192258,8.964567702601611
CMI,2019Q3,2019,Q3,0,0,1,0,5768.0,1494.0,4274.0,795.0,600.0,959.0,699.0,755.0,622.0,242.0,864.0,20346.0,7810.0,20254.0,8278.0,0.0419556171983356,0.1040221914008321,0.2590152565880721,0.1211858529819694,0.1078363384188626,251.0,237.0,244.0,229.0,219.0,210.0,207.0,213.0,174.0,158.0,158.0,157.0,0.0403472110593152,0.0394736842105263,0.0398302317988899,0.0385327275786639,0.0357142857142857,0.03770197486535,0.0378013148283418,0.0403027436140018,0.0342654588420638,0.0344301590760514,0.0350877192982456,0.0374970145689037,-0.0294464075382803,-0.1011560693641618,-0.0367504835589942,0.056768558951965,-0.0244150559511698,-0.1295143212951431,-0.062111801242236,-0.0268670309653916,-0.0066225165562914,0.0628342245989304,0.0888307118327893,0.0235163634025588,-0.007525680268915,-0.1031039548295833,-0.0738853190414726,-0.0618892508143322,Industrials,20.0,3.0,98,8.660254034256889,6221.0,5943.0,9.920688759855903,8.963288275610298,9.91615695563679,9.021477467138807
CMI,2019Q4,2019,Q4,0,0,0,1,5578.0,1313.0,4265.0,959.0,632.0,564.0,354.0,363.0,300.0,271.0,571.0,19737.0,7507.0,20346.0,7810.0,0.0485837217640731,0.1133022588741484,0.2353890283255647,0.0634636070276084,0.0537827178200071,242.0,251.0,237.0,244.0,229.0,219.0,210.0,207.0,213.0,174.0,158.0,158.0,0.0419556171983356,0.0403472110593152,0.0394736842105263,0.0398302317988899,0.0385327275786639,0.0357142857142857,0.03770197486535,0.0378013148283418,0.0403027436140018,0.0342654588420638,0.0344301590760514,0.0350877192982456,-0.089454782892589,-0.4818652849740933,-0.1507115135834411,0.1106557377049179,-0.3712374581939799,-0.5157318741450068,-0.4887323943661972,-0.0687772925764191,-0.0171073094867807,0.1766871165644172,0.2197699980602954,0.0794551133173147,-0.0672747816802009,-0.4681558732542689,-0.4309621254484215,-0.3061968408262454,Industrials,20.0,4.0,99,8.626764827845529,5768.0,6126.0,9.890300990731953,8.9237243977064,9.920688759855903,8.963288275610298
CMI,2020Q1,2020,Q1,1,0,0,0,5011.0,1294.0,3717.0,660.0,546.0,846.0,634.0,655.0,511.0,238.0,749.0,20076.0,7068.0,19737.0,7507.0,0.0474955098782678,0.1089602873677908,0.2582318898423468,0.1265216523647974,0.1019756535621632,271.0,242.0,251.0,237.0,244.0,229.0,219.0,210.0,207.0,213.0,174.0,158.0,0.0485837217640731,0.0419556171983356,0.0403472110593152,0.0394736842105263,0.0398302317988899,0.0385327275786639,0.0357142857142857,0.03770197486535,0.0378013148283418,0.0403027436140018,0.0342654588420638,0.0344301590760514,-0.1653897401732178,-0.229260935143288,-0.1553524804177546,0.0042194092827003,-0.1818181818181817,-0.2065081351689611,-0.2248520710059172,-0.1688282647584973,-0.0792580101180439,-0.0995907230559345,0.2032195835827845,0.1031999415787794,0.0120262836902418,-0.0492665822299825,-0.0765281689483738,-0.1677777777777778,Industrials,20.0,1.0,100,8.51959031601596,5578.0,6004.0,9.90733016025358,8.863474306170954,9.890300990731953,8.9237243977064
CMI,2020Q2,2020,Q2,0,1,0,0,3852.0,890.0,2962.0,554.0,470.0,550.0,336.0,362.0,276.0,189.0,465.0,20314.0,7192.0,20076.0,7068.0,0.0490654205607476,0.1220145379023883,0.2310488058151609,0.087227414330218,0.0716510903426791,238.0,271.0,242.0,251.0,237.0,244.0,229.0,219.0,210.0,207.0,213.0,174.0,0.0474955098782678,0.0485837217640731,0.0419556171983356,0.0403472110593152,0.0394736842105263,0.0398302317988899,0.0385327275786639,0.0357142857142857,0.03770197486535,0.0378013148283418,0.0403027436140018,0.0342654588420638,-0.3808069442211863,-0.5911111111111111,-0.457647775746496,-0.247011952191235,-0.4801512287334594,-0.6037735849056604,-0.5843857634902412,-0.3532751091703057,-0.2527821939586645,-0.3013871374527112,0.2160796068064192,0.206760636392302,-0.1240983418792709,-0.3600922823723036,-0.339642321449175,-0.4978401727861771,Industrials,20.0,2.0,101,8.256607344626158,5011.0,6221.0,9.919114808421828,8.880863609867356,9.90733016025358,8.863474306170954
CMI,2020Q3,2020,Q3,0,0,1,0,5118.0,1349.0,3769.0,679.0,533.0,877.0,670.0,686.0,501.0,224.0,725.0,21568.0,7700.0,20314.0,7192.0,0.0437670965220789,0.1041422430636967,0.26357952325127,0.1309105119187182,0.0978898007033997,189.0,238.0,271.0,242.0,251.0,237.0,244.0,229.0,219.0,210.0,207.0,213.0,0.0490654205607476,0.0474955098782678,0.0485837217640731,0.0419556171983356,0.0403472110593152,0.0394736842105263,0.0398302317988899,0.0385327275786639,0.0357142857142857,0.03770197486535,0.0378013148283418,0.0403027436140018,-0.1126907073509014,-0.1945337620578778,-0.0970548862115127,-0.0743801652892561,-0.0855057351407716,-0.0414878397711016,-0.0913907284768211,-0.1181562938699111,-0.1116666666666666,-0.1459119496855345,0.0431760856997986,0.0011540966523382,0.0176216131949971,0.0802458265338581,-0.0922373465318169,-0.1608796296296296,Industrials,20.0,3.0,102,8.540714386457584,3852.0,5768.0,9.979012377622373,8.94910546953925,9.919114808421828,8.880863609867356
CMI,2020Q4,2020,Q4,0,0,0,1,5830.0,1361.0,4469.0,732.0,576.0,838.0,629.0,635.0,501.0,255.0,756.0,22624.0,8062.0,21568.0,7700.0,0.0437392795883361,0.0987993138936535,0.2334476843910806,0.1078902229845626,0.085934819897084,224.0,189.0,238.0,271.0,242.0,251.0,237.0,244.0,229.0,219.0,210.0,207.0,0.0437670965220789,0.0490654205607476,0.0474955098782678,0.0485837217640731,0.0419556171983356,0.0403472110593152,0.0394736842105263,0.0398302317988899,0.0385327275786639,0.0357142857142857,0.03770197486535,0.0378013148283418,0.045177482968806,0.6699999999999999,0.0365575019040365,-0.059040590405904,0.4858156028368794,0.7768361581920904,0.7493112947658402,0.0478311840562719,-0.0886075949367088,-0.2367049009384776,-0.0997132784363863,-0.1280022580715201,-0.0082473849707176,0.7000329486098593,0.5978147512864491,0.3239929947460596,Industrials,20.0,4.0,103,8.670943791222156,5118.0,5578.0,10.026810768568128,8.995040974685022,9.979012377622373,8.94910546953925
CMI,2021Q1,2021,Q1,1,0,0,0,6092.0,1486.0,4606.0,676.0,574.0,981.0,810.0,783.0,603.0,260.0,863.0,22962.0,8109.0,22624.0,8062.0,0.0426789231779382,0.0942219304005252,0.2439264609323703,0.1329612606697308,0.0989822718319107,255.0,224.0,189.0,238.0,271.0,242.0,251.0,237.0,244.0,229.0,219.0,210.0,0.0437392795883361,0.0437670965220789,0.0490654205607476,0.0474955098782678,0.0485837217640731,0.0419556171983356,0.0403472110593152,0.0394736842105263,0.0398302317988899,0.0385327275786639,0.0357142857142857,0.03770197486535,0.2157254041109559,0.1800391389432485,0.1483771251931993,0.0924369747899158,0.1595744680851063,0.277602523659306,0.1954198473282442,0.2391713747645951,0.0512820512820513,0.0242424242424241,-0.1014114115771062,-0.1352635654999411,-0.0553976076258827,0.0508972826751119,-0.0293538862041007,0.1522029372496662,Industrials,20.0,1.0,104,8.714895850248494,5830.0,5011.0,10.041639503918871,9.000853147109458,10.026810768568128,8.995040974685022
CMI,2021Q2,2021,Q2,0,1,0,0,6111.0,1478.0,4633.0,743.0,600.0,975.0,735.0,779.0,600.0,276.0,876.0,22608.0,7866.0,22962.0,8109.0,0.0451644575355915,0.0981836033382425,0.2418589428898707,0.120274914089347,0.0981836033382425,260.0,255.0,224.0,189.0,238.0,271.0,242.0,251.0,237.0,244.0,229.0,219.0,0.0426789231779382,0.0437392795883361,0.0437670965220789,0.0490654205607476,0.0474955098782678,0.0485837217640731,0.0419556171983356,0.0403472110593152,0.0394736842105263,0.0398302317988899,0.0385327275786639,0.0357142857142857,0.5864485981308412,1.1739130434782608,0.6606741573033708,0.4603174603174602,0.7727272727272727,1.1875,1.1519337016574585,0.5641458474004051,0.2765957446808511,0.3411552346570397,-0.0795053416555625,-0.1953122551938081,0.0467872449570583,0.3788659793814435,0.3703015944163412,0.8838709677419354,Industrials,20.0,2.0,105,8.718009330846357,6092.0,3852.0,10.026103336076316,8.970432074329242,10.041639503918871,9.000853147109458
CMI,2021Q3,2021,Q3,0,0,1,0,5968.0,1414.0,4554.0,748.0,571.0,863.0,666.0,675.0,534.0,266.0,800.0,23063.0,8082.0,22608.0,7866.0,0.0445710455764075,0.0956769436997319,0.2369302949061662,0.1115951742627345,0.0894772117962466,276.0,260.0,255.0,224.0,189.0,238.0,271.0,242.0,251.0,237.0,244.0,229.0,0.0451644575355915,0.0426789231779382,0.0437392795883361,0.0437670965220789,0.0490654205607476,0.0474955098782678,0.0485837217640731,0.0419556171983356,0.0403472110593152,0.0394736842105263,0.0398302317988899,0.0385327275786639,0.1660805001953889,0.0658682634730538,0.0481838398813936,0.1875,-0.015963511972634,-0.0059701492537312,-0.0160349854227405,0.2082780578402758,0.0712945590994371,0.101620029455081,0.0183688002680966,-0.0812859327294036,-0.1011050783322767,-0.1475461166019767,-0.0859393812910371,0.1034482758620689,Industrials,20.0,3.0,106,8.69433468816865,6111.0,5118.0,10.046028239318238,8.997518369733845,10.026103336076316,8.970432074329242
CMI,2021Q4,2021,Q4,0,0,0,1,5850.0,1317.0,4533.0,822.0,629.0,705.0,495.0,514.0,394.0,288.0,682.0,23710.0,8474.0,23063.0,8082.0,0.0492307692307692,0.1075213675213675,0.2251282051282051,0.0846153846153846,0.0673504273504273,266.0,276.0,260.0,255.0,224.0,189.0,238.0,271.0,242.0,251.0,237.0,244.0,0.0445710455764075,0.0451644575355915,0.0426789231779382,0.0437392795883361,0.0437670965220789,0.0490654205607476,0.0474955098782678,0.0485837217640731,0.0419556171983356,0.0403472110593152,0.0394736842105263,0.0398302317988899,0.0034305317324185,-0.2135728542914171,-0.032329169728141,0.1294117647058823,-0.1587112171837709,-0.2130365659777424,-0.1905511811023622,0.0143208771537257,0.0920138888888888,0.1229508196721311,0.1255505279034692,0.0882805080721749,-0.0356374460709508,-0.2157270392564509,-0.2162614941058055,-0.0978835978835979,Industrials,20.0,4.0,107,8.674367865788236,5968.0,5830.0,10.073694354466978,9.044875932248651,10.046028239318238,8.997518369733845
CMI,2022Q1,2022,Q1,1,0,0,0,6385.0,1532.0,4853.0,928.0,615.0,756.0,604.0,578.0,418.0,298.0,716.0,24122.0,8436.0,23710.0,8474.0,0.0466718872357086,0.0963194988253719,0.2399373531714957,0.0945967110415035,0.0654659357870007,288.0,266.0,276.0,260.0,255.0,224.0,189.0,238.0,271.0,242.0,251.0,237.0,0.0492307692307692,0.0445710455764075,0.0451644575355915,0.0426789231779382,0.0437392795883361,0.0437670965220789,0.0490654205607476,0.0474955098782678,0.0485837217640731,0.0419556171983356,0.0403472110593152,0.0394736842105263,0.0480958634274457,-0.3067993366500829,0.0309555854643337,0.146153846153846,-0.2293577981651375,-0.254320987654321,-0.2618135376756066,0.0536257056013895,0.0714285714285714,0.3727810650887573,0.0935582193843742,0.022261997986352,-0.0163537311435049,-0.2885393041174822,-0.3386094845532192,-0.1703360370799536,Industrials,20.0,1.0,108,8.761863373274727,5850.0,6092.0,10.090921021216259,9.040382074165628,10.073694354466978,9.044875932248651
CMI,2022Q2,2022,Q2,0,1,0,0,6586.0,1726.0,4860.0,829.0,622.0,1056.0,897.0,855.0,702.0,299.0,1001.0,24477.0,8738.0,24122.0,8436.0,0.0453993319161858,0.0944427573641056,0.2620710598238688,0.1361979957485575,0.1065897358032189,298.0,288.0,266.0,276.0,260.0,255.0,224.0,189.0,238.0,271.0,242.0,251.0,0.0466718872357086,0.0492307692307692,0.0445710455764075,0.0451644575355915,0.0426789231779382,0.0437392795883361,0.0437670965220789,0.0490654205607476,0.0474955098782678,0.0485837217640731,0.0419556171983356,0.0403472110593152,0.0777286859761086,0.1699999999999999,0.1677943166441136,0.0833333333333332,0.083076923076923,0.2204081632653061,0.0975609756097561,0.0489963306712712,0.0366666666666666,0.1157469717362045,0.0052004251442454,-0.0381005162465836,0.0835698556046429,0.1323890503665783,0.085616459155785,0.1426940639269407,Industrials,20.0,2.0,109,8.792853288640693,6385.0,6111.0,10.105530033942284,9.075551045627543,10.090921021216259,9.040382074165628
CMI,2022Q3,2022,Q3,0,0,1,0,7333.0,1642.0,5691.0,1016.0,708.0,885.0,626.0,608.0,400.0,348.0,748.0,29769.0,8380.0,24477.0,8738.0,0.0474567025773898,0.0965498431746897,0.2239192690576844,0.0853675167053047,0.0545479339969998,299.0,298.0,288.0,266.0,276.0,260.0,255.0,224.0,189.0,238.0,271.0,242.0,0.0453993319161858,0.0466718872357086,0.0492307692307692,0.0445710455764075,0.0451644575355915,0.0426789231779382,0.0437392795883361,0.0437670965220789,0.0490654205607476,0.0474955098782678,0.0485837217640731,0.0419556171983356,0.2287198391420912,-0.2509363295880149,0.1612446958981612,0.3082706766917293,0.0254924681344148,-0.06006006006006,-0.0992592592592592,0.2496706192358366,0.2399299474605953,0.358288770053476,0.0647428608340707,0.0091234046699624,-0.0549149945288113,-0.2350250154695811,-0.3903706552545034,-0.0649999999999999,Industrials,20.0,3.0,110,8.900276348631271,6586.0,5968.0,10.301256454009822,9.033722518098907,10.105530033942284,9.075551045627543
CMI,2022Q4,2022,Q4,0,0,0,1,7770.0,1819.0,5951.0,1017.0,742.0,1105.0,802.0,778.0,631.0,333.0,964.0,30299.0,8975.0,29769.0,8380.0,0.0428571428571428,0.0954954954954954,0.2341055341055341,0.1032175032175032,0.0812097812097812,348.0,299.0,298.0,288.0,266.0,276.0,260.0,255.0,224.0,189.0,238.0,271.0,0.0474567025773898,0.0453993319161858,0.0466718872357086,0.0492307692307692,0.0445710455764075,0.0451644575355915,0.0426789231779382,0.0437392795883361,0.0437670965220789,0.0490654205607476,0.0474955098782678,0.0485837217640731,0.3282051282051281,0.601522842639594,0.381169324221716,0.15625,0.5673758865248226,0.6202020202020202,0.5136186770428015,0.312817118905802,0.1796502384737679,0.2372262773722628,-0.1294642857142857,-0.1118463455506381,0.0398765182364271,0.2198432198432196,0.2057797463888835,0.4134897360703813,Industrials,20.0,4.0,111,8.958154135209242,7333.0,5850.0,10.31890299149746,9.102309627762478,10.301256454009822,9.033722518098907
CMI,2023Q1,2023,Q1,1,0,0,0,8453.0,2029.0,6424.0,1003.0,722.0,1362.0,1026.0,1029.0,790.0,350.0,1140.0,31433.0,9623.0,30299.0,8975.0,0.0414054181947237,0.085413462675973,0.2400331243345558,0.1213770259079616,0.0934579439252336,333.0,348.0,299.0,298.0,288.0,266.0,276.0,260.0,255.0,224.0,189.0,238.0,0.0428571428571428,0.0474567025773898,0.0453993319161858,0.0466718872357086,0.0492307692307692,0.0445710455764075,0.0451644575355915,0.0426789231779382,0.0437392795883361,0.0437670965220789,0.0490654205607476,0.0474955098782678,0.323884103367267,0.8899521531100478,0.3244125326370757,0.1744966442953019,0.8015873015873016,0.6986754966887416,0.7802768166089966,0.3237172882752936,0.1739837398373984,0.0808189655172413,-0.1128402846533179,-0.1132277086405078,0.0003991507024403,0.283099851692608,0.4275812726378392,0.5921787709497206,Industrials,20.0,1.0,112,9.042394981126735,7770.0,6385.0,10.355645388636274,9.172015257654515,10.31890299149746,9.102309627762478
CMI,2023Q2,2023,Q2,0,1,0,0,8638.0,2148.0,6490.0,1151.0,873.0,1305.0,997.0,949.0,720.0,384.0,1104.0,31735.0,10337.0,31433.0,9623.0,0.0444547348923361,0.1010650613567955,0.2486686733040055,0.1154202361657791,0.0833526279231303,350.0,333.0,348.0,299.0,298.0,288.0,266.0,276.0,260.0,255.0,224.0,189.0,0.0414054181947237,0.0428571428571428,0.0474567025773898,0.0453993319161858,0.0466718872357086,0.0492307692307692,0.0445710455764075,0.0451644575355915,0.0426789231779382,0.0437392795883361,0.0437670965220789,0.0490654205607476,0.3115699969632555,0.0256410256410255,0.2444959443800696,0.2842809364548495,0.2357954545454545,0.1114827201783723,0.1099415204678362,0.3353909465020577,0.4035369774919615,0.3884197828709288,-0.0208064080236585,0.0701197654274203,-0.0511402767206369,-0.152555545832975,-0.2180051175188939,0.1028971028971028,Industrials,20.0,2.0,113,9.064042114358884,8453.0,6586.0,10.365206962194167,9.243581705755984,10.355645388636274,9.172015257654515
CMI,2023Q3,2023,Q3,0,0,1,0,8431.0,2071.0,6360.0,1121.0,831.0,1232.0,950.0,878.0,656.0,376.0,1032.0,32097.0,10658.0,31735.0,10337.0,0.0445973194164393,0.0985648203060135,0.2456410864666113,0.1126793974617483,0.0778080891946388,384.0,350.0,333.0,348.0,299.0,298.0,288.0,266.0,276.0,260.0,255.0,224.0,0.0444547348923361,0.0414054181947237,0.0428571428571428,0.0474567025773898,0.0453993319161858,0.0466718872357086,0.0492307692307692,0.0445710455764075,0.0451644575355915,0.0426789231779382,0.0437392795883361,0.0437670965220789,0.1497340788217647,0.6399999999999999,0.2612667478684531,0.0804597701149425,0.3920903954802259,0.5175718849840256,0.444078947368421,0.1175540326831838,0.173728813559322,0.1033464566929134,-0.0602524618369264,0.0208698125762671,0.0970073611812794,0.3199329418322687,0.4264167951607163,0.3796791443850267,Industrials,20.0,3.0,114,9.039789270781144,8638.0,7333.0,10.376549001881102,9.274159884689137,10.365206962194167,9.243581705755984
CMI,2023Q4,2023,Q4,0,0,0,1,8543.0,2001.0,6542.0,3213.0,751.0,-874.0,-1212.0,-1230.0,-1431.0,390.0,-1041.0,32005.0,8850.0,32097.0,10658.0,0.0456514105115299,0.0879082289593819,0.2342268523937726,-0.1418705372819852,-0.1675055601076905,376.0,384.0,350.0,333.0,348.0,299.0,298.0,288.0,266.0,276.0,260.0,255.0,0.0445973194164393,0.0444547348923361,0.0414054181947237,0.0428571428571428,0.0474567025773898,0.0453993319161858,0.0466718872357086,0.0492307692307692,0.0445710455764075,0.0451644575355915,0.0426789231779382,0.0437392795883361,0.0994851994851995,-3.2678288431061806,0.1000549752611323,0.1711711711711712,-1.7909502262443435,-2.511221945137157,-2.5809768637532136,0.0993110401613175,0.0121293800539084,2.15929203539823,0.0651995786023644,-0.0794515646706228,0.00051822050556,-2.3744813898765904,-3.062627895462369,-2.079875518672199,Industrials,20.0,4.0,115,9.052984561199976,8431.0,7770.0,10.373678664205936,9.088285725968877,10.376549001881102,9.274159884689137
CMI,2024Q1,2024,Q1,1,0,0,0,8403.0,2041.0,6362.0,1118.0,809.0,2575.0,923.0,2221.0,1993.0,369.0,2362.0,31827.0,9067.0,32005.0,8850.0,0.0439128882541949,0.0962751398310127,0.2428894442461026,0.1098417231940973,0.2371771986195406,390.0,376.0,384.0,350.0,333.0,348.0,299.0,298.0,288.0,266.0,276.0,260.0,0.0456514105115299,0.0445973194164393,0.0444547348923361,0.0414054181947237,0.0428571428571428,0.0474567025773898,0.0453993319161858,0.0466718872357086,0.0492307692307692,0.0445710455764075,0.0451644575355915,0.0426789231779382,-0.0059150597421033,1.5227848101265824,0.0059142434696894,0.0542857142857142,0.8906020558002936,-0.1003898635477582,1.1584062196307094,-0.0096513075965131,0.1204986149584488,0.114656031904287,0.0605589840363136,0.1271658684093499,0.0118996905925603,-0.0950369530607163,1.5377960252290852,1.0719298245614035,Industrials,20.0,1.0,116,9.036463061964891,8543.0,8453.0,10.368101684497425,9.11250701162742,10.373678664205936,9.088285725968877
CMI,2024Q2,2024,Q2,0,1,0,0,8796.0,2193.0,6603.0,1148.0,828.0,1349.0,1045.0,977.0,726.0,379.0,1105.0,31320.0,9551.0,31827.0,9067.0,0.043087767166894,0.0941336971350614,0.2493178717598908,0.1188040018190086,0.082537517053206,369.0,390.0,376.0,384.0,350.0,333.0,348.0,299.0,298.0,288.0,266.0,276.0,0.0439128882541949,0.0456514105115299,0.0445973194164393,0.0444547348923361,0.0414054181947237,0.0428571428571428,0.0474567025773898,0.0453993319161858,0.0466718872357086,0.0492307692307692,0.0445710455764075,0.0451644575355915,0.0182912711275757,0.0083333333333333,0.020949720670391,-0.0130208333333333,0.0337164750957854,0.0481444332998997,0.029504741833509,0.0174114021571649,-0.0515463917525773,-0.0026064291920069,-0.0307496541988783,-0.0685831891722102,0.0026106965837697,0.0293169184680006,-0.0097790662422312,0.0009057971014492,Industrials,20.0,2.0,117,9.082166033252674,8403.0,8638.0,10.35204407807524,9.164505835632383,10.368101684497425,9.11250701162742
CMI,2024Q3,2024,Q3,0,0,1,0,8456.0,2171.0,6285.0,1121.0,807.0,1392.0,1050.0,1043.0,809.0,359.0,1168.0,32052.0,10315.0,31320.0,9551.0,0.0424550614947965,0.0954351939451277,0.2567407757805108,0.1241721854304635,0.0956717123935667,379.0,369.0,390.0,376.0,384.0,350.0,333.0,348.0,299.0,298.0,288.0,266.0,0.043087767166894,0.0439128882541949,0.0456514105115299,0.0445973194164393,0.0444547348923361,0.0414054181947237,0.0428571428571428,0.0474567025773898,0.0453993319161858,0.0466718872357086,0.0492307692307692,0.0445710455764075,0.002965247301625,0.2332317073170731,0.048285852245292,-0.0452127659574468,0.1298701298701299,0.1052631578947369,0.1879271070615034,-0.0117924528301887,-0.0288808664259927,0.0,-0.0480355758972603,-0.0317519613100218,0.0451866154541222,0.1019954688044615,0.2295856816923183,0.1317829457364341,Industrials,20.0,3.0,118,9.042749779782222,8796.0,8431.0,10.375146061712408,9.241451367001236,10.35204407807524,9.164505835632383
CMI,2024Q4,2024,Q4,0,0,0,1,8447.0,2034.0,6413.0,1302.0,801.0,1022.0,732.0,662.0,418.0,356.0,774.0,31540.0,10271.0,32052.0,10315.0,0.0421451402864922,0.0948265656446075,0.2407955487155203,0.0866579850834615,0.0494850242689712,359.0,379.0,369.0,390.0,376.0,384.0,350.0,333.0,348.0,299.0,298.0,288.0,0.0424550614947965,0.043087767166894,0.0439128882541949,0.0456514105115299,0.0445973194164393,0.0444547348923361,0.0414054181947237,0.0428571428571428,0.0474567025773898,0.0453993319161858,0.0466718872357086,0.0492307692307692,-0.0112372702797611,-1.292103424178896,0.0164917541229385,-0.0871794871794872,-2.169336384439359,-1.603960396039604,-1.538211382113821,-0.0197187404463466,0.0665778961384819,-0.5947712418300654,-0.0768052988012737,0.0786995343567007,0.028044164256217,-1.610824394858096,-1.295423174234676,-1.7435158501440924,Industrials,20.0,4.0,119,9.041685005946043,8456.0,8543.0,10.359043565784862,9.237177025929743,10.375146061712408,9.241451367001236
CMI,2025Q1,2025,Q1,1,0,0,0,8174.0,2155.0,6019.0,1021.0,754.0,1463.0,1134.0,1117.0,824.0,344.0,1168.0,32531.0,10924.0,31540.0,10271.0,0.0420846586738438,0.0922436995351113,0.2636408123317837,0.1387325666748226,0.1008074382187423,356.0,359.0,379.0,369.0,390.0,376.0,384.0,350.0,333.0,348.0,299.0,298.0,0.0421451402864922,0.0424550614947965,0.043087767166894,0.0439128882541949,0.0456514105115299,0.0445973194164393,0.0444547348923361,0.0414054181947237,0.0428571428571428,0.0474567025773898,0.0453993319161858,0.0466718872357086,-0.0272521718433892,-0.5865529352734571,0.0558549730524253,-0.0677506775067751,-0.4318446601941748,0.228602383531961,-0.4970733903647005,-0.0539138635649166,-0.0679851668726823,-0.0867620751341681,-0.0416330980045793,-0.0418741567446966,0.0854354463615769,0.2630224894567003,-0.5749699431248911,-0.5055038103302286,Industrials,20.0,1.0,120,9.008835995765454,8447.0,8403.0,10.389979499286666,9.298809019963791,10.359043565784862,9.237177025929743
CMI,2025Q2,2025,Q2,0,1,0,0,8643.0,2281.0,6362.0,1055.0,779.0,1591.0,1226.0,1225.0,890.0,357.0,1247.0,34259.0,11789.0,32531.0,10924.0,0.0413051023950017,0.090130741640634,0.2639129931736665,0.1418488950595857,0.1029735045701723,344.0,356.0,359.0,379.0,369.0,390.0,376.0,384.0,350.0,333.0,348.0,299.0,0.0420846586738438,0.0421451402864922,0.0424550614947965,0.043087767166894,0.0439128882541949,0.0456514105115299,0.0445973194164393,0.0444547348923361,0.0414054181947237,0.0428571428571428,0.0474567025773898,0.0453993319161858,-0.017394270122783,0.2258953168044077,0.0401276789785682,-0.0580474934036939,0.1793921423276501,0.1732057416267942,0.2538382804503583,-0.0364985612600333,-0.0591787439613527,-0.0810104529616724,-0.0413728742310414,-0.0425241503973226,0.0585402133860333,0.1939740487503507,0.2475963446270472,0.1285067873303167,Industrials,20.0,2.0,121,9.064620717626777,8174.0,8796.0,10.441733771878111,9.375006993531416,10.389979499286666,9.298809019963791
