ticker,Year_Quarter,year,quarter,Q1,Q2,Q3,Q4,revenue,grossProfit,costOfRevenue,operatingExpenses,snaExpenses,ebitda,operatingIncome,incomeBeforeTax,netIncome,rnd,net_plus_rnd,totalAssets,totalEquity,totalAssets_lag1,totalEquity_lag1,rnd_to_rev_ratio,sna_to_rev_ratio,grossProfitRatio,operatingIncomeRatio,netIncomeRatio,rnd_lag1,rnd_lag2,rnd_lag3,rnd_lag4,rnd_lag5,rnd_lag6,rnd_lag7,rnd_lag8,rnd_lag9,rnd_lag10,rnd_lag11,rnd_lag12,rnd_to_rev_ratio_lag1,rnd_to_rev_ratio_lag2,rnd_to_rev_ratio_lag3,rnd_to_rev_ratio_lag4,rnd_to_rev_ratio_lag5,rnd_to_rev_ratio_lag6,rnd_to_rev_ratio_lag7,rnd_to_rev_ratio_lag8,rnd_to_rev_ratio_lag9,rnd_to_rev_ratio_lag10,rnd_to_rev_ratio_lag11,rnd_to_rev_ratio_lag12,revenue_yoy,netIncome_yoy,grossProfit_yoy,rnd_yoy,ebitda_yoy,operatingIncome_yoy,incomeBeforeTax_yoy,costOfRevenue_yoy,snaExpenses_yoy,operatingExpenses_yoy,rnd_to_rev_ratio_yoy,sna_to_rev_ratio_yoy,grossProfitRatio_yoy,operatingIncomeRatio_yoy,netIncomeRatio_yoy,net_plus_rnd_yoy,gics_sectors,gics_sector_code,quarter_int,time_idx,revenue_log,revenue_lag1,revenue_lag4,totalAssets_log,totalEquity_log,totalAssets_lag1_log,totalEquity_lag1_log
CPB,1995Q2,1995,Q2,0,1,0,0,1744.0,766.0,978.0,524.0,437.0,309.0,242.0,190.0,127.0,20.0,147.0,6373.0,2401.0,5409.0,2316.0,0.0114678899082568,0.2505733944954128,0.4392201834862385,0.1387614678899082,0.0728211009174311,22.0,,,,,,,,,,,,0.0107843137254901,,,,,,,,,,,,,,,,,,,,,,,,,,,,Consumer Staples,30.0,2.0,1,7.4645098346365275,2040.0,,8.759982494977281,7.784057002639929,8.596004371840527,7.748028524432376
CPB,1995Q3,1995,Q3,0,0,1,0,1630.0,724.0,906.0,504.0,394.0,304.0,220.0,206.0,143.0,26.0,169.0,6315.0,2468.0,6373.0,2401.0,0.0159509202453987,0.2417177914110429,0.4441717791411043,0.1349693251533742,0.0877300613496932,20.0,22.0,,,,,,,,,,,0.0114678899082568,0.0107843137254901,,,,,,,,,,,,,,,,,,,,,,,,,,,Consumer Staples,30.0,3.0,2,7.396948602621014,1744.0,,8.750841375375533,7.81156848934518,8.759982494977281,7.784057002639929
CPB,1995Q4,1995,Q4,0,0,0,1,1990.0,925.0,1065.0,539.0,441.0,464.0,386.0,327.0,219.0,20.0,239.0,6803.0,2584.0,6315.0,2468.0,0.0100502512562814,0.221608040201005,0.4648241206030151,0.1939698492462311,0.1100502512562814,26.0,20.0,22.0,,,,,,,,,,0.0159509202453987,0.0114678899082568,0.0107843137254901,,,,,,,,,,,,,,,,,,,,,,,,,,Consumer Staples,30.0,4.0,3,7.596392304064196,1630.0,,8.825265953515752,7.85748078694253,8.750841375375533,7.81156848934518
CPB,1996Q1,1996,Q1,1,0,0,0,2217.0,1051.0,1166.0,616.0,514.0,516.0,435.0,384.0,258.0,21.0,279.0,6576.0,2733.0,6803.0,2584.0,0.0094722598105548,0.2318448353631033,0.4740640505187189,0.196211096075778,0.1163734776725304,20.0,26.0,20.0,22.0,,,,,,,,,0.0100502512562814,0.0159509202453987,0.0114678899082568,0.0107843137254901,,,,,,,,,0.0867647058823528,0.1168831168831168,0.1133474576271187,-0.0454545454545454,0.1415929203539823,0.1693548387096775,0.1034482758620689,0.063868613138686,0.0936170212765956,0.0769230769230768,-0.1216631812030999,0.0063052428526186,0.0244604481548587,0.0759963333187829,0.0277138287963727,0.1027667984189724,Consumer Staples,30.0,1.0,4,7.704361167910313,1990.0,2040.0,8.79133399330135,7.913521017283895,8.825265953515752,7.85748078694253
CPB,1996Q2,1996,Q2,0,1,0,0,1831.0,852.0,979.0,585.0,483.0,349.0,267.0,217.0,145.0,20.0,165.0,6494.0,2741.0,6576.0,2733.0,0.0109229929000546,0.263790278536319,0.4653194975423266,0.1458219552157291,0.0791916985253959,21.0,20.0,26.0,20.0,22.0,,,,,,,,0.0094722598105548,0.0100502512562814,0.0159509202453987,0.0114678899082568,0.0107843137254901,,,,,,,,0.0498853211009173,0.1417322834645669,0.1122715404699739,0.0,0.1294498381877022,0.1033057851239669,0.1421052631578947,0.0010224948875254,0.1052631578947369,0.1164122137404579,-0.0475150191152375,0.0527465578200008,0.0594219369632083,0.0508821896538493,0.0874828521912642,0.1224489795918366,Consumer Staples,30.0,2.0,5,7.513163545234075,2217.0,1744.0,8.7787879291047,7.91644286012226,8.79133399330135,7.913521017283895
CPB,1996Q3,1996,Q3,0,0,1,0,1640.0,759.0,881.0,511.0,403.0,333.0,248.0,269.0,181.0,23.0,204.0,6632.0,2742.0,6494.0,2741.0,0.0140243902439024,0.2457317073170731,0.4628048780487805,0.1512195121951219,0.1103658536585365,20.0,21.0,20.0,26.0,20.0,22.0,,,,,,,0.0109229929000546,0.0094722598105548,0.0100502512562814,0.0159509202453987,0.0114678899082568,0.0107843137254901,,,,,,,0.0061349693251533,0.2657342657342658,0.0483425414364639,-0.1153846153846154,0.0953947368421053,0.1272727272727272,0.3058252427184467,-0.0275938189845474,0.0228426395939085,0.0138888888888888,-0.1207786116322702,0.0166057942305311,0.0419502088667296,0.1203991130820398,0.2580163738700325,0.2071005917159762,Consumer Staples,30.0,3.0,6,7.403061091090091,1831.0,1630.0,8.799812469525556,7.916807490937603,8.7787879291047,7.91644286012226
CPB,1996Q4,1996,Q4,0,0,0,1,2052.0,1019.0,1033.0,576.0,479.0,522.0,443.0,160.0,88.0,18.0,106.0,7215.0,1648.0,6632.0,2742.0,0.0087719298245614,0.2334307992202729,0.496588693957115,0.2158869395711501,0.0428849902534113,23.0,20.0,21.0,20.0,26.0,20.0,22.0,,,,,,0.0140243902439024,0.0109229929000546,0.0094722598105548,0.0100502512562814,0.0159509202453987,0.0114678899082568,0.0107843137254901,,,,,,0.0311557788944722,-0.5981735159817352,0.1016216216216217,-0.0999999999999999,0.125,0.1476683937823835,-0.5107033639143731,-0.0300469483568075,0.0861678004535146,0.0686456400742114,-0.1271929824561404,0.0533498649622292,0.0683367578104421,0.1129922532295044,-0.6103144721265366,-0.5564853556485356,Consumer Staples,30.0,4.0,7,7.627057417018934,1640.0,1990.0,8.88405606174246,7.407924322559599,8.799812469525556,7.916807490937603
CPB,1997Q1,1997,Q1,1,0,0,0,2317.0,1171.0,1146.0,679.0,579.0,573.0,492.0,418.0,276.0,19.0,295.0,7005.0,1688.0,7215.0,1648.0,0.0082002589555459,0.2498921018558481,0.5053949072075961,0.2123435476909797,0.1191195511437203,18.0,23.0,20.0,21.0,20.0,26.0,20.0,22.0,,,,,0.0087719298245614,0.0140243902439024,0.0109229929000546,0.0094722598105548,0.0100502512562814,0.0159509202453987,0.0114678899082568,0.0107843137254901,,,,,0.0451059990978799,0.069767441860465,0.1141769743101808,-0.0952380952380952,0.1104651162790697,0.1310344827586207,0.0885416666666667,-0.0171526586620925,0.1264591439688716,0.1022727272727272,-0.1342869474073617,0.0778420035299907,0.0660899231962326,0.0822198740940276,0.0235970732001082,0.0573476702508961,Consumer Staples,30.0,1.0,8,7.748460023899697,2052.0,2217.0,8.854522203757432,7.4318919168078,8.88405606174246,7.407924322559599
CPB,1997Q2,1997,Q2,0,1,0,0,1541.0,822.0,719.0,525.0,419.0,356.0,297.0,215.0,157.0,16.0,173.0,6699.0,1552.0,7005.0,1688.0,0.0103828682673588,0.2719013627514601,0.5334198572355613,0.1927319922128488,0.1018818948734587,19.0,18.0,23.0,20.0,21.0,20.0,26.0,20.0,22.0,,,,0.0082002589555459,0.0087719298245614,0.0140243902439024,0.0109229929000546,0.0094722598105548,0.0100502512562814,0.0159509202453987,0.0114678899082568,0.0107843137254901,,,,-0.1583833970507919,0.0827586206896551,-0.0352112676056337,-0.1999999999999999,0.0200573065902578,0.1123595505617978,-0.0092165898617511,-0.2655771195097037,-0.1325051759834368,-0.1025641025641025,-0.0494484101232967,0.0307482302234438,0.1463518293407426,0.3216939241263152,0.2865224104365729,0.0484848484848485,Consumer Staples,30.0,2.0,9,7.340835554123275,2317.0,1831.0,8.809862805379057,7.347943823148687,8.854522203757432,7.4318919168078
CPB,1997Q3,1997,Q3,0,0,1,0,1725.0,813.0,912.0,502.0,402.0,389.0,311.0,290.0,192.0,22.0,214.0,6196.0,1420.0,6699.0,1552.0,0.0127536231884057,0.2330434782608695,0.4713043478260869,0.1802898550724637,0.1113043478260869,16.0,19.0,18.0,23.0,20.0,21.0,20.0,26.0,20.0,22.0,,,0.0103828682673588,0.0082002589555459,0.0087719298245614,0.0140243902439024,0.0109229929000546,0.0094722598105548,0.0100502512562814,0.0159509202453987,0.0114678899082568,0.0107843137254901,,,0.0518292682926828,0.0607734806629833,0.0711462450592885,-0.0434782608695651,0.1681681681681681,0.2540322580645162,0.0780669144981411,0.0351872871736662,-0.0024813895781637,-0.0176125244618395,-0.0906112161310649,-0.0516344805264861,0.0183651257375263,0.1922393641888733,0.0085034830650974,0.0490196078431373,Consumer Staples,30.0,3.0,10,7.453561871643373,1541.0,1640.0,8.731820582962108,7.259116128097101,8.809862805379057,7.347943823148687
CPB,1997Q4,1997,Q4,0,0,0,1,1813.0,988.0,825.0,536.0,451.0,520.0,452.0,384.0,267.0,17.0,284.0,6820.0,1505.0,6196.0,1420.0,0.0093767236624379,0.2487589630446773,0.5449531163816879,0.2493105350248207,0.1472697186982901,22.0,16.0,19.0,18.0,23.0,20.0,21.0,20.0,26.0,20.0,22.0,,0.0127536231884057,0.0103828682673588,0.0082002589555459,0.0087719298245614,0.0140243902439024,0.0109229929000546,0.0094722598105548,0.0100502512562814,0.0159509202453987,0.0114678899082568,0.0107843137254901,,-0.1164717348927875,2.034090909090909,-0.0304219823356232,-0.0555555555555555,-0.0038314176245211,0.020316027088036,1.4,-0.2013552758954501,-0.0584551148225469,-0.0694444444444444,0.0689464975179261,0.065664701811436,0.0973933217028688,0.1548199049005238,2.43406207691922,1.6792452830188678,Consumer Staples,30.0,4.0,11,7.503289630675082,1725.0,2052.0,8.82776136765472,7.317212408359839,8.731820582962108,7.259116128097101
CPB,1998Q1,1998,Q1,1,0,0,0,2012.0,1123.0,889.0,621.0,539.0,567.0,502.0,443.0,300.0,16.0,316.0,7007.0,1484.0,6820.0,1505.0,0.0079522862823061,0.2678926441351889,0.5581510934393639,0.2495029821073558,0.1491053677932405,17.0,22.0,16.0,19.0,18.0,23.0,20.0,21.0,20.0,26.0,20.0,22.0,0.0093767236624379,0.0127536231884057,0.0103828682673588,0.0082002589555459,0.0087719298245614,0.0140243902439024,0.0109229929000546,0.0094722598105548,0.0100502512562814,0.0159509202453987,0.0114678899082568,0.0107843137254901,-0.1316357358653431,0.0869565217391303,-0.0409906063193851,-0.1578947368421053,-0.0104712041884816,0.0203252032520324,0.0598086124401913,-0.2242582897033158,-0.0690846286701208,-0.085419734904271,-0.0302396149419276,0.0720332581368439,0.1043860661819009,0.1749967673632999,0.2517287578874576,0.071186440677966,Consumer Staples,30.0,1.0,12,7.607381425639791,1813.0,2317.0,8.854807632616227,7.3031700512368,8.82776136765472,7.317212408359839
CPB,1998Q2,1998,Q2,0,1,0,0,1572.0,842.0,730.0,544.0,481.0,366.0,298.0,-29.0,-90.0,18.0,-72.0,6051.0,936.0,7007.0,1484.0,0.0114503816793893,0.3059796437659033,0.5356234096692112,0.1895674300254453,-0.0572519083969465,16.0,17.0,22.0,16.0,19.0,18.0,23.0,20.0,21.0,20.0,26.0,20.0,0.0079522862823061,0.0093767236624379,0.0127536231884057,0.0103828682673588,0.0082002589555459,0.0087719298245614,0.0140243902439024,0.0109229929000546,0.0094722598105548,0.0100502512562814,0.0159509202453987,0.0114678899082568,0.0201168072680077,-1.573248407643312,0.0243309002433089,0.125,0.0280898876404493,0.0033670033670034,-1.1348837209302325,0.015299026425591,0.1479713603818615,0.0361904761904761,0.1028148854961832,0.1253332483132625,0.004130990632913,-0.0164194960632619,-1.561943890698692,-1.416184971098266,Consumer Staples,30.0,2.0,13,7.360739903058278,2012.0,1541.0,8.708144074908246,6.842683282238422,8.854807632616227,7.3031700512368
CPB,1998Q3,1998,Q3,0,0,1,0,1299.0,696.0,603.0,427.0,348.0,329.0,269.0,275.0,182.0,19.0,201.0,5633.0,874.0,6051.0,936.0,0.014626635873749,0.2678983833718245,0.535796766743649,0.2070823710546574,0.1401077752117013,18.0,16.0,17.0,22.0,16.0,19.0,18.0,23.0,20.0,21.0,20.0,26.0,0.0114503816793893,0.0079522862823061,0.0093767236624379,0.0127536231884057,0.0103828682673588,0.0082002589555459,0.0087719298245614,0.0140243902439024,0.0109229929000546,0.0094722598105548,0.0100502512562814,0.0159509202453987,-0.2469565217391304,-0.0520833333333333,-0.1439114391143912,-0.1363636363636363,-0.1542416452442159,-0.135048231511254,-0.0517241379310344,-0.3388157894736842,-0.1343283582089552,-0.149402390438247,0.1468612219189586,0.1495639584985004,0.1368381582199194,0.1486080066536466,0.2587807929176289,-0.0607476635514018,Consumer Staples,30.0,3.0,14,7.170119543449628,1572.0,1725.0,8.636574948436317,6.774223886357614,8.708144074908246,6.842683282238422
CPB,1998Q4,1998,Q4,0,0,0,1,1804.0,1033.0,771.0,573.0,498.0,519.0,460.0,403.0,264.0,16.0,280.0,5995.0,852.0,5633.0,874.0,0.0088691796008869,0.2760532150776053,0.5726164079822617,0.2549889135254989,0.1463414634146341,19.0,18.0,16.0,17.0,22.0,16.0,19.0,18.0,23.0,20.0,21.0,20.0,0.014626635873749,0.0114503816793893,0.0079522862823061,0.0093767236624379,0.0127536231884057,0.0103828682673588,0.0082002589555459,0.0087719298245614,0.0140243902439024,0.0109229929000546,0.0094722598105548,0.0100502512562814,-0.0049641478212907,-0.0112359550561798,0.0455465587044534,-0.0588235294117647,-0.0019230769230769,0.0176991150442478,0.0494791666666667,-0.0654545454545454,0.1042128603104213,0.0690298507462685,-0.0541280813877658,0.1097216827842537,0.0507627000727128,0.0227763279241803,-0.0063030967388325,-0.0140845070422535,Consumer Staples,30.0,4.0,15,7.498315870766981,1299.0,1813.0,8.698847859222488,6.748759547491679,8.636574948436317,6.774223886357614
CPB,1999Q1,1999,Q1,1,0,0,0,1832.0,1040.0,792.0,666.0,585.0,438.0,374.0,329.0,219.0,17.0,236.0,5874.0,691.0,5995.0,852.0,0.0092794759825327,0.3193231441048035,0.5676855895196506,0.2041484716157205,0.1195414847161572,16.0,19.0,18.0,16.0,17.0,22.0,16.0,19.0,18.0,23.0,20.0,21.0,0.0088691796008869,0.014626635873749,0.0114503816793893,0.0079522862823061,0.0093767236624379,0.0127536231884057,0.0103828682673588,0.0082002589555459,0.0087719298245614,0.0140243902439024,0.0109229929000546,0.0094722598105548,-0.0894632206759443,-0.27,-0.0739091718610863,0.0625,-0.2275132275132275,-0.2549800796812749,-0.2573363431151241,-0.1091113610798649,0.0853432282003709,0.0724637681159421,0.1668941048034937,0.1919817549886171,0.0170822850521255,-0.181779432488387,-0.1982751091703055,-0.2531645569620253,Consumer Staples,30.0,1.0,16,7.513709247839705,1804.0,2012.0,8.67846133901236,6.539585955617669,8.698847859222488,6.748759547491679
CPB,1999Q2,1999,Q2,0,1,0,0,1492.0,830.0,662.0,522.0,439.0,376.0,308.0,241.0,162.0,15.0,177.0,5703.0,499.0,5874.0,691.0,0.010053619302949,0.2942359249329758,0.5563002680965148,0.2064343163538874,0.1085790884718498,17.0,16.0,19.0,18.0,16.0,17.0,22.0,16.0,19.0,18.0,23.0,20.0,0.0092794759825327,0.0088691796008869,0.014626635873749,0.0114503816793893,0.0079522862823061,0.0093767236624379,0.0127536231884057,0.0103828682673588,0.0082002589555459,0.0087719298245614,0.0140243902439024,0.0109229929000546,-0.0508905852417302,-2.8,-0.0142517814726841,-0.1666666666666666,0.0273224043715847,0.0335570469798658,-9.310344827586206,-0.0931506849315068,-0.0873180873180873,-0.0404411764705882,-0.1219839142091152,-0.0383807193458668,0.0386033508880299,0.0889756553970166,-2.896514745308311,-3.458333333333333,Consumer Staples,30.0,2.0,17,7.30854279753919,1832.0,1572.0,8.648922962094131,6.214608098422191,8.67846133901236,6.539585955617669
CPB,1999Q3,1999,Q3,0,0,1,0,1296.0,668.0,628.0,498.0,416.0,234.0,170.0,124.0,79.0,18.0,97.0,5522.0,235.0,5703.0,499.0,0.0138888888888888,0.3209876543209876,0.5154320987654321,0.1311728395061728,0.0609567901234567,15.0,17.0,16.0,19.0,18.0,16.0,17.0,22.0,16.0,19.0,18.0,23.0,0.010053619302949,0.0092794759825327,0.0088691796008869,0.014626635873749,0.0114503816793893,0.0079522862823061,0.0093767236624379,0.0127536231884057,0.0103828682673588,0.0082002589555459,0.0087719298245614,0.0140243902439024,-0.0023094688221708,-0.5659340659340659,-0.0402298850574712,-0.0526315789473684,-0.2887537993920972,-0.3680297397769516,-0.5490909090909091,0.0414593698175786,0.1954022988505748,0.1662763466042154,-0.050438596491228,0.1981694338016175,-0.0380081949765858,-0.366566845656065,-0.5649292836792836,-0.5174129353233831,Consumer Staples,30.0,3.0,18,7.167809184316444,1492.0,1299.0,8.616676469901188,5.4638318050256105,8.648922962094131,6.214608098422191
CPB,1999Q4,1999,Q4,0,0,0,1,1768.0,1021.0,747.0,589.0,511.0,494.0,432.0,365.0,235.0,16.0,251.0,5742.0,228.0,5522.0,235.0,0.0090497737556561,0.2890271493212669,0.5774886877828054,0.2443438914027149,0.1329185520361991,18.0,15.0,17.0,16.0,19.0,18.0,16.0,17.0,22.0,16.0,19.0,18.0,0.0138888888888888,0.010053619302949,0.0092794759825327,0.0088691796008869,0.014626635873749,0.0114503816793893,0.0079522862823061,0.0093767236624379,0.0127536231884057,0.0103828682673588,0.0082002589555459,0.0087719298245614,-0.0199556541019955,-0.1098484848484848,-0.0116166505324297,0.0,-0.048169556840077,-0.0608695652173912,-0.0942928039702233,-0.0311284046692607,0.0261044176706828,0.0279232111692844,0.0203619909502263,0.0469979465372802,0.008508802284783,-0.0417469998032659,-0.0917232277526394,-0.1035714285714285,Consumer Staples,30.0,4.0,19,7.478169694159785,1296.0,1804.0,8.655737000864297,5.43372200355424,8.616676469901188,5.4638318050256105
CPB,2000Q1,2000,Q1,1,0,0,0,1916.0,1129.0,787.0,627.0,551.0,563.0,502.0,423.0,281.0,15.0,296.0,5564.0,265.0,5742.0,228.0,0.007838755280850812,0.2875782881002087,0.5892484342379958,0.2620041753653445,0.1466597077244258,16.0,18.0,15.0,17.0,16.0,19.0,18.0,16.0,17.0,22.0,16.0,19.0,0.0090497737556561,0.0138888888888888,0.010053619302949,0.0092794759825327,0.0088691796008869,0.014626635873749,0.0114503816793893,0.0079522862823061,0.0093767236624379,0.0127536231884057,0.0103828682673588,0.0082002589555459,0.0458515283842795,0.2831050228310503,0.085576923076923,-0.1176470588235294,0.2853881278538812,0.3422459893048128,0.2857142857142858,-0.0063131313131312,-0.0581196581196581,-0.0585585585585585,-0.1563305906913914,-0.0994129507699446,0.0379837803115463,0.2834001317361259,0.2268519842518184,0.2542372881355932,Consumer Staples,30.0,1.0,20,7.558516743045645,1768.0,1832.0,8.624252263709645,5.583496308781699,8.655737000864297,5.43372200355424
CPB,2000Q2,2000,Q2,0,1,0,0,1394.0,796.0,598.0,537.0,457.0,325.0,259.0,200.0,139.0,14.0,153.0,5195.0,163.0,5564.0,265.0,0.0100430416068866,0.3278335724533716,0.5710186513629842,0.1857962697274031,0.0997130559540889,15.0,16.0,18.0,15.0,17.0,16.0,19.0,18.0,16.0,17.0,22.0,16.0,0.007838755280850812,0.0090497737556561,0.0138888888888888,0.010053619302949,0.0092794759825327,0.0088691796008869,0.014626635873749,0.0114503816793893,0.0079522862823061,0.0093767236624379,0.0127536231884057,0.0103828682673588,-0.0656836461126005,-0.1419753086419752,-0.0409638554216867,-0.0666666666666666,-0.1356382978723403,-0.159090909090909,-0.1701244813278007,-0.0966767371601208,0.0410022779043279,0.028735632183908,-0.0010521281683405,0.1141860822333267,0.0264576238958704,-0.0999739141776444,-0.0816550649166621,-0.135593220338983,Consumer Staples,30.0,2.0,21,7.240649694255466,1916.0,1492.0,8.55564437779049,5.099866427824199,8.624252263709645,5.583496308781699
CPB,2000Q3,2000,Q3,0,0,1,0,1189.0,609.0,580.0,503.0,422.0,168.0,106.0,89.0,59.0,19.0,78.0,5196.0,137.0,5195.0,163.0,0.0159798149705635,0.3549201009251472,0.5121951219512195,0.0891505466778805,0.0496215306980656,14.0,15.0,16.0,18.0,15.0,17.0,16.0,19.0,18.0,16.0,17.0,22.0,0.0100430416068866,0.007838755280850812,0.0090497737556561,0.0138888888888888,0.010053619302949,0.0092794759825327,0.0088691796008869,0.014626635873749,0.0114503816793893,0.0079522862823061,0.0093767236624379,0.0127536231884057,-0.0825617283950617,-0.2531645569620253,-0.0883233532934131,0.0555555555555555,-0.282051282051282,-0.3764705882352941,-0.282258064516129,-0.0764331210191082,0.0144230769230768,0.0100401606425701,0.1505466778805719,0.1057126221129587,-0.0062801226814662,-0.3203581853262752,-0.1859556482950251,-0.1958762886597937,Consumer Staples,30.0,3.0,22,7.081708586105575,1394.0,1296.0,8.555836815008442,4.927253685157205,8.55564437779049,5.099866427824199
CPB,2000Q4,2000,Q4,0,0,0,1,1778.0,1033.0,745.0,641.0,565.0,454.0,392.0,311.0,204.0,14.0,218.0,5234.0,128.0,5196.0,137.0,0.0078740157480314,0.3177727784026997,0.5809898762654668,0.2204724409448819,0.1147356580427446,19.0,14.0,15.0,16.0,18.0,15.0,17.0,16.0,19.0,18.0,16.0,17.0,0.0159798149705635,0.0100430416068866,0.007838755280850812,0.0090497737556561,0.0138888888888888,0.010053619302949,0.0092794759825327,0.0088691796008869,0.014626635873749,0.0114503816793893,0.0079522862823061,0.0093767236624379,0.005656108597285,-0.1319148936170212,0.0117531831537707,-0.125,-0.0809716599190283,-0.0925925925925925,-0.147945205479452,-0.0026773761713521,0.1056751467710372,0.0882852292020373,-0.1299212598425198,0.0994565014011215,0.0060627827985753,-0.0976961213181685,-0.1367972620443721,-0.1314741035856573,Consumer Staples,30.0,4.0,23,7.483806687665835,1189.0,1768.0,8.563122123304638,4.859812404361672,8.555836815008442,4.927253685157205
CPB,2001Q1,2001,Q1,1,0,0,0,1957.0,1157.0,800.0,665.0,588.0,554.0,492.0,411.0,271.0,15.0,286.0,5094.0,-191.0,5234.0,128.0,0.007838755280850812,0.3004598875830352,0.5912110373019929,0.2514052120592744,0.1384772611139499,14.0,19.0,14.0,15.0,16.0,18.0,15.0,17.0,16.0,19.0,18.0,16.0,0.0078740157480314,0.0159798149705635,0.0100430416068866,0.007838755280850812,0.0090497737556561,0.0138888888888888,0.010053619302949,0.0092794759825327,0.0088691796008869,0.014626635873749,0.0114503816793893,0.0079522862823061,0.0213987473903967,-0.0355871886120996,0.0248007085916741,0.0,-0.0159857904085257,-0.0199203187250995,-0.0283687943262411,0.0165184243964422,0.0671506352087114,0.0606060606060605,-0.0209504343382728,0.0447933658967252,0.0033306886365087,-0.0404534137339248,-0.0557920558920709,-0.0337837837837837,Consumer Staples,30.0,1.0,24,7.579678823090456,1778.0,1916.0,8.536014945656826,0.0,8.563122123304638,4.859812404361672
CPB,2001Q2,2001,Q2,0,1,0,0,1439.0,836.0,603.0,575.0,496.0,325.0,261.0,185.0,122.0,15.0,137.0,4832.0,-219.0,5094.0,-191.0,0.0104239054899235,0.344683808200139,0.580958999305073,0.1813759555246699,0.0847810979847116,15.0,14.0,19.0,14.0,15.0,16.0,18.0,15.0,17.0,16.0,19.0,18.0,0.007838755280850812,0.0078740157480314,0.0159798149705635,0.0100430416068866,0.007838303223579266,0.0090497737556561,0.0138888888888888,0.010053619302949,0.0092794759825327,0.0088691796008869,0.014626635873749,0.0114503816793893,0.0322812051649927,-0.1223021582733813,0.050251256281407,0.0714285714285714,0.0,0.0077220077220077,-0.0749999999999999,0.008361204013378,0.0853391684901532,0.0707635009310987,0.0379231609252457,0.0513987497395924,0.0174080967729544,-0.023791189183823,-0.1497492763259857,-0.1045751633986927,Consumer Staples,30.0,2.0,25,7.272398392570047,1957.0,1394.0,8.483222671845084,0.0,8.536014945656826,0.0
CPB,2001Q3,2001,Q3,0,0,1,0,1490.0,492.0,998.0,376.0,488.0,194.0,116.0,80.0,52.0,19.0,71.0,5927.0,-247.0,4832.0,-219.0,0.0127516778523489,0.3275167785234899,0.3302013422818792,0.0778523489932885,0.0348993288590604,15.0,15.0,14.0,19.0,14.0,15.0,16.0,18.0,15.0,17.0,16.0,19.0,0.0104239054899235,0.007838755280850812,0.0078740157480314,0.0159798149705635,0.0100430416068866,0.007837851166307721,0.0090497737556561,0.0138888888888888,0.010053619302949,0.0092794759825327,0.0088691796008869,0.014626635873749,0.2531539108494534,-0.1186440677966101,-0.1921182266009852,0.0,0.1547619047619046,0.0943396226415094,-0.101123595505618,0.7206896551724138,0.1563981042654028,-0.2524850894632207,-0.2020134228187919,-0.0772098349184134,-0.3553211888782358,-0.126731670254527,-0.2966897963826641,-0.0897435897435897,Consumer Staples,30.0,3.0,26,7.307202314764738,1439.0,1189.0,8.687442166975924,0.0,8.483222671845084,0.0
CPB,2001Q4,2001,Q4,0,0,0,1,1729.0,758.0,971.0,409.0,391.0,422.0,349.0,261.0,171.0,18.0,189.0,6244.0,-148.0,5927.0,-247.0,0.0104106419895893,0.2261422787738577,0.4384037015615963,0.2018507807981492,0.0989010989010989,19.0,15.0,15.0,14.0,19.0,14.0,15.0,16.0,18.0,15.0,17.0,16.0,0.0127516778523489,0.0104239054899235,0.007838755280850812,0.0078740157480314,0.0159798149705635,0.0100430416068866,0.007837399109036174,0.0090497737556561,0.0138888888888888,0.010053619302949,0.0092794759825327,0.0088691796008869,-0.0275590551181101,-0.1617647058823529,-0.2662149080348499,0.2857142857142858,-0.0704845814977973,-0.1096938775510204,-0.1607717041800642,0.3033557046979867,-0.3079646017699115,-0.3619344773790951,0.3221515326778486,-0.2883522625488158,-0.2454193791127606,-0.0844625299512517,-0.1380090497737557,-0.1330275229357798,Consumer Staples,30.0,4.0,27,7.455876687491824,1490.0,1778.0,8.739536422559677,0.0,8.687442166975924,0.0
CPB,2002Q1,2002,Q1,1,0,0,0,1810.0,806.0,1004.0,422.0,405.0,458.0,384.0,307.0,203.0,17.0,220.0,6049.0,-4.0,6244.0,-148.0,0.0093922651933701,0.223756906077348,0.4453038674033149,0.2121546961325967,0.1121546961325966,18.0,19.0,15.0,15.0,14.0,19.0,14.0,15.0,16.0,18.0,15.0,17.0,0.0104106419895893,0.0127516778523489,0.0104239054899235,0.007838755280850812,0.0078740157480314,0.0159798149705635,0.0100430416068866,0.00783694705176463,0.0090497737556561,0.0138888888888888,0.010053619302949,0.0092794759825327,-0.0751149718957587,-0.2509225092250923,-0.3033707865168539,0.1333333333333333,-0.1732851985559567,-0.2195121951219512,-0.2530413625304136,0.2549999999999999,-0.3112244897959183,-0.3654135338345864,0.2253775322283608,-0.2552852632765813,-0.2467937177975045,-0.1561245115213583,-0.1900858290350859,-0.2307692307692307,Consumer Staples,30.0,1.0,28,7.501634457883413,1729.0,1957.0,8.707813551024888,0.0,8.739536422559677,0.0
CPB,2002Q2,2002,Q2,0,1,0,0,1371.0,589.0,782.0,399.0,382.0,272.0,190.0,146.0,96.0,17.0,113.0,5789.0,80.0,6049.0,-4.0,0.012399708242159,0.2786287381473377,0.4296134208606856,0.1385849744711889,0.0700218818380744,17.0,18.0,19.0,15.0,15.0,14.0,19.0,14.0,15.0,16.0,18.0,15.0,0.0093922651933701,0.0104106419895893,0.0127516778523489,0.0104239054899235,0.007838303223579266,0.0078740157480314,0.0159798149705635,0.0100430416068866,0.007836494994493083,0.0090497737556561,0.0138888888888888,0.010053619302949,-0.0472550382209867,-0.2131147540983606,-0.2954545454545454,0.1333333333333333,-0.1630769230769231,-0.2720306513409961,-0.2108108108108107,0.2968490878938641,-0.2298387096774193,-0.3060869565217391,0.189545344031121,-0.1916396084798005,-0.2605099131357337,-0.2359242212105713,-0.1740861642214012,-0.1751824817518248,Consumer Staples,30.0,2.0,29,7.22402480828583,1810.0,1439.0,8.663887570567042,4.394449154672439,8.707813551024888,0.0
CPB,2002Q3,2002,Q3,0,0,1,0,1223.0,537.0,686.0,271.0,246.0,356.0,266.0,84.0,55.0,25.0,80.0,5721.0,-114.0,5789.0,80.0,0.0204415372035977,0.2011447260834014,0.4390842191332788,0.2174979558462796,0.0449713818479149,17.0,17.0,18.0,19.0,15.0,15.0,14.0,19.0,14.0,15.0,16.0,18.0,0.012399708242159,0.0093922651933701,0.0104106419895893,0.0127516778523489,0.0104239054899235,0.007837851166307721,0.0078740157480314,0.0159798149705635,0.0100430416068866,0.007836042937221536,0.0090497737556561,0.0138888888888888,-0.1791946308724832,0.0576923076923077,0.0914634146341464,0.3157894736842106,0.8350515463917525,1.293103448275862,0.05,-0.312625250501002,-0.4959016393442623,-0.2792553191489362,0.6030468649137153,-0.385849094540434,0.329746923797938,1.7937237431979025,0.2886030567960251,0.1267605633802817,Consumer Staples,30.0,3.0,30,7.1098794630722715,1371.0,1490.0,8.652073673610056,0.0,8.663887570567042,4.394449154672439
CPB,2002Q4,2002,Q4,0,0,0,1,1705.0,734.0,971.0,397.0,378.0,392.0,337.0,285.0,161.0,19.0,180.0,6250.0,3.0,5721.0,-114.0,0.0111436950146627,0.2217008797653959,0.4304985337243401,0.1976539589442815,0.0944281524926686,25.0,17.0,17.0,18.0,19.0,15.0,15.0,14.0,19.0,14.0,15.0,16.0,0.0204415372035977,0.012399708242159,0.0093922651933701,0.0104106419895893,0.0127516778523489,0.0104239054899235,0.007837399109036174,0.0078740157480314,0.0159798149705635,0.0100430416068866,0.007835590879949991,0.0090497737556561,-0.0138808559861191,-0.0584795321637426,-0.0316622691292876,0.0555555555555555,-0.0710900473933648,-0.0343839541547278,0.0919540229885058,0.0,-0.0332480818414322,-0.0293398533007335,0.0704138155751059,-0.0196398436972646,-0.0180317086947439,-0.0207917048290464,-0.0452264581296839,-0.0476190476190476,Consumer Staples,30.0,4.0,31,7.441906728051625,1223.0,1729.0,8.740496729931813,1.3862943611198906,8.652073673610056,0.0
CPB,2003Q1,2003,Q1,1,0,0,0,1918.0,862.0,1056.0,478.0,457.0,440.0,384.0,339.0,231.0,21.0,252.0,6287.0,239.0,6250.0,3.0,0.010948905109489,0.2382690302398331,0.4494264859228363,0.200208550573514,0.1204379562043795,19.0,25.0,17.0,17.0,18.0,19.0,15.0,15.0,14.0,19.0,14.0,15.0,0.0111436950146627,0.0204415372035977,0.012399708242159,0.0093922651933701,0.0104106419895893,0.0127516778523489,0.0104239054899235,0.00783694705176463,0.0078740157480314,0.0159798149705635,0.0100430416068866,0.007835138822678445,0.0596685082872927,0.1379310344827586,0.0694789081885856,0.2352941176470588,-0.0393013100436681,0.0,0.1042345276872964,0.0517928286852589,0.1283950617283951,0.1327014218009479,0.1657363675397167,0.0648566536644394,0.0092579894793223,-0.0563086548488007,0.0738556686203302,0.1454545454545455,Consumer Staples,30.0,1.0,32,7.5595594960077,1705.0,1810.0,8.746398334109042,5.480638923341991,8.740496729931813,1.3862943611198906
CPB,2003Q2,2003,Q2,0,1,0,0,1600.0,680.0,920.0,423.0,400.0,326.0,257.0,190.0,129.0,23.0,152.0,6115.0,352.0,6287.0,239.0,0.014375,0.25,0.425,0.160625,0.080625,21.0,19.0,25.0,17.0,17.0,18.0,19.0,15.0,15.0,14.0,19.0,14.0,0.010948905109489,0.0111436950146627,0.0204415372035977,0.012399708242159,0.0093922651933701,0.0104106419895893,0.0127516778523489,0.0104239054899235,0.007836494994493083,0.0078740157480314,0.0159798149705635,0.0100430416068866,0.1670313639679066,0.34375,0.1544991511035653,0.3529411764705883,0.1985294117647058,0.3526315789473684,0.3013698630136987,0.1764705882352941,0.0471204188481675,0.0601503759398496,0.1593014705882351,-0.1027486910994763,-0.0107385398981325,0.1590361842105261,0.1514257812500001,0.3451327433628319,Consumer Staples,30.0,2.0,33,7.3783837129967145,1918.0,1371.0,8.718663567048953,5.8664680569332965,8.746398334109042,5.480638923341991
CPB,2003Q3,2003,Q3,0,0,1,0,1455.0,597.0,858.0,477.0,451.0,183.0,120.0,110.0,74.0,26.0,100.0,6205.0,387.0,6115.0,352.0,0.0178694158075601,0.3099656357388316,0.4103092783505154,0.0824742268041237,0.0508591065292096,23.0,21.0,19.0,25.0,17.0,17.0,18.0,19.0,15.0,15.0,14.0,19.0,0.014375,0.010948905109489,0.0111436950146627,0.0204415372035977,0.012399708242159,0.0093922651933701,0.0104106419895893,0.0127516778523489,0.0104239054899235,0.007836042937221536,0.0078740157480314,0.0159798149705635,0.1896974652493868,0.3454545454545454,0.1117318435754191,0.04,-0.4859550561797753,-0.5488721804511278,0.3095238095238095,0.2507288629737609,0.8333333333333333,0.7601476014760147,-0.1258281786941582,0.541008018327606,-0.0655339899018987,-0.6208045887915665,0.1309215870040612,0.25,Consumer Staples,30.0,3.0,34,7.283448228756631,1600.0,1223.0,8.733271845008325,5.961005339623274,8.718663567048953,5.8664680569332965
CPB,2003Q4,2003,Q4,0,0,0,1,1909.0,801.0,1108.0,437.0,416.0,427.0,364.0,311.0,211.0,21.0,232.0,6743.0,615.0,6205.0,387.0,0.0110005238344683,0.2179151388161341,0.4195914091147197,0.1906757464641173,0.1105290728129911,26.0,23.0,21.0,19.0,25.0,17.0,17.0,18.0,19.0,15.0,15.0,14.0,0.0178694158075601,0.014375,0.010948905109489,0.0111436950146627,0.0204415372035977,0.012399708242159,0.0093922651933701,0.0104106419895893,0.0127516778523489,0.0104239054899235,0.007835590879949991,0.0078740157480314,0.1196480938416422,0.31055900621118,0.0912806539509536,0.1052631578947369,0.0892857142857141,0.0801186943620178,0.0912280701754386,0.141091658084449,0.1005291005291004,0.1007556675062972,-0.0128477295911334,-0.0170758950224638,-0.0253360319610391,-0.0353051996399998,0.1705097462493778,0.288888888888889,Consumer Staples,30.0,4.0,35,7.554858521040676,1455.0,1705.0,8.81640849968169,6.423246963533519,8.733271845008325,5.961005339623274
CPB,2004Q1,2004,Q1,1,0,0,0,2100.0,888.0,1212.0,497.0,476.0,455.0,391.0,347.0,235.0,21.0,256.0,6796.0,868.0,6743.0,615.0,0.01,0.2266666666666666,0.4228571428571429,0.1861904761904761,0.1119047619047619,21.0,26.0,23.0,21.0,19.0,25.0,17.0,17.0,18.0,19.0,15.0,15.0,0.0110005238344683,0.0178694158075601,0.014375,0.010948905109489,0.0111436950146627,0.0204415372035977,0.012399708242159,0.0093922651933701,0.0104106419895893,0.0127516778523489,0.0104239054899235,0.007835138822678445,0.0948905109489051,0.0173160173160173,0.0301624129930393,0.0,0.0340909090909091,0.0182291666666667,0.0235988200589971,0.1477272727272727,0.0415754923413567,0.0397489539748954,-0.0866666666666666,-0.0486943836615608,-0.0591183294663573,-0.0700173611111111,-0.0708513708513708,0.0158730158730158,Consumer Staples,30.0,1.0,36,7.650168700845001,1909.0,1918.0,8.824236617346639,6.767343125265392,8.81640849968169,6.423246963533519
CPB,2004Q2,2004,Q2,0,1,0,0,1667.0,672.0,995.0,442.0,419.0,298.0,230.0,203.0,142.0,23.0,165.0,6443.0,876.0,6796.0,868.0,0.0137972405518896,0.2513497300539892,0.403119376124775,0.1379724055188962,0.0851829634073185,21.0,21.0,26.0,23.0,21.0,19.0,25.0,17.0,17.0,18.0,19.0,15.0,0.01,0.0110005238344683,0.0178694158075601,0.014375,0.010948905109489,0.0111436950146627,0.0204415372035977,0.012399708242159,0.0093922651933701,0.0104106419895893,0.0127516778523489,0.0104239054899235,0.0418750000000001,0.1007751937984495,-0.0117647058823529,0.0,-0.0858895705521471,-0.1050583657587548,0.0684210526315789,0.0815217391304348,0.0475000000000001,0.044917257683215,-0.0401919616076785,0.0053989202159567,-0.0514838208828821,-0.1410278255632919,0.0565328794706174,0.0855263157894736,Consumer Staples,30.0,2.0,37,7.419380582918692,2100.0,1600.0,8.770904744296866,6.776506992372183,8.824236617346639,6.767343125265392
CPB,2004Q3,2004,Q3,0,0,1,0,1433.0,561.0,872.0,414.0,384.0,212.0,147.0,86.0,59.0,28.0,87.0,6662.0,874.0,6443.0,876.0,0.0195394277739009,0.2679692951849267,0.3914863921842288,0.1025819958129797,0.041172365666434,23.0,21.0,21.0,26.0,23.0,21.0,19.0,25.0,17.0,17.0,18.0,19.0,0.0137972405518896,0.01,0.0110005238344683,0.0178694158075601,0.014375,0.010948905109489,0.0111436950146627,0.0204415372035977,0.012399708242159,0.0093922651933701,0.0104106419895893,0.0127516778523489,-0.0151202749140892,-0.2027027027027027,-0.0603015075376884,0.0769230769230768,0.1584699453551912,0.2250000000000001,-0.2181818181818181,0.0163170163170163,-0.1485587583148558,-0.1320754716981131,0.0934564388856085,-0.1354870853790057,-0.0458748733198441,0.2438066992323797,-0.1904622696667357,-0.13,Consumer Staples,30.0,3.0,38,7.2682230211595655,1667.0,1455.0,8.804325112562537,6.774223886357614,8.770904744296866,6.776506992372183
CPB,2004Q4,2004,Q4,0,0,0,1,2091.0,846.0,1245.0,463.0,443.0,451.0,383.0,337.0,230.0,20.0,250.0,7228.0,1117.0,6662.0,874.0,0.0095648015303682,0.2118603538976566,0.4045911047345767,0.1831659493065519,0.1099952175992348,28.0,23.0,21.0,21.0,26.0,23.0,21.0,19.0,25.0,17.0,17.0,18.0,0.0195394277739009,0.0137972405518896,0.01,0.0110005238344683,0.0178694158075601,0.014375,0.010948905109489,0.0111436950146627,0.0204415372035977,0.012399708242159,0.0093922651933701,0.0104106419895893,0.0953378732320586,0.0900473933649288,0.0561797752808987,-0.0476190476190476,0.0562060889929743,0.0521978021978022,0.0836012861736335,0.1236462093862815,0.0649038461538462,0.0594965675057208,-0.1305139942155724,-0.0277850586763787,-0.0357497890907527,-0.0393851724554736,-0.0048299981187712,0.0775862068965518,Consumer Staples,30.0,4.0,39,7.645875825184813,1433.0,1909.0,8.885855993000296,7.0192966537150445,8.804325112562537,6.774223886357614
CPB,2005Q1,2005,Q1,1,0,0,0,2223.0,902.0,1321.0,515.0,491.0,455.0,387.0,344.0,235.0,24.0,259.0,7074.0,1339.0,7228.0,1117.0,0.0107962213225371,0.220872694556905,0.4057579847053531,0.1740890688259109,0.1057130004498425,20.0,28.0,23.0,21.0,21.0,26.0,23.0,21.0,19.0,25.0,17.0,17.0,0.0095648015303682,0.0195394277739009,0.0137972405518896,0.01,0.0110005238344683,0.0178694158075601,0.014375,0.010948905109489,0.0111436950146627,0.0204415372035977,0.012399708242159,0.0093922651933701,0.0585714285714285,0.0,0.0157657657657657,0.1428571428571428,0.0,-0.0102301790281329,-0.0086455331412104,0.0899339933993399,0.0315126050420169,0.0362173038229376,0.0796221322537111,-0.0255616416607128,-0.0404371983319352,-0.0649947710117314,-0.0553306342780027,0.01171875,Consumer Staples,30.0,1.0,40,7.707062655370473,2091.0,2100.0,8.864322722511439,7.200424892944957,8.885855993000296,7.0192966537150445
CPB,2005Q2,2005,Q2,0,1,0,0,1736.0,701.0,1035.0,444.0,420.0,328.0,257.0,214.0,146.0,24.0,170.0,6813.0,1368.0,7074.0,1339.0,0.0138248847926267,0.2419354838709677,0.4038018433179723,0.1480414746543779,0.0841013824884792,24.0,20.0,28.0,23.0,21.0,21.0,26.0,23.0,21.0,19.0,25.0,17.0,0.0107962213225371,0.0095648015303682,0.0195394277739009,0.0137972405518896,0.01,0.0110005238344683,0.0178694158075601,0.014375,0.010948905109489,0.0111436950146627,0.0204415372035977,0.012399708242159,0.0413917216556689,0.028169014084507,0.0431547619047618,0.0434782608695651,0.1006711409395972,0.117391304347826,0.0541871921182266,0.0402010050251255,0.0023866348448686,0.004524886877828,0.002003606491685,-0.0374547694202785,0.0016929654926487,0.0729788619515128,-0.0126971506458104,0.0303030303030302,Consumer Staples,30.0,2.0,41,7.459914766241105,2223.0,1667.0,8.826734598220911,7.221835825288449,8.864322722511439,7.200424892944957
CPB,2005Q3,2005,Q3,0,0,1,0,1498.0,608.0,890.0,431.0,402.0,249.0,177.0,135.0,96.0,27.0,123.0,6776.0,1270.0,6813.0,1368.0,0.0180240320427236,0.2683578104138852,0.4058744993324432,0.1181575433911882,0.0640854472630173,24.0,24.0,20.0,28.0,23.0,21.0,21.0,26.0,23.0,21.0,19.0,25.0,0.0138248847926267,0.0107962213225371,0.0095648015303682,0.0195394277739009,0.0137972405518896,0.01,0.0110005238344683,0.0178694158075601,0.014375,0.010948905109489,0.0111436950146627,0.0204415372035977,0.0453593859036984,0.6271186440677967,0.0837789661319072,-0.0357142857142857,0.1745283018867924,0.2040816326530612,0.569767441860465,0.0206422018348624,0.046875,0.0410628019323671,-0.0775557886706083,0.0014498497997328,0.036752508990002,0.1518350998610391,0.5565160326763368,0.4137931034482758,Consumer Staples,30.0,3.0,42,7.312553498102598,1736.0,1433.0,8.821289805136113,7.147559271189454,8.826734598220911,7.221835825288449
CPB,2005Q4,2005,Q4,0,0,0,1,2002.0,846.0,1156.0,467.0,443.0,448.0,379.0,355.0,302.0,24.0,326.0,7164.0,1513.0,6776.0,1270.0,0.0119880119880119,0.2212787212787212,0.4225774225774226,0.1893106893106893,0.1508491508491508,27.0,24.0,24.0,20.0,28.0,23.0,21.0,21.0,26.0,23.0,21.0,19.0,0.0180240320427236,0.0138248847926267,0.0107962213225371,0.0095648015303682,0.0195394277739009,0.0137972405518896,0.01,0.0110005238344683,0.0178694158075601,0.014375,0.010948905109489,0.0111436950146627,-0.0425633668101387,0.3130434782608695,0.0,0.1999999999999999,-0.0066518847006651,-0.010443864229765,0.0534124629080119,-0.0714859437751004,0.0,0.0086393088552916,0.2533466533466533,0.0444555444555445,0.0444555444555445,0.0335473925552254,0.3714155409807582,0.304,Consumer Staples,30.0,4.0,43,7.602401335665818,1498.0,2091.0,8.876963340262272,7.322510433997394,8.821289805136113,7.147559271189454
CPB,2006Q1,2006,Q1,1,0,0,0,2159.0,908.0,1251.0,524.0,500.0,452.0,384.0,340.0,254.0,24.0,278.0,7146.0,1621.0,7164.0,1513.0,0.0111162575266327,0.2315886984715146,0.4205650764242705,0.1778601204261232,0.1176470588235294,24.0,27.0,24.0,24.0,20.0,28.0,23.0,21.0,21.0,26.0,23.0,21.0,0.0119880119880119,0.0180240320427236,0.0138248847926267,0.0107962213225371,0.0095648015303682,0.0195394277739009,0.0137972405518896,0.01,0.0110005238344683,0.0178694158075601,0.014375,0.010948905109489,-0.0287899235267656,0.0808510638297872,0.0066518847006651,0.0,-0.0065934065934065,-0.0077519379844961,-0.0116279069767442,-0.0529901589704768,0.0183299389002036,0.0174757281553397,0.0296433534043538,0.0485166531612564,0.0364924222740059,0.0216616219826146,0.1128911138923653,0.0733590733590734,Consumer Staples,30.0,1.0,44,7.67786350067821,2002.0,2223.0,8.874447967219979,7.3914152346753585,8.876963340262272,7.322510433997394
CPB,2006Q2,2006,Q2,0,1,0,0,1728.0,707.0,1021.0,457.0,431.0,325.0,250.0,208.0,166.0,26.0,192.0,7252.0,1780.0,7146.0,1621.0,0.0150462962962962,0.2494212962962963,0.4091435185185185,0.1446759259259259,0.0960648148148148,24.0,24.0,27.0,24.0,24.0,20.0,28.0,23.0,21.0,21.0,26.0,23.0,0.0111162575266327,0.0119880119880119,0.0180240320427236,0.0138248847926267,0.0107962213225371,0.0095648015303682,0.0195394277739009,0.0137972405518896,0.01,0.0110005238344683,0.0178694158075601,0.014375,-0.0046082949308755,0.1369863013698631,0.0085592011412267,0.0833333333333332,-0.0091463414634146,-0.0272373540856031,-0.02803738317757,-0.0135265700483091,0.026190476190476,0.0292792792792793,0.0883487654320986,0.0309413580246913,0.0132284567020659,-0.0227338233174809,0.142250126839168,0.1294117647058823,Consumer Staples,30.0,2.0,45,7.455298485683291,2159.0,1736.0,8.889170455363413,7.484930283289661,8.874447967219979,7.3914152346753585
CPB,2006Q3,2006,Q3,0,0,1,0,1116.0,499.0,617.0,423.0,397.0,153.0,76.0,32.0,44.0,26.0,70.0,7745.0,1768.0,7252.0,1780.0,0.022939732106248417,0.3557347670250896,0.4471326164874551,0.068100358422939,0.039426523297491,26.0,24.0,24.0,27.0,24.0,24.0,20.0,28.0,23.0,21.0,21.0,26.0,0.0150462962962962,0.0111162575266327,0.0119880119880119,0.0180240320427236,0.0138248847926267,0.0107962213225371,0.0095648015303682,0.0195394277739009,0.0137972405518896,0.01,0.0110005238344683,0.0178694158075601,-0.2550066755674232,-0.5416666666666667,-0.1792763157894736,-0.037037037037037,-0.3855421686746988,-0.5706214689265536,-0.762962962962963,-0.3067415730337078,-0.0124378109452736,-0.0185614849187935,0.2925793176689233,0.3255987089641399,0.1016524004904735,-0.4236478140250693,-0.3847819593787337,-0.4308943089430894,Consumer Staples,30.0,3.0,46,7.018401799069201,1728.0,1498.0,8.954931860074698,7.478169694159785,8.889170455363413,7.484930283289661
CPB,2006Q4,2006,Q4,0,0,0,1,2153.0,917.0,1236.0,477.0,451.0,504.0,440.0,397.0,291.0,26.0,317.0,7024.0,1268.0,7745.0,1768.0,0.0120761727821644,0.2094751509521597,0.4259173246632605,0.2043660009289363,0.1351602415234556,26.0,26.0,24.0,24.0,27.0,24.0,24.0,20.0,28.0,23.0,21.0,21.0,0.022939732106248417,0.0150462962962962,0.0111162575266327,0.0119880119880119,0.0180240320427236,0.0138248847926267,0.0107962213225371,0.0095648015303682,0.0195394277739009,0.0137972405518896,0.01,0.0110005238344683,0.0754245754245754,-0.0364238410596026,0.0839243498817967,0.0833333333333332,0.125,0.1609498680738785,0.1183098591549296,0.0692041522491349,0.0180586907449209,0.0214132762312633,0.0073540795788822,-0.0533425458098784,0.0079036453615219,0.0795270022684184,-0.1040039618213304,-0.0276073619631901,Consumer Staples,30.0,4.0,47,7.675081857716334,1116.0,2002.0,8.857230494201946,7.1459844677143876,8.954931860074698,7.478169694159785
CPB,2007Q1,2007,Q1,1,0,0,0,2064.0,851.0,1213.0,470.0,445.0,449.0,381.0,361.0,285.0,25.0,310.0,7085.0,1455.0,7024.0,1268.0,0.0121124031007751,0.2156007751937984,0.4123062015503876,0.1845930232558139,0.1380813953488372,26.0,26.0,26.0,24.0,24.0,27.0,24.0,24.0,20.0,28.0,23.0,21.0,0.0120761727821644,0.022939732106248417,0.0150462962962962,0.0111162575266327,0.0119880119880119,0.0180240320427236,0.0138248847926267,0.0107962213225371,0.0095648015303682,0.0195394277739009,0.0137972405518896,0.01,-0.0440018527095877,0.1220472440944882,-0.0627753303964757,0.0416666666666667,-0.0066371681415928,-0.0078125,0.0617647058823529,-0.0303756994404476,-0.1099999999999999,-0.1030534351145038,0.0896115956072352,-0.0690358527131783,-0.0196375670184065,0.0378550448158914,0.1736918604651163,0.1151079136690647,Consumer Staples,30.0,1.0,48,7.632885505395133,2153.0,2159.0,8.865876285425417,7.283448228756631,8.857230494201946,7.1459844677143876
CPB,2007Q2,2007,Q2,0,1,0,0,1750.0,698.0,1052.0,431.0,405.0,336.0,267.0,242.0,217.0,26.0,243.0,6754.0,1617.0,7085.0,1455.0,0.0148571428571428,0.2314285714285714,0.3988571428571428,0.1525714285714285,0.124,25.0,26.0,26.0,26.0,24.0,24.0,27.0,24.0,24.0,20.0,28.0,23.0,0.0121124031007751,0.0120761727821644,0.022939732106248417,0.0150462962962962,0.0111162575266327,0.0119880119880119,0.0180240320427236,0.0138248847926267,0.0107962213225371,0.0095648015303682,0.0195394277739009,0.0137972405518896,0.0127314814814814,0.3072289156626506,-0.0127298444130127,0.0,0.0338461538461538,0.068,0.1634615384615385,0.030362389813908,-0.0603248259860789,-0.0568927789934354,-0.0125714285714285,-0.0721378853165396,-0.0251412406546778,0.0545737142857143,0.2907951807228917,0.265625,Consumer Staples,30.0,2.0,49,7.467942332285852,2064.0,1728.0,8.818038250394299,7.388946097618437,8.865876285425417,7.283448228756631
CPB,2007Q3,2007,Q3,0,0,1,0,1594.0,639.0,955.0,523.0,488.0,198.0,116.0,92.0,61.0,35.0,96.0,6445.0,1295.0,6754.0,1617.0,0.0219573400250941,0.3061480552070263,0.4008782936010037,0.0727728983688833,0.0382685069008782,26.0,25.0,26.0,26.0,26.0,24.0,24.0,27.0,24.0,24.0,20.0,28.0,0.0148571428571428,0.0121124031007751,0.0120761727821644,0.022939732106248417,0.0150462962962962,0.0111162575266327,0.0119880119880119,0.0180240320427236,0.0138248847926267,0.0107962213225371,0.0095648015303682,0.0195394277739009,0.4283154121863799,0.3863636363636364,0.280561122244489,0.3461538461538462,0.2941176470588236,0.5263157894736843,1.875,0.5478119935170178,0.2292191435768262,0.2364066193853427,-0.0575234050767301,-0.1393923687379309,-0.1034465417660918,0.0686125602588654,-0.0293715067868141,0.3714285714285714,Consumer Staples,30.0,3.0,50,7.374629015218945,1750.0,1116.0,8.771215062375383,7.16703787691222,8.818038250394299,7.388946097618437
CPB,2007Q4,2007,Q4,0,0,0,1,2185.0,892.0,1293.0,464.0,437.0,496.0,428.0,386.0,270.0,27.0,297.0,7058.0,1505.0,6445.0,1295.0,0.0123569794050343,0.2,0.4082379862700229,0.1958810068649885,0.1235697940503432,35.0,26.0,25.0,26.0,26.0,26.0,24.0,24.0,27.0,24.0,24.0,20.0,0.0219573400250941,0.0148571428571428,0.0121124031007751,0.0120761727821644,0.022945046714666035,0.0150462962962962,0.0111162575266327,0.0119880119880119,0.0180240320427236,0.0138248847926267,0.0107962213225371,0.0095648015303682,0.0148629818857408,-0.0721649484536082,-0.0272628135223554,0.0384615384615385,-0.0158730158730159,-0.0272727272727272,-0.0277078085642317,0.046116504854369,-0.0310421286031041,-0.0272536687631027,0.0232529484245731,-0.0452328159645232,-0.041508850120655,-0.04151861868109,-0.0857533794144708,-0.0630914826498423,Consumer Staples,30.0,4.0,51,7.689828668736484,1594.0,2153.0,8.862058677395472,7.317212408359839,8.771215062375383,7.16703787691222
CPB,2008Q1,2008,Q1,1,0,0,0,2218.0,889.0,1329.0,485.0,460.0,474.0,404.0,358.0,274.0,25.0,299.0,6876.0,1595.0,7058.0,1505.0,0.0112714156898106,0.2073940486925158,0.4008115419296664,0.1821460775473399,0.1235347159603246,27.0,35.0,26.0,25.0,26.0,26.0,26.0,24.0,24.0,27.0,24.0,24.0,0.0123569794050343,0.0219573400250941,0.0148571428571428,0.0121124031007751,0.0120761727821644,0.02295036132308366,0.0150462962962962,0.0111162575266327,0.0119880119880119,0.0180240320427236,0.0138248847926267,0.0107962213225371,0.0746124031007751,-0.0385964912280701,0.0446533490011751,0.0,0.0556792873051223,0.0603674540682415,-0.0083102493074792,0.0956306677658698,0.0337078651685394,0.0319148936170212,-0.0694319206492335,-0.0380644573003312,-0.0278789394326305,-0.0132558948616544,-0.1053485833610174,-0.0354838709677419,Consumer Staples,30.0,1.0,52,7.704811922932594,2185.0,2064.0,8.835937789319836,7.3752557780097545,8.862058677395472,7.317212408359839
CPB,2008Q2,2008,Q2,0,1,0,0,1880.0,726.0,1154.0,472.0,442.0,152.0,82.0,45.0,532.0,30.0,562.0,6507.0,1896.0,6876.0,1595.0,0.0159574468085106,0.2351063829787234,0.3861702127659574,0.0436170212765957,0.2829787234042553,25.0,27.0,35.0,26.0,25.0,26.0,26.0,26.0,24.0,24.0,27.0,24.0,0.0112714156898106,0.0123569794050343,0.0219573400250941,0.0148571428571428,0.0121124031007751,0.0120761727821644,0.022955675931501284,0.0150462962962962,0.0111162575266327,0.0119880119880119,0.0180240320427236,0.0138248847926267,0.0742857142857142,1.4516129032258065,0.0401146131805156,0.1538461538461537,-0.5476190476190477,-0.6928838951310862,-0.8140495867768596,0.096958174904943,0.0913580246913581,0.0951276102088167,0.0740589198036005,0.0158917783031258,-0.0318082058160092,-0.7141206470635111,1.2820864790665754,1.3127572016460904,Consumer Staples,30.0,2.0,53,7.53955882930103,2218.0,1750.0,8.780787468338929,7.5480289699350145,8.835937789319836,7.3752557780097545
CPB,2008Q3,2008,Q3,0,0,1,0,1715.0,664.0,1051.0,464.0,431.0,286.0,200.0,150.0,89.0,33.0,122.0,6474.0,1318.0,6507.0,1896.0,0.0192419825072886,0.2513119533527697,0.3871720116618076,0.1166180758017492,0.0518950437317784,30.0,25.0,27.0,35.0,26.0,25.0,26.0,26.0,26.0,24.0,24.0,27.0,0.0159574468085106,0.0112714156898106,0.0123569794050343,0.0219573400250941,0.0148571428571428,0.0121124031007751,0.0120761727821644,0.022960990539918902,0.0150462962962962,0.0111162575266327,0.0119880119880119,0.0180240320427236,0.075909661229611,0.459016393442623,0.0391236306729263,-0.0571428571428571,0.4444444444444444,0.7241379310344827,0.6304347826086956,0.1005235602094241,-0.1168032786885245,-0.1128107074569789,-0.1236651395251978,-0.1791162835157482,-0.034190631316242,0.6024932140343822,0.3560770444008985,0.2708333333333332,Consumer Staples,30.0,3.0,54,7.447751280047908,1880.0,1594.0,8.775703886567738,7.1846291527173145,8.780787468338929,7.5480289699350145
CPB,2008Q4,2008,Q4,0,0,0,1,2250.0,871.0,1379.0,476.0,447.0,465.0,399.0,367.0,260.0,29.0,289.0,6196.0,1071.0,6474.0,1318.0,0.0128888888888888,0.1986666666666666,0.3871111111111111,0.1773333333333333,0.1155555555555555,33.0,30.0,25.0,27.0,35.0,26.0,25.0,26.0,26.0,26.0,24.0,24.0,0.0192419825072886,0.0159574468085106,0.0112714156898106,0.0123569794050343,0.0219573400250941,0.0148571428571428,0.0121124031007751,0.0120761727821644,0.022966305148336526,0.0150462962962962,0.0111162575266327,0.0119880119880119,0.0297482837528604,-0.037037037037037,-0.023542600896861,0.0740740740740741,-0.0625,-0.0677570093457944,-0.049222797927461,0.0665119876256767,0.0228832951945079,0.0258620689655173,0.0430452674897119,-0.0066666666666667,-0.051751370204285,-0.0946884735202491,-0.0648559670781894,-0.0269360269360269,Consumer Staples,30.0,4.0,55,7.719129840906732,1715.0,2185.0,8.731820582962108,6.977281341630747,8.775703886567738,7.1846291527173145
CPB,2009Q1,2009,Q1,1,0,0,0,2122.0,837.0,1285.0,480.0,453.0,422.0,355.0,330.0,233.0,27.0,260.0,5911.0,1037.0,6196.0,1071.0,0.0127238454288407,0.2134778510838831,0.3944392082940622,0.1672950047125353,0.1098020735155513,29.0,33.0,30.0,25.0,27.0,35.0,26.0,25.0,26.0,26.0,26.0,24.0,0.0128888888888888,0.0192419825072886,0.0159574468085106,0.0112714156898106,0.0123569794050343,0.0219573400250941,0.0148571428571428,0.0121124031007751,0.0120761727821644,0.02297161975675415,0.0150462962962962,0.0111162575266327,-0.0432822362488728,-0.1496350364963503,-0.0584926884139482,0.08,-0.1097046413502109,-0.1212871287128712,-0.0782122905027933,-0.0331075996990217,-0.0152173913043478,-0.0103092783505154,0.1288595664467482,0.0293345080522884,-0.0158985781819686,-0.0815338602663282,-0.1111642370164491,-0.1304347826086956,Consumer Staples,30.0,1.0,56,7.660585461703256,2250.0,2218.0,8.684739462628038,6.945051063725834,8.731820582962108,6.977281341630747
CPB,2009Q2,2009,Q2,0,1,0,0,1686.0,685.0,1001.0,402.0,375.0,348.0,286.0,260.0,174.0,27.0,201.0,5842.0,1130.0,5911.0,1037.0,0.0160142348754448,0.2224199288256227,0.4062870699881376,0.1696322657176749,0.1032028469750889,27.0,29.0,33.0,30.0,25.0,27.0,35.0,26.0,25.0,26.0,26.0,26.0,0.0127238454288407,0.0128888888888888,0.0192419825072886,0.0159574468085106,0.0112714156898106,0.0123569794050343,0.0219573400250941,0.0148571428571428,0.0121124031007751,0.0120761727821644,0.02297693436517177,0.0150462962962962,-0.103191489361702,-0.6729323308270676,-0.0564738292011018,-0.0999999999999999,1.289473684210526,2.4878048780487805,4.777777777777778,-0.132582322357019,-0.1515837104072398,-0.1483050847457627,0.00355871886121,-0.0539604837281203,0.0520932390877393,2.889129994502792,-0.6352982099376556,-0.6423487544483986,Consumer Staples,30.0,2.0,57,7.430707082545968,2122.0,1880.0,8.672999642554437,7.030857476116121,8.684739462628038,6.945051063725834
CPB,2009Q3,2009,Q3,0,0,1,0,1528.0,635.0,893.0,424.0,393.0,218.0,149.0,122.0,69.0,31.0,100.0,6056.0,728.0,5842.0,1130.0,0.0202879581151832,0.2571989528795811,0.4155759162303665,0.0975130890052356,0.0451570680628272,27.0,27.0,29.0,33.0,30.0,25.0,27.0,35.0,26.0,25.0,26.0,26.0,0.0160142348754448,0.0127238454288407,0.0128888888888888,0.0192419825072886,0.0159574468085106,0.0112714156898106,0.0123569794050343,0.0219573400250941,0.0148571428571428,0.0121124031007751,0.0120761727821644,0.022982248973589393,-0.1090379008746356,-0.2247191011235955,-0.0436746987951807,-0.0606060606060605,-0.2377622377622378,-0.255,-0.1866666666666666,-0.1503330161750713,-0.0881670533642691,-0.086206896551724,0.0543590353799778,0.0234250677226952,0.07336249448054,-0.1638252617801047,-0.129838519912936,-0.180327868852459,Consumer Staples,30.0,3.0,58,7.332369205929062,1686.0,1715.0,8.708969906980947,6.591673732008658,8.672999642554437,7.030857476116121
CPB,2009Q4,2009,Q4,0,0,0,1,2203.0,923.0,1280.0,445.0,417.0,538.0,478.0,451.0,304.0,29.0,333.0,6431.0,952.0,6056.0,728.0,0.0131638674534725,0.1892873354516568,0.418974126191557,0.2169768497503404,0.1379936450295052,31.0,27.0,27.0,29.0,33.0,30.0,25.0,27.0,35.0,26.0,25.0,26.0,0.0202879581151832,0.0160142348754448,0.0127238454288407,0.0128888888888888,0.0192419825072886,0.0159574468085106,0.0112714156898106,0.0123569794050343,0.0219573400250941,0.0148571428571428,0.0121124031007751,0.0120761727821644,-0.0208888888888888,0.1692307692307693,0.0597014925373133,0.0,0.1569892473118279,0.1979949874686717,0.228882833787466,-0.071791153009427,-0.0671140939597315,-0.065126050420168,0.0213345438039038,-0.0472113987332709,0.082309740448913,0.2235536640056792,0.1941757742937953,0.1522491349480967,Consumer Staples,30.0,4.0,59,7.698029170272805,1528.0,2250.0,8.769040810858803,6.859614903654202,8.708969906980947,6.591673732008658
CPB,2010Q1,2010,Q1,1,0,0,0,2153.0,871.0,1282.0,480.0,450.0,453.0,391.0,365.0,259.0,28.0,287.0,6152.0,1023.0,6431.0,952.0,0.0130051091500232,0.2090106827682303,0.4045517882025081,0.1816070599163957,0.1202972596377148,29.0,31.0,27.0,27.0,29.0,33.0,30.0,25.0,27.0,35.0,26.0,25.0,0.0131638674534725,0.0202879581151832,0.0160142348754448,0.0127238454288407,0.0128888888888888,0.0192419825072886,0.0159574468085106,0.0112714156898106,0.0123569794050343,0.0219573400250941,0.0148571428571428,0.0121124031007751,0.0146088595664466,0.111587982832618,0.0406212664277181,0.0370370370370369,0.0734597156398104,0.1014084507042254,0.1060606060606059,-0.0023346303501945,-0.0066225165562914,0.0,0.0221052450499734,-0.0209256758627265,0.0256378668646621,0.0855498060354698,0.0955827680310337,0.1038461538461539,Consumer Staples,30.0,1.0,60,7.675081857716334,2203.0,2122.0,8.724695046740491,6.931471805599453,8.769040810858803,6.859614903654202
CPB,2010Q2,2010,Q2,0,1,0,0,1802.0,743.0,1059.0,439.0,408.0,355.0,292.0,265.0,168.0,31.0,199.0,5986.0,1093.0,6152.0,1023.0,0.0172031076581576,0.2264150943396226,0.4123196448390677,0.1620421753607103,0.0932297447280799,28.0,29.0,31.0,27.0,27.0,29.0,33.0,30.0,25.0,27.0,35.0,26.0,0.0130051091500232,0.0131638674534725,0.0202879581151832,0.0160142348754448,0.0127238454288407,0.0128888888888888,0.0192419825072886,0.0159574468085106,0.0112714156898106,0.0123569794050343,0.0219573400250941,0.0148571428571428,0.0688018979833926,-0.0344827586206896,0.0846715328467153,0.1481481481481481,0.0201149425287356,0.020979020979021,0.0192307692307691,0.0579420579420579,0.088,0.0920398009950249,0.0742385004316192,0.0179622641509433,0.014848060144041,-0.0447443788176307,-0.096635921772743,-0.0099502487562188,Consumer Staples,30.0,2.0,61,7.497207223203318,2153.0,1686.0,8.697345730925353,6.9975959829819265,8.724695046740491,6.931471805599453
CPB,2010Q3,2010,Q3,0,0,1,0,1518.0,613.0,905.0,423.0,388.0,253.0,187.0,161.0,113.0,35.0,148.0,6276.0,926.0,5986.0,1093.0,0.022939732106248417,0.2555994729907773,0.4038208168642951,0.1231884057971014,0.0744400527009222,31.0,28.0,29.0,31.0,27.0,27.0,29.0,33.0,30.0,25.0,27.0,35.0,0.0172031076581576,0.0130051091500232,0.0131638674534725,0.0202879581151832,0.0160142348754448,0.0127238454288407,0.0128888888888888,0.0192419825072886,0.0159574468085106,0.0112714156898106,0.0123569794050343,0.0219573400250941,-0.006544502617801,0.6376811594202898,-0.0346456692913386,0.1290322580645162,0.1605504587155963,0.2550335570469799,0.319672131147541,0.0134378499440088,-0.0127226463104325,-0.0023584905660377,0.1364698882230439,-0.0062188429264433,-0.0282862863485938,0.2633012352883961,0.6484695728552063,0.48,Consumer Staples,30.0,3.0,62,7.325807502595773,1802.0,1528.0,8.744647438317532,6.831953565565855,8.697345730925353,6.9975959829819265
CPB,2010Q4,2010,Q4,0,0,0,1,2172.0,894.0,1278.0,450.0,417.0,509.0,444.0,414.0,279.0,31.0,310.0,6818.0,1101.0,6276.0,926.0,0.0142725598526703,0.1919889502762431,0.4116022099447514,0.2044198895027624,0.1284530386740331,35.0,31.0,28.0,29.0,31.0,27.0,27.0,29.0,33.0,30.0,25.0,27.0,0.022939732106248417,0.0172031076581576,0.0130051091500232,0.0131638674534725,0.0202879581151832,0.0160142348754448,0.0127238454288407,0.0128888888888888,0.0192419825072886,0.0159574468085106,0.0112714156898106,0.0123569794050343,-0.0140717203812982,-0.0822368421052631,-0.0314192849404116,0.0689655172413792,-0.053903345724907,-0.0711297071129707,-0.0820399113082039,-0.0015625,0.0,0.0112359550561798,0.0842223915666475,0.0142725598526705,-0.0175951587125815,-0.0578723502623731,-0.0691380125036348,-0.069069069069069,Consumer Staples,30.0,4.0,63,7.6838639802564295,1518.0,2203.0,8.827468112520654,7.004881989712859,8.744647438317532,6.831953565565855
CPB,2011Q1,2011,Q1,1,0,0,0,2127.0,838.0,1289.0,479.0,445.0,423.0,359.0,328.0,239.0,31.0,270.0,6580.0,889.0,6818.0,1101.0,0.0145745181006111,0.2092148566055477,0.3939821344616831,0.1687823225199811,0.1123648330982604,31.0,35.0,31.0,28.0,29.0,31.0,27.0,27.0,29.0,33.0,30.0,25.0,0.0142725598526703,0.022939732106248417,0.0172031076581576,0.0130051091500232,0.0131638674534725,0.0202879581151832,0.0160142348754448,0.0127238454288407,0.0128888888888888,0.0192419825072886,0.0159574468085106,0.0112714156898106,-0.0120761727821644,-0.0772200772200771,-0.0378874856486797,0.1071428571428572,-0.0662251655629139,-0.0818414322250639,-0.1013698630136986,0.0054602184087364,-0.011111111111111,-0.0020833333333333,0.1206763382362818,0.0009768583816538,-0.0261268249184801,-0.0706180552800013,-0.0659402098048077,-0.0592334494773518,Consumer Staples,30.0,1.0,64,7.662937850461535,2172.0,2153.0,8.791941988456118,6.7912214627261855,8.827468112520654,7.004881989712859
CPB,2011Q2,2011,Q2,0,1,0,0,1813.0,732.0,1081.0,425.0,391.0,372.0,307.0,283.0,187.0,33.0,220.0,6700.0,1062.0,6580.0,889.0,0.0182018753447324,0.2156646442360728,0.4037506894649751,0.1693325979040264,0.1031439602868174,31.0,31.0,35.0,31.0,28.0,29.0,31.0,27.0,27.0,29.0,33.0,30.0,0.0145745181006111,0.0142725598526703,0.022939732106248417,0.0172031076581576,0.0130051091500232,0.0131638674534725,0.0202879581151832,0.0160142348754448,0.0127238454288407,0.0128888888888888,0.0192419825072886,0.0159574468085106,0.0061043285238624,0.1130952380952381,-0.0148048452220727,0.064516129032258,0.0478873239436619,0.0513698630136987,0.0679245283018867,0.0207743153918791,-0.0416666666666666,-0.031890660592255,0.0580573990712238,-0.0474811546240117,-0.0207823116879067,0.0449908952844373,0.1063417645050297,0.1055276381909546,Consumer Staples,30.0,2.0,65,7.503289630675082,2127.0,1802.0,8.81001204797317,6.968850378341948,8.791941988456118,6.7912214627261855
CPB,2011Q3,2011,Q3,0,0,1,0,1607.0,639.0,968.0,397.0,366.0,243.0,169.0,143.0,100.0,34.0,134.0,6862.0,1088.0,6700.0,1062.0,0.0211574362165525,0.2277535780958307,0.3976353453640323,0.1051649035469819,0.0622277535780958,33.0,31.0,31.0,35.0,31.0,28.0,29.0,31.0,27.0,27.0,29.0,33.0,0.0182018753447324,0.0145745181006111,0.0142725598526703,0.022939732106248417,0.0172031076581576,0.0130051091500232,0.0131638674534725,0.0202879581151832,0.0160142348754448,0.0127238454288407,0.0128888888888888,0.0192419825072886,0.0586297760210803,-0.1150442477876105,0.0424143556280587,-0.0285714285714285,-0.0395256916996047,-0.0962566844919786,-0.1118012422360248,0.0696132596685084,-0.056701030927835,-0.0614657210401891,-0.0823717663792337,-0.1089434753879612,-0.0153173666189214,-0.1463084300303818,-0.1640554873314206,-0.0945945945945946,Consumer Staples,30.0,3.0,66,7.382746449738912,1813.0,1518.0,8.833899942908635,6.9930151229329605,8.81001204797317,6.968850378341948
CPB,2011Q4,2011,Q4,0,0,0,1,2161.0,854.0,1307.0,436.0,406.0,479.0,416.0,388.0,265.0,30.0,295.0,6948.0,1161.0,6862.0,1088.0,0.0138824618232299,0.1878759833410458,0.3951874132346136,0.1925034706154558,0.1226284127718648,34.0,33.0,31.0,31.0,35.0,31.0,28.0,29.0,31.0,27.0,27.0,29.0,0.0211574362165525,0.0182018753447324,0.0145745181006111,0.0142725598526703,0.022945046714666035,0.0172031076581576,0.0130051091500232,0.0131638674534725,0.0202879581151832,0.0160142348754448,0.0127238454288407,0.0128888888888888,-0.0050644567219152,-0.050179211469534,-0.0447427293064877,-0.032258064516129,-0.0589390962671905,-0.063063063063063,-0.0628019323671497,0.0226917057902973,-0.0263788968824939,-0.031111111111111,-0.027332029675628,-0.0214229356912435,-0.0398802443561736,-0.0582938329352027,-0.0453443994964497,-0.0483870967741935,Consumer Staples,30.0,4.0,67,7.6787889981991535,1607.0,2172.0,8.846353043314327,7.057897937411856,8.833899942908635,6.9930151229329605
CPB,2012Q1,2012,Q1,1,0,0,0,2112.0,811.0,1301.0,478.0,449.0,390.0,329.0,303.0,205.0,29.0,234.0,6665.0,1195.0,6948.0,1161.0,0.0137310606060606,0.2125946969696969,0.3839962121212121,0.1557765151515151,0.0970643939393939,30.0,34.0,33.0,31.0,31.0,35.0,31.0,28.0,29.0,31.0,27.0,27.0,0.0138824618232299,0.0211574362165525,0.0182018753447324,0.0145745181006111,0.0142725598526703,0.02295036132308366,0.0172031076581576,0.0130051091500232,0.0131638674534725,0.0202879581151832,0.0160142348754448,0.0127238454288407,-0.007052186177715,-0.1422594142259414,-0.0322195704057278,-0.0645161290322581,-0.0780141843971631,-0.0835654596100278,-0.0762195121951219,0.0093095422808378,0.0089887640449437,-0.0020876826722338,-0.0578720674486803,0.0161548774259447,-0.0253461298546322,-0.0770566915674854,-0.1361675066565234,-0.1333333333333333,Consumer Staples,30.0,1.0,68,7.655864017616056,2161.0,2127.0,8.804775258867686,7.086737934510577,8.846353043314327,7.057897937411856
CPB,2012Q2,2012,Q2,0,1,0,0,1821.0,706.0,1115.0,432.0,400.0,329.0,264.0,237.0,177.0,32.0,209.0,6492.0,1272.0,6665.0,1195.0,0.0175727622185612,0.2196595277320153,0.3876990664470071,0.1449752883031301,0.0971993410214168,29.0,30.0,34.0,33.0,31.0,31.0,35.0,31.0,28.0,29.0,31.0,27.0,0.0137310606060606,0.0138824618232299,0.0211574362165525,0.0182018753447324,0.0145745181006111,0.0142725598526703,0.022955675931501284,0.0172031076581576,0.0130051091500232,0.0131638674534725,0.0202879581151832,0.0160142348754448,0.0044125758411472,-0.053475935828877,-0.0355191256830601,-0.0303030303030302,-0.1155913978494623,-0.1400651465798045,-0.1625441696113074,0.0314523589269195,0.0230179028132992,0.016470588235294,-0.0345630938711664,0.0185235902254319,-0.0397562739502405,-0.1438430042554561,-0.0576341964073332,-0.05,Consumer Staples,30.0,2.0,69,7.507690077819904,2112.0,1813.0,8.778479952508487,7.149131598557407,8.804775258867686,7.086737934510577
CPB,2012Q3,2012,Q3,0,0,1,0,1613.0,621.0,992.0,408.0,376.0,276.0,203.0,178.0,127.0,34.0,161.0,6530.0,898.0,6492.0,1272.0,0.0210787352758834,0.2331060136391816,0.3849969001859888,0.1258524488530688,0.0787352758834469,32.0,29.0,30.0,34.0,33.0,31.0,31.0,35.0,31.0,28.0,29.0,31.0,0.0175727622185612,0.0137310606060606,0.0138824618232299,0.0211574362165525,0.0182018753447324,0.0145745181006111,0.0142725598526703,0.022960990539918902,0.0172031076581576,0.0130051091500232,0.0131638674534725,0.0202879581151832,0.0037336652146857,0.27,-0.028169014084507,0.0,0.1358024691358024,0.2011834319526626,0.2447552447552448,0.0247933884297519,0.0273224043715847,0.0277078085642317,-0.0037197768133913,0.0235009943119259,-0.0317840084524504,0.1967152976738555,0.265275883446993,0.2014925373134328,Consumer Staples,30.0,3.0,70,7.3864708488298945,1821.0,1607.0,8.784315349902657,6.80128303447162,8.778479952508487,7.149131598557407
CPB,2012Q4,2012,Q4,0,0,0,1,2205.0,821.0,1384.0,418.0,391.0,466.0,368.0,335.0,245.0,27.0,272.0,8747.0,1099.0,6530.0,898.0,0.0122448979591836,0.1773242630385487,0.3723356009070295,0.1668934240362811,0.1111111111111111,34.0,32.0,29.0,30.0,34.0,33.0,31.0,31.0,35.0,31.0,28.0,29.0,0.0210787352758834,0.0175727622185612,0.0137310606060606,0.0138824618232299,0.0211574362165525,0.0182018753447324,0.0145745181006111,0.0142725598526703,0.022966305148336526,0.0172031076581576,0.0130051091500232,0.0131638674534725,0.0203609440074039,-0.0754716981132075,-0.0386416861826698,-0.0999999999999999,-0.0271398747390396,-0.1153846153846154,-0.1365979381443298,0.0589135424636573,-0.0369458128078817,-0.0412844036697247,-0.1179591836734694,-0.0561632206248672,-0.0578252534425166,-0.1330368044653759,-0.0939203354297695,-0.0779661016949152,Consumer Staples,30.0,4.0,71,7.698936199813447,1613.0,2161.0,9.076580381796658,7.003065458786462,8.784315349902657,6.80128303447162
CPB,2013Q1,2013,Q1,1,0,0,0,2162.0,762.0,1400.0,470.0,438.0,398.0,277.0,246.0,190.0,32.0,222.0,8593.0,1160.0,8747.0,1099.0,0.0148011100832562,0.2025901942645698,0.3524514338575393,0.1281221091581868,0.0878815911193339,27.0,34.0,32.0,29.0,30.0,34.0,33.0,31.0,31.0,35.0,31.0,28.0,0.0122448979591836,0.0210787352758834,0.0175727622185612,0.0137310606060606,0.0138824618232299,0.0211574362165525,0.0182018753447324,0.0145745181006111,0.0142725598526703,0.02297161975675415,0.0172031076581576,0.0130051091500232,0.0236742424242424,-0.073170731707317,-0.0604192355117139,0.1034482758620689,0.0205128205128204,-0.1580547112462006,-0.188118811881188,0.0760953112990008,-0.0244988864142539,-0.0167364016736402,0.0779291205461099,-0.047059041677569,-0.082148670398122,-0.1775261564070192,-0.0946052661266667,-0.0512820512820513,Consumer Staples,30.0,1.0,72,7.679251425953058,2205.0,2112.0,9.058819564334941,7.057036981697891,9.076580381796658,7.003065458786462
CPB,2013Q2,2013,Q2,0,1,0,0,1962.0,706.0,1256.0,444.0,409.0,356.0,257.0,226.0,181.0,35.0,216.0,8453.0,1317.0,8593.0,1160.0,0.0178389398572884,0.2084607543323139,0.3598369011213048,0.1309887869520897,0.0922528032619775,32.0,27.0,34.0,32.0,29.0,30.0,34.0,33.0,31.0,31.0,35.0,31.0,0.0148011100832562,0.0122448979591836,0.0210787352758834,0.0175727622185612,0.0137310606060606,0.0138824618232299,0.0211574362165525,0.0182018753447324,0.0145745181006111,0.0142725598526703,0.02297693436517177,0.0172031076581576,0.0774299835255354,0.0225988700564971,0.0,0.09375,0.0820668693009119,-0.0265151515151514,-0.0464135021097046,0.126457399103139,0.0224999999999999,0.0277777777777776,0.0151471712538227,-0.0509824159021408,-0.0718654434250765,-0.0964750718191084,-0.0508906511860951,0.0334928229665072,Consumer Staples,30.0,2.0,73,7.5822291942764615,2162.0,1821.0,9.042394981126735,7.183870715062453,9.058819564334941,7.057036981697891
CPB,2013Q3,2013,Q3,0,0,1,0,1289.0,480.0,809.0,347.0,305.0,211.0,122.0,92.0,-158.0,28.0,-130.0,8323.0,1217.0,8453.0,1317.0,0.021722265321955,0.2366175329712956,0.3723816912335143,0.0946470131885182,-0.1225756400310318,35.0,32.0,27.0,34.0,32.0,29.0,30.0,34.0,33.0,31.0,31.0,35.0,0.0178389398572884,0.0148011100832562,0.0122448979591836,0.0210787352758834,0.0175727622185612,0.0137310606060606,0.0138824618232299,0.0211574362165525,0.0182018753447324,0.0145745181006111,0.0142725598526703,0.022982248973589393,-0.2008679479231245,-2.2440944881889764,-0.2270531400966183,-0.1764705882352941,-0.2355072463768116,-0.3990147783251231,-0.4831460674157303,-0.1844758064516128,-0.1888297872340425,-0.1495098039215686,0.0305298224798067,0.0150640443688823,-0.032767040322611,-0.2479525503789167,-2.556807144646097,-1.8074534161490683,Consumer Staples,30.0,3.0,74,7.162397497355718,1962.0,1613.0,9.026898187513526,7.1049654482698426,9.042394981126735,7.183870715062453
CPB,2013Q4,2013,Q4,0,0,0,1,2165.0,777.0,1388.0,440.0,409.0,379.0,305.0,275.0,172.0,31.0,203.0,9055.0,1349.0,8323.0,1217.0,0.0143187066974595,0.1889145496535796,0.3588914549653579,0.1408775981524249,0.0794457274826789,28.0,35.0,32.0,27.0,34.0,32.0,29.0,30.0,34.0,33.0,31.0,31.0,0.021722265321955,0.0178389398572884,0.0148011100832562,0.0122448979591836,0.0210787352758834,0.0175727622185612,0.0137310606060606,0.0138824618232299,0.0211574362165525,0.0182018753447324,0.0145745181006111,0.0142725598526703,-0.0181405895691609,-0.2979591836734694,-0.0535931790499391,0.1481481481481481,-0.186695278969957,-0.171195652173913,-0.1791044776119402,0.0028901734104045,0.0460358056265983,0.0526315789473683,0.1693610469591993,0.0653621022663508,-0.0361076026813468,-0.1558828697660407,-0.2849884526558891,-0.2536764705882353,Consumer Staples,30.0,4.0,75,7.680637427560936,1289.0,2205.0,9.111182800442965,7.2078598714324755,9.026898187513526,7.1049654482698426
CPB,2014Q1,2014,Q1,1,0,0,0,2281.0,814.0,1467.0,437.0,410.0,435.0,361.0,332.0,325.0,27.0,352.0,8119.0,1410.0,9055.0,1349.0,0.0118369136343708,0.1797457255589653,0.3568610258658483,0.1582639193336256,0.142481367821131,31.0,28.0,35.0,32.0,27.0,34.0,32.0,29.0,30.0,34.0,33.0,31.0,0.0143187066974595,0.021722265321955,0.0178389398572884,0.0148011100832562,0.0122448979591836,0.0210787352758834,0.0175727622185612,0.0137310606060606,0.0138824618232299,0.0211574362165525,0.0182018753447324,0.0145745181006111,0.0550416281221091,0.7105263157894737,0.0682414698162729,-0.15625,0.0929648241206029,0.3032490974729243,0.3495934959349593,0.0478571428571428,-0.0639269406392694,-0.0702127659574468,-0.2002685225778168,-0.1127619665331435,0.0125112046220001,0.2352584606472871,0.6212879854172915,0.5855855855855856,Consumer Staples,30.0,1.0,76,7.732807530422021,2165.0,2162.0,9.002085433155724,7.252053951852814,9.111182800442965,7.2078598714324755
CPB,2014Q2,2014,Q2,0,1,0,0,1970.0,676.0,1294.0,381.0,351.0,366.0,292.0,262.0,184.0,30.0,214.0,7964.0,1602.0,8119.0,1410.0,0.015228426395939,0.1781725888324873,0.3431472081218274,0.1482233502538071,0.0934010152284263,27.0,31.0,28.0,35.0,32.0,27.0,34.0,32.0,29.0,30.0,34.0,33.0,0.0118369136343708,0.0143187066974595,0.021722265321955,0.0178389398572884,0.0148011100832562,0.0122448979591836,0.0210787352758834,0.0175727622185612,0.0137310606060606,0.0138824618232299,0.0211574362165525,0.0182018753447324,0.0040774719673801,0.0165745856353591,-0.0424929178470254,-0.1428571428571429,0.0280898876404493,0.1361867704280155,0.1592920353982301,0.0302547770700636,-0.1418092909535452,-0.1418918918918918,-0.1463379260333575,-0.1452943293659164,-0.0463812714801339,0.1315728139998815,0.0124463639678042,-0.0092592592592593,Consumer Staples,30.0,2.0,77,7.58629630715272,2281.0,1962.0,8.98281222234415,7.3796321526095525,9.002085433155724,7.252053951852814
CPB,2014Q3,2014,Q3,0,0,1,0,1852.0,631.0,1221.0,389.0,338.0,317.0,234.0,204.0,137.0,33.0,170.0,8113.0,1615.0,7964.0,1602.0,0.0178185745140388,0.1825053995680345,0.3407127429805615,0.1263498920086393,0.0739740820734341,30.0,27.0,31.0,28.0,35.0,32.0,27.0,34.0,32.0,29.0,30.0,34.0,0.015228426395939,0.0118369136343708,0.0143187066974595,0.021722265321955,0.0178389398572884,0.0148011100832562,0.0122448979591836,0.0210787352758834,0.0175727622185612,0.0137310606060606,0.0138824618232299,0.0211574362165525,0.4367726920093095,-1.8670886075949369,0.3145833333333334,0.1785714285714286,0.5023696682464456,0.9180327868852458,1.2173913043478262,0.5092707045735476,0.1081967213114754,0.1210374639769451,-0.1797091946929959,-0.2286902949403393,-0.0850443214542836,0.3349591049109512,-1.603497416409219,-2.3076923076923075,Consumer Staples,30.0,3.0,78,7.52456122628536,1970.0,1289.0,9.001346243766392,7.38770923908104,8.98281222234415,7.3796321526095525
CPB,2014Q4,2014,Q4,0,0,0,1,2255.0,795.0,1460.0,402.0,374.0,464.0,389.0,364.0,248.0,28.0,276.0,8297.0,1618.0,8113.0,1615.0,0.0124168514412416,0.1658536585365853,0.352549889135255,0.1725055432372505,0.1099778270509977,33.0,30.0,27.0,31.0,28.0,35.0,32.0,27.0,34.0,32.0,29.0,30.0,0.0178185745140388,0.015228426395939,0.0118369136343708,0.0143187066974595,0.021722265321955,0.0178389398572884,0.0148011100832562,0.0122448979591836,0.0210787352758834,0.0175727622185612,0.0137310606060606,0.0138824618232299,0.0415704387990762,0.4418604651162789,0.0231660231660231,-0.0967741935483871,0.2242744063324537,0.2754098360655737,0.3236363636363637,0.0518731988472622,-0.0855745721271393,-0.0863636363636363,-0.1328231170874758,-0.1220704872085395,-0.0176698713284079,0.2245065610119587,0.3843139277058733,0.3596059113300491,Consumer Staples,30.0,4.0,79,7.721348612617949,1852.0,2165.0,9.023769800892813,7.389563953677635,9.001346243766392,7.38770923908104
CPB,2015Q1,2015,Q1,1,0,0,0,2234.0,743.0,1491.0,399.0,374.0,411.0,337.0,312.0,222.0,25.0,247.0,7903.0,1526.0,8297.0,1618.0,0.0111906893464637,0.1674127126230976,0.3325872873769024,0.1508504923903312,0.099373321396598,28.0,33.0,30.0,27.0,31.0,28.0,35.0,32.0,27.0,34.0,32.0,29.0,0.0124168514412416,0.0178185745140388,0.015228426395939,0.0118369136343708,0.0143187066974595,0.021722265321955,0.0178389398572884,0.0148011100832562,0.0122448979591836,0.0210787352758834,0.0175727622185612,0.0137310606060606,-0.0206049978079789,-0.316923076923077,-0.0872235872235872,-0.074074074074074,-0.0551724137931034,-0.0664819944598338,-0.0602409638554216,0.016359918200409,-0.0878048780487804,-0.0869565217391304,-0.0545939852117113,-0.0686136646505228,-0.0680201443406457,-0.0468421796610926,-0.3025521658287996,-0.2982954545454546,Consumer Staples,30.0,1.0,80,7.711996507047669,2255.0,2281.0,8.975124239427704,7.3310603052186325,9.023769800892813,7.389563953677635
CPB,2015Q2,2015,Q2,0,1,0,0,1900.0,682.0,1218.0,385.0,355.0,359.0,285.0,257.0,179.0,30.0,209.0,7759.0,1597.0,7903.0,1526.0,0.0157894736842105,0.1868421052631579,0.3589473684210526,0.15,0.0942105263157894,25.0,28.0,33.0,30.0,27.0,31.0,28.0,35.0,32.0,27.0,34.0,32.0,0.0111906893464637,0.0124168514412416,0.0178185745140388,0.015228426395939,0.0118369136343708,0.0143187066974595,0.021722265321955,0.0178389398572884,0.0148011100832562,0.0122448979591836,0.0210787352758834,0.0175727622185612,-0.0355329949238578,-0.0271739130434782,0.0088757396449703,0.0,-0.0191256830601093,-0.023972602739726,-0.0190839694656488,-0.0587326120556414,0.0113960113960114,0.010498687664042,0.0368421052631577,0.0486579697106011,0.0460448458424167,0.0119863013698628,0.0086670480549198,-0.0233644859813083,Consumer Staples,30.0,2.0,81,7.550135342488429,2234.0,1970.0,8.956737613177264,7.37650812632622,8.975124239427704,7.3310603052186325
CPB,2015Q3,2015,Q3,0,0,1,0,1693.0,612.0,1081.0,398.0,353.0,208.0,128.0,101.0,68.0,28.0,96.0,8077.0,1381.0,7759.0,1597.0,0.0165386887182516,0.2085056113408151,0.3614884819846427,0.0756054341405788,0.0401653868871825,30.0,25.0,28.0,33.0,30.0,27.0,31.0,28.0,35.0,32.0,27.0,34.0,0.0157894736842105,0.0111906893464637,0.0124168514412416,0.0178185745140388,0.015228426395939,0.0118369136343708,0.0143187066974595,0.021722265321955,0.0178389398572884,0.0148011100832562,0.0122448979591836,0.0210787352758834,-0.08585313174946,-0.5036496350364963,-0.0301109350237718,-0.1515151515151515,-0.3438485804416403,-0.4529914529914529,-0.5049019607843137,-0.1146601146601146,0.0443786982248519,0.0231362467866322,-0.0718287422363028,0.1424626988260049,0.0609772878534995,-0.4016185297933673,-0.4570343320068465,-0.4352941176470588,Consumer Staples,30.0,3.0,82,7.434847875211999,1900.0,1852.0,8.996899596123358,7.231287004327616,8.956737613177264,7.37650812632622
CPB,2015Q4,2015,Q4,0,0,0,1,2203.0,755.0,1448.0,414.0,382.0,389.0,315.0,287.0,194.0,32.0,226.0,8304.0,1414.0,8077.0,1381.0,0.014525646845211,0.1733999092147072,0.3427144802541988,0.1429868361325465,0.0880617339990921,28.0,30.0,25.0,28.0,33.0,30.0,27.0,31.0,28.0,35.0,32.0,27.0,0.0165386887182516,0.0157894736842105,0.0111906893464637,0.0124168514412416,0.0178185745140388,0.015228426395939,0.0118369136343708,0.0143187066974595,0.021722265321955,0.0178389398572884,0.0148011100832562,0.0122448979591836,-0.0230598669623059,-0.217741935483871,-0.050314465408805,0.1428571428571428,-0.1616379310344827,-0.1902313624678663,-0.2115384615384615,-0.0082191780821917,0.0213903743315508,0.0298507462686568,0.1698333441411064,0.0454994526180876,-0.0278979207884045,-0.1711174409282971,-0.1992773783550291,-0.1811594202898551,Consumer Staples,30.0,4.0,83,7.698029170272805,1693.0,2255.0,9.024613022047395,7.254884810077338,8.996899596123358,7.231287004327616
CPB,2016Q1,2016,Q1,1,0,0,0,2201.0,819.0,1382.0,392.0,369.0,492.0,414.0,387.0,265.0,23.0,288.0,8079.0,1526.0,8304.0,1414.0,0.0104497955474784,0.1676510676965016,0.372103589277601,0.1880963198546115,0.1203998182644252,32.0,28.0,30.0,25.0,28.0,33.0,30.0,27.0,31.0,28.0,35.0,32.0,0.014525646845211,0.0165386887182516,0.0157894736842105,0.0111906893464637,0.0124168514412416,0.0178185745140388,0.015228426395939,0.0118369136343708,0.0143187066974595,0.021722265321955,0.0178389398572884,0.0148011100832562,-0.0147717099373321,0.1936936936936937,0.1022880215343202,-0.0799999999999999,0.197080291970803,0.228486646884273,0.2403846153846154,-0.0731052984574111,-0.0133689839572193,-0.0175438596491228,-0.0662062698773284,0.001423757310119,0.1188148296718181,0.2469055743477808,0.2115909639762434,0.165991902834008,Consumer Staples,30.0,1.0,84,7.697121317282625,2203.0,2234.0,8.997147151515142,7.3310603052186325,9.024613022047395,7.254884810077338
CPB,2016Q2,2016,Q2,0,1,0,0,1870.0,660.0,1210.0,413.0,382.0,344.0,268.0,240.0,185.0,31.0,216.0,8081.0,1676.0,8079.0,1526.0,0.0165775401069518,0.2042780748663101,0.3529411764705882,0.1433155080213903,0.0989304812834224,23.0,32.0,28.0,30.0,25.0,28.0,33.0,30.0,27.0,31.0,28.0,35.0,0.0104497955474784,0.014525646845211,0.0165386887182516,0.0157894736842105,0.0111906893464637,0.0124168514412416,0.0178185745140388,0.015228426395939,0.0118369136343708,0.0143187066974595,0.021722265321955,0.0178389398572884,-0.0157894736842105,0.0335195530726257,-0.032258064516129,0.0333333333333334,-0.0417827298050139,-0.0596491228070175,-0.0661478599221789,-0.0065681444991789,0.0760563380281689,0.0727272727272727,0.0499108734402853,0.0933192739323642,-0.0167327928238743,-0.0445632798573975,0.0501000806620262,0.0334928229665072,Consumer Staples,30.0,2.0,85,7.534228326274089,2201.0,1900.0,8.997394645638419,7.424761761823209,8.997147151515142,7.3310603052186325
CPB,2016Q3,2016,Q3,0,0,1,0,1687.0,546.0,1141.0,459.0,401.0,43.0,-37.0,-65.0,-81.0,38.0,-43.0,7837.0,1525.0,8081.0,1676.0,0.0225251926496739,0.2377000592768227,0.3236514522821577,-0.0219324244220509,-0.0480142264374629,31.0,23.0,32.0,28.0,30.0,25.0,28.0,33.0,30.0,27.0,31.0,28.0,0.0165775401069518,0.0104497955474784,0.014525646845211,0.0165386887182516,0.0157894736842105,0.0111906893464637,0.0124168514412416,0.0178185745140388,0.015228426395939,0.0118369136343708,0.0143187066974595,0.021722265321955,-0.0035440047253396,-2.1911764705882355,-0.1078431372549019,0.3571428571428572,-0.7932692307692308,-1.2890625,-1.6435643564356437,0.0555041628122108,0.1359773371104815,0.1532663316582914,0.3619696841392159,0.1400175647469146,-0.1046700838011553,-1.2900905823947837,-2.1954130199797763,-1.4479166666666667,Consumer Staples,30.0,3.0,86,7.431299675155903,1870.0,1693.0,8.966738978759576,7.330405211844402,8.997394645638419,7.424761761823209
CPB,2016Q4,2016,Q4,0,0,0,1,2202.0,851.0,1351.0,387.0,355.0,534.0,457.0,429.0,292.0,27.0,319.0,8039.0,1589.0,7837.0,1525.0,0.0122615803814713,0.1612170753860127,0.3864668483197093,0.2075386012715713,0.1326067211625794,38.0,31.0,23.0,32.0,28.0,30.0,25.0,28.0,33.0,30.0,27.0,31.0,0.0225251926496739,0.0165775401069518,0.0104497955474784,0.014525646845211,0.0165386887182516,0.0157894736842105,0.0111906893464637,0.0124168514412416,0.0178185745140388,0.015228426395939,0.0118369136343708,0.0143187066974595,-0.0004539264639128,0.5051546391752577,0.1271523178807947,-0.15625,0.3727506426735218,0.4507936507936507,0.494773519163763,-0.066988950276243,-0.0706806282722513,-0.0652173913043477,-0.1558668256130789,-0.0702585940434921,0.1276641945010856,0.4514525034961003,0.5058381789750648,0.4115044247787611,Consumer Staples,30.0,4.0,87,7.697575346802343,1687.0,2203.0,8.992184362173012,7.371489295214277,8.966738978759576,7.330405211844402
CPB,2017Q1,2017,Q1,1,0,0,0,2171.0,811.0,1360.0,411.0,381.0,282.0,205.0,177.0,101.0,25.0,126.0,7570.0,1470.0,8039.0,1589.0,0.0115154306771073,0.1754951635191156,0.3735605711653615,0.09442653155228,0.0465223399355135,27.0,38.0,31.0,23.0,32.0,28.0,30.0,25.0,28.0,33.0,30.0,27.0,0.0122615803814713,0.0225251926496739,0.0165775401069518,0.0104497955474784,0.014525646845211,0.0165386887182516,0.0157894736842105,0.0111906893464637,0.0124168514412416,0.0178185745140388,0.015228426395939,0.0118369136343708,-0.0136301681054066,-0.6188679245283019,-0.0097680097680097,0.0869565217391303,-0.426829268292683,-0.5048309178743962,-0.5426356589147288,-0.0159189580318379,0.0325203252032519,0.0484693877551021,0.1019766487092703,0.0467882246763509,0.0039155276373148,-0.497988415587999,-0.6136012445356023,-0.5625,Consumer Staples,30.0,1.0,88,7.683403681053826,2202.0,2201.0,8.932080438103307,7.293697720601438,8.992184362173012,7.371489295214277
CPB,2017Q2,2017,Q2,0,1,0,0,1853.0,665.0,1188.0,387.0,354.0,378.0,298.0,270.0,176.0,28.0,204.0,7451.0,1481.0,7570.0,1470.0,0.0151106314085267,0.1910415542363734,0.3588774959525094,0.16082029141932,0.0949811117107393,25.0,27.0,38.0,31.0,23.0,32.0,28.0,30.0,25.0,28.0,33.0,30.0,0.0115154306771073,0.0122615803814713,0.0225251926496739,0.0165775401069518,0.0104497955474784,0.014525646845211,0.0165386887182516,0.0157894736842105,0.0111906893464637,0.0124168514412416,0.0178185745140388,0.015228426395939,-0.009090909090909,-0.0486486486486485,0.0075757575757575,-0.0967741935483871,0.0988372093023255,0.1119402985074626,0.125,-0.0181818181818181,-0.0732984293193717,-0.0629539951573849,-0.0884877182598402,-0.0647965800470724,0.0168195718654433,0.1221415856497329,-0.0399206545995538,-0.0555555555555555,Consumer Staples,30.0,2.0,89,7.5251007461258,2171.0,1870.0,8.916237731721479,7.301147805856032,8.932080438103307,7.293697720601438
CPB,2017Q3,2017,Q3,0,0,1,0,1664.0,715.0,949.0,268.0,229.0,524.0,440.0,417.0,318.0,20.0,338.0,7726.0,1637.0,7451.0,1481.0,0.0120192307692307,0.1376201923076923,0.4296875,0.2644230769230769,0.1911057692307692,28.0,25.0,27.0,38.0,31.0,23.0,32.0,28.0,30.0,25.0,28.0,33.0,0.0151106314085267,0.0115154306771073,0.0122615803814713,0.0225251926496739,0.0165775401069518,0.0104497955474784,0.014525646845211,0.0165386887182516,0.0157894736842105,0.0111906893464637,0.0124168514412416,0.0178185745140388,-0.0136336692353289,-4.925925925925926,0.3095238095238095,-0.4736842105263158,11.186046511627907,-12.891891891891891,-7.415384615384616,-0.1682734443470639,-0.428927680798005,-0.4161220043572985,-0.4664094129554655,-0.421034253309035,0.3276241987179487,-13.056262993762996,-4.980190527065527,-8.86046511627907,Consumer Staples,30.0,3.0,90,7.417580402414544,1853.0,1687.0,8.952475967933584,7.401231264413015,8.916237731721479,7.301147805856032
CPB,2017Q4,2017,Q4,0,0,0,1,2161.0,783.0,1378.0,402.0,368.0,494.0,412.0,382.0,275.0,30.0,305.0,7746.0,1681.0,7726.0,1637.0,0.0138824618232299,0.1702915316982878,0.3623322535863026,0.1906524757056918,0.1272559000462748,20.0,28.0,25.0,27.0,38.0,31.0,23.0,32.0,28.0,30.0,25.0,28.0,0.0120192307692307,0.0151106314085267,0.0115154306771073,0.0122615803814713,0.0225251926496739,0.0165775401069518,0.0104497955474784,0.014525646845211,0.0165386887182516,0.0157894736842105,0.0111906893464637,0.0124168514412416,-0.0186194368755676,-0.0582191780821917,-0.0799059929494712,0.1111111111111111,-0.0749063670411984,-0.098468271334792,-0.1095571095571095,0.0199851961509993,0.0366197183098591,0.0387596899224806,0.1321918864723121,0.0562871909848727,-0.0624493273830336,-0.0813637822671043,-0.0403510551304886,-0.0438871473354232,Consumer Staples,30.0,4.0,91,7.6787889981991535,1664.0,2202.0,8.955060950631902,7.427738840532894,8.952475967933584,7.401231264413015
CPB,2018Q1,2018,Q1,1,0,0,0,2180.0,766.0,1414.0,424.0,393.0,322.0,243.0,211.0,285.0,27.0,312.0,8336.0,1942.0,7746.0,1681.0,0.0123853211009174,0.1802752293577981,0.3513761467889908,0.1114678899082568,0.1307339449541284,30.0,20.0,28.0,25.0,27.0,38.0,31.0,23.0,32.0,28.0,30.0,25.0,0.0138824618232299,0.0120192307692307,0.0151106314085267,0.0115154306771073,0.0122615803814713,0.0225251926496739,0.0165775401069518,0.0104497955474784,0.014525646845211,0.0165386887182516,0.0157894736842105,0.0111906893464637,0.0041455550437585,1.8217821782178216,-0.0554870530209617,0.08,0.1418439716312056,0.1853658536585365,0.192090395480226,0.0397058823529412,0.0314960629921259,0.0316301703163017,0.0755412844036698,0.0272375930072961,-0.0593864183983982,0.180472141418662,1.810132618766464,1.4761904761904765,Consumer Staples,30.0,1.0,92,7.687538766201629,2161.0,2171.0,9.028458718410613,7.57198844937744,8.955060950631902,7.427738840532894
CPB,2018Q2,2018,Q2,0,1,0,0,1878.0,615.0,1263.0,404.0,373.0,263.0,158.0,116.0,-393.0,25.0,-368.0,14566.0,1404.0,8336.0,1942.0,0.0133120340788072,0.198615548455804,0.3274760383386581,0.0841320553780617,-0.2092651757188498,27.0,30.0,20.0,28.0,25.0,27.0,38.0,31.0,23.0,32.0,28.0,30.0,0.0123853211009174,0.0138824618232299,0.0120192307692307,0.0151106314085267,0.0115154306771073,0.0122615803814713,0.0225251926496739,0.0165775401069518,0.0104497955474784,0.014525646845211,0.0165386887182516,0.0157894736842105,0.0134916351861844,-3.2329545454545454,-0.075187969924812,-0.1071428571428571,-0.3042328042328042,-0.4697986577181208,-0.5703703703703704,0.0631313131313131,0.0536723163841807,0.0439276485788113,-0.1190286018560778,0.0396457946005788,-0.0874990991856639,-0.4768567160552065,-3.203229378449027,-2.803921568627451,Consumer Staples,30.0,2.0,93,7.538494999413465,2180.0,1853.0,9.586513975448948,7.247792581767846,9.028458718410613,7.57198844937744
CPB,2018Q3,2018,Q3,0,0,1,0,2219.0,649.0,1570.0,442.0,400.0,417.0,289.0,196.0,94.0,26.0,120.0,14529.0,1364.0,14566.0,1404.0,0.0117169896349707,0.1802613789995493,0.2924740874267688,0.1302388463271744,0.0423614240648941,25.0,27.0,30.0,20.0,28.0,25.0,27.0,38.0,31.0,23.0,32.0,28.0,0.0133120340788072,0.0123853211009174,0.0138824618232299,0.0120192307692307,0.0151106314085267,0.0115154306771073,0.0122615803814713,0.0225251926496739,0.0165775401069518,0.0104497955474784,0.014525646845211,0.0165386887182516,0.3335336538461537,-0.7044025157232705,-0.0923076923076923,0.3,-0.2041984732824427,-0.3431818181818181,-0.5299760191846523,0.6543730242360379,0.7467248908296944,0.6492537313432836,-0.0251464623704372,0.3098468762237996,-0.3193330328977016,-0.5074603629808678,-0.7783351897987931,-0.6449704142011834,Consumer Staples,30.0,3.0,94,7.705262474866325,1878.0,1664.0,9.583970756564328,7.21890970761906,9.586513975448948,7.247792581767846
CPB,2018Q4,2018,Q4,0,0,0,1,2202.0,726.0,1476.0,393.0,359.0,448.0,326.0,236.0,194.0,23.0,217.0,14587.0,1406.0,14529.0,1364.0,0.0104450499545867,0.1630336058128973,0.329700272479564,0.148047229791099,0.0881017257039055,26.0,25.0,27.0,30.0,20.0,28.0,25.0,27.0,38.0,31.0,23.0,32.0,0.0117169896349707,0.0133120340788072,0.0123853211009174,0.0138824618232299,0.0120192307692307,0.0151106314085267,0.0115154306771073,0.0122615803814713,0.0225251926496739,0.0165775401069518,0.0104497955474784,0.014525646845211,0.018972697825081,-0.2945454545454545,-0.0727969348659003,-0.2333333333333332,-0.0931174089068825,-0.2087378640776699,-0.3821989528795811,0.0711175616835995,-0.0244565217391304,-0.0223880597014924,-0.2476082349379352,-0.0426205919519805,-0.0900609338079976,-0.2234707194695026,-0.3076806209231277,-0.2885245901639344,Consumer Staples,30.0,4.0,95,7.697575346802343,2219.0,2161.0,9.58795455192857,7.249215057114389,9.583970756564328,7.21890970761906
CPB,2019Q1,2019,Q1,1,0,0,0,2172.0,706.0,1466.0,399.0,367.0,444.0,325.0,234.0,-59.0,20.0,-39.0,14024.0,1269.0,14587.0,1406.0,0.009208103130755,0.1689686924493554,0.3250460405156538,0.1496316758747698,-0.0271639042357274,23.0,26.0,25.0,27.0,30.0,20.0,28.0,25.0,27.0,38.0,31.0,23.0,0.0104450499545867,0.0117169896349707,0.0133120340788072,0.0123853211009174,0.0138824618232299,0.0120192307692307,0.0151106314085267,0.0115154306771073,0.0122615803814713,0.0225251926496739,0.0165775401069518,0.0104497955474784,-0.0036697247706422,-1.207017543859649,-0.0783289817232375,-0.2592592592592593,0.3788819875776397,0.3374485596707819,0.1090047393364928,0.0367751060820367,-0.0661577608142494,-0.0589622641509434,-0.2565309324057021,-0.0627181945557382,-0.0749342450076694,0.3423747053785932,-1.2077800394171432,-1.125,Consumer Staples,30.0,1.0,96,7.6838639802564295,2202.0,2180.0,9.548596730390898,7.146772179452637,9.58795455192857,7.249215057114389
CPB,2019Q2,2019,Q2,0,1,0,0,1953.0,655.0,1298.0,429.0,393.0,353.0,245.0,156.0,84.0,23.0,107.0,13768.0,1228.0,14024.0,1269.0,0.0117767537122375,0.2012288786482335,0.3353814644137224,0.1254480286738351,0.043010752688172,20.0,23.0,26.0,25.0,27.0,30.0,20.0,28.0,25.0,27.0,38.0,31.0,0.009208103130755,0.0104450499545867,0.0117169896349707,0.0133120340788072,0.0123853211009174,0.0138824618232299,0.0120192307692307,0.0151106314085267,0.0115154306771073,0.0122615803814713,0.0225251926496739,0.0165775401069518,0.0399361022364217,-1.213740458015267,0.0650406504065039,-0.0799999999999999,0.3422053231939164,0.5506329113924051,0.3448275862068966,0.0277117973079967,0.0536193029490617,0.0618811881188119,-0.1153302611367127,0.0131577321752882,0.0241404718194646,0.4910847965155844,-1.2055322991053108,-1.2907608695652173,Consumer Staples,30.0,2.0,97,7.577633832602728,2172.0,1878.0,9.530174967444372,7.113956109566034,9.548596730390898,7.146772179452637
CPB,2019Q3,2019,Q3,0,0,1,0,978.0,345.0,633.0,222.0,194.0,65.0,-32.0,-109.0,-8.0,17.0,9.0,13148.0,1103.0,13768.0,1228.0,0.0173824130879345,0.1983640081799591,0.352760736196319,-0.032719836400818,-0.0081799591002045,23.0,20.0,23.0,26.0,25.0,27.0,30.0,20.0,28.0,25.0,27.0,38.0,0.0117767537122375,0.009208103130755,0.0104450499545867,0.0117169896349707,0.0133120340788072,0.0123853211009174,0.0138824618232299,0.0120192307692307,0.0151106314085267,0.0115154306771073,0.0122615803814713,0.0225251926496739,-0.5592609283461019,-1.0851063829787233,-0.4684129429892142,-0.3461538461538461,-0.8441247002398081,-1.1107266435986158,-1.556122448979592,-0.5968152866242038,-0.515,-0.497737556561086,0.4835221016202613,0.1004243353783231,0.2061264616635314,-1.251229470496246,-1.193099247269721,-0.925,Consumer Staples,30.0,3.0,98,6.88653164253051,1953.0,2219.0,9.484100989086919,7.00669522683704,9.530174967444372,7.113956109566034
CPB,2019Q4,2019,Q4,0,0,0,1,2183.0,738.0,1445.0,372.0,339.0,398.0,317.0,237.0,166.0,22.0,188.0,13110.0,1239.0,13148.0,1103.0,0.0100778744846541,0.1552908841044434,0.3380668804397618,0.1452130096197892,0.076042143838754,17.0,23.0,20.0,23.0,26.0,25.0,27.0,30.0,20.0,28.0,25.0,27.0,0.0173824130879345,0.0117767537122375,0.009208103130755,0.0104450499545867,0.0117169896349707,0.0133120340788072,0.0123853211009174,0.0138824618232299,0.0120192307692307,0.0151106314085267,0.0115154306771073,0.0122615803814713,-0.008628519527702,-0.1443298969072165,0.0165289256198346,-0.0434782608695651,-0.1116071428571429,-0.0276073619631901,0.0042372881355932,-0.0210027100271003,-0.0557103064066852,-0.0534351145038167,-0.0351530602083292,-0.0474915688078428,0.0253764059619221,-0.0191440270466993,-0.1368824704487818,-0.1336405529953916,Consumer Staples,30.0,4.0,99,7.688913336864796,978.0,2202.0,9.481206851499401,7.122866658599083,9.484100989086919,7.00669522683704
CPB,2020Q1,2020,Q1,1,0,0,0,2162.0,742.0,1420.0,407.0,374.0,431.0,350.0,204.0,1208.0,22.0,1230.0,11654.0,2494.0,13110.0,1239.0,0.0101757631822386,0.1729879740980573,0.3432007400555041,0.1618871415356151,0.5587419056429233,22.0,17.0,23.0,20.0,23.0,26.0,25.0,27.0,30.0,20.0,28.0,25.0,0.0100778744846541,0.0173824130879345,0.0117767537122375,0.009208103130755,0.0104450499545867,0.0117169896349707,0.0133120340788072,0.0123853211009174,0.0138824618232299,0.0120192307692307,0.0151106314085267,0.0115154306771073,-0.0046040515653775,-21.47457627118644,0.0509915014164306,0.1,-0.0292792792792793,0.0769230769230768,-0.1282051282051282,-0.0313778990450204,0.0190735694822887,0.0200501253132832,0.1050878815911191,0.0237871382588026,0.0558527017005028,0.0819042197395574,-21.569278289092026,-32.53846153846154,Consumer Staples,30.0,1.0,100,7.679251425953058,2183.0,2172.0,9.363490551469857,7.822044008185619,9.481206851499401,7.122866658599083
CPB,2020Q2,2020,Q2,0,1,0,0,2238.0,772.0,1466.0,483.0,447.0,352.0,273.0,218.0,168.0,25.0,193.0,12718.0,2575.0,11654.0,2494.0,0.0111706881143878,0.1997319034852546,0.3449508489722967,0.1219839142091152,0.0750670241286863,22.0,22.0,17.0,23.0,20.0,23.0,26.0,25.0,27.0,30.0,20.0,28.0,0.0101757631822386,0.0100778744846541,0.0173824130879345,0.0117767537122375,0.009208103130755,0.0104450499545867,0.0117169896349707,0.0133120340788072,0.0123853211009174,0.0138824618232299,0.0120192307692307,0.0151106314085267,0.1459293394777265,1.0,0.1786259541984733,0.0869565217391303,-0.0028328611898017,0.1142857142857143,0.3974358974358973,0.1294298921417565,0.1374045801526717,0.1258741258741258,-0.0514628744608929,-0.0074391666496121,0.0285328367067108,-0.0276139410187666,0.7453083109919569,0.8037383177570094,Consumer Staples,30.0,2.0,101,7.713784616598755,2162.0,1953.0,9.450852217451484,7.853993087224244,9.363490551469857,7.822044008185619
CPB,2020Q3,2020,Q3,0,0,1,0,2108.0,747.0,1361.0,485.0,451.0,254.0,167.0,107.0,86.0,24.0,110.0,12372.0,2563.0,12718.0,2575.0,0.0113851992409867,0.2139468690702087,0.3543643263757116,0.0792220113851992,0.040796963946869,25.0,22.0,22.0,17.0,23.0,20.0,23.0,26.0,25.0,27.0,30.0,20.0,0.0111706881143878,0.0101757631822386,0.0100778744846541,0.0173824130879345,0.0117767537122375,0.009208103130755,0.0104450499545867,0.0117169896349707,0.0133120340788072,0.0123853211009174,0.0138824618232299,0.0120192307692307,1.155419222903885,-11.75,1.1652173913043478,0.411764705882353,2.907692307692308,-6.21875,-1.981651376146789,1.1500789889415484,1.3247422680412373,1.1846846846846848,-0.3450161848420583,0.0785568966529079,0.0045458295520171,-3.4212227229601515,-5.987428842504743,11.22222222222222,Consumer Staples,30.0,3.0,102,7.653969180478774,2238.0,978.0,9.423271958213975,7.849323818040561,9.450852217451484,7.853993087224244
CPB,2020Q4,2020,Q4,0,0,0,1,2340.0,813.0,1527.0,379.0,349.0,537.0,461.0,406.0,309.0,20.0,329.0,12417.0,2769.0,12372.0,2563.0,0.0085470085470085,0.1491452991452991,0.3474358974358974,0.197008547008547,0.132051282051282,24.0,25.0,22.0,22.0,17.0,23.0,20.0,23.0,26.0,25.0,27.0,30.0,0.0113851992409867,0.0111706881143878,0.0101757631822386,0.0100778744846541,0.0173824130879345,0.0117767537122375,0.009208103130755,0.0104450499545867,0.0117169896349707,0.0133120340788072,0.0123853211009174,0.0138824618232299,0.0719193770041228,0.8614457831325302,0.1016260162601625,-0.0909090909090909,0.3492462311557789,0.4542586750788644,0.7130801687763713,0.0567474048442906,0.0294985250737462,0.0188172043010752,-0.1519036519036518,-0.0395746665658169,0.0277135014939893,0.3566866186740003,0.7365539079394503,0.75,Consumer Staples,30.0,4.0,103,7.75833346749091,2108.0,2183.0,9.426902311924838,7.926602599181384,9.423271958213975,7.849323818040561
CPB,2021Q1,2021,Q1,1,0,0,0,2279.0,783.0,1496.0,420.0,390.0,479.0,401.0,347.0,245.0,19.0,264.0,12498.0,2922.0,12417.0,2769.0,0.0083369899078543,0.1711276875822729,0.3435717419921018,0.175954365949978,0.1075032909170689,20.0,24.0,25.0,22.0,22.0,17.0,23.0,20.0,23.0,26.0,25.0,27.0,0.0085470085470085,0.0113851992409867,0.0111706881143878,0.0101757631822386,0.0100778744846541,0.0173824130879345,0.0117767537122375,0.009208103130755,0.0104450499545867,0.0117169896349707,0.0133120340788072,0.0123853211009174,0.0541165587419056,-0.7971854304635762,0.0552560646900268,-0.1363636363636363,0.111368909512761,0.1457142857142856,0.7009803921568627,0.0535211267605633,0.0427807486631015,0.031941031941032,-0.1807012645099525,-0.0107538487891067,0.0010810056427548,0.0868952548110073,-0.8075975869514048,-0.7853658536585366,Consumer Staples,30.0,1.0,104,7.731930721948486,2340.0,2162.0,9.433403920090221,7.980365765111246,9.426902311924838,7.926602599181384
CPB,2021Q2,2021,Q2,0,1,0,0,1984.0,628.0,1356.0,387.0,355.0,351.0,272.0,219.0,160.0,22.0,182.0,11730.0,2993.0,12498.0,2922.0,0.0110887096774193,0.1789314516129032,0.3165322580645161,0.1370967741935483,0.0806451612903225,19.0,20.0,24.0,25.0,22.0,22.0,17.0,23.0,20.0,23.0,26.0,25.0,0.0083369899078543,0.0085470085470085,0.0113851992409867,0.0111706881143878,0.0101757631822386,0.0100778744846541,0.0173824130879345,0.0117767537122375,0.009208103130755,0.0104450499545867,0.0117169896349707,0.0133120340788072,-0.1134941912421805,-0.0476190476190476,-0.1865284974093264,-0.12,-0.002840909090909,-0.0036630036630036,0.0045871559633028,-0.0750341064120054,-0.2058165548098434,-0.1987577639751553,-0.0073387096774193,-0.1041418597098938,-0.0823844643155607,0.1238922367954624,0.0743087557603687,-0.0569948186528497,Consumer Staples,30.0,2.0,105,7.59337419312129,2279.0,2238.0,9.369990189505721,8.004365564979574,9.433403920090221,7.980365765111246
CPB,2021Q3,2021,Q3,0,0,1,0,1873.0,587.0,1286.0,355.0,321.0,495.0,411.0,364.0,288.0,23.0,311.0,11734.0,3152.0,11730.0,2993.0,0.0122797650827549,0.1713828083288841,0.3134009610250934,0.2194340630005339,0.1537640149492792,22.0,19.0,20.0,24.0,25.0,22.0,22.0,17.0,23.0,20.0,23.0,26.0,0.0110887096774193,0.0083369899078543,0.0085470085470085,0.0113851992409867,0.0111706881143878,0.0101757631822386,0.0100778744846541,0.0173824130879345,0.0117767537122375,0.009208103130755,0.0104450499545867,0.0117169896349707,-0.1114800759013282,2.3488372093023258,-0.214190093708166,-0.0416666666666666,0.9488188976377954,1.4610778443113772,2.4018691588785046,-0.0551065393093314,-0.2882483370288248,-0.2680412371134021,0.078572699768642,-0.1989468737088963,-0.1155967525556935,1.769862304222308,2.7690063199195425,1.8272727272727272,Consumer Staples,30.0,3.0,106,7.535830462798367,1984.0,2108.0,9.370331108285123,8.056109659545061,9.369990189505721,8.004365564979574
CPB,2021Q4,2021,Q4,0,0,0,1,2236.0,722.0,1514.0,358.0,326.0,459.0,376.0,329.0,261.0,21.0,282.0,11899.0,3235.0,11734.0,3152.0,0.0093917710196779,0.1457960644007155,0.3228980322003578,0.1681574239713774,0.1167262969588551,23.0,22.0,19.0,20.0,24.0,25.0,22.0,22.0,17.0,23.0,20.0,23.0,0.0122797650827549,0.0110887096774193,0.0083369899078543,0.0085470085470085,0.0113851992409867,0.0111706881143878,0.0101757631822386,0.0100778744846541,0.0173824130879345,0.0117767537122375,0.009208103130755,0.0104450499545867,-0.0444444444444444,-0.1553398058252427,-0.1119311193111931,0.05,-0.1452513966480446,-0.1843817787418655,-0.1896551724137931,-0.0085134250163719,-0.0659025787965615,-0.0554089709762533,0.0988372093023255,-0.0224561871126806,-0.07062558997683,-0.1464460475205569,-0.1160532851659517,-0.1428571428571429,Consumer Staples,30.0,4.0,107,7.71289096149013,1873.0,2340.0,9.38429367909962,8.082093278178382,9.370331108285123,8.056109659545061
CPB,2022Q1,2022,Q1,1,0,0,0,2209.0,669.0,1540.0,375.0,344.0,406.0,323.0,277.0,212.0,21.0,233.0,11991.0,3350.0,11899.0,3235.0,0.0095065640561339,0.1557265731100045,0.3028519692168402,0.1462200090538705,0.0959710276143051,21.0,23.0,22.0,19.0,20.0,24.0,25.0,22.0,22.0,17.0,23.0,20.0,0.0093917710196779,0.0122797650827549,0.0110887096774193,0.0083369899078543,0.0085470085470085,0.0113851992409867,0.0111706881143878,0.0101757631822386,0.0100778744846541,0.0173824130879345,0.0117767537122375,0.009208103130755,-0.0307152259763053,-0.1346938775510203,-0.1455938697318007,0.1052631578947369,-0.1524008350730689,-0.1945137157107231,-0.201729106628242,0.0294117647058822,-0.1179487179487179,-0.1071428571428571,0.1402873412594409,-0.0899977945699991,-0.1185189810406399,-0.1689890258509453,-0.1072735839469332,-0.1174242424242424,Consumer Staples,30.0,1.0,108,7.700747794511798,2236.0,2279.0,9.391995039782433,8.11701408773731,9.38429367909962,8.082093278178382
CPB,2022Q2,2022,Q2,0,1,0,0,2130.0,665.0,1465.0,371.0,339.0,379.0,294.0,244.0,188.0,22.0,210.0,11847.0,3393.0,11991.0,3350.0,0.0103286384976525,0.1591549295774648,0.312206572769953,0.1380281690140845,0.088262910798122,21.0,21.0,23.0,22.0,19.0,20.0,24.0,25.0,22.0,22.0,17.0,23.0,0.0095065640561339,0.0093917710196779,0.0122797650827549,0.0110887096774193,0.0083369899078543,0.0085470085470085,0.0113851992409867,0.0111706881143878,0.0101757631822386,0.0100778744846541,0.0173824130879345,0.0117767537122375,0.0735887096774192,0.175,0.0589171974522293,0.0,0.0797720797720797,0.0808823529411764,0.1141552511415524,0.0803834808259587,-0.0450704225352113,-0.041343669250646,-0.0685446009389671,-0.1105256893473516,-0.0136658592745432,0.0067937033968519,0.0944600938967137,0.1538461538461537,Consumer Staples,30.0,2.0,109,7.664346632098617,2209.0,1984.0,9.379914355947635,8.129764445794171,9.391995039782433,8.11701408773731
CPB,2022Q3,2022,Q3,0,0,1,0,1987.0,571.0,1416.0,375.0,342.0,256.0,170.0,125.0,96.0,23.0,119.0,11892.0,3331.0,11847.0,3393.0,0.01157523905385,0.1721187720181177,0.2873678912934072,0.085556114745848,0.0483140412682435,22.0,21.0,21.0,23.0,22.0,19.0,20.0,24.0,25.0,22.0,22.0,17.0,0.0103286384976525,0.0095065640561339,0.0093917710196779,0.0122797650827549,0.0110887096774193,0.0083369899078543,0.0085470085470085,0.0113851992409867,0.0111706881143878,0.0101757631822386,0.0100778744846541,0.0173824130879345,0.0608649225840896,-0.6666666666666667,-0.0272572402044293,0.0,-0.4828282828282828,-0.586374695863747,-0.6565934065934066,0.1010886469673406,0.0654205607476634,0.056338028169014,-0.0573729240060393,0.0042942678814161,-0.0830663366396052,-0.6101055890049311,-0.6857909746686798,-0.617363344051447,Consumer Staples,30.0,3.0,110,7.59488438721652,2130.0,1873.0,9.383705270727246,8.111328003286733,9.379914355947635,8.129764445794171
CPB,2022Q4,2022,Q4,0,0,0,1,2575.0,834.0,1741.0,383.0,362.0,527.0,436.0,390.0,297.0,21.0,318.0,12177.0,3467.0,11892.0,3331.0,0.0081553398058252,0.1405825242718446,0.3238834951456311,0.1693203883495145,0.1153398058252427,23.0,22.0,21.0,21.0,23.0,22.0,19.0,20.0,24.0,25.0,22.0,22.0,0.01157523905385,0.0103286384976525,0.0095065640561339,0.0093917710196779,0.0122797650827549,0.0110887096774193,0.0083369899078543,0.0085470085470085,0.0113851992409867,0.0111706881143878,0.0101757631822386,0.0100778744846541,0.1516100178890875,0.1379310344827586,0.1551246537396122,0.0,0.1481481481481481,0.1595744680851063,0.1854103343465045,0.1499339498018495,0.1104294478527607,0.0698324022346368,-0.1316504854368932,-0.0357591280004765,0.0030519323346691,0.006915926461475,-0.0118781386006026,0.127659574468085,Consumer Staples,30.0,4.0,111,7.853993087224244,1987.0,2236.0,9.40738632416852,8.151333337900432,9.383705270727246,8.111328003286733
CPB,2023Q1,2023,Q1,1,0,0,0,2485.0,759.0,1726.0,410.0,379.0,435.0,350.0,305.0,232.0,21.0,253.0,11967.0,3599.0,12177.0,3467.0,0.0084507042253521,0.1525150905432595,0.3054325955734406,0.1408450704225352,0.0933601609657947,21.0,23.0,22.0,21.0,21.0,23.0,22.0,19.0,20.0,24.0,25.0,22.0,0.0081553398058252,0.01157523905385,0.0103286384976525,0.0095065640561339,0.0093917710196779,0.0122797650827549,0.0110887096774193,0.0083369899078543,0.0085470085470085,0.0113851992409867,0.0111706881143878,0.0101757631822386,0.1249434133091897,0.0943396226415094,0.1345291479820627,0.0,0.0714285714285714,0.0835913312693499,0.1010830324909748,0.1207792207792208,0.1017441860465115,0.0933333333333332,-0.1110663983903421,-0.0206225726451734,0.0085210816468317,-0.0367592552217328,-0.0272047378611289,0.0858369098712446,Consumer Staples,30.0,1.0,112,7.818430272070656,2575.0,2209.0,9.389991700214258,8.1886891244442,9.40738632416852,8.151333337900432
CPB,2023Q2,2023,Q2,0,1,0,0,2229.0,668.0,1561.0,395.0,361.0,362.0,254.0,208.0,160.0,24.0,184.0,12073.0,3586.0,11967.0,3599.0,0.0107671601615074,0.1619560340960071,0.2996859578286227,0.11395244504262,0.0717810677433826,21.0,21.0,23.0,22.0,21.0,21.0,23.0,22.0,19.0,20.0,24.0,25.0,0.0084507042253521,0.0081553398058252,0.01157523905385,0.0103286384976525,0.0095065640561339,0.0093917710196779,0.0122797650827549,0.0110887096774193,0.0083369899078543,0.0085470085470085,0.0113851992409867,0.0111706881143878,0.0464788732394365,-0.1489361702127659,0.0045112781954887,0.0909090909090908,-0.0448548812664907,-0.1360544217687075,-0.1475409836065574,0.0655290102389078,0.0648967551622419,0.0646900269541779,0.0424568701823075,0.0175998602492486,-0.0401036237970432,-0.1744261634667326,-0.1867357750350792,-0.1238095238095238,Consumer Staples,30.0,2.0,113,7.709756864454165,2485.0,2130.0,9.398809659356372,8.185071477532283,9.389991700214258,8.1886891244442
CPB,2023Q3,2023,Q3,0,0,1,0,2068.0,656.0,1412.0,409.0,366.0,375.0,272.0,225.0,169.0,26.0,195.0,12058.0,3661.0,12073.0,3586.0,0.0125725338491295,0.1769825918762089,0.3172147001934235,0.1315280464216634,0.0817214700193423,24.0,21.0,21.0,23.0,22.0,21.0,21.0,23.0,22.0,19.0,20.0,24.0,0.0107671601615074,0.0084507042253521,0.0081553398058252,0.01157523905385,0.0103286384976525,0.0095065640561339,0.0093917710196779,0.0122797650827549,0.0110887096774193,0.0083369899078543,0.0085470085470085,0.0113851992409867,0.0407649723200804,0.7604166666666667,0.1488616462346759,0.1304347826086955,0.46484375,0.6000000000000001,0.8,-0.0028248587570621,0.0701754385964912,0.0906666666666666,0.0861575981835001,0.0282585089415996,0.1038627132825438,0.5373307543520309,0.6914641763378466,0.6386554621848739,Consumer Staples,30.0,3.0,114,7.634820677745543,2229.0,1987.0,9.397566548103592,8.205764725234456,9.398809659356372,8.185071477532283
CPB,2023Q4,2023,Q4,0,0,0,1,2518.0,788.0,1730.0,421.0,380.0,454.0,673.0,310.0,234.0,24.0,258.0,12257.0,3755.0,12058.0,3661.0,0.0095313741064336,0.1509134233518665,0.3129467831612391,0.267275615567911,0.0929308975377283,26.0,24.0,21.0,21.0,23.0,22.0,21.0,21.0,23.0,22.0,19.0,20.0,0.0125725338491295,0.0107671601615074,0.0084507042253521,0.0081553398058252,0.01157523905385,0.0103286384976525,0.0095065640561339,0.0093917710196779,0.0122797650827549,0.0110887096774193,0.0083369899078543,0.0085470085470085,-0.022135922330097,-0.2121212121212121,-0.0551558752997601,0.1428571428571428,-0.1385199240986717,0.5435779816513762,-0.2051282051282051,-0.006318207926479,0.0497237569060773,0.0992167101827676,0.1687280154317487,0.073486367765349,-0.0337674260908985,0.5785199772646119,-0.194285989361446,-0.1886792452830188,Consumer Staples,30.0,4.0,115,7.831617276352611,2068.0,2575.0,9.413934064045677,8.231109840328154,9.397566548103592,8.205764725234456
CPB,2024Q1,2024,Q1,1,0,0,0,2456.0,776.0,1680.0,448.0,406.0,413.0,632.0,271.0,203.0,25.0,228.0,12106.0,3849.0,12257.0,3755.0,0.0101791530944625,0.1653094462540716,0.3159609120521172,0.257328990228013,0.0826547231270358,24.0,26.0,24.0,21.0,21.0,23.0,22.0,21.0,21.0,23.0,22.0,19.0,0.0095313741064336,0.0125725338491295,0.0107671601615074,0.0084507042253521,0.0081553398058252,0.01157523905385,0.0103286384976525,0.0095065640561339,0.0093917710196779,0.0122797650827549,0.0110887096774193,0.0083369899078543,-0.0116700201207243,-0.125,0.0223978919631093,0.1904761904761904,-0.0505747126436781,0.8057142857142856,-0.1114754098360655,-0.0266512166859791,0.0712401055408971,0.0926829268292683,0.2045331161780674,0.0838891133017625,0.0344701797753772,0.8270358306188925,-0.1146681596091206,-0.0988142292490118,Consumer Staples,30.0,1.0,116,7.806696372521179,2518.0,2485.0,9.40153907670774,8.25582842728183,9.413934064045677,8.231109840328154
CPB,2024Q2,2024,Q2,0,1,0,0,2369.0,732.0,1637.0,459.0,414.0,354.0,563.0,182.0,133.0,27.0,160.0,15243.0,3913.0,12106.0,3849.0,0.011397214014352,0.174757281553398,0.308991135500211,0.2376530181511186,0.056141831996623,25.0,24.0,26.0,24.0,21.0,21.0,23.0,22.0,21.0,21.0,23.0,22.0,0.0101791530944625,0.0095313741064336,0.0125725338491295,0.0107671601615074,0.0084507042253521,0.0081553398058252,0.01157523905385,0.0103286384976525,0.0095065640561339,0.0093917710196779,0.0122797650827549,0.0110887096774193,0.0628084342754597,-0.1687499999999999,0.095808383233533,0.125,-0.0220994475138122,1.2165354330708662,-0.125,0.048686739269699,0.1468144044321329,0.1620253164556961,0.0585162515829462,0.079041497458516,0.031049762020914,1.0855455805466274,-0.2178741029970451,-0.1304347826086956,Consumer Staples,30.0,2.0,117,7.7706452341291765,2456.0,2229.0,9.63194126199375,8.272315147956022,9.40153907670774,8.25582842728183
CPB,2024Q3,2024,Q3,0,0,1,0,2293.0,692.0,1618.0,417.0,370.0,190.0,299.0,-6.0,-3.0,26.0,23.0,15235.0,3794.0,15243.0,3913.0,0.0113388573920628,0.1613606628870475,0.3017880505887483,0.1303968600087222,-0.0013083296990841,27.0,25.0,24.0,26.0,24.0,21.0,21.0,23.0,22.0,21.0,21.0,23.0,0.011397214014352,0.0101791530944625,0.0095313741064336,0.0125725338491295,0.0107671601615074,0.0084507042253521,0.0081553398058252,0.01157523905385,0.0103286384976525,0.0095065640561339,0.0093917710196779,0.0122797650827549,0.1088007736943907,-1.017751479289941,0.0548780487804878,0.0,-0.4933333333333333,0.099264705882353,-1.0266666666666666,0.1458923512747876,0.0109289617486338,0.019559902200489,-0.0981247274313126,-0.0882681670753707,-0.0486315722293724,-0.008600343757215,-1.0160096202231128,-0.882051282051282,Consumer Staples,30.0,3.0,118,7.738052297689316,2369.0,2068.0,9.631416327598494,8.24143968982973,9.63194126199375,8.272315147956022
CPB,2024Q4,2024,Q4,0,0,0,1,2772.0,867.0,1905.0,527.0,425.0,476.0,367.0,284.0,218.0,26.0,244.0,16112.0,3842.0,15235.0,3794.0,0.0093795093795093,0.1533189033189033,0.3127705627705627,0.1323953823953824,0.0786435786435786,26.0,27.0,25.0,24.0,26.0,24.0,21.0,21.0,23.0,22.0,21.0,21.0,0.0113388573920628,0.011397214014352,0.0101791530944625,0.0095313741064336,0.0125725338491295,0.0107671601615074,0.0084507042253521,0.0081553398058252,0.01157523905385,0.0103286384976525,0.0095065640561339,0.0093917710196779,0.1008737092930898,-0.0683760683760683,0.100253807106599,0.0833333333333332,0.0484581497797356,-0.4546805349182764,-0.0838709677419354,0.1011560693641617,0.1184210526315789,0.2517814726840854,-0.015933140933141,0.0159394698868384,-0.0005631001823895,-0.5046484801313924,-0.1537413204079871,-0.0542635658914728,Consumer Staples,30.0,4.0,119,7.927685045615778,2293.0,2518.0,9.68738167857357,8.254008590564844,9.631416327598494,8.24143968982973
CPB,2025Q1,2025,Q1,1,0,0,0,2685.0,829.0,1866.0,436.0,421.0,437.0,327.0,247.0,173.0,25.0,198.0,15910.0,3910.0,16112.0,3842.0,0.0093109869646182,0.1567970204841713,0.3087523277467411,0.1217877094972067,0.0644320297951582,26.0,26.0,27.0,25.0,24.0,26.0,24.0,21.0,21.0,23.0,22.0,21.0,0.0093795093795093,0.0113388573920628,0.011397214014352,0.0101791530944625,0.0095313741064336,0.0125725338491295,0.0107671601615074,0.0084507042253521,0.0081553398058252,0.01157523905385,0.0103286384976525,0.0095065640561339,0.0932410423452769,-0.1477832512315271,0.0682989690721649,0.0,0.0581113801452783,-0.4825949367088608,-0.0885608856088561,0.1107142857142857,0.0369458128078816,-0.0267857142857143,-0.085288640595903,-0.0514938859381163,-0.0228147977500047,-0.5267237111943992,-0.2204676592270504,-0.131578947368421,Consumer Staples,30.0,1.0,120,7.895808377083183,2772.0,2456.0,9.674765972907856,8.271548374755515,9.68738167857357,8.254008590564844
CPB,2025Q2,2025,Q2,0,1,0,0,2475.0,728.0,1747.0,567.0,378.0,275.0,161.0,81.0,66.0,22.0,88.0,14828.0,3870.0,15910.0,3910.0,0.0088888888888888,0.1527272727272727,0.2941414141414141,0.065050505050505,0.0266666666666666,25.0,26.0,26.0,27.0,25.0,24.0,26.0,24.0,21.0,21.0,23.0,22.0,0.0093109869646182,0.0093795093795093,0.0113388573920628,0.011397214014352,0.0101791530944625,0.0095313741064336,0.0125725338491295,0.0107671601615074,0.0084507042253521,0.0081553398058252,0.01157523905385,0.0103286384976525,0.044744617982271,-0.5037593984962406,-0.0054644808743169,-0.1851851851851852,-0.2231638418079096,-0.714031971580817,-0.554945054945055,0.0671960904092852,-0.0869565217391304,0.2352941176470588,-0.2200823045267489,-0.1260606060606059,-0.0480587293702048,-0.7262794911818002,-0.5250125313283208,-0.4499999999999999,Consumer Staples,30.0,2.0,121,7.814399633804487,2685.0,2369.0,9.60434000197507,8.261268150577648,9.674765972907856,8.271548374755515
CPB,2025Q3,2025,Q3,0,0,1,0,2321.0,705.0,1616.0,436.0,202.0,370.0,269.0,184.0,145.0,26.0,171.0,14896.0,3902.0,14828.0,3870.0,0.0112020680741059,0.0870314519603619,0.3037483843171047,0.1158983196897888,0.0624730719517449,22.0,25.0,26.0,26.0,27.0,25.0,24.0,26.0,24.0,21.0,21.0,23.0,0.0088888888888888,0.0093109869646182,0.0093795093795093,0.0113388573920628,0.011397214014352,0.0101791530944625,0.0095313741064336,0.0125725338491295,0.0107671601615074,0.0084507042253521,0.0081553398058252,0.01157523905385,0.0122110771914523,-49.333333333333336,0.0187861271676299,0.0,0.9473684210526316,-0.1003344481605351,-31.666666666666668,-0.0012360939431397,-0.4540540540540541,0.0455635491606714,-0.0120637656182679,-0.4606402179861896,0.0064957301143369,-0.1111878025127561,-48.75025132845038,6.434782608695652,Consumer Staples,30.0,3.0,122,7.7501841622578365,2475.0,2293.0,9.608915129379593,8.269500767180615,9.60434000197507,8.261268150577648
