ticker,Year_Quarter,year,quarter,Q1,Q2,Q3,Q4,revenue,grossProfit,costOfRevenue,operatingExpenses,snaExpenses,ebitda,operatingIncome,incomeBeforeTax,netIncome,rnd,net_plus_rnd,totalAssets,totalEquity,totalAssets_lag1,totalEquity_lag1,rnd_to_rev_ratio,sna_to_rev_ratio,grossProfitRatio,operatingIncomeRatio,netIncomeRatio,rnd_lag1,rnd_lag2,rnd_lag3,rnd_lag4,rnd_lag5,rnd_lag6,rnd_lag7,rnd_lag8,rnd_lag9,rnd_lag10,rnd_lag11,rnd_lag12,rnd_to_rev_ratio_lag1,rnd_to_rev_ratio_lag2,rnd_to_rev_ratio_lag3,rnd_to_rev_ratio_lag4,rnd_to_rev_ratio_lag5,rnd_to_rev_ratio_lag6,rnd_to_rev_ratio_lag7,rnd_to_rev_ratio_lag8,rnd_to_rev_ratio_lag9,rnd_to_rev_ratio_lag10,rnd_to_rev_ratio_lag11,rnd_to_rev_ratio_lag12,revenue_yoy,netIncome_yoy,grossProfit_yoy,rnd_yoy,ebitda_yoy,operatingIncome_yoy,incomeBeforeTax_yoy,costOfRevenue_yoy,snaExpenses_yoy,operatingExpenses_yoy,rnd_to_rev_ratio_yoy,sna_to_rev_ratio_yoy,grossProfitRatio_yoy,operatingIncomeRatio_yoy,netIncomeRatio_yoy,net_plus_rnd_yoy,gics_sectors,gics_sector_code,quarter_int,time_idx,revenue_log,revenue_lag1,revenue_lag4,totalAssets_log,totalEquity_log,totalAssets_lag1_log,totalEquity_lag1_log
CSCO,1995Q2,1995,Q2,0,1,0,0,509.91,344.388,165.522,153.512,109.52,207.275,190.876,201.661,125.03,43.992,169.022,1539.224,1181.435,1358.239,1036.319,0.0867678147009889,0.2147830009217312,0.6753897746661175,0.3743327253829107,0.2452001333568668,133.878,,,,,,,,,,,,0.2909667647721165,,,,,,,,,,,,,,,,,,,,,,,,,,,,Information Technology,45.0,2.0,1,6.236193449447214,454.897,,7.3396831393756425,7.07533115056775,7.214680263295105,6.94439477905399
CSCO,1995Q3,1995,Q3,0,0,1,0,621.184,418.727,202.457,196.651,143.99,238.454,222.076,231.812,143.723,52.661,196.384,1991.949,1562.276,1539.224,1181.435,0.0867678147009889,0.2317992736451679,0.6740788558623532,0.3575043787348032,0.2313694493097053,43.992,133.878,,,,,,,,,,,0.0867678147009889,0.2909667647721165,,,,,,,,,,,,,,,,,,,,,,,,,,,Information Technology,45.0,3.0,2,6.43323586892878,509.91,,7.597370730321904,7.354538898325729,7.3396831393756425,7.07533115056775
CSCO,1995Q4,1995,Q4,0,0,0,1,710.191,475.788,234.403,217.612,154.747,305.675,258.176,269.995,168.747,62.865,231.612,2147.886,1630.306,1991.949,1562.276,0.0885184408138092,0.2178949043285538,0.6699437193656355,0.3635303742232723,0.2376079111112362,52.661,43.992,133.878,,,,,,,,,,0.0867678147009889,0.0867678147009889,0.2909667647721165,,,,,,,,,,,,,,,,,,,,,,,,,,Information Technology,45.0,4.0,3,6.566941029451457,621.184,,7.67270484730615,7.3971361999836756,7.597370730321904,7.354538898325729
CSCO,1996Q1,1996,Q1,1,0,0,0,826.482,548.885,277.597,248.983,175.721,347.485,299.902,314.16,196.35,73.262,269.612,2365.832,1811.328,2147.886,1630.306,0.0886431888413782,0.2126132208565946,0.6641221466408221,0.3628657369428493,0.2375732320849093,62.865,52.661,43.992,133.878,,,,,,,,,0.0885184408138092,0.0867678147009889,0.0867678147009889,0.2909667647721165,,,,,,,,,0.8168552441541712,2.6711227446947743,0.7896887115128157,-0.4527704327820852,2.7505531630130924,2.829383523162572,2.6417592098857026,0.8730736012523277,0.8595011587424206,0.0902280001926638,-0.6988039806810943,0.0234723788400121,-0.0149525025335757,1.1076987478687794,1.0205917650879497,0.4389820829085784,Information Technology,45.0,1.0,4,6.718387354748773,710.191,454.897,7.76930763107619,7.502367485674143,7.67270484730615,7.3971361999836756
CSCO,1996Q2,1996,Q2,0,1,0,0,985.147,646.365,338.782,293.98,204.703,397.363,352.385,367.488,229.68,89.277,318.957,2893.677,2195.353,2365.832,1811.328,0.0906230237720868,0.2077892943895682,0.6561102048729783,0.3576978867113232,0.2331428710639123,73.262,62.865,52.661,43.992,133.878,,,,,,,,0.0886431888413782,0.0885184408138092,0.0867678147009889,0.0867678147009889,0.29111845661419156,,,,,,,,0.9320017257947482,0.8369991202111493,0.8768511097947664,1.029391707583197,0.9170811723555664,0.8461461891489761,0.8223057507401035,1.0467490726308286,0.869092403214025,0.9150294439522644,0.0504088482366062,-0.0325617320837768,-0.0285458419957129,-0.0444386438684232,-0.0491731473710347,0.8870738720403262,Information Technology,45.0,2.0,5,6.8938054307113354,826.482,509.91,7.970628812107211,7.694553536523423,7.76930763107619,7.502367485674143
CSCO,1996Q3,1996,Q3,0,0,1,0,1574.187,1015.107,559.08,524.764,350.877,557.607,490.343,513.182,318.547,173.887,492.434,3630.232,2819.622,2893.677,2195.353,0.1104614635999408,0.2228941034324384,0.6448452439259122,0.311489676893533,0.2023565179994499,89.277,73.262,62.865,52.661,43.992,133.878,,,,,,,0.0906230237720868,0.0886431888413782,0.0885184408138092,0.0867678147009889,0.08674537077646557,0.29127014845626686,,,,,,,1.534171839583763,1.2163954273150437,1.4242692732973992,2.302007177987505,1.338425859914281,1.2079963616059368,1.2137853087847046,1.7614752762314962,1.4368150566011528,1.668504101174161,0.3029926094237789,-0.0384175932594218,-0.0433682375321536,-0.1287108762251103,-0.1253965525561652,1.5075057031122698,Information Technology,45.0,3.0,6,7.362129274370596,985.147,621.184,8.197327263617195,7.944712706986638,7.970628812107211,7.694553536523423
CSCO,1996Q4,1996,Q4,0,0,0,1,1434.826,933.346,501.48,620.186,300.886,356.905,313.16,389.746,180.942,319.3,500.242,4302.432,3085.217,3630.232,2819.622,0.2225356942235504,0.2097020823430855,0.6504942062661256,0.2182564296994897,0.1261072771193162,173.887,89.277,73.262,62.865,52.661,43.992,133.878,,,,,,0.1104614635999408,0.0906230237720868,0.0886431888413782,0.0885184408138092,0.08674537077646557,0.08672292685194223,0.2914218402983421,,,,,,1.020338190712076,0.0722679514302475,0.9616846158373056,4.079137835043347,0.1675963032632696,0.2129709965294994,0.4435304357488101,1.1393924139196172,0.944373719684388,1.849962318254508,1.5140037734242826,-0.0375998787613444,-0.0290315627078739,-0.399619824984854,-0.4692631380430805,1.159827642781894,Information Technology,45.0,4.0,7,7.269495572350068,1574.187,710.191,8.367168122872556,8.034701348014131,8.197327263617195,7.944712706986638
CSCO,1997Q1,1997,Q1,1,0,0,0,1592.377,1039.858,552.519,551.307,340.452,543.347,488.551,562.914,338.459,210.855,549.314,4570.044,3581.093,4302.432,3085.217,0.1324152509110593,0.2138011287528016,0.653022494045066,0.306806114381205,0.2125495407180586,319.3,173.887,89.277,73.262,62.865,52.661,43.992,133.878,,,,,0.2225356942235504,0.1104614635999408,0.0906230237720868,0.0886431888413782,0.0885184408138092,0.08672292685194223,0.0867004829274189,0.29157353214041715,,,,,0.926692898332934,0.7237535014005603,0.8944915601628756,1.8780950561000245,0.5636559851504381,0.6290354849250757,0.7918067226890755,0.9903637287146476,0.937457674381548,1.2142355100549032,0.4938006252009796,0.0055871779347544,-0.0167132697680675,-0.1544913637588044,-0.1053304328406289,1.0374241502603745,Information Technology,45.0,1.0,8,7.373610942299599,1434.826,826.482,8.427496904187844,8.183702545432698,8.367168122872556,8.034701348014131
CSCO,1997Q2,1997,Q2,0,1,0,0,1647.871,1076.532,571.339,537.402,353.688,591.633,539.13,600.511,378.321,183.714,562.0350000000001,5064.336,3987.725,4570.044,3581.093,0.1114856684776903,0.2146333056410362,0.6532865740097373,0.3271675998910108,0.2295816844886523,210.855,319.3,173.887,89.277,73.262,62.865,52.661,43.992,133.878,,,,0.1324152509110593,0.2225356942235504,0.1104614635999408,0.0906230237720868,0.0886431888413782,0.0885184408138092,0.0867004829274189,0.08667803900289556,0.29172522398249245,,,,0.6727158484977369,0.6471656217345874,0.6655171613561994,1.0577976410497665,0.4888980604636064,0.5299459398101509,0.6340968956809474,0.6864502836632409,0.7278105352632838,0.8280223144431593,0.2302135134893776,0.0329372659528677,-0.0043035923573047,-0.0853521587756864,-0.0152746964082969,0.762102728580969,Information Technology,45.0,2.0,9,7.407846090269697,1592.377,985.147,8.530175752093598,8.29122690994511,8.427496904187844,8.183702545432698
CSCO,1997Q3,1997,Q3,0,0,1,0,1765.097,1149.057,616.04,862.604,369.904,347.609,286.453,335.701,150.957,492.7,643.6569999999999,5451.984,4289.622,5064.336,3987.725,0.2791348010902517,0.2095658198954505,0.6509880193553103,0.162287398369608,0.0855233451759308,183.714,210.855,319.3,173.887,89.277,73.262,62.865,52.661,43.992,133.878,,,0.1114856684776903,0.1324152509110593,0.2225356942235504,0.1104614635999408,0.0906230237720868,0.0886431888413782,0.0885184408138092,0.08667803900289556,0.08665559507837223,0.2918769158245677,,,0.1212752995673323,-0.5261076073546447,0.1319565326610889,1.833449309034028,-0.3766057456237098,-0.415810973135132,-0.3458441644484802,0.1018816627316303,0.0542269798248389,0.6437941627093322,1.5269880734261907,-0.0597964833153512,0.0095259684199575,-0.4789959012828609,-0.5773630322292691,0.3070929302200902,Information Technology,45.0,3.0,10,7.476527306042822,1647.871,1574.187,8.603918260757077,8.364186989757258,8.530175752093598,8.29122690994511
CSCO,1997Q4,1997,Q4,0,0,0,1,1868.717,1216.536,652.181,741.257,389.831,543.0,475.279,517.746,336.535,351.426,687.961,6175.23,4803.431,5451.984,4289.622,0.1880573677020116,0.2086089011872851,0.6510006598109827,0.2543343909216858,0.1800887988925021,492.7,183.714,210.855,319.3,173.887,89.277,73.262,62.865,52.661,43.992,133.878,,0.2791348010902517,0.1114856684776903,0.1324152509110593,0.2225356942235504,0.1104614635999408,0.0906230237720868,0.0886431888413782,0.0885184408138092,0.08665559507837223,0.08663315115384888,0.29202860766664274,,0.302399733486848,0.8599053840457165,0.3034137393849656,0.1006138427810836,0.5214132612319806,0.5176874441180226,0.3284190216192084,0.3005124830501715,0.2956102975877908,0.195217241279229,-0.1549339158458926,-0.0052130200310163,0.0007785673415356,0.1653007944456466,0.4280603229749495,0.3752563759140574,Information Technology,45.0,4.0,11,7.533542361497653,1765.097,1434.826,8.728463331943829,8.477293896078134,8.603918260757077,8.364186989757258
CSCO,1998Q1,1998,Q1,1,0,0,0,2016.315,1319.541,696.774,659.848,421.076,730.224,659.693,703.511,457.282,238.772,696.054,6822.629,5430.401,6175.23,4803.431,0.1184199889402201,0.2088344331118897,0.654431971194977,0.327177549142867,0.2267909528025135,351.426,492.7,183.714,210.855,319.3,173.887,89.277,73.262,62.865,52.661,43.992,133.878,0.1880573677020116,0.2791348010902517,0.1114856684776903,0.1324152509110593,0.2225356942235504,0.1104614635999408,0.0906230237720868,0.0886431888413782,0.0885184408138092,0.08663315115384888,0.08661070722932555,0.29218029950871804,0.2662296679743554,0.3510705875748612,0.2689626852897222,0.1323990419956842,0.3439367476032813,0.3503052905428501,0.2497663941561232,0.2610860440998408,0.2368145876658089,0.1968794156431896,-0.1056922210587326,-0.0232304463025281,0.002158389891258,0.0663983988805083,0.0670027892619431,0.2671331879398668,Information Technology,45.0,1.0,12,7.6095226982940165,1868.717,1592.377,8.828146720753368,8.599952390698578,8.728463331943829,8.477293896078134
CSCO,1998Q2,1998,Q2,0,1,0,0,2183.756,1434.029,749.727,1161.293,479.57,364.829,272.736,324.783,64.578,681.723,746.3009999999999,7898.137,6308.469,6822.629,5430.401,0.2909667647721165,0.2196078682783241,0.6566800503352939,0.124893074134656,0.0295719851485239,238.772,351.426,492.7,183.714,210.855,319.3,173.887,89.277,73.262,62.865,52.661,43.992,0.1184199889402201,0.1880573677020116,0.2791348010902517,0.1114856684776903,0.1324152509110593,0.2225356942235504,0.1104614635999408,0.0906230237720868,0.0886431888413782,0.0885184408138092,0.08661070722932555,0.08658826330480221,0.3251983923498864,-0.8293036865518963,0.3320820932401453,2.7107841536300987,-0.3833525175235324,-0.4941183017083078,-0.4591556191310399,0.3122279417298659,0.3559125556988081,1.1609391107587983,1.8001725440143428,0.0231770303421952,0.005194468186799,-0.61825964986673,-0.8711918800735796,0.3278550268221727,Information Technology,45.0,2.0,13,7.689259430813529,2016.315,1647.871,8.974508791981606,8.749806799854808,8.828146720753368,8.599952390698578
CSCO,1998Q3,1998,Q3,0,0,1,0,2389.989,1571.054,818.935,874.408,532.188,793.817,696.646,756.426,491.677,342.22,833.897,8972.0,7148.0,7898.137,6308.469,0.1431889435474389,0.2226738282059038,0.657347795324581,0.2914850235712382,0.2057235409870087,681.723,238.772,351.426,492.7,183.714,210.855,319.3,173.887,89.277,73.262,62.865,52.661,0.2909667647721165,0.1184199889402201,0.1880573677020116,0.2791348010902517,0.1114856684776903,0.1324152509110593,0.2225356942235504,0.1104614635999408,0.0906230237720868,0.0886431888413782,0.0885184408138092,0.08658826330480221,0.3540270024820167,2.2570665818743088,0.3672550621944779,-0.3054191191394356,1.2836491575304438,1.4319731334634302,1.2532730018677336,0.3293536134017272,0.4387192352610407,0.0136841470709618,-0.4870258277070147,0.0625484075456235,0.0097694209112619,0.7961038657319763,1.4054664906267758,0.2955611451440754,Information Technology,45.0,3.0,14,7.779462366862213,2183.756,1765.097,9.101975347298058,8.874727765766853,8.974508791981606,8.749806799854808
CSCO,1998Q4,1998,Q4,0,0,0,1,2588.0,1694.0,894.0,966.0,598.0,834.0,728.0,793.0,518.0,368.0,886.0,9865.0,7953.0,8972.0,7148.0,0.142194744976816,0.2310664605873261,0.6545595054095827,0.2812982998454404,0.2001545595054095,342.22,681.723,238.772,351.426,492.7,183.714,210.855,319.3,173.887,89.277,73.262,62.865,0.1431889435474389,0.2909667647721165,0.1184199889402201,0.1880573677020116,0.2791348010902517,0.1114856684776903,0.1324152509110593,0.2225356942235504,0.1104614635999408,0.0906230237720868,0.0886431888413782,0.0885184408138092,0.3849073990336684,0.5392158319342713,0.3924783154793609,0.0471621337066694,0.5359116022099448,0.5317318880068338,0.5316390662602899,0.3707851041352017,0.5339980658285257,0.3031917405164472,-0.2438757028539697,0.1076538885552107,0.0054667311698783,0.1060175496756052,0.1114214806046043,0.2878637015761067,Information Technology,45.0,4.0,15,7.859026979751538,2389.989,1868.717,9.196849781793684,8.981430225767635,9.101975347298058,8.874727765766853
CSCO,1999Q1,1999,Q1,1,0,0,0,2827.0,1842.0,985.0,1366.0,660.0,582.0,476.0,556.0,288.0,706.0,994.0,11434.0,9156.0,9865.0,7953.0,0.2497347010965688,0.2334630350194552,0.6515741068270251,0.168376370711001,0.1018747789175804,368.0,342.22,681.723,238.772,351.426,492.7,183.714,210.855,319.3,173.887,89.277,73.262,0.142194744976816,0.1431889435474389,0.2909667647721165,0.1184199889402201,0.1880573677020116,0.2791348010902517,0.1114856684776903,0.1324152509110593,0.2225356942235504,0.1104614635999408,0.0906230237720868,0.0886431888413782,0.4020626737389743,-0.370191697901951,0.3959399518468922,1.956795604174694,-0.2029842897521856,-0.2784522497585998,-0.2096783134876355,0.4136578000901296,0.5674130085780238,1.0701737369818507,1.1088897519036078,0.1179336258899887,-0.0043669388014975,-0.4853669784124553,-0.550798752513326,0.4280501225479634,Information Technology,45.0,1.0,16,7.947325027016463,2588.0,2016.315,9.344434106456882,9.122273893107732,9.196849781793684,8.981430225767635
CSCO,1999Q2,1999,Q2,0,1,0,0,3147.0,2045.0,1102.0,1170.0,752.0,963.0,875.0,965.0,646.0,418.0,1064.0,12708.0,10252.0,11434.0,9156.0,0.132824912615189,0.2389577375278042,0.6498252303781379,0.2780425802351446,0.2052748649507467,706.0,368.0,342.22,681.723,238.772,351.426,492.7,183.714,210.855,319.3,173.887,89.277,0.2497347010965688,0.142194744976816,0.1431889435474389,0.2909667647721165,0.1184199889402201,0.1880573677020116,0.2791348010902517,0.1114856684776903,0.1324152509110593,0.2225356942235504,0.1104614635999408,0.0906230237720868,0.4410950673976397,9.003406732943107,0.4260520533406229,-0.3868477372774572,1.639592795528864,2.208230669951895,1.9712146263813064,0.4698683654183457,0.5680713972934086,0.0074976771581332,-0.5745233769831812,0.0881110016739321,-0.010438599366093,1.2262449872549954,5.941531450112775,0.4256982102395683,Information Technology,45.0,2.0,17,8.054522609537294,2827.0,2183.756,9.450065682882071,9.235325624670091,9.344434106456882,9.122273893107732
CSCO,1999Q3,1999,Q3,0,0,1,0,3592.0,2333.0,1259.0,1428.0,855.0,1057.0,905.0,1002.0,644.0,573.0,1217.0,14893.0,11811.0,12708.0,10252.0,0.1595211581291759,0.2380289532293986,0.6494988864142539,0.2519487750556793,0.1792873051224944,418.0,706.0,368.0,342.22,681.723,238.772,351.426,492.7,183.714,210.855,319.3,173.887,0.132824912615189,0.2497347010965688,0.142194744976816,0.1431889435474389,0.29111845661419156,0.1184199889402201,0.1880573677020116,0.2791348010902517,0.1114856684776903,0.1324152509110593,0.2225356942235504,0.1104614635999408,0.5029357875705704,0.3098029804119371,0.4849903313317045,0.6743615218280636,0.3315411486526491,0.2990815995498432,0.3246503954121089,0.5373625501413422,0.6065751200703511,0.6331049121234023,0.1140605844076647,0.0689579244548492,-0.0119402680987946,-0.1356373237676696,-0.1285036983987346,0.4594128531461319,Information Technology,45.0,3.0,18,8.186742787113518,3147.0,2389.989,9.60871372627059,9.376871242863814,9.450065682882071,9.235325624670091
CSCO,1999Q4,1999,Q4,0,0,0,1,3877.0,2513.0,1364.0,1828.0,904.0,798.0,685.0,791.0,438.0,900.0,1338.0,17407.0,13882.0,14893.0,11811.0,0.2321382512251741,0.2331699767861748,0.6481815836987361,0.1766830023213825,0.1129739489295847,573.0,418.0,706.0,368.0,342.22,681.723,238.772,351.426,492.7,183.714,210.855,319.3,0.1595211581291759,0.132824912615189,0.2497347010965688,0.142194744976816,0.1431889435474389,0.29127014845626686,0.1184199889402201,0.1880573677020116,0.2791348010902517,0.1114856684776903,0.1324152509110593,0.2225356942235504,0.4980680061823801,-0.1544401544401544,0.4834710743801653,1.4456521739130437,-0.0431654676258992,-0.059065934065934,-0.0025220680958385,0.5257270693512304,0.5117056856187292,0.8923395445134576,0.6325374841596481,0.0091035115762885,-0.0097438378911871,-0.3719016346047555,-0.4355664482050863,0.510158013544018,Information Technology,45.0,4.0,19,8.263074835802596,3592.0,2588.0,9.76468514965567,9.538420349034803,9.60871372627059,9.376871242863814
CSCO,2000Q1,2000,Q1,1,0,0,0,4350.0,2814.0,1536.0,1755.0,1080.0,1210.0,1059.0,1210.0,825.0,641.0,1466.0,21391.0,16523.0,17407.0,13882.0,0.1473563218390804,0.2482758620689655,0.646896551724138,0.2434482758620689,0.1896551724137931,900.0,573.0,418.0,706.0,368.0,342.22,681.723,238.772,351.426,492.7,183.714,210.855,0.2321382512251741,0.1595211581291759,0.132824912615189,0.2497347010965688,0.142194744976816,0.1431889435474389,0.2914218402983421,0.1184199889402201,0.1880573677020116,0.2791348010902517,0.1114856684776903,0.1324152509110593,0.538733639900955,1.8645833333333333,0.5276872964169381,-0.0920679886685552,1.0790378006872854,1.2247899159663866,1.1762589928057552,0.5593908629441624,0.6363636363636365,0.2847730600292826,-0.4099485526358634,0.0634482758620689,-0.0071788535699576,0.4458577223993045,0.8616499042145593,0.4748490945674044,Information Technology,45.0,1.0,20,8.37816098272068,3877.0,2827.0,9.970772299341725,9.712569148516655,9.76468514965567,9.538420349034803
CSCO,2000Q2,2000,Q2,0,1,0,0,4919.0,3171.0,1748.0,2427.0,1188.0,873.0,744.0,1057.0,662.0,1207.0,1869.0,26085.0,20026.0,21391.0,16523.0,0.2453750762350071,0.2415125025411669,0.6446432201667005,0.1512502541166903,0.1345801992274852,641.0,900.0,573.0,418.0,706.0,368.0,342.22,681.723,238.772,351.426,492.7,183.714,0.1473563218390804,0.2321382512251741,0.1595211581291759,0.132824912615189,0.2497347010965688,0.142194744976816,0.1431889435474389,0.29157353214041715,0.1184199889402201,0.1880573677020116,0.2791348010902517,0.1114856684776903,0.5630759453447729,0.0247678018575852,0.5506112469437652,1.88755980861244,-0.0934579439252336,-0.1497142857142857,0.0953367875647668,0.5862068965517242,0.5797872340425532,1.0743589743589743,0.8473573323243242,0.0106912839056545,-0.0079744675478696,-0.4560176574797433,-0.3443902678500059,0.756578947368421,Information Technology,45.0,2.0,21,8.501063809486354,4350.0,3147.0,10.169154050930228,9.904836642105424,9.970772299341725,9.712569148516655
CSCO,2000Q3,2000,Q3,0,0,1,0,5745.0,3670.0,2075.0,2900.0,1439.0,1141.0,770.0,1312.0,761.0,1311.0,2072.0,32870.0,26497.0,26085.0,20026.0,0.2281984334203655,0.2504786771105309,0.63881636205396,0.134029590948651,0.1324630113141862,1207.0,641.0,900.0,573.0,418.0,706.0,368.0,342.22,681.723,238.772,351.426,492.7,0.2453750762350071,0.1473563218390804,0.2321382512251741,0.1595211581291759,0.132824912615189,0.2497347010965688,0.142194744976816,0.1431889435474389,0.29172522398249245,0.1184199889402201,0.1880573677020116,0.2791348010902517,0.5993875278396437,0.1816770186335403,0.5730818688384054,1.2879581151832462,0.0794701986754966,-0.149171270718232,0.30938123752495,0.64813343923749,0.6830409356725147,1.030812324929972,0.4305214185793247,0.0523034013813181,-0.0164473328341945,-0.4680284080800504,-0.2611690424836071,0.7025472473294987,Information Technology,45.0,3.0,22,8.656259239539235,4919.0,3592.0,10.400346089073503,10.184824537428069,10.169154050930228,9.904836642105424
CSCO,2000Q4,2000,Q4,0,0,0,1,6519.0,4141.0,2378.0,3239.0,1557.0,1336.0,902.0,1322.0,798.0,1451.0,2249.0,34152.0,27641.0,32870.0,26497.0,0.2225801503298052,0.2388403129314312,0.6352201257861635,0.1383647798742138,0.1224114127933732,1311.0,1207.0,641.0,900.0,573.0,418.0,706.0,368.0,342.22,681.723,238.772,351.426,0.2281984334203655,0.2453750762350071,0.1473563218390804,0.2321382512251741,0.1595211581291759,0.132824912615189,0.2497347010965688,0.142194744976816,0.1431889435474389,0.2918769158245677,0.1184199889402201,0.1880573677020116,0.681454733041011,0.821917808219178,0.6478312773577397,0.6122222222222222,0.6741854636591478,0.3167883211678832,0.6713021491782554,0.7434017595307918,0.7223451327433628,0.7718818380743981,-0.041174174634828,0.0243184659680959,-0.0199966463696952,-0.2168755451498875,0.0835366378993331,0.6808669656203288,Information Technology,45.0,4.0,23,8.782629654920699,5745.0,3877.0,10.438605708871151,10.227091634163973,10.400346089073503,10.184824537428069
CSCO,2001Q1,2001,Q1,1,0,0,0,6748.0,4167.0,2581.0,3135.0,1630.0,1572.0,1032.0,1307.0,874.0,1249.0,2123.0,35881.0,29498.0,34152.0,27641.0,0.1850918790752815,0.2415530527563722,0.6175163011262597,0.1529342027267338,0.1295198577356253,1451.0,1311.0,1207.0,641.0,900.0,573.0,418.0,706.0,368.0,342.22,681.723,238.772,0.2225801503298052,0.2281984334203655,0.2453750762350071,0.1473563218390804,0.2321382512251741,0.1595211581291759,0.132824912615189,0.2497347010965688,0.142194744976816,0.1431889435474389,0.29202860766664274,0.1184199889402201,0.551264367816092,0.0593939393939393,0.4808102345415779,0.9485179407176288,0.2991735537190083,-0.0254957507082153,0.0801652892561983,0.6803385416666667,0.5092592592592593,0.7863247863247864,0.256083734754251,-0.0270779819535006,-0.0454172317344601,-0.371800017128147,-0.3170771137576116,0.4481582537517052,Information Technology,45.0,1.0,24,8.817149624743406,6519.0,4350.0,10.48799105597933,10.292111643448266,10.438605708871151,10.227091634163973
CSCO,2001Q2,2001,Q2,0,1,0,0,4728.0,328.0,4400.0,2959.0,1546.0,-1990.0,-3801.0,-3565.0,-2693.0,1137.0,-1556.0,33790.0,26093.0,35881.0,29498.0,0.240482233502538,0.3269881556683587,0.0693739424703891,-0.8039340101522843,-0.569585448392555,1249.0,1451.0,1311.0,1207.0,641.0,900.0,573.0,418.0,706.0,368.0,342.22,681.723,0.1850918790752815,0.2225801503298052,0.2281984334203655,0.2453750762350071,0.1473563218390804,0.2321382512251741,0.1595211581291759,0.132824912615189,0.2497347010965688,0.142194744976816,0.1431889435474389,0.29218029950871804,-0.0388290302907095,-5.06797583081571,-0.8965625985493535,-0.0579950289975145,-3.279495990836197,-6.108870967741935,-4.37275307473983,1.517162471395881,0.3013468013468012,0.219200659250103,-0.0199402596528709,0.353918129404593,-0.8923839725601248,-6.315257252606299,-5.232312417889695,-1.8325307651150349,Information Technology,45.0,2.0,25,8.461469042643875,6748.0,4919.0,10.427949773825027,10.169460681825694,10.48799105597933,10.292111643448266
CSCO,2001Q3,2001,Q3,0,0,1,0,4298.0,2436.0,1862.0,2573.0,1340.0,484.0,-137.0,62.0,7.0,935.0,942.0,35238.0,27120.0,33790.0,26093.0,0.2175430432759423,0.3117729176361098,0.5667752442996743,-0.0318752908329455,0.001628664495114,1137.0,1249.0,1451.0,1311.0,1207.0,641.0,900.0,573.0,418.0,706.0,368.0,342.22,0.240482233502538,0.1850918790752815,0.2225801503298052,0.2281984334203655,0.2453750762350071,0.1473563218390804,0.2321382512251741,0.1595211581291759,0.132824912615189,0.2497347010965688,0.142194744976816,0.1431889435474389,-0.2518711923411663,-0.990801576872536,-0.3362397820163487,-0.2868039664378337,-0.5758106923751096,-1.1779220779220778,-0.9527439024390244,-0.1026506024096385,-0.0687977762334954,-0.1127586206896551,-0.046693528893754,0.2447084168307511,-0.1127728123973763,-1.2378227867990548,-0.987704760151866,-0.5453667953667953,Information Technology,45.0,3.0,26,8.366137716496281,4728.0,5745.0,10.469908702802991,10.208063614530875,10.427949773825027,10.169460681825694
CSCO,2001Q4,2001,Q4,0,0,0,1,4448.0,2692.0,1756.0,2347.0,1247.0,804.0,345.0,-343.0,-268.0,954.0,686.0,35540.0,27450.0,35238.0,27120.0,0.214478417266187,0.2803507194244604,0.6052158273381295,0.0775629496402877,-0.060251798561151,935.0,1137.0,1249.0,1451.0,1311.0,1207.0,641.0,900.0,573.0,418.0,706.0,368.0,0.2175430432759423,0.240482233502538,0.1850918790752815,0.2225801503298052,0.2281984334203655,0.2453750762350071,0.1473563218390804,0.2321382512251741,0.1595211581291759,0.132824912615189,0.2497347010965688,0.142194744976816,-0.3176867617732781,-1.3358395989974938,-0.3499154793528133,-0.3425223983459683,-0.3982035928143712,-0.6175166297117516,-1.2594553706505294,-0.2615643397813288,-0.1991008349389852,-0.2753936400123494,-0.0363991714967103,0.1737998329659971,-0.0472344896360138,-0.4394314094179201,-1.492207361930005,-0.6949755446865273,Information Technology,45.0,4.0,27,8.400434630806041,4298.0,6519.0,10.478442238622868,10.22015787614662,10.469908702802991,10.208063614530875
CSCO,2002Q1,2002,Q1,1,0,0,0,4816.0,2970.0,1846.0,2217.0,1219.0,1229.0,753.0,932.0,660.0,862.0,1522.0,36704.0,28143.0,35540.0,27450.0,0.1789867109634551,0.2531146179401993,0.6166943521594684,0.1563538205980066,0.1370431893687707,954.0,935.0,1137.0,1249.0,1451.0,1311.0,1207.0,641.0,900.0,573.0,418.0,706.0,0.214478417266187,0.2175430432759423,0.240482233502538,0.1850918790752815,0.2225801503298052,0.2281984334203655,0.2453750762350071,0.1473563218390804,0.2321382512251741,0.1595211581291759,0.132824912615189,0.2497347010965688,-0.2863070539419087,-0.2448512585812357,-0.2872570194384449,-0.3098478783026421,-0.2181933842239185,-0.2703488372093023,-0.2869166029074216,-0.284773343665246,-0.2521472392638036,-0.292822966507177,-0.032984527156609,0.0478634612640891,-0.0013310563061932,0.0223600594916171,0.0580863179181523,-0.2830899670277909,Information Technology,45.0,1.0,28,8.479906606630221,4448.0,6748.0,10.510668264544881,10.245089466977339,10.478442238622868,10.22015787614662
CSCO,2002Q2,2002,Q2,0,1,0,0,4822.0,3068.0,1754.0,2194.0,1227.0,1292.0,874.0,1024.0,729.0,838.0,1567.0,37126.0,28419.0,36704.0,28143.0,0.1737868104520945,0.2544587308170883,0.6362505184570717,0.1812525922853587,0.1511820821236001,862.0,954.0,935.0,1137.0,1249.0,1451.0,1311.0,1207.0,641.0,900.0,573.0,418.0,0.1789867109634551,0.214478417266187,0.2175430432759423,0.240482233502538,0.1850918790752815,0.2225801503298052,0.2281984334203655,0.2453750762350071,0.1473563218390804,0.2321382512251741,0.1595211581291759,0.132824912615189,0.019881556683587,-1.2707018195321202,8.353658536585366,-0.2629727352682498,-1.6492462311557787,-1.2299394896079978,-1.2872370266479662,-0.6013636363636363,-0.2063389391979301,-0.2585332882730652,-0.2773403343733482,-0.2218105567249716,8.171318448978766,-1.2254570524401938,-1.2654247620796069,-2.00706940874036,Information Technology,45.0,2.0,29,8.481151420068972,4816.0,4728.0,10.522099746707825,10.254848401651092,10.510668264544881,10.245089466977339
CSCO,2002Q3,2002,Q3,0,0,1,0,4829.0,3283.0,1546.0,2336.0,1189.0,1551.0,947.0,1097.0,772.0,859.0,1631.0,37795.0,28656.0,37126.0,28419.0,0.1778836197970594,0.2462207496376061,0.6798509008076207,0.1961068544212052,0.1598674673845516,838.0,862.0,954.0,935.0,1137.0,1249.0,1451.0,1311.0,1207.0,641.0,900.0,573.0,0.1737868104520945,0.1789867109634551,0.214478417266187,0.2175430432759423,0.240482233502538,0.1850918790752815,0.2225801503298052,0.2281984334203655,0.2453750762350071,0.1473563218390804,0.2321382512251741,0.1595211581291759,0.1235458352722196,109.28571428571428,0.3477011494252873,-0.081283422459893,2.2045454545454546,-7.912408759124087,16.693548387096776,-0.1697099892588615,-0.1126865671641791,-0.0921103769918383,-0.182306098515763,-0.2102561328787827,0.1995070491260893,-7.15231576863022,97.15862497411472,0.7314225053078556,Information Technology,45.0,3.0,30,8.482601746646619,4822.0,4298.0,10.539958555902517,10.263153020397368,10.522099746707825,10.254848401651092
CSCO,2002Q4,2002,Q4,0,0,0,1,4845.0,3358.0,1487.0,2190.0,1252.0,1578.0,1168.0,872.0,618.0,824.0,1442.0,37198.0,28546.0,37795.0,28656.0,0.1700722394220846,0.2584107327141383,0.6930856553147575,0.2410732714138287,0.1275541795665634,859.0,838.0,862.0,954.0,935.0,1137.0,1249.0,1451.0,1311.0,1207.0,641.0,900.0,0.1778836197970594,0.1737868104520945,0.1789867109634551,0.214478417266187,0.2175430432759423,0.240482233502538,0.1850918790752815,0.2225801503298052,0.2281984334203655,0.2453750762350071,0.1473563218390804,0.2321382512251741,0.089253597122302,-3.3059701492537314,0.2473997028231798,-0.1362683438155136,0.9626865671641792,2.3855072463768114,-3.542274052478134,-0.1531890660592255,0.0040096230954289,-0.0668939071154665,-0.2070426405142217,-0.0782590704791603,0.1451875909509812,2.1080982934745216,-3.117018622059979,1.1020408163265305,Information Technology,45.0,4.0,31,8.48590890137647,4829.0,4448.0,10.524037158179487,10.259307130753884,10.539958555902517,10.263153020397368
CSCO,2003Q1,2003,Q1,1,0,0,0,4713.0,3317.0,1396.0,2053.0,1149.0,1637.0,1264.0,1387.0,991.0,826.0,1817.0,37346.0,28455.0,37198.0,28546.0,0.1752599193719499,0.2437937619350732,0.7037980055166561,0.2681943560364948,0.2102694674305113,824.0,859.0,838.0,862.0,954.0,935.0,1137.0,1249.0,1451.0,1311.0,1207.0,641.0,0.1700722394220846,0.1778836197970594,0.1737868104520945,0.1789867109634551,0.214478417266187,0.2175430432759423,0.240482233502538,0.1850918790752815,0.2225801503298052,0.2281984334203655,0.2453750762350071,0.1473563218390804,-0.0213870431893687,0.5015151515151515,0.1168350168350167,-0.0417633410672854,0.3319772172497965,0.6786188579017265,0.4881974248927039,-0.2437703141928494,-0.0574241181296144,-0.0739738385205232,-0.0208216105622843,-0.0368246452179552,0.1412428264539447,0.7153041416623622,0.5343299320383981,0.1938239159001313,Information Technology,45.0,1.0,32,8.458292083496076,4845.0,4816.0,10.528007866049895,10.256114313628292,10.524037158179487,10.259307130753884
CSCO,2003Q2,2003,Q2,0,1,0,0,4618.0,3269.0,1349.0,2023.0,1203.0,1629.0,1246.0,1381.0,987.0,728.0,1715.0,36256.0,27645.0,37346.0,28455.0,0.1576440017323516,0.2605023819835426,0.7078822000866176,0.2698137721957557,0.2137288869640537,826.0,824.0,859.0,838.0,862.0,954.0,935.0,1137.0,1249.0,1451.0,1311.0,1207.0,0.1752599193719499,0.1700722394220846,0.1778836197970594,0.1737868104520945,0.1789867109634551,0.214478417266187,0.2175430432759423,0.240482233502538,0.1850918790752815,0.2225801503298052,0.2281984334203655,0.2453750762350071,-0.0423060970551638,0.3539094650205761,0.0655149934810952,-0.1312649164677803,0.2608359133126934,0.4256292906178489,0.3486328125,-0.2309007981755986,-0.0195599022004889,-0.0779398359161349,-0.0928885723706447,0.0237510072735473,0.1125840837084974,0.4886064182241809,0.4137183716607229,0.0944479897894066,Information Technology,45.0,2.0,33,8.437933510430605,4713.0,4822.0,10.498387745089026,10.227236331024303,10.528007866049895,10.256114313628292
CSCO,2003Q3,2003,Q3,0,0,1,0,4702.0,3289.0,1413.0,2085.0,1214.0,1629.0,1204.0,1373.0,982.0,761.0,1743.0,37107.0,28029.0,36256.0,27645.0,0.1618460229689493,0.2581880051042109,0.6994895789025947,0.2560612505316886,0.2088472990216928,728.0,826.0,824.0,859.0,838.0,862.0,954.0,935.0,1137.0,1249.0,1451.0,1311.0,0.1576440017323516,0.1752599193719499,0.1700722394220846,0.1778836197970594,0.1737868104520945,0.1789867109634551,0.214478417266187,0.2175430432759423,0.240482233502538,0.1850918790752815,0.2225801503298052,0.2281984334203655,-0.0262994408780286,0.2720207253886011,0.0018275967103258,-0.1140861466821886,0.0502901353965183,0.2713833157338965,0.2515952597994531,-0.0860284605433376,0.0210260723296888,-0.1074486301369863,-0.090157805684451,0.0486037650531832,0.0288867427720467,0.3057231032920007,0.3063777292432059,0.0686695278969957,Information Technology,45.0,3.0,34,8.455955881945048,4618.0,4829.0,10.521587858773161,10.241030644158833,10.498387745089026,10.227236331024303
CSCO,2003Q4,2003,Q4,0,0,0,1,5101.0,3506.0,1595.0,2116.0,1299.0,1787.0,1390.0,1528.0,1086.0,755.0,1841.0,35850.0,27419.0,37107.0,28029.0,0.1480101940795922,0.254655949813762,0.6873162125073515,0.2724955891001764,0.2128994314840227,761.0,728.0,826.0,824.0,859.0,838.0,862.0,954.0,935.0,1137.0,1249.0,1451.0,0.1618460229689493,0.1576440017323516,0.1752599193719499,0.1700722394220846,0.1778836197970594,0.1737868104520945,0.1789867109634551,0.214478417266187,0.2175430432759423,0.240482233502538,0.1850918790752815,0.2225801503298052,0.0528379772961815,0.7572815533980584,0.0440738534842168,-0.0837378640776699,0.1324461343472749,0.1900684931506848,0.7522935779816513,0.0726294552790853,0.0375399361022363,-0.0337899543378995,-0.1297216136946306,-0.014530290057766,-0.0083242854085413,0.1303434325259886,0.6690902031393042,0.2766990291262137,Information Technology,45.0,4.0,35,8.537387898701757,4702.0,4845.0,10.487126739641525,10.219027953116305,10.521587858773161,10.241030644158833
CSCO,2004Q1,2004,Q1,1,0,0,0,5398.0,3698.0,1700.0,2151.0,1320.0,1936.0,1547.0,1807.0,724.0,771.0,1495.0,36590.0,27636.0,35850.0,27419.0,0.1428306780288996,0.2445350129677658,0.68506854390515,0.2865876250463134,0.1341237495368655,755.0,761.0,728.0,826.0,824.0,859.0,838.0,862.0,954.0,935.0,1137.0,1249.0,0.1480101940795922,0.1618460229689493,0.1576440017323516,0.1752599193719499,0.1700722394220846,0.1778836197970594,0.1737868104520945,0.1789867109634551,0.214478417266187,0.2175430432759423,0.240482233502538,0.1850918790752815,0.1453426692128157,-0.2694248234106963,0.1148628278564969,-0.0665859564164649,0.182651191203421,0.2238924050632911,0.3028118240807498,0.2177650429799427,0.1488250652741514,0.0477350219191428,-0.1850351264525378,0.0030404840009401,-0.0266119844965414,0.068581864591199,-0.3621339742005579,-0.1772151898734176,Information Technology,45.0,1.0,36,8.593969030218288,5101.0,4713.0,10.507557587511348,10.226910733640675,10.487126739641525,10.219027953116305
CSCO,2004Q2,2004,Q2,0,1,0,0,5620.0,3867.0,1753.0,2313.0,1384.0,1713.0,1554.0,1721.0,1211.0,869.0,2080.0,35197.0,25981.0,36590.0,27636.0,0.1546263345195729,0.2462633451957295,0.6880782918149466,0.2765124555160142,0.2154804270462633,771.0,755.0,761.0,728.0,826.0,824.0,859.0,838.0,862.0,954.0,935.0,1137.0,0.1428306780288996,0.1480101940795922,0.1618460229689493,0.1576440017323516,0.1752599193719499,0.1700722394220846,0.1778836197970594,0.1737868104520945,0.1789867109634551,0.214478417266187,0.2175430432759423,0.240482233502538,0.216977046340407,0.2269503546099291,0.1829305598042214,0.1936813186813186,0.0515653775322284,0.247191011235955,0.2461984069514844,0.2994810971089696,0.1504571903574396,0.143351458230351,-0.0191422900942473,-0.0546599101297763,-0.0279762766590935,0.0248270622575872,0.0081951490371268,0.2128279883381925,Information Technology,45.0,2.0,37,8.634264863002075,5398.0,4618.0,10.468744541790157,10.165159269555678,10.507557587511348,10.226910733640675
CSCO,2004Q3,2004,Q3,0,0,1,0,5926.0,4055.0,1871.0,2254.0,1394.0,2111.0,1801.0,1936.0,1380.0,800.0,2180.0,35594.0,25826.0,35197.0,25981.0,0.1349983125210934,0.2352345595680054,0.6842726965912926,0.3039149510631117,0.2328720890988862,869.0,771.0,755.0,761.0,728.0,826.0,824.0,859.0,838.0,862.0,954.0,935.0,0.1546263345195729,0.1428306780288996,0.1480101940795922,0.1618460229689493,0.1576440017323516,0.1752599193719499,0.1700722394220846,0.1778836197970594,0.1737868104520945,0.1789867109634551,0.214478417266187,0.2175430432759423,0.2603147596767332,0.4052953156822811,0.2328975372453634,0.0512483574244415,0.2958870472682626,0.4958471760797343,0.4100509832483612,0.3241330502477,0.1482701812191103,0.0810551558752996,-0.165884276643651,-0.0889020600586808,-0.0217542659251268,0.1868838039026172,0.1150351964795959,0.2507171543316122,Information Technology,45.0,3.0,38,8.687273461787838,5620.0,4702.0,10.479960457537974,10.159175735326064,10.468744541790157,10.165159269555678
CSCO,2004Q4,2004,Q4,0,0,0,1,5971.0,4015.0,1956.0,2155.0,1350.0,2039.0,1788.0,1958.0,1396.0,817.0,2213.0,34313.0,24589.0,35594.0,25826.0,0.1368280020097136,0.2260927817785965,0.6724166806230112,0.2994473287556523,0.2337966839725339,800.0,869.0,771.0,755.0,761.0,728.0,826.0,824.0,859.0,838.0,862.0,954.0,0.1349983125210934,0.1546263345195729,0.1428306780288996,0.1480101940795922,0.1618460229689493,0.1576440017323516,0.1752599193719499,0.1700722394220846,0.1778836197970594,0.1737868104520945,0.1789867109634551,0.214478417266187,0.1705547931778082,0.285451197053407,0.1451796919566457,0.0821192052980133,0.1410184667039731,0.2863309352517986,0.2814136125654449,0.2263322884012539,0.0392609699769053,0.018431001890359,-0.075550148011193,-0.1121637568494064,-0.0216778414552253,0.0989070676133685,0.098155510998062,0.2020640956002173,Information Technology,45.0,4.0,39,8.69483715865908,5926.0,5101.0,10.443308713143372,10.110095135210239,10.479960457537974,10.159175735326064
CSCO,2005Q1,2005,Q1,1,0,0,0,6062.0,4053.0,2009.0,2181.0,1370.0,2073.0,1813.0,1957.0,1400.0,813.0,2213.0,33825.0,23751.0,34313.0,24589.0,0.1341141537446387,0.2259980204552953,0.6685912240184757,0.2990762124711316,0.23094688221709,817.0,800.0,869.0,771.0,755.0,761.0,728.0,826.0,824.0,859.0,838.0,862.0,0.1368280020097136,0.1349983125210934,0.1546263345195729,0.1428306780288996,0.1480101940795922,0.1618460229689493,0.1576440017323516,0.1752599193719499,0.1700722394220846,0.1778836197970594,0.1737868104520945,0.1789867109634551,0.1230085216746943,0.9337016574585636,0.0959978366684695,0.0544747081712062,0.0707644628099173,0.1719457013574661,0.0830105146651909,0.181764705882353,0.0378787878787878,0.0139470013947,-0.0610269754687939,-0.0758050648350878,-0.0240520748372817,0.0435768551513693,0.721894019624105,0.4802675585284282,Information Technology,45.0,1.0,40,8.70996000607173,5971.0,5398.0,10.428985016533987,10.075422016443596,10.443308713143372,10.110095135210239
CSCO,2005Q2,2005,Q2,0,1,0,0,6187.0,4135.0,2052.0,2257.0,1434.0,2214.0,1818.0,1968.0,1405.0,829.0,2234.0,33970.0,23756.0,33825.0,23751.0,0.1339906255050913,0.2317763051559722,0.6683368352998222,0.293841926620333,0.2270890577016324,813.0,817.0,800.0,869.0,771.0,755.0,761.0,728.0,826.0,824.0,859.0,838.0,0.1341141537446387,0.1368280020097136,0.1349983125210934,0.1546263345195729,0.1428306780288996,0.1480101940795922,0.1618460229689493,0.1576440017323516,0.1752599193719499,0.1700722394220846,0.1778836197970594,0.1737868104520945,0.1008896797153025,0.1601981833195707,0.0693043703129041,-0.046029919447641,0.2924693520140105,0.16988416988417,0.1435212085996513,0.1705647461494581,0.0361271676300578,-0.024210981409425,-0.1334553333272573,-0.0588274313753152,-0.0286907125976206,0.0626715750362107,0.0538732487887483,0.0740384615384615,Information Technology,45.0,2.0,41,8.730367211692958,6062.0,5620.0,10.433262498460529,10.075632502878522,10.428985016533987,10.075422016443596
CSCO,2005Q3,2005,Q3,0,0,1,0,6581.0,4468.0,2113.0,2471.0,1526.0,2255.0,1997.0,2153.0,1540.0,889.0,2429.0,33883.0,23174.0,33970.0,23756.0,0.1350858532137973,0.231879653548093,0.678924175657195,0.3034493238109709,0.2340069898191764,829.0,813.0,817.0,800.0,869.0,771.0,755.0,761.0,728.0,826.0,824.0,859.0,0.1339906255050913,0.1341141537446387,0.1368280020097136,0.1349983125210934,0.1546263345195729,0.1428306780288996,0.1480101940795922,0.1618460229689493,0.1576440017323516,0.1752599193719499,0.1700722394220846,0.1778836197970594,0.1105298683766453,0.1159420289855073,0.1018495684340321,0.11125,0.068214116532449,0.1088284286507494,0.1120867768595041,0.1293425975414217,0.0946915351506456,0.0962732919254658,0.0006484576812033,-0.014261960598279,-0.0078163588299537,-0.001532097221647,0.0048734939626373,0.1142201834862386,Information Technology,45.0,3.0,42,8.792093929503284,6187.0,5926.0,10.430698205551442,10.050829390434055,10.433262498460529,10.075632502878522
CSCO,2005Q4,2005,Q4,0,0,0,1,6550.0,4410.0,2140.0,2788.0,1731.0,2017.0,1622.0,1759.0,1261.0,998.0,2259.0,31755.0,21437.0,33883.0,23174.0,0.1523664122137404,0.2642748091603053,0.6732824427480916,0.2476335877862595,0.1925190839694656,889.0,829.0,813.0,817.0,800.0,869.0,771.0,755.0,761.0,728.0,826.0,824.0,0.1350858532137973,0.1339906255050913,0.1341141537446387,0.1368280020097136,0.1349983125210934,0.1546263345195729,0.1428306780288996,0.1480101940795922,0.1618460229689493,0.1576440017323516,0.1752599193719499,0.1700722394220846,0.0969686819628203,-0.0967048710601718,0.0983810709838106,0.2215422276621788,-0.0107896027464443,-0.0928411633109619,-0.1016343207354443,0.0940695296523517,0.2822222222222221,0.2937354988399072,0.1135616246367736,0.1688776929601356,0.001287538144173,-0.1730312345236265,-0.1765534023053873,0.0207862629914143,Information Technology,45.0,4.0,43,8.787372988731876,6581.0,5971.0,10.365836962845004,9.972920327251465,10.430698205551442,10.050829390434055
CSCO,2006Q1,2006,Q1,1,0,0,0,6628.0,4466.0,2162.0,2735.0,1713.0,2170.0,1731.0,1916.0,1375.0,966.0,2341.0,33652.0,22964.0,31755.0,21437.0,0.1457453228726614,0.2584490042245021,0.6738080869040435,0.2611647555823778,0.2074532287266143,998.0,889.0,829.0,813.0,817.0,800.0,869.0,771.0,755.0,761.0,728.0,826.0,0.1523664122137404,0.1350858532137973,0.1339906255050913,0.1341141537446387,0.1368280020097136,0.1349983125210934,0.1546263345195729,0.1428306780288996,0.1480101940795922,0.1618460229689493,0.1576440017323516,0.1752599193719499,0.0933685252391949,-0.0178571428571429,0.1018998272884283,0.188191881918819,0.0467920887602508,-0.0452289023717594,-0.0209504343382728,0.0761572921851667,0.2503649635036495,0.254011921137093,0.0867258883813943,0.1435896814663735,0.007802769013647,-0.1267618597129762,-0.1017275196137597,0.0578400361500226,Information Technology,45.0,1.0,44,8.79920924224139,6550.0,6062.0,10.42385748414504,10.041726596759894,10.365836962845004,9.972920327251465
CSCO,2006Q2,2006,Q2,0,1,0,0,7322.0,4726.0,2596.0,2886.0,1845.0,2216.0,1653.0,1812.0,1400.0,1041.0,2441.0,43082.0,24615.0,33652.0,22964.0,0.1421742693253209,0.2519803332422835,0.6454520622780661,0.2257579896203223,0.1912045889101338,966.0,998.0,889.0,829.0,813.0,817.0,800.0,869.0,771.0,755.0,761.0,728.0,0.1457453228726614,0.1523664122137404,0.1350858532137973,0.1339906255050913,0.1341141537446387,0.1368280020097136,0.1349983125210934,0.1546263345195729,0.1428306780288996,0.1480101940795922,0.1618460229689493,0.1576440017323516,0.1834491676095038,-0.0035587188612099,0.1429262394195889,0.255729794933655,0.000903342366757,-0.0907590759075908,-0.0792682926829267,0.2651072124756335,0.2866108786610879,0.278688524590164,0.0610762416354169,0.087170377803353,-0.0342413762238466,-0.2317025952800142,-0.1580193654185067,0.0926589077887198,Information Technology,45.0,2.0,45,8.89877535906107,6628.0,6187.0,10.670883766728728,10.111151917001878,10.42385748414504,10.041726596759894
CSCO,2006Q3,2006,Q3,0,0,1,0,7984.0,5145.0,2839.0,3155.0,1911.0,2671.0,1990.0,2146.0,1544.0,1065.0,2609.0,43315.0,23912.0,43082.0,24615.0,0.1333917835671342,0.2393537074148296,0.6444138276553106,0.249248496993988,0.1933867735470942,1041.0,966.0,998.0,889.0,829.0,813.0,817.0,800.0,869.0,771.0,755.0,761.0,0.1421742693253209,0.1457453228726614,0.1523664122137404,0.1350858532137973,0.1339906255050913,0.1341141537446387,0.1368280020097136,0.1349983125210934,0.1546263345195729,0.1428306780288996,0.1480101940795922,0.1618460229689493,0.2131894848807172,0.0025974025974024,0.1515219337511191,0.1979752530933634,0.1844789356984479,-0.0035052578868302,-0.0032512772875058,0.3435873166114529,0.2522935779816513,0.2768110076891947,-0.0125406888016752,0.0322324695262083,-0.050830931110206,-0.1786157442576689,-0.1735854826536189,0.0741045697818032,Information Technology,45.0,3.0,46,8.985320060649112,7322.0,6581.0,10.67627736074827,10.082177523096034,10.670883766728728,10.111151917001878
CSCO,2006Q4,2006,Q4,0,0,0,1,8184.0,5233.0,2951.0,3242.0,2050.0,2618.0,1991.0,2176.0,1608.0,1087.0,2695.0,44908.0,25529.0,43315.0,23912.0,0.1328201368523949,0.2504887585532747,0.6394183773216031,0.2432795698924731,0.1964809384164222,1065.0,1041.0,966.0,998.0,889.0,829.0,813.0,817.0,800.0,869.0,771.0,755.0,0.1333917835671342,0.1421742693253209,0.1457453228726614,0.1523664122137404,0.1350858532137973,0.1339906255050913,0.1341141537446387,0.1368280020097136,0.1349983125210934,0.1546263345195729,0.1428306780288996,0.1480101940795922,0.2494656488549618,0.275178429817605,0.1866213151927438,0.0891783567134267,0.2979672781358453,0.2274969173859433,0.2370665150653781,0.3789719626168224,0.1842865395725015,0.1628407460545193,-0.1282846729627387,-0.0521655872189779,-0.0502969679236959,-0.0175825013590018,0.0205790219092512,0.1930057547587427,Information Technology,45.0,4.0,47,9.010058489805235,7984.0,6550.0,10.712393499078143,10.14760951023553,10.67627736074827,10.082177523096034
CSCO,2007Q1,2007,Q1,1,0,0,0,8439.0,5388.0,3051.0,3258.0,2066.0,2772.0,2130.0,2335.0,1921.0,1096.0,3017.0,46254.0,26582.0,44908.0,25529.0,0.1298732077260339,0.244815736461666,0.6384642730181301,0.2523995734091717,0.2276336058774736,1087.0,1065.0,1041.0,966.0,998.0,889.0,829.0,813.0,817.0,800.0,869.0,771.0,0.1328201368523949,0.1333917835671342,0.1421742693253209,0.1457453228726614,0.1523664122137404,0.1350858532137973,0.1339906255050913,0.1341141537446387,0.1368280020097136,0.1349983125210934,0.1546263345195729,0.1428306780288996,0.2732347616173809,0.3970909090909091,0.2064487236901029,0.134575569358178,0.2774193548387096,0.2305025996533796,0.2186847599164927,0.4111933395004625,0.206071220081728,0.1912248628884827,-0.1089030840495314,-0.0527503203339622,-0.0524538285794522,-0.0335618876048584,0.0972767561861056,0.2887654848355403,Information Technology,45.0,1.0,48,9.040737587590003,8184.0,6628.0,10.74192484520542,10.188027192715412,10.712393499078143,10.14760951023553
CSCO,2007Q2,2007,Q2,0,1,0,0,8866.0,5647.0,3219.0,3450.0,2208.0,2862.0,2197.0,2419.0,1874.0,1145.0,3019.0,48835.0,28518.0,46254.0,26582.0,0.1291450484998872,0.2490412812993458,0.6369275885404918,0.2478005865102639,0.2113692758854049,1096.0,1087.0,1065.0,1041.0,966.0,998.0,889.0,829.0,813.0,817.0,800.0,869.0,0.1298732077260339,0.1328201368523949,0.1333917835671342,0.1421742693253209,0.1457453228726614,0.1523664122137404,0.1350858532137973,0.1339906255050913,0.1341141537446387,0.1368280020097136,0.1349983125210934,0.1546263345195729,0.2108713466266047,0.3385714285714285,0.1948793906051629,0.0999039385206532,0.2915162454873645,0.3290986085904417,0.3349889624724063,0.2399845916795069,0.1967479674796748,0.1954261954261953,-0.0916426079575657,-0.011663814810943,-0.0132069819522891,0.097638169648005,0.1054613128806676,0.236788201556739,Information Technology,45.0,2.0,49,9.090091799380007,8439.0,7322.0,10.796223024788747,10.258325810799903,10.74192484520542,10.188027192715412
CSCO,2007Q3,2007,Q3,0,0,1,0,9433.0,6068.0,3365.0,3765.0,2404.0,2999.0,2303.0,2531.0,1930.0,1252.0,3182.0,53340.0,31480.0,48835.0,28518.0,0.1327255380048765,0.2548499946994593,0.6432736139086187,0.2441429025760627,0.2046008692886674,1145.0,1096.0,1087.0,1065.0,1041.0,966.0,998.0,889.0,829.0,813.0,817.0,800.0,0.1291450484998872,0.1298732077260339,0.1328201368523949,0.1333917835671342,0.1421742693253209,0.1457453228726614,0.1523664122137404,0.1350858532137973,0.1339906255050913,0.1341141537446387,0.1368280020097136,0.1349983125210934,0.1814879759519039,0.25,0.1793974732750243,0.1755868544600938,0.1228004492699363,0.157286432160804,0.179403541472507,0.1852765058119057,0.2579801151229723,0.1933438985736926,-0.0049946521775268,0.0647422070541514,-0.0017693812543417,-0.0204839526797563,0.0579879147673063,0.2196243771559984,Information Technology,45.0,3.0,50,9.152075463844207,8866.0,7984.0,10.884460545216813,10.357139468227567,10.796223024788747,10.258325810799903
CSCO,2007Q4,2007,Q4,0,0,0,1,9554.0,6173.0,3381.0,3685.0,2493.0,3139.0,2368.0,2622.0,2205.0,1195.0,3400.0,55702.0,33872.0,53340.0,31480.0,0.1250785011513502,0.2609378270881306,0.6461168097132092,0.2478543018630939,0.2307933849696462,1252.0,1145.0,1096.0,1087.0,1065.0,1041.0,966.0,998.0,889.0,829.0,813.0,817.0,0.1327255380048765,0.1291450484998872,0.1298732077260339,0.1328201368523949,0.1333917835671342,0.1421742693253209,0.1457453228726614,0.1523664122137404,0.1350858532137973,0.1339906255050913,0.1341141537446387,0.1368280020097136,0.1673998044965787,0.3712686567164178,0.1796292757500477,0.0993560257589696,0.1990068754774636,0.1893520843797087,0.2049632352941177,0.1457133175194849,0.2160975609756097,0.136644046884639,-0.0582866113867063,0.0417147204337857,0.0104758208853246,0.0188044231278559,0.174634989173871,0.261595547309833,Information Technology,45.0,4.0,51,9.164819856674374,9433.0,8184.0,10.927789284429073,10.430373515848633,10.884460545216813,10.357139468227567
CSCO,2008Q1,2008,Q1,1,0,0,0,9831.0,6340.0,3491.0,3820.0,2604.0,3186.0,2404.0,2638.0,2060.0,1216.0,3276.0,55300.0,32812.0,55702.0,33872.0,0.1236903672057776,0.2648764113518462,0.6448987895432815,0.244532600956159,0.2095412470755772,1195.0,1252.0,1145.0,1096.0,1087.0,1065.0,1041.0,966.0,998.0,889.0,829.0,813.0,0.1250785011513502,0.1327255380048765,0.1291450484998872,0.1298732077260339,0.1328201368523949,0.1333917835671342,0.1421742693253209,0.1457453228726614,0.1523664122137404,0.1350858532137973,0.1339906255050913,0.1341141537446387,0.1649484536082475,0.0723581467985423,0.1766889383815886,0.1094890510948904,0.1493506493506493,0.128638497652582,0.1297644539614562,0.1442150114716487,0.260406582768635,0.1724984653161447,-0.0476067437504037,0.0819419338810407,0.0100781152479125,-0.0311687232539781,-0.0794801748720477,0.0858468677494199,Information Technology,45.0,1.0,52,9.19339765124587,9554.0,8439.0,10.920546270529568,10.398580057313119,10.927789284429073,10.430373515848633
CSCO,2008Q2,2008,Q2,0,1,0,0,9791.0,6305.0,3486.0,4047.0,2608.0,2813.0,2141.0,2309.0,1773.0,1439.0,3212.0,57123.0,33138.0,55300.0,32812.0,0.1469717087120825,0.2663670718006332,0.6439587376161782,0.2186702073332652,0.1810846695945255,1216.0,1195.0,1252.0,1145.0,1096.0,1087.0,1065.0,1041.0,966.0,998.0,889.0,829.0,0.1236903672057776,0.1250785011513502,0.1327255380048765,0.1291450484998872,0.1298732077260339,0.1328201368523949,0.1333917835671342,0.1421742693253209,0.1457453228726614,0.1523664122137404,0.1350858532137973,0.1339906255050913,0.1043311527182495,-0.0538954108858057,0.1165220471046573,0.256768558951965,-0.017120894479385,-0.0254893035958124,-0.045473336089293,0.0829450139794967,0.181159420289855,0.1730434782608696,0.138035955843951,0.0695699540690282,0.0110391655224075,-0.1175557313533319,-0.1432781853654943,0.0639284531301755,Information Technology,45.0,2.0,53,9.189321004752108,9831.0,8866.0,10.952979622572824,10.408466115510192,10.920546270529568,10.398580057313119
CSCO,2008Q3,2008,Q3,0,0,1,0,10364.0,6666.0,3698.0,4137.0,2682.0,3180.0,2529.0,2686.0,2014.0,1306.0,3320.0,58734.0,34353.0,57123.0,33138.0,0.1260131223465843,0.2587803936703975,0.6431879583172521,0.2440177537630258,0.1943265148591277,1439.0,1216.0,1195.0,1252.0,1145.0,1096.0,1087.0,1065.0,1041.0,966.0,998.0,889.0,0.1469717087120825,0.1236903672057776,0.1250785011513502,0.1327255380048765,0.1291450484998872,0.1298732077260339,0.1328201368523949,0.1333917835671342,0.1421742693253209,0.1457453228726614,0.1523664122137404,0.1350858532137973,0.0986960669988339,0.0435233160621761,0.0985497692814765,0.0431309904153354,0.0603534511503833,0.0981328701693442,0.061240616357171,0.098959881129272,0.1156405990016637,0.098804780876494,-0.0505736556746565,0.015422401619326,-0.0001331557668691,-0.0005126047561341,-0.0502165727118383,0.0433689503456944,Information Technology,45.0,3.0,54,9.24619002486988,9791.0,9433.0,10.980791080257987,10.44447373919697,10.952979622572824,10.408466115510192
CSCO,2008Q4,2008,Q4,0,0,0,1,10331.0,6681.0,3650.0,4199.0,2678.0,3062.0,2482.0,2605.0,2201.0,1409.0,3610.0,58887.0,35035.0,58734.0,34353.0,0.136385635466073,0.2592198238311877,0.6466944148678734,0.2402477978898461,0.2130481076372084,1306.0,1439.0,1216.0,1195.0,1252.0,1145.0,1096.0,1087.0,1065.0,1041.0,966.0,998.0,0.1260131223465843,0.1469717087120825,0.1236903672057776,0.1250785011513502,0.1327255380048765,0.1291450484998872,0.1298732077260339,0.1328201368523949,0.1333917835671342,0.1421742693253209,0.1457453228726614,0.1523664122137404,0.0813271927988277,-0.0018140589569161,0.0822938603596306,0.1790794979079497,-0.0245301051290219,0.0481418918918918,-0.0064836003051106,0.0795622596864833,0.0742077817890092,0.1394843962008141,0.0904003022952815,-0.0065839563244415,0.0008939639798577,-0.0306894167907137,-0.0768881540290752,0.0617647058823529,Information Technology,45.0,4.0,55,9.243001154215731,10364.0,9554.0,10.983392613738541,10.464131383282979,10.980791080257987,10.44447373919697
CSCO,2009Q1,2009,Q1,1,0,0,0,9089.0,5723.0,3366.0,3950.0,2535.0,2356.0,1773.0,1868.0,1504.0,1279.0,2783.0,61357.0,36783.0,58887.0,35035.0,0.1407195511057322,0.2789085707998679,0.6296622290681043,0.1950709649026295,0.1654747496974364,1409.0,1306.0,1439.0,1216.0,1195.0,1252.0,1145.0,1096.0,1087.0,1065.0,1041.0,966.0,0.136385635466073,0.1260131223465843,0.1469717087120825,0.1236903672057776,0.1250785011513502,0.1327255380048765,0.1291450484998872,0.1298732077260339,0.1328201368523949,0.1333917835671342,0.1421742693253209,0.1457453228726614,-0.0754755365679992,-0.2699029126213592,-0.0973186119873816,0.0518092105263157,-0.2605147520401758,-0.2624792013311148,-0.2918877937831691,-0.0358063592093955,-0.0264976958525345,0.0340314136125654,0.1376759102964253,0.0529762517409762,-0.0236262817084332,-0.2022701098345461,-0.2102998717109233,-0.1504884004884005,Information Technology,45.0,1.0,56,9.114930187171524,10331.0,9831.0,11.024480840985804,10.512818247002963,10.983392613738541,10.464131383282979
CSCO,2009Q2,2009,Q2,0,1,0,0,8162.0,5229.0,2933.0,3622.0,2258.0,2218.0,1607.0,1687.0,1348.0,1243.0,2591.0,64666.0,37256.0,61357.0,36783.0,0.1522911051212938,0.2766478804214653,0.6406518010291595,0.1968880176427346,0.1651555991178632,1279.0,1409.0,1306.0,1439.0,1216.0,1195.0,1252.0,1145.0,1096.0,1087.0,1065.0,1041.0,0.1407195511057322,0.136385635466073,0.1260131223465843,0.1469717087120825,0.1236903672057776,0.1250785011513502,0.1327255380048765,0.1291450484998872,0.1298732077260339,0.1328201368523949,0.1333917835671342,0.1421742693253209,-0.1663772852619752,-0.23970671178793,-0.1706582077716097,-0.1362056984016678,-0.2115179523640241,-0.2494161606725828,-0.2693806842789086,-0.1586345381526104,-0.13420245398773,-0.1050160612799604,0.0361933358183372,0.0385963946344198,-0.0051353237309277,-0.0996120594395074,-0.0879647653902993,-0.1933374844333748,Information Technology,45.0,2.0,57,9.007367027451355,9089.0,9791.0,11.077006304003246,10.525595125616142,11.024480840985804,10.512818247002963
CSCO,2009Q3,2009,Q3,0,0,1,0,8535.0,5461.0,3074.0,4001.0,2497.0,2171.0,1460.0,1533.0,1081.0,1340.0,2421.0,68128.0,38647.0,64666.0,37256.0,0.1570005858230814,0.2925600468658465,0.6398359695371998,0.1710603397773872,0.126654950205038,1243.0,1279.0,1409.0,1306.0,1439.0,1216.0,1195.0,1252.0,1145.0,1096.0,1087.0,1065.0,0.1522911051212938,0.1407195511057322,0.136385635466073,0.1260131223465843,0.1469717087120825,0.1236903672057776,0.1250785011513502,0.1327255380048765,0.1291450484998872,0.1298732077260339,0.1328201368523949,0.1333917835671342,-0.1764762639907371,-0.4632571996027805,-0.1807680768076808,0.0260336906584992,-0.3172955974842767,-0.4226967180703835,-0.4292628443782577,-0.1687398593834504,-0.0689783743475018,-0.0328740633309161,0.2459066397170108,0.1305340513488566,-0.0052115229097602,-0.298984040548501,-0.348236393284501,-0.2707831325301204,Information Technology,45.0,3.0,58,9.05204779298159,8162.0,10364.0,11.129158245838182,10.562250306234242,11.077006304003246,10.525595125616142
CSCO,2009Q4,2009,Q4,0,0,0,1,9021.0,5888.0,3133.0,3764.0,2435.0,2782.0,2124.0,2239.0,1787.0,1224.0,3011.0,68680.0,40002.0,68128.0,38647.0,0.1356834053874293,0.2699257288548941,0.6526992572885489,0.2354506152311273,0.1980933377674315,1340.0,1243.0,1279.0,1409.0,1306.0,1439.0,1216.0,1195.0,1252.0,1145.0,1096.0,1087.0,0.1570005858230814,0.1522911051212938,0.1407195511057322,0.136385635466073,0.1260131223465843,0.1469717087120825,0.1236903672057776,0.1250785011513502,0.1327255380048765,0.1291450484998872,0.1298732077260339,0.1328201368523949,-0.1268028264446811,-0.1880963198546115,-0.1186948061667415,-0.1312987934705465,-0.0914435009797518,-0.1442385173247381,-0.1404990403071017,-0.1416438356164383,-0.090739357729649,-0.1035960943081686,-0.00514885659508,0.0413004872292424,0.009285440360425,-0.0199676446604444,-0.0701943332688164,-0.1659279778393352,Information Technology,45.0,4.0,59,9.107421317968342,8535.0,10331.0,11.13722787518497,10.596709730283713,11.129158245838182,10.562250306234242
CSCO,2010Q1,2010,Q1,1,0,0,0,9815.0,6332.0,3483.0,3962.0,2577.0,3026.0,2370.0,2355.0,1853.0,1247.0,3100.0,76403.0,41512.0,68680.0,40002.0,0.1270504330106979,0.2625573102394294,0.6451349974528783,0.2414671421293938,0.188792664289353,1224.0,1340.0,1243.0,1279.0,1409.0,1306.0,1439.0,1216.0,1195.0,1252.0,1145.0,1096.0,0.1356834053874293,0.1570005858230814,0.1522911051212938,0.1407195511057322,0.136385635466073,0.1260131223465843,0.1469717087120825,0.1236903672057776,0.1250785011513502,0.1327255380048765,0.1291450484998872,0.1298732077260339,0.0798767741225656,0.2320478723404255,0.1064127206010834,-0.0250195465207193,0.2843803056027165,0.3367174280879865,0.2607066381156318,0.0347593582887699,0.016568047337278,0.0030379746835442,-0.0971373059935627,-0.0586258805656116,0.0245731245586597,0.2378425577067457,0.1409152431688363,0.1139058569888609,Information Technology,45.0,1.0,60,9.191768986390747,9021.0,9089.0,11.243790329805025,10.633761910177357,11.13722787518497,10.596709730283713
CSCO,2010Q2,2010,Q2,0,1,0,0,10368.0,6630.0,3738.0,4285.0,2757.0,3058.0,2345.0,2403.0,2192.0,1411.0,3603.0,79292.0,43830.0,76403.0,41512.0,0.1360918209876543,0.2659143518518518,0.6394675925925926,0.2261766975308642,0.2114197530864197,1247.0,1224.0,1340.0,1243.0,1279.0,1409.0,1306.0,1439.0,1216.0,1195.0,1252.0,1145.0,0.1270504330106979,0.1356834053874293,0.1570005858230814,0.1522911051212938,0.1407195511057322,0.136385635466073,0.1260131223465843,0.1469717087120825,0.1236903672057776,0.1250785011513502,0.1327255380048765,0.1291450484998872,0.2702768929184023,0.6261127596439169,0.2679288582903041,0.1351568785197103,0.3787195671776375,0.4592408214063472,0.4244220509780676,0.2744630071599045,0.220992028343667,0.1830480397570402,-0.1063705205943406,-0.0387985208968932,-0.0018484431553374,0.1487580617591248,0.2801246473971499,0.3905827865688922,Information Technology,45.0,2.0,61,9.246575864558277,9815.0,8162.0,11.28090513134335,10.688096608575814,11.243790329805025,10.633761910177357
CSCO,2010Q3,2010,Q3,0,0,1,0,10836.0,6793.0,4043.0,4468.0,2946.0,3202.0,2325.0,2418.0,1935.0,1391.0,3326.0,81130.0,44267.0,79292.0,43830.0,0.1283684016242156,0.2718715393133998,0.6268918420081211,0.214562569213732,0.1785714285714285,1411.0,1247.0,1224.0,1340.0,1243.0,1279.0,1409.0,1306.0,1439.0,1216.0,1195.0,1252.0,0.1360918209876543,0.1270504330106979,0.1356834053874293,0.1570005858230814,0.1522911051212938,0.1407195511057322,0.136385635466073,0.1260131223465843,0.1469717087120825,0.1236903672057776,0.1250785011513502,0.1327255380048765,0.2695957820738137,0.7900092506938021,0.2439113715436733,0.0380597014925372,0.4748963611239061,0.5924657534246576,0.5772994129158513,0.315224463240078,0.1798157789347216,0.1167208197950513,-0.1823699195054626,-0.0707154232920035,-0.0202303842630812,0.2543092659172623,0.4099048500066076,0.3738124741842215,Information Technology,45.0,3.0,62,9.290721483922995,10368.0,8535.0,11.303820411209857,10.698017347384676,11.28090513134335,10.688096608575814
CSCO,2010Q4,2010,Q4,0,0,0,1,10750.0,6755.0,3995.0,4404.0,2860.0,3144.0,2351.0,2425.0,1930.0,1431.0,3361.0,80015.0,44675.0,81130.0,44267.0,0.1331162790697674,0.266046511627907,0.6283720930232558,0.2186976744186046,0.1795348837209302,1391.0,1411.0,1247.0,1224.0,1340.0,1243.0,1279.0,1409.0,1306.0,1439.0,1216.0,1195.0,0.1283684016242156,0.1360918209876543,0.1270504330106979,0.1356834053874293,0.1570005858230814,0.1522911051212938,0.1407195511057322,0.136385635466073,0.1260131223465843,0.1469717087120825,0.1236903672057776,0.1250785011513502,0.191663895355282,0.0800223838836038,0.1472486413043479,0.1691176470588236,0.1301222142343638,0.1068738229755179,0.0830728003573024,0.2751356527290136,0.1745379876796715,0.1700318809776833,-0.0189199726402187,-0.014371424478296,-0.0372716285389281,-0.0711526737616606,-0.0936854023242799,0.1162404516771835,Information Technology,45.0,4.0,63,9.282754052485227,10836.0,9021.0,11.289981893658686,10.707191723660717,11.303820411209857,10.698017347384676
CSCO,2011Q1,2011,Q1,1,0,0,0,10407.0,6261.0,4146.0,4374.0,2896.0,2578.0,1684.0,1730.0,1521.0,1478.0,2999.0,81981.0,45641.0,80015.0,44675.0,0.1420197943691745,0.2782742384933218,0.6016142980686077,0.1618141635437686,0.1461516287114442,1431.0,1391.0,1411.0,1247.0,1224.0,1340.0,1243.0,1279.0,1409.0,1306.0,1439.0,1216.0,0.1331162790697674,0.1283684016242156,0.1360918209876543,0.1270504330106979,0.1356834053874293,0.1570005858230814,0.1522911051212938,0.1407195511057322,0.136385635466073,0.1260131223465843,0.1469717087120825,0.1236903672057776,0.0603158430973,-0.1791689152725309,-0.0112128869235628,0.185244587008821,-0.1480502313284865,-0.2894514767932489,-0.2653927813163482,0.190353143841516,0.1237873496313541,0.1039878849066129,0.1178221986635514,0.0598609432720034,-0.0674598333001604,-0.3298708796700046,-0.2258617184010659,-0.0325806451612903,Information Technology,45.0,1.0,64,9.250330020192342,10750.0,9815.0,11.31425498995494,10.728583624225356,11.289981893658686,10.707191723660717
CSCO,2011Q2,2011,Q2,0,1,0,0,10866.0,6659.0,4207.0,4342.0,2912.0,2929.0,2183.0,2203.0,1807.0,1430.0,3237.0,85350.0,47163.0,81981.0,45641.0,0.131603165838395,0.2679919013436407,0.6128290079145959,0.2009018958218295,0.1662985459230627,1478.0,1431.0,1391.0,1411.0,1247.0,1224.0,1340.0,1243.0,1279.0,1409.0,1306.0,1439.0,0.1420197943691745,0.1331162790697674,0.1283684016242156,0.1360918209876543,0.1270504330106979,0.1356834053874293,0.1570005858230814,0.1522911051212938,0.1407195511057322,0.136385635466073,0.1260131223465843,0.1469717087120825,0.0480324074074074,-0.1756386861313869,0.0043740573152337,0.0134656272147413,-0.0421844342707652,-0.0690831556503198,-0.0832292967124428,0.1254681647940074,0.0562205295611171,0.0133022170361727,-0.0329825489635158,0.0078128520605247,-0.0416574428267675,-0.1117480358717573,-0.2134200163639075,-0.1015820149875104,Information Technology,45.0,2.0,65,9.293485953062852,10407.0,10368.0,11.354527444615577,10.761386168696564,11.31425498995494,10.728583624225356
CSCO,2011Q3,2011,Q3,0,0,1,0,11195.0,6861.0,4334.0,5405.0,3052.0,2288.0,1456.0,1467.0,1232.0,1484.0,2716.0,87095.0,47226.0,85350.0,47163.0,0.1325591782045556,0.272621706118803,0.6128628852166146,0.1300580616346583,0.1100491290754801,1430.0,1478.0,1431.0,1391.0,1411.0,1247.0,1224.0,1340.0,1243.0,1279.0,1409.0,1306.0,0.131603165838395,0.1420197943691745,0.1331162790697674,0.1283684016242156,0.1360918209876543,0.1270504330106979,0.1356834053874293,0.1570005858230814,0.1522911051212938,0.1407195511057322,0.136385635466073,0.1260131223465843,0.0331303063861203,-0.3633074935400516,0.0100103047254527,0.0668583752695901,-0.2854465958775765,-0.373763440860215,-0.3933002481389578,0.0719762552559979,0.0359809911744739,0.2097135183527305,0.0326464809666169,0.0027592693494058,-0.0223785920495752,-0.3938455243556311,-0.3837248771773113,-0.1834034876728802,Information Technology,45.0,3.0,66,9.323311850635344,10866.0,10836.0,11.374766237561015,10.762721041922928,11.354527444615577,10.761386168696564
CSCO,2011Q4,2011,Q4,0,0,0,1,11256.0,6890.0,4366.0,4379.0,3004.0,3014.0,2210.0,2245.0,1777.0,1375.0,3152.0,86964.0,47188.0,87095.0,47226.0,0.1221570717839374,0.2668798862828713,0.6121179815209666,0.1963397299218194,0.1578713574982231,1484.0,1430.0,1478.0,1431.0,1391.0,1411.0,1247.0,1224.0,1340.0,1243.0,1279.0,1409.0,0.1325591782045556,0.131603165838395,0.1420197943691745,0.1331162790697674,0.1283684016242156,0.1360918209876543,0.1270504330106979,0.1356834053874293,0.1570005858230814,0.1522911051212938,0.1407195511057322,0.136385635466073,0.0470697674418605,-0.0792746113989637,0.0199851961509993,-0.0391334730957372,-0.0413486005089058,-0.0599744789451297,-0.0742268041237113,0.0928660826032541,0.0503496503496503,-0.0056766575840144,-0.0823280770948096,0.0031324396996037,-0.0258670168245164,-0.1022322004850875,-0.1206647185979797,-0.0621838738470693,Information Technology,45.0,4.0,67,9.328745436354804,11195.0,10750.0,11.373261017842253,10.76191609356562,11.374766237561015,10.762721041922928
CSCO,2012Q1,2012,Q1,1,0,0,0,11527.0,7065.0,4462.0,4328.0,2892.0,3463.0,2734.0,2749.0,2182.0,1339.0,3521.0,89259.0,49246.0,86964.0,47188.0,0.1161620543072785,0.2508892166218444,0.6129088227639455,0.2371822677192678,0.1892946994014054,1375.0,1484.0,1430.0,1478.0,1431.0,1391.0,1411.0,1247.0,1224.0,1340.0,1243.0,1279.0,0.1221570717839374,0.1325591782045556,0.131603165838395,0.1420197943691745,0.1331162790697674,0.1283684016242156,0.1360918209876543,0.1270504330106979,0.1356834053874293,0.1570005858230814,0.1522911051212938,0.1407195511057322,0.1076198712405112,0.4345825115055883,0.1284139913751796,-0.0940460081190798,0.343289371605896,0.6235154394299287,0.5890173410404624,0.0762180414857693,-0.0013812154696132,-0.0105166895290351,-0.1820713808011853,-0.0984101942736414,0.0187736972535348,0.4657695131558315,0.2951939097109968,0.1740580193397798,Information Technology,45.0,1.0,68,9.352534137679358,11256.0,10407.0,11.399308738183262,10.804603731039336,11.373261017842253,10.76191609356562
CSCO,2012Q2,2012,Q2,0,1,0,0,11588.0,7169.0,4419.0,4399.0,2945.0,3561.0,2750.0,2779.0,2165.0,1358.0,3523.0,91154.0,51357.0,89259.0,49246.0,0.117190196755264,0.2541422160856058,0.6186572316189162,0.2373144632378322,0.1868312046945115,1339.0,1375.0,1484.0,1430.0,1478.0,1431.0,1391.0,1411.0,1247.0,1224.0,1340.0,1243.0,0.1161620543072785,0.1221570717839374,0.1325591782045556,0.131603165838395,0.1420197943691745,0.1331162790697674,0.1283684016242156,0.1360918209876543,0.1270504330106979,0.1356834053874293,0.1570005858230814,0.1522911051212938,0.0664457942205043,0.1981184283342556,0.0765880762877309,-0.0503496503496503,0.2157733014680778,0.2597343105817682,0.2614616432137993,0.0503922034704065,0.0113324175824176,0.0131275909719024,-0.1095184070330773,-0.0516794917629833,0.009510358728209,0.1812455142200113,0.1234686608802229,0.0883534136546184,Information Technology,45.0,2.0,69,9.35781165133439,11527.0,10866.0,11.420316633237565,10.84657599679566,11.399308738183262,10.804603731039336
CSCO,2012Q3,2012,Q3,0,0,1,0,11690.0,7085.0,4605.0,4714.0,3128.0,3319.0,2371.0,2386.0,1917.0,1416.0,3333.0,91759.0,51286.0,91154.0,51357.0,0.1211291702309666,0.2675791274593669,0.6060735671514115,0.2028229255774166,0.1639863130881095,1358.0,1339.0,1375.0,1484.0,1430.0,1478.0,1431.0,1391.0,1411.0,1247.0,1224.0,1340.0,0.117190196755264,0.1161620543072785,0.1221570717839374,0.1325591782045556,0.131603165838395,0.1420197943691745,0.1331162790697674,0.1283684016242156,0.1360918209876543,0.1270504330106979,0.1356834053874293,0.1570005858230814,0.0442161679321124,0.5560064935064934,0.0326483019967933,-0.045822102425876,0.4506118881118881,0.6284340659340659,0.6264485344239945,0.0625288417166589,0.0249017038007863,-0.1278445883441258,-0.0862257003128896,-0.01849661470917,-0.011078037565945,0.5594798432961394,0.4901191355693064,0.2271723122238587,Information Technology,45.0,3.0,70,9.366574594006819,11588.0,11195.0,11.426931751803252,10.845192587738747,11.420316633237565,10.84657599679566
CSCO,2012Q4,2012,Q4,0,0,0,1,11876.0,7239.0,4637.0,4529.0,2976.0,3394.0,2651.0,2631.0,2092.0,1431.0,3523.0,92643.0,52686.0,91759.0,51286.0,0.1204951162007409,0.2505894240485011,0.6095486695857191,0.2232233075109464,0.1761535870663523,1416.0,1358.0,1339.0,1375.0,1484.0,1430.0,1478.0,1431.0,1391.0,1411.0,1247.0,1224.0,0.1211291702309666,0.117190196755264,0.1161620543072785,0.1221570717839374,0.1325591782045556,0.131603165838395,0.1420197943691745,0.1331162790697674,0.1283684016242156,0.1360918209876543,0.1270504330106979,0.1356834053874293,0.0550817341862117,0.177265053460889,0.0506531204644411,0.0407272727272727,0.1260783012607831,0.1995475113122171,0.1719376391982183,0.0620705451213925,-0.0093209054593874,0.0342543959808174,-0.0136050705777885,-0.0610404270672673,-0.0041974129380474,0.1369237779833543,0.1158046010235573,0.1177030456852792,Information Technology,45.0,4.0,71,9.38235903577424,11690.0,11256.0,11.436519469767603,10.872124024782218,11.426931751803252,10.845192587738747
CSCO,2013Q1,2013,Q1,1,0,0,0,12098.0,7343.0,4755.0,4541.0,2971.0,3544.0,2789.0,2780.0,3143.0,1452.0,4595.0,96378.0,55515.0,92643.0,52686.0,0.1200198379897503,0.2455777814514795,0.6069598280707555,0.2305339725574475,0.2597950074392461,1431.0,1416.0,1358.0,1339.0,1375.0,1484.0,1430.0,1478.0,1431.0,1391.0,1411.0,1247.0,0.1204951162007409,0.1211291702309666,0.117190196755264,0.1161620543072785,0.1221570717839374,0.1325591782045556,0.131603165838395,0.1420197943691745,0.1331162790697674,0.1283684016242156,0.1360918209876543,0.1270504330106979,0.0495358722998178,0.4404216315307057,0.0393489030431706,0.0843913368185211,0.0233901241697949,0.0201170446232625,0.0112768279374317,0.0656656207978485,0.0273167358229597,0.0492144177449167,0.0332103603494045,-0.0211704402520038,-0.0097061658638926,-0.028030321261998,0.3724367785298765,0.3050269809713148,Information Technology,45.0,1.0,72,9.400878083541478,11876.0,11527.0,11.4760436145439,10.92442654647573,11.436519469767603,10.872124024782218
CSCO,2013Q2,2013,Q2,0,1,0,0,12216.0,7511.0,4705.0,4569.0,2905.0,3709.0,2942.0,2945.0,2478.0,1542.0,4020.0,97084.0,56788.0,96378.0,55515.0,0.1262278978388998,0.2378028814669286,0.614849377865095,0.2408316961362148,0.2028487229862475,1452.0,1431.0,1416.0,1358.0,1339.0,1375.0,1484.0,1430.0,1478.0,1431.0,1391.0,1411.0,0.1200198379897503,0.1204951162007409,0.1211291702309666,0.117190196755264,0.1161620543072785,0.1221570717839374,0.1325591782045556,0.131603165838395,0.1420197943691745,0.1331162790697674,0.1283684016242156,0.1360918209876543,0.0541939937866757,0.1445727482678984,0.0477053982424326,0.1354933726067746,0.0415613591687729,0.0698181818181817,0.0597337171644476,0.0647205250056572,-0.0135823429541596,0.0386451466242327,0.0771199412055752,-0.0642920915318271,-0.0061550298924927,0.0148209799368934,0.0857325644178459,0.1410729491910303,Information Technology,45.0,2.0,73,9.41058370340406,12098.0,11588.0,11.483342162428555,10.947097923982511,11.4760436145439,10.92442654647573
CSCO,2013Q3,2013,Q3,0,0,1,0,12417.0,7347.0,5070.0,4533.0,2950.0,3605.0,2814.0,2871.0,2270.0,1517.0,3787.0,101191.0,59120.0,97084.0,56788.0,0.1221712168800837,0.237577514697592,0.5916888137231215,0.2266247885962793,0.1828138841910284,1542.0,1452.0,1431.0,1416.0,1358.0,1339.0,1375.0,1484.0,1430.0,1478.0,1431.0,1391.0,0.1262278978388998,0.1200198379897503,0.1204951162007409,0.1211291702309666,0.117190196755264,0.1161620543072785,0.1221570717839374,0.1325591782045556,0.131603165838395,0.1420197943691745,0.1331162790697674,0.1283684016242156,0.0621899059024808,0.1841418883672405,0.0369795342272405,0.0713276836158192,0.0861705332931606,0.1868409953606074,0.2032690695725063,0.1009771986970684,-0.0569053708439897,-0.0383962664403902,0.0086027721244201,-0.112122395519549,-0.0237343355789286,0.1173529222650799,0.1148118446495161,0.1362136213621361,Information Technology,45.0,3.0,74,9.426902311924838,12216.0,11690.0,11.524774981327377,10.987341470228692,11.483342162428555,10.947097923982511
CSCO,2013Q4,2013,Q4,0,0,0,1,12085.0,7407.0,4678.0,4715.0,2926.0,3271.0,2455.0,2540.0,1996.0,1724.0,3720.0,100741.0,58897.0,101191.0,59120.0,0.1426561853537443,0.2421183285064129,0.6129085643359536,0.2031443938767066,0.1651634257343814,1517.0,1542.0,1452.0,1431.0,1416.0,1358.0,1339.0,1375.0,1484.0,1430.0,1478.0,1431.0,0.1221712168800837,0.1262278978388998,0.1200198379897503,0.1204951162007409,0.1211291702309666,0.117190196755264,0.1161620543072785,0.1221570717839374,0.1325591782045556,0.131603165838395,0.1420197943691745,0.1331162790697674,0.0175985180195352,-0.0458891013384321,0.0232076253626192,0.2047519217330538,-0.0362404242781378,-0.0739343643907959,-0.0345876092740402,0.0088419236575372,-0.0168010752688172,0.0410686685802605,0.1839167416219898,-0.0338046810006182,0.0055121025077753,-0.089949897518005,-0.0623896539094099,0.0559182514902072,Information Technology,45.0,4.0,75,9.399803036921504,12417.0,11876.0,11.520318072189726,10.98356241320578,11.524774981327377,10.987341470228692
CSCO,2014Q1,2014,Q1,1,0,0,0,11155.0,5951.0,5204.0,4284.0,2728.0,2503.0,1667.0,1755.0,1429.0,1412.0,2841.0,98427.0,56069.0,100741.0,58897.0,0.1265800089645898,0.2445540116539668,0.5334827431645002,0.1494397131331241,0.1281039892424921,1724.0,1517.0,1542.0,1452.0,1431.0,1416.0,1358.0,1339.0,1375.0,1484.0,1430.0,1478.0,0.1426561853537443,0.1221712168800837,0.1262278978388998,0.1200198379897503,0.1204951162007409,0.1211291702309666,0.117190196755264,0.1161620543072785,0.1221570717839374,0.1325591782045556,0.131603165838395,0.1420197943691745,-0.0779467680608364,-0.5453388482341712,-0.1895682963366471,-0.0275482093663911,-0.2937358916478555,-0.4022947292936536,-0.368705035971223,0.0944269190325972,-0.0817906428811847,-0.0565954635542832,0.0546590554088211,-0.0041688209391818,-0.1210575749960339,-0.3517670672339419,-0.5069035756106681,-0.3817192600652883,Information Technology,45.0,1.0,76,9.319732748747379,12085.0,12098.0,11.497080595408391,10.934356189117718,11.520318072189726,10.98356241320578
CSCO,2014Q2,2014,Q2,0,1,0,0,11545.0,7006.0,4539.0,4438.0,2802.0,3396.0,2542.0,2642.0,2181.0,1565.0,3746.0,101856.0,55787.0,98427.0,56069.0,0.1355565179731485,0.242702468601126,0.6068427890861845,0.2201818969250757,0.1889129493287137,1412.0,1724.0,1517.0,1542.0,1452.0,1431.0,1416.0,1358.0,1339.0,1375.0,1484.0,1430.0,0.1265800089645898,0.1426561853537443,0.1221712168800837,0.1262278978388998,0.1200198379897503,0.1204951162007409,0.1211291702309666,0.117190196755264,0.1161620543072785,0.1221570717839374,0.1325591782045556,0.131603165838395,-0.0549279633267845,-0.1198547215496368,-0.0672347224071362,0.0149156939040207,-0.0843893232677271,-0.1359619306594153,-0.1028862478777589,-0.0352816153028693,-0.0354561101549053,-0.0286714817246662,0.073902998417628,0.0206035650366112,-0.0130220328216176,-0.0857436938012489,-0.0687003272802393,-0.0681592039800994,Information Technology,45.0,2.0,77,9.354094335620879,11155.0,12216.0,11.531325147815592,10.929314071478585,11.497080595408391,10.934356189117718
CSCO,2014Q3,2014,Q3,0,0,1,0,12357.0,7405.0,4952.0,4724.0,2981.0,3541.0,2681.0,2778.0,2247.0,1593.0,3840.0,105070.0,56654.0,101856.0,55787.0,0.1289147851420247,0.2412397831188799,0.5992554827223436,0.2169620458039977,0.181840252488468,1565.0,1412.0,1724.0,1517.0,1542.0,1452.0,1431.0,1416.0,1358.0,1339.0,1375.0,1484.0,0.1355565179731485,0.1265800089645898,0.1426561853537443,0.1221712168800837,0.1262278978388998,0.1200198379897503,0.1204951162007409,0.1211291702309666,0.117190196755264,0.1161620543072785,0.1221570717839374,0.1325591782045556,-0.0048320850446967,-0.0101321585903083,0.0078943786579557,0.0500988793671719,-0.0177531206657419,-0.0472636815920397,-0.03239289446186,-0.0232741617357001,0.0105084745762711,0.0421354511361129,0.0551976843167576,0.015415046436316,0.0127882576511964,-0.0426376251783086,-0.0053258083042695,0.0139952468972801,Information Technology,45.0,3.0,78,9.422058905620926,11545.0,12417.0,11.562391591102077,10.944735523814668,11.531325147815592,10.929314071478585
CSCO,2014Q4,2014,Q4,0,0,0,1,12245.0,7333.0,4912.0,4991.0,3019.0,3098.0,2342.0,2360.0,1828.0,1583.0,3411.0,103978.0,56708.0,105070.0,56654.0,0.1292772560228664,0.2465496120865659,0.598856676194365,0.1912617394855043,0.1492854226214781,1593.0,1565.0,1412.0,1724.0,1517.0,1542.0,1452.0,1431.0,1416.0,1358.0,1339.0,1375.0,0.1289147851420247,0.1355565179731485,0.1265800089645898,0.1426561853537443,0.1221712168800837,0.1262278978388998,0.1200198379897503,0.1204951162007409,0.1211291702309666,0.117190196755264,0.1161620543072785,0.1221570717839374,0.0132395531650806,-0.0841683366733466,-0.0099905494802213,-0.0817865429234339,-0.0528890247630694,-0.0460285132382891,-0.0708661417322834,0.0500213766566908,0.0317840054682159,0.0585365853658537,-0.093784432113491,0.0183021401456424,-0.0229265651668825,-0.0584936367892793,-0.0961351040177538,-0.0830645161290322,Information Technology,45.0,4.0,79,9.4129546320379,12357.0,12085.0,11.551944234657377,10.945688207278275,11.562391591102077,10.944735523814668
CSCO,2015Q1,2015,Q1,1,0,0,0,11936.0,7090.0,4846.0,4468.0,2798.0,3642.0,2622.0,2873.0,2397.0,1529.0,3926.0,104922.0,57718.0,103978.0,56708.0,0.1280998659517426,0.2344168900804289,0.5940013404825737,0.219671581769437,0.2008210455764075,1583.0,1593.0,1565.0,1412.0,1724.0,1517.0,1542.0,1452.0,1431.0,1416.0,1358.0,1339.0,0.1292772560228664,0.1289147851420247,0.1355565179731485,0.1265800089645898,0.1426561853537443,0.1221712168800837,0.1262278978388998,0.1200198379897503,0.1204951162007409,0.1211291702309666,0.117190196755264,0.1161620543072785,0.070013446884805,0.6773967809657102,0.1913964039657201,0.0828611898016997,0.4550539352776668,0.572885422915417,0.6370370370370371,-0.068793235972329,0.0256598240469208,0.0429505135387489,0.0120070854757003,-0.0414514630325568,0.1134405903349202,0.4699679032022015,0.5676408421307386,0.3819077789510736,Information Technology,45.0,1.0,80,9.387398099095039,12245.0,11155.0,11.56098202678591,10.963341687720403,11.551944234657377,10.945688207278275
CSCO,2015Q2,2015,Q2,0,1,0,0,12137.0,7525.0,4612.0,4576.0,2959.0,3744.0,2925.0,3035.0,2437.0,1547.0,3984.0,106212.0,58823.0,104922.0,57718.0,0.1274614814204498,0.2437999505643898,0.6200049435610118,0.24099859932438,0.2007909697618851,1529.0,1583.0,1593.0,1565.0,1412.0,1724.0,1517.0,1542.0,1452.0,1431.0,1416.0,1358.0,0.1280998659517426,0.1292772560228664,0.1289147851420247,0.1355565179731485,0.1265800089645898,0.1426561853537443,0.1221712168800837,0.1262278978388998,0.1200198379897503,0.1204951162007409,0.1211291702309666,0.117190196755264,0.0512776093546989,0.1173773498395231,0.0740793605481016,-0.0115015974440894,0.1024734982332156,0.1506687647521636,0.1487509462528387,0.0160828376294337,0.0560314061384725,0.0310950878774223,-0.0597170587865216,0.0045219233639832,0.0216895622911619,0.0945432058221744,0.0628756285653204,0.0635344367325145,Information Technology,45.0,2.0,81,9.4040963063958,11936.0,11545.0,11.573201790844555,10.982305213876058,11.56098202678591,10.963341687720403
CSCO,2015Q3,2015,Q3,0,0,1,0,12843.0,7733.0,5110.0,4852.0,3085.0,3733.0,2881.0,2933.0,2319.0,1548.0,3867.0,113373.0,59698.0,106212.0,58823.0,0.1205325858444288,0.2402086739858288,0.6021178852293078,0.2243245347660204,0.180565288483999,1547.0,1529.0,1583.0,1593.0,1565.0,1412.0,1724.0,1517.0,1542.0,1452.0,1431.0,1416.0,0.1274614814204498,0.1280998659517426,0.1292772560228664,0.1289147851420247,0.1355565179731485,0.1265800089645898,0.1426561853537443,0.1221712168800837,0.1262278978388998,0.1200198379897503,0.1204951162007409,0.1211291702309666,0.0393299344501092,0.0320427236315086,0.0442943956785955,-0.0282485875706214,0.0542219711945777,0.0745990302126071,0.0557955363570914,0.0319063004846527,0.0348876216034887,0.0270956816257408,-0.0650212408790912,-0.0042742085062438,0.0047765979444369,0.0339344558387595,-0.0070114509137622,0.00703125,Information Technology,45.0,3.0,82,9.460632055209405,12137.0,12357.0,11.63844736709188,10.997070548821643,11.573201790844555,10.982305213876058
CSCO,2015Q4,2015,Q4,0,0,0,1,12682.0,7832.0,4850.0,4753.0,2982.0,3803.0,3079.0,3137.0,2430.0,1560.0,3990.0,111773.0,59977.0,113373.0,59698.0,0.1230089891184355,0.2351364138148557,0.6175682069074279,0.2427850496767071,0.1916101561267938,1548.0,1547.0,1529.0,1583.0,1593.0,1565.0,1412.0,1724.0,1517.0,1542.0,1452.0,1431.0,0.1205325858444288,0.1274614814204498,0.1280998659517426,0.1292772560228664,0.1289147851420247,0.1355565179731485,0.1265800089645898,0.1426561853537443,0.1221712168800837,0.1262278978388998,0.1200198379897503,0.1204951162007409,0.0356880359330338,0.3293216630196935,0.0680485476612573,-0.01452937460518,0.2275661717236927,0.3146883005977796,0.3292372881355931,-0.0126221498371335,-0.0122557138125206,-0.0476858345021038,-0.048487004576599,-0.0462916902408386,0.0312454239167401,0.2693863933780012,0.2835155151928836,0.1697449428320141,Information Technology,45.0,4.0,83,9.448017793067429,12843.0,12245.0,11.624234254517763,11.001733107298913,11.63844736709188,10.997070548821643
CSCO,2016Q1,2016,Q1,1,0,0,0,11927.0,7432.0,4495.0,4138.0,2462.0,3966.0,3294.0,3306.0,3147.0,1509.0,4656.0,112642.0,60871.0,111773.0,59977.0,0.1265196612727425,0.206422402951287,0.6231240043598558,0.2761800955814538,0.2638551186383835,1560.0,1548.0,1547.0,1529.0,1583.0,1593.0,1565.0,1412.0,1724.0,1517.0,1542.0,1452.0,0.1230089891184355,0.1205325858444288,0.1274614814204498,0.1280998659517426,0.1292772560228664,0.1289147851420247,0.1355565179731485,0.1265800089645898,0.1426561853537443,0.1221712168800837,0.1262278978388998,0.1200198379897503,-0.0007540214477211,0.3128911138923653,0.0482369534555713,-0.013080444735121,0.0889621087314662,0.2562929061784897,0.1507135398538113,-0.0724308708212959,-0.1200857755539671,-0.0738585496866607,-0.012335724688388,-0.1194218007053031,0.0490279430238702,0.2572408927765954,0.3138818089560891,0.1859398879266429,Information Technology,45.0,1.0,84,9.386643856444575,12682.0,11936.0,11.63197880455993,11.01652857785636,11.624234254517763,11.001733107298913
CSCO,2016Q2,2016,Q2,0,1,0,0,12000.0,7721.0,4279.0,4720.0,3013.0,3799.0,2984.0,3083.0,2349.0,1626.0,3975.0,118654.0,62358.0,112642.0,60871.0,0.1355,0.2510833333333333,0.6434166666666666,0.2486666666666666,0.19575,1509.0,1560.0,1548.0,1547.0,1529.0,1583.0,1593.0,1565.0,1412.0,1724.0,1517.0,1542.0,0.1265196612727425,0.1230089891184355,0.1205325858444288,0.1274614814204498,0.1280998659517426,0.1292772560228664,0.1289147851420247,0.1355565179731485,0.1265800089645898,0.1426561853537443,0.1221712168800837,0.1262278978388998,-0.0112877976435692,-0.0361099712761592,0.0260465116279069,0.0510665804783452,0.0146901709401709,0.0201709401709402,0.015815485996705,-0.0722029488291413,0.018249408583981,0.0314685314685314,0.0630662572721396,0.0298744226653149,0.0377605426356588,0.0318178917378917,-0.0251055601148953,-0.0022590361445783,Information Technology,45.0,2.0,85,9.392745258631441,11927.0,12137.0,11.68397540172612,11.040663287122674,11.63197880455993,11.01652857785636
CSCO,2016Q3,2016,Q3,0,0,1,0,12638.0,7975.0,4663.0,4659.0,2976.0,4178.0,3303.0,3394.0,2813.0,1601.0,4414.0,121652.0,63586.0,118654.0,62358.0,0.126681436936224,0.2354802975154296,0.6310333913593923,0.2613546447222661,0.2225826871340402,1626.0,1509.0,1560.0,1548.0,1547.0,1529.0,1583.0,1593.0,1565.0,1412.0,1724.0,1517.0,0.1355,0.1265196612727425,0.1230089891184355,0.1205325858444288,0.1274614814204498,0.1280998659517426,0.1292772560228664,0.1289147851420247,0.1355565179731485,0.1265800089645898,0.1426561853537443,0.1221712168800837,-0.0159620026473565,0.2130228546787409,0.0312944523470839,0.0342377260981912,0.1192070720600053,0.1464769177368969,0.1571769519263552,-0.0874755381604697,-0.0353322528363047,-0.0397774113767518,0.0510140145813473,-0.0196844534876294,0.0480229982191484,0.1650738292842986,0.232699202614264,0.1414533229893975,Information Technology,45.0,3.0,86,9.444542550647126,12000.0,12843.0,11.708928008820047,11.060164325919448,11.68397540172612,11.040663287122674
CSCO,2016Q4,2016,Q4,0,0,0,1,12352.0,7884.0,4468.0,5007.0,2973.0,3750.0,2877.0,2953.0,2322.0,1545.0,3867.0,126287.0,63406.0,121652.0,63586.0,0.1250809585492228,0.2406897668393782,0.6382772020725389,0.2329177461139896,0.1879857512953368,1601.0,1626.0,1509.0,1560.0,1548.0,1547.0,1529.0,1583.0,1593.0,1565.0,1412.0,1724.0,0.126681436936224,0.1355,0.1265196612727425,0.1230089891184355,0.1205325858444288,0.1274614814204498,0.1280998659517426,0.1292772560228664,0.1289147851420247,0.1355565179731485,0.1265800089645898,0.1426561853537443,-0.0260211323135152,-0.0444444444444444,0.0066394279877426,-0.0096153846153845,-0.0139363660268209,-0.0656057161416043,-0.058654765699713,-0.0787628865979381,-0.0030181086519114,0.0534399326741006,0.0168440489238741,0.0236175798313194,0.0335331303222596,-0.0406421382859315,-0.0189155152561888,-0.0308270676691729,Information Technology,45.0,4.0,87,9.421654227536814,12638.0,12682.0,11.746320291948184,11.057329544425208,11.708928008820047,11.060164325919448
CSCO,2017Q1,2017,Q1,1,0,0,0,11580.0,7276.0,4304.0,4383.0,2678.0,3731.0,2893.0,2963.0,2348.0,1508.0,3856.0,126248.0,63811.0,126287.0,63406.0,0.1302245250431778,0.2312607944732297,0.6283246977547495,0.2498272884283247,0.2027633851468048,1545.0,1601.0,1626.0,1509.0,1560.0,1548.0,1547.0,1529.0,1583.0,1593.0,1565.0,1412.0,0.1250809585492228,0.126681436936224,0.1355,0.1265196612727425,0.1230089891184355,0.1205325858444288,0.1274614814204498,0.1280998659517426,0.1292772560228664,0.1289147851420247,0.1355565179731485,0.1265800089645898,-0.0290936530560912,-0.253892596123292,-0.0209903121636167,-0.0006626905235255,-0.0592536560766515,-0.1217364905889496,-0.1037507562008469,-0.0424916573971079,0.0877335499593825,0.0592073465442242,0.0292829093372979,0.1203279836239685,0.0083461612111002,-0.0954189225608291,-0.2315351462834632,-0.1718213058419243,Information Technology,45.0,1.0,88,9.357121103184378,12352.0,11927.0,11.746011426314157,11.063696539420889,11.746320291948184,11.057329544425208
CSCO,2017Q2,2017,Q2,0,1,0,0,11940.0,7518.0,4422.0,4349.0,2713.0,3970.0,3169.0,3191.0,2515.0,1507.0,4022.0,125950.0,65382.0,126248.0,63811.0,0.126214405360134,0.2272194304857621,0.6296482412060301,0.2654103852596315,0.2106365159128978,1508.0,1545.0,1601.0,1626.0,1509.0,1560.0,1548.0,1547.0,1529.0,1583.0,1593.0,1565.0,0.1302245250431778,0.1250809585492228,0.126681436936224,0.1355,0.1265196612727425,0.1230089891184355,0.1205325858444288,0.1274614814204498,0.1280998659517426,0.1292772560228664,0.1289147851420247,0.1355565179731485,-0.005,0.0706683695189442,-0.0262919310970081,-0.0731857318573185,0.0450118452224268,0.0619973190348526,0.0350308141420694,0.0334190231362467,-0.0995685363425157,-0.0786016949152542,-0.0685283737259483,-0.0950437551181062,-0.0213989257256362,0.0673339889797512,0.0760486125818533,0.011823899371069,Information Technology,45.0,2.0,89,9.387733135533384,11580.0,12000.0,11.743648221407833,11.088017564817415,11.746011426314157,11.063696539420889
CSCO,2017Q3,2017,Q3,0,0,1,0,12133.0,7546.0,4587.0,4370.0,2813.0,3980.0,3034.0,3180.0,2424.0,1499.0,3923.0,129818.0,66137.0,125950.0,65382.0,0.1235473502019286,0.2318470287645265,0.6219401631912964,0.2500618148850243,0.1997857083985823,1507.0,1508.0,1545.0,1601.0,1626.0,1509.0,1560.0,1548.0,1547.0,1529.0,1583.0,1593.0,0.126214405360134,0.1302245250431778,0.1250809585492228,0.126681436936224,0.1355,0.1265196612727425,0.1230089891184355,0.1205325858444288,0.1274614814204498,0.1280998659517426,0.1292772560228664,0.1289147851420247,-0.03995885424909,-0.1382865268396729,-0.0537931034482758,-0.0637101811367895,-0.0473910962182863,-0.0814411141386618,-0.0630524454920448,-0.0162985202659232,-0.0547715053763441,-0.0620304786434857,-0.0247399051517963,-0.0154291836269871,-0.0144100586317738,-0.0432088354474908,-0.1024202691996857,-0.111236973266878,Information Technology,45.0,3.0,90,9.403766708502243,11940.0,12638.0,11.773896451584443,11.09949874719137,11.743648221407833,11.088017564817415
CSCO,2017Q4,2017,Q4,0,0,0,1,12136.0,7427.0,4709.0,4671.0,2891.0,3605.0,2756.0,2962.0,2394.0,1567.0,3961.0,130522.0,65550.0,129818.0,66137.0,0.1291199736321687,0.2382168754119973,0.6119808833223468,0.2270929466051417,0.1972643375082399,1499.0,1507.0,1508.0,1545.0,1601.0,1626.0,1509.0,1560.0,1548.0,1547.0,1529.0,1583.0,0.1235473502019286,0.126214405360134,0.1302245250431778,0.1250809585492228,0.126681436936224,0.1355,0.1265196612727425,0.1230089891184355,0.1205325858444288,0.1274614814204498,0.1280998659517426,0.1292772560228664,-0.0174870466321243,0.0310077519379845,-0.0579654997463217,0.0142394822006473,-0.0386666666666666,-0.0420576989920055,0.0030477480528277,0.0539391226499552,-0.027581567440296,-0.0671060515278609,0.0322912066696106,-0.0102741859774666,-0.0411989002032436,-0.0250079678600241,0.0493579228689835,0.0243082492888544,Information Technology,45.0,4.0,91,9.404013917106361,12133.0,12352.0,11.779304735426251,11.090583744605611,11.773896451584443,11.09949874719137
CSCO,2018Q1,2018,Q1,1,0,0,0,11887.0,7498.0,4389.0,4425.0,2718.0,3717.0,3073.0,3232.0,-8778.0,1549.0,-7229.0,131510.0,51982.0,130522.0,65550.0,0.1303104231513418,0.2286531505005468,0.6307731134853201,0.258517708420964,-0.7384537730293598,1567.0,1499.0,1507.0,1508.0,1545.0,1601.0,1626.0,1509.0,1560.0,1548.0,1547.0,1529.0,0.1291199736321687,0.1235473502019286,0.126214405360134,0.1302245250431778,0.1250809585492228,0.126681436936224,0.1355,0.1265196612727425,0.1230089891184355,0.1205325858444288,0.1274614814204498,0.1280998659517426,0.0265112262521589,-4.738500851788757,0.0305112699285321,0.0271883289124668,-0.0037523452157598,0.0622191496716211,0.0907863651704354,0.0197490706319702,0.0149365197908886,0.0095824777549624,0.0006596154459803,-0.0112757719207123,0.0038967364156139,0.0347857115502121,-4.641948335468478,-2.8747406639004147,Information Technology,45.0,1.0,92,9.38328476695754,12136.0,11580.0,11.786845777291589,10.858672021035643,11.779304735426251,11.090583744605611
CSCO,2018Q2,2018,Q2,0,1,0,0,12463.0,7759.0,4704.0,4625.0,2886.0,4054.0,3134.0,3253.0,2691.0,1590.0,4281.0,114008.0,46661.0,131510.0,51982.0,0.1275776297841611,0.2315654336837037,0.6225627858461045,0.2514643344299125,0.215919120596967,1549.0,1567.0,1499.0,1507.0,1508.0,1545.0,1601.0,1626.0,1509.0,1560.0,1548.0,1547.0,0.1303104231513418,0.1291199736321687,0.1235473502019286,0.126214405360134,0.1302245250431778,0.1250809585492228,0.126681436936224,0.1355,0.1265196612727425,0.1230089891184355,0.1205325858444288,0.1274614814204498,0.0438023450586264,0.0699801192842941,0.0320563979781856,0.055076310550763,0.0211586901763223,-0.0110444935310823,0.0194296458790348,0.0637720488466757,0.063767047548839,0.0634628650264428,0.0108008623907656,0.0191268994409963,-0.0112530376426592,-0.0525452341138669,0.0250792445040899,0.0643958229736449,Information Technology,45.0,2.0,93,9.430599768110529,11887.0,11940.0,11.644032671628874,10.750685407922997,11.786845777291589,10.858672021035643
CSCO,2018Q3,2018,Q3,0,0,1,0,12844.0,7922.0,4922.0,4576.0,2891.0,4332.0,3346.0,3592.0,3803.0,1626.0,5429.0,108784.0,43204.0,114008.0,46661.0,0.1265960759887885,0.2250856431018374,0.616786047960137,0.2605107443164123,0.2960915602616008,1590.0,1549.0,1567.0,1499.0,1507.0,1508.0,1545.0,1601.0,1626.0,1509.0,1560.0,1548.0,0.1275776297841611,0.1303104231513418,0.1291199736321687,0.1235473502019286,0.126214405360134,0.1302245250431778,0.1250809585492228,0.126681436936224,0.1355,0.1265196612727425,0.1230089891184355,0.1205325858444288,0.0586005110030496,0.568894389438944,0.0498277232971111,0.0847231487658439,0.0884422110552762,0.102834541858932,0.1295597484276729,0.0730324831044255,0.0277284038393175,0.0471395881006864,0.0246765776997806,-0.0291631326858893,-0.0082871561224034,0.0417853858902541,0.4820457510948854,0.3838898801937294,Information Technology,45.0,3.0,94,9.460709909543985,12463.0,12133.0,11.597128736252303,10.673711508275499,11.644032671628874,10.750685407922997
CSCO,2018Q4,2018,Q4,0,0,0,1,13072.0,8146.0,4926.0,4341.0,2621.0,3958.0,3805.0,3909.0,3549.0,1608.0,5157.0,105429.0,43848.0,108784.0,43204.0,0.1230110159118727,0.2005048959608323,0.6231640146878825,0.2910801713586291,0.2714963280293758,1626.0,1590.0,1549.0,1567.0,1499.0,1507.0,1508.0,1545.0,1601.0,1626.0,1509.0,1560.0,0.1265960759887885,0.1275776297841611,0.1303104231513418,0.1291199736321687,0.1235473502019286,0.126214405360134,0.1302245250431778,0.1250809585492228,0.126681436936224,0.1355,0.1265196612727425,0.1230089891184355,0.0771259063941991,0.4824561403508771,0.0968089403527669,0.0261646458200381,0.0979195561719834,0.3806240928882438,0.3197164078325456,0.0460819706944148,-0.0933932895191975,-0.0706486833654463,-0.0473122596640158,-0.1583094370872844,0.01827366126998,0.2817666762004074,0.3763072000687155,0.301943953547084,Information Technology,45.0,4.0,95,9.47830431356186,12844.0,12136.0,11.565802504570994,10.688507192523186,11.597128736252303,10.673711508275499
CSCO,2019Q1,2019,Q1,1,0,0,0,12446.0,7773.0,4673.0,4562.0,2780.0,4053.0,3211.0,3343.0,2822.0,1557.0,4379.0,102462.0,40789.0,105429.0,43848.0,0.1251004338743371,0.2233649365257914,0.6245380041780492,0.2579945363972361,0.2267395147035192,1608.0,1626.0,1590.0,1549.0,1567.0,1499.0,1507.0,1508.0,1545.0,1601.0,1626.0,1509.0,0.1230110159118727,0.1265960759887885,0.1275776297841611,0.1303104231513418,0.1291199736321687,0.1235473502019286,0.126214405360134,0.1302245250431778,0.1250809585492228,0.126681436936224,0.1355,0.1265196612727425,0.0470261630352486,-1.321485532011848,0.0366764470525473,0.0051646223369916,0.0903954802259887,0.0449072567523591,0.0343440594059405,0.0647072226019593,0.0228108903605592,0.0309604519774011,-0.039981370261946,-0.0231276672251351,-0.0098848685430154,-0.0020237376654912,-1.3070463216314343,-1.6057545995296725,Information Technology,45.0,1.0,96,9.429234909000977,13072.0,11887.0,11.537257036783465,10.616192232311604,11.565802504570994,10.688507192523186
CSCO,2019Q2,2019,Q2,0,1,0,0,12958.0,8173.0,4785.0,4642.0,2944.0,4307.0,3513.0,3615.0,3044.0,1659.0,4703.0,97287.0,36804.0,102462.0,40789.0,0.1280290168235839,0.2271955548695786,0.6307300509337861,0.2711066522611514,0.234912795184442,1557.0,1608.0,1626.0,1590.0,1549.0,1567.0,1499.0,1507.0,1508.0,1545.0,1601.0,1626.0,0.1251004338743371,0.1230110159118727,0.1265960759887885,0.1275776297841611,0.1303104231513418,0.1291199736321687,0.1235473502019286,0.126214405360134,0.1302245250431778,0.1250809585492228,0.126681436936224,0.1355,0.0397175639894087,0.1311780007432181,0.0533573914164196,0.0433962264150944,0.0624074987666503,0.1209317166560306,0.111281893636643,0.0172193877551021,0.02009702009702,0.0036756756756757,0.0035381362719031,-0.0188710324533755,0.0131187813877788,0.0781117444577952,0.0879666170136386,0.09857509927587,Information Technology,45.0,2.0,97,9.469545806435415,12446.0,12463.0,11.485430930660835,10.513388984492806,11.537257036783465,10.616192232311604
CSCO,2019Q3,2019,Q3,0,0,1,0,13428.0,8574.0,4854.0,4884.0,3053.0,4374.0,3690.0,3704.0,2206.0,1753.0,3959.0,97793.0,33571.0,97287.0,36804.0,0.1305481084301459,0.2273607387548406,0.6385165326184093,0.274798927613941,0.1642835865355972,1659.0,1557.0,1608.0,1626.0,1590.0,1549.0,1567.0,1499.0,1507.0,1508.0,1545.0,1601.0,0.1280290168235839,0.1251004338743371,0.1230110159118727,0.1265960759887885,0.1275776297841611,0.1303104231513418,0.1291199736321687,0.1235473502019286,0.126214405360134,0.1302245250431778,0.1250809585492228,0.126681436936224,0.0454687013391466,-0.4199316329213778,0.0823024488765462,0.0781057810578105,0.0096952908587257,0.1028093245666468,0.0311804008908684,-0.0138155221454693,0.0560359737115185,0.0673076923076922,0.0312176535527644,0.0101076888852207,0.0352318032000567,0.0548468100040222,-0.4451595094758845,-0.2707680972554798,Information Technology,45.0,3.0,98,9.505171826581176,12958.0,12844.0,11.490618504447689,10.421447665202718,11.485430930660835,10.513388984492806
CSCO,2019Q4,2019,Q4,0,0,0,1,13159.0,8464.0,4695.0,4885.0,2999.0,4229.0,3579.0,3686.0,2926.0,1666.0,4592.0,92492.0,34423.0,97793.0,33571.0,0.1266053651493274,0.2279048559920966,0.6432099703624895,0.271981153583099,0.2223573219849532,1753.0,1659.0,1557.0,1608.0,1626.0,1590.0,1549.0,1567.0,1499.0,1507.0,1508.0,1545.0,0.1305481084301459,0.1280290168235839,0.1251004338743371,0.1230110159118727,0.1265960759887885,0.1275776297841611,0.1303104231513418,0.1291199736321687,0.1235473502019286,0.126214405360134,0.1302245250431778,0.1250809585492228,0.0066554467564259,-0.1755424063116371,0.0390375644488092,0.0360696517412935,0.0684689236988378,-0.0593955321944809,-0.0570478383218214,-0.0468940316686966,0.1442197634490651,0.1253167472932503,0.0292197345970202,0.1366548178285722,0.0321680251139777,-0.0656142865602442,-0.1809932620492227,-0.1095598216017064,Information Technology,45.0,4.0,99,9.484937204879309,13428.0,13072.0,11.434888244961293,10.446509274518435,11.490618504447689,10.421447665202718
CSCO,2020Q1,2020,Q1,1,0,0,0,12005.0,7764.0,4241.0,4384.0,2734.0,3879.0,3384.0,3534.0,2878.0,1570.0,4448.0,90426.0,35533.0,92492.0,34423.0,0.1307788421491045,0.2277384423157017,0.6467305289462724,0.2818825489379425,0.2397334443981674,1666.0,1753.0,1659.0,1557.0,1608.0,1626.0,1590.0,1549.0,1567.0,1499.0,1507.0,1508.0,0.1266053651493274,0.1305481084301459,0.1280290168235839,0.1251004338743371,0.1230110159118727,0.1265960759887885,0.1275776297841611,0.1303104231513418,0.1291199736321687,0.1235473502019286,0.126214405360134,0.1302245250431778,-0.0354330708661417,0.0198440822111978,-0.001157854110382,0.0083493898522799,-0.0429311621021465,0.0538772967922764,0.0571343104995512,-0.0924459661887439,-0.016546762589928,-0.0390179745725558,0.0453907960101187,0.0195800910292174,0.035534306350869,0.0925911566744417,0.0573077423740582,0.015757022151176,Information Technology,45.0,1.0,100,9.393161803811788,13159.0,12446.0,11.412298174352868,10.478245263595852,11.434888244961293,10.446509274518435
CSCO,2020Q2,2020,Q2,0,1,0,0,11983.0,7771.0,4212.0,4357.0,2649.0,3988.0,3414.0,3444.0,2774.0,1546.0,4320.0,91394.0,35708.0,90426.0,35533.0,0.1290161061503797,0.2210631728281732,0.6485020445631311,0.2849036134523909,0.231494617374614,1570.0,1666.0,1753.0,1659.0,1557.0,1608.0,1626.0,1590.0,1549.0,1567.0,1499.0,1507.0,0.1307788421491045,0.1266053651493274,0.1305481084301459,0.1280290168235839,0.1251004338743371,0.1230110159118727,0.1265960759887885,0.1275776297841611,0.1303104231513418,0.1291199736321687,0.1235473502019286,0.126214405360134,-0.0752430930699181,-0.0886990801576872,-0.0491863452832497,-0.0681133212778782,-0.0740654748084513,-0.0281810418445772,-0.0473029045643154,-0.1197492163009404,-0.100203804347826,-0.0613959500215424,0.0077098875808438,-0.0269916462270825,0.0281768620395268,0.0508912676106123,-0.0145508370761338,-0.0814373803954922,Information Technology,45.0,2.0,101,9.391327705757,12005.0,12958.0,11.422946051350705,10.48315803683599,11.412298174352868,10.478245263595852
CSCO,2020Q3,2020,Q3,0,0,1,0,12154.0,7684.0,4470.0,4437.0,2712.0,3869.0,3247.0,3306.0,2636.0,1565.0,4201.0,94853.0,37920.0,91394.0,35708.0,0.1287641928583182,0.2231364159947342,0.6322198453184137,0.267154846141188,0.216883330590752,1546.0,1570.0,1666.0,1753.0,1659.0,1557.0,1608.0,1626.0,1590.0,1549.0,1567.0,1499.0,0.1290161061503797,0.1307788421491045,0.1266053651493274,0.1305481084301459,0.1280290168235839,0.1251004338743371,0.1230110159118727,0.1265960759887885,0.1275776297841611,0.1303104231513418,0.1291199736321687,0.1235473502019286,-0.0948763777182007,0.1949229374433363,-0.1038021926755307,-0.1072447233314318,-0.1154549611339734,-0.1200542005420054,-0.107451403887689,-0.0791100123609394,-0.1116934163118243,-0.0915233415233415,-0.0136648136329164,-0.0185798250975135,-0.0098614318946048,-0.0278169989203596,0.3201765018914859,0.0611265471078554,Information Technology,45.0,3.0,102,9.405495886750224,11983.0,13428.0,11.460094146324243,10.543260327329259,11.422946051350705,10.48315803683599
CSCO,2020Q4,2020,Q4,0,0,0,1,11929.0,7581.0,4348.0,5011.0,2761.0,3627.0,2570.0,2681.0,2174.0,1612.0,3786.0,95003.0,38157.0,94853.0,37920.0,0.1351328694777433,0.2314527621762092,0.6355101014334814,0.2154413613882136,0.1822449492832593,1565.0,1546.0,1570.0,1666.0,1753.0,1659.0,1557.0,1608.0,1626.0,1590.0,1549.0,1567.0,0.1287641928583182,0.1290161061503797,0.1307788421491045,0.1266053651493274,0.1305481084301459,0.1280290168235839,0.1251004338743371,0.1230110159118727,0.1265960759887885,0.1275776297841611,0.1303104231513418,0.1291199736321687,-0.0934721483395394,-0.2570061517429938,-0.1043241965973534,-0.0324129651860743,-0.1423504374556632,-0.281922324671696,-0.2726532826912642,-0.0739084132055377,-0.0793597865955318,0.0257932446264073,0.0673549996744442,0.0155674883216863,-0.0119710036905502,-0.2078812868098624,-0.1803960055986297,-0.1755226480836237,Information Technology,45.0,4.0,103,9.386811515091962,12154.0,13159.0,11.461674274959433,10.549490713287256,11.460094146324243,10.543260327329259
CSCO,2021Q1,2021,Q1,1,0,0,0,11960.0,7784.0,4176.0,4561.0,2761.0,3893.0,3223.0,3255.0,2545.0,1527.0,4072.0,95601.0,39121.0,95003.0,38157.0,0.1276755852842809,0.2308528428093645,0.6508361204013378,0.2694816053511705,0.2127926421404682,1612.0,1565.0,1546.0,1570.0,1666.0,1753.0,1659.0,1557.0,1608.0,1626.0,1590.0,1549.0,0.1351328694777433,0.1287641928583182,0.1290161061503797,0.1307788421491045,0.1266053651493274,0.1305481084301459,0.1280290168235839,0.1251004338743371,0.1230110159118727,0.1265960759887885,0.1275776297841611,0.1303104231513418,-0.0037484381507705,-0.1157053509381514,0.0025759917568264,-0.0273885350318471,0.0036091776230986,-0.0475768321513002,-0.0789473684210526,-0.015326573921245,0.0098756400877835,0.0403740875912408,-0.02372904373389,0.0136753394024951,0.0063482258395235,-0.0439933001652474,-0.1123781553522165,-0.0845323741007194,Information Technology,45.0,1.0,104,9.389406636049465,11929.0,12005.0,11.467949019322754,10.574440247586304,11.461674274959433,10.549490713287256
CSCO,2021Q2,2021,Q2,0,1,0,0,12803.0,8185.0,4618.0,4720.0,2920.0,3993.0,3482.0,3591.0,2863.0,1697.0,4560.0,93896.0,40205.0,95601.0,39121.0,0.1325470592829805,0.2280715457314691,0.6393032882918066,0.2719675076154026,0.2236194641880809,1527.0,1612.0,1565.0,1546.0,1570.0,1666.0,1753.0,1659.0,1557.0,1608.0,1626.0,1590.0,0.1276755852842809,0.1351328694777433,0.1287641928583182,0.1290161061503797,0.1307788421491045,0.1266053651493274,0.1305481084301459,0.1280290168235839,0.1251004338743371,0.1230110159118727,0.1265960759887885,0.1275776297841611,0.0684302762246515,0.032083633741889,0.0532749967829109,0.0976714100905562,0.0012537612838514,0.0199179847685999,0.0426829268292683,0.0963912630579297,0.1023027557568894,0.0833142070231811,0.0273683126700878,0.0317030322764042,-0.0141846218503772,-0.045405201008972,-0.0340187313028934,0.0555555555555555,Information Technology,45.0,2.0,105,9.457512901089753,11960.0,11983.0,11.449953715804188,10.601771517201225,11.467949019322754,10.574440247586304
CSCO,2021Q3,2021,Q3,0,0,1,0,13126.0,8344.0,4782.0,4761.0,2953.0,4322.0,3575.0,3735.0,3009.0,1713.0,4722.0,97497.0,41275.0,93896.0,40205.0,0.1305043425262837,0.2249733353649246,0.6356849001980801,0.2723602011275331,0.2292396769769922,1697.0,1527.0,1612.0,1565.0,1546.0,1570.0,1666.0,1753.0,1659.0,1557.0,1608.0,1626.0,0.1325470592829805,0.1276755852842809,0.1351328694777433,0.1287641928583182,0.1290161061503797,0.1307788421491045,0.1266053651493274,0.1305481084301459,0.1280290168235839,0.1251004338743371,0.1230110159118727,0.1265960759887885,0.0799736712193517,0.1415022761760243,0.0858927641853202,0.0945686900958466,0.117084517963298,0.1010163227594702,0.1297640653357532,0.0697986577181208,0.0888643067846608,0.0730223123732252,0.013514235823931,0.008232270658294,0.0054807752482386,0.0194844116119612,0.0569723194151607,0.1240180909307306,Information Technology,45.0,3.0,106,9.482426456803408,12803.0,12154.0,11.487587143955034,10.628036496235605,11.449953715804188,10.601771517201225
CSCO,2021Q4,2021,Q4,0,0,0,1,12900.0,8053.0,4847.0,4610.0,2812.0,3995.0,3438.0,3657.0,2980.0,1714.0,4694.0,95981.0,42701.0,97497.0,41275.0,0.1328682170542635,0.217984496124031,0.6242635658914729,0.2665116279069767,0.2310077519379845,1713.0,1697.0,1527.0,1612.0,1565.0,1546.0,1570.0,1666.0,1753.0,1659.0,1557.0,1608.0,0.1305043425262837,0.1325470592829805,0.1276755852842809,0.1351328694777433,0.1287641928583182,0.1290161061503797,0.1307788421491045,0.1266053651493274,0.1305481084301459,0.1280290168235839,0.1251004338743371,0.1230110159118727,0.0813982731159359,0.3707451701931923,0.062260915446511,0.0632754342431762,0.1014612627515854,0.3377431906614785,0.3640432674375233,0.1147654093836245,0.018471568272365,-0.080023947315905,-0.0167587089079961,-0.05819012884333,-0.0176968635378735,0.237049497783006,0.2675673748243867,0.2398309561542524,Information Technology,45.0,4.0,107,9.465060106725137,13126.0,11929.0,11.47191595286965,10.662001036527325,11.487587143955034,10.628036496235605
CSCO,2022Q1,2022,Q1,1,0,0,0,12720.0,8049.0,4671.0,4559.0,2810.0,4006.0,3487.0,3603.0,2973.0,1670.0,4643.0,94262.0,39496.0,95981.0,42701.0,0.1312893081761006,0.2209119496855346,0.6327830188679245,0.2741352201257861,0.2337264150943396,1714.0,1713.0,1697.0,1527.0,1612.0,1565.0,1546.0,1570.0,1666.0,1753.0,1659.0,1557.0,0.1328682170542635,0.1305043425262837,0.1325470592829805,0.1276755852842809,0.1351328694777433,0.1287641928583182,0.1290161061503797,0.1307788421491045,0.1266053651493274,0.1305481084301459,0.1280290168235839,0.1251004338743371,0.0635451505016722,0.1681728880157171,0.0340441932168551,0.0936476751800916,0.0290264577446699,0.0819112627986349,0.1069124423963132,0.1185344827586207,0.0177471930459978,-0.0004385003288752,0.0283039461598975,-0.0430616015070649,-0.0277383214722022,0.0172687659647541,0.0983763947066018,0.1402259332023576,Information Technology,45.0,1.0,108,9.45100945015621,12900.0,11960.0,11.45384402683313,10.583979998637826,11.47191595286965,10.662001036527325
CSCO,2022Q2,2022,Q2,0,1,0,0,12835.0,8121.0,4714.0,4511.0,2726.0,4369.0,3610.0,3801.0,3044.0,1708.0,4752.0,92797.0,40400.0,94262.0,39496.0,0.133073626801714,0.2123880015582392,0.632723022984028,0.2812621737436696,0.2371640046747175,1670.0,1714.0,1713.0,1697.0,1527.0,1612.0,1565.0,1546.0,1570.0,1666.0,1753.0,1659.0,0.1312893081761006,0.1328682170542635,0.1305043425262837,0.1325470592829805,0.1276755852842809,0.1351328694777433,0.1287641928583182,0.1290161061503797,0.1307788421491045,0.1266053651493274,0.1305481084301459,0.1280290168235839,0.0024994141997969,0.0632203981837233,-0.0078191814294441,0.0064820271066587,0.0941647883796643,0.0367604824813325,0.0584795321637428,0.0207882200086617,-0.0664383561643835,-0.0442796610169491,0.0039726835252476,-0.0687658959074875,-0.0102928694850933,0.034175649178691,0.0605695954769154,0.0421052631578946,Information Technology,45.0,2.0,109,9.460009002229748,12720.0,12803.0,11.438180366817912,10.606609816118151,11.45384402683313,10.583979998637826
CSCO,2022Q3,2022,Q3,0,0,1,0,13102.0,7952.0,5150.0,4480.0,2838.0,3939.0,3472.0,3416.0,2815.0,1682.0,4497.0,94002.0,39773.0,92797.0,40400.0,0.1283773469699282,0.216608151427263,0.6069302396580675,0.2649977102732407,0.2148526942451534,1708.0,1670.0,1714.0,1713.0,1697.0,1527.0,1612.0,1565.0,1546.0,1570.0,1666.0,1753.0,0.133073626801714,0.1312893081761006,0.1328682170542635,0.1305043425262837,0.1325470592829805,0.1276755852842809,0.1351328694777433,0.1287641928583182,0.1290161061503797,0.1307788421491045,0.1266053651493274,0.1305481084301459,-0.0018284321194576,-0.0644732469258889,-0.0469798657718121,-0.0180969060128429,-0.0886163813049514,-0.0288111888111888,-0.0854082998661311,0.0769552488498537,-0.0389434473416864,-0.0590212140306658,-0.0162982741813904,-0.0371830018170491,-0.0452341412090371,-0.0270321832037601,-0.0627595664134651,-0.0476493011435832,Information Technology,45.0,3.0,110,9.480596490604585,12835.0,13126.0,11.45108197563649,10.590968711469447,11.438180366817912,10.606609816118151
CSCO,2022Q4,2022,Q4,0,0,0,1,13632.0,8346.0,5286.0,4808.0,2956.0,3990.0,3540.0,3475.0,2670.0,1781.0,4451.0,93054.0,40272.0,94002.0,39773.0,0.1306484741784037,0.2168427230046948,0.6122359154929577,0.2596830985915493,0.195862676056338,1682.0,1708.0,1670.0,1714.0,1713.0,1697.0,1527.0,1612.0,1565.0,1546.0,1570.0,1666.0,0.1283773469699282,0.133073626801714,0.1312893081761006,0.1328682170542635,0.1305043425262837,0.1325470592829805,0.1276755852842809,0.1351328694777433,0.1287641928583182,0.1290161061503797,0.1307788421491045,0.1266053651493274,0.0567441860465116,-0.1040268456375839,0.0363839562895815,0.0390898483080512,-0.0012515644555695,0.0296684118673646,-0.0497675690456658,0.0905714875180523,0.0512091038406827,0.0429501084598697,-0.0167063495324338,-0.0052378638831566,-0.0192669427717429,-0.025621881375513,-0.1521380801588052,-0.0517682147422241,Information Technology,45.0,4.0,111,9.520248603186129,13102.0,12900.0,11.440945995178064,10.603436548215,11.45108197563649,10.590968711469447
CSCO,2023Q1,2023,Q1,1,0,0,0,13592.0,8427.0,5165.0,5135.0,2966.0,3960.0,3292.0,3415.0,2773.0,1855.0,4628.0,95840.0,41474.0,93054.0,40272.0,0.1364773396115361,0.2182165979988228,0.6199970570924073,0.2422012948793407,0.2040170688640376,1781.0,1682.0,1708.0,1670.0,1714.0,1713.0,1697.0,1527.0,1612.0,1565.0,1546.0,1570.0,0.1306484741784037,0.1283773469699282,0.133073626801714,0.1312893081761006,0.1328682170542635,0.1305043425262837,0.1325470592829805,0.1276755852842809,0.1351328694777433,0.1287641928583182,0.1290161061503797,0.1307788421491045,0.0685534591194969,-0.067272115708039,0.0469623555721208,0.1107784431137723,-0.0114827758362456,-0.0559219959850875,-0.0521787399389397,0.1057589381288803,0.0555160142348754,0.1263434963807852,0.0395160238675091,-0.012201022581841,-0.0202059179754726,-0.1164896842944609,-0.1271116327108781,-0.0032306698255438,Information Technology,45.0,1.0,112,9.517310233335248,13632.0,12720.0,11.470445847351604,10.632846115058646,11.440945995178064,10.603436548215
CSCO,2023Q2,2023,Q2,0,1,0,0,14571.0,9232.0,5339.0,5286.0,3167.0,4517.0,3946.0,3957.0,3212.0,1962.0,5174.0,97529.0,42295.0,95840.0,41474.0,0.1346510191476219,0.2173495298881339,0.6335872623704619,0.2708118866241163,0.220437856015373,1855.0,1781.0,1682.0,1708.0,1670.0,1714.0,1713.0,1697.0,1527.0,1612.0,1565.0,1546.0,0.1364773396115361,0.1306484741784037,0.1283773469699282,0.133073626801714,0.1312893081761006,0.1328682170542635,0.1305043425262837,0.1325470592829805,0.1276755852842809,0.1351328694777433,0.1287641928583182,0.1290161061503797,0.1352551616673158,0.055190538764783,0.1368058120921069,0.148711943793911,0.0338750286106661,0.0930747922437673,0.0410418310970797,0.1325837929571489,0.1617754952311079,0.1718022611394369,0.0118535308897707,0.0233606808929565,0.0013659047561727,-0.0371549681937579,-0.0705256629575189,0.0888047138047138,Information Technology,45.0,2.0,113,9.586857158128455,13592.0,12835.0,11.48791530196606,10.652447797915286,11.470445847351604,10.632846115058646
CSCO,2023Q3,2023,Q3,0,0,1,0,15203.0,9748.0,5455.0,5495.0,3269.0,5004.0,4253.0,4471.0,3958.0,1953.0,5911.0,101852.0,44353.0,97529.0,42295.0,0.1284614878642373,0.2150233506544761,0.6411892389659936,0.2797474182727093,0.2603433532855357,1962.0,1855.0,1781.0,1682.0,1708.0,1670.0,1714.0,1713.0,1697.0,1527.0,1612.0,1565.0,0.1346510191476219,0.1364773396115361,0.1306484741784037,0.1283773469699282,0.133073626801714,0.1312893081761006,0.1328682170542635,0.1305043425262837,0.1325470592829805,0.1276755852842809,0.1351328694777433,0.1287641928583182,0.1603571973744466,0.4060390763765542,0.2258551307847083,0.1611177170035671,0.2703731911652705,0.2249423963133641,0.30884074941452,0.0592233009708738,0.1518675123326285,0.2265625,0.0006554185477036,-0.0073164410588633,0.0564463542420079,0.0556597563966123,0.2117295256650406,0.3144318434511897,Information Technology,45.0,3.0,114,9.629313830109139,14571.0,13102.0,11.53128587630216,10.699958175327975,11.48791530196606,10.652447797915286
CSCO,2023Q4,2023,Q4,0,0,0,1,14668.0,9557.0,5111.0,5281.0,3178.0,4954.0,4276.0,4442.0,3638.0,1913.0,5551.0,98782.0,45210.0,101852.0,44353.0,0.1304199618216525,0.2166621216253068,0.6515544041450777,0.2915189528224707,0.2480229070084537,1953.0,1962.0,1855.0,1781.0,1682.0,1708.0,1670.0,1714.0,1713.0,1697.0,1527.0,1612.0,0.1284614878642373,0.1346510191476219,0.1364773396115361,0.1306484741784037,0.1283773469699282,0.133073626801714,0.1312893081761006,0.1328682170542635,0.1305043425262837,0.1325470592829805,0.1276755852842809,0.1351328694777433,0.0759976525821595,0.3625468164794008,0.1450994488377666,0.0741156653565413,0.2416040100250627,0.2079096045197739,0.278273381294964,-0.0331063185773742,0.0751014884979701,0.0983777038269551,-0.0017490625756496,-0.0008328680662442,0.0642211403433619,0.1225950183265311,0.2663102128611392,0.2471354751741181,Information Technology,45.0,4.0,115,9.593491702487762,15203.0,13632.0,11.50068080415379,10.719095699044251,11.53128587630216,10.699958175327975
CSCO,2024Q1,2024,Q1,1,0,0,0,12791.0,8217.0,4574.0,5121.0,3100.0,3703.0,3096.0,3161.0,2634.0,1943.0,4577.0,101174.0,46251.0,98782.0,45210.0,0.1519036822766007,0.242357907903995,0.6424048158861699,0.2420451880228285,0.2059260417481041,1913.0,1953.0,1962.0,1855.0,1781.0,1682.0,1708.0,1670.0,1714.0,1713.0,1697.0,1527.0,0.1304199618216525,0.1284614878642373,0.1346510191476219,0.1364773396115361,0.1306484741784037,0.1283773469699282,0.133073626801714,0.1312893081761006,0.1328682170542635,0.1305043425262837,0.1325470592829805,0.1276755852842809,-0.0589317245438493,-0.0501262170934007,-0.0249199003203987,0.0474393530997303,-0.0648989898989899,-0.0595382746051033,-0.0743777452415812,-0.1144240077444337,0.0451786918408632,-0.0027263875365141,0.1130322638833192,0.1106300351419757,0.0361417179927403,-0.0006445335339351,0.0093569273134623,-0.011019878997407,Information Technology,45.0,1.0,116,9.45657525451379,14668.0,13592.0,11.524606969744067,10.741859985248853,11.50068080415379,10.719095699044251
CSCO,2024Q2,2024,Q2,0,1,0,0,12702.0,8273.0,4429.0,6082.0,3295.0,3453.0,2191.0,2235.0,1886.0,1948.0,3834.0,122998.0,45768.0,101174.0,46251.0,0.1533616753267202,0.2594079672492521,0.6513147535821131,0.1724925208628562,0.1484805542434262,1943.0,1913.0,1953.0,1962.0,1855.0,1781.0,1682.0,1708.0,1670.0,1714.0,1713.0,1697.0,0.1519036822766007,0.1304199618216525,0.1284614878642373,0.1346510191476219,0.1364773396115361,0.1306484741784037,0.1283773469699282,0.133073626801714,0.1312893081761006,0.1328682170542635,0.1305043425262837,0.1325470592829805,-0.1282684784846612,-0.412826899128269,-0.1038778162911612,-0.0071355759429153,-0.2355545716183307,-0.4447541814495691,-0.4351781652767248,-0.1704439033526877,0.0404167982317651,0.1505864547862276,0.1389566621741285,0.1935059964600101,0.0279795574572108,-0.3630540999765133,-0.3264289676584795,-0.258987243911867,Information Technology,45.0,2.0,117,9.44959346502346,12791.0,14571.0,11.719931504240204,10.731362285036713,11.524606969744067,10.741859985248853
CSCO,2024Q3,2024,Q3,0,0,1,0,13642.0,8781.0,4861.0,6163.0,3604.0,3637.0,2618.0,2396.0,2162.0,2179.0,4341.0,124413.0,45457.0,122998.0,45768.0,0.1597273127107462,0.264184137223281,0.6436739481014514,0.1919073449640815,0.1584811611200703,1948.0,1943.0,1913.0,1953.0,1962.0,1855.0,1781.0,1682.0,1708.0,1670.0,1714.0,1713.0,0.1533616753267202,0.1519036822766007,0.1304199618216525,0.1284614878642373,0.1346510191476219,0.1364773396115361,0.1306484741784037,0.1283773469699282,0.133073626801714,0.1312893081761006,0.1328682170542635,0.1305043425262837,-0.1026771032033151,-0.4537645275391612,-0.0991998358637669,0.1157194060419866,-0.2731814548361311,-0.3844345168116624,-0.4641019906061283,-0.1088909257561869,0.1024778219639033,0.121565059144677,0.243386756344841,0.2286299902739497,0.0038751572616295,-0.3139977979099621,-0.3912609670266725,-0.2656064963627136,Information Technology,45.0,3.0,118,9.520981848562874,12702.0,15203.0,11.73136999314797,10.724544101718104,11.719931504240204,10.731362285036713
CSCO,2024Q4,2024,Q4,0,0,0,1,13841.0,9121.0,4720.0,6763.0,3547.0,3474.0,2358.0,2267.0,2711.0,2286.0,4997.0,123333.0,45277.0,124413.0,45457.0,0.1651614767719095,0.2562676107217687,0.6589841774438263,0.1703634130481901,0.1958673506249548,2179.0,1948.0,1943.0,1913.0,1953.0,1962.0,1855.0,1781.0,1682.0,1708.0,1670.0,1714.0,0.1597273127107462,0.1533616753267202,0.1519036822766007,0.1304199618216525,0.1284614878642373,0.1346510191476219,0.1364773396115361,0.1306484741784037,0.1283773469699282,0.133073626801714,0.1312893081761006,0.1328682170542635,-0.0563812380692664,-0.2548103353490929,-0.0456210107774406,0.1949817041296393,-0.2987484860718611,-0.4485500467726847,-0.489644304367402,-0.0765016630796321,0.1161107614852108,0.2806286688127248,0.2663818825354778,0.1827983996434559,0.0114031510668666,-0.4156009021069099,-0.2102852394263777,-0.0998018375067555,Information Technology,45.0,4.0,119,9.535462727401809,13642.0,14668.0,11.722651401343093,10.720576542290251,11.73136999314797,10.724544101718104
CSCO,2025Q1,2025,Q1,1,0,0,0,13991.0,9111.0,4880.0,5998.0,3424.0,4052.0,3113.0,2887.0,2428.0,2299.0,4727.0,121375.0,45530.0,123333.0,45277.0,0.1643199199485383,0.244728754199128,0.6512043456507755,0.2225001786862983,0.1735401329426059,2286.0,2179.0,1948.0,1943.0,1913.0,1953.0,1962.0,1855.0,1781.0,1682.0,1708.0,1670.0,0.1651614767719095,0.1597273127107462,0.1533616753267202,0.1519036822766007,0.1304199618216525,0.1284614878642373,0.1346510191476219,0.1364773396115361,0.1306484741784037,0.1283773469699282,0.133073626801714,0.1312893081761006,0.0938159643499334,-0.0782080485952922,0.108798831690398,0.1832218219248584,0.0942479071023494,0.0054909560723515,-0.0866814299272382,0.0668998688237865,0.104516129032258,0.1712556141378636,0.0817375687399659,0.0097824177293697,0.0136977954507813,-0.080749423263423,-0.1572696125782563,0.0327725584443958,Information Technology,45.0,1.0,120,9.546241016698438,13841.0,12791.0,11.706648444488625,10.726148691628156,11.722651401343093,10.720576542290251
CSCO,2025Q2,2025,Q2,0,1,0,0,14149.0,9278.0,4871.0,6076.0,3463.0,3976.0,3202.0,2947.0,2491.0,2335.0,4826.0,119782.0,45935.0,121375.0,45530.0,0.1650293306947487,0.2447522793130256,0.6557353876599052,0.2263057459891158,0.1760548448653615,2299.0,2286.0,2179.0,1948.0,1943.0,1913.0,1953.0,1962.0,1855.0,1781.0,1682.0,1708.0,0.1643199199485383,0.1651614767719095,0.1597273127107462,0.1533616753267202,0.1519036822766007,0.1304199618216525,0.1284614878642373,0.1346510191476219,0.1364773396115361,0.1306484741784037,0.1283773469699282,0.133073626801714,0.1139190678633286,0.3207847295864263,0.1214795116644507,0.198665297741273,0.1514624963799595,0.4614331355545413,0.3185682326621923,0.0997967938586588,0.0509863429438544,-0.000986517592897,0.0760793421379355,-0.0564966762263878,0.0067872469546859,0.3119742517360793,0.1857097770306586,0.258737610850287,Information Technology,45.0,2.0,121,9.557469903071384,13991.0,12702.0,11.693437051422325,10.735004402360845,11.706648444488625,10.726148691628156
CSCO,2025Q3,2025,Q3,0,0,1,0,14673.0,9394.0,5279.0,5904.0,3524.0,4357.0,3490.0,3354.0,2823.0,2380.0,5203.0,122291.0,46843.0,119782.0,45935.0,0.1622026852041164,0.2401690179240782,0.6402235398350712,0.2378518367068765,0.1923941934164792,2335.0,2299.0,2286.0,2179.0,1948.0,1943.0,1913.0,1953.0,1962.0,1855.0,1781.0,1682.0,0.1650293306947487,0.1643199199485383,0.1651614767719095,0.1597273127107462,0.1533616753267202,0.1519036822766007,0.1304199618216525,0.1284614878642373,0.1346510191476219,0.1364773396115361,0.1306484741784037,0.1283773469699282,0.0755754288227532,0.3057354301572619,0.0698098166495844,0.0922441486920606,0.197965356062689,0.3330786860198624,0.3998330550918196,0.0859905369265583,-0.0221975582685904,-0.0420249878306019,0.0154974903875888,-0.0909029571253398,-0.0053604907835052,0.2394097617857944,0.2139877828804857,0.1985717576595254,Information Technology,45.0,3.0,122,9.59383249927394,14149.0,13642.0,11.714166906616693,10.754578211162029,11.693437051422325,10.735004402360845
