ticker,Year_Quarter,year,quarter,Q1,Q2,Q3,Q4,revenue,grossProfit,costOfRevenue,operatingExpenses,snaExpenses,ebitda,operatingIncome,incomeBeforeTax,netIncome,rnd,net_plus_rnd,totalAssets,totalEquity,totalAssets_lag1,totalEquity_lag1,rnd_to_rev_ratio,sna_to_rev_ratio,grossProfitRatio,operatingIncomeRatio,netIncomeRatio,rnd_lag1,rnd_lag2,rnd_lag3,rnd_lag4,rnd_lag5,rnd_lag6,rnd_lag7,rnd_lag8,rnd_lag9,rnd_lag10,rnd_lag11,rnd_lag12,rnd_to_rev_ratio_lag1,rnd_to_rev_ratio_lag2,rnd_to_rev_ratio_lag3,rnd_to_rev_ratio_lag4,rnd_to_rev_ratio_lag5,rnd_to_rev_ratio_lag6,rnd_to_rev_ratio_lag7,rnd_to_rev_ratio_lag8,rnd_to_rev_ratio_lag9,rnd_to_rev_ratio_lag10,rnd_to_rev_ratio_lag11,rnd_to_rev_ratio_lag12,revenue_yoy,netIncome_yoy,grossProfit_yoy,rnd_yoy,ebitda_yoy,operatingIncome_yoy,incomeBeforeTax_yoy,costOfRevenue_yoy,snaExpenses_yoy,operatingExpenses_yoy,rnd_to_rev_ratio_yoy,sna_to_rev_ratio_yoy,grossProfitRatio_yoy,operatingIncomeRatio_yoy,netIncomeRatio_yoy,net_plus_rnd_yoy,gics_sectors,gics_sector_code,quarter_int,time_idx,revenue_log,revenue_lag1,revenue_lag4,totalAssets_log,totalEquity_log,totalAssets_lag1_log,totalEquity_lag1_log
DE,1995Q2,1995,Q2,0,1,0,0,2452.9,564.6,1888.3,337.2,337.2,227.4,227.4,373.9,237.0,0.0,237.0,13891.4,2856.9,13470.7,2624.0,0.0,0.1374699335480451,0.2301765257450365,0.0927065921969913,0.0966203269599249,0.0,,,,,,,,,,,,0.0,,,,,,,,,,,,,,,,,,,,,,,,,,,,Industrials,20.0,2.0,1,7.805433874644311,2090.5,,9.539097206999683,7.957842368374517,9.508346467825612,7.872836175025724
DE,1995Q3,1995,Q3,0,0,1,0,2653.8,833.0,1820.8,495.3,495.3,337.7,337.7,277.6,180.1,0.0,180.1,13761.7,3032.6,13891.4,2856.9,0.0,0.1866380284874519,0.3138895169191348,0.1272514884316828,0.0678649483759137,0.0,0.0,,,,,,,,,,,0.0,0.0,,,,,,,,,,,,,,,,,,,,,,,,,,,Industrials,20.0,3.0,2,7.88412460127177,2452.9,,9.529717313168758,8.017505312060702,9.539097206999683,7.957842368374517
DE,1995Q4,1995,Q4,0,0,0,1,2606.1,939.5,1666.6,691.1,408.0,248.4,248.4,230.5,150.6,0.0,150.6,13847.4,3085.4,13761.7,3032.6,0.0,0.1565557729941291,0.3605003645293734,0.0953148382640727,0.0577874985610682,0.0,0.0,0.0,,,,,,,,,,0.0,0.0,0.0,,,,,,,,,,,,,,,,,,,,,,,,,,Industrials,20.0,4.0,3,7.865993771464049,2653.8,,9.53592498147643,8.034760642151465,9.529717313168758,8.017505312060702
DE,1996Q1,1996,Q1,1,0,0,0,2296.8,782.0,1514.8,445.7,445.7,336.3,336.3,259.7,166.2,0.0,166.2,14446.9,3227.0,13847.4,3085.4,0.0,0.1940525949146638,0.340473702542668,0.1464211076280041,0.0723615464994775,0.0,0.0,0.0,0.0,,,,,,,,,0.0,0.0,0.0,0.0,,,,,,,,,0.0986845252331978,0.2008670520231212,0.0408625049913484,,-0.2749029754204398,-0.2749029754204398,0.1703470031545739,0.1311230585424132,0.5502608695652174,0.5502608695652174,,0.4110154771099297,-0.0526284105344769,-0.34003163972328,0.0930044288811975,0.2008670520231212,Industrials,20.0,1.0,4,7.739707422419264,2606.1,2090.5,9.578304354259613,8.07961802938984,9.53592498147643,8.034760642151465
DE,1996Q2,1996,Q2,0,1,0,0,3064.8,1009.7,2055.1,504.7,504.7,505.0,505.0,428.5,272.7,0.0,272.7,14754.3,3342.9,14446.9,3227.0,0.0,0.1646763247193944,0.3294505351083268,0.1647742103889324,0.0889780736100234,0.0,0.0,0.0,0.0,0.0,,,,,,,,0.0,0.0,0.0,0.0,0.0,,,,,,,,0.2494598230665743,0.1506329113924049,0.7883457314913214,,1.2207563764291995,1.2207563764291995,0.1460283498261567,0.0883334215961446,0.4967378410438909,0.4967378410438909,,0.1979079386245628,0.4312951072745568,0.777373177937609,-0.0790957098817443,0.1506329113924049,Industrials,20.0,2.0,5,8.028063825732007,2296.8,2452.9,9.599357619261163,8.11489306945123,9.578304354259613,8.07961802938984
DE,1996Q3,1996,Q3,0,0,1,0,2880.8,903.5,1977.3,510.4,510.4,393.1,393.1,320.6,204.4,0.0,204.4,14815.9,3396.6,14754.3,3342.9,0.0,0.1771730074979172,0.3136281588447653,0.1364551513468481,0.0709525131907803,0.0,0.0,0.0,0.0,0.0,0.0,,,,,,,0.0,0.0,0.0,0.0,0.0,0.0,,,,,,,0.0855377194965709,0.1349250416435314,0.0846338535414166,,0.1640509327805746,0.1640509327805746,0.1548991354466857,0.085951230228471,0.0304865737936603,0.0304865737936603,,-0.0507132499536184,-0.0008326435267248,0.0723265639451156,0.0454957218528198,0.1349250416435314,Industrials,20.0,3.0,6,7.966170377898834,3064.8,2653.8,9.603523700181437,8.13082457899906,9.599357619261163,8.11489306945123
DE,1996Q4,1996,Q4,0,0,0,1,2885.4,1283.7,1601.7,931.0,619.6,352.7,352.7,288.3,173.9,0.0,173.9,14652.7,3557.2,14815.9,3396.6,0.0,0.2147362584043806,0.4448949885631108,0.1222360851181811,0.0602689401816039,0.0,0.0,0.0,0.0,0.0,0.0,0.0,,,,,,0.0,0.0,0.0,0.0,0.0,0.0,0.0,,,,,,0.1071716357775987,0.154714475431607,0.3663650878126663,,0.4198872785829306,0.4198872785829306,0.2507592190889371,-0.0389415576623064,0.5186274509803923,0.3471277673274489,,0.3716278505579815,0.2341041295309454,0.2824454968860383,0.0429408035011822,0.154714475431607,Industrials,20.0,4.0,7,7.967765329868304,2880.8,2606.1,9.592448142284336,8.177010078000675,9.603523700181437,8.13082457899906
DE,1997Q1,1997,Q1,1,0,0,0,2372.1,828.4,1543.7,472.1,385.6,356.3,356.3,282.8,176.7,86.5,263.2,15141.0,3574.0,14652.7,3557.2,0.0364655790228067,0.1625563846380844,0.3492264238438514,0.1502044601829602,0.0744909573795371,0.0,0.0,0.0,0.0,0.0,0.0,0.0,0.0,,,,,0.0,0.0,0.0,0.0,0.0,0.0,0.0,0.0,,,,,0.0327847439916404,0.0631768953068592,0.0593350383631712,,0.0594707106749925,0.0594707106749925,0.0889487870619947,0.0190784261948773,-0.1348440655149202,0.0592326677137089,,-0.1623075965071745,0.0257074811822992,0.0258388467089598,0.0294273821258777,0.5836341756919374,Industrials,20.0,1.0,8,7.771952396297973,2885.4,2296.8,9.625227618663251,8.181720455128108,9.592448142284336,8.177010078000675
DE,1997Q2,1997,Q2,0,1,0,0,3501.5,1161.9,2339.6,570.0,463.4,591.9,591.9,508.2,319.5,106.6,426.1,16072.5,3712.6,15141.0,3574.0,0.0304440953876909,0.1323432814508068,0.3318292160502642,0.1690418392117663,0.0912466085963158,86.5,0.0,0.0,0.0,0.0,0.0,0.0,0.0,0.0,,,,0.0364655790228067,0.0,0.0,0.0,0.0,0.0,0.0,0.0,0.0,,,,0.1424889062907857,0.1716171617161717,0.1507378429236407,,0.172079207920792,0.172079207920792,0.1859976662777129,0.1384360858352391,-0.0818307905686547,0.1293837923518923,,-0.1963429978394438,0.0072201459352776,0.0258998590420229,0.0254954383057899,0.5625229189585628,Industrials,20.0,2.0,9,8.161232278211163,2372.1,3064.8,9.684927232154728,8.219757035520173,9.625227618663251,8.181720455128108
DE,1997Q3,1997,Q3,0,0,1,0,3400.5,1071.2,2329.3,590.4,490.9,480.8,480.8,404.1,252.7,99.5,352.2,15950.1,3843.9,16072.5,3712.6,0.0292604028819291,0.1443611233642111,0.315012498162035,0.1413909719158947,0.0743126010880752,106.6,86.5,0.0,0.0,0.0,0.0,0.0,0.0,0.0,0.0,,,0.0304440953876909,0.0364655790228067,0.0,0.0,0.0,0.0,0.0,0.0,0.0,0.0,,,0.180401277422938,0.2363013698630136,0.1856115107913669,,0.2230984482320019,0.2230984482320019,0.2604491578290704,0.178020533050119,-0.0382053291536049,0.1567398119122256,,-0.1851968569991781,0.0044139509742009,0.0361717422928249,0.0473568552569827,0.7230919765166339,Industrials,20.0,3.0,10,8.131971789785116,3501.5,2880.8,9.67728307135222,8.254502873799195,9.684927232154728,8.219757035520173
DE,1997Q4,1997,Q4,0,0,0,1,3343.3,1346.5,1996.8,1020.2,534.8,326.3,326.3,315.9,211.3,119.8,331.1,16319.8,4147.2,15950.1,3843.9,0.0358328597493494,0.1599617144737235,0.4027457900876379,0.0975981814375018,0.0632010289235186,99.5,106.6,86.5,0.0,0.0,0.0,0.0,0.0,0.0,0.0,0.0,,0.0292604028819291,0.0304440953876909,0.0364655790228067,0.0,0.0,0.0,0.0,0.0,0.0,0.0,0.0,,0.1586955014902613,0.2150661299597469,0.0489210874814987,,-0.0748511482846611,-0.0748511482846611,0.0957336108220603,0.2466754073796591,-0.1368624919302776,0.095810955961332,,-0.2550782263678471,-0.0947396566807894,-0.2015599866181799,0.0486500796775204,0.9039677975848188,Industrials,20.0,4.0,11,8.11501268309929,3400.5,2885.4,9.70019564692452,8.330429784194779,9.67728307135222,8.254502873799195
DE,1998Q1,1998,Q1,1,0,0,0,2824.0,929.9,1894.1,516.4,421.7,413.5,413.5,321.1,203.3,94.7,298.0,17187.3,4146.0,16319.8,4147.2,0.0335339943342776,0.1493271954674221,0.329284702549575,0.1464235127478753,0.0719900849858357,119.8,99.5,106.6,86.5,0.0,0.0,0.0,0.0,0.0,0.0,0.0,0.0,0.0358328597493494,0.0292604028819291,0.0304440953876909,0.0364655790228067,0.0,0.0,0.0,0.0,0.0,0.0,0.0,0.0,0.1905063024324438,0.1505376344086022,0.1225253500724288,0.0947976878612717,0.1605388717372999,0.1605388717372999,0.1354314002828853,0.226987108894215,0.0936203319502073,0.0938360516839651,-0.0803932027706364,-0.0813821567212865,-0.0571025556279009,-0.0251720050821356,-0.0335728319473634,0.1322188449848025,Industrials,20.0,1.0,12,7.946263643580541,3343.3,2372.1,9.751984198780267,8.330140460246382,9.70019564692452,8.330429784194779
DE,1998Q2,1998,Q2,0,1,0,0,4040.2,1261.1,2779.1,593.9,479.7,667.2,667.2,570.4,365.2,114.2,479.4,18553.2,4265.3,17187.3,4146.0,0.0282659274293351,0.1187317459531706,0.3121380129696549,0.1651403395871491,0.090391564774021,94.7,119.8,99.5,106.6,86.5,0.0,0.0,0.0,0.0,0.0,0.0,0.0,0.0335339943342776,0.0358328597493494,0.0292604028819291,0.0304440953876909,0.0364655790228067,0.0,0.0,0.0,0.0,0.0,0.0,0.0,0.1538483507068397,0.143035993740219,0.0853773990877009,0.0712945590994371,0.1272174353775976,0.1272174353775976,0.1223927587563951,0.1878526243802358,0.0351747949935261,0.0419298245614034,-0.071546483172447,-0.1028502191302827,-0.059341378420478,-0.0230800826754472,-0.0093706915297814,0.125088007509974,Industrials,20.0,2.0,13,8.304296956553577,2824.0,3501.5,9.828451457501892,8.358502220046761,9.751984198780267,8.330140460246382
DE,1998Q3,1998,Q3,0,0,1,0,3669.3,1130.6,2538.7,579.3,468.6,551.3,551.3,445.6,290.8,110.7,401.5,18625.9,4163.5,18553.2,4265.3,0.0301692420897718,0.1277082822336685,0.3081241653721417,0.1502466410487013,0.0792521734390755,114.2,94.7,119.8,99.5,106.6,86.5,0.0,0.0,0.0,0.0,0.0,0.0,0.0282659274293351,0.0335339943342776,0.0358328597493494,0.0292604028819291,0.0304440953876909,0.0364655790228067,0.0,0.0,0.0,0.0,0.0,0.0,0.0790471989413321,0.1507716660071232,0.0554518297236743,0.1125628140703518,0.1466306156405989,0.1466306156405989,0.1026973521405592,0.0898982526939422,-0.0454267671623547,-0.01880081300813,0.0310603791584855,-0.1153554415653088,-0.0218668555377445,0.0626324935235211,0.0664701851190205,0.1399772856331629,Industrials,20.0,3.0,14,8.208028681576979,4040.2,3400.5,9.832362051467564,8.334351499375396,9.828451457501892,8.358502220046761
DE,1998Q4,1998,Q4,0,0,0,1,3092.3,1313.1,1779.2,1061.4,518.5,251.7,251.7,238.2,162.1,124.9,287.0,18001.5,4079.8,18625.9,4163.5,0.0403906477379297,0.1676745464540956,0.4246353846651359,0.0813957248649872,0.0524205284092746,110.7,114.2,94.7,119.8,99.5,106.6,86.5,0.0,0.0,0.0,0.0,0.0,0.0301692420897718,0.0282659274293351,0.0335339943342776,0.0358328597493494,0.0292604028819291,0.0304440953876909,0.0364655790228067,0.0,0.0,0.0,0.0,0.0,-0.0750755241826937,-0.2328442972077615,-0.0248050501299667,0.0425709515859766,-0.2286239656757586,-0.2286239656757586,-0.2459639126305792,-0.1089743589743589,-0.0304786836200448,0.0403842383846304,0.1271957644592685,0.0482167373971169,0.0543508960645742,-0.1660118696257684,-0.1705747627509327,-0.1331923890063425,Industrials,20.0,4.0,15,8.036993761192008,3669.3,3343.3,9.798265916123022,8.314048326608717,9.832362051467564,8.334351499375396
DE,1999Q1,1999,Q1,1,0,0,0,2430.7,734.2,1696.5,551.6,455.7,182.6,182.6,76.2,49.7,95.9,145.60000000000002,18503.2,4028.5,18001.5,4079.8,0.0394536553256263,0.1874768585181223,0.3020529065701238,0.0751223927263751,0.0204467848767844,124.9,110.7,114.2,94.7,119.8,99.5,106.6,86.5,0.0,0.0,0.0,0.0,0.0403906477379297,0.0301692420897718,0.0282659274293351,0.0335339943342776,0.0358328597493494,0.0292604028819291,0.0304440953876909,0.0364655790228067,0.0,0.0,0.0,0.0,-0.1392705382436261,-0.7555336940482046,-0.210452736853425,0.0126715945089757,-0.558403869407497,-0.558403869407497,-0.7626907505450016,-0.1043239533287576,0.0806260374673939,0.0681642137877616,0.1765271662045286,0.2554769942024604,-0.0826998514313046,-0.4869513009449012,-0.7159777644267618,-0.5114093959731543,Industrials,20.0,1.0,16,7.796345880214013,3092.3,2824.0,9.825753012326707,8.301397577764567,9.798265916123022,8.314048326608717
DE,1999Q2,1999,Q2,0,1,0,0,3434.0,945.2,2488.8,606.0,492.9,339.2,339.2,232.8,150.1,113.1,263.2,19859.3,4174.6,18503.2,4028.5,0.0329353523587652,0.1435352358765288,0.2752475247524752,0.0987769365171811,0.0437099592312172,95.9,124.9,110.7,114.2,94.7,119.8,99.5,106.6,86.5,0.0,0.0,0.0,0.0394536553256263,0.0403906477379297,0.0301692420897718,0.0282659274293351,0.0335339943342776,0.0358328597493494,0.0292604028819291,0.0304440953876909,0.0364655790228067,0.0,0.0,0.0,-0.1500420771248948,-0.5889923329682366,-0.250495599080168,-0.0096322241681261,-0.4916067146282974,-0.4916067146282974,-0.5918653576437587,-0.1044582778597387,0.0275171982489055,0.0203738003030813,0.1651962399289275,0.2089036063963973,-0.1181864645904759,-0.4018606431104389,-0.5164376306517966,-0.4509803921568627,Industrials,20.0,2.0,17,8.14177220465645,2430.7,4040.2,9.896478043225255,8.337013339534144,9.825753012326707,8.301397577764567
DE,1999Q3,1999,Q3,0,0,1,0,2968.5,803.3,2165.2,606.7,492.0,196.6,196.6,129.9,68.9,114.7,183.6,18730.6,4184.5,19859.3,4174.6,0.0386390432878558,0.1657402728650834,0.2706080512043119,0.0662287350513727,0.0232103756105777,113.1,95.9,124.9,110.7,114.2,94.7,119.8,99.5,106.6,86.5,0.0,0.0,0.0329353523587652,0.0394536553256263,0.0403906477379297,0.0301692420897718,0.0282659274293351,0.0335339943342776,0.0358328597493494,0.0292604028819291,0.0304440953876909,0.0364655790228067,0.0,0.0,-0.1909901071048974,-0.7630674002751031,-0.2894923049708119,0.0361336946702799,-0.6433883547977508,-0.6433883547977508,-0.7084829443447038,-0.1471225430338362,0.0499359795134441,0.0472984636630418,0.2807429226389284,0.2978036347073207,-0.1217564812630621,-0.559199895657533,-0.7071326298903271,-0.5427148194271482,Industrials,20.0,3.0,18,7.996148867455915,3434.0,3669.3,9.837967216242422,8.339381450100111,9.896478043225255,8.337013339534144
DE,1999Q4,1999,Q4,0,0,0,1,2688.3,1138.2,1550.1,1164.3,516.4,-26.1,-26.1,-64.9,-29.5,134.6,105.1,17578.2,4094.3,18730.6,4184.5,0.0500688167243239,0.1920916564371535,0.4233902466242606,-0.0097087378640776,-0.0109734776624632,114.7,113.1,95.9,124.9,110.7,114.2,94.7,119.8,99.5,106.6,86.5,0.0,0.0386390432878558,0.0329353523587652,0.0394536553256263,0.0403906477379297,0.0301692420897718,0.0282659274293351,0.0335339943342776,0.0358328597493494,0.0292604028819291,0.0304440953876909,0.0364655790228067,0.0,-0.1306470911619183,-1.1819864281307837,-0.1331962531414209,0.0776621297037629,-1.1036948748510131,-1.1036948748510131,-1.2724601175482788,-0.128765737410072,-0.0040501446480232,0.0969474279253814,0.2396141069385655,0.1456220428169912,-0.0029322521999837,-1.1192782284349916,-1.2093355026257566,-0.6337979094076656,Industrials,20.0,4.0,19,7.8970362156836655,2968.5,3092.3,9.774471663946617,8.317595253677041,9.837967216242422,8.339381450100111
DE,2000Q1,2000,Q1,1,0,0,0,2305.0,680.6,1624.4,508.3,405.7,172.3,172.3,58.5,37.7,102.6,140.3,18144.4,4094.8,17578.2,4094.3,0.0445119305856832,0.1760086767895878,0.2952711496746204,0.0747505422993492,0.0163557483731019,134.6,114.7,113.1,95.9,124.9,110.7,114.2,94.7,119.8,99.5,106.6,86.5,0.0500688167243239,0.0386390432878558,0.0329353523587652,0.0394536553256263,0.0403906477379297,0.0301692420897718,0.0282659274293351,0.0335339943342776,0.0358328597493494,0.0292604028819291,0.0304440953876909,0.0364655790228067,-0.0517134981692516,-0.2414486921529175,-0.0730046308907654,0.0698644421272156,-0.0564074479737128,-0.0564074479737128,-0.2322834645669291,-0.0424992631889182,-0.1097213078779899,-0.0784989122552574,0.1282080258041746,-0.0611711857089068,-0.0224522153172161,-0.0049499278914119,-0.2000821414386536,-0.0364010989010989,Industrials,20.0,1.0,20,7.743269700829004,2688.3,2430.7,9.806172364044588,8.317717337402213,9.774471663946617,8.317595253677041
DE,2000Q2,2000,Q2,0,1,0,0,3755.8,1077.2,2678.6,597.8,458.1,479.4,479.4,353.2,203.7,139.7,343.4,20205.2,4216.2,18144.4,4094.8,0.0371958038234197,0.1219713509771553,0.2868097342776505,0.1276425794770754,0.0542361148090952,102.6,134.6,114.7,113.1,95.9,124.9,110.7,114.2,94.7,119.8,99.5,106.6,0.0445119305856832,0.0500688167243239,0.0386390432878558,0.0329353523587652,0.0394536553256263,0.0403906477379297,0.0301692420897718,0.0282659274293351,0.0335339943342776,0.0358328597493494,0.0292604028819291,0.0304440953876909,0.0937099592312173,0.3570952698201199,0.1396529834955564,0.2351900972590628,0.4133254716981132,0.4133254716981132,0.5171821305841924,0.0762616522018642,-0.0706025562994521,-0.0135313531353136,0.1293580046827893,-0.1502340855030404,0.0420065885626872,0.2922305952956281,0.2408182428676424,0.3047112462006078,Industrials,20.0,2.0,21,8.231322810193722,2305.0,3434.0,9.913744766988776,8.346926679702795,9.806172364044588,8.317717337402213
DE,2000Q3,2000,Q3,0,0,1,0,3584.4,1013.9,2570.5,610.2,479.2,403.7,403.7,273.9,172.4,131.0,303.4,20102.6,4351.8,20205.2,4216.2,0.0365472603504073,0.1336904363352304,0.2828646356433433,0.1126269389577056,0.0480973105680169,139.7,102.6,134.6,114.7,113.1,95.9,124.9,110.7,114.2,94.7,119.8,99.5,0.0371958038234197,0.0445119305856832,0.0500688167243239,0.0386390432878558,0.0329353523587652,0.0394536553256263,0.0403906477379297,0.0301692420897718,0.0282659274293351,0.0335339943342776,0.0358328597493494,0.0292604028819291,0.2074785245073269,1.502177068214804,0.2621685547118138,0.1421098517872712,1.0534079348931842,1.0534079348931842,1.1085450346420322,0.1871882505080362,-0.0260162601626016,0.0057689137959453,-0.0541365095886301,-0.1933738612578627,0.0452927560155169,0.7005751184941458,1.0722331846321964,0.6525054466230933,Industrials,20.0,3.0,22,8.184625322820738,3755.8,2968.5,9.908654182487487,8.378574595171715,9.913744766988776,8.346926679702795
DE,2000Q4,2000,Q4,0,0,0,1,3318.4,1584.5,1733.9,1359.1,542.4,225.4,225.4,93.1,71.1,168.8,239.9,20469.4,4301.9,20102.6,4351.8,0.0508678881388621,0.1634522661523625,0.4774891513982642,0.0679243008678881,0.0214259884281581,131.0,139.7,102.6,134.6,114.7,113.1,95.9,124.9,110.7,114.2,94.7,119.8,0.0365472603504073,0.0371958038234197,0.0445119305856832,0.0500688167243239,0.0386390432878558,0.0329353523587652,0.0394536553256263,0.0403906477379297,0.0301692420897718,0.0282659274293351,0.0335339943342776,0.0358328597493494,0.2343860432243425,-3.410169491525424,0.3921103496749252,0.2540861812778605,-9.636015325670495,-9.636015325670495,-2.434514637904468,0.1185729952906264,0.0503485670023238,0.1673108305419566,0.0159594627318202,-0.1490923177819589,0.1277755101950042,-7.996202989392479,-2.952524904793816,1.2825880114176975,Industrials,20.0,4.0,23,8.107539322686618,3584.4,2688.3,9.926735219255818,8.367044492968278,9.908654182487487,8.378574595171715
DE,2001Q1,2001,Q1,1,0,0,0,2705.1,875.0,1830.1,583.2,448.9,291.8,291.8,89.0,56.4,134.3,190.7,20743.3,4321.9,20469.4,4301.9,0.0496469631436915,0.1659458060700158,0.3234630882407305,0.107870319027023,0.0208495064877453,168.8,131.0,139.7,102.6,134.6,114.7,113.1,95.9,124.9,110.7,114.2,94.7,0.0508678881388621,0.0365472603504073,0.0371958038234197,0.0445119305856832,0.0500688167243239,0.0386390432878558,0.0329353523587652,0.0394536553256263,0.0403906477379297,0.0301692420897718,0.0282659274293351,0.0335339943342776,0.1735791757049891,0.4960212201591509,0.2856303261827799,0.3089668615984406,0.6935577481137549,0.6935577481137549,0.5213675213675213,0.1266313715833538,0.1064826226275572,0.147353924847531,0.1153630608792304,-0.0571725832107797,0.0954781345796116,0.4430707217486251,0.274750993481514,0.3592302209550961,Industrials,20.0,1.0,24,7.903263762962921,3318.4,2305.0,9.940026789127039,8.37168175231588,9.926735219255818,8.367044492968278
DE,2001Q2,2001,Q2,0,1,0,0,3809.0,1062.0,2747.0,645.6,492.1,416.4,416.4,209.4,127.8,153.5,281.3,22099.9,4340.8,20743.3,4321.9,0.0402992911525334,0.1291940141769493,0.2788133368338146,0.1093200315043318,0.0335521134155946,134.3,168.8,131.0,139.7,102.6,134.6,114.7,113.1,95.9,124.9,110.7,114.2,0.0496469631436915,0.0508678881388621,0.0365472603504073,0.0371958038234197,0.0445119305856832,0.0500688167243239,0.0386390432878558,0.0329353523587652,0.0394536553256263,0.0403906477379297,0.0301692420897718,0.0282659274293351,0.0141647585068427,-0.3726067746686303,-0.0141106572595618,0.0987831066571225,-0.1314142678347934,-0.1314142678347934,-0.4071347678369196,0.0255357276189054,0.0742196027068324,0.0799598527935765,0.0834364904129223,0.0592160629683176,-0.0278804952836603,-0.1435457356613066,-0.3813695259386824,-0.1808386721025042,Industrials,20.0,2.0,25,8.245384468120747,2705.1,3755.8,10.003373610658546,8.376044287654656,9.940026789127039,8.37168175231588
DE,2001Q3,2001,Q3,0,0,1,0,3617.8,956.9,2660.9,632.7,490.9,324.2,324.2,132.2,71.8,141.8,213.6,22043.8,4330.5,22099.9,4340.8,0.0391950909392448,0.1356901984631544,0.2644977610702637,0.0896124716678644,0.0198463154403228,153.5,134.3,168.8,131.0,139.7,102.6,134.6,114.7,113.1,95.9,124.9,110.7,0.0402992911525334,0.0496469631436915,0.0508678881388621,0.0365472603504073,0.0371958038234197,0.0445119305856832,0.0500688167243239,0.0386390432878558,0.0329353523587652,0.0394536553256263,0.0403906477379297,0.0301692420897718,0.0093181564557527,-0.5835266821345708,-0.0562185619883617,0.0824427480916032,-0.1969284121872677,-0.1969284121872677,-0.5173420956553487,0.0351682552032679,0.024415692821369,0.0368731563421829,0.0724494958979329,0.0149581539468501,-0.0649316749381071,-0.2043424735043514,-0.5873716179565359,-0.2959789057350032,Industrials,20.0,3.0,26,8.193897758151587,3809.0,3584.4,10.000832025398877,8.373669181330195,10.003373610658546,8.376044287654656
DE,2001Q4,2001,Q4,0,0,0,1,3252.2,546.7,2705.5,838.2,677.7,-291.5,-291.5,-477.1,-320.1,160.5,-159.60000000000002,22663.1,3992.2,22043.8,4330.5,0.0493512084127667,0.2083820183260562,0.1681015927679724,-0.0896316339708505,-0.0984256810774245,141.8,153.5,134.3,168.8,131.0,139.7,102.6,134.6,114.7,113.1,95.9,124.9,0.0391950909392448,0.0402992911525334,0.0496469631436915,0.0508678881388621,0.0365472603504073,0.0371958038234197,0.0445119305856832,0.0500688167243239,0.0386390432878558,0.0329353523587652,0.0394536553256263,0.0403906477379297,-0.0199493731918998,-5.502109704641351,-0.654970022088987,-0.0491706161137441,-2.293256433007986,-2.293256433007986,-6.124597207303975,0.5603552684699231,0.2494469026548673,-0.3832683393422117,-0.0298160545205855,0.2748799587263737,-0.6479467810405555,-2.3195812518583416,-5.593752181256337,-1.6652771988328472,Industrials,20.0,4.0,27,8.08739440629262,3617.8,3318.4,10.028537453784416,8.29234819346227,10.000832025398877,8.373669181330195
DE,2002Q1,2002,Q1,1,0,0,0,2522.1,710.2,1811.9,601.8,474.6,108.4,108.4,-62.6,-38.1,127.2,89.1,22406.2,3942.4,22663.1,3992.2,0.0504341620078506,0.1881765195670275,0.2815907378771659,0.0429800563022877,-0.0151064589032948,160.5,141.8,153.5,134.3,168.8,131.0,139.7,102.6,134.6,114.7,113.1,95.9,0.0493512084127667,0.0391950909392448,0.0402992911525334,0.0496469631436915,0.0508678881388621,0.0365472603504073,0.0371958038234197,0.0445119305856832,0.0500688167243239,0.0386390432878558,0.0329353523587652,0.0394536553256263,-0.0676499944549184,-1.6755319148936172,-0.1883428571428571,-0.0528667163067759,-0.6285126799177518,-0.6285126799177518,-1.703370786516854,-0.0099448117589201,0.0572510581421252,0.0318930041152261,0.0158559318498634,0.1339636958805214,-0.1294501656782613,-0.6015580866918483,-1.7245475528245209,-0.5327739905610909,Industrials,20.0,1.0,28,7.833243583210335,3252.2,2705.1,10.017137614767464,8.279798574332167,10.028537453784416,8.29234819346227
DE,2002Q2,2002,Q2,0,1,0,0,3986.5,1095.2,2891.3,698.4,566.4,396.8,396.8,234.9,141.8,132.0,273.8,23439.4,4090.1,22406.2,3942.4,0.0331117521635519,0.142079518374514,0.2747272043145616,0.0995359337764956,0.0355700489150884,127.2,160.5,141.8,153.5,134.3,168.8,131.0,139.7,102.6,134.6,114.7,113.1,0.0504341620078506,0.0493512084127667,0.0391950909392448,0.0402992911525334,0.0496469631436915,0.0508678881388621,0.0365472603504073,0.0371958038234197,0.0445119305856832,0.0500688167243239,0.0386390432878558,0.0329353523587652,0.0466001575216592,0.109546165884194,0.0312617702448212,-0.1400651465798045,-0.0470701248799231,-0.0470701248799231,0.1217765042979943,0.0525300327630142,0.1509855720382036,0.0817843866171001,-0.1783539805148566,0.0997376254593045,-0.014655441399091,-0.0894995875248029,0.0601433201687935,-0.0266619267685744,Industrials,20.0,2.0,29,8.2909197470931,2522.1,3809.0,10.062216308391763,8.316569161531898,10.017137614767464,8.279798574332167
DE,2002Q3,2002,Q3,0,0,1,0,3969.0,1079.6,2889.4,632.5,507.3,447.1,447.1,282.4,147.6,125.2,272.8,23486.8,4183.9,23439.4,4090.1,0.0315444696397077,0.1278155706727135,0.2720080624842529,0.1126480221718317,0.03718820861678,132.0,127.2,160.5,141.8,153.5,134.3,168.8,131.0,139.7,102.6,134.6,114.7,0.0331117521635519,0.0504341620078506,0.0493512084127667,0.0391950909392448,0.0402992911525334,0.0496469631436915,0.0508678881388621,0.0365472603504073,0.0371958038234197,0.0445119305856832,0.0500688167243239,0.0386390432878558,0.097075570788877,1.0557103064066853,0.1282265649493155,-0.1170662905500705,0.3790869833436152,0.3790869833436152,1.1361573373676248,0.0858732007967228,0.033408026074557,-0.0003161055792635,-0.1951933549891773,-0.0580338733352147,0.0283945746217266,0.2570574170674051,0.8738092079914603,0.2771535580524344,Industrials,20.0,3.0,30,8.286521373681236,3986.5,3617.8,10.064236416391614,8.339238087775485,10.062216308391763,8.316569161531898
DE,2002Q4,2002,Q4,0,0,0,1,3469.4,950.2,2519.2,662.8,519.5,287.4,287.4,122.8,68.0,143.3,211.3,23768.0,3163.2,23486.8,4183.9,0.0413039718683345,0.1497377068080936,0.2738802098345535,0.0828385311581253,0.0195999308237735,125.2,132.0,127.2,160.5,141.8,153.5,134.3,168.8,131.0,139.7,102.6,134.6,0.0315444696397077,0.0331117521635519,0.0504341620078506,0.0493512084127667,0.0391950909392448,0.0402992911525334,0.0496469631436915,0.0508678881388621,0.0365472603504073,0.0371958038234197,0.0445119305856832,0.0500688167243239,0.066785560543632,-1.2124336144954702,0.7380647521492592,-0.1071651090342677,-1.985934819897084,-1.985934819897084,-1.2573883881785788,-0.0688597301792645,-0.2334366238748709,-0.2092579336673825,-0.1630605775065561,-0.28142692919982,0.6292541035740531,-1.9242108783274616,-1.1991343174791511,-2.3239348370927315,Industrials,20.0,4.0,31,8.15202514007261,3969.0,3252.2,10.076137489633352,8.059655538014963,10.064236416391614,8.339238087775485
DE,2003Q1,2003,Q1,1,0,0,0,2793.6,815.8,1977.8,558.3,440.8,257.5,257.5,105.5,68.0,117.5,185.5,24953.6,3256.9,23768.0,3163.2,0.0420604238258877,0.1577892325315006,0.292024627720504,0.0921749713631157,0.0243413516609392,143.3,125.2,132.0,127.2,160.5,141.8,153.5,134.3,168.8,131.0,139.7,102.6,0.0413039718683345,0.0315444696397077,0.0331117521635519,0.0504341620078506,0.0493512084127667,0.0391950909392448,0.0402992911525334,0.0496469631436915,0.0508678881388621,0.0365472603504073,0.0371958038234197,0.0445119305856832,0.1076483882478887,-2.784776902887139,0.1486905097155728,-0.0762578616352201,1.3754612546125462,1.3754612546125462,-2.6853035143769968,0.0915613444450575,-0.0712178676780447,-0.0722831505483549,-0.1660330587164192,-0.161482883759592,0.0370533843619869,1.144598664897731,-2.611320814279658,1.0819304152637486,Industrials,20.0,1.0,32,7.935444262646348,3469.4,2522.1,10.124813452923313,8.088838095013827,10.076137489633352,8.059655538014963
DE,2003Q2,2003,Q2,0,1,0,0,4400.0,1208.9,3191.1,650.1,505.8,558.8,558.8,397.3,256.9,144.3,401.2,26184.5,3529.8,24953.6,3256.9,0.0327954545454545,0.1149545454545454,0.27475,0.127,0.0583863636363636,117.5,143.3,125.2,132.0,127.2,160.5,141.8,153.5,134.3,168.8,131.0,139.7,0.0420604238258877,0.0413039718683345,0.0315444696397077,0.0331117521635519,0.0504341620078506,0.0493512084127667,0.0391950909392448,0.0402992911525334,0.0496469631436915,0.0508678881388621,0.0365472603504073,0.0371958038234197,0.1037250721183995,0.8117066290550068,0.1038166544923302,0.0931818181818182,0.408266129032258,0.408266129032258,0.691358024691358,0.1036903814892953,-0.1069915254237288,-0.0691580756013745,-0.0095524276859502,-0.1909140263867488,8.297571219872957e-05,0.2759211189516128,0.6414473810744963,0.4653031409788166,Industrials,20.0,2.0,33,8.38958706681109,2793.6,3986.5,10.172961101432945,8.169279753146078,10.124813452923313,8.088838095013827
DE,2003Q3,2003,Q3,0,0,1,0,4401.6,1197.3,3204.3,664.6,521.3,532.7,532.7,374.2,247.5,143.3,390.8,25997.8,3792.2,26184.5,3529.8,0.0325563431479462,0.118434205743366,0.272014721919302,0.1210241730279898,0.0562295528898582,144.3,117.5,143.3,125.2,132.0,127.2,160.5,141.8,153.5,134.3,168.8,131.0,0.0327954545454545,0.0420604238258877,0.0413039718683345,0.0315444696397077,0.0331117521635519,0.0504341620078506,0.0493512084127667,0.0391950909392448,0.0402992911525334,0.0496469631436915,0.0508678881388621,0.0365472603504073,0.1089947089947089,0.6768292682926831,0.1090218599481289,0.1445686900958467,0.1914560501006486,0.1914560501006486,0.3250708215297451,0.1089845642693985,0.0275970825941256,0.0507509881422925,0.0320776833402431,-0.0733976688440376,2.4482491394861583e-05,0.0743568390697642,0.5120263917333829,0.4325513196480939,Industrials,20.0,3.0,34,8.389950554479231,4400.0,3969.0,10.165805662092344,8.240965269009573,10.172961101432945,8.169279753146078
DE,2003Q4,2003,Q4,0,0,0,1,3939.4,1023.9,2915.5,773.0,600.8,250.9,250.9,103.0,70.7,172.2,242.9,26258.0,4002.1,25997.8,3792.2,0.043712240442707,0.1525105345991775,0.2599126770574199,0.0636899020155353,0.0179468954663146,143.3,144.3,117.5,143.3,125.2,132.0,127.2,160.5,141.8,153.5,134.3,168.8,0.0325563431479462,0.0327954545454545,0.0420604238258877,0.0413039718683345,0.0315444696397077,0.0331117521635519,0.0504341620078506,0.0493512084127667,0.0391950909392448,0.0402992911525334,0.0496469631436915,0.0508678881388621,0.1354701101054938,0.0397058823529412,0.0775626183961271,0.2016748080949055,-0.127000695894224,-0.127000695894224,-0.1612377850162866,0.1573118450301684,0.1564966313763232,0.1662643331321667,0.0583059804042407,0.0185178994001664,-0.0509986931351162,-0.2311560680142713,-0.0843388363112923,0.1495504022716516,Industrials,20.0,4.0,35,8.279037519981523,4401.6,3469.4,10.175764066400548,8.294824339944599,10.165805662092344,8.240965269009573
DE,2004Q1,2004,Q1,1,0,0,0,3483.8,1038.7,2445.1,629.1,490.9,409.6,409.6,263.4,170.8,138.2,309.0,26088.4,4284.5,26258.0,4002.1,0.0396693265973936,0.1409093518571674,0.2981514438257076,0.1175727653711464,0.0490269246225386,172.2,143.3,144.3,117.5,143.3,125.2,132.0,127.2,160.5,141.8,153.5,134.3,0.043712240442707,0.0325563431479462,0.0327954545454545,0.0420604238258877,0.0413039718683345,0.0315444696397077,0.0331117521635519,0.0504341620078506,0.0493512084127667,0.0391950909392448,0.0402992911525334,0.0496469631436915,0.2470647193585338,1.511764705882353,0.2732287325324836,0.1761702127659574,0.5906796116504855,0.5906796116504855,1.496682464454976,0.2362726261502679,0.1136569872958257,0.126813541106932,-0.0568490997235839,-0.1069773925857919,0.0209804774105131,0.2755389411294553,1.0141414209635862,0.6657681940700808,Industrials,20.0,1.0,36,8.156165932738642,3939.4,2793.6,10.169284380549351,8.362992510338938,10.175764066400548,8.294824339944599
DE,2004Q2,2004,Q2,0,1,0,0,5877.0,1713.0,4164.0,820.0,669.4,893.0,893.0,739.9,477.3,150.6,627.9,25957.3,4740.8,26088.4,4284.5,0.0256253190403266,0.1139016505019567,0.2914752424706482,0.1519482729283648,0.0812149055640633,138.2,172.2,143.3,144.3,117.5,143.3,125.2,132.0,127.2,160.5,141.8,153.5,0.0396693265973936,0.043712240442707,0.0325563431479462,0.0327954545454545,0.0420604238258877,0.0413039718683345,0.0315444696397077,0.0331117521635519,0.0504341620078506,0.0493512084127667,0.0391950909392448,0.0402992911525334,0.3356818181818182,0.8579213701829507,0.4169906526594424,0.0436590436590436,0.5980672870436652,0.5980672870436652,0.8623206644852754,0.3048791952618219,0.3234480031633056,0.2613444085525302,-0.2186319904543489,-0.0091592285318113,0.0608744038968089,0.1964430939241324,0.3909909866947394,0.5650548354935194,Industrials,20.0,2.0,37,8.678971846978863,3483.8,4400.0,10.16424668331167,8.464172089438984,10.169284380549351,8.362992510338938
DE,2004Q3,2004,Q3,0,0,1,0,5418.4,1503.0,3915.4,774.4,624.3,880.7,728.6,588.4,401.4,150.1,551.5,26738.9,5016.6,25957.3,4740.8,0.0277019046212904,0.1152185146906836,0.2773881588660859,0.1344677395541119,0.0740809094935774,150.6,138.2,172.2,143.3,144.3,117.5,143.3,125.2,132.0,127.2,160.5,141.8,0.0256253190403266,0.0396693265973936,0.043712240442707,0.0325563431479462,0.0327954545454545,0.0420604238258877,0.0413039718683345,0.0315444696397077,0.0331117521635519,0.0504341620078506,0.0493512084127667,0.0391950909392448,0.2310069065794255,0.6218181818181818,0.2553244800801804,0.0474528960223306,0.6532757649709029,0.3677492021775859,0.572421165152325,0.2219205442686389,0.1975829656627661,0.1652121576888352,-0.149108838931808,-0.0271517086849931,0.0197542137016319,0.1110816640161049,0.3174728534421434,0.4112077789150461,Industrials,20.0,3.0,38,8.597740387198861,5877.0,4401.6,10.19391211093316,8.520707010716034,10.16424668331167,8.464172089438984
DE,2004Q4,2004,Q4,0,0,0,1,5206.9,1513.6,3693.3,838.9,666.3,674.7,674.7,523.0,356.7,172.6,529.3,28754.0,6392.8,26738.9,5016.6,0.0331483224183295,0.1279648159173404,0.2906911982177495,0.1295780598820795,0.068505252645528,150.1,150.6,138.2,172.2,143.3,144.3,117.5,143.3,125.2,132.0,127.2,160.5,0.0277019046212904,0.0256253190403266,0.0396693265973936,0.043712240442707,0.0325563431479462,0.0327954545454545,0.0420604238258877,0.0413039718683345,0.0315444696397077,0.0331117521635519,0.0504341620078506,0.0493512084127667,0.3217495050007615,4.045261669024045,0.4782693622424063,0.0023228803716608,1.6891191709844562,1.6891191709844562,4.077669902912621,0.2667809981135312,0.1090213049267643,0.0852522639068564,-0.2416695625158691,-0.1609444144061732,0.1184186993446652,1.0345149824609976,2.817108801581233,1.1790860436393578,Industrials,20.0,4.0,39,8.55793198247518,5418.4,3939.4,10.266566944147854,8.763084049806212,10.19391211093316,8.520707010716034
DE,2005Q1,2005,Q1,1,0,0,0,3934.5,1164.7,2769.8,664.3,515.0,660.7,500.4,330.4,222.8,149.3,372.1,28948.1,6498.1,28754.0,6392.8,0.0379463718388613,0.1308933790824755,0.2960223662472995,0.1271826153259626,0.0566272715719913,172.6,150.1,150.6,138.2,172.2,143.3,144.3,117.5,143.3,125.2,132.0,127.2,0.0331483224183295,0.0277019046212904,0.0256253190403266,0.0396693265973936,0.043712240442707,0.0325563431479462,0.0327954545454545,0.0420604238258877,0.0413039718683345,0.0315444696397077,0.0331117521635519,0.0504341620078506,0.1293702279120501,0.3044496487119437,0.1213054780013478,0.080318379160637,0.613037109375,0.2216796874999997,0.2543659832953682,0.1327962046542063,0.0490935017315135,0.0559529486568111,-0.0434329217639276,-0.0710809654766178,-0.0071409266079309,0.0817353400209683,0.1550239385392475,0.2042071197411004,Industrials,20.0,1.0,40,8.277793217582504,5206.9,3483.8,10.273294394434995,8.779418984758584,10.266566944147854,8.763084049806212
DE,2005Q2,2005,Q2,0,1,0,0,6019.2,1473.5,4545.7,827.6,657.2,799.4,645.9,893.7,604.0,170.4,774.4,31693.6,6739.7,28948.1,6498.1,0.0283094098883572,0.1091839447102605,0.2447999734183945,0.1073066188197767,0.1003455608718766,149.3,172.6,150.1,150.6,138.2,172.2,143.3,144.3,117.5,143.3,125.2,132.0,0.0379463718388613,0.0331483224183295,0.0277019046212904,0.0256253190403266,0.0396693265973936,0.043712240442707,0.0325563431479462,0.0327954545454545,0.0420604238258877,0.0413039718683345,0.0315444696397077,0.0331117521635519,0.0241960183767226,0.2654514980096374,-0.1398131932282544,0.1314741035856574,-0.1048152295632699,-0.2767077267637178,0.207865927828085,0.0916666666666665,-0.0182252763668956,0.0092682926829268,0.1047437046074077,-0.0414191170268881,-0.1601345920724434,-0.2937950741278525,0.2355559632181418,0.2333174072304507,Industrials,20.0,2.0,41,8.702875760342371,3934.5,5877.0,10.363901598351518,8.815919056080295,10.273294394434995,8.779418984758584
DE,2005Q3,2005,Q3,0,0,1,0,5823.4,1559.4,4264.0,793.2,627.8,924.2,766.2,573.1,387.1,165.4,552.5,33052.0,6937.0,31693.6,6739.7,0.0284026513720506,0.1078064361026204,0.267781708280386,0.1315726208057148,0.0664731943538139,170.4,149.3,172.6,150.1,150.6,138.2,172.2,143.3,144.3,117.5,143.3,125.2,0.0283094098883572,0.0379463718388613,0.0331483224183295,0.0277019046212904,0.0256253190403266,0.0396693265973936,0.043712240442707,0.0325563431479462,0.0327954545454545,0.0420604238258877,0.0413039718683345,0.0315444696397077,0.0747453122693047,-0.0356253114100646,0.0375249500998005,0.1019320453031313,0.0493925286703758,0.0516058193796322,-0.026002719238613,0.0890330489860551,0.0056062790325164,0.0242768595041322,0.0252959773105894,-0.0643306208898948,-0.0346317976404232,-0.0215302105768796,-0.1026946779105495,0.0018132366273799,Industrials,20.0,3.0,42,8.66981126883675,6019.2,5418.4,10.40586761271859,8.844768827529695,10.363901598351518,8.815919056080295
DE,2005Q4,2005,Q4,0,0,0,1,5177.0,1059.0,4118.0,509.6,317.4,714.1,549.4,331.4,232.9,192.2,425.1,33636.8,6851.5,33052.0,6937.0,0.037125748502994,0.0613096387869422,0.2045586246861116,0.1061232373961754,0.0449874444659069,165.4,170.4,149.3,172.6,150.1,150.6,138.2,172.2,143.3,144.3,117.5,143.3,0.0284026513720506,0.0283094098883572,0.0379463718388613,0.0331483224183295,0.0277019046212904,0.0256253190403266,0.0396693265973936,0.043712240442707,0.0325563431479462,0.0327954545454545,0.0420604238258877,0.0413039718683345,-0.0057423803030592,-0.3470703672553966,-0.3003435517970401,0.1135573580533024,0.058396324292278,-0.185712168371128,-0.3663479923518165,0.1149920125632901,-0.5236380009004953,-0.3925378471808319,0.1199887594451882,-0.5208867504131329,-0.2963026540181589,-0.1810092118005846,-0.3432993423338082,-0.1968637823540524,Industrials,20.0,4.0,43,8.552174160311482,5823.4,5206.9,10.423405713613006,8.832368828176941,10.40586761271859,8.844768827529695
DE,2006Q1,2006,Q1,1,0,0,0,4202.1,1305.8,2896.3,735.8,574.8,731.2,570.0,340.0,235.9,161.0,396.9,33057.3,6879.1,33636.8,6851.5,0.0383141762452107,0.1367887484829013,0.3107493872111563,0.1356464624830441,0.0561385973679826,192.2,165.4,170.4,149.3,172.6,150.1,150.6,138.2,172.2,143.3,144.3,117.5,0.037125748502994,0.0284026513720506,0.0283094098883572,0.0379463718388613,0.0331483224183295,0.0277019046212904,0.0256253190403266,0.0396693265973936,0.043712240442707,0.0325563431479462,0.0327954545454545,0.0420604238258877,0.0680137247426611,0.0587971274685816,0.1211470765003863,0.0783657066309442,0.1067050098380506,0.1390887290167866,0.0290556900726393,0.0456711675933281,0.1161165048543688,0.1076320939334638,0.0096927423763,0.045039477487331,0.0497496900337377,0.0665487742596668,-0.0086296618297675,0.0666487503359309,Industrials,20.0,1.0,44,8.343577627251225,5177.0,3934.5,10.406027948395284,8.83638846570548,10.423405713613006,8.832368828176941
DE,2006Q2,2006,Q2,0,1,0,0,6561.5,2018.8,4542.7,983.2,795.4,1206.3,1035.6,786.9,744.6,187.8,932.4,34094.8,7560.3,33057.3,6879.1,0.0286215042292158,0.1212222814905128,0.307673550255277,0.1578297645355482,0.1134801493560923,161.0,192.2,165.4,170.4,149.3,172.6,150.1,150.6,138.2,172.2,143.3,144.3,0.0383141762452107,0.037125748502994,0.0284026513720506,0.0283094098883572,0.0379463718388613,0.0331483224183295,0.0277019046212904,0.0256253190403266,0.0396693265973936,0.043712240442707,0.0325563431479462,0.0327954545454545,0.0900950292397662,0.2327814569536423,0.3700712589073633,0.102112676056338,0.5090067550662998,0.6033441709242917,-0.1195031889895938,-0.0006599643619245,0.2102860620815581,0.1880135331077814,0.01102440291371,0.1102573900604,0.2568365345752039,0.4708297239392662,0.1308935678877336,0.2040289256198348,Industrials,20.0,2.0,45,8.78912690689988,4202.1,6019.2,10.436929488530486,8.930798412062511,10.406027948395284,8.83638846570548
DE,2006Q3,2006,Q3,0,0,1,0,6266.7,1867.9,4398.8,925.0,749.1,1113.5,942.9,683.3,436.0,175.9,611.9,34767.8,7569.3,34094.8,7560.3,0.0280689996329806,0.119536598209584,0.2980675634704071,0.1504619656278424,0.0695740980101169,187.8,161.0,192.2,165.4,170.4,149.3,172.6,150.1,150.6,138.2,172.2,143.3,0.0286215042292158,0.0383141762452107,0.037125748502994,0.0284026513720506,0.0283094098883572,0.0379463718388613,0.0331483224183295,0.0277019046212904,0.0256253190403266,0.0396693265973936,0.043712240442707,0.0325563431479462,0.0761239138647524,0.1263239473004391,0.1978324996793639,0.0634824667472793,0.2048257952824064,0.23061863743148,0.1922875588902459,0.0316135084427768,0.1932143994902837,0.1661623802319716,-0.0117472039740043,0.1088076234687662,0.1130990439358525,0.1435659235671851,0.0466489340018472,0.1075113122171944,Industrials,20.0,3.0,46,8.743164740173494,6561.5,5823.4,10.456475711895552,8.931987975765132,10.436929488530486,8.930798412062511
DE,2006Q4,2006,Q4,0,0,0,1,5117.5,1593.3,3524.2,950.4,749.4,831.8,642.9,384.6,277.3,201.0,478.3,34720.4,7491.2,34767.8,7569.3,0.039276990718124,0.146438690766976,0.311343429408891,0.1256277479237909,0.0541866145578896,175.9,187.8,161.0,192.2,165.4,170.4,149.3,172.6,150.1,150.6,138.2,172.2,0.0280689996329806,0.0286215042292158,0.0383141762452107,0.037125748502994,0.0284026513720506,0.0283094098883572,0.0379463718388613,0.0331483224183295,0.0277019046212904,0.0256253190403266,0.0396693265973936,0.043712240442707,-0.0114931427467644,0.1906397595534563,0.5045325779036827,0.0457856399583767,0.1648228539420249,0.1701856570804514,0.1605310802655402,-0.1441962117532783,1.3610586011342156,0.8649921507064362,0.0579447499881811,1.3885100885338215,0.5220254334748149,0.1837911376073271,0.2044830552434282,0.1251470242295929,Industrials,20.0,4.0,47,8.540616706359826,6266.7,5177.0,10.455111490541999,8.921617758349154,10.456475711895552,8.931987975765132
DE,2007Q1,2007,Q1,1,0,0,0,4425.2,1475.0,2950.2,720.3,543.5,940.4,754.7,366.8,238.7,176.8,415.5,34147.1,7575.9,34720.4,7491.2,0.0399529964747356,0.1228193076019163,0.3333182681008768,0.1705459640242249,0.05394106481063,201.0,175.9,187.8,161.0,192.2,165.4,170.4,149.3,172.6,150.1,150.6,138.2,0.039276990718124,0.0280689996329806,0.0286215042292158,0.0383141762452107,0.037125748502994,0.0284026513720506,0.0283094098883572,0.0379463718388613,0.0331483224183295,0.0277019046212904,0.0256253190403266,0.0396693265973936,0.0530925013683634,0.0118694362017803,0.1295757390105683,0.098136645962733,0.286105032822757,0.3240350877192983,0.0788235294117647,0.0186099506266614,-0.0544537230340987,-0.0210655069312313,0.0427732079905995,-0.1021241954175146,0.0726272739980813,0.2572827989933255,-0.039144771340617,0.0468631897203326,Industrials,20.0,1.0,48,8.39529670711831,5117.5,4202.1,10.4384622265551,8.932859424008726,10.455111490541999,8.921617758349154
DE,2007Q2,2007,Q2,0,1,0,0,6882.5,2177.0,4705.5,1004.2,799.9,1354.5,1172.8,903.5,623.6,204.3,827.9000000000001,37168.1,7959.6,34147.1,7575.9,0.0296839811115147,0.1162223029422448,0.3163094805666545,0.170403196512895,0.090606610969851,176.8,201.0,175.9,187.8,161.0,192.2,165.4,170.4,149.3,172.6,150.1,150.6,0.0399529964747356,0.039276990718124,0.0280689996329806,0.0286215042292158,0.0383141762452107,0.037125748502994,0.0284026513720506,0.0283094098883572,0.0379463718388613,0.0331483224183295,0.0277019046212904,0.0256253190403266,0.0489217404556885,-0.1625033575073865,0.0783633841886268,0.0878594249201278,0.122855011191246,0.1324835843955196,0.1481763883593849,0.0358377176569,0.005657530802112,0.0213588283157037,0.0371216297295196,-0.0412463656581099,0.0280684846136831,0.0796645171102363,-0.2015642252502312,-0.112076362076362,Industrials,20.0,2.0,49,8.836882522502998,4425.2,6561.5,10.523233049923096,8.982259652882156,10.4384622265551,8.932859424008726
DE,2007Q3,2007,Q3,0,0,1,0,6633.7,2090.8,4542.9,996.9,792.6,1280.0,1093.9,809.4,537.2,204.3,741.5,37630.6,8061.1,37168.1,7959.6,0.0307972926119661,0.1194808327177894,0.3151785579691575,0.1649004326394018,0.0809804483169272,204.3,176.8,201.0,175.9,187.8,161.0,192.2,165.4,170.4,149.3,172.6,150.1,0.0296839811115147,0.0399529964747356,0.039276990718124,0.0280689996329806,0.0286215042292158,0.0383141762452107,0.037125748502994,0.0284026513720506,0.0283094098883572,0.0379463718388613,0.0331483224183295,0.0277019046212904,0.0585635182791581,0.2321100917431193,0.1193318700144547,0.1614553723706651,0.1495285136955546,0.1601442358680667,0.1845455875896384,0.0327589342547967,0.0580696836203444,0.0777297297297296,0.0971995088766823,-0.0004665139599903,0.0574064292656562,0.0959609091328239,0.1639453565772657,0.2117993136133356,Industrials,20.0,3.0,50,8.800068730973932,6882.5,6266.7,10.535599401950106,8.99492934747019,10.523233049923096,8.982259652882156
DE,2007Q4,2007,Q4,0,0,0,1,6140.9,2086.7,4054.2,1159.2,927.8,1118.4,927.5,624.9,422.2,231.4,653.6,38575.7,7155.8,37630.6,8061.1,0.0376817730300118,0.1510853457962188,0.3398036118484261,0.1510364930221954,0.0687521373088635,204.3,204.3,176.8,201.0,175.9,187.8,161.0,192.2,165.4,170.4,149.3,172.6,0.0307972926119661,0.0296839811115147,0.0399529964747356,0.039276990718124,0.0280689996329806,0.0286215042292158,0.0383141762452107,0.037125748502994,0.0284026513720506,0.0283094098883572,0.0379463718388613,0.0331483224183295,0.1999804592085978,0.5225387666786871,0.3096717504550303,0.1512437810945273,0.3445539793219525,0.4426815990045107,0.6248049921996879,0.1503887407071109,0.2380571123565518,0.2196969696969697,-0.0406145597955928,0.0317310609983316,0.0914108979064336,0.2022542433365768,0.2688029667439924,0.366506376750993,Industrials,20.0,4.0,51,8.722889419526643,6633.7,5117.5,10.560403746253828,8.875818232678583,10.535599401950106,8.99492934747019
DE,2008Q1,2008,Q1,1,0,0,0,5058.5,1696.7,3361.8,1012.6,652.8,1026.3,684.1,539.1,369.1,204.3,573.4000000000001,38215.3,7038.4,38575.7,7155.8,0.0403874666403083,0.1290501136700602,0.3354156370465553,0.1352377186913116,0.0729662943560344,231.4,204.3,204.3,176.8,201.0,175.9,187.8,161.0,192.2,165.4,170.4,149.3,0.0376817730300118,0.0307972926119661,0.0296839811115147,0.0399529964747356,0.039276990718124,0.0280689996329806,0.0286215042292158,0.0383141762452107,0.037125748502994,0.0284026513720506,0.0283094098883572,0.0379463718388613,0.1431121757208713,0.5462924172601593,0.1503050847457627,0.1555429864253392,0.0913441088898341,-0.0935471048098582,0.4697382769901854,0.1395159650193209,0.2011039558417662,0.4058031375815634,0.010874532673601,0.050731486683994,0.006292391226045,-0.2070306707926431,0.3527040041236842,0.3800240673886885,Industrials,20.0,1.0,52,8.529022943169815,6140.9,4425.2,10.551017405154122,8.85927821824731,10.560403746253828,8.875818232678583
DE,2008Q2,2008,Q2,0,1,0,0,7978.2,2469.6,5508.6,1141.9,766.6,1654.6,1327.7,1174.6,763.5,230.2,993.7,40971.9,7349.6,38215.3,7038.4,0.0288536261312075,0.0960868366298162,0.3095435060539971,0.1664159835551878,0.0956982778070241,204.3,231.4,204.3,204.3,176.8,201.0,175.9,187.8,161.0,192.2,165.4,170.4,0.0403874666403083,0.0376817730300118,0.0307972926119661,0.0296839811115147,0.0399529964747356,0.039276990718124,0.0280689996329806,0.0286215042292158,0.0383141762452107,0.037125748502994,0.0284026513720506,0.0283094098883572,0.1592008717762441,0.2243425272610648,0.1344051446945338,0.1267743514439547,0.2215577703949796,0.1320770804911324,0.3000553403431101,0.1706726171501436,-0.0416302037754718,0.1371240788687513,-0.0279731676552331,-0.1732495898178393,-0.021390362693323,-0.0233986981424106,0.0561953127114234,0.2002657325763981,Industrials,20.0,2.0,53,8.984593434791858,5058.5,6882.5,10.620666151536005,8.90253722152818,10.551017405154122,8.85927821824731
DE,2008Q3,2008,Q3,0,0,1,0,7581.8,2159.9,5421.9,1177.6,772.0,1358.0,982.3,882.3,575.2,238.1,813.3000000000001,41687.7,7540.0,40971.9,7349.6,0.0314041520483262,0.1018227861457701,0.2848795800469546,0.129560262734443,0.0758658893666411,230.2,204.3,231.4,204.3,204.3,176.8,201.0,175.9,187.8,161.0,192.2,165.4,0.0288536261312075,0.0403874666403083,0.0376817730300118,0.0307972926119661,0.0296839811115147,0.0399529964747356,0.039276990718124,0.0280689996329806,0.0286215042292158,0.0383141762452107,0.037125748502994,0.0284026513720506,0.1429217480440781,0.0707371556217424,0.0330495504113257,0.165442976015663,0.0609375,-0.1020202943596307,0.0900667160859896,0.1934887406722578,-0.0259904113045672,0.1812619119269736,0.0197049605628087,-0.1477897849417168,-0.0961327385893043,-0.2143121721350448,-0.0631579480798819,0.0968307484828052,Industrials,20.0,3.0,54,8.933637803567409,7978.2,6633.7,10.637985387850879,8.928110078202646,10.620666151536005,8.90253722152818
DE,2008Q4,2008,Q4,0,0,0,1,6835.4,1257.9,5577.5,969.1,300.5,1052.9,288.8,568.2,345.1,270.6,615.7,38734.6,6532.7,41687.7,7540.0,0.0395880270357257,0.0439623138367908,0.1840272698013284,0.0422506363928958,0.0504871697340316,238.1,230.2,204.3,231.4,204.3,204.3,176.8,201.0,175.9,187.8,161.0,192.2,0.0314041520483262,0.0288536261312075,0.0403874666403083,0.0376817730300118,0.0307972926119661,0.0296839811115147,0.0399529964747356,0.039276990718124,0.0280689996329806,0.0286215042292158,0.0383141762452107,0.037125748502994,0.113094171864059,-0.1826148744670771,-0.3971821536397181,0.1694036300777874,-0.0585658082975679,-0.6886253369272237,-0.0907345175228035,0.3757338069162843,-0.6761155421427032,-0.1639924085576259,0.0505882248214712,-0.7090233099371106,-0.4584305069617206,-0.7202620668192627,-0.2656639966373399,-0.057986536107711,Industrials,20.0,4.0,55,8.83001655627435,7581.8,6140.9,10.564514352813081,8.784728677424672,10.637985387850879,8.928110078202646
DE,2009Q1,2009,Q1,1,0,0,0,5026.8,1484.3,3542.5,1055.1,638.9,765.2,429.2,277.5,203.9,219.4,423.3,41339.6,6554.9,38734.6,6532.7,0.043646057133763,0.127098750696268,0.2952773135991087,0.0853823506007798,0.040562584546829,270.6,238.1,230.2,204.3,231.4,204.3,204.3,176.8,201.0,175.9,187.8,161.0,0.0395880270357257,0.0314041520483262,0.0288536261312075,0.0403874666403083,0.0376817730300118,0.0307972926119661,0.0296839811115147,0.0399529964747356,0.039276990718124,0.0280689996329806,0.0286215042292158,0.0383141762452107,-0.006266679845804,-0.447575182877269,-0.1251841810573466,0.073910915320607,-0.2544090421903926,-0.3726063441017395,-0.4852531997774068,0.0537509667440061,-0.0212928921568626,0.0419711633418919,0.0806832110187971,-0.0151209705927209,-0.1196674186119575,-0.368649874997742,-0.4440914821724885,-0.2617718869898849,Industrials,20.0,1.0,56,8.522737791671588,6835.4,5058.5,10.629600346918535,8.788120686544216,10.564514352813081,8.784728677424672
DE,2009Q2,2009,Q2,0,1,0,0,6629.1,1872.7,4756.4,1110.1,688.0,1095.1,762.6,609.3,472.3,255.7,728.0,41800.8,6868.2,41339.6,6554.9,0.0385723552216741,0.1037848275029792,0.2824968698616705,0.1150382404851337,0.0712464738803155,219.4,270.6,238.1,230.2,204.3,231.4,204.3,204.3,176.8,201.0,175.9,187.8,0.043646057133763,0.0395880270357257,0.0314041520483262,0.0288536261312075,0.0403874666403083,0.0376817730300118,0.0307972926119661,0.0296839811115147,0.0399529964747356,0.039276990718124,0.0280689996329806,0.0286215042292158,-0.1690982928480108,-0.3814014407334642,-0.2416990605766115,0.1107732406602954,-0.338148192916717,-0.4256232582661746,-0.4812702196492423,-0.1365501216279999,-0.1025306548395512,-0.0278483229704878,0.3368286899633388,0.0801149371044471,-0.0873758798467851,-0.3087308200357808,-0.255509341307225,-0.2673845224916977,Industrials,20.0,2.0,57,8.79937516602242,5026.8,7978.2,10.640694679786655,8.834802930109706,10.629600346918535,8.788120686544216
DE,2009Q3,2009,Q3,0,0,1,0,5742.4,1684.8,4057.6,1069.0,659.5,980.5,615.8,507.4,420.0,243.3,663.3,41386.7,7423.6,41800.8,6868.2,0.042369044302034,0.1148474505433268,0.2933964892727779,0.1072373920312064,0.0731401504597381,255.7,219.4,270.6,238.1,230.2,204.3,231.4,204.3,204.3,176.8,201.0,175.9,0.0385723552216741,0.043646057133763,0.0395880270357257,0.0314041520483262,0.0288536261312075,0.0403874666403083,0.0376817730300118,0.0307972926119661,0.0296839811115147,0.0399529964747356,0.039276990718124,0.0280689996329806,-0.2426072964203751,-0.2698191933240612,-0.2199638872170009,0.0218395632087358,-0.2779823269513991,-0.373103939733279,-0.4249121613963504,-0.2516276582009996,-0.1457253886010362,-0.0922214673913043,0.349154221290052,0.1279150265924813,0.0298965240836832,-0.1722972015655082,-0.0359283853344187,-0.1844337882700112,Industrials,20.0,3.0,58,8.655806648447554,6629.1,7581.8,10.630739014220751,8.912554090165877,10.640694679786655,8.834802930109706
DE,2009Q4,2009,Q4,0,0,0,1,5200.0,944.3,4255.7,880.9,794.2,414.2,63.4,-61.4,-222.8,258.6,35.80000000000001,41132.6,4818.7,41386.7,7423.6,0.0497307692307692,0.1527307692307692,0.1815961538461538,0.0121923076923076,-0.0428461538461538,243.3,255.7,219.4,270.6,238.1,230.2,204.3,231.4,204.3,204.3,176.8,201.0,0.042369044302034,0.0385723552216741,0.043646057133763,0.0395880270357257,0.0314041520483262,0.0288536261312075,0.0403874666403083,0.0376817730300118,0.0307972926119661,0.0296839811115147,0.0399529964747356,0.039276990718124,-0.2392544693799924,-1.6456099681251812,-0.2493043962159155,-0.0443458980044345,-0.6066103143698358,-0.7804709141274239,-1.108060542062654,-0.2369878978036754,1.642928452579035,-0.0910122794345269,0.2562073170731707,2.4741294509151417,-0.0132106288258211,-0.7114290166204986,-1.8486543031005505,-0.9418547994152996,Industrials,20.0,4.0,59,8.556606193773073,5742.4,6835.4,10.624580584746472,8.480466964443716,10.630739014220751,8.912554090165877
DE,2010Q1,2010,Q1,1,0,0,0,4704.5,1499.0,3205.5,1046.5,642.1,824.2,452.5,355.5,243.2,235.7,478.9,40780.7,4979.6,41132.6,4818.7,0.0501009671591029,0.136486342863216,0.3186310978850037,0.0961845041981082,0.051695185460729,258.6,243.3,255.7,219.4,270.6,238.1,230.2,204.3,231.4,204.3,204.3,176.8,0.0497307692307692,0.042369044302034,0.0385723552216741,0.043646057133763,0.0395880270357257,0.0314041520483262,0.0288536261312075,0.0403874666403083,0.0376817730300118,0.0307972926119661,0.0296839811115147,0.0399529964747356,-0.0641163364366993,0.1927415399705736,0.009903658290103,0.0742935278030993,0.0771040250914794,0.054287045666356,0.2810810810810811,-0.0951305575158786,0.0050086085459384,-0.0081508861719267,0.1478921682560567,0.0738606171620199,0.0790910212546902,0.1265150645457837,0.2744549204217408,0.1313489251122135,Industrials,20.0,1.0,60,8.456487316298842,5200.0,5026.8,10.615988730361083,8.513305644689044,10.624580584746472,8.480466964443716
DE,2010Q2,2010,Q2,0,1,0,0,6983.3,2218.1,4765.2,1169.5,733.3,1418.2,1048.6,998.2,547.5,266.0,813.5,41014.1,5650.9,40780.7,4979.6,0.038090873942119,0.1050076611344206,0.3176292010940386,0.1501582346455114,0.0784013288846247,235.7,258.6,243.3,255.7,219.4,270.6,238.1,230.2,204.3,231.4,204.3,204.3,0.0501009671591029,0.0497307692307692,0.042369044302034,0.0385723552216741,0.043646057133763,0.0395880270357257,0.0314041520483262,0.0288536261312075,0.0403874666403083,0.0376817730300118,0.0307972926119661,0.0296839811115147,0.0534310841592373,0.159220834215541,0.1844395792171729,0.040281579976535,0.2950415487170124,0.3750327825858901,0.6382734285245366,0.001850138760407,0.0658430232558138,0.0535086929105486,-0.0124825481044136,0.0117823930613201,0.1243636124165599,0.3052897368063989,0.1004239875271351,0.1174450549450549,Industrials,20.0,2.0,61,8.851420051923345,4704.5,6629.1,10.621695570566269,8.63974705079581,10.615988730361083,8.513305644689044
DE,2010Q3,2010,Q3,0,0,1,0,6672.4,2152.8,4519.6,1202.5,751.2,1344.3,950.3,927.6,617.0,256.3,873.3,41810.3,6115.2,41014.1,5650.9,0.0384119657094898,0.1125831784665188,0.3226425274264133,0.1424225166356933,0.0924704753911636,266.0,235.7,258.6,243.3,255.7,219.4,270.6,238.1,230.2,204.3,231.4,204.3,0.038090873942119,0.0501009671591029,0.0497307692307692,0.042369044302034,0.0385723552216741,0.043646057133763,0.0395880270357257,0.0314041520483262,0.0288536261312075,0.0403874666403083,0.0376817730300118,0.0307972926119661,0.1619531903037057,0.4690476190476191,0.2777777777777779,0.0534319769831483,0.3710351861295258,0.5431958428061059,0.828143476547103,0.1138604100946374,0.1390447308567097,0.1248830682881196,-0.0933955121653331,-0.019715475320489,0.0996809410573573,0.3281050008587287,0.2642915663957565,0.3165988240615107,Industrials,20.0,3.0,62,8.805884754161193,6983.3,5742.4,10.640921916907175,8.718696267626122,10.621695570566269,8.63974705079581
DE,2010Q4,2010,Q4,0,0,0,1,7038.3,1785.8,5252.5,1006.6,842.2,1164.7,779.2,754.6,457.3,294.3,751.6,43266.8,6290.3,41810.3,6115.2,0.0418140744213801,0.119659576886464,0.2537260417998664,0.1107085517809698,0.0649730758848017,256.3,266.0,235.7,258.6,243.3,255.7,219.4,270.6,238.1,230.2,204.3,231.4,0.0384119657094898,0.038090873942119,0.0501009671591029,0.0497307692307692,0.042369044302034,0.0385723552216741,0.043646057133763,0.0395880270357257,0.0314041520483262,0.0288536261312075,0.0403874666403083,0.0376817730300118,0.3535192307692307,-3.0525134649910237,0.8911362914328074,0.1380510440835265,1.8119266055045875,11.290220820189276,-13.289902280130294,0.2342270366802172,0.060438176781667,0.1426949710523328,-0.1591910789204298,-0.2165326116726101,0.3971994253513771,8.080196676041691,-2.5164272648158392,19.994413407821224,Industrials,20.0,4.0,63,8.859264012390236,6672.4,5200.0,10.675163988385794,8.746923005605183,10.640921916907175,8.718696267626122
DE,2011Q1,2011,Q1,1,0,0,0,5973.9,1879.8,4094.1,1076.6,665.0,1167.5,803.2,746.5,513.7,268.9,782.6,42895.8,6578.6,43266.8,6290.3,0.0450124709151475,0.1113175647399521,0.3146688093205443,0.1344515308257587,0.0859907263261855,294.3,256.3,266.0,235.7,258.6,243.3,255.7,219.4,270.6,238.1,230.2,204.3,0.0418140744213801,0.0384119657094898,0.038090873942119,0.0501009671591029,0.0497307692307692,0.042369044302034,0.0385723552216741,0.043646057133763,0.0395880270357257,0.0314041520483262,0.0288536261312075,0.0403874666403083,0.2698267616112233,1.1122532894736843,0.2540360240160106,0.140857021637675,0.4165251152632856,0.7750276243093923,1.09985935302391,0.2772110435189518,0.035664226755957,0.02876254180602,-0.1015648306308369,-0.184405103069452,-0.0124353479329546,0.3978502249055953,0.6634184704010695,0.6341616203800378,Industrials,20.0,1.0,64,8.695322640257983,7038.3,4704.5,10.66655251005939,8.791729232198003,10.675163988385794,8.746923005605183
DE,2011Q2,2011,Q2,0,1,0,0,8796.1,2689.2,6106.9,1269.8,828.2,1762.7,1419.4,1345.6,904.3,298.5,1202.8,46585.5,7423.3,42895.8,6578.6,0.0339354941394481,0.0941553643091824,0.3057264014733802,0.1613669694523709,0.1028069257966598,268.9,294.3,256.3,266.0,235.7,258.6,243.3,255.7,219.4,270.6,238.1,230.2,0.0450124709151475,0.0418140744213801,0.0384119657094898,0.038090873942119,0.0501009671591029,0.0497307692307692,0.042369044302034,0.0385723552216741,0.043646057133763,0.0395880270357257,0.0314041520483262,0.0288536261312075,0.2595907379032836,0.651689497716895,0.2123889815607953,0.1221804511278195,0.242913552390354,0.3536143429334353,0.34802644760569,0.2815621589859816,0.1294149734078822,0.0857631466438648,-0.1090912172029759,-0.1033476672844483,-0.0374738833194824,0.0746461546602537,0.3112906025859634,0.4785494775660726,Industrials,20.0,2.0,65,9.082177400699717,5973.9,6983.3,10.749066078571895,8.912513683132355,10.66655251005939,8.791729232198003
DE,2011Q3,2011,Q3,0,0,1,0,8213.8,2421.6,5792.2,1316.3,815.8,1492.6,1105.3,1084.3,712.3,312.0,1024.3,47135.1,7527.6,46585.5,7423.3,0.037984854756629,0.0993206554822372,0.2948209111495288,0.1345662178285324,0.0867199103947016,298.5,268.9,294.3,256.3,266.0,235.7,258.6,243.3,255.7,219.4,270.6,238.1,0.0339354941394481,0.0450124709151475,0.0418140744213801,0.0384119657094898,0.038090873942119,0.0501009671591029,0.0497307692307692,0.042369044302034,0.0385723552216741,0.043646057133763,0.0395880270357257,0.0314041520483262,0.2310113302559797,0.1544570502431117,0.1248606465997768,0.2173234490831057,0.1103176374321208,0.1631063874565925,0.1689305735230701,0.2815735905832373,0.0859957401490947,0.0946361746361745,-0.0111192162382679,-0.1178019946223648,-0.0862304684345428,-0.0551619153539932,-0.0621881197445591,0.1729073628764457,Industrials,20.0,3.0,66,9.013692684465939,8796.1,6672.4,10.760794440780812,8.926464380533353,10.749066078571895,8.912513683132355
DE,2011Q4,2011,Q4,0,0,0,1,8405.0,2363.8,6041.2,1333.3,859.7,1474.2,1030.5,1054.9,669.6,346.9,1016.5,48207.4,6800.3,47135.1,7527.6,0.0412730517549077,0.1022843545508625,0.2812373587150505,0.1226055919095776,0.0796668649613325,312.0,298.5,268.9,294.3,256.3,266.0,235.7,258.6,243.3,255.7,219.4,270.6,0.037984854756629,0.0339354941394481,0.0450124709151475,0.0418140744213801,0.0384119657094898,0.038090873942119,0.0501009671591029,0.0497307692307692,0.042369044302034,0.0385723552216741,0.043646057133763,0.0395880270357257,0.1941804128837929,0.4642466652088344,0.3236644641057231,0.1787291879034998,0.2657336653215421,0.3225102669404516,0.3979591836734695,0.1501570680628272,0.020778912372358,0.3245579177428968,-0.0129387693966447,-0.145205446882764,0.1084292204301382,0.107462702178106,0.2261519695109268,0.3524481106971793,Industrials,20.0,4.0,67,9.036701015565063,8213.8,7038.3,10.783288558713688,8.824869049362894,10.760794440780812,8.926464380533353
DE,2012Q1,2012,Q1,1,0,0,0,6594.1,2018.1,4576.0,1198.1,709.0,1235.7,820.0,800.6,532.9,312.5,845.4,48576.9,6763.4,48207.4,6800.3,0.0473908493956718,0.1075203591089003,0.3060463141292974,0.124353588814243,0.0808146676574513,346.9,312.0,298.5,268.9,294.3,256.3,266.0,235.7,258.6,243.3,255.7,219.4,0.0412730517549077,0.037984854756629,0.0339354941394481,0.0450124709151475,0.0418140744213801,0.0384119657094898,0.038090873942119,0.0501009671591029,0.0497307692307692,0.042369044302034,0.0385723552216741,0.043646057133763,0.1038182761679975,0.0373759003309324,0.0735716565592083,0.1621420602454444,0.0584154175588864,0.0209163346613545,0.0724715338245143,0.1177059671234215,0.0661654135338345,0.1128552851569757,0.0528382119925781,-0.0341114687508874,-0.0274018108431696,-0.0751047009245438,-0.0601932195467226,0.0802453360592894,Industrials,20.0,1.0,68,8.794082228038732,8405.0,5973.9,10.790923973956115,8.81942884487553,10.783288558713688,8.824869049362894
DE,2012Q2,2012,Q2,0,1,0,0,9888.5,3054.0,6834.5,1381.4,881.4,2048.1,1672.6,1599.4,1056.2,352.0,1408.2,51405.3,7378.9,48576.9,6763.4,0.0355969054962835,0.0891338423421145,0.3088436062092329,0.1691459776508065,0.1068109420033372,312.5,346.9,312.0,298.5,268.9,294.3,256.3,266.0,235.7,258.6,243.3,255.7,0.0473908493956718,0.0412730517549077,0.037984854756629,0.0339354941394481,0.0450124709151475,0.0418140744213801,0.0384119657094898,0.038090873942119,0.0501009671591029,0.0497307692307692,0.042369044302034,0.0385723552216741,0.1241914030081512,0.1679752294592502,0.1356537260151717,0.1792294807370185,0.1619107051682078,0.1783852331971254,0.1886147443519621,0.119143919173394,0.0642356918618689,0.0878878563553315,0.0489579244082405,-0.0533322982063824,0.0101960600093091,0.0482069423800612,0.0389469500780212,0.1707682075157965,Industrials,20.0,2.0,69,9.199228867221464,6594.1,8796.1,10.847516012025787,8.906515367367213,10.790923973956115,8.81942884487553
DE,2012Q3,2012,Q3,0,0,1,0,9423.5,2667.5,6756.0,1424.8,878.4,1653.6,1242.7,1217.0,788.0,367.8,1155.8,53198.6,7395.8,51405.3,7378.9,0.0390300843635591,0.0932137740754496,0.2830689234360906,0.1318724465432164,0.0836207353955536,352.0,312.5,346.9,312.0,298.5,268.9,294.3,256.3,266.0,235.7,258.6,243.3,0.0355969054962835,0.0473908493956718,0.0412730517549077,0.037984854756629,0.0339354941394481,0.0450124709151475,0.0418140744213801,0.0384119657094898,0.038090873942119,0.0501009671591029,0.0497307692307692,0.042369044302034,0.1472765346124815,0.1062754457391548,0.1015444334324413,0.1788461538461538,0.1078654696502747,0.1243101420428842,0.1223831043069261,0.1663961879769344,0.0767344937484677,0.0824280179290435,0.0275170094403924,-0.0614865193663538,-0.0398614456064745,-0.0200181838264082,-0.0357377560129176,0.1283803573171922,Industrials,20.0,3.0,70,9.151067960511112,9888.5,8213.8,10.881806156504476,8.90880275323396,10.847516012025787,8.906515367367213
DE,2012Q4,2012,Q4,0,0,0,1,9576.1,2612.7,6963.4,1506.3,948.2,1583.9,1106.4,1114.2,687.6,401.3,1088.9,56265.8,6842.1,53198.6,7395.8,0.0419064128403003,0.099017345265818,0.2728354967053393,0.1155376405843715,0.071803761447771,367.8,352.0,312.5,346.9,312.0,298.5,268.9,294.3,256.3,266.0,235.7,258.6,0.0390300843635591,0.0355969054962835,0.0473908493956718,0.0412730517549077,0.037984854756629,0.0339354941394481,0.0450124709151475,0.0418140744213801,0.0384119657094898,0.038090873942119,0.0501009671591029,0.0497307692307692,0.1393337299226651,0.0268817204301075,0.1052965563922496,0.1568175266647449,0.0744132410799078,0.0736535662299855,0.056213859133567,0.1526517910348936,0.1029428870536233,0.1297532438310957,0.0153456325244287,-0.031940459510061,-0.0298746299143849,-0.0576478708281004,-0.0986997984341169,0.0712247909493359,Industrials,20.0,4.0,71,9.167130111150305,9423.5,8405.0,10.937859942141323,8.830996124319345,10.881806156504476,8.90880275323396
DE,2013Q1,2013,Q1,1,0,0,0,7293.8,2279.0,5014.8,1280.4,781.5,1403.3,998.6,938.6,649.7,356.5,1006.2,55169.6,7483.7,56265.8,6842.1,0.0488771285201129,0.107145795058817,0.3124571553922509,0.1369108009542351,0.0890756532945789,401.3,367.8,352.0,312.5,346.9,312.0,298.5,268.9,294.3,256.3,266.0,235.7,0.0419064128403003,0.0390300843635591,0.0355969054962835,0.0473908493956718,0.0412730517549077,0.037984854756629,0.0339354941394481,0.0450124709151475,0.0418140744213801,0.0384119657094898,0.038090873942119,0.0501009671591029,0.1061100074308851,0.219178082191781,0.1292800158564988,0.1408,0.1356316257991421,0.2178048780487804,0.1723707219585311,0.0958916083916083,0.1022566995768687,0.0686920958183792,0.0313621541583264,-0.0034836569854079,0.0209472912006549,0.10097989338088,0.1022213649648775,0.1902058197303053,Industrials,20.0,1.0,72,8.894917044542677,9576.1,6594.1,10.91818548168314,8.920616215890178,10.937859942141323,8.830996124319345
DE,2013Q2,2013,Q2,0,1,0,0,10777.2,3295.0,7482.2,1496.5,956.3,2212.1,1798.5,1750.7,1084.2,376.8,1461.0,58155.1,8264.9,55169.6,7483.7,0.0349626990312882,0.088733622833389,0.3057380395650076,0.1668800801692462,0.1006012693463979,356.5,401.3,367.8,352.0,312.5,346.9,312.0,298.5,268.9,294.3,256.3,266.0,0.0488771285201129,0.0419064128403003,0.0390300843635591,0.0355969054962835,0.0473908493956718,0.0412730517549077,0.037984854756629,0.0339354941394481,0.0450124709151475,0.0418140744213801,0.0384119657094898,0.038090873942119,0.0898720736208729,0.0265101306570725,0.078912901113294,0.0704545454545455,0.0800742151262146,0.0752720315676194,0.09459797424034,0.0947691857487744,0.0849784433855229,0.083321268278558,-0.0178163370145052,-0.0044900959973144,-0.0100554668504985,-0.0133961062097387,-0.0581370460785305,0.0374946740519812,Industrials,20.0,2.0,73,9.285280854639701,7293.8,9888.5,10.970886053562872,9.01989389724868,10.91818548168314,8.920616215890178
DE,2013Q3,2013,Q3,0,0,1,0,9846.5,3008.6,6837.9,1440.1,919.8,2018.7,1568.5,1550.1,996.5,338.7,1335.2,58336.9,8589.8,58155.1,8264.9,0.0343980094449804,0.0934139034174579,0.3055501955009394,0.1592951810287919,0.1012034733153912,376.8,356.5,401.3,367.8,352.0,312.5,346.9,312.0,298.5,268.9,294.3,256.3,0.0349626990312882,0.0488771285201129,0.0419064128403003,0.0390300843635591,0.0355969054962835,0.0473908493956718,0.0412730517549077,0.037984854756629,0.0339354941394481,0.0450124709151475,0.0418140744213801,0.0384119657094898,0.0448877805486285,0.2645939086294415,0.1278725398313027,-0.0791190864600327,0.2207910014513789,0.2621710791019553,0.2737058340180771,0.0121225577264652,0.0471311475409836,0.0107383492419987,-0.1186796030321554,0.0021469932313471,0.0794197815569268,0.20794893250569,0.2102676786644535,0.1552171655995848,Industrials,20.0,3.0,74,9.19497289484506,10777.2,9423.5,10.97400724688766,9.05844714219014,10.970886053562872,9.01989389724868
DE,2013Q4,2013,Q4,0,0,0,1,9195.5,2720.1,6475.4,1543.7,947.8,1730.9,1176.4,1244.1,806.8,405.2,1212.0,59521.3,10265.8,58336.9,8589.8,0.044065031809037,0.1030721548583546,0.295807732042847,0.1279321407210048,0.0877385677777173,338.7,376.8,356.5,401.3,367.8,352.0,312.5,346.9,312.0,298.5,268.9,294.3,0.0343980094449804,0.0349626990312882,0.0488771285201129,0.0419064128403003,0.0390300843635591,0.0355969054962835,0.0473908493956718,0.0412730517549077,0.037984854756629,0.0339354941394481,0.0450124709151475,0.0418140744213801,-0.0397447812783909,0.1733566026759743,0.0411069009071076,0.0097184151507598,0.0928088894500915,0.0632682574114245,0.1165858912224016,-0.0700807077002614,-0.0004218519299726,0.0248290513177986,0.0515104687428842,0.0409504979319654,0.0841981179681969,0.1072767288127389,0.2219216097966829,0.1130498668380934,Industrials,20.0,4.0,75,9.126578255870852,9846.5,9576.1,10.994106311233491,9.236670667222212,10.97400724688766,9.05844714219014
DE,2014Q1,2014,Q1,1,0,0,0,7480.0,2284.5,5195.5,1321.9,765.9,1479.7,962.6,961.8,681.1,323.7,1004.8,57659.2,10255.7,59521.3,10265.8,0.0432754010695187,0.1023930481283422,0.3054144385026738,0.1286898395721925,0.0910561497326203,405.2,338.7,376.8,356.5,401.3,367.8,352.0,312.5,346.9,312.0,298.5,268.9,0.044065031809037,0.0343980094449804,0.0349626990312882,0.0488771285201129,0.0419064128403003,0.0390300843635591,0.0355969054962835,0.0473908493956718,0.0412730517549077,0.037984854756629,0.0339354941394481,0.0450124709151475,0.0255285310811921,0.048329998460828,0.0024133391838525,-0.0920056100981767,0.0544430984108887,-0.0360504706589225,0.0247176646068612,0.0360333413097231,-0.0199616122840691,0.0324117463292721,-0.1146083581462675,-0.0443577550371048,-0.0225397843129432,-0.0600461126861028,0.0222338693547576,-0.0013913734843968,Industrials,20.0,1.0,76,8.920121751872404,9195.5,7293.8,10.962322439795464,9.235686429561449,10.994106311233491,9.236670667222212
DE,2014Q2,2014,Q2,0,1,0,0,9790.3,2918.5,6871.8,1446.5,846.5,1916.8,1472.0,1460.2,980.7,354.1,1334.8000000000002,60862.4,10665.3,57659.2,10255.7,0.036168452447831,0.0864631318754277,0.2981011817819678,0.1503529003197042,0.1001705769996833,323.7,405.2,338.7,376.8,356.5,401.3,367.8,352.0,312.5,346.9,312.0,298.5,0.0432754010695187,0.044065031809037,0.0343980094449804,0.0349626990312882,0.0488771285201129,0.0419064128403003,0.0390300843635591,0.0355969054962835,0.0473908493956718,0.0412730517549077,0.037984854756629,0.0339354941394481,-0.0915729503024905,-0.0954620918649695,-0.1142640364188164,-0.060244161358811,-0.1334930608923646,-0.1815401723658604,-0.1659336265493802,-0.0815802838737269,-0.1148175258809997,-0.0334112930170397,0.0344868517005425,-0.0255877184483322,-0.0249784351136194,-0.0990362650400242,-0.0042811820319242,-0.0863791923340177,Industrials,20.0,2.0,77,9.18924951526869,7480.0,10777.2,11.016387287812307,9.27484451752292,10.962322439795464,9.235686429561449
DE,2014Q3,2014,Q3,0,0,1,0,9296.5,2685.2,6611.3,1442.8,820.7,1773.2,1242.4,1301.1,850.7,362.1,1212.8000000000002,61748.5,10830.0,60862.4,10665.3,0.0389501425267573,0.088280535685473,0.288839885978594,0.1336416931103103,0.0915075566073253,354.1,323.7,405.2,338.7,376.8,356.5,401.3,367.8,352.0,312.5,346.9,312.0,0.036168452447831,0.0432754010695187,0.044065031809037,0.0343980094449804,0.0349626990312882,0.0488771285201129,0.0419064128403003,0.0390300843635591,0.0355969054962835,0.0473908493956718,0.0412730517549077,0.037984854756629,-0.0558574112628852,-0.1463120923231309,-0.1074918566775244,0.0690876882196636,-0.1216129192054292,-0.2079056423334395,-0.1606347977549835,-0.0331388291726991,-0.1077408132202651,0.0018748698007082,0.1323371077346222,-0.0549529303902911,-0.0546892450680627,-0.1610437161551349,-0.0958061654450286,-0.0916716596764528,Industrials,20.0,3.0,78,9.137500825799226,9790.3,9846.5,11.03084115729145,9.290167671835738,11.016387287812307,9.27484451752292
DE,2014Q4,2014,Q4,0,0,0,1,8675.9,2427.8,6248.1,1467.4,851.4,1598.1,960.4,1066.7,649.2,412.1,1061.3000000000002,61336.4,9062.6,61748.5,10830.0,0.0474993948754596,0.0981339111792436,0.2798326398413998,0.1106974492559849,0.0748279717378024,362.1,354.1,323.7,405.2,338.7,376.8,356.5,401.3,367.8,352.0,312.5,346.9,0.0389501425267573,0.036168452447831,0.0432754010695187,0.044065031809037,0.0343980094449804,0.0349626990312882,0.0488771285201129,0.0419064128403003,0.0390300843635591,0.0355969054962835,0.0473908493956718,0.0412730517549077,-0.0565058996248165,-0.1953396132870598,-0.1074592845851254,0.0170286278381046,-0.0767230920330465,-0.1836110166609997,-0.1425930391447631,-0.0351020786360687,-0.1017092213547161,-0.0494267020794195,0.0779385132707028,-0.047910550486669,-0.0540049852352517,-0.1347174476084581,-0.147148470358252,-0.1243399339933991,Industrials,20.0,4.0,79,9.068419601006553,9296.5,9195.5,11.024145050072804,9.112021671107403,11.03084115729145,9.290167671835738
DE,2015Q1,2015,Q1,1,0,0,0,6198.7,1778.1,4420.6,1214.8,659.0,1090.6,563.3,557.4,386.8,333.2,720.0,58290.1,8246.0,61336.4,9062.6,0.0537532063174536,0.1063126139351799,0.2868504686466517,0.0908738929130301,0.0624001806830464,412.1,362.1,354.1,323.7,405.2,338.7,376.8,356.5,401.3,367.8,352.0,312.5,0.0474993948754596,0.0389501425267573,0.036168452447831,0.0432754010695187,0.044065031809037,0.0343980094449804,0.0349626990312882,0.0488771285201129,0.0419064128403003,0.0390300843635591,0.0355969054962835,0.0473908493956718,-0.1712967914438502,-0.4320951402143591,-0.2216677609980302,0.0293481618782822,-0.2629587078461851,-0.4148140452939954,-0.4204616344354336,-0.1491483014146857,-0.1395743569656613,-0.0810197443074364,0.2421191944842551,0.0382796086109755,-0.0607828822600329,-0.2938533980994541,-0.3147065753792579,-0.2834394904458598,Industrials,20.0,1.0,80,8.732256182765715,8675.9,7480.0,10.973204702022972,9.017604776833355,11.024145050072804,9.112021671107403
DE,2015Q2,2015,Q2,0,1,0,0,7974.8,2280.6,5694.2,1294.0,740.0,1522.5,986.6,1014.8,690.5,341.1,1031.6,59594.0,8173.8,58290.1,8246.0,0.0427722325324773,0.0927922957315544,0.2859758238451121,0.1237147013091237,0.0865852435170788,333.2,412.1,362.1,354.1,323.7,405.2,338.7,376.8,356.5,401.3,367.8,352.0,0.0537532063174536,0.0474993948754596,0.0389501425267573,0.036168452447831,0.0432754010695187,0.044065031809037,0.0343980094449804,0.0349626990312882,0.0488771285201129,0.0419064128403003,0.0390300843635591,0.0355969054962835,-0.1854386484581677,-0.2959110839196492,-0.2185711838273085,-0.0367127929963286,-0.205707429048414,-0.3297554347826087,-0.3050267086700452,-0.1713670362932565,-0.1258121677495569,-0.1054268924991358,0.1825839823855197,0.0732007240409178,-0.0406753098541028,-0.1771711683242433,-0.1356219948962409,-0.2271501348516633,Industrials,20.0,2.0,81,8.984167236101609,6198.7,9790.3,10.99532695691681,9.00881153063438,10.973204702022972,9.017604776833355
DE,2015Q3,2015,Q3,0,0,1,0,7436.2,2078.2,5358.0,1325.7,755.3,1256.3,752.5,752.7,511.6,346.8,858.4000000000001,58932.2,7723.1,59594.0,8173.8,0.0466367230574755,0.1015706947096635,0.2794706973992092,0.101194158306662,0.0687985799198515,341.1,333.2,412.1,362.1,354.1,323.7,405.2,338.7,376.8,356.5,401.3,367.8,0.0427722325324773,0.0537532063174536,0.0474993948754596,0.0389501425267573,0.036168452447831,0.0432754010695187,0.044065031809037,0.0343980094449804,0.0349626990312882,0.0488771285201129,0.0419064128403003,0.0390300843635591,-0.2001075673640617,-0.3986129070177501,-0.2260539252197229,-0.0422535211267606,-0.2915068802165577,-0.3943174500965872,-0.4214895088771039,-0.1895693736481478,-0.0796880711587669,-0.0811616301635708,0.1973440925264342,0.1505446123655258,-0.0324373088143343,-0.2427949994382782,-0.248165042641472,-0.2922163588390501,Industrials,20.0,3.0,82,8.914249712905908,7974.8,9296.5,10.984159878071573,8.95210059012436,10.99532695691681,9.00881153063438
DE,2015Q4,2015,Q4,0,0,0,1,6546.5,1716.1,4830.4,1265.0,719.1,973.0,451.1,456.0,351.2,404.0,755.2,57947.6,6743.4,58932.2,7723.1,0.06158853138350412,0.1098449553196364,0.262140074849156,0.0689070495684717,0.053646986939586,346.8,341.1,333.2,412.1,362.1,354.1,323.7,405.2,338.7,376.8,356.5,401.3,0.0466367230574755,0.0427722325324773,0.0537532063174536,0.0474993948754596,0.0389501425267573,0.036168452447831,0.0432754010695187,0.044065031809037,0.0343980094449804,0.0349626990312882,0.0488771285201129,0.0419064128403003,-0.2454385135836051,-0.4590264941466421,-0.2931460581596508,-0.0196554234409124,-0.3911519929916776,-0.5302998750520616,-0.5725133589575326,-0.2269009778972809,-0.1553911205073995,-0.1379310344827586,0.2992242437591061,0.1193373829664481,-0.0632255229492575,-0.3775190843907708,-0.283062393732048,-0.2884198624328654,Industrials,20.0,4.0,83,8.786838576381866,7436.2,8675.9,10.967311689718521,8.816467809903825,10.984159878071573,8.95210059012436
DE,2016Q1,2016,Q1,1,0,0,0,5368.2,1528.1,3840.1,1160.0,592.9,898.6,368.1,349.3,254.4,319.3,573.7,56036.2,6590.2,57947.6,6743.4,0.0594799001527513,0.1104467046682314,0.2846577996348869,0.0685704705487873,0.0473901866547446,404.0,346.8,341.1,333.2,412.1,362.1,354.1,323.7,405.2,338.7,376.8,356.5,0.06158853138350412,0.0466367230574755,0.0427722325324773,0.0537532063174536,0.0474993948754596,0.0389501425267573,0.036168452447831,0.0432754010695187,0.044065031809037,0.0343980094449804,0.0349626990312882,0.0488771285201129,-0.1339797054221047,-0.3422957600827301,-0.1405995163376637,-0.0417166866746697,-0.1760498807995597,-0.3465293804367121,-0.373340509508432,-0.1313170157897119,-0.1003034901365705,-0.0451103062232466,0.1065367859449581,0.0388861733337877,-0.007643944324406,-0.245432672127165,-0.2405440795843708,-0.2031944444444443,Industrials,20.0,1.0,84,8.58843420061348,6546.5,6198.7,10.93377103489148,8.79349070500138,10.967311689718521,8.816467809903825
DE,2016Q2,2016,Q2,0,1,0,0,7718.0,2187.0,5531.0,1420.1,714.8,1311.9,766.9,732.5,495.4,345.0,840.4,59183.3,7164.3,56036.2,6590.2,0.0447006996631251,0.0926146670121793,0.2833635656905934,0.0993651204975382,0.0641876133713397,319.3,404.0,346.8,341.1,333.2,412.1,362.1,354.1,323.7,405.2,338.7,376.8,0.0594799001527513,0.06158853138350412,0.0466367230574755,0.0427722325324773,0.0537532063174536,0.0474993948754596,0.0389501425267573,0.036168452447831,0.0432754010695187,0.044065031809037,0.0343980094449804,0.0349626990312882,-0.032201434518734,-0.2825488776249095,-0.0410418310970797,0.0114335971855759,-0.1383251231527092,-0.2226839651327793,-0.2781828931809222,-0.0286607425099223,-0.0340540540540541,0.0974497681607418,0.0450868943813853,-0.0019142615017194,-0.0091345419322352,-0.1968204308293454,-0.2586772206897031,-0.185343156262117,Industrials,20.0,2.0,85,8.951440100949855,5368.2,7974.8,10.988411582996939,8.877005209588113,10.93377103489148,8.79349070500138
DE,2016Q3,2016,Q3,0,0,1,0,6499.9,2005.7,4494.2,1324.4,709.0,1302.4,681.3,715.1,488.8,338.8,827.6,58606.4,7428.4,59183.3,7164.3,0.052123878828905,0.1090786012092493,0.3085739780612009,0.104816997184572,0.075201156940876,345.0,319.3,404.0,346.8,341.1,333.2,412.1,362.1,354.1,323.7,405.2,338.7,0.0447006996631251,0.0594799001527513,0.06158853138350412,0.0466367230574755,0.0427722325324773,0.0537532063174536,0.0474993948754596,0.0389501425267573,0.036168452447831,0.0432754010695187,0.044065031809037,0.0343980094449804,-0.1259110836179769,-0.0445660672400313,-0.0348859590029831,-0.0230680507497116,0.0366950569131578,-0.0946179401993355,-0.0499535007307028,-0.1612168719671519,-0.0613001456374949,-0.0009806140152371,0.1176574041162163,0.0739180382791211,0.1041371454425477,0.0358008697194882,0.0930626333927722,-0.0358807082945015,Industrials,20.0,3.0,86,8.779695907837276,7718.0,7436.2,10.978616247455955,8.913200380749839,10.988411582996939,8.877005209588113
DE,2016Q4,2016,Q4,0,0,0,1,6312.4,1766.8,4545.6,1341.2,746.9,1034.6,425.6,424.7,285.3,386.0,671.3,57918.5,6520.0,58606.4,7428.4,0.0611494835561751,0.118322666497687,0.2798935428680058,0.0674228502629744,0.0451967555921678,338.8,345.0,319.3,404.0,346.8,341.1,333.2,412.1,362.1,354.1,323.7,405.2,0.052123878828905,0.0447006996631251,0.0594799001527513,0.06158853138350412,0.0466367230574755,0.0427722325324773,0.0537532063174536,0.0474993948754596,0.0389501425267573,0.036168452447831,0.0432754010695187,0.044065031809037,-0.0357595661804017,-0.1876423690205011,0.029543732882699,-0.0445544554455445,0.0633093525179855,-0.0565284859232986,-0.068640350877193,-0.0589599205034778,0.0386594354053677,0.0602371541501975,-0.0091210542066816,0.0771788850328307,0.0677251199728454,-0.0215391504177293,-0.1575154883709382,-0.1110963983050848,Industrials,20.0,4.0,87,8.750429637678298,6499.9,6546.5,10.966809394425653,8.782783017393202,10.978616247455955,8.913200380749839
DE,2017Q1,2017,Q1,1,0,0,0,5353.3,1571.8,3781.5,1307.6,667.3,951.8,264.2,327.6,199.0,312.1,511.1,56296.6,6825.5,57918.5,6520.0,0.0583004875497356,0.1246520837614181,0.2936132852632955,0.049352735695739,0.0371733323370631,386.0,338.8,345.0,319.3,404.0,346.8,341.1,333.2,412.1,362.1,354.1,323.7,0.0611494835561751,0.052123878828905,0.0447006996631251,0.0594799001527513,0.06159416020180321,0.0466367230574755,0.0427722325324773,0.0537532063174536,0.0474993948754596,0.0389501425267573,0.036168452447831,0.0432754010695187,-0.0027756044856748,-0.2177672955974843,0.0285976048687912,-0.0225493266520513,0.0592032049855328,-0.2822602553653899,-0.0621242484969939,-0.0152600192703314,0.1254849047056838,0.1272413793103448,-0.0198287589586875,0.1286175005026901,0.0314605313463929,-0.2802625488675185,-0.2155900839157931,-0.1091162628551508,Industrials,20.0,1.0,88,8.585655255383134,6312.4,5368.2,10.938407184444728,8.828567376124806,10.966809394425653,8.782783017393202
DE,2017Q2,2017,Q2,0,1,0,0,7924.8,2497.1,5427.7,1463.1,783.6,1823.6,1034.0,1174.1,808.5,325.4,1133.9,58968.8,7684.7,56296.6,6825.5,0.0410609731475873,0.0988794669897032,0.3150994346860488,0.1304764789016757,0.1020215021199273,312.1,386.0,338.8,345.0,319.3,404.0,346.8,341.1,333.2,412.1,362.1,354.1,0.0583004875497356,0.0611494835561751,0.052123878828905,0.0447006996631251,0.0594799001527513,0.0615997890201023,0.0466367230574755,0.0427722325324773,0.0537532063174536,0.0474993948754596,0.0389501425267573,0.036168452447831,0.0267945063487951,0.6320145337101333,0.1417924096936442,-0.0568115942028986,0.3900449729400106,0.3482853044725518,0.602866894197952,-0.0186765503525583,0.0962506994963627,0.0302795577776213,-0.0814243746287567,0.0676437132436058,0.111996999042947,0.3131014006560613,0.5894266317351615,0.3492384578772014,Industrials,20.0,2.0,89,8.97787854002298,5353.3,7718.0,10.98478072743377,8.947116738356776,10.938407184444728,8.828567376124806
DE,2017Q3,2017,Q3,0,0,1,0,7521.8,2273.2,5248.6,1453.0,799.1,1542.1,820.2,895.5,641.8,336.8,978.6,62349.9,8572.2,58968.8,7684.7,0.0447765162594059,0.106237868595283,0.3022148953707889,0.1090430482065463,0.0853253210667659,325.4,312.1,386.0,338.8,345.0,319.3,404.0,346.8,341.1,333.2,412.1,362.1,0.0410609731475873,0.0583004875497356,0.0611494835561751,0.052123878828905,0.0447006996631251,0.0594799001527513,0.060832262709524576,0.0466367230574755,0.0427722325324773,0.0537532063174536,0.0474993948754596,0.0389501425267573,0.1572178033508209,0.3130114566284778,0.1333698957969784,-0.0059031877213695,0.1840448402948402,0.2038749449581682,0.2522724094532234,0.1678607983623337,0.1270803949224259,0.0971005738447599,-0.1409596279973053,-0.0260429871897317,-0.0206079680806747,0.0403183752205054,0.1346277708712597,0.182455292411793,Industrials,20.0,3.0,90,8.925693688067923,7924.8,6499.9,11.040533385647148,9.056396337462978,10.98478072743377,8.947116738356776
DE,2017Q4,2017,Q4,0,0,0,1,7816.6,2221.6,5595.0,1408.3,840.8,1451.3,813.3,733.1,510.3,397.0,907.3,65786.3,9557.3,62349.9,8572.2,0.0507893457513496,0.1075659493897602,0.2842156436302228,0.1040477957168078,0.0652841388839137,336.8,325.4,312.1,386.0,338.8,345.0,319.3,404.0,346.8,341.1,333.2,412.1,0.0447765162594059,0.0410609731475873,0.0583004875497356,0.0611494835561751,0.052123878828905,0.0447006996631251,0.0594799001527513,0.060848958543558804,0.0466367230574755,0.0427722325324773,0.0537532063174536,0.0474993948754596,0.238292883847665,0.7886435331230284,0.2574145347520942,0.0284974093264249,0.4027643533732845,0.9109492481203004,0.7261596421003063,0.2308606124604011,0.1257196411835586,0.0500298240381746,-0.1694231447647156,-0.0909100295515831,0.0154419452407847,0.5432126543298346,0.4444430364206693,0.3515566810665873,Industrials,20.0,4.0,91,8.96413288106342,7521.8,6312.4,11.09418208956621,9.165165165965055,11.040533385647148,9.056396337462978
DE,2018Q1,2018,Q1,1,0,0,0,6696.8,1992.3,4704.5,1404.8,705.0,1267.4,587.5,522.8,-535.1,356.8,-178.3,66577.5,9252.6,65786.3,9557.3,0.0532791781149205,0.1052741607932146,0.2975002986501015,0.0877284673276788,-0.0799038346673037,397.0,336.8,325.4,312.1,386.0,338.8,345.0,319.3,404.0,346.8,341.1,333.2,0.0507893457513496,0.0447765162594059,0.0410609731475873,0.0583004875497356,0.0611494835561751,0.052123878828905,0.0447006996631251,0.0594799001527513,0.060865654377593045,0.0466367230574755,0.0427722325324773,0.0537532063174536,0.2509666934414287,-3.6889447236180906,0.2675276752767528,0.1432233258570969,0.331582265181761,1.2236941710825135,0.5958485958485955,0.2440830358323416,0.0564963284879365,0.0743346589171001,-0.0861280865023894,-0.1554560692727167,0.0132385473747225,0.7775806364317315,-3.1494934579119467,-1.3488554099002152,Industrials,20.0,1.0,92,8.809534393248741,7816.6,5353.3,11.106136981587154,9.132767943981191,11.09418208956621,9.165165165965055
DE,2018Q2,2018,Q2,0,1,0,0,10500.9,3167.6,7333.3,1699.3,939.2,2175.0,1468.3,1386.8,1208.3,415.2,1623.5,69873.0,10410.3,66577.5,9252.6,0.039539468045596,0.0894399527659534,0.3016503347332133,0.1398261101429401,0.1150663276481063,356.8,397.0,336.8,325.4,312.1,386.0,338.8,345.0,319.3,404.0,346.8,341.1,0.0532791781149205,0.0507893457513496,0.0447765162594059,0.0410609731475873,0.0583004875497356,0.0611494835561751,0.052123878828905,0.0447006996631251,0.0594799001527513,0.060882350211627294,0.0466367230574755,0.0427722325324773,0.3250681405208964,0.494495980210266,0.2685114733090386,0.2759680393362016,0.1926957666154858,0.4200193423597678,0.1811600374755131,0.3510879378005418,0.198570699336396,0.1614380425124735,-0.0370547745306086,-0.0954648574787806,-0.0426820821377721,0.0716575992850794,0.1278634920788042,0.4317841079460269,Industrials,20.0,2.0,93,9.259311472156659,6696.8,7924.8,11.154448899084867,9.250647033735317,11.106136981587154,9.132767943981191
DE,2018Q3,2018,Q3,0,0,1,0,10072.0,2920.0,7152.0,1675.0,913.0,1975.2,1245.0,1200.0,910.0,416.0,1326.0,69390.1,10356.3,69873.0,10410.3,0.0413026211278792,0.0906473391580619,0.289912629070691,0.1236100079428117,0.0903494837172359,415.2,356.8,397.0,336.8,325.4,312.1,386.0,338.8,345.0,319.3,404.0,346.8,0.039539468045596,0.0532791781149205,0.0507893457513496,0.0447765162594059,0.0410609731475873,0.0583004875497356,0.060832262709524576,0.052123878828905,0.0447006996631251,0.0594799001527513,0.060899046045661515,0.0466367230574755,0.3390411869499321,0.4178871922717357,0.284532817174028,0.2351543942992873,0.2808507878866482,0.5179224579370885,0.340033500837521,0.3626490873756811,0.1425353522713051,0.1527873365450791,-0.0775829703097319,-0.146751150445363,-0.040707015069539,0.1335890730849078,0.0588824347527345,0.3549969343960761,Industrials,20.0,3.0,94,9.21761385594268,10500.9,7521.8,11.14751389619625,9.245446864086146,11.154448899084867,9.250647033735317
DE,2018Q4,2018,Q4,0,0,0,1,9186.7,2595.0,6591.7,1522.6,898.5,1783.8,1072.4,987.9,784.8,469.9,1254.6999999999998,70108.0,11288.0,69390.1,10356.3,0.0511500321116396,0.0978044346718625,0.2824735759304211,0.1167339741147528,0.0854278467784949,416.0,415.2,356.8,397.0,336.8,325.4,312.1,386.0,338.8,345.0,319.3,404.0,0.0413026211278792,0.039539468045596,0.0532791781149205,0.0507893457513496,0.0447765162594059,0.0410609731475873,0.0583004875497356,0.060848958543558804,0.052123878828905,0.0447006996631251,0.0594799001527513,0.06091574187969576,0.175280812629532,0.5379188712522045,0.1680770615772417,0.1836272040302267,0.2291049403982636,0.3185786302717326,0.3475651343609329,0.1781411974977658,0.0686251189343483,0.08116168430022,0.0071016146192506,-0.0907491150617494,-0.0061293871004096,0.1219264503447401,0.3085543937463921,0.3828943017744957,Industrials,20.0,4.0,95,9.125620911991641,10072.0,7816.6,11.157806452798765,9.331584079261546,11.14751389619625,9.245446864086146
DE,2019Q1,2019,Q1,1,0,0,0,7756.0,2324.0,5432.0,1522.0,764.0,1533.0,802.0,684.0,498.0,407.0,905.0,69918.2,11327.8,70108.0,11288.0,0.0524755028365136,0.0985043837029396,0.2996389891696751,0.1034038164002063,0.0642083548220732,469.9,416.0,415.2,356.8,397.0,336.8,325.4,312.1,386.0,338.8,345.0,319.3,0.0511500321116396,0.0413026211278792,0.039539468045596,0.0532791781149205,0.0507893457513496,0.0447765162594059,0.0410609731475873,0.0583004875497356,0.060865654377593045,0.052123878828905,0.0447006996631251,0.0594799001527513,0.1581650937761318,-1.9306671650158849,0.1664909903127038,0.1406950672645739,0.2095628846457313,0.3651063829787233,0.3083397092578426,0.1546391752577318,0.0836879432624113,0.0834282460136675,-0.0150842281514442,-0.0643061605931256,0.0071888684793857,0.1786803024151515,-1.803570380438161,-6.075715086932137,Industrials,20.0,1.0,96,8.956350940490871,9186.7,6696.8,11.155095568616364,9.335103434908849,11.157806452798765,9.331584079261546
DE,2019Q2,2019,Q2,0,1,0,0,11111.0,3356.0,7755.0,1763.0,947.0,2337.0,1593.0,1479.0,1135.0,457.0,1592.0,72729.6,11919.5,69918.2,11327.8,0.041130411304113,0.085230852308523,0.3020430204302043,0.1433714337143371,0.1021510215102151,407.0,469.9,416.0,415.2,356.8,397.0,336.8,325.4,312.1,386.0,338.8,345.0,0.0524755028365136,0.0511500321116396,0.0413026211278792,0.039539468045596,0.0532791781149205,0.0507893457513496,0.0447765162594059,0.0410609731475873,0.0583004875497356,0.060882350211627294,0.052123878828905,0.0447006996631251,0.0580997819234541,-0.0606637424480674,0.05947720671802,0.1006743737957611,0.0744827586206897,0.084928148198597,0.0664839919238535,0.057504806840031,0.008304940374787,0.0374860236567999,0.040236840229674,-0.0470606292519484,0.0013017910201833,0.0253552327800059,-0.1122422727992901,-0.0194025254080689,Industrials,20.0,2.0,97,9.31578088443418,7756.0,10500.9,11.194517482805194,9.386014886048343,11.155095568616364,9.335103434908849
DE,2019Q3,2019,Q3,0,0,1,0,9853.0,2983.0,6870.0,1679.0,896.0,1993.0,1304.0,1120.0,899.0,431.0,1330.0,73530.0,12266.0,72729.6,11919.5,0.0437430224297168,0.0909367705267431,0.3027504313407084,0.1323454785344565,0.0912412463209174,457.0,407.0,469.9,416.0,415.2,356.8,397.0,336.8,325.4,312.1,386.0,338.8,0.041130411304113,0.0524755028365136,0.0511500321116396,0.0413026211278792,0.039539468045596,0.0532791781149205,0.0507893457513496,0.0447765162594059,0.0410609731475873,0.0583004875497356,0.060899046045661515,0.052123878828905,-0.0217434471803018,-0.012087912087912,0.0215753424657534,0.0360576923076922,0.0090117456460105,0.0473895582329317,-0.0666666666666666,-0.0394295302013423,-0.0186199342825849,0.0023880597014924,0.0590858699810288,0.0031929383848374,0.0442816248163064,0.0706696062642939,0.0098701460926162,0.0030165912518853,Industrials,20.0,3.0,98,9.195632743103909,11111.0,10072.0,11.20546236498899,9.414668009032752,11.194517482805194,9.386014886048343
DE,2019Q4,2019,Q4,0,0,0,1,9660.0,2696.0,6964.0,1719.0,877.0,1710.0,977.0,826.0,721.0,488.0,1209.0,73011.0,11413.0,73530.0,12266.0,0.0505175983436853,0.0907867494824016,0.2790890269151139,0.1011387163561076,0.0746376811594203,431.0,457.0,407.0,469.9,416.0,415.2,356.8,397.0,336.8,325.4,312.1,386.0,0.0437430224297168,0.041130411304113,0.0524755028365136,0.0511500321116396,0.0413026211278792,0.039539468045596,0.0532791781149205,0.0507893457513496,0.0447765162594059,0.0410609731475873,0.0583004875497356,0.06091574187969576,0.0515201323652672,-0.0812945973496431,0.0389210019267822,0.0385188337944244,-0.041372351160444,-0.0889593435285341,-0.1638829841077032,0.0564801189374517,-0.0239287701725097,0.1289898857217917,-0.0123642887764763,-0.0717522187312416,-0.0119818252173112,-0.1335965632705573,-0.1263073579163526,-0.0364230493345021,Industrials,20.0,4.0,99,9.17585244151751,9853.0,9186.7,11.198379090182675,9.342595951096653,11.20546236498899,9.414668009032752
DE,2020Q1,2020,Q1,1,0,0,0,7426.0,2349.0,5077.0,1649.0,809.0,1443.0,700.0,568.0,517.0,425.0,942.0,71821.0,11926.0,73011.0,11413.0,0.0572313493132238,0.1089415566927013,0.3163210342041476,0.0942633988688392,0.0696202531645569,488.0,431.0,457.0,407.0,469.9,416.0,415.2,356.8,397.0,336.8,325.4,312.1,0.0505175983436853,0.0437430224297168,0.041130411304113,0.0524755028365136,0.0511500321116396,0.0413026211278792,0.039539468045596,0.0532791781149205,0.0507893457513496,0.0447765162594059,0.0410609731475873,0.0583004875497356,-0.0425477050025786,0.0381526104417671,0.0107573149741824,0.0442260442260442,-0.0587084148727984,-0.1271820448877805,-0.1695906432748538,-0.0653534609720176,0.0589005235602093,0.0834428383705649,0.090629840966496,0.1059564315557479,0.055673812946372,-0.0883953595676847,0.084286513141172,0.0408839779005525,Industrials,20.0,1.0,100,8.912877287669296,9660.0,7756.0,11.18194611478861,9.386560016578668,11.198379090182675,9.342595951096653
DE,2020Q2,2020,Q2,0,1,0,0,9073.0,2779.0,6294.0,1689.0,906.0,1799.0,1090.0,911.0,666.0,406.0,1072.0,77326.0,11864.0,71821.0,11926.0,0.0447481538631103,0.0998567177339358,0.3062933979940482,0.1201366692383996,0.0734046070759396,425.0,488.0,431.0,457.0,407.0,469.9,416.0,415.2,356.8,397.0,336.8,325.4,0.0572313493132238,0.0505175983436853,0.0437430224297168,0.041130411304113,0.0524755028365136,0.0511500321116396,0.0413026211278792,0.039539468045596,0.0532791781149205,0.0507893457513496,0.0447765162594059,0.0410609731475873,-0.1834218342183421,-0.413215859030837,-0.1719308700834326,-0.111597374179431,-0.2302096705177577,-0.3157564344005021,-0.3840432724814063,-0.188394584139265,-0.0432946145723336,-0.0419739081111741,0.0879578502691877,0.1716029469289981,0.0140720932991269,-0.1620599297502457,-0.2814109346072556,-0.3266331658291457,Industrials,20.0,2.0,101,9.113168460223909,7426.0,11111.0,11.255798462074907,9.381348168869865,11.18194611478861,9.386560016578668
DE,2020Q3,2020,Q3,0,0,1,0,8697.0,2862.0,5835.0,1530.0,752.0,2107.0,1332.0,1268.0,811.0,370.0,1181.0,77264.0,12888.0,77326.0,11864.0,0.0425434057721053,0.08646659767736,0.3290789927561228,0.1531562607795791,0.0932505461653443,406.0,425.0,488.0,431.0,457.0,407.0,469.9,416.0,415.2,356.8,397.0,336.8,0.0447481538631103,0.0572313493132238,0.0505175983436853,0.0437430224297168,0.041130411304113,0.0524755028365136,0.0511500321116396,0.0413026211278792,0.039539468045596,0.0532791781149205,0.0507893457513496,0.0447765162594059,-0.1173246726885213,-0.0978865406006673,-0.0405631914180355,-0.1415313225058004,0.0572002007024585,0.0214723926380369,0.1321428571428571,-0.1506550218340611,-0.1607142857142857,-0.0887432995830851,-0.0274241831263254,-0.0491569342466203,0.0869645711116586,0.1572458876236144,0.0220218368933682,-0.1120300751879699,Industrials,20.0,3.0,102,9.070848393157585,9073.0,9853.0,11.254996350667795,9.46412951340478,11.255798462074907,9.381348168869865
DE,2020Q4,2020,Q4,0,0,0,1,9526.0,2867.0,6659.0,1678.0,979.0,1898.0,1189.0,1088.0,758.0,443.0,1201.0,75091.0,12937.0,77264.0,12888.0,0.0465043040100776,0.102771362586605,0.3009657778710896,0.1248162922527818,0.0795716985093428,370.0,406.0,425.0,488.0,431.0,457.0,407.0,469.9,416.0,415.2,356.8,397.0,0.0425434057721053,0.0447481538631103,0.0572313493132238,0.0505175983436853,0.0437430224297168,0.041130411304113,0.0524755028365136,0.0511500321116396,0.0413026211278792,0.039539468045596,0.0532791781149205,0.0507893457513496,-0.013871635610766,0.0513176144244105,0.0634272997032641,-0.0922131147540983,0.1099415204678362,0.216990788126919,0.3171912832929782,-0.0437966685812751,0.1163055872291904,-0.0238510762070971,-0.0794434902923146,0.1320083951956727,0.0783862812443345,0.234109911117577,0.0661062518727488,-0.0066170388751033,Industrials,20.0,4.0,103,9.161885151706779,8697.0,9660.0,11.226469307444253,9.46792399660393,11.254996350667795,9.46412951340478
DE,2021Q1,2021,Q1,1,0,0,0,8885.0,3080.0,5805.0,1508.0,769.0,2337.0,1572.0,1532.0,1224.0,366.0,1590.0,75480.0,14083.0,75091.0,12937.0,0.0411930219471018,0.0865503657850309,0.3466516601012943,0.1769274057400112,0.1377602701181767,443.0,370.0,406.0,425.0,488.0,431.0,457.0,407.0,469.9,416.0,415.2,356.8,0.0465043040100776,0.0425434057721053,0.0447481538631103,0.0572313493132238,0.0505175983436853,0.0437430224297168,0.041130411304113,0.0524755028365136,0.0511500321116396,0.0413026211278792,0.039539468045596,0.0532791781149205,0.1964718556423377,1.367504835589942,0.3111962537249892,-0.1388235294117646,0.6195426195426195,1.2457142857142856,1.6971830985915497,0.1433917667914122,-0.0494437577255871,-0.0855063674954518,-0.2802367506372273,-0.2055339724108283,0.095885580209541,0.8769470214647481,0.978738425333811,0.6878980891719746,Industrials,20.0,1.0,104,9.092232283495854,9526.0,7426.0,11.231636247937386,9.552794680274943,11.226469307444253,9.46792399660393
DE,2021Q2,2021,Q2,0,1,0,0,11807.0,3879.0,7928.0,1550.0,838.0,3096.0,2329.0,2320.0,1790.0,377.0,2167.0,78979.0,15092.0,75480.0,14083.0,0.0319302108918438,0.0709748454306767,0.3285339205556026,0.1972558651647327,0.1516049800965529,366.0,443.0,370.0,406.0,425.0,488.0,431.0,457.0,407.0,469.9,416.0,415.2,0.0411930219471018,0.0465043040100776,0.0425434057721053,0.0447481538631103,0.0572313493132238,0.0505175983436853,0.0437430224297168,0.041130411304113,0.0524755028365136,0.0511500321116396,0.0413026211278792,0.039539468045596,0.3013336272456739,1.6876876876876876,0.3958258366318818,-0.0714285714285714,0.7209560867148417,1.136697247706422,1.5466520307354554,0.259612329202415,-0.0750551876379691,-0.0822972172883362,-0.2864462969908892,-0.2892331428338524,0.0726118248294287,0.6419288666418537,1.0653333099339708,1.0214552238805972,Industrials,20.0,2.0,105,9.376532546840254,8885.0,9073.0,11.27694993484064,9.621986339159427,11.231636247937386,9.552794680274943
DE,2021Q3,2021,Q3,0,0,1,0,11238.0,3664.0,7574.0,1559.0,841.0,2909.0,2105.0,2158.0,1667.0,394.0,2061.0,80688.0,15731.0,78979.0,15092.0,0.0350596191493148,0.0748353799608471,0.3260366613276383,0.1873109094144865,0.1483360028474817,377.0,366.0,443.0,370.0,406.0,425.0,488.0,431.0,457.0,407.0,469.9,416.0,0.0319302108918438,0.0411930219471018,0.0465043040100776,0.0425434057721053,0.0447481538631103,0.0572313493132238,0.0505175983436853,0.0437430224297168,0.041130411304113,0.0524755028365136,0.0511500321116396,0.0413026211278792,0.2921697136943773,1.0554870530209617,0.2802236198462613,0.0648648648648648,0.3806359753203607,0.5803303303303304,0.7018927444794953,0.2980291345329906,0.1183510638297873,0.018954248366013,-0.1759094385362404,-0.1345168889368517,-0.0092449882716733,0.2230052396229651,0.5907252981067186,0.7451312447078746,Industrials,20.0,3.0,106,9.327145151518268,11807.0,8697.0,11.298357537656326,9.6634521335517,11.27694993484064,9.621986339159427
DE,2021Q4,2021,Q4,0,0,0,1,11104.0,3093.0,8011.0,1493.0,752.0,2304.0,1600.0,1613.0,1283.0,450.0,1733.0,84114.0,18431.0,80688.0,15731.0,0.0405259365994236,0.0677233429394812,0.2785482708933717,0.1440922190201729,0.1155439481268011,394.0,377.0,366.0,443.0,370.0,406.0,425.0,488.0,431.0,457.0,407.0,469.9,0.0350596191493148,0.0319302108918438,0.0411930219471018,0.0465043040100776,0.0425434057721053,0.0447481538631103,0.0572313493132238,0.0505175983436853,0.0437430224297168,0.041130411304113,0.0524755028365136,0.0511500321116396,0.1656519000629854,0.6926121372031662,0.0788280432507848,0.0158013544018058,0.21390937829294,0.3456686291000841,0.4825367647058822,0.2030334885117886,-0.2318692543411644,-0.1102502979737782,-0.1285551421081049,-0.3410290451057216,-0.0744852359503803,0.1544343804761709,0.4520734166964482,0.4429641965029143,Industrials,20.0,4.0,107,9.315150736328528,11238.0,9526.0,11.33994018915326,9.821843563495618,11.298357537656326,9.6634521335517
DE,2022Q1,2022,Q1,1,0,0,0,9331.0,2636.0,6695.0,1494.0,781.0,1866.0,1142.0,1154.0,903.0,402.0,1305.0,79614.0,17804.0,84114.0,18431.0,0.0430821991212088,0.083699496302647,0.2824991962276283,0.1223877397920908,0.0967741935483871,450.0,394.0,377.0,366.0,443.0,370.0,406.0,425.0,488.0,431.0,457.0,407.0,0.0405259365994236,0.0350596191493148,0.0319302108918438,0.0411930219471018,0.0465043040100776,0.0425434057721053,0.0447481538631103,0.0572313493132238,0.0505175983436853,0.0437430224297168,0.041130411304113,0.0524755028365136,0.0501969611705122,-0.2622549019607842,-0.1441558441558441,0.098360655737705,-0.2015404364569961,-0.2735368956743003,-0.2467362924281984,0.1533161068044788,0.0156046814044212,-0.0092838196286472,0.0458615824916415,-0.0329388496111581,-0.1850631952978969,-0.3082601348265092,-0.297517394054396,-0.1792452830188678,Industrials,20.0,1.0,108,9.14120463314132,11104.0,8885.0,11.284957796290527,9.787234595711878,11.33994018915326,9.821843563495618
DE,2022Q2,2022,Q2,0,1,0,0,12830.0,3912.0,8918.0,1713.0,932.0,3186.0,2199.0,2558.0,2098.0,453.0,2551.0,84099.0,18904.0,79614.0,17804.0,0.0353078721745908,0.0726422447388932,0.3049103663289166,0.1713951675759937,0.1635229929851909,402.0,450.0,394.0,377.0,366.0,443.0,370.0,406.0,425.0,488.0,431.0,457.0,0.0430821991212088,0.0405259365994236,0.0350596191493148,0.0319302108918438,0.0411930219471018,0.0465043040100776,0.0425434057721053,0.0447481538631103,0.0572313493132238,0.0505175983436853,0.0437430224297168,0.041130411304113,0.0866435165579739,0.1720670391061451,0.008507347254447,0.2015915119363396,0.0290697674418605,-0.0558179476170029,0.1025862068965517,0.1248738647830474,0.1121718377088305,0.1051612903225807,0.1057826174148373,0.0234928205633797,-0.0719059821486159,-0.1311022998841741,0.0786122783106981,0.1772035071527458,Industrials,20.0,2.0,109,9.459619396895018,9331.0,11807.0,11.33976184596104,9.847181716325034,11.284957796290527,9.787234595711878
DE,2022Q3,2022,Q3,0,0,1,0,13846.0,4335.0,9511.0,1756.0,959.0,3345.0,2579.0,2539.0,1884.0,481.0,2365.0,86817.0,19033.0,84099.0,18904.0,0.034739274880832,0.0692618806875632,0.3130868120756897,0.1862631807020078,0.136068178535317,453.0,402.0,450.0,394.0,377.0,366.0,443.0,370.0,406.0,425.0,488.0,431.0,0.0353078721745908,0.0430821991212088,0.0405259365994236,0.0350596191493148,0.0319302108918438,0.0411930219471018,0.0465043040100776,0.0425434057721053,0.0447481538631103,0.0572313493132238,0.0505175983436853,0.0437430224297168,0.2320697633030788,0.1301739652069586,0.1831331877729258,0.2208121827411167,0.1498796837401168,0.2251781472684084,0.1765523632993513,0.2557433324531291,0.140309155766944,0.1263630532392559,-0.009137129160431,-0.0744767952831924,-0.0397189972416481,-0.0055935274445777,-0.0827029451830274,0.1475012130033963,Industrials,20.0,3.0,110,9.535823881654714,12830.0,11238.0,11.371569252421466,9.85398213263229,11.33976184596104,9.847181716325034
DE,2022Q4,2022,Q4,0,0,0,1,15276.0,4848.0,10428.0,1742.0,973.0,3686.0,3106.0,2887.0,2246.0,576.0,2822.0,90030.0,20262.0,86817.0,19033.0,0.03770620581304,0.0636946844723749,0.3173605655930872,0.2033254778737889,0.1470280178057083,481.0,453.0,402.0,450.0,394.0,377.0,366.0,443.0,370.0,406.0,425.0,488.0,0.034739274880832,0.0353078721745908,0.0430821991212088,0.0405259365994236,0.0350596191493148,0.0319302108918438,0.0411930219471018,0.0465043040100776,0.0425434057721053,0.0447481538631103,0.0572313493132238,0.0505175983436853,0.3757204610951008,0.750584567420109,0.5674102812803103,0.28,0.5998263888888888,0.94125,0.7898326100433974,0.3017101485457496,0.2938829787234043,0.1667782987273944,-0.0695784236711181,-0.0594869994930162,0.1393377692679083,0.4110788164440953,0.2724856661843997,0.6283900750144258,Industrials,20.0,4.0,111,9.634103708365723,13846.0,11104.0,11.407909334449478,9.91655184186533,11.371569252421466,9.85398213263229
DE,2023Q1,2023,Q1,1,0,0,0,12396.0,4462.0,7934.0,1746.0,952.0,3466.0,2716.0,2494.0,1959.0,495.0,2454.0,91620.0,21332.0,90030.0,20262.0,0.0399322362052274,0.0767989674088415,0.3599548241368183,0.2191029364311068,0.1580348499515972,576.0,481.0,453.0,402.0,450.0,394.0,377.0,366.0,443.0,370.0,406.0,425.0,0.03770620581304,0.034739274880832,0.0353078721745908,0.0430821991212088,0.0405259365994236,0.0350596191493148,0.0319302108918438,0.0411930219471018,0.0465043040100776,0.0425434057721053,0.0447481538631103,0.0572313493132238,0.3284749758868288,1.169435215946844,0.6927162367223065,0.2313432835820894,0.857449088960343,1.3782837127845884,1.1611785095320624,0.1850634802091113,0.2189500640204864,0.1686746987951808,-0.0731151840025429,-0.0824440910475022,0.274179993938032,0.7902359893508386,0.6330267828331719,0.8804597701149426,Industrials,20.0,1.0,112,9.425209786838147,15276.0,9331.0,11.425415782028626,9.968010448551627,11.407909334449478,9.91655184186533
DE,2023Q2,2023,Q2,0,1,0,0,17158.0,6428.0,10730.0,2240.0,1330.0,4918.0,4188.0,3850.0,2860.0,547.0,3407.0,98347.0,22395.0,91620.0,21332.0,0.031880172514279,0.077514861872013,0.3746357384310526,0.2440843921202937,0.1666860939503438,495.0,576.0,481.0,453.0,402.0,450.0,394.0,377.0,366.0,443.0,370.0,406.0,0.0399322362052274,0.03770620581304,0.034739274880832,0.0353078721745908,0.0430821991212088,0.0405259365994236,0.0350596191493148,0.0319302108918438,0.0411930219471018,0.0465043040100776,0.0425434057721053,0.0447481538631103,0.3373343725643023,0.3632030505243089,0.6431492842535786,0.2075055187637968,0.5436283741368486,0.9045020463847204,0.5050820953870212,0.2031845705315094,0.4270386266094421,0.3076474022183304,-0.0970803237125822,0.067076907529965,0.2286749805905941,0.4241031154631052,0.0193434630042477,0.3355546844374755,Industrials,20.0,2.0,113,9.750278096285621,12396.0,12830.0,11.496267488074086,10.016637650468784,11.425415782028626,9.968010448551627
DE,2023Q3,2023,Q3,0,0,1,0,15537.0,5913.0,9624.0,1948.0,1110.0,4761.0,3965.0,3608.0,2978.0,528.0,3506.0,103397.0,23048.0,98347.0,22395.0,0.0339833944776983,0.0714423633906159,0.3805754006564974,0.2551972710304435,0.1916714938533822,547.0,495.0,576.0,481.0,453.0,402.0,450.0,394.0,377.0,366.0,443.0,370.0,0.031880172514279,0.0399322362052274,0.03770620581304,0.034739274880832,0.0353078721745908,0.0430821991212088,0.0405259365994236,0.0350596191493148,0.0319302108918438,0.0411930219471018,0.0465043040100776,0.0425434057721053,0.1221291347681641,0.5806794055201698,0.3640138408304498,0.0977130977130977,0.4233183856502243,0.537417603722373,0.4210319023237494,0.0118809799179897,0.1574556830031281,0.1093394077448746,-0.0217586695671269,0.0314817137710827,0.2155587076101184,0.3700897303945405,0.4086430487759718,0.4824524312896405,Industrials,20.0,3.0,114,9.651043915510366,17158.0,13846.0,11.546340898509632,10.045377663535744,11.496267488074086,10.016637650468784
DE,2023Q4,2023,Q4,0,0,0,1,15157.0,5503.0,9654.0,1781.0,917.0,4332.0,3722.0,3075.0,2369.0,606.0,2975.0,104087.0,21785.0,103397.0,23048.0,0.0399815266873391,0.0605000989641749,0.3630665699016956,0.2455631061555716,0.1562974203338391,528.0,547.0,495.0,576.0,481.0,453.0,402.0,450.0,394.0,377.0,366.0,443.0,0.0339833944776983,0.031880172514279,0.0399322362052274,0.03770620581304,0.034739274880832,0.0353078721745908,0.0430821991212088,0.0405259365994236,0.0350596191493148,0.0319302108918438,0.0411930219471018,0.0465043040100776,-0.0077899973815135,0.0547640249332146,0.1351072607260726,0.0520833333333332,0.1752577319587629,0.1983258209916292,0.0651195012123311,-0.0742232451093211,-0.0575539568345323,0.0223880597014924,0.0603434056871412,-0.0501546641554606,0.144019167041729,0.20773406620493,0.063045143820003,0.0542168674698795,Industrials,20.0,4.0,115,9.626283724371975,15537.0,15276.0,11.552991974183312,9.989022840642392,11.546340898509632,10.045377663535744
DE,2024Q1,2024,Q1,1,0,0,0,11846.0,4646.0,7200.0,1968.0,1066.0,3537.0,2678.0,2217.0,1751.0,533.0,2284.0,101371.0,22075.0,104087.0,21785.0,0.0449940908323484,0.0899881816646969,0.3921998986999831,0.2260678710113118,0.1478136079689346,606.0,528.0,547.0,495.0,576.0,481.0,453.0,402.0,450.0,394.0,377.0,366.0,0.0399815266873391,0.0339833944776983,0.031880172514279,0.0399322362052274,0.03770620581304,0.034739274880832,0.0353078721745908,0.0430821991212088,0.0405259365994236,0.0350596191493148,0.0319302108918438,0.0411930219471018,-0.0443691513391416,-0.1061766207248596,0.0412371134020619,0.0767676767676768,0.0204847085978072,-0.0139911634756995,-0.111066559743384,-0.0925132341820015,0.1197478991596638,0.127147766323024,0.1267611110258419,0.171736869659226,0.0895808929370216,0.0317884127600227,-0.0646771391613505,-0.0692746536267319,Industrials,20.0,1.0,116,9.37982994995476,15157.0,12396.0,11.526552197884886,10.002246324559392,11.552991974183312,9.989022840642392
DE,2024Q2,2024,Q2,0,1,0,0,14997.0,5840.0,9157.0,2125.0,1265.0,4478.0,3715.0,3119.0,2370.0,565.0,2935.0,105628.0,22684.0,101371.0,22075.0,0.037674201506968,0.0843502033740081,0.3894112155764486,0.2477162099086484,0.1580316063212642,533.0,606.0,528.0,547.0,495.0,576.0,481.0,453.0,402.0,450.0,394.0,377.0,0.0449940908323484,0.0399815266873391,0.0339833944776983,0.031880172514279,0.0399322362052274,0.03770620581304,0.034739274880832,0.0353078721745908,0.0430821991212088,0.0405259365994236,0.0350596191493148,0.0319302108918438,-0.1259470800792633,-0.1713286713286713,-0.0914747977598008,0.0329067641681901,-0.0894672631150874,-0.1129417382999045,-0.1898701298701298,-0.1465983224603914,-0.0488721804511278,-0.0513392857142857,0.1817439660997404,0.0881810447302493,0.039439582585673,0.0148793528205801,-0.0519208736852265,-0.1385383034928089,Industrials,20.0,2.0,117,9.615672137861335,11846.0,17158.0,11.567688233764917,10.029459192098065,11.526552197884886,10.002246324559392
DE,2024Q3,2024,Q3,0,0,1,0,12848.0,5000.0,7848.0,2109.0,1278.0,3748.0,2891.0,2356.0,1734.0,567.0,2301.0,107841.0,23062.0,105628.0,22684.0,0.0441313823163138,0.0994707347447073,0.3891656288916563,0.2250155666251556,0.1349626400996264,565.0,533.0,606.0,528.0,547.0,495.0,576.0,481.0,453.0,402.0,450.0,394.0,0.037674201506968,0.0449940908323484,0.0399815266873391,0.0339833944776983,0.031880172514279,0.0399322362052274,0.03770620581304,0.034739274880832,0.0353078721745908,0.0430821991212088,0.0405259365994236,0.0350596191493148,-0.1730707343760056,-0.4177300201477502,-0.154405547099611,0.0738636363636364,-0.2127704263810124,-0.2708701134930643,-0.3470066518847007,-0.1845386533665836,0.1513513513513513,0.0826488706365502,0.2986160739556212,0.3923214466022684,0.0225716854540272,-0.1182681314867482,-0.295864829003393,-0.3436965202509983,Industrials,20.0,3.0,118,9.461021266283481,14997.0,15537.0,11.588422471968224,10.045984880764673,11.567688233764917,10.029459192098065
DE,2024Q4,2024,Q4,0,0,0,1,10827.0,4009.0,6818.0,1866.0,899.0,2909.0,2143.0,1491.0,1245.0,626.0,1871.0,107320.0,22836.0,107841.0,23062.0,0.0578184169206613,0.0830331578461254,0.3702780086819987,0.1979310981804747,0.1149903020227209,567.0,565.0,533.0,606.0,528.0,547.0,495.0,576.0,481.0,453.0,402.0,450.0,0.0441313823163138,0.037674201506968,0.0449940908323484,0.0399815266873391,0.0339833944776983,0.031880172514279,0.0399322362052274,0.03770620581304,0.034739274880832,0.0353078721745908,0.0430821991212088,0.0405259365994236,-0.2856765850762024,-0.4744617982271,-0.2714882791204798,0.0330033003300329,-0.3284856879039705,-0.4242342826437399,-0.5151219512195122,-0.2937642428009115,-0.0196292257360959,0.0477259966311061,0.4461282925189167,0.3724466450095127,0.0198625799732972,-0.193970538656245,-0.2642853491944356,-0.3710924369747899,Industrials,20.0,4.0,119,9.289890650734192,12848.0,15157.0,11.583579622423843,10.036137306631591,11.588422471968224,10.045984880764673
DE,2025Q1,2025,Q1,1,0,0,0,8262.0,3225.0,5037.0,1747.0,972.0,2273.0,1478.0,894.0,869.0,526.0,1395.0,103119.0,22479.0,107320.0,22836.0,0.06158853138350412,0.1176470588235294,0.3903413217138707,0.1788913096102638,0.1051803437424352,626.0,567.0,565.0,533.0,606.0,528.0,547.0,495.0,576.0,481.0,453.0,402.0,0.0578184169206613,0.0441313823163138,0.037674201506968,0.0449940908323484,0.0399815266873391,0.0339833944776983,0.031880172514279,0.0399322362052274,0.03770620581304,0.034739274880832,0.0353078721745908,0.0430821991212088,-0.3025493837582306,-0.5037121644774414,-0.3058544984933276,-0.0131332082551595,-0.3573649985863726,-0.4480955937266616,-0.5967523680649527,-0.3004166666666666,-0.0881801125703565,-0.1122967479674796,0.4149629647796393,0.3073612184085641,-0.0047388512650639,-0.2086831763841726,-0.2884258412490645,-0.3892294220665498,Industrials,20.0,1.0,120,9.019542996701185,10827.0,11846.0,11.54364863761307,10.020381304007627,11.583579622423843,10.036137306631591
DE,2025Q2,2025,Q2,0,1,0,0,12525.0,4916.0,7609.0,2033.0,1197.0,3676.0,2883.0,2340.0,1804.0,549.0,2353.0,106303.0,24287.0,103119.0,22479.0,0.0438323353293413,0.0955688622754491,0.3924950099800399,0.2301796407185628,0.1440319361277445,526.0,626.0,567.0,565.0,533.0,606.0,528.0,547.0,495.0,576.0,481.0,453.0,0.06158853138350412,0.0578184169206613,0.0441313823163138,0.037674201506968,0.0449940908323484,0.0399815266873391,0.0339833944776983,0.031880172514279,0.0399322362052274,0.03770620581304,0.034739274880832,0.0353078721745908,-0.1648329665933187,-0.2388185654008439,-0.1582191780821917,-0.0283185840707964,-0.1790978115230013,-0.223956931359354,-0.249759538313562,-0.1690509992355574,-0.0537549407114624,-0.0432941176470588,0.1634575804143925,0.1330009703912333,0.0079191206627839,-0.0707929820036912,-0.0885877864524117,-0.1982964224872231,Industrials,20.0,2.0,121,9.435561763085358,8262.0,14997.0,11.574058192972966,10.097737680195356,11.54364863761307,10.020381304007627
DE,2025Q3,2025,Q3,0,0,1,0,11783.0,4213.0,7570.0,2054.0,1217.0,2958.0,2159.0,1600.0,1289.0,556.0,1845.0,107817.0,25175.0,106303.0,24287.0,0.0471866247984384,0.1032843927692438,0.357549011287448,0.1832300772299075,0.1093948909445811,549.0,526.0,626.0,567.0,565.0,533.0,606.0,528.0,547.0,495.0,576.0,481.0,0.0438323353293413,0.06158853138350412,0.0578184169206613,0.0441313823163138,0.037674201506968,0.0449940908323484,0.0399815266873391,0.0339833944776983,0.031880172514279,0.0399322362052274,0.03770620581304,0.034739274880832,-0.0828922789539228,-0.2566320645905421,-0.1573999999999999,-0.0194003527336861,-0.2107790821771611,-0.2531995849187132,-0.3208828522920204,-0.0354230377166157,-0.0477308294209702,-0.0260787102892365,0.0692306091893066,0.0383394978867328,-0.0812420605957735,-0.1857004385161358,-0.1894431609827112,-0.1981747066492829,Industrials,20.0,3.0,122,9.374497958142467,12525.0,12848.0,11.588199899399374,10.133646438744243,11.574058192972966,10.097737680195356
