ticker,Year_Quarter,year,quarter,Q1,Q2,Q3,Q4,revenue,grossProfit,costOfRevenue,operatingExpenses,snaExpenses,ebitda,operatingIncome,incomeBeforeTax,netIncome,rnd,net_plus_rnd,totalAssets,totalEquity,totalAssets_lag1,totalEquity_lag1,rnd_to_rev_ratio,sna_to_rev_ratio,grossProfitRatio,operatingIncomeRatio,netIncomeRatio,rnd_lag1,rnd_lag2,rnd_lag3,rnd_lag4,rnd_lag5,rnd_lag6,rnd_lag7,rnd_lag8,rnd_lag9,rnd_lag10,rnd_lag11,rnd_lag12,rnd_to_rev_ratio_lag1,rnd_to_rev_ratio_lag2,rnd_to_rev_ratio_lag3,rnd_to_rev_ratio_lag4,rnd_to_rev_ratio_lag5,rnd_to_rev_ratio_lag6,rnd_to_rev_ratio_lag7,rnd_to_rev_ratio_lag8,rnd_to_rev_ratio_lag9,rnd_to_rev_ratio_lag10,rnd_to_rev_ratio_lag11,rnd_to_rev_ratio_lag12,revenue_yoy,netIncome_yoy,grossProfit_yoy,rnd_yoy,ebitda_yoy,operatingIncome_yoy,incomeBeforeTax_yoy,costOfRevenue_yoy,snaExpenses_yoy,operatingExpenses_yoy,rnd_to_rev_ratio_yoy,sna_to_rev_ratio_yoy,grossProfitRatio_yoy,operatingIncomeRatio_yoy,netIncomeRatio_yoy,net_plus_rnd_yoy,gics_sectors,gics_sector_code,quarter_int,time_idx,revenue_log,revenue_lag1,revenue_lag4,totalAssets_log,totalEquity_log,totalAssets_lag1_log,totalEquity_lag1_log
DHR,1995Q2,1995,Q2,0,1,0,0,391.5,126.9,264.6,78.3,61.6,65.3,48.6,45.3,27.2,0.0,27.2,1221.3,528.7,1185.1,503.1,0.0,0.1573435504469987,0.3241379310344828,0.1241379310344827,0.0694763729246487,0.0,,,,,,,,,,,,0.0,,,,,,,,,,,,,,,,,,,,,,,,,,,,Healthcare,35.0,2.0,1,5.972536537222463,376.5,,7.108489608783217,6.272310808550481,7.07842589303523,6.222774661088585
DHR,1995Q3,1995,Q3,0,0,1,0,404.5,127.6,276.9,77.7,62.8,64.8,49.9,46.4,28.8,0.0,28.8,1508.1,554.3,1221.3,528.7,0.0,0.1552533992583436,0.3154511742892459,0.1233621755253399,0.0711990111248454,0.0,0.0,,,,,,,,,,,0.0,0.0,,,,,,,,,,,,,,,,,,,,,,,,,,,Healthcare,35.0,3.0,2,6.005120873555468,391.5,,7.319268725624505,6.319508508247561,7.108489608783217,6.272310808550481
DHR,1995Q4,1995,Q4,0,0,0,1,314.3,135.1,179.2,92.7,83.1,52.0,42.4,44.9,30.5,0.0,30.5,1486.0,586.3,1508.1,554.3,0.0,0.2643970728603245,0.4298440979955456,0.134902958956411,0.0970410435889277,0.0,0.0,0.0,,,,,,,,,,0.0,0.0,0.0,,,,,,,,,,,,,,,,,,,,,,,,,,Healthcare,35.0,4.0,3,5.7535245665510155,404.5,,7.304515946460155,6.375535762528473,7.319268725624505,6.319508508247561
DHR,1996Q1,1996,Q1,1,0,0,0,409.6,136.9,272.7,89.7,72.9,64.0,47.2,44.1,106.7,0.0,106.7,1503.5,679.8,1486.0,586.3,0.0,0.177978515625,0.334228515625,0.115234375,0.260498046875,0.0,0.0,0.0,0.0,,,,,,,,,0.0,0.0,0.0,0.0,,,,,,,,,0.0879150066401062,3.894495412844036,0.1791559000861327,,0.1267605633802817,0.1949367088607596,0.2148760330578514,0.0472350230414746,0.2293423271500845,0.1710182767624022,,0.1299985013965008,0.0838676669492894,0.0983732199367088,3.498968561854931,3.894495412844036,Healthcare,35.0,1.0,4,6.017619504584833,314.3,376.5,7.3162158960701,6.523268577259164,7.304515946460155,6.375535762528473
DHR,1996Q2,1996,Q2,0,1,0,0,434.9,149.4,285.5,93.1,76.9,72.5,56.3,53.3,32.5,0.0,32.5,1521.5,718.8,1503.5,679.8,0.0,0.1768222579903426,0.3435272476431363,0.1294550471372729,0.0747298229478041,0.0,0.0,0.0,0.0,0.0,,,,,,,,0.0,0.0,0.0,0.0,0.0,,,,,,,,0.1108556832694762,0.1948529411764705,0.177304964539007,,0.1102603369065851,0.1584362139917694,0.1766004415011037,0.0789871504157218,0.2483766233766233,0.1890166028097062,,0.123797305247064,0.0598181044309524,0.0428323241613652,0.0756149148553422,0.1948529411764705,Healthcare,35.0,2.0,5,6.077412859244347,409.6,391.5,7.328108999584052,6.5789733956449306,7.3162158960701,6.523268577259164
DHR,1996Q3,1996,Q3,0,0,1,0,470.8,161.8,309.0,101.6,83.3,78.5,60.2,55.1,33.6,0.0,33.6,1792.7,750.7,1521.5,718.8,0.0,0.1769328802039082,0.3436703483432455,0.1278674596431605,0.0713678844519966,0.0,0.0,0.0,0.0,0.0,0.0,,,,,,,0.0,0.0,0.0,0.0,0.0,0.0,,,,,,,0.1639060568603214,0.1666666666666667,0.2680250783699061,,0.2114197530864199,0.2064128256513027,0.1875,0.1159263271939328,0.3264331210191082,0.3075933075933075,,0.1396393318866382,0.0894565509783922,0.0365207900933557,0.0023718493344662,0.1666666666666667,Healthcare,35.0,3.0,6,6.1565551669735745,434.9,404.5,7.492035804554969,6.622337308183424,7.328108999584052,6.5789733956449306
DHR,1996Q4,1996,Q4,0,0,0,1,496.7,192.6,304.1,130.1,112.8,79.8,62.5,57.3,35.0,0.0,35.0,1765.1,800.3,1792.7,750.7,0.0,0.2270988524260117,0.387759210791222,0.12583048117576,0.0704650694584256,0.0,0.0,0.0,0.0,0.0,0.0,0.0,,,,,,0.0,0.0,0.0,0.0,0.0,0.0,0.0,,,,,,0.5803372573973908,0.1475409836065573,0.4256106587712804,,0.5346153846153845,0.4740566037735849,0.2761692650334075,0.6969866071428574,0.3574007220216606,0.4034519956850053,,-0.1410689612816428,-0.0979073282629082,-0.0672518812844015,-0.2738632350562895,0.1475409836065573,Healthcare,35.0,4.0,7,6.209997485864508,470.8,314.3,7.476529004702325,6.686235408784025,7.492035804554969,6.622337308183424
DHR,1997Q1,1997,Q1,1,0,0,0,466.4,160.6,305.8,105.2,86.3,74.3,55.4,51.6,31.5,0.0,31.5,1794.7,817.5,1765.1,800.3,0.0,0.1850343053173241,0.3443396226415094,0.1187821612349914,0.0675385934819897,0.0,0.0,0.0,0.0,0.0,0.0,0.0,0.0,,,,,0.0,0.0,0.0,0.0,0.0,0.0,0.0,0.0,,,,,0.1386718749999997,-0.7047797563261481,0.1731190650109568,,0.1609374999999999,0.173728813559322,0.1700680272108843,0.1213788045471215,0.1838134430727023,0.1727982162764771,,0.0396440529214812,0.0302520776768608,0.0307875686833154,-0.7407328220222775,-0.7047797563261481,Healthcare,35.0,1.0,8,6.147185422104758,496.7,409.6,7.493150197047852,6.7074733968111895,7.476529004702325,6.686235408784025
DHR,1997Q2,1997,Q2,0,1,0,0,502.8,177.6,325.2,111.7,92.3,85.3,65.9,62.7,38.3,0.0,38.3,1819.2,835.3,1794.7,817.5,0.0,0.1835719968178202,0.3532219570405728,0.131066030230708,0.0761734287987271,0.0,0.0,0.0,0.0,0.0,0.0,0.0,0.0,0.0,,,,0.0,0.0,0.0,0.0,0.0,0.0,0.0,0.0,0.0,,,,0.1561278454817201,0.1784615384615384,0.1887550200803212,,0.176551724137931,0.1705150976909415,0.176360225140713,0.1390542907180385,0.2002600780234069,0.1997851772287864,,0.038172450143953,0.028221078426674,0.0124443436471568,0.0193176672174284,0.1784615384615384,Healthcare,35.0,2.0,9,6.22217936391851,466.4,434.9,7.506701664143256,6.72898740038748,7.493150197047852,6.7074733968111895
DHR,1997Q3,1997,Q3,0,0,1,0,516.6,185.7,330.9,114.4,95.9,89.8,71.3,68.5,49.3,0.0,49.3,1914.8,870.4,1819.2,835.3,0.0,0.1856368563685637,0.359465737514518,0.138017808749516,0.0954316686024003,0.0,0.0,0.0,0.0,0.0,0.0,0.0,0.0,0.0,0.0,,,0.0,0.0,0.0,0.0,0.0,0.0,0.0,0.0,0.0,0.0,,,0.0972812234494477,0.4672619047619046,0.1477132262051914,,0.1439490445859872,0.1843853820598004,0.2431941923774954,0.0708737864077668,0.1512605042016808,0.1259842519685041,,0.0491936612043191,0.0459608728172749,0.0793817999879096,0.3371794517264899,0.4672619047619046,Healthcare,35.0,3.0,10,6.249202743186691,502.8,470.8,7.557890568948792,6.770101113683341,7.506701664143256,6.72898740038748
DHR,1997Q4,1997,Q4,0,0,0,1,565.2,220.7,344.5,146.5,127.2,93.5,74.2,71.0,43.2,0.0,43.2,1879.7,916.9,1914.8,870.4,0.0,0.2250530785562632,0.3904812455767869,0.1312809624911535,0.0764331210191082,0.0,0.0,0.0,0.0,0.0,0.0,0.0,0.0,0.0,0.0,0.0,,0.0,0.0,0.0,0.0,0.0,0.0,0.0,0.0,0.0,0.0,0.0,,0.1379102073686331,0.2342857142857144,0.1458982346832813,,0.1716791979949874,0.1872,0.2390924956369984,0.1328510358434724,0.127659574468085,0.1260568793235972,,-0.0090082968182982,0.0070199100622536,0.0433160651096955,0.0846951774340309,0.2342857142857144,Healthcare,35.0,4.0,11,6.338947372677799,516.6,496.7,7.539399326948033,6.822088452225045,7.557890568948792,6.770101113683341
DHR,1998Q1,1998,Q1,1,0,0,0,534.4,183.7,350.7,118.7,99.7,84.0,65.0,61.8,44.2,0.0,44.2,2370.7,958.0,1879.7,916.9,0.0,0.186564371257485,0.34375,0.1216317365269461,0.0827095808383233,0.0,0.0,0.0,0.0,0.0,0.0,0.0,0.0,0.0,0.0,0.0,0.0,0.0,0.0,0.0,0.0,0.0,0.0,0.0,0.0,0.0,0.0,0.0,0.0,0.1457975986277873,0.4031746031746033,0.143835616438356,,0.1305518169582773,0.1732851985559567,0.197674418604651,0.146827992151733,0.1552723059096177,0.1283269961977187,,0.0082690933312981,-0.0017123287671232,0.0239899262846148,0.2246269366029847,0.4031746031746033,Healthcare,35.0,1.0,12,6.283014131086252,565.2,466.4,7.771362276570849,6.8658910748834385,7.539399326948033,6.822088452225045
DHR,1998Q2,1998,Q2,0,1,0,0,622.3,228.8,393.5,146.7,123.2,105.6,82.1,75.1,52.2,0.0,52.2,2371.3,1000.9,2370.7,958.0,0.0,0.1979752530933633,0.3676683271733891,0.1319299373292624,0.0838823718463763,0.0,0.0,0.0,0.0,0.0,0.0,0.0,0.0,0.0,0.0,0.0,0.0,0.0,0.0,0.0,0.0,0.0,0.0,0.0,0.0,0.0,0.0,0.0,0.0,0.2376690533015113,0.3629242819843343,0.2882882882882884,,0.2379835873388041,0.2458270106221545,0.197767145135566,0.2100246002460024,0.3347778981581799,0.3133393017009847,,0.0784610753558299,0.0408988451733109,0.006591388302779,0.1012025212626117,0.3629242819843343,Healthcare,35.0,2.0,13,6.435027943814805,534.4,502.8,7.7716152276683195,6.909653476265217,7.771362276570849,6.8658910748834385
DHR,1998Q3,1998,Q3,0,0,1,0,724.8,313.0,411.8,214.0,177.2,140.4,99.0,51.0,31.0,0.0,31.0,2771.2,1286.9,2371.3,1000.9,0.0,0.2444812362030905,0.4318432671081678,0.1365894039735099,0.0427704194260485,0.0,0.0,0.0,0.0,0.0,0.0,0.0,0.0,0.0,0.0,0.0,0.0,0.0,0.0,0.0,0.0,0.0,0.0,0.0,0.0,0.0,0.0,0.0,0.0,0.4030197444831589,-0.3711967545638944,0.6855142703284869,,0.5634743875278398,0.388499298737728,-0.2554744525547445,0.2444847385917197,0.8477580813347234,0.8706293706293706,,0.3169865132692029,0.2013475055900888,-0.0103494236645829,-0.5518215278803915,-0.3711967545638944,Healthcare,35.0,3.0,14,6.58727449477897,622.3,516.6,7.927396507779252,7.160768263898625,7.7716152276683195,6.909653476265217
DHR,1998Q4,1998,Q4,0,0,0,1,802.5,354.6,447.9,252.9,223.5,131.1,101.7,94.4,58.0,0.0,58.0,2738.7,1351.8,2771.2,1286.9,0.0,0.2785046728971962,0.4418691588785047,0.1267289719626168,0.0722741433021806,0.0,0.0,0.0,0.0,0.0,0.0,0.0,0.0,0.0,0.0,0.0,0.0,0.0,0.0,0.0,0.0,0.0,0.0,0.0,0.0,0.0,0.0,0.0,0.0,0.4198513800424628,0.3425925925925925,0.6067059356592661,,0.402139037433155,0.3706199460916441,0.3295774647887324,0.3001451378809869,0.7570754716981132,0.7262798634812286,,0.2375066125903722,0.1316014888904888,-0.0346736529208756,-0.0544132917964693,0.3425925925925925,Healthcare,35.0,4.0,15,6.688977185177567,724.8,565.2,7.915603704336657,7.20993179758437,7.927396507779252,7.160768263898625
DHR,1999Q1,1999,Q1,1,0,0,0,754.6,296.6,458.0,200.6,170.0,126.6,96.0,89.7,59.122,0.0,59.122,2746.2,1391.4,2738.7,1351.8,0.0,0.2252849191624701,0.3930559236681686,0.1272197190564537,0.0783487940630797,0.0,0.0,0.0,0.0,0.0,0.0,0.0,0.0,0.0,0.0,0.0,0.0,0.0,0.0,0.0,0.0,0.0,0.0,0.0,0.0,0.0,0.0,0.0,0.0,0.4120508982035928,0.3376018099547511,0.614589003810561,,0.5071428571428571,0.476923076923077,0.4514563106796116,0.305959509552324,0.7051153460381143,0.6899747262005054,,0.2075452437354468,0.1434354143073994,0.0459418132887519,-0.0527240826400491,0.3376018099547511,Healthcare,35.0,1.0,16,6.627512135627354,802.5,534.4,7.918337490143211,7.238784155937284,7.915603704336657,7.20993179758437
DHR,1999Q2,1999,Q2,0,1,0,0,741.8,305.0,436.8,196.8,165.7,139.3,108.2,102.4,66.353,0.0,66.353,2752.2,1449.3,2746.2,1391.4,0.0,0.2233755729307091,0.4111620382852521,0.145861418172014,0.0894486384470207,0.0,0.0,0.0,0.0,0.0,0.0,0.0,0.0,0.0,0.0,0.0,0.0,0.0,0.0,0.0,0.0,0.0,0.0,0.0,0.0,0.0,0.0,0.0,0.0,0.1920295677326049,0.2711302681992336,0.3330419580419579,,0.319128787878788,0.3179049939098661,0.3635153129161119,0.1100381194409148,0.3449675324675323,0.341513292433538,,0.1283004791784112,0.1182960508081834,0.1055975703830003,0.0663580020226248,0.2711302681992336,Healthcare,35.0,2.0,17,6.610426829478551,754.6,622.3,7.920519150524209,7.279525710566205,7.918337490143211,7.238784155937284
DHR,1999Q3,1999,Q3,0,0,1,0,781.9,336.6,445.3,217.3,182.5,154.1,119.3,104.7,61.8,0.0,61.8,3080.7,1647.8,2752.2,1449.3,0.0,0.2334058063691009,0.4304898324593938,0.1525770558894999,0.0790382401841667,0.0,0.0,0.0,0.0,0.0,0.0,0.0,0.0,0.0,0.0,0.0,0.0,0.0,0.0,0.0,0.0,0.0,0.0,0.0,0.0,0.0,0.0,0.0,0.0,0.078780353200883,0.993548387096774,0.0753993610223642,,0.0975783475783476,0.2050505050505049,1.0529411764705885,0.0813501699854297,0.0299097065462754,0.0154205607476636,,-0.0453017581471538,-0.0031340876467456,0.1170489909970662,0.8479650479188412,0.993548387096774,Healthcare,35.0,3.0,18,6.663004973913869,741.8,724.8,8.033236671752269,7.407803029576249,7.920519150524209,7.279525710566205
DHR,1999Q4,1999,Q4,0,0,0,1,848.2,385.3,462.9,263.0,233.1,152.2,122.3,120.8,74.3,0.0,74.3,3047.1,1708.8,3080.7,1647.8,0.0,0.2748172600801697,0.4542560716812072,0.144187691582174,0.0875972647960386,0.0,0.0,0.0,0.0,0.0,0.0,0.0,0.0,0.0,0.0,0.0,0.0,0.0,0.0,0.0,0.0,0.0,0.0,0.0,0.0,0.0,0.0,0.0,0.0,0.0569470404984424,0.2810344827586206,0.0865764241398758,,0.1609458428680397,0.2025565388397245,0.2796610169491524,0.0334896182183523,0.042953020134228,0.0399367338869118,,-0.0132400393094576,0.0280329879418184,0.1377642329861814,0.2120138792900177,0.2810344827586206,Healthcare,35.0,4.0,19,6.744294729829101,781.9,802.5,8.022273724667302,7.444131683592134,8.033236671752269,7.407803029576249
DHR,2000Q1,2000,Q1,1,0,0,0,867.847,355.157,512.69,237.528,202.486,152.671,117.629,115.416,71.557,0.0,71.557,3205.557,1699.596,3047.1,1708.8,0.0,0.2333199285127447,0.4092391861699124,0.1355411725799593,0.0824534739418353,0.0,0.0,0.0,0.0,0.0,0.0,0.0,0.0,0.0,0.0,0.0,0.0,0.0,0.0,0.0,0.0,0.0,0.0,0.0,0.0,0.0,0.0,0.0,0.0,0.1500755367081896,0.2103277967592436,0.1974275118004045,,0.2059320695102686,0.2253020833333334,0.2866889632107023,0.1194104803493452,0.1910941176470588,0.1840877367896312,,0.0356659885630423,0.0411729261086173,0.0654100919670557,0.0523898284311927,0.2103277967592436,Healthcare,35.0,1.0,20,6.767167045322341,848.2,754.6,8.072953054822623,7.438734056837906,8.022273724667302,7.444131683592134
DHR,2000Q2,2000,Q2,0,1,0,0,890.775,373.606,517.169,236.941,202.136,171.47,136.665,131.074,81.267,0.0,81.267,3710.05,1769.476,3205.557,1699.596,0.0,0.2269215009401925,0.4194167999775476,0.1534225814599646,0.0912317925402037,0.0,0.0,0.0,0.0,0.0,0.0,0.0,0.0,0.0,0.0,0.0,0.0,0.0,0.0,0.0,0.0,0.0,0.0,0.0,0.0,0.0,0.0,0.0,0.0,0.2008290644378538,0.2247675312344581,0.2249377049180327,,0.2309404163675519,0.2630776340110905,0.28001953125,0.1839949633699633,0.219891369945685,0.2039684959349592,,0.0158742872506627,0.0200766630273601,0.051837993780053,0.019934949532397,0.2247675312344581,Healthcare,35.0,2.0,21,6.793213858609141,867.847,741.8,8.21907013442712,7.479003715967283,8.072953054822623,7.438734056837906
DHR,2000Q3,2000,Q3,0,0,1,0,986.786,413.488,573.298,266.644,227.265,186.223,146.844,134.879,83.625,0.0,83.625,3889.835,1852.639,3710.05,1769.476,0.0,0.2303082937941965,0.419024996301123,0.1488103803661584,0.0847448180253874,0.0,0.0,0.0,0.0,0.0,0.0,0.0,0.0,0.0,0.0,0.0,0.0,0.0,0.0,0.0,0.0,0.0,0.0,0.0,0.0,0.0,0.0,0.0,0.0,0.2620360659930938,0.3531553398058253,0.2284254307783719,,0.2084555483452304,0.2308801341156747,0.2882425978987581,0.2874421738154054,0.2452876712328766,0.227077772664519,,-0.0132709319579055,-0.026632071872109,-0.024687037650467,0.0722002138195867,0.3531553398058253,Healthcare,35.0,3.0,22,6.895466075096592,890.775,781.9,8.26637906653414,7.5249060130349354,8.21907013442712,7.479003715967283
DHR,2000Q4,2000,Q4,0,0,0,1,1032.369,469.516,562.853,318.505,278.01,191.506,151.011,141.555,87.764,0.0,87.764,4031.679,1942.333,3889.835,1852.639,0.0,0.2692932468913732,0.4547947487768424,0.1462761861311217,0.085012238840957,0.0,0.0,0.0,0.0,0.0,0.0,0.0,0.0,0.0,0.0,0.0,0.0,0.0,0.0,0.0,0.0,0.0,0.0,0.0,0.0,0.0,0.0,0.0,0.0,0.2171292148078281,0.1812113055181696,0.2185725408772385,,0.2582522996057819,0.2347587898609975,0.1718129139072848,0.2159278461870815,0.1926640926640925,0.2110456273764258,,-0.0201006777637806,0.001185844569213,0.0144845549993251,-0.0295103501359382,0.1812113055181696,Healthcare,35.0,4.0,23,6.940579617338492,986.786,848.2,8.302186198350826,7.572159819149827,8.26637906653414,7.5249060130349354
DHR,2001Q1,2001,Q1,1,0,0,0,1005.283,376.885,628.398,238.467,223.862,182.05,138.418,132.122,82.577,0.0,82.577,4509.378,2036.097,4031.679,1942.333,0.0,0.2226855522275816,0.3749043801596167,0.1376905806623607,0.0821430383285104,0.0,0.0,0.0,0.0,0.0,0.0,0.0,0.0,0.0,0.0,0.0,0.0,0.0,0.0,0.0,0.0,0.0,0.0,0.0,0.0,0.0,0.0,0.0,0.0,0.1583643199780606,0.1540031024218455,0.0611785773615611,,0.1924334025453427,0.176733628611992,0.1447459624315521,0.2256880376055705,0.1055677923411988,0.0039532181469132,,-0.04557851681573,-0.0838991161419234,0.0158579717254061,-0.0037649791874614,0.1540031024218455,Healthcare,35.0,1.0,24,6.914018623226084,1032.369,867.847,8.414136242731777,7.619281034140674,8.302186198350826,7.572159819149827
DHR,2001Q2,2001,Q2,0,1,0,0,956.641,375.341,581.3,218.728,203.347,199.098,156.613,150.768,94.23,0.0,94.23,4619.895,2119.601,4509.378,2036.097,0.0,0.2125635426455692,0.3923530352556497,0.163711360897139,0.0985009005468091,0.0,0.0,0.0,0.0,0.0,0.0,0.0,0.0,0.0,0.0,0.0,0.0,0.0,0.0,0.0,0.0,0.0,0.0,0.0,0.0,0.0,0.0,0.0,0.0,0.0739423535685217,0.1595112407250176,0.0046439297013431,,0.16112439493789,0.1459627556433615,0.1502510032500723,0.1240039522863898,0.0059910159496576,-0.0768672369914873,,-0.0632727980166474,-0.0645271355924386,0.0670617019950174,0.0796773559327141,0.1595112407250176,Healthcare,35.0,2.0,25,6.8644729686989745,1005.283,890.775,8.43834368825764,7.659454818056238,8.414136242731777,7.619281034140674
DHR,2001Q3,2001,Q3,0,0,1,0,901.588,353.958,547.63,206.318,190.481,191.477,147.64,140.396,87.746,0.0,87.746,4715.012,2203.408,4619.895,2119.601,0.0,0.2112727764788351,0.3925939564413014,0.1637555069499593,0.0973238330590025,0.0,0.0,0.0,0.0,0.0,0.0,0.0,0.0,0.0,0.0,0.0,0.0,0.0,0.0,0.0,0.0,0.0,0.0,0.0,0.0,0.0,0.0,0.0,0.0,-0.0863388819865705,0.0492795216741404,-0.1439703207831907,,0.0282134859818603,0.00542071858571,0.04090332816821,-0.0447725266789698,-0.1618551030735044,-0.2262417305470965,,-0.0826523309332989,-0.0630774776997493,0.1004306725581065,0.1484340320354067,0.0492795216741404,Healthcare,35.0,3.0,26,6.8052661923787525,956.641,986.786,8.458718806183287,7.69821427110792,8.43834368825764,7.659454818056238
DHR,2001Q4,2001,Q4,0,0,0,1,918.932,338.233,580.699,209.167,254.99,177.502,59.34,52.978,33.112,0.0,33.112,4820.483,2228.586,4715.012,2203.408,0.0,0.2774851675640852,0.3680718486242725,0.0645749631093486,0.0360331341165614,0.0,0.0,0.0,0.0,0.0,0.0,0.0,0.0,0.0,0.0,0.0,0.0,0.0,0.0,0.0,0.0,0.0,0.0,0.0,0.0,0.0,0.0,0.0,0.0,-0.1098802850531156,-0.6227154641994439,-0.2796134743011953,,-0.0731256461938528,-0.6070484931561277,-0.6257426442019003,0.0317063247419842,-0.0828027768785294,-0.3432850347718246,,0.0304200746482754,-0.1906857992221957,-0.5585408341760854,-0.5761418048997268,-0.6227154641994439,Healthcare,35.0,4.0,27,6.824299754267904,901.588,1032.369,8.480836836070532,7.709571196994813,8.458718806183287,7.69821427110792
DHR,2002Q1,2002,Q1,1,0,0,0,1004.207,376.023,628.184,238.802,236.053,169.998,137.221,126.313,-91.015,0.0,-91.015,5433.512,2617.599,4820.483,2228.586,0.0,0.2350640853927527,0.3744476985322747,0.1366461297322165,-0.0906337040072415,0.0,0.0,0.0,0.0,0.0,0.0,0.0,0.0,0.0,0.0,0.0,0.0,0.0,0.0,0.0,0.0,0.0,0.0,0.0,0.0,0.0,0.0,0.0,0.0,-0.0010703453654343,-2.1021834166898774,-0.0022871698263394,,-0.0662015929689646,-0.0086477192272681,-0.0439669396466902,-0.0003405485058832,0.0544576569493706,0.001404806535076,,0.0555875001379537,-0.001218128278863,-0.0075854929590669,-2.103364397659297,-2.1021834166898774,Healthcare,35.0,1.0,28,6.912948769433491,918.932,1005.283,8.600525007115627,7.870394720910131,8.480836836070532,7.709571196994813
DHR,2002Q2,2002,Q2,0,1,0,0,1146.326,444.418,701.908,274.843,273.576,202.482,169.575,158.267,103.665,0.0,103.665,5644.801,2737.79,5433.512,2617.599,0.0,0.2386546235538581,0.3876890169114196,0.1479291231290226,0.0904323900879854,0.0,0.0,0.0,0.0,0.0,0.0,0.0,0.0,0.0,0.0,0.0,0.0,0.0,0.0,0.0,0.0,0.0,0.0,0.0,0.0,0.0,0.0,0.0,0.0,0.198282323253969,0.1001273479783508,0.1840379814621904,,0.0169966549136606,0.0827645214637353,0.0497386713360925,0.2074797866850164,0.3453653115118493,0.2565515160381844,,0.1227448535320727,-0.0118873002758629,-0.0964028255683032,-0.0819130628657489,0.1001273479783508,Healthcare,35.0,2.0,29,7.045189296450177,1004.207,956.641,8.638667362000279,7.915271496006125,8.600525007115627,7.870394720910131
DHR,2002Q3,2002,Q3,0,0,1,0,1151.721,460.073,691.648,272.643,272.889,219.955,187.43,177.143,116.029,0.0,116.029,5894.801,2884.05,5644.801,2737.79,0.0,0.2369401964538286,0.3994656692028712,0.1627390661453598,0.100744016997172,0.0,0.0,0.0,0.0,0.0,0.0,0.0,0.0,0.0,0.0,0.0,0.0,0.0,0.0,0.0,0.0,0.0,0.0,0.0,0.0,0.0,0.0,0.0,0.0,0.2774360350847615,0.3223280833314339,0.2997954559580513,,0.1487280456660591,0.2695069086968302,0.2617382261602896,0.2629841316217154,0.4326310760653293,0.3214697699667501,,0.1214894810527793,0.0175033584924713,-0.0062070633441972,0.035142306161493,0.3223280833314339,Healthcare,35.0,3.0,30,7.049880513537662,1146.326,901.588,8.681995681603507,7.96729750981455,8.638667362000279,7.915271496006125
DHR,2002Q4,2002,Q4,0,0,0,1,1274.978,505.543,769.435,304.92,306.159,231.979,206.896,195.745,161.712,0.0,161.712,6029.145,3009.599,5894.801,2884.05,0.0,0.2401288492821052,0.3965111554866045,0.1622741725739581,0.1268351297041988,0.0,0.0,0.0,0.0,0.0,0.0,0.0,0.0,0.0,0.0,0.0,0.0,0.0,0.0,0.0,0.0,0.0,0.0,0.0,0.0,0.0,0.0,0.0,0.0,0.38745630797491,3.883788354675042,0.4946590072523971,,0.3069092179243051,2.4866194809571955,2.6948355921325837,0.3250151972019928,0.2006706145339032,0.4577825373983468,,-0.1346245588905308,0.0772656397619879,1.512958037609243,2.5199583054282075,3.883788354675042,Healthcare,35.0,4.0,31,7.15146822237679,1151.721,918.932,8.704526335866614,8.009894341266646,8.681995681603507,7.96729750981455
DHR,2003Q1,2003,Q1,1,0,0,0,1196.215,467.399,728.816,300.406,301.181,202.456,166.993,155.077,103.126,0.0,103.126,6292.712,3119.522,6029.145,3009.599,0.0,0.2517783174429346,0.3907315992526427,0.1396011586545897,0.0862102548454918,0.0,0.0,0.0,0.0,0.0,0.0,0.0,0.0,0.0,0.0,0.0,0.0,0.0,0.0,0.0,0.0,0.0,0.0,0.0,0.0,0.0,0.0,0.0,0.0,0.1912036064277582,-2.1330659781354724,0.2430064118418287,,0.1909316580195061,0.2169638757916061,0.2277200288173029,0.1601951020720045,0.2759041401719104,0.2579710387685197,,0.0711050010989777,0.0434877842331415,0.0216254125028205,-1.9511942140045797,-2.1330659781354724,Healthcare,35.0,1.0,32,7.087753305134935,1274.978,1004.207,8.747306318712797,8.045755574501465,8.704526335866614,8.009894341266646
DHR,2003Q2,2003,Q2,0,1,0,0,1299.432,524.886,774.546,323.675,323.675,235.366,201.211,188.187,125.144,0.0,125.144,6464.8,3274.716,6292.712,3119.522,0.0,0.2490896022262034,0.4039349500397096,0.1548453478135062,0.0963066940016869,0.0,0.0,0.0,0.0,0.0,0.0,0.0,0.0,0.0,0.0,0.0,0.0,0.0,0.0,0.0,0.0,0.0,0.0,0.0,0.0,0.0,0.0,0.0,0.0,0.1335623548624038,0.2071962571745527,0.1810637732945108,,0.1624045594176273,0.1865605189444199,0.1890476220563985,0.1034864968058493,0.1831264438401028,0.1776723438472145,,0.0437241839984314,0.0419045482838682,0.0467536380814703,0.0649579637117421,0.2071962571745527,Healthcare,35.0,2.0,33,7.170451795939964,1196.215,1146.326,8.774282026783187,8.094291750128379,8.747306318712797,8.045755574501465
DHR,2003Q3,2003,Q3,0,0,1,0,1309.451,542.503,766.948,326.738,326.831,248.428,215.765,203.85,138.618,0.0,138.618,6590.222,3460.164,6464.8,3274.716,0.0,0.2495939137852428,0.4142980531535735,0.1647751614989793,0.1058596312500429,0.0,0.0,0.0,0.0,0.0,0.0,0.0,0.0,0.0,0.0,0.0,0.0,0.0,0.0,0.0,0.0,0.0,0.0,0.0,0.0,0.0,0.0,0.0,0.0,0.1369515707363156,0.1946840875987898,0.1791672191152276,,0.1294492055193106,0.1511764392039694,0.1507652009958056,0.1088704080688443,0.1976701149551649,0.1984096419126844,,0.0534046882749164,0.0371305598809033,0.0125114110695512,0.0507783430257153,0.1946840875987898,Healthcare,35.0,3.0,34,7.178126631755384,1299.432,1151.721,8.793494042779521,8.149360227661505,8.774282026783187,8.094291750128379
DHR,2003Q4,2003,Q4,0,0,0,1,1488.778,604.279,884.499,342.253,363.885,293.181,262.026,249.921,169.946,0.0,169.946,6890.05,3646.709,6590.222,3460.164,0.0,0.2444185768462457,0.405889259513507,0.1760007200536278,0.1141513375399152,0.0,0.0,0.0,0.0,0.0,0.0,0.0,0.0,0.0,0.0,0.0,0.0,0.0,0.0,0.0,0.0,0.0,0.0,0.0,0.0,0.0,0.0,0.0,0.0,0.167689167969957,0.0509176808152767,0.1953068284992571,,0.263825604903892,0.2664623772330061,0.2767682443996013,0.1495434962017585,0.1885490872389836,0.1224353928899382,,0.0178642740219059,0.0236515515317434,0.0845886148235557,-0.1000022012345025,0.0509176808152767,Healthcare,35.0,4.0,35,7.306382394550312,1309.451,1274.978,8.837978747171837,8.201854578275606,8.793494042779521,8.149360227661505
DHR,2004Q1,2004,Q1,1,0,0,0,1543.191,631.261,911.93,406.295,406.981,224.966,224.966,212.035,145.244,0.0,145.244,7285.127,3782.234,6890.05,3646.709,0.0,0.2637269139076109,0.4090621316479942,0.1457797511779164,0.0941192632668282,0.0,0.0,0.0,0.0,0.0,0.0,0.0,0.0,0.0,0.0,0.0,0.0,0.0,0.0,0.0,0.0,0.0,0.0,0.0,0.0,0.0,0.0,0.0,0.0,0.290061569199517,0.4084130093283944,0.3505826927314777,,0.1111846524676967,0.3471582641188553,0.3672885082894304,0.2512486004698029,0.3512837795212846,0.3524863018714672,,0.0474568127471279,0.0469133605534146,0.0442588914223427,0.0917409238090198,0.4084130093283944,Healthcare,35.0,1.0,36,7.342255427597143,1488.778,1196.215,8.893727408105589,8.238334478390149,8.837978747171837,8.201854578275606
DHR,2004Q2,2004,Q2,0,1,0,0,1621.245,685.709,935.536,413.467,414.827,310.492,272.242,260.334,182.233,0.0,182.233,7683.206,3983.401,7285.127,3782.234,0.0,0.2558694090035744,0.4229521139618009,0.1679215664504748,0.1124031222918189,0.0,0.0,0.0,0.0,0.0,0.0,0.0,0.0,0.0,0.0,0.0,0.0,0.0,0.0,0.0,0.0,0.0,0.0,0.0,0.0,0.0,0.0,0.0,0.0,0.247656668452062,0.4561864731828933,0.3063960555244376,,0.3191879880696446,0.353017479163664,0.3833792982512074,0.2078507925933383,0.281615818336294,0.2774140727581677,,0.0272183451929641,0.047079768463268,0.0844469583465783,0.1671371700273514,0.4561864731828933,Healthcare,35.0,2.0,37,7.391566271357523,1543.191,1299.432,8.946922332482764,8.290142266249797,8.893727408105589,8.238334478390149
DHR,2004Q3,2004,Q3,0,0,1,0,1745.285,739.993,1005.292,448.072,452.126,333.0,291.921,280.832,200.793,0.0,200.793,7922.474,4184.682,7683.206,3983.401,0.0,0.2590556843151691,0.423995507896991,0.1672626533775285,0.1150488315661912,0.0,0.0,0.0,0.0,0.0,0.0,0.0,0.0,0.0,0.0,0.0,0.0,0.0,0.0,0.0,0.0,0.0,0.0,0.0,0.0,0.0,0.0,0.0,0.0,0.332837196657225,0.4485348223174481,0.3640348532634843,,0.3404286151319498,0.3529580793919311,0.3776404218788325,0.3107694393883289,0.3833632672543301,0.3713495216350715,,0.0379086588548285,0.0234069522403059,0.0150962794144471,0.0868055197967121,0.4485348223174481,Healthcare,35.0,3.0,38,7.465245953319491,1621.245,1309.451,8.9775850249993,8.339424932609518,8.946922332482764,8.290142266249797
DHR,2004Q4,2004,Q4,0,0,0,1,1979.58,835.702,1143.878,519.698,521.739,354.894,316.004,304.516,217.73,0.0,217.73,8493.893,4619.682,7922.474,4184.682,0.0,0.263560452217137,0.4221612665312844,0.1596318410976065,0.109987977247699,0.0,0.0,0.0,0.0,0.0,0.0,0.0,0.0,0.0,0.0,0.0,0.0,0.0,0.0,0.0,0.0,0.0,0.0,0.0,0.0,0.0,0.0,0.0,0.0,0.329667687190434,0.2811716662939991,0.3829737588100861,,0.210494540914998,0.2060024577713661,0.2184490298934465,0.2932496249289145,0.4338018879591081,0.518461489015436,,0.0783159595227194,0.0400897698975351,-0.0930046135665447,-0.0364722865446975,0.2811716662939991,Healthcare,35.0,4.0,39,7.591145010086102,1745.285,1488.778,9.04722043838221,8.438297592228784,8.9775850249993,8.339424932609518
DHR,2005Q1,2005,Q1,1,0,0,0,1825.948,775.184,1050.764,503.347,508.682,271.837,271.837,259.664,188.256,0.0,188.256,8622.702,4738.928,8493.893,4619.682,0.0,0.2785851513843768,0.4245378291167108,0.1488744476841618,0.1031004168793415,0.0,0.0,0.0,0.0,0.0,0.0,0.0,0.0,0.0,0.0,0.0,0.0,0.0,0.0,0.0,0.0,0.0,0.0,0.0,0.0,0.0,0.0,0.0,0.0,0.1832287772544034,0.2961361570873839,0.2279928587383031,,0.2083470391081319,0.2083470391081319,0.224628009526729,0.1522419483951618,0.2498912725655497,0.2388707712376474,,0.0563394810814457,0.0378321439981976,0.0212285758566601,0.095423118507119,0.2961361570873839,Healthcare,35.0,1.0,40,7.510402094013461,1979.58,1543.191,9.062269737820767,8.463777224700337,9.04722043838221,8.438297592228784
DHR,2005Q2,2005,Q2,0,1,0,0,1928.627,849.603,1079.024,528.582,537.158,321.021,321.021,315.89,229.02,0.0,229.02,8666.138,4801.34,8622.702,4738.928,0.0,0.2785183449158391,0.4405221953234088,0.1664505370919312,0.1187476894184308,0.0,0.0,0.0,0.0,0.0,0.0,0.0,0.0,0.0,0.0,0.0,0.0,0.0,0.0,0.0,0.0,0.0,0.0,0.0,0.0,0.0,0.0,0.0,0.0,0.1895962670663595,0.2567427414354151,0.2390139257323442,,0.0339106965718922,0.1791751456424797,0.2134027825793019,0.1533751774383882,0.2948964267031799,0.2784139967639498,,0.0885175605808676,0.0415415381117936,-0.008760216984859,0.0564447588042993,0.2567427414354151,Healthcare,35.0,2.0,41,7.5650819989722855,1825.948,1621.245,9.067293911472104,8.476858578106462,9.062269737820767,8.463777224700337
DHR,2005Q3,2005,Q3,0,0,1,0,1966.375,847.871,1118.504,528.189,523.612,319.682,319.682,313.529,228.821,0.0,228.821,9023.075,4994.148,8666.138,4801.34,0.0,0.266282880935732,0.431184794355095,0.1625742800839107,0.1163669188227067,0.0,0.0,0.0,0.0,0.0,0.0,0.0,0.0,0.0,0.0,0.0,0.0,0.0,0.0,0.0,0.0,0.0,0.0,0.0,0.0,0.0,0.0,0.0,0.0,0.1266784507974341,0.1395865393713924,0.1457824601043522,,-0.0399939939939939,0.0950976462810144,0.1164290394257065,0.112616035937817,0.1581107921243192,0.178803852952204,,0.0278982360092518,0.0169560439301885,-0.0280300066927414,0.0114567635200815,0.1395865393713924,Healthcare,35.0,3.0,42,7.584455445871765,1928.627,1745.285,9.107651284873516,8.516222320273334,9.067293911472104,8.476858578106462
DHR,2005Q4,2005,Q4,0,0,0,1,2263.754,972.357,1291.397,620.229,606.299,395.473,352.128,345.359,251.703,0.0,251.703,9163.109,5080.35,9023.075,4994.148,0.0,0.2678290132231682,0.4295329792901525,0.1555504705900022,0.111188318165313,0.0,0.0,0.0,0.0,0.0,0.0,0.0,0.0,0.0,0.0,0.0,0.0,0.0,0.0,0.0,0.0,0.0,0.0,0.0,0.0,0.0,0.0,0.0,0.0,0.1435526727891776,0.1560327010517614,0.1635212073203127,,0.1143411835646699,0.1143150086707762,0.1341243153069131,0.1289639279713397,0.1620733738516766,0.1934411908454527,,0.016195756875218,0.0174618406360163,-0.0255673960755034,0.010913382968311,0.1560327010517614,Healthcare,35.0,4.0,43,7.725221422747198,1966.375,1979.58,9.12304993787192,8.533332253299271,9.107651284873516,8.516222320273334
DHR,2006Q1,2006,Q1,1,0,0,0,2143.661,916.689,1226.972,619.618,619.618,297.071,297.071,289.113,215.719,0.0,215.719,9354.178,5374.331,9163.109,5080.35,0.0,0.2890466356387507,0.4276277825645006,0.1385811469257499,0.1006311165804667,0.0,0.0,0.0,0.0,0.0,0.0,0.0,0.0,0.0,0.0,0.0,0.0,0.0,0.0,0.0,0.0,0.0,0.0,0.0,0.0,0.0,0.0,0.0,0.0,0.1739989309662706,0.1458811405745368,0.182543757353093,,0.0928276871801854,0.0928276871801854,0.1134119477478587,0.1676951246902254,0.2180851691233423,0.2309957146858927,,0.037552196168344,0.0072783936692255,-0.0691408157580488,-0.0239504395192176,0.1458811405745368,Healthcare,35.0,1.0,44,7.670736776914129,2263.754,1825.948,9.143685265785324,8.589575432495156,9.12304993787192,8.533332253299271
DHR,2006Q2,2006,Q2,0,1,0,0,2349.764,1032.111,1317.653,650.829,666.446,433.184,381.282,367.796,314.522,0.0,314.522,11912.261,5859.522,9354.178,5374.331,0.0,0.2836225254961775,0.4392402811516391,0.1622639550184614,0.133852591153835,0.0,0.0,0.0,0.0,0.0,0.0,0.0,0.0,0.0,0.0,0.0,0.0,0.0,0.0,0.0,0.0,0.0,0.0,0.0,0.0,0.0,0.0,0.0,0.0,0.2183610413003656,0.3733385730503884,0.2148156256510396,,0.3493945878930038,0.1877166914314016,0.164316692519548,0.2211526342324175,0.2406889593006154,0.2312734826384552,,0.0183261916980037,-0.0029099877040896,-0.025152109128717,0.127201647538413,0.3733385730503884,Healthcare,35.0,2.0,45,7.762495660685555,2143.661,1928.627,9.38540742839845,8.675993957102097,9.143685265785324,8.589575432495156
DHR,2006Q3,2006,Q3,0,0,1,0,2442.723,1101.777,1340.946,709.453,710.215,440.923,392.324,366.62,268.071,118.68,386.751,12022.568,6151.397,11912.261,5859.522,0.0485851240603212,0.2907472521444306,0.451044592448673,0.1606092872585225,0.1097426928882235,0.0,0.0,0.0,0.0,0.0,0.0,0.0,0.0,0.0,0.0,0.0,0.0,0.0,0.0,0.0,0.0,0.0,0.0,0.0,0.0,0.0,0.0,0.0,0.0,0.2422467738859577,0.1715314590881083,0.2994630079339899,,0.3792550096658553,0.2272320618614747,0.1693336182617877,0.1988745681732027,0.3563764772388718,0.3431801873950424,,0.0918736162186979,0.0460586698639999,-0.0120867385934232,-0.0569253358385788,0.6901901486314632,Healthcare,35.0,3.0,46,7.801277975079289,2349.764,1966.375,9.394624002643667,8.724597040962946,9.38540742839845,8.675993957102097
DHR,2006Q4,2006,Q4,0,0,0,1,2660.256,1192.806,1467.45,745.49,745.49,510.804,447.316,422.643,323.717,0.0,323.717,12864.151,6644.66,12022.568,6151.397,0.0,0.280232428758736,0.4483801558947711,0.168147727136035,0.1216864091275426,118.68,0.0,0.0,0.0,0.0,0.0,0.0,0.0,0.0,0.0,0.0,0.0,0.0485851240603212,0.0,0.0,0.0,0.0,0.0,0.0,0.0,0.0,0.0,0.0,0.0,0.1751524238057669,0.2861070388513445,0.226716113526205,,0.2916279998887408,0.2703221555797892,0.22377873459212,0.1363275584502674,0.2295748467340372,0.2019592763318063,,0.046310948116859,0.0438782992536812,0.0809850108344347,0.0944172115871129,0.2861070388513445,Healthcare,35.0,4.0,47,7.886553470784762,2442.723,2263.754,9.46227746191863,8.80171928901426,9.394624002643667,8.724597040962946
DHR,2007Q1,2007,Q1,1,0,0,0,2556.04,1152.402,1403.638,777.768,777.768,438.101,374.634,348.769,254.804,123.961,378.765,13088.218,7046.743,12864.151,6644.66,0.0484972848625217,0.3042863178979985,0.4508544467222735,0.146568128824275,0.099687015852647,0.0,118.68,0.0,0.0,0.0,0.0,0.0,0.0,0.0,0.0,0.0,0.0,0.0,0.0485851240603212,0.0,0.0,0.0,0.0,0.0,0.0,0.0,0.0,0.0,0.0,0.1923713684206598,0.1811847820544319,0.2571351897971941,,0.4747349960110545,0.2610924661107949,0.2063414651018806,0.1439853558190407,0.2552379046444744,0.2552379046444744,,0.0527239565531365,0.0543151429930059,0.0576339716888361,-0.0093817972005189,0.7558258660572319,Healthcare,35.0,1.0,48,7.846605618500861,2660.256,2143.661,9.479544116859685,8.860462702706004,9.46227746191863,8.80171928901426
DHR,2007Q2,2007,Q2,0,1,0,0,2671.212,1215.034,1456.178,767.228,781.563,512.143,447.806,424.671,311.154,0.0,311.154,13146.694,7334.058,13088.218,7046.743,0.0,0.292587409760064,0.4548624369761742,0.1676415050546343,0.1164842026765378,123.961,0.0,118.68,0.0,0.0,0.0,0.0,0.0,0.0,0.0,0.0,0.0,0.0484972848625217,0.0,0.0485851240603212,0.0,0.0,0.0,0.0,0.0,0.0,0.0,0.0,0.0,0.1368001212036611,-0.0107083129320046,0.1772319062581446,,0.1822758919997045,0.1744745359078057,0.1546373533154248,0.1051301063330027,0.1727326745152644,0.1788472855389049,,0.0316085058766155,0.0355663095915874,0.0331407553548237,-0.1297575812883288,-0.0107083129320046,Healthcare,35.0,2.0,49,7.890661872826546,2556.04,2349.764,9.484001661011604,8.900420597839616,9.479544116859685,8.860462702706004
DHR,2007Q3,2007,Q3,0,0,1,0,2731.151,1249.211,1481.94,786.277,655.116,525.96,462.934,438.081,483.721,131.161,614.8820000000001,13775.038,8053.351,13146.694,7334.058,0.0480240748314538,0.2398680995668126,0.4573936043814494,0.1695014299831829,0.1771125067782777,0.0,123.961,0.0,118.68,0.0,0.0,0.0,0.0,0.0,0.0,0.0,0.0,0.0,0.0484972848625217,0.0,0.0485851240603212,0.0,0.0,0.0,0.0,0.0,0.0,0.0,0.0,0.1180764253662818,0.8044510596073426,0.1338147374650224,0.1051651499831478,0.1928613386010709,0.1799787930384071,0.1949184441656211,0.105145173631153,-0.0775807325950592,0.1082862430633178,-0.0115477574611271,-0.1749944400242978,0.0140762399972655,0.0553650593713628,0.6138888350286116,0.5898653138582706,Healthcare,35.0,3.0,50,7.912844490027139,2671.212,2442.723,9.53068598508415,8.993967721291185,9.484001661011604,8.900420597839616
DHR,2007Q4,2007,Q4,0,0,0,1,3141.177,1450.53,1690.647,985.76,769.178,542.851,464.77,434.712,320.225,216.582,536.807,17471.935,9085.688,13775.038,8053.351,0.06875869946545926,0.2448693594789469,0.4617791356552018,0.1479604619542292,0.1019442712078943,131.161,0.0,123.961,0.0,118.68,0.0,0.0,0.0,0.0,0.0,0.0,0.0,0.0480240748314538,0.0,0.0484972848625217,0.0,0.0485851240603212,0.0,0.0,0.0,0.0,0.0,0.0,0.0,0.1807799700479955,-0.0107871999308036,0.2160653115426984,,0.0627383497388431,0.0390193956844826,0.0285560153604815,0.1520985382806909,0.0317750741123288,0.3222980858227473,,-0.1261919237413977,0.0298830793117779,-0.1200567234874003,-0.1622378214723716,0.6582601469802329,Healthcare,35.0,4.0,51,8.052671150774405,2731.151,2660.256,9.768408391306938,9.114565764341947,9.53068598508415,8.993967721291185
DHR,2008Q1,2008,Q1,1,0,0,0,3028.874,1417.716,1611.158,1004.494,818.39,413.222,413.222,376.075,276.505,186.104,462.609,17853.022,9574.595,17471.935,9085.688,0.0614432954292585,0.2701961190858385,0.4680670110410667,0.1364275965259697,0.0912897003969131,216.582,131.161,0.0,123.961,0.0,118.68,0.0,0.0,0.0,0.0,0.0,0.0,0.06875869946545926,0.0480240748314538,0.0,0.0484972848625217,0.0,0.0485851240603212,0.0,0.0,0.0,0.0,0.0,0.0,0.1849869329118478,0.0851674228034096,0.2302269520531896,0.5013108961689565,-0.0567882748498634,0.1030018631517692,0.0782925087952197,0.1478443872280459,0.0522289423067032,0.291508521821417,0.2669429969829382,-0.1120332949823512,0.0381776523308776,-0.0691864758024107,-0.0842368023950724,0.2213615302364264,Healthcare,35.0,1.0,52,8.016276313480354,3141.177,2556.04,9.789984083955419,9.166972953110342,9.768408391306938,9.114565764341947
DHR,2008Q2,2008,Q2,0,1,0,0,3283.895,1560.299,1723.596,1049.835,859.969,510.464,510.464,478.022,363.448,189.866,553.314,17994.614,10074.281,17853.022,9574.595,0.0578173175451712,0.2618746945319506,0.475136689814991,0.1554446777378692,0.1106758894544435,186.104,216.582,131.161,0.0,123.961,0.0,118.68,0.0,0.0,0.0,0.0,0.0,0.0614432954292585,0.06875869946545926,0.0480240748314538,0.0,0.0484972848625217,0.0,0.0485851240603212,0.0,0.0,0.0,0.0,0.0,0.2293651720642164,0.1680646882251231,0.28416077245575,,-0.0032783812333665,0.1399221984520082,0.1256290163444171,0.1836437578372973,0.1003194880003275,0.3683481311943779,,-0.1049693671142556,0.0445722732648481,-0.0727554152701636,-0.0498635273164311,0.7782641393007963,Healthcare,35.0,2.0,53,8.09708996693755,3028.874,2671.212,9.79788334052009,9.2178402772448,9.789984083955419,9.166972953110342
DHR,2008Q3,2008,Q3,0,0,1,0,3208.181,1510.57,1697.611,988.43,806.424,607.736,522.14,492.992,371.992,182.006,553.998,17620.648,10172.237,17994.614,10074.281,0.0567318365142116,0.2513648699995418,0.4708493691596577,0.1627526626459043,0.1159510638583047,189.866,186.104,216.582,131.161,0.0,123.961,0.0,118.68,0.0,0.0,0.0,0.0,0.0578173175451712,0.0614432954292585,0.06875869946545926,0.0480240748314538,0.0,0.0484972848625217,0.0,0.0485851240603212,0.0,0.0,0.0,0.0,0.1746626239266888,-0.2309781878396843,0.2092192591964046,0.3876533420757695,0.1554795041448018,0.127892960983639,0.1253443997799492,0.1455328825728437,0.230963676661843,0.2571015049403706,0.1813207586677869,0.0479295515055631,0.0294183492058335,-0.0398154006013293,-0.3453253755622086,-0.0990173724389394,Healthcare,35.0,3.0,54,8.073771043383351,3283.895,2731.151,9.77688342519596,9.227515727484926,9.79788334052009,9.2178402772448
DHR,2008Q4,2008,Q4,0,0,0,1,3176.506,1451.609,1724.897,1027.958,860.491,517.886,423.651,402.218,305.686,167.467,473.153,17490.128,9808.562,17620.648,10172.237,0.052720504856594,0.2708922948673794,0.4569829240051805,0.1333701242812071,0.0962334086571849,182.006,189.866,186.104,216.582,131.161,0.0,123.961,0.0,118.68,0.0,0.0,0.0,0.0567318365142116,0.0578173175451712,0.0614432954292585,0.06875869946545926,0.0480240748314538,0.0,0.0484972848625217,0.0,0.0485851240603212,0.0,0.0,0.0,0.0112470580295218,-0.0454024514013585,0.0007438660351732,-0.2267732313858029,-0.0459886782929386,-0.0884717171934504,-0.0747483391302746,0.0202585164141302,0.1187150438520081,0.0428075799383218,-0.2353730352295139,0.106272730258315,-0.0103863758227537,-0.0986097061357891,-0.0560194553656013,-0.1185789306026188,Healthcare,35.0,4.0,55,8.063851891338773,3208.181,3141.177,9.769449059929569,9.1911129032446,9.77688342519596,9.227515727484926
DHR,2009Q1,2009,Q1,1,0,0,0,2627.744,1258.609,1369.135,918.39,757.495,421.68,340.219,316.827,237.712,160.895,398.607,17673.114,10002.956,17490.128,9808.562,0.0612293282755093,0.2882681874642278,0.4789694125455143,0.1294718968057771,0.090462389030286,167.467,182.006,189.866,186.104,216.582,131.161,0.0,123.961,0.0,118.68,0.0,0.0,0.052720504856594,0.0567318365142116,0.0578173175451712,0.0614432954292585,0.0687673637725759,0.0480240748314538,0.0,0.0484972848625217,0.0,0.0485851240603212,0.0,0.0,-0.1324353538641751,-0.1402976438039095,-0.1122276958149587,-0.1354565189356489,0.0204684164928294,-0.1766677476029833,-0.1575430432759422,-0.150216800586907,-0.0744082894463519,-0.0857187798035628,-0.0034823515284193,0.0668850035283001,0.0232923945658947,-0.0509845507603629,-0.009062483095356,-0.1383500969501243,Healthcare,35.0,1.0,56,7.874261444560667,3176.506,3028.874,9.779856362209914,9.210735893747133,9.769449059929569,9.1911129032446
DHR,2009Q2,2009,Q2,0,1,0,0,2673.609,1262.269,1411.34,918.323,759.823,431.022,343.946,313.743,295.694,158.5,454.194,18322.397,10602.527,17673.114,10002.956,0.0592831636937188,0.2841937620646848,0.472121765000043,0.1286448392416393,0.1105973236924322,160.895,167.467,182.006,189.866,186.104,216.582,131.161,0.0,123.961,0.0,118.68,0.0,0.0612293282755093,0.052720504856594,0.0567318365142116,0.0578173175451712,0.0614432954292585,0.06877602807969256,0.0480240748314538,0.0,0.0484972848625217,0.0,0.0485851240603212,0.0,-0.1858421173636794,-0.1864200655939776,-0.1910082618780118,-0.1652007205081479,-0.1556270373620862,-0.3262090960381143,-0.3436640991418804,-0.1811654239160453,-0.1164530349349802,-0.1252692089709336,0.0253530639397516,0.0852280422613001,-0.0063453841380296,-0.1724075657413195,-0.0007098724247768,-0.17913878918661,Healthcare,35.0,2.0,57,7.891558480422192,2627.744,3283.895,9.815934046803081,9.268941960604918,9.779856362209914,9.210735893747133
DHR,2009Q3,2009,Q3,0,0,1,0,2750.693,1320.957,1429.736,856.36,782.438,551.842,464.597,434.349,351.363,159.04,510.403,19161.907,11210.529,18322.397,10602.527,0.0578181570971387,0.2844512273816089,0.4802269828003343,0.1689018003826672,0.1277361741204852,158.5,160.895,167.467,182.006,189.866,186.104,216.582,131.161,0.0,123.961,0.0,118.68,0.0592831636937188,0.0612293282755093,0.052720504856594,0.0567318365142116,0.0578173175451712,0.0614432954292585,0.06878469238680922,0.0480240748314538,0.0,0.0484972848625217,0.0,0.0485851240603212,-0.1426004330803031,-0.0554554936665304,-0.1255241398942119,-0.1261826533191213,-0.0919708557663195,-0.1102060749990424,-0.1189532487342593,-0.1577952781879947,-0.0297436584228644,-0.1336159363839624,0.0191483415604749,0.1316268155614881,0.0199163772002353,0.037782102220603,0.1016386557399959,-0.0786916198253423,Healthcare,35.0,3.0,58,7.9199716375979285,2673.609,3208.181,9.860731762354387,9.32469790284004,9.815934046803081,9.268941960604918
DHR,2009Q4,2009,Q4,0,0,0,1,3132.892,1438.385,1694.507,1044.671,890.455,484.553,393.714,359.935,266.935,154.216,421.151,19595.42,11630.176,19161.907,11210.529,0.0492248057066761,0.2842277997454109,0.4591237106162613,0.1256711051641742,0.0852040223537868,159.04,158.5,160.895,167.467,182.006,189.866,186.104,216.582,131.161,0.0,123.961,0.0,0.0578181570971387,0.0592831636937188,0.0612293282755093,0.052720504856594,0.0567318365142116,0.0578173175451712,0.0614432954292585,0.06879335669392586,0.0480240748314538,0.0,0.0484972848625217,0.0,-0.0137301802672495,-0.1267673364171077,-0.0091098911621517,-0.0791260367714236,-0.0643635858084596,-0.0706642967914628,-0.1051245841807179,-0.0176184433041508,0.034821979544237,0.0162584463567576,-0.0663062533150353,0.0492280700880036,0.0046846096399357,-0.0577267147236042,-0.1146107828590838,-0.1099052526349827,Healthcare,35.0,4.0,59,8.05003096156915,2750.693,3176.506,9.883102175474281,9.361444358199446,9.860731762354387,9.32469790284004
DHR,2010Q1,2010,Q1,1,0,0,0,3092.22,1498.053,1594.167,1064.687,877.455,516.091,433.366,404.245,300.233,187.232,487.465,19880.646,11853.178,19595.42,11630.176,0.0605493787634773,0.2837621514639967,0.4844587383821332,0.1401472081546591,0.097093027016189,154.216,159.04,158.5,160.895,167.467,182.006,189.866,186.104,216.582,131.161,0.0,123.961,0.0492248057066761,0.0578181570971387,0.0592831636937188,0.0612293282755093,0.052720504856594,0.0567318365142116,0.0578173175451712,0.0614432954292585,0.06880202100104252,0.0480240748314538,0.0,0.0484972848625217,0.1767584665781749,0.2630115433802249,0.190244945014695,0.1636906056745082,0.2238925251375449,0.2737854146887739,0.275917140900239,0.1643607094990631,0.1583640816110998,0.1592972484456494,-0.0111049644211748,-0.0156314022711585,0.0114607022762593,0.0824527299920245,0.0732971797117043,0.2229213235091207,Healthcare,35.0,1.0,60,8.036967898509916,3132.892,2627.744,9.897552273563784,9.380435658263389,9.883102175474281,9.361444358199446
DHR,2010Q2,2010,Q2,0,1,0,0,3310.921,1639.41,1671.511,1105.56,907.91,616.538,533.85,505.338,372.476,197.65,570.126,20078.957,12058.01,19880.646,11853.178,0.0596963805539304,0.2742167511698407,0.4951522552184121,0.1612391234946409,0.1124992109446284,187.232,154.216,159.04,158.5,160.895,167.467,182.006,189.866,186.104,216.582,131.161,0.0,0.0605493787634773,0.0492248057066761,0.0578181570971387,0.0592831636937188,0.0612293282755093,0.052720504856594,0.0567318365142116,0.0578173175451712,0.0614432954292585,0.0687611663915011,0.0480240748314538,0.0,0.2383714297789991,0.2596670882736882,0.2987802124586756,0.2470031545741324,0.4304095846615718,0.5521331836974408,0.6106749792027233,0.1843432482605185,0.1948967062065769,0.2038901345169401,0.0069702228164887,-0.035106368353621,0.0487808271630243,0.2533664346362028,0.0171965033935657,0.25524775756615,Healthcare,35.0,2.0,61,8.105283662563666,3092.22,2673.609,9.90747743236911,9.397567377359406,9.897552273563784,9.380435658263389
DHR,2010Q3,2010,Q3,0,0,1,0,3190.193,1648.856,1541.337,1076.206,884.165,941.802,572.65,833.561,646.435,202.591,849.026,21497.835,13171.933,20078.957,12058.01,0.0635043083600271,0.2771509435322565,0.5168514882955357,0.1795032463553145,0.2026319410769191,197.65,187.232,154.216,159.04,158.5,160.895,167.467,182.006,189.866,186.104,216.582,131.161,0.0596963805539304,0.0605493787634773,0.0492248057066761,0.0578181570971387,0.0592831636937188,0.0612293282755093,0.052720504856594,0.0567318365142116,0.0578173175451712,0.0614432954292585,0.06877292563090887,0.0480240748314538,0.1597779177829006,0.8397924653421105,0.2482283677667023,0.2738367706237425,0.7066515415644334,0.2325736068033155,0.9191042226412404,0.0780570678782655,0.1300128572487533,0.2567214722780138,0.0983454255267108,-0.025664448406681,0.0762649888634618,0.0627669210667292,0.5863316908629934,0.6634424170704325,Healthcare,35.0,3.0,62,8.068150107056578,3310.921,2750.693,9.975754026601125,9.485919473055805,9.90747743236911,9.397567377359406
DHR,2010Q4,2010,Q4,0,0,0,1,3609.268,1840.471,1768.797,1226.181,1004.173,734.206,626.508,599.561,473.856,222.008,695.864,22217.13,13711.01,21497.835,13171.933,0.0615105334378051,0.278220680758536,0.5099291601510334,0.1735831199013207,0.1312886712762809,202.591,197.65,187.232,154.216,159.04,158.5,160.895,167.467,182.006,189.866,186.104,216.582,0.0635043083600271,0.0596963805539304,0.0605493787634773,0.0492248057066761,0.0578181570971387,0.0592831636937188,0.0612293282755093,0.052720504856594,0.0567318365142116,0.0578173175451712,0.0614432954292585,0.06878468487031665,0.1520563109101751,0.7751737314327458,0.2795399006524679,0.4395912227006278,0.5152233089053211,0.591276916746674,0.6657479822745775,0.0438416601406781,0.1277077449169243,0.1737484815793679,0.2495840776769733,-0.0211348748864663,0.1106574292723376,0.3812492511668073,0.5408741001820305,0.6522909835189754,Healthcare,35.0,4.0,63,8.191537286798553,3190.193,3132.892,10.008663901236261,9.52602737012551,9.975754026601125,9.485919473055805
DHR,2011Q1,2011,Q1,1,0,0,0,3345.702,1763.388,1582.314,1172.8,969.702,691.091,590.588,561.978,429.358,217.573,646.931,23034.881,14659.179,22217.13,13711.01,0.0650305974650461,0.2898351377379097,0.5270606886088479,0.1765213996942943,0.1283312141966021,222.008,202.591,197.65,187.232,154.216,159.04,158.5,160.895,167.467,182.006,189.866,186.104,0.0615105334378051,0.0635043083600271,0.0596963805539304,0.0605493787634773,0.0492248057066761,0.0578181570971387,0.0592831636937188,0.0612293282755093,0.052720504856594,0.0567318365142116,0.0578173175451712,0.0614432954292585,0.0819741156838778,0.4300826358195135,0.1771199016323186,0.1620502905486243,0.3390874865091622,0.3627926510155388,0.3901915917327361,-0.0074352310642484,0.1051301776159461,0.1015443975553378,0.0740093258276637,0.0214016782808452,0.0879372108530549,0.25954274807597,0.3217346099962925,0.3271332300780569,Healthcare,35.0,1.0,64,8.115730662290803,3609.268,3092.22,10.04480832278582,9.592890185461599,10.008663901236261,9.52602737012551
DHR,2011Q2,2011,Q2,0,1,0,0,3711.674,1943.195,1768.479,1317.092,1095.749,731.724,626.103,596.674,648.764,235.803,884.567,31513.376,16489.496,23034.881,14659.179,0.0635300945072223,0.2952169290729735,0.5235360109751018,0.1686848036761849,0.1747901351250136,217.573,222.008,202.591,197.65,187.232,154.216,159.04,158.5,160.895,167.467,182.006,189.866,0.0650305974650461,0.0615105334378051,0.0635043083600271,0.0596963805539304,0.0605493787634773,0.0492248057066761,0.0578181570971387,0.0592831636937188,0.0612293282755093,0.052720504856594,0.0567318365142116,0.0578173175451712,0.121039734865314,0.7417605429611573,0.1853014194130815,0.1930331393878066,0.1868270893278274,0.1728069682495081,0.1807423941995258,0.0580121817924021,0.2068916522562809,0.1913347082021781,0.0642202076192617,0.0765824035677749,0.0573232888622705,0.0461778755687136,0.5537009873877656,0.551528960264924,Healthcare,35.0,2.0,65,8.219507650699521,3345.702,3310.921,10.358199101655993,9.710539493936944,10.04480832278582,9.592890185461599
DHR,2011Q3,2011,Q3,0,0,1,0,4518.089,2204.662,2313.427,1548.518,1274.907,818.352,656.144,580.889,523.428,289.602,813.03,30618.424,16496.791,31513.376,16489.496,0.0640983389216104,0.2821783723162602,0.4879633845194284,0.1452260015240957,0.1158516355034174,235.803,217.573,222.008,202.591,197.65,187.232,154.216,159.04,158.5,160.895,167.467,182.006,0.0635300945072223,0.0650305974650461,0.0615105334378051,0.0635043083600271,0.0596963805539304,0.0605493787634773,0.0492248057066761,0.0578181570971387,0.0592831636937188,0.0612293282755093,0.052720504856594,0.0567318365142116,0.4162431551946857,-0.1902851794844028,0.3370858340570672,0.4294909448099864,-0.1310785069473201,0.1458028464157863,-0.303123586636131,0.5009222512662708,0.4419333495444855,0.4388676517321035,0.0093541773294429,0.0181396776786315,-0.0558924651090277,-0.1909561276867903,-0.428265677722348,-0.0423968170586059,Healthcare,35.0,3.0,66,8.416065703840047,3711.674,3190.193,10.329389857800255,9.71098177213823,10.358199101655993,9.710539493936944
DHR,2011Q4,2011,Q4,0,0,0,1,4515.075,2265.419,2249.656,1587.808,1267.334,945.822,744.391,708.308,570.714,275.548,846.2620000000001,29949.447,16904.783,30618.424,16496.791,0.0610284436028194,0.2806894680597775,0.5017455966955144,0.1648679147079506,0.1264018870118436,289.602,235.803,217.573,222.008,202.591,197.65,187.232,154.216,159.04,158.5,160.895,167.467,0.0640983389216104,0.0635300945072223,0.0650305974650461,0.0615105334378051,0.0635043083600271,0.0596963805539304,0.0605493787634773,0.0492248057066761,0.0578181570971387,0.0592831636937188,0.0612293282755093,0.052720504856594,0.2509669550723303,0.2044038695299839,0.230890896949748,0.2411624806313286,0.2882242858271384,0.1881588104222131,0.1813777080230367,0.2718565216924271,0.262067392769971,0.2949213859944004,-0.0078375167315549,0.008873485948315,-0.0160484320078795,-0.0502076768658414,-0.0372216750838586,0.2161313130151869,Healthcare,35.0,4.0,67,8.415398532749007,4518.089,3609.268,10.307299528307011,9.735411031726855,10.329389857800255,9.71098177213823
DHR,2012Q1,2012,Q1,1,0,0,0,4316.22,2235.544,2080.676,1515.021,1244.897,937.9,734.868,696.204,612.9,270.124,883.024,30420.959,17823.305,29949.447,16904.783,0.0625834642349092,0.2884229719523101,0.5179402347424366,0.1702573084782518,0.1419992493431752,275.548,289.602,235.803,217.573,222.008,202.591,197.65,187.232,154.216,159.04,158.5,160.895,0.0610284436028194,0.0640983389216104,0.0635300945072223,0.0650305974650461,0.0615105334378051,0.0635043083600271,0.0596963805539304,0.0605493787634773,0.0492248057066761,0.0578181570971387,0.0592831636937188,0.0612293282755093,0.2900790327411109,0.4274800981931161,0.2677550261201731,0.2415327269468179,0.3571295241871186,0.2442989021111166,0.2388456487620511,0.3149577138292398,0.283793371571885,0.2917982605729876,-0.0376304897314263,-0.0048723070522822,-0.0173043713248362,-0.035486299263947,0.1065059286794705,0.3649430928491599,Healthcare,35.0,1.0,68,8.370366955572722,4515.075,3345.702,10.322919962161885,9.788318254340032,10.307299528307011,9.735411031726855
DHR,2012Q2,2012,Q2,0,1,0,0,4553.459,2355.456,2198.003,1562.212,1278.61,1019.5,811.274,774.105,600.2,283.602,883.802,31170.583,18301.916,30420.959,17823.305,0.0622827613030006,0.2807997173138047,0.5172893837410197,0.1781665322999504,0.1318118819121903,270.124,275.548,289.602,235.803,217.573,222.008,202.591,197.65,187.232,154.216,159.04,158.5,0.0625834642349092,0.0610284436028194,0.0640983389216104,0.0635300945072223,0.0650305974650461,0.0615105334378051,0.0635043083600271,0.0596963805539304,0.0605493787634773,0.0492248057066761,0.0578181570971387,0.0592831636937188,0.2267938940758267,-0.0748561880745539,0.2121562684136178,0.2027073446902709,0.3932848997709517,0.2957516574748884,0.2973667362747498,0.242877636658394,0.1668821965614386,0.186106968989258,-0.019633737583688,-0.0488359925849817,-0.0119316094846037,0.0562097380269481,-0.2458848903691528,-0.0008648299111316,Healthcare,35.0,2.0,69,8.423862032058496,4316.22,3711.674,10.347262157484009,9.81481567039786,10.322919962161885,9.788318254340032
DHR,2012Q3,2012,Q3,0,0,1,0,4415.543,2278.002,2137.541,1522.193,1251.212,967.1,755.809,717.17,548.7,289.517,838.2170000000001,31585.42,18886.086,31170.583,18301.916,0.065567700280577,0.283365375447595,0.5159052918293402,0.1711701142985132,0.1242655773027236,283.602,270.124,275.548,289.602,235.803,217.573,222.008,202.591,197.65,187.232,154.216,159.04,0.0622827613030006,0.0625834642349092,0.0610284436028194,0.0640983389216104,0.0635300945072223,0.0650305974650461,0.0615105334378051,0.0635043083600271,0.0596963805539304,0.0605493787634773,0.0492248057066761,0.0578181570971387,-0.0226967640522354,0.048281712097939,0.0332658702331696,-0.0002935062603157,0.1817653039278941,0.1518950108512764,0.2346076444897389,-0.076028333723087,-0.0185856693860806,-0.0170001252810751,0.0229235481556486,0.0042065701973943,0.0572623032718537,0.1786464717209259,0.0726268711075548,0.0309791766601479,Healthcare,35.0,3.0,70,8.39311254235425,4553.459,4518.089,10.360482560371924,9.846233687081995,10.347262157484009,9.81481567039786
DHR,2012Q4,2012,Q4,0,0,0,1,4975.2,2545.3,2429.9,1701.1,1406.5,1083.533,863.1,823.3,630.404,294.6,925.004,32941.0,19016.5,31585.42,18886.086,0.0592136999517607,0.2827022029265155,0.5115975237176396,0.1734804630969609,0.1267092780189741,289.517,283.602,270.124,275.548,289.602,235.803,217.573,222.008,202.591,197.65,187.232,154.216,0.065567700280577,0.0622827613030006,0.0625834642349092,0.0610284436028194,0.0640983389216104,0.0635300945072223,0.0650305974650461,0.0615105334378051,0.0635043083600271,0.0596963805539304,0.0605493787634773,0.0492248057066761,0.1019086061693328,0.1045882876537107,0.1235449159736015,0.0691422184156662,0.1455992776653534,0.1594712993574614,0.162347453367744,0.0801206940083285,0.1098100421830392,0.0713511961143915,-0.0297360303479027,0.0071706818237631,0.0196353034027796,0.0522390812321895,0.002431854574304,0.0930468341955563,Healthcare,35.0,4.0,71,8.512421826537347,4415.543,4515.075,10.40250371834262,9.853114886871456,10.360482560371924,9.846233687081995
DHR,2013Q1,2013,Q1,1,0,0,0,4444.7,2325.7,2119.0,1594.8,1298.4,1178.4,730.9,922.4,691.9,296.4,988.3,32469.3,19681.1,32941.0,19016.5,0.0666861655454811,0.2921232029158324,0.5232524129862532,0.1644430445249398,0.1556685490584291,294.6,289.517,283.602,270.124,275.548,289.602,235.803,217.573,222.008,202.591,197.65,187.232,0.0592136999517607,0.065567700280577,0.0622827613030006,0.0625834642349092,0.0610284436028194,0.0640983389216104,0.0635300945072223,0.0650305974650461,0.0615105334378051,0.0635043083600271,0.0596963805539304,0.0605493787634773,0.0297667866790849,0.1288954152390276,0.0403284390734424,0.0972738446046999,0.2564239257916623,-0.0053996091815129,0.3248990238493316,0.0184190138205084,0.0429778527862145,0.0526586760183522,0.0655556760995563,0.0128291825664084,0.0102563537016164,-0.0341498641396335,0.0962631829286557,0.1192221275978908,Healthcare,35.0,1.0,72,8.399692615864243,4975.2,4316.22,10.388081104352024,9.887464872230497,10.40250371834262,9.853114886871456
DHR,2013Q2,2013,Q2,0,1,0,0,4737.5,2495.5,2242.0,1651.9,1339.7,1064.8,843.6,805.8,616.8,312.2,929.0,33109.0,20296.1,32469.3,19681.1,0.0658997361477572,0.2827862796833773,0.526754617414248,0.1780686015831134,0.1301952506596305,296.4,294.6,289.517,283.602,270.124,275.548,289.602,235.803,217.573,222.008,202.591,197.65,0.0666861655454811,0.0592136999517607,0.065567700280577,0.0622827613030006,0.0625834642349092,0.0610284436028194,0.0640983389216104,0.0635300945072223,0.0650305974650461,0.0615105334378051,0.0635043083600271,0.0596963805539304,0.0404178449833412,0.0276574475174939,0.0594551543310508,0.1008384990232791,0.0444335458558116,0.0398459706584952,0.0409440579766309,0.0200168061645047,0.0477784469071884,0.0574109019774524,0.0580734503269744,0.0070746594354742,0.0182977535799711,-0.0005496583200715,-0.0122646853159767,0.0511404138030915,Healthcare,35.0,2.0,73,8.46347590891025,4444.7,4553.459,10.407590630541291,9.918233297681969,10.388081104352024,9.887464872230497
DHR,2013Q3,2013,Q3,0,0,1,0,4669.1,2424.7,2244.4,1612.3,1303.2,1037.7,812.4,778.8,597.0,309.1,906.1,33721.2,21304.6,33109.0,20296.1,0.066201195091131,0.2791116060911096,0.5193077895097555,0.1739949883275149,0.1278619005804116,312.2,296.4,294.6,289.517,283.602,270.124,275.548,289.602,235.803,217.573,222.008,202.591,0.0658997361477572,0.0666861655454811,0.0592136999517607,0.065567700280577,0.0622827613030006,0.0625834642349092,0.0610284436028194,0.0640983389216104,0.0635300945072223,0.0650305974650461,0.0615105334378051,0.0635043083600271,0.0574237415420937,0.0880262438490977,0.0643976607571019,0.0676402421964859,0.0730017578326958,0.0748747368713524,0.0859349944922402,0.0499915557175276,0.0415501130104252,0.0591955159431163,0.009661690250583,-0.0150116059513845,0.0065951982549945,0.0165033133300083,0.0289406234272506,0.080984995532183,Healthcare,35.0,3.0,74,8.448935763709914,4737.5,4415.543,10.42591165316667,9.966725227940652,10.407590630541291,9.918233297681969
DHR,2013Q4,2013,Q4,0,0,0,1,5266.7,2711.7,2555.0,1823.7,1491.5,1228.0,888.0,1059.0,789.3,332.2,1121.5,34672.2,22385.3,33721.2,21304.6,0.0630755501547458,0.283194410161961,0.5148764881234928,0.168606527806786,0.1498661400877209,309.1,312.2,296.4,294.6,289.517,283.602,270.124,275.548,289.602,235.803,217.573,222.008,0.066201195091131,0.0658997361477572,0.0666861655454811,0.0592136999517607,0.065567700280577,0.0622827613030006,0.0625834642349092,0.0610284436028194,0.0640983389216104,0.0635300945072223,0.0650305974650461,0.0615105334378051,0.0585906094227368,0.252054238234529,0.0653753977920086,0.127630685675492,0.1333295801789147,0.0288494960027807,0.2862868942062433,0.0514836001481542,0.0604337006754354,0.0720710128740227,0.0652188633058095,0.001741080297041,0.0064092655922685,-0.0280950096810082,0.1827558520638024,0.2124271895040452,Healthcare,35.0,4.0,75,8.569349113633395,4669.1,4975.2,10.453722333237216,10.016204443592331,10.42591165316667,9.966725227940652
DHR,2014Q1,2014,Q1,1,0,0,0,4662.7,2452.9,2209.8,1664.0,1350.6,1013.6,788.9,761.3,579.7,313.4,893.1,35042.6,22961.7,34672.2,22385.3,0.0672142749908851,0.289660497136852,0.5260685868702684,0.1691938147425311,0.1243271066120488,332.2,309.1,312.2,296.4,294.6,289.517,283.602,270.124,275.548,289.602,235.803,217.573,0.0630755501547458,0.066201195091131,0.0658997361477572,0.0666861655454811,0.0592136999517607,0.065567700280577,0.0622827613030006,0.0625834642349092,0.0610284436028194,0.0640983389216104,0.0635300945072223,0.0650305974650461,0.0490471797871623,-0.162162162162162,0.0546932106462572,0.0573549257759784,-0.1398506449422947,0.0793542208236421,-0.1746530789245447,0.0428504011326098,0.0402033271719037,0.0433910208176573,0.0079193254115621,-0.0084303668945115,0.005382056181916,0.0288900648325738,-0.2013344547498577,-0.0963270262066173,Healthcare,35.0,1.0,76,8.447564403491567,5266.7,4444.7,10.46434827949899,10.041626439338472,10.453722333237216,10.016204443592331
DHR,2014Q2,2014,Q2,0,1,0,0,4963.6,2620.2,2343.4,1730.9,1394.5,1147.6,889.3,879.0,676.4,336.4,1012.8,35652.1,23720.5,35042.6,22961.7,0.0677733902812474,0.280945281650415,0.5278829881537593,0.1791643162220968,0.1362720606011765,313.4,332.2,309.1,312.2,296.4,294.6,289.517,283.602,270.124,275.548,289.602,235.803,0.0672142749908851,0.0630755501547458,0.066201195091131,0.0658997361477572,0.0666861655454811,0.0592136999517607,0.065567700280577,0.0622827613030006,0.0625834642349092,0.0610284436028194,0.0640983389216104,0.0635300945072223,0.0477255936675462,0.0966277561608301,0.0499699459026246,0.0775144138372838,0.0777610818933132,0.0541725936462778,0.0908413998510797,0.0452274754683319,0.0409046801522727,0.0478237181427447,0.0284318912793399,-0.0065102098836747,0.0021421183644299,0.0061533287128776,0.0466745899774221,0.0902045209903121,Healthcare,35.0,2.0,77,8.510088009286191,4662.7,4737.5,10.481591378583682,10.074137088886268,10.46434827949899,10.041626439338472
DHR,2014Q3,2014,Q3,0,0,1,0,4870.3,2565.7,2304.6,1699.9,1371.6,1112.4,865.8,877.1,680.6,328.3,1008.9,35535.9,23740.7,35652.1,23720.5,0.0674085785269901,0.281625361887358,0.5268053302671293,0.1777713898527811,0.1397449849085272,336.4,313.4,332.2,309.1,312.2,296.4,294.6,289.517,283.602,270.124,275.548,289.602,0.0677733902812474,0.0672142749908851,0.0630755501547458,0.066201195091131,0.0658997361477572,0.0666861655454811,0.0592136999517607,0.065567700280577,0.0622827613030006,0.0625834642349092,0.0610284436028194,0.0640983389216104,0.0430918164100146,0.140033500837521,0.058151523899864,0.0621158201229374,0.0719861231569818,0.0657311669128508,0.1262198253723678,0.0268223133131348,0.0524861878453037,0.0543323202877876,0.0182380912338064,0.0090062746994041,0.0144375665237983,0.0217040821782625,0.0929368660576286,0.1134532612294449,Healthcare,35.0,3.0,78,8.491116120906117,4963.6,4669.1,10.478326872243036,10.074988274698418,10.481591378583682,10.074137088886268
DHR,2014Q4,2014,Q4,0,0,0,1,5417.2,2803.7,2613.5,1916.4,1580.3,1228.7,887.3,964.4,661.7,336.1,997.8,36991.7,23378.1,35535.9,23740.7,0.0620431219079967,0.2917189692091855,0.5175551945654582,0.1637931034482758,0.1221479731226464,328.3,336.4,313.4,332.2,309.1,312.2,296.4,294.6,289.517,283.602,270.124,275.548,0.0674085785269901,0.0677733902812474,0.0672142749908851,0.0630755501547458,0.066201195091131,0.0658997361477572,0.0666861655454811,0.0592136999517607,0.065567700280577,0.0622827613030006,0.0625834642349092,0.0610284436028194,0.0285757685077943,-0.1616622323577853,0.0339270568278202,0.0117399157134256,0.00057003257329,-0.0007882882882883,-0.0893295561850803,0.0228962818003914,0.0595373784780421,0.0508307287382794,-0.0163681211533818,0.030101438239368,0.0052026194704055,-0.0285482680956818,-0.1849528315658914,-0.1102987070887203,Healthcare,35.0,4.0,79,8.597518935954138,4870.3,5266.7,10.518475874863391,10.059597739845437,10.478326872243036,10.074988274698418
DHR,2015Q1,2015,Q1,1,0,0,0,4873.3,2600.0,2273.3,1825.8,1486.7,990.6,774.2,746.3,569.8,339.1,908.9,36072.3,23321.0,36991.7,23378.1,0.06875869946545926,0.3050704861182361,0.5335193811175178,0.1588656557158393,0.1169228243695237,336.1,328.3,336.4,313.4,332.2,309.1,312.2,296.4,294.6,289.517,283.602,270.124,0.0620431219079967,0.0674085785269901,0.0677733902812474,0.0672142749908851,0.0630755501547458,0.066201195091131,0.0658997361477572,0.0666861655454811,0.0592136999517607,0.065567700280577,0.0622827613030006,0.0625834642349092,0.0451669633474167,-0.0170777988614801,0.0599698316278689,0.082003828972559,-0.0226913970007892,-0.0186335403726707,-0.0197031393668724,0.028735632183908,0.1007700281356436,0.0972355769230768,0.0352449579033409,0.0532001744583885,0.0141631612934283,-0.0610433604940495,-0.0595548504609657,0.0176911879968648,Healthcare,35.0,1.0,80,8.491731783378365,5417.2,4662.7,10.493308258484575,10.057152400080279,10.518475874863391,10.059597739845437
DHR,2015Q2,2015,Q2,0,1,0,0,5127.1,2760.2,2366.9,1829.1,1484.2,512.5,931.1,903.6,695.7,344.9,1040.6,36986.8,24101.2,36072.3,23321.0,0.0672699966842854,0.2894813832380878,0.5383550155058414,0.1816036355834682,0.1356907413547619,339.1,336.1,328.3,336.4,313.4,332.2,309.1,312.2,296.4,294.6,289.517,283.602,0.06875869946545926,0.0620431219079967,0.0674085785269901,0.0677733902812474,0.0672142749908851,0.0630755501547458,0.066201195091131,0.0658997361477572,0.0666861655454811,0.0592136999517607,0.065567700280577,0.0622827613030006,0.0329398017567894,0.0285334121821407,0.0534310357987939,0.0252675386444709,-0.5534158243290345,0.0470032609917914,0.0279863481228668,0.0100281642058548,0.0643241305127286,0.0567334912473278,-0.0074275994586225,0.0303835022162586,0.0198377814536274,0.0136149843496042,-0.004265872577622,0.0274486571879937,Healthcare,35.0,2.0,81,8.5424904991904,4873.3,4963.6,10.518343407523831,10.090058401619459,10.493308258484575,10.057152400080279
DHR,2015Q3,2015,Q3,0,0,1,0,5023.4,2637.0,2386.4,1836.2,1528.3,616.3,800.8,768.5,1403.3,307.9,1711.1999999999998,49707.9,23112.7,36986.8,24101.2,0.0612931480670462,0.3042361747023928,0.5249432655173787,0.1594139427479396,0.2793526296930366,344.9,339.1,336.1,328.3,336.4,313.4,332.2,309.1,312.2,296.4,294.6,289.517,0.0672699966842854,0.06875869946545926,0.0620431219079967,0.0674085785269901,0.0677733902812474,0.0672142749908851,0.0630755501547458,0.066201195091131,0.0658997361477572,0.0666861655454811,0.0592136999517607,0.065567700280577,0.0314354351887973,1.0618571848369085,0.0277896870249834,-0.0621382881510814,-0.4459726717008271,-0.075075075075075,-0.1238171246152092,0.0354942289334374,0.1142461358996793,0.0801811871286546,-0.0907218427324545,0.0802868486826071,-0.0035346353629459,-0.1032643504674398,0.9990172089244728,0.6961046684507877,Healthcare,35.0,3.0,82,8.522061322813098,5127.1,4870.3,10.813939270499485,10.048180794304319,10.518343407523831,10.090058401619459
DHR,2015Q4,2015,Q4,0,0,0,1,5884.8,3013.3,2871.5,2034.5,1707.4,1293.8,978.8,919.7,688.6,327.1,1015.7,48222.2,23690.3,49707.9,23112.7,0.0555838771071234,0.290137302882001,0.5120479880369766,0.166326808047852,0.1170133224578575,307.9,344.9,339.1,336.1,328.3,336.4,313.4,332.2,309.1,312.2,296.4,294.6,0.0612931480670462,0.0672699966842854,0.06875869946545926,0.0620431219079967,0.0674085785269901,0.0677733902812474,0.0672142749908851,0.0630755501547458,0.066201195091131,0.0658997361477572,0.0666861655454811,0.0592136999517607,0.0863176548770583,0.0406528638355749,0.0747583550308521,-0.0267777447188336,0.0529828273785299,0.1031218302716105,-0.0463500622148485,0.0987181939927299,0.0804277668797064,0.061625965351701,-0.1041089584507317,-0.0054218837104498,-0.0106408100745766,0.015468933344781,-0.0420363149180811,0.0179394668270194,Healthcare,35.0,4.0,83,8.680297949283059,5023.4,5417.2,10.783595512038453,10.072863171122112,10.813939270499485,10.048180794304319
DHR,2016Q1,2016,Q1,1,0,0,0,5387.2,2862.6,2524.6,1980.5,1660.7,880.8,882.1,1043.8,758.4,319.8,1078.2,48385.6,24504.7,48222.2,23690.3,0.0593629343629343,0.3082677457677458,0.5313706563706564,0.1637399762399762,0.1407781407781407,327.1,307.9,344.9,339.1,336.1,328.3,336.4,313.4,332.2,309.1,312.2,296.4,0.0555838771071234,0.0612931480670462,0.0672699966842854,0.06875869946545926,0.0620431219079967,0.0674085785269901,0.0677733902812474,0.0672142749908851,0.0630755501547458,0.066201195091131,0.0658997361477572,0.0666861655454811,0.1054521576754969,0.330993330993331,0.1009999999999999,-0.0569153641993512,-0.1108419139915203,0.1393696719194006,0.398633257403189,0.110544142875995,0.117037734579942,0.084729981378026,-0.1468788321118016,0.0104803964821116,-0.0040274539649538,0.030682028171372,0.2040261731381423,0.1862691165144681,Healthcare,35.0,1.0,84,8.591966656366212,5884.8,4873.3,10.786978194867922,10.106661022534515,10.783595512038453,10.072863171122112
DHR,2016Q2,2016,Q2,0,1,0,0,5785.0,3149.4,2635.6,2114.9,1778.3,1355.3,1034.5,968.1,656.7,336.6,993.3,51503.7,25045.1,48385.6,24504.7,0.0581849611063094,0.3073984442523768,0.5444079515989628,0.1788245462402765,0.1135177182368193,319.8,327.1,307.9,344.9,339.1,336.1,328.3,336.4,313.4,332.2,309.1,312.2,0.0593629343629343,0.0555838771071234,0.0612931480670462,0.0672699966842854,0.0687673637725759,0.0620431219079967,0.0674085785269901,0.0677733902812474,0.0672142749908851,0.0630755501547458,0.066201195091131,0.0658997361477572,0.128318152561877,-0.0560586459680897,0.1410042750525324,-0.0240649463612639,1.644487804878049,0.1110514445279775,0.0713811420982735,0.1135240187587138,0.1981538876162241,0.1562517084905146,-0.1350533079496693,0.0618936555224103,0.0112433912915885,-0.0153030490510985,-0.1634085192295578,-0.0454545454545453,Healthcare,35.0,2.0,85,8.66319648553608,5387.2,5127.1,10.849428344623615,10.128473405769524,10.786978194867922,10.106661022534515
DHR,2016Q3,2016,Q3,0,0,1,0,4132.1,2286.0,1846.1,1586.9,1345.8,712.0,699.1,476.7,391.6,241.1,632.7,41297.5,23191.6,51503.7,25045.1,0.0583480554681638,0.3256939570678347,0.5532295927010479,0.1691875801650492,0.0947702136927954,336.6,319.8,327.1,307.9,344.9,339.1,336.1,328.3,336.4,313.4,332.2,309.1,0.0581849611063094,0.0593629343629343,0.0555838771071234,0.0612931480670462,0.0672699966842854,0.06877602807969256,0.0620431219079967,0.0674085785269901,0.0677733902812474,0.0672142749908851,0.0630755501547458,0.066201195091131,-0.1774296293347134,-0.7209434903441887,-0.1331058020477815,-0.2169535563494641,0.1552815187408729,-0.1269980019980019,-0.3797007156798959,-0.2264079785450888,-0.1194137276712687,-0.1357695240169916,-0.0480492957493522,0.0705300163152264,0.0538845415147681,0.0613098029484369,-0.660750593982478,-0.6302594670406731,Healthcare,35.0,3.0,86,8.326783009718664,5785.0,5023.4,10.62858145867696,10.051588541256839,10.849428344623615,10.128473405769524
DHR,2016Q4,2016,Q4,0,0,0,1,4584.3,2500.0,2084.3,1771.4,1503.4,1034.3,728.6,696.4,747.0,268.0,1015.0,45295.3,23002.8,41297.5,23191.6,0.0584603974434482,0.3279453787928364,0.5453395283903758,0.1589337521540911,0.1629474510830443,241.1,336.6,319.8,327.1,307.9,344.9,339.1,336.1,328.3,336.4,313.4,332.2,0.0583480554681638,0.0581849611063094,0.0593629343629343,0.0555838771071234,0.0612931480670462,0.0672699966842854,0.06878469238680922,0.0620431219079967,0.0674085785269901,0.0677733902812474,0.0672142749908851,0.0630755501547458,-0.2209930668841762,0.0848097589311647,-0.1703448046991671,-0.1806786915316417,-0.2005719585716494,-0.2556191254597465,-0.2427965640969882,-0.2741424342678042,-0.1194799109757526,-0.1293192430572621,0.0517509840269168,0.130310978751367,0.0650164459800497,-0.044448973563143,0.3925546908706057,-0.0006891798759476,Healthcare,35.0,4.0,87,8.43061081330252,4132.1,5884.8,10.720980630431125,10.0434146986557,10.62858145867696,10.051588541256839
DHR,2017Q1,2017,Q1,1,0,0,0,4205.7,2334.3,1871.4,1710.4,1443.0,931.1,623.9,585.2,506.1,267.399999,773.499999,45245.1,23785.8,45295.3,23002.8,0.063580378771667,0.3431057850060632,0.5550324559526357,0.1483462919371329,0.1203366859262429,268.0,241.1,336.6,319.8,327.1,307.9,344.9,339.1,336.1,328.3,336.4,313.4,0.0584603974434482,0.0583480554681638,0.0581849611063094,0.0593629343629343,0.0555838771071234,0.0612931480670462,0.0672699966842854,0.06879335669392586,0.0620431219079967,0.0674085785269901,0.0677733902812474,0.0672142749908851,-0.2193161568161568,-0.3326740506329113,-0.1845525047159923,-0.1638524108818012,0.0571071752951863,-0.2927105770320826,-0.4393561985054607,-0.2587340568802978,-0.1310892996929006,-0.1363797020954303,0.0710450797958865,0.1130122749350657,0.0445297445357504,-0.0940129872761336,-0.1452033301399575,-0.282600631608236,Healthcare,35.0,1.0,88,8.344433771325969,4584.3,5387.2,10.719871757568383,10.076886083951237,10.720980630431125,10.0434146986557
DHR,2017Q2,2017,Q2,0,1,0,0,4510.1,2503.0,2007.1,1743.4,1460.1,988.7,759.6,644.8,557.3,283.3,840.5999999999999,45646.8,24590.0,45245.1,23785.8,0.0628145717389858,0.3237400501097536,0.554976608057471,0.1684219862087315,0.1235671049422407,267.399999,268.0,241.1,336.6,319.8,327.1,307.9,344.9,339.1,336.1,328.3,336.4,0.063580378771667,0.0584603974434482,0.0583480554681638,0.0581849611063094,0.0593629343629343,0.0555838771071234,0.0612931480670462,0.0672699966842854,0.06880202100104252,0.0620431219079967,0.0674085785269901,0.0677733902812474,-0.2203802938634398,-0.1513628749809655,-0.2052454435765542,-0.1583481877599525,-0.2704936176492288,-0.2657322377960367,-0.33395310401818,-0.2384656245257247,-0.1789349378620031,-0.175658423566126,0.0795671346109121,0.0531609907692316,0.0194131192012667,-0.0581718799250732,0.088527032268711,-0.1537299909392934,Healthcare,35.0,2.0,89,8.414296305196384,4205.7,5785.0,10.728710692090722,10.11013580132114,10.719871757568383,10.076886083951237
DHR,2017Q3,2017,Q3,0,0,1,0,4528.2,2536.8,1991.4,1777.6,1498.4,1081.1,759.2,729.8,572.1,279.2,851.3,45851.3,25375.4,45646.8,24590.0,0.061658053972881,0.3309041120091869,0.5602226050086128,0.1676604390265448,0.1263415926858354,283.3,267.399999,268.0,241.1,336.6,319.8,327.1,307.9,344.9,339.1,336.1,328.3,0.0628145717389858,0.063580378771667,0.0584603974434482,0.0583480554681638,0.0581849611063094,0.0593629343629343,0.0555838771071234,0.0612931480670462,0.0672699966842854,0.0687611663915011,0.0620431219079967,0.0674085785269901,0.0958592483240965,0.4609295199182839,0.1097112860892388,0.1580257154707589,0.5183988764044942,0.0859676727220712,0.5309418921753724,0.0787064622718163,0.1133898053202557,0.1201714033650511,0.0567285143979339,0.0159970881506623,0.0126403439003013,-0.0090263194084024,0.333136095855824,0.3455033981349769,Healthcare,35.0,3.0,90,8.418300602439885,4510.1,4132.1,10.733180640003342,10.14157488723594,10.728710692090722,10.11013580132114
DHR,2017Q4,2017,Q4,0,0,0,1,5085.7,2839.1,2246.6,1835.7,1536.8,1338.9,1003.4,979.0,856.6,298.9,1155.5,46648.6,26358.2,45851.3,25375.4,0.0587726370017893,0.3021806241028767,0.5582515681223824,0.1972983070177163,0.1684330573962286,279.2,283.3,267.399999,268.0,241.1,336.6,319.8,327.1,307.9,344.9,339.1,336.1,0.061658053972881,0.0628145717389858,0.063580378771667,0.0584603974434482,0.0583480554681638,0.0581849611063094,0.0593629343629343,0.0555838771071234,0.0612931480670462,0.0672699966842854,0.06877292563090887,0.0620431219079967,0.1093732958139737,0.1467202141900938,0.1356399999999999,0.1152985074626864,0.2944986947694095,0.3771616799341202,0.4058012636415853,0.0778678693086407,0.0222163096980176,0.0362989725640736,0.0053410440571,-0.0785641645105642,0.0236770654973752,0.2413870832573661,0.0336648795468956,0.138423645320197,Healthcare,35.0,4.0,91,8.534384569228814,4528.2,4584.3,10.750419631747839,10.179572639142245,10.733180640003342,10.14157488723594
DHR,2018Q1,2018,Q1,1,0,0,0,4695.4,2643.6,2051.8,1900.6,1601.9,1073.0,743.0,713.1,566.6,298.7,865.3,47145.2,27189.9,46648.6,26358.2,0.0636154534224986,0.3411636921242067,0.5630191251011628,0.1582399795544575,0.1206712953103037,298.9,279.2,283.3,267.399999,268.0,241.1,336.6,319.8,327.1,307.9,344.9,339.1,0.0587726370017893,0.061658053972881,0.0628145717389858,0.063580378771667,0.0584603974434482,0.0583480554681638,0.0581849611063094,0.0593629343629343,0.0555838771071234,0.0612931480670462,0.0672699966842854,0.06878468487031665,0.1164372161590221,0.1195415925706382,0.132502249068243,0.11705310814156,0.1524003866394587,0.1908959769193781,0.2185577580314421,0.0963984182964625,0.1101178101178101,0.1112020579981289,0.0005516584126932,-0.0056603326633567,0.0143895533727285,0.0666931912360668,0.0027806099319191,0.1186813201275776,Healthcare,35.0,1.0,92,8.454551536756057,5085.7,4205.7,10.761008690964328,10.21063763748327,10.750419631747839,10.179572639142245
DHR,2018Q2,2018,Q2,0,1,0,0,4981.0,2817.1,2163.9,1934.6,1622.9,1212.9,882.5,835.1,673.8,311.7,985.5,48055.8,27212.3,47145.2,27189.9,0.0625777956233687,0.3258181088134912,0.5655691628187111,0.177173258381851,0.1352740413571571,298.7,298.9,279.2,283.3,267.399999,268.0,241.1,336.6,319.8,327.1,307.9,344.9,0.0636154534224986,0.0587726370017893,0.061658053972881,0.0628145717389858,0.063580378771667,0.0584603974434482,0.0583480554681638,0.0581849611063094,0.0593629343629343,0.0555838771071234,0.0612931480670462,0.0672699966842854,0.1044101017715792,0.2090436030863089,0.1254894127047543,0.1002470878926931,0.2267624152928087,0.1617956819378621,0.2951302729528537,0.0781226645408799,0.1114992123827136,0.1096707582884017,-0.0037694456725887,0.0064189114168393,0.0190864887050214,0.0519603905055112,0.0947415286648387,0.1723768736616704,Healthcare,35.0,2.0,93,8.513586695822125,4695.4,4510.1,10.780138923636315,10.211461103365162,10.761008690964328,10.21063763748327
DHR,2018Q3,2018,Q3,0,0,1,0,4853.1,2690.5,2162.6,1859.8,1558.6,1164.1,830.7,801.3,663.7,301.2,964.9,47719.5,27673.4,48055.8,27212.3,0.0620634233788712,0.3211555500607858,0.5543879170015041,0.171168943561847,0.1367579485277451,311.7,298.7,298.9,279.2,283.3,267.399999,268.0,241.1,336.6,319.8,327.1,307.9,0.0625777956233687,0.0636154534224986,0.0587726370017893,0.061658053972881,0.0628145717389858,0.063580378771667,0.0584603974434482,0.0583480554681638,0.0581849611063094,0.0593629343629343,0.0555838771071234,0.0612931480670462,0.0717503643831987,0.1601118685544484,0.0605881425417849,0.0787965616045844,0.0767736564610119,0.0941780821917808,0.0979720471362017,0.0859696695791905,0.0401761879337958,0.0462421242124213,0.0065744761611916,-0.0294603832185996,-0.010414945692916,0.0209262516290249,0.0824459753947481,0.1334429695759429,Healthcare,35.0,3.0,94,8.487578987640056,4981.0,4528.2,10.773116353944053,10.228263077125016,10.780138923636315,10.211461103365162
DHR,2018Q4,2018,Q4,0,0,0,1,4604.5,2533.7,2070.8,1670.3,1394.3,1077.9,863.4,847.5,746.8,276.0,1022.8,47832.5,28214.4,47719.5,27673.4,0.0599413617113693,0.3028124660658052,0.5502660440873058,0.1875122163101314,0.1621891627755456,301.2,311.7,298.7,298.9,279.2,283.3,267.399999,268.0,241.1,336.6,319.8,327.1,0.0620634233788712,0.0625777956233687,0.0636154534224986,0.0587726370017893,0.061658053972881,0.0628145717389858,0.063580378771667,0.0584603974434482,0.0583480554681638,0.0581849611063094,0.0593629343629343,0.0555838771071234,-0.0946182433096721,-0.1281811814148962,-0.107569300130323,-0.0766142522582803,-0.1949361416087833,-0.1395256129160853,-0.1343207354443309,-0.0782515801655834,-0.092725143154607,-0.0901018684970311,0.0198855244413211,0.0020909413527234,-0.0143045259361026,-0.0496004798799727,-0.0370704819897356,-0.1148420597144094,Healthcare,35.0,4.0,95,8.43500652042829,4853.1,5085.7,10.775481509828191,10.247623207159032,10.773116353944053,10.228263077125016
DHR,2019Q1,2019,Q1,1,0,0,0,4220.2,2354.9,1865.3,1635.2,1367.7,1036.6,719.7,720.0,333.8,267.5,601.3,51774.4,31556.6,47832.5,28214.4,0.0633856215345244,0.3240841666271741,0.5580067295388844,0.1705369413771859,0.0790957774513056,276.0,301.2,311.7,298.7,298.9,279.2,283.3,267.399999,268.0,241.1,336.6,319.8,0.0599413617113693,0.0620634233788712,0.0625777956233687,0.0636154534224986,0.0587726370017893,0.061658053972881,0.0628145717389858,0.063580378771667,0.0584603974434482,0.0583480554681638,0.0581849611063094,0.0593629343629343,-0.1012054351067001,-0.4108718672785033,-0.1092071417763654,-0.1044526280549045,-0.033923578751165,-0.0313593539703902,0.0096760622633571,-0.0908957988108003,-0.1462013858542981,-0.1396401136483215,-0.0036128310907065,-0.050062553229769,-0.0089027092310191,0.0777108405685582,-0.3445352745413688,-0.3050964983242806,Healthcare,35.0,1.0,96,8.347874726796935,4604.5,4695.4,10.8546704119703,10.359569726440819,10.775481509828191,10.247623207159032
DHR,2019Q2,2019,Q2,0,1,0,0,4444.5,2483.8,1960.7,1672.1,1390.0,1141.2,811.7,823.2,731.3,282.1,1013.4,53322.0,32201.2,51774.4,31556.6,0.0634717066036674,0.3127460906738665,0.55884801439982,0.1826302171222859,0.1645404432444594,267.5,276.0,301.2,311.7,298.7,298.9,279.2,283.3,267.399999,268.0,241.1,336.6,0.0633856215345244,0.0599413617113693,0.0620634233788712,0.0625777956233687,0.0636154534224986,0.0587726370017893,0.061658053972881,0.0628145717389858,0.063580378771667,0.0584603974434482,0.0583480554681638,0.0581849611063094,-0.1077092953222245,0.0853368952211339,-0.1183131589222958,-0.0949631055502084,-0.0591145189215929,-0.080226628895184,-0.0142497904442581,-0.0939045242386432,-0.1435085341056134,-0.1356869637134291,0.0142847949723057,-0.0401206003780089,-0.0118838664848589,0.0308001263298656,0.2163489875343611,0.0283105022831049,Healthcare,35.0,2.0,97,8.399647627561194,4220.2,4981.0,10.884123036775899,10.379790052179958,10.8546704119703,10.359569726440819
DHR,2019Q3,2019,Q3,0,0,1,0,4378.0,2441.4,1936.6,1665.1,1382.5,1106.0,776.3,786.6,668.0,282.6,950.6,61531.1,32502.3,53322.0,32201.2,0.0645500228414801,0.3157834627683873,0.5576518958428507,0.1773184102329831,0.1525810872544541,282.1,267.5,276.0,301.2,311.7,298.7,298.9,279.2,283.3,267.399999,268.0,241.1,0.0634717066036674,0.0633856215345244,0.0599413617113693,0.0620634233788712,0.0625777956233687,0.0636154534224986,0.0587726370017893,0.061658053972881,0.0628145717389858,0.063580378771667,0.0584603974434482,0.0583480554681638,-0.0978961900640827,0.0064788307970466,-0.0925850213714922,-0.0617529880478086,-0.0499098015634394,-0.0654869387263754,-0.0183451890677648,-0.1045038379728104,-0.1129860130886692,-0.1046886762017421,0.0400654576759205,-0.0167273686890407,0.0058875360397467,0.0359262991473339,0.1157017847741317,-0.0148201886205825,Healthcare,35.0,3.0,98,8.384575666801398,4444.5,4853.1,11.027314268844965,10.389096901624686,10.884123036775899,10.379790052179958
DHR,2019Q4,2019,Q4,0,0,0,1,4868.4,2703.6,2164.8,1741.9,1448.1,1222.5,961.7,975.5,824.1,293.8,1117.9,62081.6,30270.6,61531.1,32502.3,0.0603483690740284,0.2974488538328814,0.5553364555089968,0.1975392326020869,0.1692753265960069,282.6,282.1,267.5,276.0,301.2,311.7,298.7,298.9,279.2,283.3,267.399999,268.0,0.0645500228414801,0.0634717066036674,0.0633856215345244,0.0599413617113693,0.0620634233788712,0.0625777956233687,0.0636154534224986,0.0587726370017893,0.061658053972881,0.0628145717389858,0.063580378771667,0.0584603974434482,0.0573134976653273,0.1035083020889127,0.0670560839878438,0.0644927536231885,0.134149735596994,0.1138522121843874,0.1510324483775811,0.0453930847981456,0.0385856702287885,0.0428665509189967,0.0067900920339274,-0.0177126533217366,0.009214472664947,0.0534739362014238,0.0436907355534466,0.0929800547516621,Healthcare,35.0,4.0,99,8.490726005201067,4378.0,4604.5,11.036221035423397,10.31796525823365,11.027314268844965,10.389096901624686
DHR,2020Q1,2020,Q1,1,0,0,0,4343.1,2442.8,1900.3,1737.3,1450.3,1056.3,705.5,711.1,595.1,287.0,882.1,68930.3,31055.1,62081.6,30270.6,0.0660818309502429,0.3339319840666804,0.5624553890078515,0.1624415739909281,0.13702194285188,293.8,282.6,282.1,267.5,276.0,301.2,311.7,298.7,298.9,279.2,283.3,267.399999,0.0603483690740284,0.0645500228414801,0.0634717066036674,0.0633856215345244,0.0599413617113693,0.0620634233788712,0.0625777956233687,0.0636154534224986,0.0587726370017893,0.061658053972881,0.0628145717389858,0.063580378771667,0.029121842566703,0.7828040742959856,0.0373264257505627,0.0728971962616822,0.0190044375844107,-0.019730443240239,-0.012361111111111,0.018763737736557,0.060393361117204,0.0624388454011741,0.042536609256879,0.0303866046342069,0.0079724118607733,-0.0474698755641034,0.7323547130722103,0.4669881922501249,Healthcare,35.0,1.0,100,8.376573881606637,4868.4,4220.2,11.140865635414608,10.343550525393303,11.036221035423397,10.31796525823365
DHR,2020Q2,2020,Q2,0,1,0,0,5297.4,2852.6,2444.8,2008.0,1685.4,1775.6,844.6,1220.9,927.3,322.6,1249.9,71268.4,36261.7,68930.3,31055.1,0.060897798920225,0.3181560765658625,0.538490580284668,0.1594367047985804,0.1750481368218371,287.0,293.8,282.6,282.1,267.5,276.0,301.2,311.7,298.7,298.9,279.2,283.3,0.0660818309502429,0.0603483690740284,0.0645500228414801,0.0634717066036674,0.0633856215345244,0.0599413617113693,0.0620634233788712,0.0625777956233687,0.0636154534224986,0.0587726370017893,0.061658053972881,0.0628145717389858,0.1919001012487342,0.2680158621632709,0.148482164425477,0.1435661113080468,0.5559060637924991,0.0405322163360848,0.4831146744412051,0.246901616769521,0.2125179856115109,0.2008851145266432,-0.040552047852038,0.0172983325877527,-0.0364274965475452,-0.1269971239653925,0.0638608561529539,0.2333728044207619,Healthcare,35.0,2.0,101,8.57516016717077,4343.1,4444.5,11.174222341770989,10.498544943753988,11.140865635414608,10.343550525393303
DHR,2020Q3,2020,Q3,0,0,1,0,5883.2,3225.5,2657.7,2123.9,1781.3,1588.7,1101.6,1021.5,883.5,342.6,1226.1,72890.7,37961.0,71268.4,36261.7,0.0582336143595322,0.3027774000543922,0.5482560511286375,0.187245036714713,0.1501733750339951,322.6,287.0,293.8,282.6,282.1,267.5,276.0,301.2,311.7,298.7,298.9,279.2,0.060897798920225,0.0660818309502429,0.0603483690740284,0.0645500228414801,0.0634717066036674,0.0633856215345244,0.0599413617113693,0.0620634233788712,0.0625777956233687,0.0636154534224986,0.0587726370017893,0.061658053972881,0.3438099588853358,0.3226047904191615,0.3211681821905463,0.2123142250530785,0.4364376130198915,0.4190390313023315,0.2986270022883295,0.3723536094185686,0.2884629294755876,0.2755390066662664,-0.0978529240409338,-0.0411866492310096,-0.0168489424751475,0.0559819280394355,-0.0157798863789961,0.2898169577109193,Healthcare,35.0,3.0,102,8.68002607162633,5297.4,4378.0,11.196730056919487,10.544340938374939,11.174222341770989,10.498544943753988
DHR,2020Q4,2020,Q4,0,0,0,1,6760.0,3954.0,2806.0,2353.0,1957.0,2122.6,1601.0,1542.0,1241.0,396.0,1637.0,76161.0,39766.0,72890.7,37961.0,0.0585798816568047,0.2894970414201183,0.5849112426035503,0.2368343195266272,0.1835798816568047,342.6,322.6,287.0,293.8,282.6,282.1,267.5,276.0,301.2,311.7,298.7,298.9,0.0582336143595322,0.060897798920225,0.0660818309502429,0.0603483690740284,0.0645500228414801,0.0634717066036674,0.0633856215345244,0.0599413617113693,0.0620634233788712,0.0625777956233687,0.0636154534224986,0.0587726370017893,0.3885465450661409,0.5058852081058123,0.4624944518419884,0.34785568413887,0.736278118609407,0.6647603202661951,0.5807278318810867,0.2961936437546193,0.3514260064912644,0.3508238130776737,-0.0293046430973854,-0.0267333772186284,0.053255619725967,0.1989229501751397,0.0845046667370319,0.4643528043653278,Healthcare,35.0,4.0,103,8.818926087090677,5883.2,4868.4,11.240617929624648,10.59079270161244,11.196730056919487,10.544340938374939
DHR,2021Q1,2021,Q1,1,0,0,0,6858.0,4253.0,2605.0,2246.0,1866.0,2643.0,2007.0,2083.0,1702.0,380.0,2082.0,75426.0,40419.0,76161.0,39766.0,0.0554097404491105,0.2720909886264216,0.6201516477107029,0.2926509186351706,0.2481773111694371,396.0,342.6,322.6,287.0,293.8,282.6,282.1,267.5,276.0,301.2,311.7,298.7,0.0585798816568047,0.0582336143595322,0.060897798920225,0.0660818309502429,0.0603483690740284,0.0645500228414801,0.0634717066036674,0.0633856215345244,0.0599413617113693,0.0620634233788712,0.0625777956233687,0.0636154534224986,0.579056434344132,1.860023525457906,0.7410348780088423,0.3240418118466899,1.5021300766827608,1.8447909284195605,1.9292645197581213,0.370836183760459,0.286630352340895,0.2928106832441144,-0.1614981054197493,-0.1851903932266344,0.1025792619831151,0.8015764772847762,0.8112231223995672,1.3602766126289536,Healthcare,35.0,1.0,104,8.83331693749932,6760.0,4343.1,11.230920580082735,10.607079990957612,11.240617929624648,10.59079270161244
DHR,2021Q2,2021,Q2,0,1,0,0,7218.0,4397.0,2821.0,2392.0,1966.0,2631.0,2005.0,2043.0,1785.0,426.0,2211.0,78027.0,42756.0,75426.0,40419.0,0.0590191188694929,0.2723746190080354,0.6091715156553061,0.2777777777777778,0.2472984206151288,380.0,396.0,342.6,322.6,287.0,293.8,282.6,282.1,267.5,276.0,301.2,311.7,0.0554097404491105,0.0585798816568047,0.0582336143595322,0.060897798920225,0.0660818309502429,0.0603483690740284,0.0645500228414801,0.0634717066036674,0.0633856215345244,0.0599413617113693,0.0620634233788712,0.0625777956233687,0.362555215766225,0.9249433840181172,0.5414008273154316,0.3205207687538747,0.4817526469925659,1.373904807009235,0.6733557211892864,0.153877617801047,0.1664886673786638,0.1912350597609562,-0.030849720089114,-0.143896222420098,0.1312575149100534,0.7422448496329621,0.4127452317120497,0.7689415153212256,Healthcare,35.0,2.0,105,8.88447171813916,6858.0,5297.4,11.264823015614823,10.663288203650593,11.230920580082735,10.607079990957612
DHR,2021Q3,2021,Q3,0,0,1,0,7229.0,4359.0,2870.0,2475.0,2034.0,2004.0,1884.0,1387.0,1158.0,441.0,1599.0,82498.0,43451.0,78027.0,42756.0,0.0610042882833033,0.2813667173882971,0.6029879651404066,0.2606169594688062,0.16018813113847,426.0,380.0,396.0,342.6,322.6,287.0,293.8,282.6,282.1,267.5,276.0,301.2,0.0590191188694929,0.0554097404491105,0.0585798816568047,0.0582336143595322,0.060897798920225,0.0660818309502429,0.0603483690740284,0.0645500228414801,0.0634717066036674,0.0633856215345244,0.0599413617113693,0.0620634233788712,0.2287530595594233,0.3106960950764006,0.3514183847465508,0.2872154115586689,0.2614086989362372,0.7102396514161222,0.3578071463534018,0.0798811001994206,0.1418626845562229,0.1653091011817882,0.0475786013669885,-0.0707142695004604,0.0998291106848674,0.3918497603003636,0.066687960513692,0.3041350623929533,Healthcare,35.0,3.0,106,8.88599431515281,7218.0,5883.2,11.320541451037188,10.67941215955364,11.264823015614823,10.663288203650593
DHR,2021Q4,2021,Q4,0,0,0,1,8148.0,4943.0,3205.0,2789.0,2294.0,2729.0,2154.0,2085.0,1788.0,495.0,2283.0,83184.0,45167.0,82498.0,43451.0,0.0607511045655375,0.2815414825724104,0.6066519391261659,0.2643593519882179,0.219440353460972,441.0,426.0,380.0,396.0,342.6,322.6,287.0,293.8,282.6,282.1,267.5,276.0,0.0610042882833033,0.0590191188694929,0.0554097404491105,0.0585798816568047,0.0582336143595322,0.060897798920225,0.0660818309502429,0.0603483690740284,0.0645500228414801,0.0634717066036674,0.0633856215345244,0.0599413617113693,0.2053254437869822,0.4407735697018533,0.250126454223571,0.25,0.2856873645529068,0.3454091193004371,0.3521400778210117,0.1421952957947256,0.1722023505365355,0.1852953676158095,0.0370643102601864,-0.0274806222843666,0.0371692231899041,0.1162206242600583,0.1953398786431674,0.394624312767257,Healthcare,35.0,4.0,107,9.00565049932022,7229.0,6760.0,11.328822322093844,10.71814415049327,11.320541451037188,10.67941215955364
DHR,2022Q1,2022,Q1,1,0,0,0,7688.0,4705.0,2983.0,2533.0,2092.0,2718.0,2172.0,2099.0,1725.0,441.0,2166.0,83392.0,46356.0,83184.0,45167.0,0.0573621227887617,0.2721123829344433,0.6119927159209158,0.2825182101977107,0.2243756503642039,495.0,441.0,426.0,380.0,396.0,342.6,322.6,287.0,293.8,282.6,282.1,267.5,0.0607511045655375,0.0610042882833033,0.0590191188694929,0.0554097404491105,0.0585798816568047,0.0582336143595322,0.060897798920225,0.0660818309502429,0.0603483690740284,0.0645500228414801,0.0634717066036674,0.0633856215345244,0.1210265383493729,0.0135135135135135,0.1062779214671996,0.1605263157894736,0.0283768444948921,0.0822122571001495,0.0076812289966394,0.1451055662188098,0.1211146838156485,0.1277827248441674,0.0352353633824416,7.862924137858052e-05,-0.0131563494508253,-0.0346238736741902,-0.0959058694490535,0.0403458213256484,Healthcare,35.0,1.0,108,8.94754601503218,8148.0,6858.0,11.331319651970562,10.744127584402122,11.328822322093844,10.71814415049327
DHR,2022Q2,2022,Q2,0,1,0,0,7751.0,4721.0,3030.0,2516.0,2085.0,2672.0,2205.0,2069.0,1680.0,431.0,2111.0,81806.0,46594.0,83392.0,46356.0,0.0556057282931234,0.2689975487033931,0.6090826990065797,0.2844794220100632,0.2167462262933815,441.0,495.0,441.0,426.0,380.0,396.0,342.6,322.6,287.0,293.8,282.6,282.1,0.0573621227887617,0.0607511045655375,0.0610042882833033,0.0590191188694929,0.0554097404491105,0.0585798816568047,0.0582336143595322,0.060897798920225,0.0660818309502429,0.0603483690740284,0.0645500228414801,0.0634717066036674,0.0738431698531449,-0.0588235294117647,0.0736866045030701,0.0117370892018779,0.0155834283542379,0.0997506234413965,0.0127263827704355,0.0740872031194612,0.060528992878942,0.0518394648829432,-0.0578353361038375,-0.0123986233259961,-0.0001457990835813,0.0241259192362275,-0.1235438311565111,-0.0452284034373586,Healthcare,35.0,2.0,109,8.955706153570603,7688.0,7218.0,11.31211809350167,10.749248518219757,11.331319651970562,10.744127584402122
DHR,2022Q3,2022,Q3,0,0,1,0,7663.0,4584.0,3079.0,2569.0,2149.0,2513.0,2015.0,1931.0,1572.0,420.0,1992.0,81030.0,46985.0,81806.0,46594.0,0.0548088216103353,0.2804384705728827,0.5981991387185176,0.2629518465352995,0.2051415894558267,431.0,441.0,495.0,441.0,426.0,380.0,396.0,342.6,322.6,287.0,293.8,282.6,0.0556057282931234,0.0573621227887617,0.0607511045655375,0.0610042882833033,0.0590191188694929,0.0554097404491105,0.0585798816568047,0.0582336143595322,0.060897798920225,0.0660818309502429,0.0603483690740284,0.0645500228414801,0.0600359662470604,0.3575129533678756,0.0516173434273916,-0.0476190476190476,0.253992015968064,0.0695329087048832,0.3922134102379235,0.0728222996515679,0.0565388397246804,0.037979797979798,-0.1015578879339808,-0.0032990640258757,-0.0079418275301298,0.0089590756919746,0.2806291452298541,0.2457786116322702,Healthcare,35.0,3.0,110,8.944289319650697,7751.0,7229.0,11.302587076486851,10.757604963978993,11.31211809350167,10.749248518219757
DHR,2022Q4,2022,Q4,0,0,0,1,7134.0,4226.0,2908.0,2229.0,1829.0,2435.0,1997.0,1895.0,2232.0,400.0,2632.0,84350.0,50082.0,81030.0,46985.0,0.0560695262125035,0.2563779086066722,0.5923745444350995,0.2799271096159237,0.3128679562657696,420.0,431.0,441.0,495.0,441.0,426.0,380.0,396.0,342.6,322.6,287.0,293.8,0.0548088216103353,0.0556057282931234,0.0573621227887617,0.0607511045655375,0.0610042882833033,0.0590191188694929,0.0554097404491105,0.0585798816568047,0.0582336143595322,0.060897798920225,0.0660818309502429,0.0603483690740284,-0.1244477172312223,0.2483221476510066,-0.1450536111673073,-0.1919191919191919,-0.1077317698790766,-0.0728876508820798,-0.0911270983213429,-0.0926677067082683,-0.2027027027027027,-0.2007888131946934,-0.0770616170111544,-0.0893778555679313,-0.0235347384063946,0.0588886207755556,0.4257539751977015,0.1528690319754708,Healthcare,35.0,4.0,111,8.872767529910936,7663.0,8148.0,11.342741943268393,10.821436908133153,11.302587076486851,10.757604963978993
DHR,2023Q1,2023,Q1,1,0,0,0,5949.0,3662.0,2287.0,2145.0,1772.0,2124.0,1517.0,1523.0,1450.0,373.0,1823.0,85040.0,51478.0,84350.0,50082.0,0.0626996133804,0.2978651874264582,0.6155656412842494,0.2550008404773911,0.2437384434358716,400.0,420.0,431.0,441.0,495.0,441.0,426.0,380.0,396.0,342.6,322.6,287.0,0.0560695262125035,0.0548088216103353,0.0556057282931234,0.0573621227887617,0.0607511045655375,0.0610042882833033,0.0590191188694929,0.0554097404491105,0.0585798816568047,0.0582336143595322,0.060897798920225,0.0660818309502429,-0.2261966701352757,-0.1594202898550725,-0.2216790648246546,-0.1541950113378685,-0.2185430463576159,-0.3015653775322283,-0.2744163887565507,-0.2333221589004358,-0.152963671128107,-0.1531780497433873,0.0930490423322354,0.0946403254945558,0.0058381828253579,-0.0974003399676873,0.0862963206579598,-0.1583564173591874,Healthcare,35.0,1.0,112,8.691146498539675,7134.0,7688.0,11.350888772118845,10.84892923650197,11.342741943268393,10.821436908133153
DHR,2023Q2,2023,Q2,0,1,0,0,7157.0,4041.0,3116.0,2612.0,2194.0,2021.0,1429.0,1392.0,1106.0,418.0,1524.0,84902.0,51716.0,85040.0,51478.0,0.0584043593684504,0.3065530250104792,0.5646220483442783,0.1996646639653486,0.1545340226351823,373.0,400.0,420.0,431.0,441.0,495.0,441.0,426.0,380.0,396.0,342.6,322.6,0.0626996133804,0.0560695262125035,0.0548088216103353,0.0556057282931234,0.0573621227887617,0.0607511045655375,0.0610042882833033,0.0590191188694929,0.0554097404491105,0.0585798816568047,0.0582336143595322,0.060897798920225,-0.076635272868017,-0.3416666666666667,-0.1440372802372378,-0.0301624129930394,-0.2436377245508981,-0.3519274376417234,-0.3272112131464475,0.0283828382838284,0.0522781774580336,0.0381558028616852,0.0503299059509503,0.1396127083243286,-0.0729960820342084,-0.2981402220428948,-0.2870278515206558,-0.2780672666982473,Healthcare,35.0,2.0,113,8.875985891325971,5949.0,7751.0,11.349264707364194,10.853541826563088,11.350888772118845,10.84892923650197
DHR,2023Q3,2023,Q3,0,0,1,0,5624.0,3275.0,2349.0,2090.0,1728.0,1706.0,1185.0,1147.0,1129.0,362.0,1491.0,87734.0,52407.0,84902.0,51716.0,0.0643669985775249,0.3072546230440967,0.582325746799431,0.2107041251778094,0.2007467994310099,418.0,373.0,400.0,420.0,431.0,441.0,495.0,441.0,426.0,380.0,396.0,342.6,0.0584043593684504,0.0626996133804,0.0560695262125035,0.0548088216103353,0.0556057282931234,0.0573621227887617,0.0607511045655375,0.0610042882833033,0.0590191188694929,0.0554097404491105,0.0585798816568047,0.0582336143595322,-0.2660837791987472,-0.2818066157760814,-0.2855584642233857,-0.138095238095238,-0.3211301233585356,-0.4119106699751861,-0.4060072501294666,-0.237089964274115,-0.1959050721265705,-0.1864538731023745,0.1743912145227935,0.0956222319157344,-0.0265352971806195,-0.1986969174999735,-0.0214232035370042,-0.2515060240963855,Healthcare,35.0,3.0,114,8.63497622707262,7157.0,7663.0,11.382076186545236,10.866814530411713,11.349264707364194,10.853541826563088
DHR,2023Q4,2023,Q4,0,0,0,1,6405.0,3779.0,2626.0,2365.0,1958.0,1810.0,1414.0,1232.0,1079.0,407.0,1486.0,84488.0,53486.0,87734.0,52407.0,0.0635441061670569,0.3056986729117876,0.5900078064012491,0.2207650273224043,0.1684621389539422,362.0,418.0,373.0,400.0,420.0,431.0,441.0,495.0,441.0,426.0,380.0,396.0,0.0643669985775249,0.0584043593684504,0.0626996133804,0.0560695262125035,0.0548088216103353,0.0556057282931234,0.0573621227887617,0.0607511045655375,0.0610042882833033,0.0590191188694929,0.0554097404491105,0.0585798816568047,-0.1021867115222876,-0.5165770609318996,-0.1057737813535257,0.0175,-0.2566735112936344,-0.2919379068602904,-0.3498680738786279,-0.0969738651994498,0.0705303444505194,0.0610139075818751,0.1333091334894613,0.1923752501654965,-0.0039953405427092,-0.2113481697956771,-0.4615551526445234,-0.4354103343465045,Healthcare,35.0,4.0,115,8.764990330169104,5624.0,7134.0,11.344376627356644,10.88719391270288,11.382076186545236,10.866814530411713
DHR,2024Q1,2024,Q1,1,0,0,0,5796.0,3487.0,2309.0,2175.0,1807.0,1922.0,1312.0,1271.0,1088.0,368.0,1456.0,83402.0,53442.0,84488.0,53486.0,0.0634920634920634,0.3117667356797791,0.6016218081435473,0.2263630089717046,0.1877156659765355,407.0,362.0,418.0,373.0,400.0,420.0,431.0,441.0,495.0,441.0,426.0,380.0,0.0635441061670569,0.0643669985775249,0.0584043593684504,0.0626996133804,0.0560695262125035,0.0548088216103353,0.0556057282931234,0.0573621227887617,0.0607511045655375,0.0610042882833033,0.0590191188694929,0.0554097404491105,-0.0257186081694402,-0.2496551724137931,-0.0477880939377389,-0.0134048257372654,-0.0951035781544256,-0.1351351351351351,-0.165462902166776,0.009619588981198,0.0197516930022574,0.0139860139860139,0.0126388356951359,0.0466706041529378,-0.0226520653615611,-0.1123048514352862,-0.229847933176269,-0.2013165112452002,Healthcare,35.0,1.0,116,8.665095821339733,6405.0,5949.0,11.331439558922911,10.886370944359415,11.344376627356644,10.88719391270288
DHR,2024Q2,2024,Q2,0,1,0,0,5743.0,3428.0,2315.0,2260.0,1869.0,1728.0,1168.0,1083.0,907.0,391.0,1298.0,78555.0,49897.0,83402.0,53442.0,0.0680828835103604,0.3254396656799582,0.5969005746125718,0.2033780254222531,0.1579313947414243,368.0,407.0,362.0,418.0,373.0,400.0,420.0,431.0,441.0,495.0,441.0,426.0,0.0634920634920634,0.0635441061670569,0.0643669985775249,0.0584043593684504,0.0626996133804,0.0560695262125035,0.0548088216103353,0.0556057282931234,0.0573621227887617,0.0607511045655375,0.0610042882833033,0.0590191188694929,-0.1975688137487774,-0.1799276672694394,-0.151695124969067,-0.0645933014354066,-0.1449777337951509,-0.1826452064380685,-0.2219827586206896,-0.2570603337612324,-0.1481312670920692,-0.1347626339969372,0.1657157829752384,0.0616097024938289,0.0571683772586431,0.0185979901658963,0.021984622210103,-0.1482939632545932,Healthcare,35.0,2.0,117,8.65591111072806,5796.0,7157.0,11.271567025235113,10.817736200776059,11.331439558922911,10.886370944359415
DHR,2024Q3,2024,Q3,0,0,1,0,5798.0,3401.0,2397.0,2443.0,2060.0,1655.0,958.0,977.0,818.0,383.0,1201.0,80615.0,51299.0,78555.0,49897.0,0.0660572611245257,0.3552949292859607,0.5865815798551225,0.165229389444636,0.1410831321145222,391.0,368.0,407.0,362.0,418.0,373.0,400.0,420.0,431.0,441.0,495.0,441.0,0.0680828835103604,0.0634920634920634,0.0635441061670569,0.0643669985775249,0.0584043593684504,0.0626996133804,0.0560695262125035,0.0548088216103353,0.0556057282931234,0.0573621227887617,0.0607511045655375,0.0610042882833033,0.0309388335704126,-0.2754650132860938,0.038473282442748,0.0580110497237569,-0.0298944900351699,-0.1915611814345991,-0.1482127288578901,0.0204342273307791,0.1921296296296295,0.1688995215311004,0.0262597695147306,0.1563534041112517,0.0073083374367048,-0.2158227120365964,-0.2972085606624683,-0.1945003353454057,Healthcare,35.0,3.0,118,8.66544076787644,5743.0,5624.0,11.297452419960239,10.845446031158861,11.271567025235113,10.817736200776059
DHR,2024Q4,2024,Q4,0,0,0,1,6538.0,3890.0,2648.0,2144.0,1702.0,1971.0,1746.0,1315.0,1086.0,442.0,1528.0,77542.0,49543.0,80615.0,51299.0,0.0676047721015601,0.2603242581829305,0.5949831752829612,0.2670541449984704,0.1661058427653717,383.0,391.0,368.0,407.0,362.0,418.0,373.0,400.0,420.0,431.0,441.0,495.0,0.0660572611245257,0.0680828835103604,0.0634920634920634,0.0635441061670569,0.0643669985775249,0.0584043593684504,0.0626996133804,0.0560695262125035,0.0548088216103353,0.0556057282931234,0.0573621227887617,0.0607511045655375,0.0207650273224042,0.0064874884151993,0.0293728499603069,0.0859950859950859,0.0889502762430938,0.2347949080622347,0.0673701298701299,0.0083777608530084,-0.1307456588355464,-0.093446088794926,0.0639031088709891,-0.1484285629919968,0.0084327170382021,0.2096759538297052,-0.0139870964669086,0.0282637954239568,Healthcare,35.0,4.0,119,8.785539527561276,5798.0,6405.0,11.25858790018503,10.810616442617897,11.297452419960239,10.845446031158861
DHR,2025Q1,2025,Q1,1,0,0,0,5741.0,3526.0,2215.0,2237.0,1858.0,1792.0,1289.0,1129.0,954.0,379.0,1333.0,79116.0,50849.0,77542.0,49543.0,0.066016373454102,0.3236369970388434,0.6141787145096673,0.2245253440167218,0.1661731405678453,442.0,383.0,391.0,368.0,407.0,362.0,418.0,373.0,400.0,420.0,431.0,441.0,0.0676047721015601,0.0660572611245257,0.0680828835103604,0.0634920634920634,0.0635441061670569,0.0643669985775249,0.0584043593684504,0.0626996133804,0.0560695262125035,0.0548088216103353,0.0556057282931234,0.0573621227887617,-0.0094893029675637,-0.1231617647058823,0.0111843991970175,0.0298913043478261,-0.0676378772112382,-0.017530487804878,-0.111723052714398,-0.0407102641836293,0.028223574986165,0.0285057471264367,0.0397578819021078,0.0380741753387583,0.0208717606246147,-0.0081182210968598,-0.1147614680779123,-0.084478021978022,Healthcare,35.0,1.0,120,8.655562860681009,6538.0,5796.0,11.278683048489755,10.836635401476705,11.25858790018503,10.810616442617897
DHR,2025Q2,2025,Q2,0,1,0,0,5936.0,3955.0,1981.0,2763.0,2360.0,1337.0,1192.0,655.0,555.0,403.0,958.0,81620.0,52334.0,79116.0,50849.0,0.0678908355795148,0.3975741239892183,0.6662735849056604,0.2008086253369272,0.0934973045822102,379.0,442.0,383.0,391.0,368.0,407.0,362.0,418.0,373.0,400.0,420.0,431.0,0.066016373454102,0.0676047721015601,0.0660572611245257,0.0680828835103604,0.0634920634920634,0.0635441061670569,0.0643669985775249,0.0584043593684504,0.0626996133804,0.0560695262125035,0.0548088216103353,0.0556057282931234,0.0336061292007661,-0.3880926130099228,0.1537339556592765,0.030690537084399,-0.2262731481481481,0.0205479452054795,-0.3951985226223453,-0.1442764578833693,0.2627073301230604,0.2225663716814159,-0.002820796078891,0.2216523242750567,0.1162220531252062,-0.0126336170291325,-0.4079878498173832,-0.2619414483821263,Healthcare,35.0,2.0,121,8.688959234270676,5741.0,5743.0,11.309841860783788,10.865420642288985,11.278683048489755,10.836635401476705
DHR,2025Q3,2025,Q3,0,0,1,0,6053.0,3523.0,2530.0,2369.0,1991.0,1765.0,1154.0,1076.0,908.0,378.0,1286.0,79897.0,51071.0,81620.0,52334.0,0.0624483727077482,0.3289278043945151,0.5820254419296217,0.1906492648273583,0.1500082603667603,403.0,379.0,442.0,383.0,391.0,368.0,407.0,362.0,418.0,373.0,400.0,420.0,0.0678908355795148,0.066016373454102,0.0676047721015601,0.0660572611245257,0.0680828835103604,0.0634920634920634,0.0635441061670569,0.0643669985775249,0.0584043593684504,0.0626996133804,0.0560695262125035,0.0548088216103353,0.0439806829941358,0.1100244498777505,0.0358718024110555,-0.0130548302872062,0.0664652567975829,0.2045929018789143,0.1013306038894574,0.0554860241969128,-0.0334951456310679,-0.030290626279165,-0.054632728565211,-0.0742119369517482,-0.0077672707121592,0.1538459681305048,0.0632614836264988,0.070774354704413,Healthcare,35.0,3.0,122,8.708474489581665,5936.0,5798.0,11.288506100151967,10.84099168080948,11.309841860783788,10.865420642288985
