ticker,Year_Quarter,year,quarter,Q1,Q2,Q3,Q4,revenue,grossProfit,costOfRevenue,operatingExpenses,snaExpenses,ebitda,operatingIncome,incomeBeforeTax,netIncome,rnd,net_plus_rnd,totalAssets,totalEquity,totalAssets_lag1,totalEquity_lag1,rnd_to_rev_ratio,sna_to_rev_ratio,grossProfitRatio,operatingIncomeRatio,netIncomeRatio,rnd_lag1,rnd_lag2,rnd_lag3,rnd_lag4,rnd_lag5,rnd_lag6,rnd_lag7,rnd_lag8,rnd_lag9,rnd_lag10,rnd_lag11,rnd_lag12,rnd_to_rev_ratio_lag1,rnd_to_rev_ratio_lag2,rnd_to_rev_ratio_lag3,rnd_to_rev_ratio_lag4,rnd_to_rev_ratio_lag5,rnd_to_rev_ratio_lag6,rnd_to_rev_ratio_lag7,rnd_to_rev_ratio_lag8,rnd_to_rev_ratio_lag9,rnd_to_rev_ratio_lag10,rnd_to_rev_ratio_lag11,rnd_to_rev_ratio_lag12,revenue_yoy,netIncome_yoy,grossProfit_yoy,rnd_yoy,ebitda_yoy,operatingIncome_yoy,incomeBeforeTax_yoy,costOfRevenue_yoy,snaExpenses_yoy,operatingExpenses_yoy,rnd_to_rev_ratio_yoy,sna_to_rev_ratio_yoy,grossProfitRatio_yoy,operatingIncomeRatio_yoy,netIncomeRatio_yoy,net_plus_rnd_yoy,gics_sectors,gics_sector_code,quarter_int,time_idx,revenue_log,revenue_lag1,revenue_lag4,totalAssets_log,totalEquity_log,totalAssets_lag1_log,totalEquity_lag1_log
EMN,1995Q2,1995,Q2,0,1,0,0,1321.0,470.0,851.0,205.0,89.0,341.0,265.0,255.0,158.0,40.0,198.0,4655.0,1423.0,4594.0,1403.0,0.0302800908402725,0.0673732021196063,0.3557910673732021,0.2006056018168054,0.1196063588190764,42.0,,,,,,,,,,,,0.034090909090909,,,,,,,,,,,,,,,,,,,,,,,,,,,,Materials,15.0,2.0,1,7.186901020411631,1232.0,,8.445911989411274,7.261225091971921,8.432724034789787,7.247080584585756
EMN,1995Q3,1995,Q3,0,0,1,0,1266.0,486.0,780.0,226.0,102.0,338.0,260.0,239.0,148.0,46.0,194.0,4739.0,1470.0,4655.0,1423.0,0.0363349131121642,0.0805687203791469,0.3838862559241706,0.2053712480252764,0.1169036334913112,40.0,42.0,,,,,,,,,,,0.0302800908402725,0.034090909090909,,,,,,,,,,,,,,,,,,,,,,,,,,,Materials,15.0,3.0,2,7.144407180321139,1321.0,,8.463792414689122,7.293697720601438,8.445911989411274,7.261225091971921
EMN,1995Q4,1995,Q4,0,0,0,1,1221.0,430.0,791.0,219.0,93.0,289.0,211.0,192.0,121.0,48.0,169.0,4854.0,1528.0,4739.0,1470.0,0.0393120393120393,0.0761670761670761,0.3521703521703522,0.1728091728091728,0.0990990990990991,46.0,40.0,42.0,,,,,,,,,,0.0363349131121642,0.0302800908402725,0.034090909090909,,,,,,,,,,,,,,,,,,,,,,,,,,Materials,15.0,4.0,3,7.108244139731541,1266.0,,8.487764380725425,7.332369205929062,8.463792414689122,7.293697720601438
EMN,1996Q1,1996,Q1,1,0,0,0,1261.0,397.0,864.0,206.0,84.0,267.0,191.0,178.0,112.0,46.0,158.0,4904.0,1556.0,4854.0,1528.0,0.0364789849325931,0.0666137985725614,0.3148295003965107,0.1514670896114195,0.0888183980967486,48.0,46.0,40.0,42.0,,,,,,,,,0.0393120393120393,0.0363349131121642,0.0302800908402725,0.034090909090909,,,,,,,,,0.0235389610389611,-0.1515151515151515,-0.068075117370892,0.0952380952380953,-0.1217105263157894,-0.1622807017543859,-0.1643192488262911,0.0719602977667492,0.05,0.0404040404040404,0.0700502246894001,0.0258524980174466,-0.0895071725622038,-0.1815462526260139,-0.1710282844303462,-0.0919540229885057,Materials,15.0,1.0,4,7.140453043101158,1221.0,1232.0,8.498010371999463,7.350516171833998,8.487764380725425,7.332369205929062
EMN,1996Q2,1996,Q2,0,1,0,0,1241.0,319.0,922.0,129.0,85.0,266.0,190.0,177.0,112.0,44.0,156.0,5015.0,1567.0,4904.0,1556.0,0.0354552780016116,0.0684931506849315,0.2570507655116841,0.153102336825141,0.0902497985495568,46.0,48.0,46.0,40.0,42.0,,,,,,,,0.0364789849325931,0.0393120393120393,0.0363349131121642,0.0302800908402725,0.034090909090909,,,,,,,,-0.060560181680545,-0.2911392405063291,-0.3212765957446808,0.1,-0.219941348973607,-0.2830188679245283,-0.3058823529411765,0.0834312573443007,-0.0449438202247191,-0.3707317073170731,0.1709105560032233,0.0166230567954439,-0.277523273955458,-0.2367992945433537,-0.2454431399749079,-0.2121212121212121,Materials,15.0,2.0,5,7.124478262493424,1261.0,1321.0,8.520388082312756,7.357556200910353,8.498010371999463,7.350516171833998
EMN,1996Q3,1996,Q3,0,0,1,0,1167.0,294.0,873.0,125.0,78.0,249.0,169.0,156.0,96.0,47.0,143.0,5105.0,1598.0,5015.0,1567.0,0.040274207369323,0.0668380462724935,0.2519280205655527,0.144815766923736,0.0822622107969151,44.0,46.0,48.0,46.0,40.0,42.0,,,,,,,0.0354552780016116,0.0364789849325931,0.0393120393120393,0.0363349131121642,0.0302800908402725,0.034090909090909,,,,,,,-0.0781990521327014,-0.3513513513513513,-0.3950617283950617,0.0217391304347827,-0.2633136094674556,-0.35,-0.3472803347280334,0.1192307692307692,-0.2352941176470588,-0.4469026548672566,0.108416228903543,-0.1704218962649327,-0.3437430575391158,-0.2948586118251928,-0.2963246022371987,-0.2628865979381443,Materials,15.0,3.0,6,7.0630481633881725,1241.0,1266.0,8.53817159780143,7.377133712833954,8.520388082312756,7.357556200910353
EMN,1996Q4,1996,Q4,0,0,0,1,1113.0,559.0,554.0,446.0,85.0,195.0,113.0,96.0,60.0,47.0,107.0,5266.0,1639.0,5105.0,1598.0,0.0422282120395327,0.0763701707097933,0.5022461814914645,0.1015274034141958,0.0539083557951482,47.0,44.0,46.0,48.0,46.0,40.0,42.0,,,,,,0.040274207369323,0.0354552780016116,0.0364789849325931,0.0393120393120393,0.0363349131121642,0.0302800908402725,0.034090909090909,,,,,,-0.0884520884520884,-0.5041322314049587,0.3,-0.0208333333333333,-0.3252595155709342,-0.4644549763033175,-0.5,-0.2996207332490518,-0.0860215053763441,1.0365296803652968,0.0741801437556155,0.0026664348027707,0.4261455525606468,-0.4124883432761462,-0.4560156824307767,-0.3668639053254438,Materials,15.0,4.0,7,7.01571242048723,1167.0,1221.0,8.569216219483389,7.402451520818244,8.53817159780143,7.377133712833954
EMN,1997Q1,1997,Q1,1,0,0,0,1171.0,260.0,911.0,126.0,78.0,213.0,134.0,114.0,72.0,48.0,120.0,5466.0,1683.0,5266.0,1639.0,0.0409906063193851,0.0666097352690008,0.2220324508966695,0.1144321093082835,0.0614859094790777,47.0,47.0,44.0,46.0,48.0,46.0,40.0,42.0,,,,,0.0422282120395327,0.040274207369323,0.0354552780016116,0.0364789849325931,0.0393120393120393,0.0363349131121642,0.0302800908402725,0.034090909090909,,,,,-0.0713719270420301,-0.3571428571428571,-0.345088161209068,0.0434782608695651,-0.202247191011236,-0.2984293193717278,-0.3595505617977528,0.0543981481481481,-0.0714285714285714,-0.3883495145631068,0.1236772732335795,-6.099792607050514e-05,-0.2947533486632235,-0.2445084301688715,-0.3077345370257411,-0.240506329113924,Materials,15.0,1.0,8,7.066466970136958,1113.0,1261.0,8.606485298894999,7.428927194802272,8.569216219483389,7.402451520818244
EMN,1997Q2,1997,Q2,0,1,0,0,1208.0,283.0,925.0,126.0,84.0,237.0,157.0,141.0,90.0,42.0,132.0,5633.0,1735.0,5466.0,1683.0,0.0347682119205298,0.0695364238410596,0.2342715231788079,0.1299668874172185,0.0745033112582781,48.0,47.0,47.0,44.0,46.0,48.0,46.0,40.0,42.0,,,,0.0409906063193851,0.0422282120395327,0.040274207369323,0.0354552780016116,0.0364789849325931,0.0393120393120393,0.0363349131121642,0.0302800908402725,0.034090909090909,,,,-0.0265914585012086,-0.1964285714285714,-0.1128526645768025,-0.0454545454545454,-0.1090225563909774,-0.1736842105263157,-0.2033898305084746,0.0032537960954446,-0.0117647058823529,-0.0232558139534884,-0.0193783865141482,0.0152317880794701,-0.088617679420374,-0.1511110142906936,-0.1744767029328287,-0.1538461538461538,Materials,15.0,2.0,9,7.097548850614793,1171.0,1241.0,8.636574948436317,7.459338895220296,8.606485298894999,7.428927194802272
EMN,1997Q3,1997,Q3,0,0,1,0,1145.0,288.0,857.0,140.0,85.0,231.0,148.0,148.0,96.0,55.0,151.0,5698.0,1779.0,5633.0,1735.0,0.04571339198435968,0.074235807860262,0.251528384279476,0.1292576419213973,0.0838427947598253,42.0,48.0,47.0,47.0,44.0,46.0,48.0,46.0,40.0,42.0,,,0.0347682119205298,0.0409906063193851,0.0422282120395327,0.040274207369323,0.0354552780016116,0.0364789849325931,0.0393120393120393,0.0363349131121642,0.0302800908402725,0.034090909090909,,,-0.0188517566409597,0.0,-0.0204081632653061,0.1702127659574468,-0.072289156626506,-0.1242603550295857,-0.0512820512820513,-0.0183276059564719,0.0897435897435896,0.1200000000000001,0.1926972033819567,0.1106818945246894,-0.0015863113804472,-0.1074339164362677,0.0192139737991265,0.055944055944056,Materials,15.0,3.0,10,7.044032897274685,1208.0,1167.0,8.648045999835,7.484368643286131,8.636574948436317,7.459338895220296
EMN,1997Q4,1997,Q4,0,0,0,1,1154.0,265.0,889.0,198.0,90.0,152.0,67.0,43.0,28.0,46.0,74.0,5778.0,1753.0,5698.0,1779.0,0.0398613518197573,0.0779896013864818,0.2296360485268631,0.0580589254766031,0.024263431542461,55.0,42.0,48.0,47.0,47.0,44.0,46.0,48.0,46.0,40.0,42.0,,0.04571339198435968,0.0347682119205298,0.0409906063193851,0.0422282120395327,0.040274207369323,0.0354552780016116,0.0364789849325931,0.0393120393120393,0.0363349131121642,0.0302800908402725,0.034090909090909,,0.036837376460018,-0.5333333333333333,-0.5259391771019678,-0.0212765957446808,-0.2205128205128205,-0.4070796460176991,-0.5520833333333333,0.6046931407942238,0.0588235294117647,-0.5560538116591929,-0.0560492643534054,0.0212050158018146,-0.5427818926468719,-0.428145273845493,-0.5499133448873483,-0.308411214953271,Materials,15.0,4.0,11,7.051855622955894,1145.0,1113.0,8.661985936317778,7.469654172932128,8.648045999835,7.484368643286131
EMN,1998Q1,1998,Q1,1,0,0,0,1148.0,254.0,894.0,121.0,75.0,215.0,133.0,114.0,74.0,46.0,120.0,5910.0,1833.0,5778.0,1753.0,0.0400696864111498,0.0653310104529616,0.2212543554006968,0.1158536585365853,0.0644599303135888,46.0,55.0,42.0,48.0,47.0,47.0,44.0,46.0,48.0,46.0,40.0,42.0,0.0398613518197573,0.04571339198435968,0.0347682119205298,0.0409906063193851,0.0422282120395327,0.040274207369323,0.0354552780016116,0.0364789849325931,0.0393120393120393,0.0363349131121642,0.0302800908402725,0.034090909090909,-0.0196413321947054,0.0277777777777776,-0.0230769230769231,-0.0416666666666666,0.0093896713615022,-0.0074626865671642,0.0,-0.0186608122941822,-0.0384615384615384,-0.0396825396825396,-0.0224666085946574,-0.0191972661484856,-0.0035044224068614,0.0124226428831453,0.0483691444057297,0.0,Materials,15.0,1.0,12,7.046647277848756,1154.0,1171.0,8.684570300824369,7.51425465281641,8.661985936317778,7.469654172932128
EMN,1998Q2,1998,Q2,0,1,0,0,1165.0,297.0,868.0,133.0,85.0,250.0,164.0,149.0,97.0,48.0,145.0,5982.0,1901.0,5910.0,1833.0,0.0412017167381974,0.0729613733905579,0.2549356223175966,0.1407725321888412,0.0832618025751072,46.0,46.0,55.0,42.0,48.0,47.0,47.0,44.0,46.0,48.0,46.0,40.0,0.0400696864111498,0.0398613518197573,0.04571339198435968,0.0347682119205298,0.0409906063193851,0.0422282120395327,0.040274207369323,0.0354552780016116,0.0364789849325931,0.0393120393120393,0.0363349131121642,0.0302800908402725,-0.0355960264900662,0.0777777777777777,0.0494699646643108,0.1428571428571428,0.0548523206751054,0.0445859872611464,0.0567375886524823,-0.0616216216216216,0.0119047619047618,0.0555555555555555,0.1850398528510117,0.0492540363785001,0.0882057659351827,0.0831415215549056,0.1175584167858845,0.0984848484848484,Materials,15.0,2.0,13,7.061334366910438,1148.0,1208.0,8.696677393390031,7.550661243105336,8.684570300824369,7.51425465281641
EMN,1998Q3,1998,Q3,0,0,1,0,1131.0,261.0,870.0,120.0,75.0,231.0,141.0,123.0,80.0,45.0,125.0,6139.0,1978.0,5982.0,1901.0,0.039787798408488,0.0663129973474801,0.2307692307692307,0.1246684350132626,0.0707338638373121,48.0,46.0,46.0,55.0,42.0,48.0,47.0,47.0,44.0,46.0,48.0,46.0,0.0412017167381974,0.0400696864111498,0.0398613518197573,0.04571339198435968,0.0347682119205298,0.0409906063193851,0.0422282120395327,0.040274207369323,0.0354552780016116,0.0364789849325931,0.0393120393120393,0.0363349131121642,-0.0122270742358078,-0.1666666666666666,-0.09375,-0.1818181818181817,0.0,-0.0472972972972972,-0.1689189189189189,0.015169194865811,-0.1176470588235294,-0.1428571428571429,-0.1716903785869303,-0.1067249180839444,-0.0825320512820512,-0.0355043372284752,-0.1563513115237252,-0.1721854304635761,Materials,15.0,3.0,14,7.0317412587631285,1165.0,1145.0,8.722580021141189,7.590346945602565,8.696677393390031,7.550661243105336
EMN,1998Q4,1998,Q4,0,0,0,1,1037.0,123.0,914.0,127.0,81.0,89.0,-4.0,-26.0,-2.0,46.0,44.0,5876.0,1934.0,6139.0,1978.0,0.0443587270973963,0.0781099324975892,0.1186113789778206,-0.0038572806171648,-0.0019286403085824,45.0,48.0,46.0,46.0,55.0,42.0,48.0,47.0,47.0,44.0,46.0,48.0,0.039787798408488,0.0412017167381974,0.0400696864111498,0.0398613518197573,0.04572434017595304,0.0347682119205298,0.0409906063193851,0.0422282120395327,0.040274207369323,0.0354552780016116,0.0364789849325931,0.0393120393120393,-0.1013864818024263,-1.0714285714285714,-0.5358490566037736,0.0,-0.4144736842105263,-1.0597014925373134,-1.6046511627906976,0.0281214848143982,-0.0999999999999999,-0.3585858585858585,0.1128254580520733,0.0015429122468659,-0.4834810138097924,-1.0664373407792282,-1.0794875327180051,-0.4054054054054054,Materials,15.0,4.0,15,6.945051063725834,1131.0,1154.0,8.678801706612651,7.5678626054638825,8.722580021141189,7.590346945602565
EMN,1999Q1,1999,Q1,1,0,0,0,1023.0,194.0,829.0,123.0,76.0,158.0,71.0,37.0,25.0,47.0,72.0,5891.0,1844.0,5876.0,1934.0,0.04571339198435968,0.0742913000977517,0.1896383186705767,0.0694037145650048,0.0244379276637341,46.0,45.0,48.0,46.0,46.0,55.0,42.0,48.0,47.0,47.0,44.0,46.0,0.0443587270973963,0.039787798408488,0.0412017167381974,0.0400696864111498,0.0398613518197573,0.045735288367546395,0.0347682119205298,0.0409906063193851,0.0422282120395327,0.040274207369323,0.0354552780016116,0.0364789849325931,-0.1088850174216028,-0.6621621621621622,-0.2362204724409449,0.0217391304347827,-0.2651162790697674,-0.4661654135338345,-0.6754385964912281,-0.0727069351230425,0.0133333333333334,0.0165289256198346,0.1465850652386418,0.1371521668295861,-0.1428945282132988,-0.4009363584915368,-0.620881878946395,-0.4,Materials,15.0,1.0,16,6.931471805599453,1037.0,1148.0,8.681350777582521,7.520234556474628,8.678801706612651,7.5678626054638825
EMN,1999Q2,1999,Q2,0,1,0,0,1122.0,225.0,897.0,129.0,83.0,186.0,96.0,64.0,43.0,46.0,89.0,6161.0,1840.0,5891.0,1844.0,0.0409982174688057,0.0739750445632798,0.2005347593582887,0.0855614973262032,0.0383244206773618,47.0,46.0,45.0,48.0,46.0,46.0,55.0,42.0,48.0,47.0,47.0,44.0,0.04571339198435968,0.0443587270973963,0.039787798408488,0.0412017167381974,0.0400696864111498,0.0398613518197573,0.04574623655913974,0.0347682119205298,0.0409906063193851,0.0422282120395327,0.040274207369323,0.0354552780016116,-0.0369098712446351,-0.5567010309278351,-0.2424242424242424,-0.0416666666666666,-0.256,-0.4146341463414634,-0.5704697986577181,0.0334101382488478,-0.0235294117647059,-0.0300751879699248,-0.0049390968508615,0.0138932578378945,-0.2133905903959381,-0.3922003391156906,-0.5397118547512726,-0.3862068965517241,Materials,15.0,2.0,17,7.023758954738443,1023.0,1165.0,8.726156679156613,7.518064181233078,8.681350777582521,7.520234556474628
EMN,1999Q3,1999,Q3,0,0,1,0,1190.0,214.0,976.0,139.0,93.0,180.0,75.0,49.0,33.0,46.0,79.0,6210.0,1858.0,6161.0,1840.0,0.0386554621848739,0.0781512605042016,0.1798319327731092,0.0630252100840336,0.0277310924369747,46.0,47.0,46.0,45.0,48.0,46.0,46.0,55.0,42.0,48.0,47.0,47.0,0.0409982174688057,0.04571339198435968,0.0443587270973963,0.039787798408488,0.0412017167381974,0.0400696864111498,0.0398613518197573,0.0457571847507331,0.0347682119205298,0.0409906063193851,0.0422282120395327,0.040274207369323,0.0521662245800176,-0.5875,-0.1800766283524904,0.0222222222222221,-0.2207792207792207,-0.4680851063829787,-0.6016260162601625,0.1218390804597702,0.24,0.1583333333333334,-0.0284593837535013,0.1785210084033612,-0.2207282913165266,-0.4944573574110495,-0.6079516806722689,-0.368,Materials,15.0,3.0,18,7.0825485693553,1122.0,1131.0,8.734077192559303,7.527793987721444,8.726156679156613,7.518064181233078
EMN,1999Q4,1999,Q4,0,0,0,1,1255.0,188.0,1067.0,228.0,103.0,86.0,-40.0,-77.0,-52.0,47.0,-5.0,6303.0,1759.0,6210.0,1858.0,0.0374501992031872,0.0820717131474103,0.149800796812749,-0.0318725099601593,-0.0414342629482071,46.0,46.0,47.0,46.0,45.0,48.0,46.0,46.0,55.0,42.0,48.0,47.0,0.0386554621848739,0.0409982174688057,0.04571339198435968,0.0443587270973963,0.039787798408488,0.0412017167381974,0.0400696864111498,0.0398613518197573,0.045768132942326456,0.0347682119205298,0.0409906063193851,0.0422282120395327,0.2102217936354868,25.0,0.5284552845528456,0.0217391304347827,-0.0337078651685393,9.0,1.9615384615384617,0.1673960612691465,0.271604938271605,0.795275590551181,-0.1557422483977135,0.0507205744921548,0.2629546853237456,7.262948207171314,20.48366533864542,-1.1136363636363635,Materials,15.0,4.0,19,7.135687347028144,1190.0,1037.0,8.748939631537715,7.473069088032197,8.734077192559303,7.527793987721444
EMN,2000Q1,2000,Q1,1,0,0,0,1217.0,250.0,967.0,118.0,80.0,228.0,132.0,102.0,68.0,38.0,106.0,6238.0,1736.0,6303.0,1759.0,0.0312243221035332,0.0657354149548069,0.2054231717337715,0.1084634346754313,0.0558751027115858,47.0,46.0,46.0,47.0,46.0,45.0,48.0,46.0,46.0,55.0,42.0,48.0,0.0374501992031872,0.0386554621848739,0.0409982174688057,0.04571339198435968,0.0443587270973963,0.039787798408488,0.0412017167381974,0.0400696864111498,0.0398613518197573,0.0457790811339198,0.0347682119205298,0.0409906063193851,0.1896383186705768,1.7200000000000002,0.2886597938144331,-0.1914893617021277,0.4430379746835442,0.8591549295774648,1.7567567567567566,0.1664656212303981,0.0526315789473683,-0.040650406504065,-0.3203727337890523,-0.1151667171214807,0.0832366220806613,0.56279005173192,1.2864092029580938,0.4722222222222223,Materials,15.0,1.0,20,7.1049654482698426,1255.0,1023.0,8.738575192110787,7.459914766241105,8.748939631537715,7.473069088032197
EMN,2000Q2,2000,Q2,0,1,0,0,1316.0,290.0,1026.0,117.0,81.0,276.0,173.0,128.0,86.0,36.0,122.0,6247.0,1758.0,6238.0,1736.0,0.0273556231003039,0.0615501519756838,0.2203647416413373,0.1314589665653495,0.0653495440729483,38.0,47.0,46.0,46.0,47.0,46.0,45.0,48.0,46.0,46.0,55.0,42.0,0.0312243221035332,0.0374501992031872,0.0386554621848739,0.0409982174688057,0.04572434017595304,0.0443587270973963,0.039787798408488,0.0412017167381974,0.0400696864111498,0.0398613518197573,0.04579002932551316,0.0347682119205298,0.1729055258467022,1.0,0.288888888888889,-0.217391304347826,0.4838709677419355,0.8020833333333333,1.0,0.1438127090301002,-0.0240963855421686,-0.0930232558139535,-0.3327606713360644,-0.1679605961841286,0.098885511651469,0.536426671732523,0.7051671732522795,0.3707865168539326,Materials,15.0,2.0,21,7.183111701743281,1217.0,1122.0,8.740016691519521,7.472500744737558,8.738575192110787,7.459914766241105
EMN,2000Q3,2000,Q3,0,0,1,0,1387.0,295.0,1092.0,141.0,90.0,275.0,154.0,145.0,97.0,38.0,135.0,6567.0,1778.0,6247.0,1758.0,0.0273972602739726,0.0648882480173035,0.2126892573900504,0.1110310021629416,0.0699351117519826,36.0,38.0,47.0,46.0,46.0,47.0,46.0,45.0,48.0,46.0,46.0,55.0,0.0273556231003039,0.0312243221035332,0.0374501992031872,0.0386554621848739,0.0409982174688057,0.045735288367546395,0.0443587270973963,0.039787798408488,0.0412017167381974,0.0400696864111498,0.0398613518197573,0.04580097751710652,0.165546218487395,1.9393939393939397,0.3785046728971963,-0.1739130434782608,0.5277777777777777,1.0533333333333332,1.959183673469388,0.1188524590163935,-0.032258064516129,0.014388489208633,-0.2912447885646219,-0.1697095146172988,0.1827112910942059,0.76169190098534,1.5219025146927092,0.7088607594936709,Materials,15.0,3.0,22,7.23561914106675,1316.0,1190.0,8.789964651132264,7.483806687665835,8.740016691519521,7.472500744737558
EMN,2000Q4,2000,Q4,0,0,0,1,1372.0,235.0,1137.0,132.0,95.0,214.0,103.0,77.0,52.0,37.0,89.0,6550.0,1812.0,6567.0,1778.0,0.0269679300291545,0.0692419825072886,0.1712827988338192,0.075072886297376,0.0379008746355685,38.0,36.0,38.0,47.0,46.0,46.0,47.0,46.0,45.0,48.0,46.0,46.0,0.0273972602739726,0.0273556231003039,0.0312243221035332,0.0374501992031872,0.0386554621848739,0.0409982174688057,0.04574623655913974,0.0443587270973963,0.039787798408488,0.0412017167381974,0.0400696864111498,0.0398613518197573,0.0932270916334661,-2.0,0.25,-0.2127659574468084,1.4883720930232558,-3.575,-2.0,0.0656044985941892,-0.0776699029126213,-0.4210526315789473,-0.2798988896470441,-0.1563234170228422,0.1434037900874636,-3.355411807580175,-1.9147230320699709,-18.8,Materials,15.0,4.0,23,7.224753405767971,1387.0,1255.0,8.787372988731876,7.502738210754851,8.789964651132264,7.483806687665835
EMN,2001Q1,2001,Q1,1,0,0,0,1344.0,232.0,1112.0,136.0,98.0,200.0,96.0,55.0,37.0,38.0,75.0,6517.0,1811.0,6550.0,1812.0,0.0282738095238095,0.0729166666666666,0.1726190476190476,0.0714285714285714,0.0275297619047619,37.0,38.0,36.0,38.0,47.0,46.0,46.0,47.0,46.0,45.0,48.0,46.0,0.0269679300291545,0.0273972602739726,0.0273556231003039,0.0312243221035332,0.0374501992031872,0.0386554621848739,0.0409982174688057,0.0457571847507331,0.0443587270973963,0.039787798408488,0.0412017167381974,0.0400696864111498,0.1043549712407558,-0.4558823529411765,-0.0719999999999999,0.0,-0.1228070175438597,-0.2727272727272727,-0.4607843137254902,0.1499482936918303,0.2250000000000001,0.1525423728813559,-0.0944940476190475,0.1092447916666665,-0.1596904761904761,-0.3414502164502164,-0.507298231792717,-0.2924528301886793,Materials,15.0,1.0,24,7.20414929203594,1372.0,1217.0,8.782322859397507,7.502186486602924,8.787372988731876,7.502738210754851
EMN,2001Q2,2001,Q2,0,1,0,0,1402.0,253.0,1149.0,453.0,114.0,498.0,-200.0,-243.0,-147.0,41.0,-106.0,6434.0,1610.0,6517.0,1811.0,0.0292439372325249,0.0813124108416547,0.1804564907275321,-0.1426533523537803,-0.1048502139800285,38.0,37.0,38.0,36.0,38.0,47.0,46.0,46.0,47.0,46.0,45.0,48.0,0.0282738095238095,0.0269679300291545,0.0273972602739726,0.0273556231003039,0.0312243221035332,0.0374501992031872,0.0386554621848739,0.0409982174688057,0.045768132942326456,0.0443587270973963,0.039787798408488,0.0412017167381974,0.0653495440729483,-2.7093023255813957,-0.1275862068965517,0.1388888888888888,0.8043478260869565,-2.1560693641618496,-2.8984375,0.1198830409356725,0.4074074074074074,2.871794871794872,0.0690283721667459,0.3210757119458973,-0.1811008903536819,-2.085154980910837,-2.6044521116013666,-1.8688524590163933,Materials,15.0,2.0,25,7.246368080102461,1344.0,1316.0,8.769507120030227,7.384610383176974,8.782322859397507,7.502186486602924
EMN,2001Q3,2001,Q3,0,0,1,0,1373.0,239.0,1134.0,169.0,101.0,206.0,70.0,33.0,23.0,39.0,62.0,6407.0,1636.0,6434.0,1610.0,0.0284049526584122,0.0735615440640932,0.1740713765477057,0.0509832483612527,0.0167516387472687,41.0,38.0,37.0,38.0,36.0,38.0,47.0,46.0,46.0,47.0,46.0,45.0,0.0292439372325249,0.0282738095238095,0.0269679300291545,0.0273972602739726,0.0273556231003039,0.0312243221035332,0.0374501992031872,0.0386554621848739,0.0409982174688057,0.0457790811339198,0.0443587270973963,0.039787798408488,-0.0100937274693583,-0.7628865979381443,-0.1898305084745762,0.0263157894736842,-0.2509090909090908,-0.5454545454545454,-0.7724137931034483,0.0384615384615385,0.1222222222222222,0.198581560283688,0.0367807720320465,0.1336651290766366,-0.1815694939943462,-0.5408197046944315,-0.7604688356447241,-0.5407407407407407,Materials,15.0,3.0,26,7.2254814727822945,1402.0,1387.0,8.765302488748196,7.400620577371135,8.769507120030227,7.384610383176974
EMN,2001Q4,2001,Q4,0,0,0,1,1271.0,169.0,1102.0,255.0,102.0,101.0,-86.0,-142.0,-92.0,42.0,-50.0,6086.0,1378.0,6407.0,1636.0,0.033044846577498,0.080251770259638,0.1329661683713611,-0.067663257277734,-0.072383949645948,39.0,41.0,38.0,37.0,38.0,36.0,38.0,47.0,46.0,46.0,47.0,46.0,0.0284049526584122,0.0292439372325249,0.0282738095238095,0.0269679300291545,0.0273972602739726,0.0273556231003039,0.0312243221035332,0.0374501992031872,0.0386554621848739,0.0409982174688057,0.04579002932551316,0.0443587270973963,-0.0736151603498542,-2.769230769230769,-0.2808510638297872,0.1351351351351351,-0.5280373831775701,-1.83495145631068,-2.844155844155844,-0.030782761653474,0.0736842105263158,0.931818181818182,0.2253386352520892,0.1590045136444571,-0.2237039021042235,-1.9013008639325355,-2.909822671427707,-1.5617977528089888,Materials,15.0,4.0,27,7.148345743900068,1373.0,1372.0,8.713910628493924,7.229113877793302,8.765302488748196,7.400620577371135
EMN,2002Q1,2002,Q1,1,0,0,0,1236.0,205.0,1031.0,128.0,90.0,176.0,77.0,33.0,6.0,38.0,44.0,6035.0,1362.0,6086.0,1378.0,0.0307443365695792,0.0728155339805825,0.1658576051779935,0.0622977346278317,0.0048543689320388,42.0,39.0,41.0,38.0,37.0,38.0,36.0,38.0,47.0,46.0,46.0,47.0,0.033044846577498,0.0284049526584122,0.0292439372325249,0.0282738095238095,0.0269679300291545,0.0273972602739726,0.0273556231003039,0.0312243221035332,0.0374501992031872,0.0386554621848739,0.0409982174688057,0.04580097751710652,-0.0803571428571429,-0.8378378378378378,-0.1163793103448276,0.0,-0.12,-0.1979166666666666,-0.4,-0.072841726618705,-0.0816326530612244,-0.0588235294117647,0.0873786407766989,-0.0013869625520112,-0.0391697355205892,-0.1278317152103558,-0.8236683285226974,-0.4133333333333333,Materials,15.0,1.0,28,7.1204443723924875,1271.0,1344.0,8.70549681988774,7.217443431696533,8.713910628493924,7.229113877793302
EMN,2002Q2,2002,Q2,0,1,0,0,1395.0,229.0,1166.0,148.0,110.0,181.0,81.0,60.0,44.0,38.0,82.0,6185.0,1456.0,6035.0,1362.0,0.0272401433691756,0.078853046594982,0.1641577060931899,0.0580645161290322,0.0315412186379928,38.0,42.0,39.0,41.0,38.0,37.0,38.0,36.0,38.0,47.0,46.0,46.0,0.0307443365695792,0.033044846577498,0.0284049526584122,0.0292439372325249,0.0282738095238095,0.0269679300291545,0.0273972602739726,0.0273556231003039,0.0312243221035332,0.0374501992031872,0.0386554621848739,0.0409982174688057,-0.0049928673323823,-1.2993197278911564,-0.0948616600790513,-0.073170731707317,-0.6365461847389557,-1.405,-1.2469135802469136,0.0147954743255005,-0.0350877192982456,-0.673289183222958,-0.0685199755223359,-0.0302458655599572,-0.0903197472622436,-1.407032258064516,-1.300821690683442,-1.7735849056603774,Materials,15.0,2.0,29,7.241366283322318,1236.0,1402.0,8.730043953245016,7.284134806195205,8.70549681988774,7.217443431696533
EMN,2002Q3,2002,Q3,0,0,1,0,1374.0,202.0,1172.0,141.0,100.0,159.0,61.0,28.0,24.0,42.0,66.0,6100.0,1453.0,6185.0,1456.0,0.0305676855895196,0.0727802037845705,0.1470160116448326,0.044395924308588,0.0174672489082969,38.0,38.0,42.0,39.0,41.0,38.0,37.0,38.0,36.0,38.0,47.0,46.0,0.0272401433691756,0.0307443365695792,0.033044846577498,0.0284049526584122,0.0292439372325249,0.0282738095238095,0.0269679300291545,0.0273972602739726,0.0273556231003039,0.0312243221035332,0.0374501992031872,0.0386554621848739,0.0007283321194464,0.0434782608695651,-0.1548117154811715,0.0769230769230768,-0.2281553398058252,-0.1285714285714285,-0.1515151515151515,0.0335097001763669,-0.0099009900990099,-0.165680473372781,0.0761392901130892,-0.0106215861760848,-0.1554268452370075,-0.1292056560615513,0.0427188152648567,0.064516129032258,Materials,15.0,3.0,30,7.226209010100671,1395.0,1373.0,8.716207971151853,7.282073658093465,8.730043953245016,7.284134806195205
EMN,2002Q4,2002,Q4,0,0,0,1,1315.0,143.0,1172.0,154.0,107.0,94.0,-11.0,-37.0,-13.0,41.0,28.0,6273.0,1271.0,6100.0,1453.0,0.0311787072243346,0.0813688212927756,0.1087452471482889,-0.0083650190114068,-0.0098859315589353,42.0,38.0,38.0,42.0,39.0,41.0,38.0,37.0,38.0,36.0,38.0,47.0,0.0305676855895196,0.0272401433691756,0.0307443365695792,0.033044846577498,0.0284049526584122,0.0292439372325249,0.0282738095238095,0.0269679300291545,0.0273972602739726,0.0273556231003039,0.0312243221035332,0.0374501992031872,0.034618410700236,-0.8586956521739131,-0.1538461538461538,-0.0238095238095238,-0.0693069306930692,-0.872093023255814,-0.7394366197183099,0.0635208711433756,0.0490196078431373,-0.396078431372549,-0.0564729313778743,0.0139193319913517,-0.1821585258847616,-0.8763728004244407,-0.8634237063977517,-1.56,Materials,15.0,4.0,31,7.182352111885263,1374.0,1271.0,8.744169388750624,7.148345743900068,8.716207971151853,7.282073658093465
EMN,2003Q1,2003,Q1,1,0,0,0,1441.0,184.0,1257.0,125.0,100.0,157.0,59.0,29.0,21.0,43.0,64.0,6339.0,1284.0,6273.0,1271.0,0.0298403886190145,0.0693962526023594,0.1276891047883414,0.040943789035392,0.0145732130464954,41.0,42.0,38.0,38.0,42.0,39.0,41.0,38.0,37.0,38.0,36.0,38.0,0.0311787072243346,0.0305676855895196,0.0272401433691756,0.0307443365695792,0.033044846577498,0.0284049526584122,0.0292439372325249,0.0282738095238095,0.0269679300291545,0.0273972602739726,0.0273556231003039,0.0312243221035332,0.1658576051779934,2.5,-0.1024390243902438,0.131578947368421,-0.1079545454545454,-0.2337662337662337,-0.1212121212121212,0.2192046556741027,0.1111111111111111,-0.0234375,-0.0294020964973154,-0.0469581309275964,-0.2301281291785853,-0.342772425353966,2.002081887578071,0.4545454545454546,Materials,15.0,1.0,32,7.273786317844895,1315.0,1236.0,8.754634047431272,7.158513997329321,8.744169388750624,7.148345743900068
EMN,2003Q2,2003,Q2,0,1,0,0,1481.0,241.0,1240.0,166.0,108.0,188.0,75.0,49.0,35.0,42.0,77.0,6355.0,1328.0,6339.0,1284.0,0.0283592167454422,0.0729237002025658,0.162727886563133,0.050641458474004,0.0236326806212018,43.0,41.0,42.0,38.0,38.0,42.0,39.0,41.0,38.0,37.0,38.0,36.0,0.0298403886190145,0.0311787072243346,0.0305676855895196,0.0272401433691756,0.0307443365695792,0.033044846577498,0.0284049526584122,0.0292439372325249,0.0282738095238095,0.0269679300291545,0.0273972602739726,0.0273556231003039,0.0616487455197132,-0.2045454545454545,0.0524017467248907,0.1052631578947369,0.0386740331491712,-0.074074074074074,-0.1833333333333333,0.0634648370497428,-0.0181818181818181,0.1216216216216217,0.0410817726287358,-0.0751948928856423,-0.0087100360018752,-0.1278415485032635,-0.2507366030323492,-0.0609756097560976,Materials,15.0,2.0,33,7.301147805856032,1441.0,1395.0,8.757154527656606,7.192182058713246,8.754634047431272,7.158513997329321
EMN,2003Q3,2003,Q3,0,0,1,0,1444.0,200.0,1244.0,640.0,100.0,109.0,-440.0,-471.0,-336.0,44.0,-292.0,5702.0,988.0,6355.0,1328.0,0.0304709141274238,0.0692520775623268,0.1385041551246537,-0.3047091412742382,-0.2326869806094182,42.0,43.0,41.0,42.0,38.0,38.0,42.0,39.0,41.0,38.0,37.0,38.0,0.0283592167454422,0.0298403886190145,0.0311787072243346,0.0305676855895196,0.0272401433691756,0.0307443365695792,0.033044846577498,0.0284049526584122,0.0292439372325249,0.0282738095238095,0.0269679300291545,0.0273972602739726,0.0509461426491995,-15.0,-0.0099009900990099,0.0476190476190476,-0.3144654088050315,-8.21311475409836,-17.821428571428573,0.0614334470989761,0.0,3.539007092198582,-0.0031658092599919,-0.0484764542936286,-0.0578974794986423,-7.863448526406612,-14.321329639889198,-5.424242424242424,Materials,15.0,3.0,34,7.275864600546533,1481.0,1374.0,8.648747631156539,6.8966943316227125,8.757154527656606,7.192182058713246
EMN,2003Q4,2003,Q4,0,0,0,1,1434.0,185.0,1249.0,146.0,106.0,135.0,39.0,12.0,10.0,44.0,54.0,6230.0,1043.0,5702.0,988.0,0.0306834030683403,0.0739191073919107,0.1290097629009763,0.0271966527196652,0.00697350069735,44.0,42.0,43.0,41.0,42.0,38.0,38.0,42.0,39.0,41.0,38.0,37.0,0.0304709141274238,0.0283592167454422,0.0298403886190145,0.0311787072243346,0.0305676855895196,0.0272401433691756,0.0307443365695792,0.033044846577498,0.0284049526584122,0.0292439372325249,0.0282738095238095,0.0269679300291545,0.0904942965779467,-1.7692307692307692,0.2937062937062937,0.0731707317073171,0.4361702127659574,-4.545454545454545,-1.3243243243243243,0.0656996587030716,-0.0093457943925233,-0.0519480519480519,-0.0158859747593291,-0.0915548951367978,0.1863485189845024,-4.251236211487258,-1.7053964166934878,0.9285714285714286,Materials,15.0,4.0,35,7.268920128193722,1444.0,1315.0,8.737292112544221,6.950814768442584,8.648747631156539,6.8966943316227125
EMN,2004Q1,2004,Q1,1,0,0,0,1597.0,235.0,1362.0,220.0,110.0,166.0,15.0,-13.0,-6.0,43.0,37.0,5765.0,994.0,6230.0,1043.0,0.0269254852849092,0.0688791484032561,0.1471509079524107,0.0093926111458985,-0.0037570444583594,44.0,44.0,42.0,43.0,41.0,42.0,38.0,38.0,42.0,39.0,41.0,38.0,0.0306834030683403,0.0304709141274238,0.0283592167454422,0.0298403886190145,0.0311787072243346,0.0305676855895196,0.0272401433691756,0.0307443365695792,0.033044846577498,0.0284049526584122,0.0292439372325249,0.0282738095238095,0.1082581540596807,-1.2857142857142856,0.2771739130434782,0.0,0.0573248407643312,-0.7457627118644068,-1.4482758620689655,0.0835322195704058,0.1,0.76,-0.097683155917345,-0.0074514715090794,0.1524155345620865,-0.7705974125213589,-1.2578048125950445,-0.421875,Materials,15.0,1.0,36,7.37650812632622,1434.0,1441.0,8.659733878198347,6.902742737158593,8.737292112544221,6.950814768442584
EMN,2004Q2,2004,Q2,0,1,0,0,1676.0,270.0,1406.0,229.0,112.0,201.0,41.0,10.0,84.0,38.0,122.0,5808.0,1045.0,5765.0,994.0,0.0226730310262529,0.0668257756563245,0.1610978520286396,0.0244630071599045,0.0501193317422434,43.0,44.0,44.0,42.0,43.0,41.0,42.0,38.0,38.0,42.0,39.0,41.0,0.0269254852849092,0.0306834030683403,0.0304709141274238,0.0283592167454422,0.0298403886190145,0.0311787072243346,0.0305676855895196,0.0272401433691756,0.0307443365695792,0.033044846577498,0.0284049526584122,0.0292439372325249,0.1316677920324105,1.4,0.1203319502074689,-0.0952380952380952,0.0691489361702126,-0.4533333333333333,-0.7959183673469388,0.1338709677419354,0.0370370370370369,0.3795180722891567,-0.2005057392885556,-0.0836206134535489,-0.0100169342140447,-0.5169371519490851,1.120763723150358,0.5844155844155845,Materials,15.0,2.0,37,7.424761761823209,1597.0,1481.0,8.667163717992533,6.952728644624869,8.659733878198347,6.902742737158593
EMN,2004Q3,2004,Q3,0,0,1,0,1649.0,257.0,1392.0,184.0,107.0,193.0,73.0,48.0,38.0,35.0,73.0,5611.0,1039.0,5808.0,1045.0,0.0212249848392965,0.0648878107944208,0.1558520315342632,0.0442692540933899,0.0230442692540933,38.0,43.0,44.0,44.0,42.0,43.0,41.0,42.0,38.0,38.0,42.0,39.0,0.0226730310262529,0.0269254852849092,0.0306834030683403,0.0304709141274238,0.0283592167454422,0.0298403886190145,0.0311787072243346,0.0305676855895196,0.0272401433691756,0.0307443365695792,0.033044846577498,0.0284049526584122,0.14196675900277,-1.113095238095238,0.2849999999999999,-0.2045454545454545,0.7706422018348624,-1.165909090909091,-1.1019108280254777,0.1189710610932475,0.07,-0.7125,-0.3034345884558134,-0.0630200121285627,0.12525166767738,-1.145283642979216,-1.0990354904848538,-1.25,Materials,15.0,3.0,38,7.408530566894626,1676.0,1444.0,8.632662441222351,6.946975992135418,8.667163717992533,6.952728644624869
EMN,2004Q4,2004,Q4,0,0,0,1,1658.0,216.0,1442.0,170.0,121.0,143.0,46.0,19.0,54.0,38.0,92.0,5872.0,1184.0,5611.0,1039.0,0.02291917973462,0.0729794933655006,0.1302774427020506,0.0277442702050663,0.0325693606755126,35.0,38.0,43.0,44.0,44.0,42.0,43.0,41.0,42.0,38.0,38.0,42.0,0.0212249848392965,0.0226730310262529,0.0269254852849092,0.0306834030683403,0.0304709141274238,0.0283592167454422,0.0298403886190145,0.0311787072243346,0.0305676855895196,0.0272401433691756,0.0307443365695792,0.033044846577498,0.1562064156206415,4.4,0.1675675675675676,-0.1363636363636363,0.0592592592592593,0.1794871794871795,0.5833333333333333,0.154523618895116,0.1415094339622642,0.1643835616438356,-0.2530430968307929,-0.0127113822063408,0.0098262315391386,0.0201354736939778,3.670446320868516,0.7037037037037037,Materials,15.0,4.0,39,7.413970290190444,1649.0,1434.0,8.67812085552252,7.077498053569231,8.632662441222351,6.946975992135418
EMN,2005Q1,2005,Q1,1,0,0,0,1762.0,399.0,1363.0,155.0,109.0,320.0,244.0,217.0,162.0,39.0,201.0,5999.0,1345.0,5872.0,1184.0,0.0221339387060158,0.0618615209988649,0.2264472190692395,0.1384790011350737,0.0919409761634506,38.0,35.0,38.0,43.0,44.0,44.0,42.0,43.0,41.0,42.0,38.0,38.0,0.02291917973462,0.0212249848392965,0.0226730310262529,0.0269254852849092,0.0306834030683403,0.0304709141274238,0.0283592167454422,0.0298403886190145,0.0311787072243346,0.0305676855895196,0.0272401433691756,0.0307443365695792,0.1033187226048841,-28.0,0.6978723404255318,-0.0930232558139535,0.927710843373494,15.266666666666666,-17.692307692307693,0.0007342143906019,-0.009090909090909,-0.2954545454545454,-0.177955811313782,-0.1018831905892065,0.5388774844833002,13.743397654180855,-25.471623155505107,4.4324324324324325,Materials,15.0,1.0,40,7.47477218239787,1658.0,1597.0,8.699514748210191,7.204892510204673,8.67812085552252,7.077498053569231
EMN,2005Q2,2005,Q2,0,1,0,0,1752.0,374.0,1378.0,171.0,122.0,290.0,203.0,304.0,206.0,39.0,245.0,5569.0,1507.0,5999.0,1345.0,0.0222602739726027,0.069634703196347,0.2134703196347032,0.1158675799086758,0.117579908675799,39.0,38.0,35.0,38.0,43.0,44.0,44.0,42.0,43.0,41.0,42.0,38.0,0.0221339387060158,0.02291917973462,0.0212249848392965,0.0226730310262529,0.0269254852849092,0.0306834030683403,0.0304709141274238,0.0283592167454422,0.0298403886190145,0.0311787072243346,0.0305676855895196,0.0272401433691756,0.0453460620525059,1.4523809523809526,0.3851851851851851,0.0263157894736842,0.4427860696517414,3.951219512195122,29.4,-0.0199146514935988,0.0892857142857141,-0.2532751091703057,-0.0182047584715212,0.0420335942596215,0.3250972433620835,3.736440583583918,1.3459991302457053,1.0081967213114753,Materials,15.0,2.0,41,7.469083884921234,1762.0,1676.0,8.62515033292133,7.318539548567902,8.699514748210191,7.204892510204673
EMN,2005Q3,2005,Q3,0,0,1,0,1816.0,352.0,1464.0,154.0,108.0,278.0,198.0,177.0,123.0,42.0,165.0,5571.0,1595.0,5569.0,1507.0,0.0231277533039647,0.0594713656387665,0.1938325991189427,0.1090308370044052,0.0677312775330396,39.0,39.0,38.0,35.0,38.0,43.0,44.0,44.0,42.0,43.0,41.0,42.0,0.0222602739726027,0.0221339387060158,0.02291917973462,0.0212249848392965,0.0226730310262529,0.0269254852849092,0.0306834030683403,0.0304709141274238,0.0283592167454422,0.0298403886190145,0.0311787072243346,0.0305676855895196,0.1012734990903578,2.236842105263158,0.3696498054474708,0.1999999999999999,0.4404145077720207,1.712328767123288,2.6875,0.0517241379310344,0.0093457943925232,-0.1630434782608695,0.0896475770925109,-0.0834740005763927,0.2436963266425547,1.46290205781184,1.939180964525852,1.26027397260274,Materials,15.0,3.0,42,7.504942068396171,1752.0,1649.0,8.625509334899697,7.3752557780097545,8.62515033292133,7.318539548567902
EMN,2005Q4,2005,Q4,0,0,0,1,1729.0,279.0,1450.0,167.0,115.0,166.0,112.0,85.0,66.0,42.0,108.0,5773.0,1612.0,5571.0,1595.0,0.0242914979757085,0.0665124349334875,0.161364950838635,0.0647773279352226,0.0381723539618276,42.0,39.0,39.0,38.0,35.0,38.0,43.0,44.0,44.0,42.0,43.0,41.0,0.0231277533039647,0.0222602739726027,0.0221339387060158,0.02291917973462,0.0212249848392965,0.0226730310262529,0.0269254852849092,0.0306834030683403,0.0304709141274238,0.0283592167454422,0.0298403886190145,0.0311787072243346,0.0428226779252109,0.2222222222222223,0.2916666666666667,0.1052631578947369,0.1608391608391608,1.4347826086956523,3.473684210526316,0.0055478502080443,-0.049586776859504,-0.0176470588235294,0.0598764116769658,-0.088614734547749,0.2386254096780413,1.3348002112304171,0.1720326457168561,0.1739130434782609,Materials,15.0,4.0,43,7.455876687491824,1816.0,1658.0,8.661120360222881,7.385851078125209,8.625509334899697,7.3752557780097545
EMN,2006Q1,2006,Q1,1,0,0,0,1803.0,331.0,1472.0,147.0,98.0,265.0,184.0,165.0,105.0,42.0,147.0,5782.0,1717.0,5773.0,1612.0,0.0232945091514143,0.0543538546866333,0.1835829173599556,0.1020521353300055,0.0582362728785357,42.0,42.0,39.0,39.0,38.0,35.0,38.0,43.0,44.0,44.0,42.0,43.0,0.0242914979757085,0.0231277533039647,0.0222602739726027,0.0221339387060158,0.02291917973462,0.0212249848392965,0.0226730310262529,0.0269254852849092,0.0306834030683403,0.0304709141274238,0.0283592167454422,0.0298403886190145,0.0232690124858114,-0.3518518518518518,-0.1704260651629072,0.0769230769230768,-0.171875,-0.2459016393442623,-0.2396313364055299,0.0799706529713866,-0.1009174311926605,-0.0516129032258064,0.0524339775587696,-0.1213624591023115,-0.189290475217439,-0.2630497440513533,-0.3665906616544442,-0.2686567164179104,Materials,15.0,1.0,44,7.4977617006225685,1729.0,1762.0,8.662677858158219,7.4489161025442,8.661120360222881,7.385851078125209
EMN,2006Q2,2006,Q2,0,1,0,0,1929.0,350.0,1579.0,160.0,113.0,269.0,190.0,171.0,114.0,44.0,158.0,6002.0,1852.0,5782.0,1717.0,0.0228097459823742,0.0585795749092794,0.1814411612234318,0.0984966303784344,0.0590979782270606,42.0,42.0,42.0,39.0,39.0,38.0,35.0,38.0,43.0,44.0,44.0,42.0,0.0232945091514143,0.0242914979757085,0.0231277533039647,0.0222602739726027,0.0221339387060158,0.02291917973462,0.0212249848392965,0.0226730310262529,0.0269254852849092,0.0306834030683403,0.0304709141274238,0.0283592167454422,0.1010273972602739,-0.4466019417475728,-0.0641711229946524,0.1282051282051282,-0.0724137931034483,-0.0640394088669951,-0.4375,0.1458635703918722,-0.0737704918032786,-0.064327485380117,0.0246839733620449,-0.1587588914667413,-0.1500403356592178,-0.1499207072757777,-0.4973803016805327,-0.3551020408163265,Materials,15.0,2.0,45,7.5652752818989315,1803.0,1752.0,8.700014623251842,7.52456122628536,8.662677858158219,7.4489161025442
EMN,2006Q3,2006,Q3,0,0,1,0,1966.0,316.0,1650.0,158.0,105.0,234.0,158.0,136.0,95.0,40.0,135.0,6066.0,1902.0,6002.0,1852.0,0.020373586464781806,0.0534079348931841,0.1607324516785351,0.0803662258392675,0.048321464903357,44.0,42.0,42.0,42.0,39.0,39.0,38.0,35.0,38.0,43.0,44.0,44.0,0.0228097459823742,0.0232945091514143,0.0242914979757085,0.0231277533039647,0.0222602739726027,0.0221339387060158,0.02291917973462,0.0212249848392965,0.0226730310262529,0.0269254852849092,0.0306834030683403,0.0304709141274238,0.0825991189427313,-0.2276422764227642,-0.1022727272727272,-0.0476190476190476,-0.158273381294964,-0.202020202020202,-0.231638418079096,0.1270491803278688,-0.0277777777777777,0.0259740259740259,-0.1202829046165769,-0.1019554651294224,-0.1707666697493758,-0.2629037064438896,-0.2865708921585654,-0.1818181818181817,Materials,15.0,3.0,46,7.584264818389059,1929.0,1816.0,8.710619527942297,7.551186867296149,8.700014623251842,7.52456122628536
EMN,2006Q4,2006,Q4,0,0,0,1,1752.0,280.0,1472.0,172.0,121.0,167.0,108.0,104.0,95.0,41.0,136.0,6173.0,2029.0,6066.0,1902.0,0.0234018264840182,0.0690639269406392,0.1598173515981735,0.0616438356164383,0.0542237442922374,40.0,44.0,42.0,42.0,42.0,39.0,39.0,38.0,35.0,38.0,43.0,44.0,0.020373586464781806,0.0228097459823742,0.0232945091514143,0.0242914979757085,0.0231277533039647,0.0222602739726027,0.0221339387060158,0.02291917973462,0.0212249848392965,0.0226730310262529,0.0269254852849092,0.0306834030683403,0.0133024869866975,0.4393939393939394,0.0035842293906809,-0.0238095238095238,0.0060240963855422,-0.0357142857142857,0.2235294117647059,0.0151724137931035,0.0521739130434781,0.0299401197604789,-0.0366248097412481,0.0383611276553506,-0.0095906777303155,-0.0483732876712329,0.4204977860799779,0.2592592592592593,Materials,15.0,4.0,47,7.469083884921234,1966.0,1729.0,8.728102205062104,7.615791072035833,8.710619527942297,7.551186867296149
EMN,2007Q1,2007,Q1,1,0,0,0,1637.0,286.0,1351.0,137.0,98.0,238.0,135.0,120.0,77.0,36.0,113.0,6116.0,2105.0,6173.0,2029.0,0.0219914477703115,0.0598656078191814,0.1747098350641417,0.0824679291386683,0.0470372632864996,41.0,40.0,44.0,42.0,42.0,42.0,39.0,39.0,38.0,35.0,38.0,43.0,0.0234018264840182,0.020373586464781806,0.0228097459823742,0.0232945091514143,0.0242914979757085,0.0231277533039647,0.0222602739726027,0.0221339387060158,0.02291917973462,0.0212249848392965,0.0226730310262529,0.0269254852849092,-0.0920687742651137,-0.2666666666666667,-0.1359516616314199,-0.1428571428571429,-0.1018867924528301,-0.2663043478260869,-0.2727272727272727,-0.0822010869565217,0.0,-0.0680272108843537,-0.055938563574483,0.1014050091631033,-0.0483328319617899,-0.1919039334944623,-0.1923029932803909,-0.2312925170068027,Materials,15.0,1.0,48,7.401231264413015,1752.0,1803.0,8.718827059242566,7.652545692693921,8.728102205062104,7.615791072035833
EMN,2007Q2,2007,Q2,0,1,0,0,1764.0,309.0,1455.0,141.0,109.0,253.0,168.0,156.0,105.0,37.0,142.0,6240.0,2170.0,6116.0,2105.0,0.0209750566893424,0.0617913832199546,0.1751700680272108,0.0952380952380952,0.0595238095238095,36.0,41.0,40.0,44.0,42.0,42.0,42.0,39.0,39.0,38.0,35.0,38.0,0.0219914477703115,0.0234018264840182,0.020373586464781806,0.0228097459823742,0.0232945091514143,0.0242914979757085,0.0231277533039647,0.0222602739726027,0.0221339387060158,0.02291917973462,0.0212249848392965,0.0226730310262529,-0.0855365474339036,-0.0789473684210526,-0.1171428571428571,-0.159090909090909,-0.0594795539033456,-0.1157894736842105,-0.087719298245614,-0.0785307156428118,-0.0353982300884956,-0.11875,-0.080434446505875,0.0548281259406417,-0.0345626822157433,-0.0330827067669173,0.0072055137844611,-0.1012658227848101,Materials,15.0,2.0,49,7.475905969367397,1637.0,1929.0,8.738895704934043,7.682943169878292,8.718827059242566,7.652545692693921
EMN,2007Q3,2007,Q3,0,0,1,0,1692.0,307.0,1385.0,261.0,104.0,124.0,40.0,32.0,20.0,43.0,63.0,5945.0,1991.0,6240.0,2170.0,0.0254137115839243,0.0614657210401891,0.1814420803782506,0.0236406619385342,0.0118203309692671,37.0,36.0,41.0,40.0,44.0,42.0,42.0,42.0,39.0,39.0,38.0,35.0,0.0209750566893424,0.0219914477703115,0.0234018264840182,0.020373586464781806,0.0228097459823742,0.0232945091514143,0.0242914979757085,0.0231277533039647,0.0222602739726027,0.0221339387060158,0.02291917973462,0.0212249848392965,-0.1393692777212614,-0.7894736842105263,-0.0284810126582278,0.0749999999999999,-0.4700854700854701,-0.7468354430379747,-0.7647058823529411,-0.1606060606060606,-0.0095238095238094,0.6518987341772151,0.2490839243498817,0.1508724530001126,0.1288453481760783,-0.7058383457521621,-0.7553813612044296,-0.5333333333333333,Materials,15.0,3.0,50,7.4342573821331355,1764.0,1966.0,8.690474003558043,7.596894438144544,8.738895704934043,7.682943169878292
EMN,2007Q4,2007,Q4,0,0,0,1,1327.0,269.0,1058.0,108.0,99.0,231.0,161.0,162.0,98.0,40.0,138.0,6009.0,2082.0,5945.0,1991.0,0.0301431801055011,0.0746043707611153,0.2027128862094951,0.121326299924642,0.0738507912584777,43.0,37.0,36.0,41.0,40.0,44.0,42.0,42.0,42.0,39.0,39.0,38.0,0.0254137115839243,0.0209750566893424,0.0219914477703115,0.0234018264840182,0.0203722671073783,0.0228097459823742,0.0232945091514143,0.0242914979757085,0.0231277533039647,0.0222602739726027,0.0221339387060158,0.02291917973462,-0.242579908675799,0.0315789473684211,-0.0392857142857142,-0.024390243902439,0.3832335329341316,0.4907407407407407,0.5576923076923077,-0.28125,-0.1818181818181817,-0.3720930232558139,0.2880695498740973,0.0802219634171403,0.2684034879965551,0.9681821987775268,0.3619640661563479,0.0147058823529411,Materials,15.0,4.0,51,7.191429330036379,1692.0,1752.0,8.701180027529253,7.641564441260972,8.690474003558043,7.596894438144544
EMN,2008Q1,2008,Q1,1,0,0,0,1727.0,337.0,1390.0,169.0,110.0,250.0,168.0,153.0,133.0,42.0,175.0,5806.0,1896.0,6009.0,2082.0,0.0243196294151708,0.0636942675159235,0.1951360741169658,0.0972785176606832,0.0770121598147075,40.0,43.0,37.0,36.0,41.0,40.0,44.0,42.0,42.0,42.0,39.0,39.0,0.0301431801055011,0.0254137115839243,0.0209750566893424,0.0219914477703115,0.0234018264840182,0.020370947749974794,0.0228097459823742,0.0232945091514143,0.0242914979757085,0.0231277533039647,0.0222602739726027,0.0221339387060158,0.0549786194257788,0.7272727272727273,0.1783216783216783,0.1666666666666667,0.0504201680672269,0.2444444444444444,0.2749999999999999,0.0288675055514433,0.1224489795918366,0.2335766423357663,0.1058675931287396,0.0639542441180294,0.1169152214317241,0.1795920993373223,0.63725851450229,0.5486725663716814,Materials,15.0,1.0,52,7.454719949364001,1327.0,1637.0,8.66681936537205,7.5480289699350145,8.701180027529253,7.641564441260972
EMN,2008Q2,2008,Q2,0,1,0,0,1834.0,321.0,1513.0,149.0,107.0,239.0,172.0,153.0,115.0,39.0,154.0,5830.0,2012.0,5806.0,1896.0,0.0212649945474372,0.0583424209378407,0.1750272628135223,0.0937840785169029,0.0627044711014176,42.0,40.0,43.0,37.0,36.0,41.0,40.0,44.0,42.0,42.0,42.0,39.0,0.0243196294151708,0.0301431801055011,0.0254137115839243,0.0209750566893424,0.0219914477703115,0.0234018264840182,0.02036962839257129,0.0228097459823742,0.0232945091514143,0.0242914979757085,0.0231277533039647,0.0222602739726027,0.0396825396825397,0.0952380952380953,0.0388349514563106,0.0540540540540539,-0.0553359683794466,0.0238095238095237,-0.0192307692307692,0.0398625429553265,-0.018348623853211,0.0567375886524823,0.013822983288632,-0.055816233629806,-0.0008152375305714,-0.0152671755725189,0.0534351145038167,0.0845070422535212,Materials,15.0,2.0,53,7.51479976048867,1727.0,1764.0,8.670943791222156,7.607381425639791,8.66681936537205,7.5480289699350145
EMN,2008Q3,2008,Q3,0,0,1,0,1819.0,322.0,1497.0,148.0,107.0,234.0,174.0,148.0,100.0,39.0,139.0,5529.0,1820.0,5830.0,2012.0,0.0214403518416712,0.0588235294117647,0.177020340846619,0.0956569543705332,0.0549752611324903,39.0,42.0,40.0,43.0,37.0,36.0,41.0,40.0,44.0,42.0,42.0,42.0,0.0212649945474372,0.0243196294151708,0.0301431801055011,0.0254137115839243,0.0209750566893424,0.0219914477703115,0.0234018264840182,0.020368309035167783,0.0228097459823742,0.0232945091514143,0.0242914979757085,0.0231277533039647,0.0750591016548463,4.0,0.0488599348534202,-0.0930232558139535,0.8870967741935485,3.35,3.625,0.0808664259927798,0.0288461538461537,-0.4329501915708812,-0.1563470856719128,-0.0429864253393664,-0.0243699781352463,3.046289169873557,3.650907091808686,1.2063492063492065,Materials,15.0,3.0,54,7.506591780070841,1834.0,1692.0,8.61794309451638,7.507141079727608,8.670943791222156,7.607381425639791
EMN,2008Q4,2008,Q4,0,0,0,1,1346.0,146.0,1200.0,141.0,95.0,51.0,5.0,-25.0,-2.0,38.0,36.0,5281.0,1553.0,5529.0,1820.0,0.0282317979197622,0.0705794947994056,0.1084695393759286,0.0037147102526002,-0.0014858841010401,39.0,39.0,42.0,40.0,43.0,37.0,36.0,41.0,40.0,44.0,42.0,42.0,0.0214403518416712,0.0212649945474372,0.0243196294151708,0.0301431801055011,0.0254137115839243,0.0209750566893424,0.0219914477703115,0.0234018264840182,0.02036698967776428,0.0228097459823742,0.0232945091514143,0.0242914979757085,0.014318010550113,-1.020408163265306,-0.4572490706319703,-0.05,-0.7792207792207793,-0.968944099378882,-1.154320987654321,0.1342155009451795,-0.0404040404040404,0.3055555555555556,-0.063410104011887,-0.0539496000120072,-0.4649104879113109,-0.9693824813341578,-1.0201200836946962,-0.7391304347826086,Materials,15.0,4.0,55,7.205635176410364,1819.0,1327.0,8.572060092857077,7.348587530927593,8.61794309451638,7.507141079727608
EMN,2009Q1,2009,Q1,1,0,0,0,1129.0,179.0,950.0,154.0,94.0,88.0,25.0,2.0,2.0,34.0,36.0,5197.0,1523.0,5281.0,1553.0,0.0301151461470327,0.08325952170062,0.1585473870682019,0.0221434898139946,0.0017714791851195,38.0,39.0,39.0,42.0,40.0,43.0,37.0,36.0,41.0,40.0,44.0,42.0,0.0282317979197622,0.0214403518416712,0.0212649945474372,0.0243196294151708,0.0301431801055011,0.0254137115839243,0.0209750566893424,0.0219914477703115,0.0234018264840182,0.020365670320360775,0.0228097459823742,0.0232945091514143,-0.3462651997683844,-0.9849624060150376,-0.4688427299703264,-0.1904761904761904,-0.648,-0.8511904761904762,-0.9869281045751634,-0.3165467625899281,-0.1454545454545455,-0.0887573964497041,0.238306128474419,0.3071744906997344,-0.1875034496534576,-0.7723701969716141,-0.976997409378184,-0.7942857142857143,Materials,15.0,1.0,56,7.029972911706386,1346.0,1727.0,8.556029215201436,7.329093736246592,8.572060092857077,7.348587530927593
EMN,2009Q2,2009,Q2,0,1,0,0,1253.0,260.0,993.0,129.0,98.0,195.0,131.0,106.0,65.0,34.0,99.0,5356.0,1575.0,5197.0,1523.0,0.0271348762968874,0.0782122905027933,0.2075019952114924,0.1045490822027134,0.0518754988028731,34.0,38.0,39.0,39.0,42.0,40.0,43.0,37.0,36.0,41.0,40.0,44.0,0.0301151461470327,0.0282317979197622,0.0214403518416712,0.0212649945474372,0.0243196294151708,0.0301431801055011,0.0254137115839243,0.0209750566893424,0.0219914477703115,0.0234018264840182,0.02036435096295727,0.0228097459823742,-0.316793893129771,-0.4347826086956522,-0.1900311526479751,-0.1282051282051282,-0.1841004184100418,-0.2383720930232558,-0.3071895424836601,-0.3436880370125578,-0.0841121495327102,-0.1342281879194631,0.2760349520126057,0.3405732783375972,0.1855409944482153,0.1147849811614913,-0.1726985669176584,-0.3571428571428571,Materials,15.0,2.0,57,7.134093721192866,1129.0,1834.0,8.58615939588096,7.362645270417825,8.556029215201436,7.329093736246592
EMN,2009Q3,2009,Q3,0,0,1,0,1337.0,328.0,1009.0,137.0,104.0,258.0,191.0,170.0,101.0,33.0,134.0,5554.0,1645.0,5356.0,1575.0,0.0246821241585639,0.0777860882572924,0.2453253552729992,0.1428571428571428,0.075542258788332,34.0,34.0,38.0,39.0,39.0,42.0,40.0,43.0,37.0,36.0,41.0,40.0,0.0271348762968874,0.0301151461470327,0.0282317979197622,0.0214403518416712,0.0212649945474372,0.0243196294151708,0.0301431801055011,0.0254137115839243,0.0209750566893424,0.0219914477703115,0.0234018264840182,0.020363031605553764,-0.2649807586586036,0.01,0.0186335403726707,-0.1538461538461538,0.1025641025641026,0.0977011494252872,0.1486486486486486,-0.3259853039412157,-0.02803738317757,-0.0743243243243243,0.1511995857545596,0.3223635003739715,0.3858596932968499,0.493431855500821,0.3741136873597606,-0.0359712230215827,Materials,15.0,3.0,58,7.198931240688173,1253.0,1819.0,8.62245370207373,7.406103381237015,8.58615939588096,7.362645270417825
EMN,2009Q4,2009,Q4,0,0,0,1,1328.0,286.0,1042.0,316.0,103.0,39.0,-30.0,-52.0,-32.0,36.0,4.0,5515.0,1513.0,5554.0,1645.0,0.0271084337349397,0.0775602409638554,0.2153614457831325,-0.0225903614457831,-0.0240963855421686,33.0,34.0,34.0,38.0,39.0,39.0,42.0,40.0,43.0,37.0,36.0,41.0,0.0246821241585639,0.0271348762968874,0.0301151461470327,0.0282317979197622,0.0214403518416712,0.0212649945474372,0.0243196294151708,0.0301431801055011,0.0254137115839243,0.0209750566893424,0.0219914477703115,0.0234018264840182,-0.013372956909361,15.0,0.9589041095890412,-0.0526315789473684,-0.2352941176470588,-7.0,1.08,-0.1316666666666667,0.0842105263157895,1.2411347517730498,-0.0397907419150285,0.0989061509194675,0.9854555207129888,-7.08132530120482,15.21686746987952,-0.8888888888888888,Materials,15.0,4.0,59,7.192182058713246,1337.0,1346.0,8.615408238913192,7.322510433997394,8.62245370207373,7.406103381237015
EMN,2010Q1,2010,Q1,1,0,0,0,1370.0,317.0,1053.0,128.0,95.0,252.0,182.0,151.0,101.0,36.0,137.0,5648.0,1569.0,5515.0,1513.0,0.0262773722627737,0.0693430656934306,0.2313868613138686,0.1328467153284671,0.0737226277372262,36.0,33.0,34.0,34.0,38.0,39.0,39.0,42.0,40.0,43.0,37.0,36.0,0.0271084337349397,0.0246821241585639,0.0271348762968874,0.0301151461470327,0.0282317979197622,0.0214403518416712,0.0212649945474372,0.0243196294151708,0.0301431801055011,0.0254137115839243,0.0209750566893424,0.0219914477703115,0.2134632418069086,49.5,0.770949720670391,0.0588235294117647,1.863636363636364,6.28,74.5,0.1084210526315789,0.0106382978723404,-0.1688311688311687,-0.1274366680978961,-0.1671455194906042,0.4594176895159645,4.999357664233576,40.61642335766423,2.805555555555556,Materials,15.0,1.0,60,7.223295679562314,1328.0,1129.0,8.639233817325263,7.358830898342354,8.615408238913192,7.322510433997394
EMN,2010Q2,2010,Q2,0,1,0,0,1502.0,384.0,1118.0,138.0,102.0,311.0,257.0,224.0,148.0,36.0,184.0,5799.0,1677.0,5648.0,1569.0,0.0239680426098535,0.0679094540612516,0.255659121171771,0.1711051930758988,0.0985352862849534,36.0,36.0,33.0,34.0,34.0,38.0,39.0,39.0,42.0,40.0,43.0,37.0,0.0262773722627737,0.0271084337349397,0.0246821241585639,0.0271348762968874,0.0301151461470327,0.0282317979197622,0.0214403518416712,0.0212649945474372,0.0243196294151708,0.0301431801055011,0.0254137115839243,0.0209750566893424,0.1987230646448523,1.2769230769230768,0.476923076923077,0.0588235294117647,0.594871794871795,0.9618320610687024,1.1132075471698113,0.1258811681772407,0.0408163265306122,0.069767441860465,-0.1167071355839274,-0.1317291230739965,0.2320803031854961,0.6366015795732916,0.8994571340776398,0.8585858585858586,Materials,15.0,2.0,61,7.315218389752975,1370.0,1253.0,8.66561319653451,7.425357887027151,8.639233817325263,7.358830898342354
EMN,2010Q3,2010,Q3,0,0,1,0,1507.0,422.0,1085.0,156.0,114.0,343.0,280.0,258.0,170.0,43.0,213.0,5989.0,1810.0,5799.0,1677.0,0.0285335102853351,0.0756469807564698,0.2800265428002654,0.185799601857996,0.112806901128069,36.0,36.0,36.0,33.0,34.0,34.0,38.0,39.0,39.0,42.0,40.0,43.0,0.0239680426098535,0.0262773722627737,0.0271084337349397,0.0246821241585639,0.0271348762968874,0.0301151461470327,0.0282317979197622,0.0214403518416712,0.0212649945474372,0.0243196294151708,0.0301431801055011,0.0254137115839243,0.1271503365744204,0.6831683168316831,0.2865853658536585,0.303030303030303,0.3294573643410852,0.4659685863874345,0.5176470588235293,0.0753221010901883,0.0961538461538462,0.1386861313868612,0.1560394924694859,-0.0274998723903833,0.1414496576949844,0.3005972130059722,0.4932953149329533,0.5895522388059702,Materials,15.0,3.0,62,7.318539548567902,1502.0,1337.0,8.697846691109495,7.501634457883413,8.66561319653451,7.425357887027151
EMN,2010Q4,2010,Q4,0,0,0,1,825.0,304.0,521.0,161.0,98.0,95.0,143.0,3.0,19.0,37.0,56.0,5986.0,1627.0,5989.0,1810.0,0.0448484848484848,0.1187878787878787,0.3684848484848484,0.1733333333333333,0.023030303030303,43.0,36.0,36.0,36.0,33.0,34.0,34.0,38.0,39.0,39.0,42.0,40.0,0.0285335102853351,0.0239680426098535,0.0262773722627737,0.0271084337349397,0.0246821241585639,0.0271348762968874,0.0301151461470327,0.0282317979197622,0.0214403518416712,0.0212649945474372,0.0243196294151708,0.0301431801055011,-0.3787650602409639,-1.59375,0.0629370629370629,0.0277777777777776,1.4358974358974357,-5.766666666666667,-1.0576923076923077,-0.5,-0.0485436893203883,-0.490506329113924,0.6544107744107743,0.5315563401000294,0.7110065691883871,-8.672888888888888,-1.955757575757576,13.0,Materials,15.0,4.0,63,6.716594773520978,1507.0,1328.0,8.697345730925353,7.395107546562485,8.697846691109495,7.501634457883413
EMN,2011Q1,2011,Q1,1,0,0,0,1758.0,458.0,1300.0,144.0,108.0,390.0,8.0,271.0,220.0,36.0,256.0,6009.0,1817.0,5986.0,1627.0,0.0204778156996587,0.0614334470989761,0.2605233219567691,0.0045506257110352,0.1251422070534698,37.0,43.0,36.0,36.0,36.0,33.0,34.0,34.0,38.0,39.0,39.0,42.0,0.0448484848484848,0.0285335102853351,0.0239680426098535,0.0262773722627737,0.0271084337349397,0.0246821241585639,0.0271348762968874,0.0301151461470327,0.0282317979197622,0.0214403518416712,0.0212649945474372,0.0243196294151708,0.2832116788321168,1.1782178217821784,0.4447949526813879,0.0,0.5476190476190477,-0.956043956043956,0.794701986754967,0.2345679012345678,0.1368421052631578,0.125,-0.2207053469852105,-0.1140650260463445,0.1259209813273616,-0.965745289977372,0.6974735016163731,0.8686131386861313,Materials,15.0,1.0,64,7.472500744737558,825.0,1370.0,8.701180027529253,7.505492274737424,8.697345730925353,7.395107546562485
EMN,2011Q2,2011,Q2,0,1,0,0,1885.0,474.0,1411.0,141.0,118.0,407.0,318.0,306.0,211.0,39.0,250.0,6114.0,1907.0,6009.0,1817.0,0.0206896551724137,0.0625994694960212,0.2514588859416445,0.1687002652519894,0.1119363395225464,36.0,37.0,43.0,36.0,36.0,36.0,33.0,34.0,34.0,38.0,39.0,39.0,0.0204778156996587,0.0448484848484848,0.0285335102853351,0.0239680426098535,0.0262773722627737,0.0271084337349397,0.0246821241585639,0.0271348762968874,0.0301151461470327,0.0282317979197622,0.0214403518416712,0.0212649945474372,0.254993342210386,0.4256756756756756,0.234375,0.0833333333333332,0.3086816720257235,0.2373540856031128,0.3660714285714286,0.2620751341681575,0.1568627450980393,0.0217391304347827,-0.1367816091954022,-0.0781921256566288,-0.0164290450928382,-0.0140552591109414,0.136002580830167,0.3586956521739131,Materials,15.0,2.0,65,7.542213463193403,1758.0,1502.0,8.718500048121273,7.553810852008231,8.701180027529253,7.505492274737424
EMN,2011Q3,2011,Q3,0,0,1,0,1812.0,433.0,1379.0,162.0,114.0,344.0,256.0,238.0,165.0,41.0,206.0,6183.0,1909.0,6114.0,1907.0,0.0226269315673289,0.0629139072847682,0.238962472406181,0.141280353200883,0.0910596026490066,39.0,36.0,37.0,43.0,36.0,36.0,36.0,33.0,34.0,34.0,38.0,39.0,0.0206896551724137,0.0204778156996587,0.0448484848484848,0.0285335102853351,0.0239680426098535,0.0262773722627737,0.0271084337349397,0.0246821241585639,0.0271348762968874,0.0301151461470327,0.0282317979197622,0.0214403518416712,0.2023888520238885,-0.0294117647058823,0.0260663507109004,-0.0465116279069767,0.0029154518950438,-0.0857142857142857,-0.0775193798449612,0.2709677419354839,0.0,0.0384615384615385,-0.2070049797217515,-0.1683222958057394,-0.1466434930897754,-0.2396089561652475,-0.1927834047526295,-0.0328638497652582,Materials,15.0,3.0,66,7.502738210754851,1885.0,1507.0,8.729720590267258,7.554858521040676,8.718500048121273,7.553810852008231
EMN,2011Q4,2011,Q4,0,0,0,1,1723.0,324.0,1399.0,161.0,119.0,232.0,163.0,149.0,100.0,42.0,142.0,6184.0,1870.0,6183.0,1909.0,0.024376088218224,0.069065583284968,0.1880441091120139,0.0946024376088218,0.0580383052814857,41.0,39.0,36.0,37.0,43.0,36.0,36.0,36.0,33.0,34.0,34.0,38.0,0.0226269315673289,0.0206896551724137,0.0204778156996587,0.0448484848484848,0.0285335102853351,0.0239680426098535,0.0262773722627737,0.0271084337349397,0.0246821241585639,0.0271348762968874,0.0301151461470327,0.0282317979197622,1.0884848484848484,4.2631578947368425,0.0657894736842106,0.1351351351351351,1.4421052631578948,0.1398601398601398,48.66666666666666,1.6852207293666028,0.2142857142857142,0.0,-0.4564791140531129,-0.4185805488765443,-0.4896829275743042,-0.454216706102951,1.5200843082750404,1.5357142857142856,Materials,15.0,4.0,67,7.452402451223638,1812.0,825.0,8.729882284826589,7.534228326274089,8.729720590267258,7.554858521040676
EMN,2012Q1,2012,Q1,1,0,0,0,1821.0,431.0,1390.0,167.0,126.0,335.0,245.0,244.0,158.0,41.0,199.0,6191.0,2025.0,6184.0,1870.0,0.0225151015925315,0.0691927512355848,0.2366831411312465,0.1345414607358594,0.086765513454146,42.0,41.0,39.0,36.0,37.0,43.0,36.0,36.0,36.0,33.0,34.0,34.0,0.024376088218224,0.0226269315673289,0.0206896551724137,0.0204778156996587,0.0448484848484848,0.0285335102853351,0.0239680426098535,0.0262773722627737,0.0271084337349397,0.0246821241585639,0.0271348762968874,0.0301151461470327,0.0358361774744027,-0.2818181818181818,-0.0589519650655021,0.1388888888888888,-0.141025641025641,29.625,-0.099630996309963,0.0692307692307692,0.1666666666666667,0.1597222222222223,0.0994874611019587,0.1263042284459088,-0.0915088163564816,28.56548599670511,-0.3066646697618691,-0.22265625,Materials,15.0,1.0,68,7.507690077819904,1723.0,1758.0,8.731013415269564,7.613818684808629,8.729882284826589,7.534228326274089
EMN,2012Q2,2012,Q2,0,1,0,0,1853.0,481.0,1372.0,164.0,121.0,369.0,298.0,268.0,179.0,43.0,222.0,8566.0,2123.0,6191.0,2025.0,0.0232056125202374,0.0652995143011333,0.259579060982191,0.16082029141932,0.0966001079330814,41.0,42.0,41.0,39.0,36.0,37.0,43.0,36.0,36.0,36.0,33.0,34.0,0.0225151015925315,0.024376088218224,0.0226269315673289,0.0206896551724137,0.0204778156996587,0.0448484848484848,0.0285335102853351,0.0239680426098535,0.0262773722627737,0.0271084337349397,0.0246821241585639,0.0271348762968874,-0.0169761273209548,-0.1516587677725118,0.0147679324894514,0.1025641025641026,-0.0933660933660933,-0.0628930817610062,-0.1241830065359477,-0.0276399716513111,0.0254237288135592,0.1631205673758864,0.1216046051448103,0.0431320716748837,0.032292257281498,-0.0467099077817035,-0.137008514436689,-0.1119999999999999,Materials,15.0,2.0,69,7.5251007461258,1821.0,1885.0,9.055672891964043,7.66105638236183,8.731013415269564,7.613818684808629
EMN,2012Q3,2012,Q3,0,0,1,0,2259.0,525.0,1734.0,262.0,173.0,383.0,263.0,218.0,154.0,52.0,206.0,11645.0,3010.0,8566.0,2123.0,0.0230190349712262,0.0765825586542718,0.2324037184594953,0.116423196104471,0.0681717574147853,43.0,41.0,42.0,41.0,39.0,36.0,37.0,43.0,36.0,36.0,36.0,33.0,0.0232056125202374,0.0225151015925315,0.024376088218224,0.0226269315673289,0.0206896551724137,0.0204778156996587,0.0448484848484848,0.0285335102853351,0.0239680426098535,0.0262773722627737,0.0271084337349397,0.0246821241585639,0.2466887417218544,-0.0666666666666666,0.2124711316397227,0.2682926829268293,0.1133720930232558,0.02734375,-0.0840336134453781,0.2574329224075418,0.5175438596491229,0.617283950617284,0.0173290577527289,0.2172596165047411,-0.0274467948069155,-0.1759420650730411,-0.2513501549358122,0.0,Materials,15.0,3.0,70,7.723120092266331,1853.0,1812.0,9.362718052397065,8.010027528481734,9.055672891964043,7.66105638236183
EMN,2012Q4,2012,Q4,0,0,0,1,2169.0,325.0,1844.0,369.0,224.0,75.0,-44.0,-86.0,-54.0,62.0,8.0,11619.0,2944.0,11645.0,3010.0,0.028584601198709,0.103273397879207,0.1498386353158137,-0.020285846011987,-0.0248962655601659,52.0,43.0,41.0,42.0,41.0,39.0,36.0,37.0,43.0,36.0,36.0,36.0,0.0230190349712262,0.0232056125202374,0.0225151015925315,0.024376088218224,0.0226269315673289,0.0206896551724137,0.0204778156996587,0.0448484848484848,0.0285335102853351,0.0239680426098535,0.0262773722627737,0.0271084337349397,0.2588508415554265,-1.54,0.0030864197530864,0.4761904761904763,-0.6767241379310345,-1.2699386503067485,-1.577181208053691,0.3180843459614009,0.8823529411764706,1.2919254658385095,0.1726492348898989,0.4952946600493586,-0.2031729362680646,-1.2144325931205753,-1.4289626556016597,-0.943661971830986,Materials,15.0,4.0,71,7.682482446534506,2259.0,1723.0,9.360483030405902,7.987864096085687,9.362718052397065,8.010027528481734
EMN,2013Q1,2013,Q1,1,0,0,0,2307.0,616.0,1691.0,223.0,171.0,503.0,393.0,345.0,247.0,49.0,296.0,11687.0,3105.0,11619.0,2944.0,0.0212397052449068,0.0741222366710013,0.2670134373645427,0.1703511053315994,0.1070654529692241,62.0,52.0,43.0,41.0,42.0,41.0,39.0,36.0,37.0,43.0,36.0,36.0,0.028584601198709,0.0230190349712262,0.0232056125202374,0.0225151015925315,0.024376088218224,0.0226269315673289,0.0206896551724137,0.0204778156996587,0.0448484848484848,0.0285335102853351,0.0239680426098535,0.0262773722627737,0.2668863261943988,0.5632911392405062,0.4292343387470998,0.1951219512195121,0.5014925373134329,0.6040816326530611,0.4139344262295081,0.216546762589928,0.3571428571428572,0.3353293413173652,-0.0566462621713342,0.0712428014118522,0.1281472608836016,0.2661606645258882,0.2339632269427662,0.4874371859296482,Materials,15.0,1.0,72,7.744136627627991,2169.0,1821.0,9.366317953430535,8.041091003708633,9.360483030405902,7.987864096085687
EMN,2013Q2,2013,Q2,0,1,0,0,2440.0,677.0,1763.0,249.0,180.0,537.0,428.0,382.0,264.0,51.0,315.0,11762.0,3290.0,11687.0,3105.0,0.0209016393442622,0.0737704918032786,0.2774590163934426,0.1754098360655737,0.1081967213114754,49.0,62.0,52.0,43.0,41.0,42.0,41.0,39.0,36.0,37.0,43.0,36.0,0.0212397052449068,0.028584601198709,0.0230190349712262,0.0232056125202374,0.0225151015925315,0.024376088218224,0.0226269315673289,0.0206896551724137,0.0204778156996587,0.0448484848484848,0.0285335102853351,0.0239680426098535,0.3167835941716135,0.4748603351955307,0.4074844074844075,0.186046511627907,0.4552845528455285,0.4362416107382549,0.4253731343283582,0.2849854227405248,0.4876033057851239,0.5182926829268293,-0.099285169653069,0.1297249695163256,0.068880576667462,0.0907195511057321,0.120047623408737,0.4189189189189188,Materials,15.0,2.0,73,7.80016307039296,2307.0,1853.0,9.372714290960442,8.098946748943339,9.366317953430535,8.041091003708633
EMN,2013Q3,2013,Q3,0,0,1,0,2338.0,689.0,1649.0,210.0,159.0,588.0,479.0,434.0,308.0,48.0,356.0,11727.0,3588.0,11762.0,3290.0,0.020530367835757,0.0680068434559452,0.2946963216424294,0.2048759623609923,0.1317365269461078,51.0,49.0,62.0,52.0,43.0,41.0,42.0,41.0,39.0,36.0,37.0,43.0,0.0209016393442622,0.0212397052449068,0.028584601198709,0.0230190349712262,0.0232056125202374,0.0225151015925315,0.024376088218224,0.0226269315673289,0.0206896551724137,0.0204778156996587,0.0448484848484848,0.0285335102853351,0.034971226206286,1.0,0.3123809523809524,-0.0769230769230768,0.5352480417754568,0.8212927756653992,0.9908256880733946,-0.0490196078431373,-0.0809248554913294,-0.1984732824427481,-0.1081134434427848,-0.1119800036590732,0.2680361725528535,0.7597520873516412,0.9324208725406332,0.7281553398058251,Materials,15.0,3.0,74,7.757478766584179,2440.0,2259.0,9.369734424126433,8.185628891147607,9.372714290960442,8.098946748943339
EMN,2013Q4,2013,Q4,0,0,0,1,2265.0,794.0,1471.0,232.0,135.0,670.0,562.0,518.0,346.0,45.0,391.0,11845.0,3796.0,11727.0,3588.0,0.020373586464781806,0.0596026490066225,0.3505518763796909,0.2481236203090507,0.1527593818984547,48.0,51.0,49.0,62.0,52.0,43.0,41.0,42.0,41.0,39.0,36.0,37.0,0.020530367835757,0.0209016393442622,0.0212397052449068,0.028584601198709,0.0230190349712262,0.0232056125202374,0.0225151015925315,0.024376088218224,0.0226269315673289,0.0206896551724137,0.0204778156996587,0.0448484848484848,0.0442600276625173,-7.407407407407407,1.443076923076923,-0.2741935483870967,7.933333333333334,-13.772727272727272,-7.023255813953488,-0.2022776572668112,-0.3973214285714286,-0.3712737127371274,-0.3049562059389019,-0.4228654210028382,1.339529291900153,-13.231366646598437,-7.135835172921267,47.875,Materials,15.0,4.0,75,7.725771441587952,2338.0,2169.0,9.37974553683691,8.241966560231802,9.369734424126433,8.185628891147607
EMN,2014Q1,2014,Q1,1,0,0,0,2305.0,595.0,1710.0,234.0,168.0,474.0,361.0,322.0,233.0,53.0,286.0,11947.0,3729.0,11845.0,3796.0,0.0229934924078091,0.0728850325379609,0.2581344902386117,0.1566160520607375,0.1010845986984815,45.0,48.0,51.0,49.0,62.0,52.0,43.0,41.0,42.0,41.0,39.0,36.0,0.020373586464781806,0.020530367835757,0.0209016393442622,0.0212397052449068,0.028584601198709,0.0230190349712262,0.0232056125202374,0.0225151015925315,0.024376088218224,0.0226269315673289,0.0206896551724137,0.0204778156996587,-0.00086692674469,-0.0566801619433198,-0.034090909090909,0.0816326530612245,-0.0576540755467196,-0.0814249363867684,-0.0666666666666666,0.0112359550561798,-0.0175438596491228,0.0493273542600896,0.0825711629554208,-0.016691403128211,-0.0332528100966278,-0.0806279081320063,-0.0558616631684333,-0.0337837837837837,Materials,15.0,1.0,76,7.743269700829004,2265.0,2307.0,9.388319179336001,8.224163512637862,9.37974553683691,8.241966560231802
EMN,2014Q2,2014,Q2,0,1,0,0,2460.0,657.0,1803.0,221.0,172.0,557.0,436.0,399.0,292.0,56.0,348.0,12238.0,3882.0,11947.0,3729.0,0.0227642276422764,0.0699186991869918,0.2670731707317073,0.1772357723577236,0.1186991869918699,53.0,45.0,48.0,51.0,49.0,62.0,52.0,43.0,41.0,42.0,41.0,39.0,0.0229934924078091,0.020373586464781806,0.020530367835757,0.0209016393442622,0.0212397052449068,0.028584601198709,0.0230190349712262,0.0232056125202374,0.0225151015925315,0.024376088218224,0.0226269315673289,0.0206896551724137,0.0081967213114753,0.1060606060606059,-0.0295420974889216,0.0980392156862746,0.0372439478584729,0.0186915887850467,0.044502617801047,0.022688598979013,-0.0444444444444444,-0.1124497991967871,0.0891120675912642,-0.0522131887985546,-0.0374319991353531,0.01040954334777,0.0970682434097067,0.1047619047619048,Materials,15.0,2.0,77,7.8083230503910555,2305.0,2440.0,9.412382853382338,8.264363329731667,9.388319179336001,8.224163512637862
EMN,2014Q3,2014,Q3,0,0,1,0,2413.0,636.0,1777.0,298.0,171.0,459.0,338.0,298.0,210.0,56.0,266.0,12135.0,3901.0,12238.0,3882.0,0.0232076253626191,0.0708661417322834,0.2635723166183174,0.1400745959386655,0.0870285951098218,56.0,53.0,45.0,48.0,51.0,49.0,62.0,52.0,43.0,41.0,42.0,41.0,0.0227642276422764,0.0229934924078091,0.020373586464781806,0.020530367835757,0.0209016393442622,0.0212397052449068,0.028584601198709,0.0230190349712262,0.0232056125202374,0.0225151015925315,0.024376088218224,0.0226269315673289,0.0320786997433704,-0.3181818181818182,-0.0769230769230768,0.1666666666666667,-0.2193877551020407,-0.2943632567849686,-0.3133640552995391,0.0776228016979987,0.0754716981132075,0.4190476190476191,0.1304047520375741,0.0420442727677907,-0.1056138225636775,-0.3162956047920666,-0.3393738462118072,-0.2528089887640449,Materials,15.0,3.0,78,7.789040401657477,2460.0,2338.0,9.403931521028369,8.269244521183056,9.412382853382338,8.264363329731667
EMN,2014Q4,2014,Q4,0,0,0,1,2349.0,333.0,2016.0,306.0,244.0,153.0,27.0,-29.0,16.0,62.0,78.0,16072.0,3510.0,12135.0,3901.0,0.0263942103022562,0.1038739889314602,0.1417624521072797,0.0114942528735632,0.0068114091102596,56.0,56.0,53.0,45.0,48.0,51.0,49.0,62.0,52.0,43.0,41.0,42.0,0.0232076253626191,0.0227642276422764,0.0229934924078091,0.020373586464781806,0.020530367835757,0.0209016393442622,0.0212397052449068,0.028584601198709,0.0230190349712262,0.0232056125202374,0.0225151015925315,0.024376088218224,0.0370860927152318,-0.953757225433526,-0.5806045340050379,0.3777777777777777,-0.7716417910447761,-0.9519572953736656,-1.055984555984556,0.3704962610469069,0.8074074074074074,0.3189655172413792,0.3285085852135661,0.7427747031833878,-0.5956020730189061,-0.9536752975825254,-0.9554108623273464,-0.8005115089514067,Materials,15.0,4.0,79,7.762170607138205,2413.0,2265.0,9.684896124569141,8.163656176168432,9.403931521028369,8.269244521183056
EMN,2015Q1,2015,Q1,1,0,0,0,2443.0,656.0,1787.0,345.0,180.0,471.0,311.0,256.0,171.0,56.0,227.0,15834.0,3443.0,16072.0,3510.0,0.0229226361031518,0.0736799017601309,0.2685223086369218,0.1273024969300041,0.0699959066721244,62.0,56.0,56.0,53.0,45.0,48.0,51.0,49.0,62.0,52.0,43.0,41.0,0.0263942103022562,0.0232076253626191,0.0227642276422764,0.0229934924078091,0.0203722671073783,0.020530367835757,0.0209016393442622,0.0212397052449068,0.028584601198709,0.0230190349712262,0.0232056125202374,0.0225151015925315,0.0598698481561821,-0.2660944206008584,0.1025210084033614,0.0566037735849056,-0.0063291139240506,-0.1385041551246537,-0.2049689440993789,0.0450292397660818,0.0714285714285714,0.4743589743589744,-0.003081580796886,0.0109057949827495,0.0402418847195038,-0.1871682675244891,-0.3075512236942196,-0.2062937062937062,Materials,15.0,1.0,80,7.8013913202914855,2349.0,2305.0,9.66997795897274,8.144388865547622,9.684896124569141,8.163656176168432
EMN,2015Q2,2015,Q2,0,1,0,0,2533.0,720.0,1813.0,251.0,194.0,615.0,469.0,403.0,297.0,57.0,354.0,15886.0,3764.0,15834.0,3443.0,0.0225029609159099,0.0765890248716936,0.284247927358863,0.1851559415712593,0.1172522700355309,56.0,62.0,56.0,56.0,53.0,45.0,48.0,51.0,49.0,62.0,52.0,43.0,0.0229226361031518,0.0263942103022562,0.0232076253626191,0.0227642276422764,0.0229934924078091,0.020370947749974794,0.020530367835757,0.0209016393442622,0.0212397052449068,0.028584601198709,0.0230190349712262,0.0232056125202374,0.0296747967479675,0.0171232876712328,0.095890410958904,0.0178571428571427,0.104129263913824,0.0756880733944953,0.0100250626566416,0.0055463117027176,0.127906976744186,0.1357466063348416,-0.0114770740510969,0.0954011696765486,0.0643073079190303,0.044687193269032,-0.0121897798376499,0.0172413793103447,Materials,15.0,2.0,81,7.837554360881084,2443.0,2460.0,9.673256443720023,8.233503140233994,9.66997795897274,8.144388865547622
EMN,2015Q3,2015,Q3,0,0,1,0,2447.0,695.0,1752.0,263.0,183.0,565.0,432.0,353.0,256.0,64.0,320.0,15880.0,3877.0,15886.0,3764.0,0.0261544748671843,0.0747854515733551,0.2840212505108296,0.176542705353494,0.1046178994687372,57.0,56.0,62.0,56.0,56.0,53.0,45.0,48.0,51.0,49.0,62.0,52.0,0.0225029609159099,0.0229226361031518,0.0263942103022562,0.0232076253626191,0.0227642276422764,0.0229934924078091,0.02036962839257129,0.020530367835757,0.0209016393442622,0.0212397052449068,0.028584601198709,0.0230190349712262,0.0140903439701616,0.2190476190476191,0.0927672955974843,0.1428571428571428,0.2309368191721132,0.2781065088757397,0.1845637583892616,-0.0140686550365785,0.0701754385964912,-0.1174496644295302,0.1269776402592095,0.0553058166462334,0.0775837696267796,0.2603477752011278,0.2021094829431566,0.2030075187969924,Materials,15.0,3.0,82,7.803026643632217,2533.0,2413.0,9.672878705110646,8.263074835802596,9.673256443720023,8.233503140233994
EMN,2015Q4,2015,Q4,0,0,0,1,2225.0,509.0,1716.0,337.0,210.0,328.0,172.0,117.0,124.0,74.0,198.0,15611.0,3941.0,15880.0,3877.0,0.0332584269662921,0.0943820224719101,0.2287640449438202,0.0773033707865168,0.0557303370786516,64.0,57.0,56.0,62.0,56.0,56.0,53.0,45.0,48.0,51.0,49.0,62.0,0.0261544748671843,0.0225029609159099,0.0229226361031518,0.0263942103022562,0.0232076253626191,0.0227642276422764,0.0229934924078091,0.020368309035167783,0.020530367835757,0.0209016393442622,0.0212397052449068,0.028584601198709,-0.0527884206045126,6.75,0.5285285285285286,0.1935483870967742,1.1437908496732023,5.37037037037037,-5.0344827586206895,-0.1488095238095238,-0.139344262295082,0.1013071895424837,0.2600652410293584,-0.0913796279241112,0.6137139386577588,5.725393258426966,7.181910112359551,1.5384615384615383,Materials,15.0,4.0,83,7.70796153183549,2447.0,2349.0,9.655795128300506,8.279443487712665,9.672878705110646,8.263074835802596
EMN,2016Q1,2016,Q1,1,0,0,0,2236.0,634.0,1602.0,235.0,183.0,540.0,399.0,323.0,251.0,54.0,305.0,15616.0,4204.0,15611.0,3941.0,0.0241502683363148,0.0818425760286225,0.2835420393559928,0.1784436493738819,0.1122540250447227,74.0,64.0,57.0,56.0,62.0,56.0,56.0,53.0,45.0,48.0,51.0,49.0,0.0332584269662921,0.0261544748671843,0.0225029609159099,0.0229226361031518,0.0263942103022562,0.0232076253626191,0.0227642276422764,0.0229934924078091,0.02036698967776428,0.020530367835757,0.0209016393442622,0.0212397052449068,-0.0847318870241506,0.4678362573099415,-0.0335365853658536,-0.0357142857142857,0.1464968152866241,0.2829581993569132,0.26171875,-0.1035254616675993,0.0166666666666666,-0.3188405797101449,0.0535554561717352,0.1107856290995823,0.055934759369955,0.4017293743421015,0.6037227086798691,0.3436123348017621,Materials,15.0,1.0,84,7.71289096149013,2225.0,2443.0,9.656115343487846,8.344029572407049,9.655795128300506,8.279443487712665
EMN,2016Q2,2016,Q2,0,1,0,0,2297.0,605.0,1692.0,229.0,174.0,539.0,376.0,324.0,255.0,55.0,310.0,15582.0,4375.0,15616.0,4204.0,0.0239442751414888,0.0757509795385285,0.2633870265563778,0.1636917718763604,0.1110143665650849,54.0,74.0,64.0,57.0,56.0,62.0,56.0,56.0,53.0,45.0,48.0,51.0,0.0241502683363148,0.0332584269662921,0.0261544748671843,0.0225029609159099,0.0229226361031518,0.0263942103022562,0.0232076253626191,0.0227642276422764,0.0229934924078091,0.020365670320360775,0.020530367835757,0.0209016393442622,-0.0931701539676272,-0.1414141414141414,-0.1597222222222222,-0.0350877192982456,-0.1235772357723576,-0.1982942430703624,-0.1960297766749379,-0.0667402095973525,-0.1030927835051546,-0.0876494023904382,0.0640499812875678,-0.0109421073655013,-0.0733898079620762,-0.115924822680552,-0.0532007053556899,-0.1242937853107344,Materials,15.0,2.0,85,7.739794458408701,2236.0,2533.0,9.653935855445614,8.383890344101816,9.656115343487846,8.344029572407049
EMN,2016Q3,2016,Q3,0,0,1,0,2272.0,652.0,1620.0,235.0,181.0,507.0,417.0,289.0,232.0,54.0,286.0,15489.0,4444.0,15582.0,4375.0,0.0237676056338028,0.0796654929577464,0.2869718309859155,0.1835387323943662,0.102112676056338,55.0,54.0,74.0,64.0,57.0,56.0,62.0,56.0,56.0,53.0,45.0,48.0,0.0239442751414888,0.0241502683363148,0.0332584269662921,0.0261544748671843,0.0225029609159099,0.0229226361031518,0.0263942103022562,0.0232076253626191,0.0227642276422764,0.0229934924078091,0.02036435096295727,0.020530367835757,-0.071516142214957,-0.09375,-0.0618705035971223,-0.15625,-0.1026548672566372,-0.0347222222222222,-0.1813031161473087,-0.0753424657534246,-0.0109289617486338,-0.1064638783269962,-0.0912604533450704,0.0652538867082275,0.0103885905360219,0.0396279587245695,-0.0239464128521126,-0.1062499999999999,Materials,15.0,3.0,86,7.728855823852543,2297.0,2447.0,9.647949933410914,8.399535147948004,9.653935855445614,8.383890344101816
EMN,2016Q4,2016,Q4,0,0,0,1,2170.0,524.0,1646.0,215.0,161.0,347.0,309.0,134.0,128.0,54.0,182.0,15457.0,4545.0,15489.0,4444.0,0.0248847926267281,0.0741935483870967,0.2414746543778801,0.1423963133640553,0.0589861751152073,54.0,55.0,54.0,74.0,64.0,57.0,56.0,62.0,56.0,56.0,53.0,45.0,0.0237676056338028,0.0239442751414888,0.0241502683363148,0.0332584269662921,0.0261544748671843,0.0225029609159099,0.0229226361031518,0.0263942103022562,0.0232076253626191,0.0227642276422764,0.0229934924078091,0.020363031605553764,-0.0247191011235955,0.032258064516129,0.0294695481335953,-0.2702702702702703,0.0579268292682926,0.7965116279069768,0.1452991452991452,-0.0407925407925408,-0.2333333333333332,-0.3620178041543026,-0.2517748162909454,-0.2139016897081413,0.0555620942844468,0.8420453327617621,0.0584212873494871,-0.0808080808080807,Materials,15.0,4.0,87,7.682943169878292,2272.0,2225.0,9.645881947666817,8.422003004412488,9.647949933410914,8.399535147948004
EMN,2017Q1,2017,Q1,1,0,0,0,2291.0,620.0,1671.0,228.0,174.0,552.0,392.0,341.0,278.0,54.0,332.0,15755.0,4651.0,15457.0,4545.0,0.0235704932343954,0.0759493670886076,0.270624181580096,0.1711043212570929,0.1213443910955914,54.0,54.0,55.0,54.0,74.0,64.0,57.0,56.0,62.0,56.0,56.0,53.0,0.0248847926267281,0.0237676056338028,0.0239442751414888,0.0241502683363148,0.0332584269662921,0.0261544748671843,0.0225029609159099,0.0229226361031518,0.0263942103022562,0.0232076253626191,0.0227642276422764,0.0229934924078091,0.0245974955277281,0.1075697211155377,-0.0220820189274447,0.0,0.0222222222222221,-0.0175438596491228,0.0557275541795665,0.0430711610486891,-0.0491803278688525,-0.0297872340425532,-0.0240069838498472,-0.0720066403818219,-0.0455588801055288,-0.0411296683437096,0.0809803127081374,0.0885245901639344,Materials,15.0,1.0,88,7.73718007783463,2170.0,2236.0,9.664976524090797,8.445052513638554,9.645881947666817,8.422003004412488
EMN,2017Q2,2017,Q2,0,1,0,0,2409.0,640.0,1769.0,239.0,181.0,566.0,401.0,359.0,292.0,55.0,347.0,15964.0,4812.0,15755.0,4651.0,0.0228310502283105,0.0751349107513491,0.265670402656704,0.1664591116645911,0.1212121212121212,54.0,54.0,54.0,55.0,54.0,74.0,64.0,57.0,56.0,62.0,56.0,56.0,0.0235704932343954,0.0248847926267281,0.0237676056338028,0.0239442751414888,0.0241502683363148,0.0332584269662921,0.0261544748671843,0.0225029609159099,0.0229226361031518,0.0263942103022562,0.0232076253626191,0.0227642276422764,0.0487592511972136,0.1450980392156862,0.0578512396694215,0.0,0.0500927643784787,0.0664893617021276,0.1080246913580247,0.0455082742316785,0.0402298850574711,0.0436681222707424,-0.0464923204649232,-0.0081328161158108,0.0086692808304946,0.0169057965254408,0.0918597742127154,0.1193548387096774,Materials,15.0,2.0,89,7.787382026484701,2291.0,2297.0,9.678154105148883,8.47907586930311,9.664976524090797,8.445052513638554
EMN,2017Q3,2017,Q3,0,0,1,0,2459.0,680.0,1779.0,239.0,180.0,611.0,441.0,403.0,323.0,56.0,379.0,16024.0,5023.0,15964.0,4812.0,0.0227734851565677,0.0732004880032533,0.2765351769011793,0.1793411956079707,0.1313542090280602,55.0,54.0,54.0,54.0,55.0,54.0,74.0,64.0,57.0,56.0,62.0,56.0,0.0228310502283105,0.0235704932343954,0.0248847926267281,0.0237676056338028,0.0239442751414888,0.0241502683363148,0.0332584269662921,0.0261544748671843,0.0225029609159099,0.0229226361031518,0.0263942103022562,0.0232076253626191,0.082306338028169,0.3922413793103447,0.0429447852760735,0.0370370370370369,0.205128205128205,0.0575539568345324,0.3944636678200692,0.0981481481481481,-0.005524861878453,0.0170212765957447,-0.0418266985977437,-0.0811518853956265,-0.0363682179149088,-0.022870032562807,0.2863653573782445,0.3251748251748252,Materials,15.0,3.0,90,7.807916628926408,2409.0,2272.0,9.68190528178887,8.521981708148035,9.678154105148883,8.47907586930311
EMN,2017Q4,2017,Q4,0,0,0,1,2355.0,563.0,1792.0,242.0,189.0,392.0,321.0,199.0,581.0,49.0,630.0,15999.0,5494.0,16024.0,5023.0,0.0208067940552016,0.0802547770700636,0.2390658174097664,0.1363057324840764,0.2467091295116772,56.0,55.0,54.0,54.0,54.0,55.0,54.0,74.0,64.0,57.0,56.0,62.0,0.0227734851565677,0.0228310502283105,0.0235704932343954,0.0248847926267281,0.0237676056338028,0.0239442751414888,0.0241502683363148,0.0332584269662921,0.0261544748671843,0.0225029609159099,0.0229226361031518,0.0263942103022562,0.0852534562211981,3.5390625,0.0744274809160305,-0.0925925925925925,0.1296829971181556,0.0388349514563106,0.4850746268656716,0.088699878493317,0.1739130434782609,0.1255813953488371,-0.1638751277817095,0.0816948213791193,-0.0099755271389442,-0.042772040483994,3.1824907112526537,2.4615384615384617,Materials,15.0,4.0,91,7.764720544771477,2459.0,2170.0,9.680344001221918,8.611593866837723,9.68190528178887,8.521981708148035
EMN,2018Q1,2018,Q1,1,0,0,0,2604.0,667.0,1937.0,246.0,190.0,561.0,421.0,350.0,290.0,56.0,346.0,16366.0,5545.0,15999.0,5494.0,0.021505376344086,0.0729646697388632,0.2561443932411674,0.1616743471582181,0.1113671274961597,49.0,56.0,55.0,54.0,54.0,54.0,55.0,54.0,74.0,64.0,57.0,56.0,0.0208067940552016,0.0227734851565677,0.0228310502283105,0.0235704932343954,0.0248847926267281,0.0237676056338028,0.0239442751414888,0.0241502683363148,0.0332584269662921,0.0261544748671843,0.0225029609159099,0.0229226361031518,0.1366215626364033,0.0431654676258992,0.0758064516129033,0.0370370370370369,0.0163043478260869,0.0739795918367347,0.0263929618768328,0.1591861160981449,0.0919540229885058,0.0789473684210526,-0.0876144962166466,-0.0392985151049667,-0.0535051533620732,-0.0551124251543935,-0.0822227011017914,0.0421686746987952,Materials,15.0,1.0,92,7.865187954187467,2355.0,2291.0,9.703022391505884,8.620832226175724,9.680344001221918,8.611593866837723
EMN,2018Q2,2018,Q2,0,1,0,0,2613.0,658.0,1955.0,249.0,189.0,640.0,409.0,430.0,344.0,60.0,404.0,16260.0,5697.0,16366.0,5545.0,0.0229621125143513,0.0723306544202066,0.2518178339073861,0.1565250669728281,0.1316494450822809,56.0,49.0,56.0,55.0,54.0,54.0,54.0,55.0,54.0,74.0,64.0,57.0,0.021505376344086,0.0208067940552016,0.0227734851565677,0.0228310502283105,0.0235704932343954,0.0248847926267281,0.0237676056338028,0.0239442751414888,0.0241502683363148,0.0332584269662921,0.0261544748671843,0.0225029609159099,0.0846824408468243,0.1780821917808219,0.0281249999999999,0.0909090909090908,0.1307420494699647,0.0199501246882793,0.1977715877437325,0.105144149236857,0.0441988950276244,0.0418410041841004,0.005740528128588,-0.0373229475233268,-0.0521419345579793,-0.0596785876869251,0.0861079219288174,0.1642651296829971,Materials,15.0,2.0,93,7.868636894184167,2604.0,2409.0,9.696524881825722,8.647870515057853,9.703022391505884,8.620832226175724
EMN,2018Q3,2018,Q3,0,0,1,0,2540.0,646.0,1894.0,235.0,175.0,666.0,411.0,459.0,412.0,60.0,472.0,16362.0,5920.0,16260.0,5697.0,0.0236220472440944,0.0688976377952756,0.2543307086614173,0.1618110236220472,0.1622047244094488,60.0,56.0,49.0,56.0,55.0,54.0,54.0,54.0,55.0,54.0,74.0,64.0,0.0229621125143513,0.021505376344086,0.0208067940552016,0.0227734851565677,0.0228310502283105,0.0235704932343954,0.0248847926267281,0.0237676056338028,0.0239442751414888,0.0241502683363148,0.0332584269662921,0.0261544748671843,0.032940219601464,0.2755417956656347,-0.05,0.0714285714285714,0.0900163666121112,-0.0680272108843537,0.1389578163771712,0.0646430578976953,-0.0277777777777777,-0.0167364016736402,0.0372609673790775,-0.0587817147856516,-0.0802952755905511,-0.097747602978199,0.2348650691109433,0.2453825857519789,Materials,15.0,3.0,94,7.840312983320164,2613.0,2459.0,9.702777967428895,8.686260632531775,9.696524881825722,8.647870515057853
EMN,2018Q4,2018,Q4,0,0,0,1,2365.0,458.0,1907.0,226.0,167.0,280.0,232.0,71.0,34.0,59.0,93.0,15995.0,5803.0,16362.0,5920.0,0.0249471458773784,0.0706131078224101,0.1936575052854122,0.0980972515856236,0.0143763213530655,60.0,60.0,56.0,49.0,56.0,55.0,54.0,54.0,54.0,55.0,54.0,74.0,0.0236220472440944,0.0229621125143513,0.021505376344086,0.0208067940552016,0.0227734851565677,0.0228310502283105,0.0235704932343954,0.0248847926267281,0.0237676056338028,0.0239442751414888,0.0241502683363148,0.0332584269662921,0.0042462845010615,-0.9414802065404476,-0.1865008880994672,0.2040816326530612,-0.2857142857142857,-0.2772585669781932,-0.6432160804020101,0.0641741071428572,-0.1164021164021164,-0.0661157024793388,0.1989903783923716,-0.1201382596731434,-0.1899406306445011,-0.2803145561241627,-0.9417276475275916,-0.8523809523809524,Materials,15.0,4.0,95,7.768956044538332,2540.0,2355.0,9.680093969966709,8.666302614004078,9.702777967428895,8.686260632531775
EMN,2019Q1,2019,Q1,1,0,0,0,2374.0,571.0,1803.0,245.0,187.0,475.0,326.0,264.0,209.0,58.0,267.0,16361.0,5843.0,15995.0,5803.0,0.0244313395113732,0.0787700084245998,0.2405223251895535,0.1373209772535804,0.0880370682392586,59.0,60.0,60.0,56.0,49.0,56.0,55.0,54.0,54.0,54.0,55.0,54.0,0.0249471458773784,0.0236220472440944,0.0229621125143513,0.021505376344086,0.0208067940552016,0.0227734851565677,0.0228310502283105,0.0235704932343954,0.0248847926267281,0.0237676056338028,0.0239442751414888,0.0241502683363148,-0.0883256528417818,-0.2793103448275862,-0.1439280359820089,0.0357142857142858,-0.1532976827094474,-0.2256532066508313,-0.2457142857142856,-0.0691791430046463,-0.0157894736842105,-0.0040650406504064,0.1360572872788541,0.0795636944087261,-0.060989303158025,-0.1506322452058824,-0.2094878424309327,-0.2283236994219653,Materials,15.0,1.0,96,7.772752716468742,2365.0,2604.0,9.702716852073644,8.67317077287059,9.680093969966709,8.666302614004078
EMN,2019Q2,2019,Q2,0,1,0,0,2356.0,590.0,1766.0,222.0,165.0,526.0,368.0,316.0,258.0,57.0,315.0,16256.0,5869.0,16361.0,5843.0,0.0241935483870967,0.0700339558573854,0.2504244482173174,0.1561969439728353,0.1095076400679117,58.0,59.0,60.0,60.0,56.0,49.0,56.0,55.0,54.0,54.0,54.0,55.0,0.0244313395113732,0.0249471458773784,0.0236220472440944,0.0229621125143513,0.021505376344086,0.0208067940552016,0.0227734851565677,0.0228310502283105,0.0235704932343954,0.0248847926267281,0.0237676056338028,0.0239442751414888,-0.0983543819364715,-0.25,-0.1033434650455926,-0.05,-0.1781249999999999,-0.100244498777506,-0.2651162790697674,-0.0966751918158568,-0.1269841269841269,-0.108433734939759,0.0536290322580643,-0.0317527690193225,-0.0055333082190721,-0.0020962968190252,-0.1681876061120543,-0.2202970297029702,Materials,15.0,2.0,97,7.7651449029361315,2374.0,2613.0,9.696278864234223,8.677609912822142,9.702716852073644,8.67317077287059
EMN,2019Q3,2019,Q3,0,0,1,0,2318.0,581.0,1737.0,222.0,163.0,517.0,359.0,313.0,266.0,59.0,325.0,16137.0,6020.0,16256.0,5869.0,0.0254529767040552,0.0703192407247627,0.2506471095772217,0.1548748921484038,0.1147540983606557,57.0,58.0,59.0,60.0,60.0,56.0,49.0,56.0,55.0,54.0,54.0,54.0,0.0241935483870967,0.0244313395113732,0.0249471458773784,0.0236220472440944,0.0229621125143513,0.021505376344086,0.0208067940552016,0.0227734851565677,0.0228310502283105,0.0235704932343954,0.0248847926267281,0.0237676056338028,-0.0874015748031495,-0.3543689320388349,-0.1006191950464396,-0.0166666666666667,-0.2237237237237237,-0.1265206812652067,-0.318082788671024,-0.0828933474128827,-0.0685714285714286,-0.0553191489361701,0.0775093471383376,0.0206335510908417,-0.0144835010431219,-0.0428656300317623,-0.2925354130192583,-0.3114406779661016,Materials,15.0,3.0,98,7.7488913372555315,2356.0,2540.0,9.688932018408451,8.703008637464448,9.696278864234223,8.677609912822142
EMN,2019Q4,2019,Q4,0,0,0,1,2199.0,506.0,1693.0,236.0,176.0,210.0,270.0,9.0,26.0,60.0,86.0,16008.0,5958.0,16137.0,6020.0,0.0272851296043656,0.0800363801728058,0.2301045929968167,0.1227830832196452,0.0118235561618917,59.0,57.0,58.0,59.0,60.0,60.0,56.0,49.0,56.0,55.0,54.0,54.0,0.0254529767040552,0.0241935483870967,0.0244313395113732,0.0249471458773784,0.0236220472440944,0.0229621125143513,0.021505376344086,0.0208067940552016,0.0227734851565677,0.0228310502283105,0.0235704932343954,0.0248847926267281,-0.0701902748414375,-0.2352941176470588,0.1048034934497816,0.0169491525423728,-0.25,0.1637931034482758,-0.8732394366197183,-0.1122181436811746,0.0538922155688623,0.0442477876106195,0.0937174832936389,0.1334493359801543,0.1882038481167502,0.2516465164416426,-0.1775673434448813,-0.0752688172043011,Materials,15.0,4.0,99,7.696212639346407,2318.0,2365.0,9.680906343078094,8.69265796074698,9.688932018408451,8.703008637464448
EMN,2020Q1,2020,Q1,1,0,0,0,2235.0,572.0,1663.0,221.0,160.0,506.0,351.0,316.0,258.0,61.0,319.0,16465.0,6117.0,16008.0,5958.0,0.0272930648769574,0.0715883668903803,0.2559284116331096,0.1570469798657718,0.1154362416107382,60.0,59.0,57.0,58.0,59.0,60.0,60.0,56.0,49.0,56.0,55.0,54.0,0.0272851296043656,0.0254529767040552,0.0241935483870967,0.0244313395113732,0.0249471458773784,0.0236220472440944,0.0229621125143513,0.021505376344086,0.0208067940552016,0.0227734851565677,0.0228310502283105,0.0235704932343954,-0.0585509688289805,0.2344497607655502,0.0017513134851139,0.0517241379310344,0.0652631578947369,0.0766871165644171,0.196969696969697,-0.0776483638380477,-0.1443850267379679,-0.0979591836734693,0.1171333796189153,-0.0911722834344231,0.0640526255989533,0.1436488656482892,0.3112231463344144,0.1947565543071161,Materials,15.0,1.0,100,7.71244383427499,2199.0,2374.0,9.709052927858371,8.718990524710849,9.680906343078094,8.69265796074698
EMN,2020Q2,2020,Q2,0,1,0,0,1918.0,385.0,1533.0,207.0,155.0,192.0,178.0,-1.0,27.0,52.0,79.0,15973.0,6021.0,16465.0,6117.0,0.02711157455683,0.0808133472367049,0.2007299270072992,0.0928050052137643,0.0140771637122002,61.0,60.0,59.0,57.0,58.0,59.0,60.0,60.0,56.0,49.0,56.0,55.0,0.0272930648769574,0.0272851296043656,0.0254529767040552,0.0241935483870967,0.0244313395113732,0.0249471458773784,0.0236220472440944,0.0229621125143513,0.021505376344086,0.0208067940552016,0.0227734851565677,0.0228310502283105,-0.1859083191850594,-0.8953488372093024,-0.347457627118644,-0.087719298245614,-0.6349809885931559,-0.5163043478260869,-1.0031645569620251,-0.1319365798414495,-0.0606060606060605,-0.0675675675675675,0.1206117483489748,0.1539166429677378,-0.1984411728318692,-0.4058462166205739,-0.8714503964885904,-0.7492063492063492,Materials,15.0,2.0,101,7.5595594960077,2235.0,2356.0,9.678717679477334,8.70317470904168,9.709052927858371,8.718990524710849
EMN,2020Q3,2020,Q3,0,0,1,0,2122.0,513.0,1609.0,221.0,165.0,391.0,292.0,190.0,161.0,56.0,217.0,16009.0,6075.0,15973.0,6021.0,0.0263901979264844,0.0777568331762488,0.2417530631479736,0.1376060320452403,0.0758718190386427,52.0,61.0,60.0,59.0,57.0,58.0,59.0,60.0,60.0,56.0,49.0,56.0,0.02711157455683,0.0272930648769574,0.0272851296043656,0.0254529767040552,0.0241935483870967,0.0244313395113732,0.0249471458773784,0.0236220472440944,0.0229621125143513,0.021505376344086,0.0208067940552016,0.0227734851565677,-0.084555651423641,-0.3947368421052631,-0.1170395869191049,-0.0508474576271186,-0.2437137330754352,-0.1866295264623955,-0.3929712460063898,-0.0736902705814622,0.0122699386503066,-0.0045045045045044,0.0368216744676432,0.1057689527763481,-0.0354843367005114,-0.1115019992176404,-0.3388312912346842,-0.3323076923076923,Materials,15.0,3.0,102,7.660585461703256,1918.0,2318.0,9.68096880599076,8.712101863715663,9.678717679477334,8.70317470904168
EMN,2020Q4,2020,Q4,0,0,0,1,2189.0,535.0,1654.0,231.0,174.0,220.0,304.0,25.0,32.0,57.0,89.0,16083.0,6023.0,16009.0,6075.0,0.02603928734582,0.0794883508451347,0.2444038373686615,0.1388761991777067,0.0146185472818638,56.0,52.0,61.0,60.0,59.0,57.0,58.0,59.0,60.0,60.0,56.0,49.0,0.0263901979264844,0.02711157455683,0.0272930648769574,0.0272851296043656,0.0254529767040552,0.0241935483870967,0.0244313395113732,0.0249471458773784,0.0236220472440944,0.0229621125143513,0.021505376344086,0.0208067940552016,-0.0045475216007275,0.2307692307692308,0.0573122529644267,-0.05,0.0476190476190476,0.125925925925926,1.7777777777777777,-0.0230360307147076,-0.0113636363636363,-0.0211864406779661,-0.0456601187756966,-0.00684725279289,0.062142368327444,0.1310694888584336,0.2363917489545628,0.0348837209302326,Materials,15.0,4.0,103,7.691656822810547,2122.0,2199.0,9.685580268017164,8.703506769479729,9.68096880599076,8.712101863715663
EMN,2021Q1,2021,Q1,1,0,0,0,2414.0,607.0,1807.0,242.0,184.0,537.0,365.0,339.0,274.0,58.0,332.0,16195.0,6233.0,16083.0,6023.0,0.024026512013256,0.076222038111019,0.2514498757249379,0.1512013256006628,0.1135045567522783,57.0,56.0,52.0,61.0,60.0,59.0,57.0,58.0,59.0,60.0,60.0,56.0,0.02603928734582,0.0263901979264844,0.02711157455683,0.0272930648769574,0.0272851296043656,0.0254529767040552,0.0241935483870967,0.0244313395113732,0.0249471458773784,0.0236220472440944,0.0229621125143513,0.021505376344086,0.0800894854586129,0.0620155038759691,0.0611888111888112,-0.0491803278688525,0.0612648221343874,0.0398860398860398,0.0727848101265822,0.0865904990980155,0.1499999999999999,0.0950226244343892,-0.1196843549241446,0.0647265948632975,-0.0174991743964403,-0.0372223284402241,-0.0167337816227048,0.0407523510971787,Materials,15.0,1.0,104,7.789454566086673,2189.0,2235.0,9.692519577152051,8.737773460327283,9.685580268017164,8.703506769479729
EMN,2021Q2,2021,Q2,0,1,0,0,2658.0,691.0,1967.0,265.0,202.0,81.0,426.0,-107.0,-146.0,63.0,-83.0,16098.0,5944.0,16195.0,6233.0,0.0237020316027088,0.0759969902182091,0.2599699021820918,0.1602708803611738,-0.054928517682468,58.0,57.0,56.0,52.0,61.0,60.0,59.0,57.0,58.0,59.0,60.0,60.0,0.024026512013256,0.02603928734582,0.0263901979264844,0.02711157455683,0.0272930648769574,0.0272851296043656,0.0254529767040552,0.0241935483870967,0.0244313395113732,0.0249471458773784,0.0236220472440944,0.0229621125143513,0.3858185610010427,-6.407407407407407,0.7948051948051948,0.2115384615384614,-0.578125,1.393258426966292,106.0,0.2831050228310503,0.3032258064516129,0.2801932367149757,-0.1257596805000868,-0.0595985339449987,0.2951227854162392,0.7269637558018618,-4.901959144999024,-2.0506329113924053,Materials,15.0,2.0,105,7.88570539124302,2414.0,1918.0,9.686512437242294,8.690305809124883,9.692519577152051,8.737773460327283
EMN,2021Q3,2021,Q3,0,0,1,0,2720.0,653.0,2067.0,267.0,201.0,496.0,386.0,321.0,351.0,66.0,417.0,16259.0,6120.0,16098.0,5944.0,0.0242647058823529,0.0738970588235294,0.2400735294117647,0.1419117647058823,0.1290441176470588,63.0,58.0,57.0,56.0,52.0,61.0,60.0,59.0,57.0,58.0,59.0,60.0,0.0237020316027088,0.024026512013256,0.02603928734582,0.0263901979264844,0.02711157455683,0.0272930648769574,0.0272851296043656,0.0254529767040552,0.0241935483870967,0.0244313395113732,0.0249471458773784,0.0236220472440944,0.2818096135721017,1.1801242236024845,0.2729044834307992,0.1785714285714286,0.2685421994884911,0.321917808219178,0.6894736842105262,0.2846488502175264,0.2181818181818182,0.2081447963800904,-0.0805409663865546,-0.049639037433155,-0.006947311088178,0.0312902900886382,0.700817500913409,0.9216589861751152,Materials,15.0,3.0,106,7.908754738783246,2658.0,2122.0,9.696463383101802,8.71948076085107,9.686512437242294,8.690305809124883
EMN,2021Q4,2021,Q4,0,0,0,1,2691.0,567.0,2124.0,275.0,208.0,698.0,292.0,529.0,378.0,67.0,445.0,15519.0,5704.0,16259.0,6120.0,0.0248978075065031,0.0772946859903381,0.2107023411371237,0.1085098476402824,0.1404682274247491,66.0,63.0,58.0,57.0,56.0,52.0,61.0,60.0,59.0,57.0,58.0,59.0,0.0242647058823529,0.0237020316027088,0.024026512013256,0.02603928734582,0.0263901979264844,0.02711157455683,0.0272930648769574,0.0272851296043656,0.0254529767040552,0.0241935483870967,0.0244313395113732,0.0249471458773784,0.2293284604842393,10.8125,0.0598130841121495,0.1754385964912281,2.172727272727273,-0.0394736842105263,20.16,0.2841596130592503,0.1954022988505748,0.1904761904761904,-0.0438368310221857,-0.0275973124548837,-0.1378926640202544,-0.2186577089323085,8.608904682274247,4.0,Materials,15.0,4.0,107,7.898039690764619,2720.0,2189.0,9.64988479373721,8.649098262296176,9.696463383101802,8.71948076085107
EMN,2022Q1,2022,Q1,1,0,0,0,2709.0,542.0,2167.0,261.0,196.0,452.0,281.0,287.0,235.0,65.0,300.0,15806.0,5893.0,15519.0,5704.0,0.0239940937615356,0.0723514211886304,0.2000738279808047,0.1037283130306386,0.0867478774455518,67.0,66.0,63.0,58.0,57.0,56.0,52.0,61.0,60.0,59.0,57.0,58.0,0.0248978075065031,0.0242647058823529,0.0237020316027088,0.024026512013256,0.02603928734582,0.0263901979264844,0.02711157455683,0.0272930648769574,0.0272851296043656,0.0254529767040552,0.0241935483870967,0.0244313395113732,0.1222038111019054,-0.1423357664233576,-0.1070840197693574,0.1206896551724137,-0.1582867783985102,-0.2301369863013699,-0.1533923303834808,0.1992252351964583,0.0652173913043479,0.0785123966942149,-0.0013492699940175,-0.0507808111448153,-0.2043192409461901,-0.3139721982028449,-0.235732203819116,-0.0963855421686746,Materials,15.0,1.0,108,7.904703913873747,2691.0,2414.0,9.668208158877395,8.68169016329764,9.64988479373721,8.649098262296176
EMN,2022Q2,2022,Q2,0,1,0,0,2774.0,626.0,2148.0,250.0,183.0,539.0,376.0,381.0,256.0,67.0,323.0,14875.0,5323.0,15806.0,5893.0,0.0241528478731074,0.0659697188175919,0.2256669069935111,0.1355443403028118,0.0922855082912761,65.0,67.0,66.0,63.0,58.0,57.0,56.0,52.0,61.0,60.0,59.0,57.0,0.0239940937615356,0.0248978075065031,0.0242647058823529,0.0237020316027088,0.024026512013256,0.02603928734582,0.0263901979264844,0.02711157455683,0.0272930648769574,0.0272851296043656,0.0254529767040552,0.0241935483870967,0.0436418359668924,-2.7534246575342465,-0.0940665701881331,0.0634920634920634,5.654320987654321,-0.1173708920187793,-4.5607476635514015,0.0920183019827147,-0.094059405940594,-0.0566037735849056,0.0190201531225322,-0.1319430068457457,-0.1319498715068703,-0.1542796795190756,-2.68010192491926,-4.891566265060241,Materials,15.0,2.0,109,7.928406026180535,2709.0,2658.0,9.60750445504496,8.579980179515003,9.668208158877395,8.68169016329764
EMN,2022Q3,2022,Q3,0,0,1,0,2691.0,522.0,2169.0,237.0,169.0,443.0,285.0,281.0,301.0,68.0,369.0,14985.0,5384.0,14875.0,5323.0,0.0252694165737644,0.0628019323671497,0.1939799331103679,0.1059085841694537,0.1118543292456336,67.0,65.0,67.0,66.0,63.0,58.0,57.0,56.0,52.0,61.0,60.0,59.0,0.0241528478731074,0.0239940937615356,0.0248978075065031,0.0242647058823529,0.0237020316027088,0.024026512013256,0.02603928734582,0.0263901979264844,0.02711157455683,0.0272930648769574,0.0272851296043656,0.0254529767040552,-0.0106617647058823,-0.1424501424501424,-0.2006125574272588,0.0303030303030302,-0.1068548387096773,-0.2616580310880829,-0.1246105919003115,0.0493468795355587,-0.1592039800995025,-0.1123595505617978,0.0414062587975632,-0.150143004782849,-0.1919978283917294,-0.2537011685468545,-0.1332086166720132,-0.1151079136690647,Materials,15.0,3.0,110,7.898039690764619,2774.0,2720.0,9.614871710924255,8.591372589590488,9.60750445504496,8.579980179515003
EMN,2022Q4,2022,Q4,0,0,0,1,2361.0,362.0,1999.0,233.0,169.0,195.0,129.0,28.0,1.0,64.0,65.0,14667.0,5153.0,14985.0,5384.0,0.0271071579839051,0.0715798390512494,0.1533248623464633,0.0546378653113087,0.0004235493434985,68.0,67.0,65.0,67.0,66.0,63.0,58.0,57.0,56.0,52.0,61.0,60.0,0.0252694165737644,0.0241528478731074,0.0239940937615356,0.0248978075065031,0.0242647058823529,0.0237020316027088,0.024026512013256,0.02603928734582,0.0263901979264844,0.02711157455683,0.0272930648769574,0.0272851296043656,-0.1226309921962095,-0.9973544973544972,-0.3615520282186949,-0.044776119402985,-0.7206303724928367,-0.5582191780821918,-0.947069943289225,-0.0588512241054614,-0.1875,-0.1527272727272727,0.0887367482789356,-0.0739358322744599,-0.2723153358477373,-0.4964709056413291,-0.9969847320546176,-0.8539325842696629,Materials,15.0,4.0,111,7.767263996757308,2691.0,2691.0,9.593423529191217,8.54752839121231,9.614871710924255,8.591372589590488
EMN,2023Q1,2023,Q1,1,0,0,0,2407.0,548.0,1859.0,253.0,191.0,390.0,295.0,194.0,134.0,62.0,196.0,14983.0,5188.0,14667.0,5153.0,0.025758205234732,0.0793518903199003,0.2276692978811799,0.1225592023265475,0.0556709597008724,64.0,68.0,67.0,65.0,67.0,66.0,63.0,58.0,57.0,56.0,52.0,61.0,0.0271071579839051,0.0252694165737644,0.0241528478731074,0.0239940937615356,0.0248978075065031,0.0242647058823529,0.0237020316027088,0.024026512013256,0.02603928734582,0.0263901979264844,0.02711157455683,0.0272930648769574,-0.1114802510151347,-0.4297872340425531,0.011070110701107,-0.0461538461538461,-0.1371681415929203,0.0498220640569395,-0.3240418118466899,-0.1421319796954314,-0.0255102040816326,-0.0306513409961686,0.0735227381675243,0.0967564840643362,0.1379264353507681,0.1815404950271082,-0.3582441283844106,-0.3466666666666667,Materials,15.0,1.0,112,7.786551806428712,2361.0,2709.0,9.614738244123924,8.55429627936774,9.593423529191217,8.54752839121231
EMN,2023Q2,2023,Q2,0,1,0,0,2322.0,584.0,1738.0,245.0,185.0,444.0,339.0,269.0,272.0,60.0,332.0,14771.0,5281.0,14983.0,5188.0,0.0258397932816537,0.0796726959517657,0.2515073212747631,0.1459948320413436,0.1171403962101636,62.0,64.0,68.0,67.0,65.0,67.0,66.0,63.0,58.0,57.0,56.0,52.0,0.025758205234732,0.0271071579839051,0.0252694165737644,0.0241528478731074,0.0239940937615356,0.0248978075065031,0.0242647058823529,0.0237020316027088,0.024026512013256,0.02603928734582,0.0263901979264844,0.02711157455683,-0.1629416005767844,0.0625,-0.0670926517571884,-0.1044776119402984,-0.1762523191094619,-0.0984042553191489,-0.2939632545931758,-0.1908752327746741,0.0109289617486338,-0.02,0.0698445755717536,0.2077161670502629,0.1145068837319378,0.0771001704326792,0.2693260120585703,0.0278637770897833,Materials,15.0,2.0,113,7.750614732770409,2407.0,2774.0,9.600488775972455,8.572060092857077,9.614738244123924,8.55429627936774
EMN,2023Q3,2023,Q3,0,0,1,0,2264.0,481.0,1783.0,220.0,160.0,378.0,261.0,199.0,178.0,60.0,238.0,14594.0,5352.0,14771.0,5281.0,0.0265017667844522,0.0706713780918728,0.2124558303886926,0.1152826855123674,0.0786219081272084,60.0,62.0,64.0,68.0,67.0,65.0,67.0,66.0,63.0,58.0,57.0,56.0,0.0258397932816537,0.025758205234732,0.0271071579839051,0.0252694165737644,0.0241528478731074,0.0239940937615356,0.0248978075065031,0.0242647058823529,0.0237020316027088,0.024026512013256,0.02603928734582,0.0263901979264844,-0.15867707172055,-0.4086378737541528,-0.0785440613026819,-0.1176470588235294,-0.1467268623024831,-0.0842105263157895,-0.291814946619217,-0.1779621945597049,-0.0532544378698225,-0.0717299578059071,0.0487684473082519,0.1253057896167437,0.0952464359692946,0.0885112516273014,-0.2971044692016013,-0.3550135501355014,Materials,15.0,3.0,114,7.725330037917135,2322.0,2691.0,9.588434283288215,8.585412430393381,9.600488775972455,8.572060092857077
EMN,2023Q4,2023,Q4,0,0,0,1,2205.0,449.0,1756.0,248.0,191.0,596.0,201.0,425.0,310.0,57.0,367.0,14633.0,5458.0,14594.0,5352.0,0.0258503401360544,0.0866213151927437,0.2036281179138322,0.091156462585034,0.1405895691609977,60.0,60.0,62.0,64.0,68.0,67.0,65.0,67.0,66.0,63.0,58.0,57.0,0.0265017667844522,0.0258397932816537,0.025758205234732,0.0271071579839051,0.0252694165737644,0.0241528478731074,0.0239940937615356,0.0248978075065031,0.0242647058823529,0.0237020316027088,0.024026512013256,0.02603928734582,-0.0660736975857687,309.0,0.2403314917127073,-0.109375,2.056410256410256,0.558139534883721,14.178571428571429,-0.1215607803901951,0.1301775147928994,0.0643776824034334,-0.0463647959183673,0.2101356518938937,0.3280828353440823,0.6683752570795762,330.93197278911566,4.646153846153847,Materials,15.0,4.0,115,7.698936199813447,2264.0,2361.0,9.591102867443976,8.605020901781758,9.588434283288215,8.585412430393381
EMN,2024Q1,2024,Q1,1,0,0,0,2308.0,530.0,1778.0,250.0,191.0,393.0,280.0,214.0,165.0,59.0,224.0,14748.0,5538.0,14633.0,5458.0,0.0255632582322357,0.0827556325823223,0.2296360485268631,0.121317157712305,0.0714904679376083,57.0,60.0,60.0,62.0,64.0,68.0,67.0,65.0,67.0,66.0,63.0,58.0,0.0258503401360544,0.0265017667844522,0.0258397932816537,0.025758205234732,0.0271071579839051,0.0252694165737644,0.0241528478731074,0.0239940937615356,0.0248978075065031,0.0242647058823529,0.0237020316027088,0.024026512013256,-0.0411300373909431,0.2313432835820894,-0.0328467153284671,-0.0483870967741935,0.0076923076923076,-0.0508474576271186,0.1030927835051547,-0.043571812802582,0.0,-0.0118577075098814,-0.0075683457259462,0.0428942807625649,0.0086386292046705,-0.0101342419880738,0.2841608681031582,0.1428571428571428,Materials,15.0,1.0,116,7.744569809354496,2205.0,2407.0,9.598930562859502,8.619569258033104,9.591102867443976,8.605020901781758
EMN,2024Q2,2024,Q2,0,1,0,0,2360.0,619.0,1741.0,240.0,180.0,467.0,379.0,287.0,230.0,60.0,290.0,14945.0,5627.0,14748.0,5538.0,0.0254237288135593,0.0762711864406779,0.2622881355932203,0.160593220338983,0.097457627118644,59.0,57.0,60.0,60.0,62.0,64.0,68.0,67.0,65.0,67.0,66.0,63.0,0.0255632582322357,0.0258503401360544,0.0265017667844522,0.0258397932816537,0.025758205234732,0.0271071579839051,0.0252694165737644,0.0241528478731074,0.0239940937615356,0.0248978075065031,0.0242647058823529,0.0237020316027088,0.016365202411714,-0.1544117647058823,0.0599315068493151,0.0,0.0518018018018018,0.1179941002949853,0.0669144981412639,0.0017261219792865,-0.0270270270270269,-0.0204081632653061,-0.0161016949152541,-0.0426935409986257,0.0428648130949615,0.0999925003749813,-0.1680271684945165,-0.1265060240963855,Materials,15.0,2.0,117,7.766840537085513,2308.0,2322.0,9.612198984490236,8.63550941823428,9.598930562859502,8.619569258033104
EMN,2024Q3,2024,Q3,0,0,1,0,2464.0,605.0,1859.0,248.0,183.0,459.0,357.0,280.0,180.0,65.0,245.0,15060.0,5654.0,14945.0,5627.0,0.0263798701298701,0.0742694805194805,0.2455357142857142,0.1448863636363636,0.073051948051948,60.0,59.0,57.0,60.0,60.0,62.0,64.0,68.0,67.0,65.0,67.0,66.0,0.0254237288135593,0.0255632582322357,0.0258503401360544,0.0265017667844522,0.0258397932816537,0.025758205234732,0.0271071579839051,0.0252694165737644,0.0241528478731074,0.0239940937615356,0.0248978075065031,0.0242647058823529,0.0883392226148409,0.0112359550561798,0.2577962577962578,0.0833333333333332,0.2142857142857142,0.367816091954023,0.4070351758793971,0.042624789680314,0.14375,0.1272727272727272,-0.0045995670995672,0.0509131493506491,0.1557024057024056,0.2567920585161964,-0.0708448854516271,0.0294117647058822,Materials,15.0,3.0,118,7.80994708647679,2360.0,2264.0,9.619863900211849,8.640295388550221,9.612198984490236,8.63550941823428
EMN,2024Q4,2024,Q4,0,0,0,1,2242.0,576.0,1666.0,248.0,182.0,481.0,328.0,297.0,330.0,66.0,396.0,15213.0,5779.0,15060.0,5654.0,0.0294380017841213,0.0811775200713648,0.2569134701159679,0.1462979482604817,0.1471900089206066,65.0,60.0,59.0,57.0,60.0,60.0,62.0,64.0,68.0,67.0,65.0,67.0,0.0263798701298701,0.0254237288135593,0.0255632582322357,0.0258503401360544,0.0265017667844522,0.0258397932816537,0.025758205234732,0.0271071579839051,0.0252694165737644,0.0241528478731074,0.0239940937615356,0.0248978075065031,0.0167800453514739,0.064516129032258,0.2828507795100223,0.1578947368421053,-0.1929530201342282,0.6318407960199004,-0.3011764705882352,-0.05125284738041,-0.0471204188481675,0.0,0.1387858584910091,-0.0628459070295315,0.2616797363156107,0.6049103279321499,0.0469482892578629,0.0790190735694822,Materials,15.0,4.0,119,7.715569534520208,2464.0,2205.0,9.629971335557247,8.662158961666423,9.619863900211849,8.640295388550221
EMN,2025Q1,2025,Q1,1,0,0,0,2286.0,563.0,1723.0,249.0,182.0,431.0,314.0,253.0,182.0,67.0,249.0,14971.0,5871.0,15213.0,5779.0,0.0293088363954505,0.0796150481189851,0.2462817147856518,0.1373578302712161,0.0796150481189851,66.0,65.0,60.0,59.0,57.0,60.0,60.0,62.0,64.0,68.0,67.0,65.0,0.0294380017841213,0.0263798701298701,0.0254237288135593,0.0255632582322357,0.0258503401360544,0.0265017667844522,0.0258397932816537,0.025758205234732,0.0271071579839051,0.0252694165737644,0.0241528478731074,0.0239940937615356,-0.0095320623916811,0.103030303030303,0.0622641509433963,0.1355932203389831,0.0966921119592876,0.1214285714285714,0.1822429906542055,-0.0309336332958379,-0.0471204188481675,-0.004,0.1465219389949137,-0.0379500991695409,0.0724871655194043,0.1322209723784526,0.1136456427795011,0.1116071428571428,Materials,15.0,1.0,120,7.734996194022781,2242.0,2308.0,9.61393706902432,8.677950570294351,9.629971335557247,8.662158961666423
EMN,2025Q2,2025,Q2,0,1,0,0,2291.0,513.0,1778.0,224.0,157.0,351.0,289.0,169.0,140.0,67.0,207.0,15219.0,5835.0,14971.0,5871.0,0.0292448712352684,0.0685290266259275,0.2239196857267568,0.1261457878655608,0.0611086861632474,67.0,66.0,65.0,60.0,59.0,57.0,60.0,60.0,62.0,64.0,68.0,67.0,0.0293088363954505,0.0294380017841213,0.0263798701298701,0.0254237288135593,0.0255632582322357,0.0258503401360544,0.0265017667844522,0.0258397932816537,0.025758205234732,0.0271071579839051,0.0252694165737644,0.0241528478731074,-0.0292372881355932,-0.3913043478260869,-0.1712439418416801,0.1166666666666667,-0.2483940042826552,-0.237467018469657,-0.4111498257839721,0.0212521539345202,-0.1277777777777777,-0.0666666666666666,0.1502982685872254,-0.1015083175711722,-0.1462835891516215,-0.2145011626313359,-0.3729717419771128,-0.2862068965517241,Materials,15.0,2.0,121,7.73718007783463,2286.0,2360.0,9.630365631415676,8.671800909642677,9.61393706902432,8.677950570294351
