ticker,Year_Quarter,year,quarter,Q1,Q2,Q3,Q4,revenue,grossProfit,costOfRevenue,operatingExpenses,snaExpenses,ebitda,operatingIncome,incomeBeforeTax,netIncome,rnd,net_plus_rnd,totalAssets,totalEquity,totalAssets_lag1,totalEquity_lag1,rnd_to_rev_ratio,sna_to_rev_ratio,grossProfitRatio,operatingIncomeRatio,netIncomeRatio,rnd_lag1,rnd_lag2,rnd_lag3,rnd_lag4,rnd_lag5,rnd_lag6,rnd_lag7,rnd_lag8,rnd_lag9,rnd_lag10,rnd_lag11,rnd_lag12,rnd_to_rev_ratio_lag1,rnd_to_rev_ratio_lag2,rnd_to_rev_ratio_lag3,rnd_to_rev_ratio_lag4,rnd_to_rev_ratio_lag5,rnd_to_rev_ratio_lag6,rnd_to_rev_ratio_lag7,rnd_to_rev_ratio_lag8,rnd_to_rev_ratio_lag9,rnd_to_rev_ratio_lag10,rnd_to_rev_ratio_lag11,rnd_to_rev_ratio_lag12,revenue_yoy,netIncome_yoy,grossProfit_yoy,rnd_yoy,ebitda_yoy,operatingIncome_yoy,incomeBeforeTax_yoy,costOfRevenue_yoy,snaExpenses_yoy,operatingExpenses_yoy,rnd_to_rev_ratio_yoy,sna_to_rev_ratio_yoy,grossProfitRatio_yoy,operatingIncomeRatio_yoy,netIncomeRatio_yoy,net_plus_rnd_yoy,gics_sectors,gics_sector_code,quarter_int,time_idx,revenue_log,revenue_lag1,revenue_lag4,totalAssets_log,totalEquity_log,totalAssets_lag1_log,totalEquity_lag1_log
ETN,1995Q2,1995,Q2,0,1,0,0,1758.0,540.0,1218.0,367.0,238.0,244.0,173.0,164.0,110.0,58.0,168.0,5081.0,1858.0,4926.0,1766.0,0.0329920364050056,0.1353811149032992,0.3071672354948805,0.0984072810011376,0.0625711035267349,57.0,,,,,,,,,,,,0.0329289428076256,,,,,,,,,,,,,,,,,,,,,,,,,,,,Industrials,20.0,2.0,1,7.472500744737558,1731.0,,8.53346016388011,7.527793987721444,8.502485562543963,7.4770384723196965
ETN,1995Q3,1995,Q3,0,0,1,0,1672.0,499.0,1173.0,349.0,226.0,220.0,150.0,138.0,91.0,53.0,144.0,5065.0,1911.0,5081.0,1858.0,0.0316985645933014,0.1351674641148325,0.298444976076555,0.089712918660287,0.0544258373205741,58.0,57.0,,,,,,,,,,,0.0329920364050056,0.0329289428076256,,,,,,,,,,,,,,,,,,,,,,,,,,,Industrials,20.0,3.0,2,7.422373700986824,1758.0,,8.53030683056162,7.555905093611346,8.53346016388011,7.527793987721444
ETN,1995Q4,1995,Q4,0,0,0,1,1661.0,504.0,1157.0,364.0,231.0,214.0,140.0,127.0,90.0,59.0,149.0,5053.0,1975.0,5065.0,1911.0,0.0355207706201083,0.1390728476821192,0.3034316676700783,0.0842865743527995,0.0541842263696568,53.0,58.0,57.0,,,,,,,,,,0.0316985645933014,0.0329920364050056,0.0329289428076256,,,,,,,,,,,,,,,,,,,,,,,,,,Industrials,20.0,4.0,3,7.415776975415394,1672.0,,8.52793528794814,7.588829878307813,8.53030683056162,7.555905093611346
ETN,1996Q1,1996,Q1,1,0,0,0,1736.0,533.0,1203.0,379.0,239.0,229.0,154.0,141.0,95.0,65.0,160.0,5130.0,2046.0,5053.0,1975.0,0.037442396313364,0.1376728110599078,0.3070276497695852,0.0887096774193548,0.0547235023041474,59.0,53.0,58.0,57.0,,,,,,,,,0.0355207706201083,0.0316985645933014,0.0329920364050056,0.0329289428076256,,,,,,,,,0.0028885037550547,-0.1203703703703703,0.0018796992481202,0.1403508771929824,-0.0691056910569105,-0.1444444444444445,-0.1349693251533742,0.0033361134278564,0.0436681222707424,0.0767045454545454,0.1370664564637398,0.0406621656973817,-0.0010058989639998,-0.1469086021505375,-0.1229038658474143,-0.0303030303030302,Industrials,20.0,1.0,4,7.459914766241105,1661.0,1731.0,8.543055850941965,7.624130585661289,8.52793528794814,7.588829878307813
ETN,1996Q2,1996,Q2,0,1,0,0,1782.0,555.0,1227.0,392.0,245.0,242.0,163.0,149.0,103.0,68.0,171.0,5255.0,2104.0,5130.0,2046.0,0.0381593714927048,0.1374859708193041,0.3114478114478115,0.0914702581369248,0.0578002244668911,65.0,59.0,53.0,58.0,57.0,,,,,,,,0.037442396313364,0.0355207706201083,0.0316985645933014,0.0329920364050056,0.0329289428076256,,,,,,,,0.0136518771331057,-0.0636363636363636,0.0277777777777776,0.1724137931034481,-0.0081967213114754,-0.0578034682080924,-0.0914634146341463,0.0073891625615762,0.0294117647058822,0.0681198910081744,0.1566237083478461,0.0155476331946919,0.0139356528245417,-0.0704929837877814,-0.0762473217018671,0.0178571428571427,Industrials,20.0,2.0,5,7.48605261786314,1736.0,1758.0,8.567125560164447,7.652070746116482,8.543055850941965,7.624130585661289
ETN,1996Q3,1996,Q3,0,0,1,0,1719.0,520.0,1199.0,393.0,244.0,209.0,127.0,115.0,85.0,67.0,152.0,5277.0,2131.0,5255.0,2104.0,0.0389761489237929,0.1419429901105293,0.302501454333915,0.0738801628853984,0.0494473531122745,68.0,65.0,59.0,53.0,58.0,57.0,,,,,,,0.0381593714927048,0.037442396313364,0.0355207706201083,0.0316985645933014,0.0329920364050056,0.0329289428076256,,,,,,,0.0281100478468898,-0.0659340659340659,0.0420841683366732,0.2641509433962263,-0.05,-0.1533333333333333,-0.1666666666666666,0.0221653878942882,0.0796460176991149,0.1260744985673352,0.2295871886902214,0.0501269002867481,0.0135920473873867,-0.1764824510374247,-0.0914728087502956,0.0555555555555555,Industrials,20.0,3.0,6,7.450079569807499,1782.0,1672.0,8.57130251706327,7.664815785285735,8.567125560164447,7.652070746116482
ETN,1996Q4,1996,Q4,0,0,0,1,1724.0,508.0,1216.0,418.0,267.0,174.0,90.0,80.0,66.0,67.0,133.0,5307.0,2160.0,5277.0,2131.0,0.0388631090487239,0.1548723897911832,0.2946635730858468,0.0522041763341067,0.0382830626450116,67.0,68.0,65.0,59.0,53.0,58.0,57.0,,,,,,0.0389761489237929,0.0381593714927048,0.037442396313364,0.0355207706201083,0.0316985645933014,0.0329920364050056,0.0329289428076256,,,,,,0.0379289584587598,-0.2666666666666667,0.0079365079365079,0.1355932203389831,-0.1869158878504673,-0.3571428571428571,-0.3700787401574803,0.0509939498703544,0.1558441558441559,0.1483516483516482,0.0940953242361084,0.1136062313556514,-0.028896438699223,-0.3806347364932051,-0.2934648105181748,-0.1073825503355704,Industrials,20.0,4.0,7,7.45298232946546,1719.0,1661.0,8.576970395452099,7.6783263565068856,8.57130251706327,7.664815785285735
ETN,1997Q1,1997,Q1,1,0,0,0,1789.0,564.0,1225.0,414.0,257.0,232.0,150.0,145.0,101.0,75.0,176.0,5359.0,2190.0,5307.0,2160.0,0.0419228619340413,0.1436556735606484,0.315259921743991,0.0838457238680827,0.0564561207378423,67.0,67.0,68.0,65.0,59.0,53.0,58.0,57.0,,,,,0.0388631090487239,0.0389761489237929,0.0381593714927048,0.037442396313364,0.0355207706201083,0.0316985645933014,0.0329920364050056,0.0329289428076256,,,,,0.0305299539170507,0.063157894736842,0.0581613508442777,0.1538461538461537,0.0131004366812226,-0.0259740259740259,0.0283687943262411,0.0182876142975894,0.0753138075313808,0.0923482849604222,0.1196628971922433,0.04345711004722,0.02681280327874,-0.0548300218507038,0.0316613221146773,0.1,Industrials,20.0,1.0,8,7.489970898834801,1724.0,1736.0,8.586719254064848,7.692113339595466,8.576970395452099,7.6783263565068856
ETN,1997Q2,1997,Q2,0,1,0,0,1909.0,621.0,1288.0,434.0,272.0,270.0,187.0,182.0,126.0,79.0,205.0,5400.0,2274.0,5359.0,2190.0,0.0413829229963331,0.14248297537978,0.3253012048192771,0.0979570455735987,0.0660031430068098,75.0,67.0,67.0,68.0,65.0,59.0,53.0,58.0,57.0,,,,0.0419228619340413,0.0388631090487239,0.0389761489237929,0.0381593714927048,0.037442396313364,0.0355207706201083,0.0316985645933014,0.0329920364050056,0.0329289428076256,,,,0.0712682379349045,0.2233009708737863,0.1189189189189188,0.161764705882353,0.115702479338843,0.147239263803681,0.2214765100671141,0.0497147514262428,0.110204081632653,0.1071428571428572,0.0844760114627307,0.0363455597010935,0.0444806252035165,0.0709169031420426,0.141918454739176,0.1988304093567252,Industrials,20.0,2.0,9,7.554858521040676,1789.0,1782.0,8.594339400592892,7.729735331385051,8.586719254064848,7.692113339595466
ETN,1997Q3,1997,Q3,0,0,1,0,1931.0,626.0,1305.0,438.0,272.0,273.0,188.0,95.0,54.0,81.0,135.0,5845.0,2235.0,5400.0,2274.0,0.0419471776281719,0.1408596582081822,0.3241843604350077,0.0973588814085965,0.0279647850854479,79.0,75.0,67.0,67.0,68.0,65.0,59.0,53.0,58.0,57.0,,,0.0413829229963331,0.0419228619340413,0.0388631090487239,0.0389761489237929,0.0381593714927048,0.037442396313364,0.0355207706201083,0.0316985645933014,0.0329920364050056,0.0329289428076256,,,0.123327515997673,-0.3647058823529412,0.2038461538461538,0.2089552238805969,0.3062200956937799,0.4803149606299213,-0.1739130434782608,0.0884070058381985,0.1147540983606556,0.1145038167938932,0.0762268409377247,-0.0076321620497322,0.0716786838226506,0.3177946231604529,-0.4344533463307644,-0.1118421052631578,Industrials,20.0,3.0,10,7.566311014772463,1909.0,1719.0,8.673512945671192,7.71244383427499,8.594339400592892,7.729735331385051
ETN,1997Q4,1997,Q4,0,0,0,1,1934.0,638.0,1296.0,463.0,287.0,267.0,175.0,246.0,129.0,84.0,213.0,5465.0,2071.0,5845.0,2235.0,0.0434332988624612,0.1483971044467425,0.3298862461220269,0.0904860392967942,0.0667011375387797,81.0,79.0,75.0,67.0,67.0,68.0,65.0,59.0,53.0,58.0,57.0,,0.0419471776281719,0.0413829229963331,0.0419228619340413,0.0388631090487239,0.0389761489237929,0.0381593714927048,0.037442396313364,0.0355207706201083,0.0316985645933014,0.0329920364050056,0.0329289428076256,,0.1218097447795822,0.9545454545454546,0.2559055118110236,0.2537313432835821,0.5344827586206897,0.9444444444444444,2.075,0.0657894736842106,0.0749063670411984,0.1076555023923444,0.1175971229684051,-0.0418104566809584,0.1195352132172724,0.7333103527519247,0.7423145623766101,0.6015037593984962,Industrials,20.0,4.0,11,7.5678626054638825,1931.0,1724.0,8.606302366488013,7.6362696033793735,8.673512945671192,7.71244383427499
ETN,1998Q1,1998,Q1,1,0,0,0,1687.0,554.0,1133.0,426.0,263.0,209.0,128.0,155.0,105.0,82.0,187.0,5323.0,1876.0,5465.0,2071.0,0.0486069946650859,0.1558980438648488,0.3283935981031416,0.0758743331357439,0.0622406639004149,84.0,81.0,79.0,75.0,67.0,67.0,68.0,65.0,59.0,53.0,58.0,57.0,0.0434332988624612,0.0419471776281719,0.0413829229963331,0.0419228619340413,0.0388631090487239,0.0389761489237929,0.0381593714927048,0.037442396313364,0.0355207706201083,0.0316985645933014,0.0329920364050056,0.0329289428076256,-0.0570150922302962,0.0396039603960396,-0.0177304964539006,0.0933333333333332,-0.0991379310344827,-0.1466666666666666,0.0689655172413792,-0.0751020408163265,0.0233463035019454,0.0289855072463767,0.1594388460778502,0.085220235308228,0.041659835117944,-0.0950721201343608,0.1024608684934884,0.0625,Industrials,20.0,1.0,12,7.431299675155903,1934.0,1789.0,8.579980179515003,7.537430036586509,8.606302366488013,7.6362696033793735
ETN,1998Q2,1998,Q2,0,1,0,0,1712.0,594.0,1118.0,428.0,264.0,248.0,166.0,161.0,114.0,82.0,196.0,5302.0,1952.0,5323.0,1876.0,0.0478971962616822,0.1542056074766355,0.3469626168224299,0.0969626168224299,0.0665887850467289,82.0,84.0,81.0,79.0,75.0,67.0,67.0,68.0,65.0,59.0,53.0,58.0,0.0486069946650859,0.0434332988624612,0.0419471776281719,0.0413829229963331,0.0419228619340413,0.0388631090487239,0.0389761489237929,0.0381593714927048,0.037442396313364,0.0355207706201083,0.0316985645933014,0.0329920364050056,-0.1031953902566789,-0.0952380952380952,-0.0434782608695651,0.0379746835443037,-0.0814814814814814,-0.1122994652406417,-0.1153846153846154,-0.1319875776397515,-0.0294117647058823,-0.0138248847926267,0.1574145273867266,0.0822739142385924,0.066588785046729,-0.0101516817432155,0.0088729417000443,-0.0439024390243902,Industrials,20.0,2.0,13,7.44600149832412,1687.0,1909.0,8.57602797713713,7.577121930876679,8.579980179515003,7.537430036586509
ETN,1998Q3,1998,Q3,0,0,1,0,1620.0,510.0,1110.0,414.0,247.0,178.0,96.0,79.0,58.0,85.0,143.0,5493.0,2008.0,5302.0,1952.0,0.0516580861636186,0.1524691358024691,0.3148148148148148,0.0592592592592592,0.0358024691358024,82.0,82.0,84.0,81.0,79.0,75.0,67.0,67.0,68.0,65.0,59.0,53.0,0.0478971962616822,0.0486069946650859,0.0434332988624612,0.0419471776281719,0.0413829229963331,0.0419228619340413,0.0388631090487239,0.0389761489237929,0.0381593714927048,0.037442396313364,0.0355207706201083,0.0316985645933014,-0.1610564474365613,0.0740740740740741,-0.1853035143769967,0.0493827160493827,-0.3479853479853479,-0.4893617021276596,-0.1684210526315789,-0.1494252873563218,-0.0919117647058823,-0.0547945205479452,0.2508382868465171,0.0824187545388526,-0.0289019050999881,-0.3913317572892041,0.2802697759487884,0.0592592592592593,Industrials,20.0,3.0,14,7.390798521735676,1712.0,1931.0,8.611411866655219,7.605392364814935,8.57602797713713,7.577121930876679
ETN,1998Q4,1998,Q4,0,0,0,1,1606.0,532.0,1074.0,447.0,276.0,171.0,85.0,90.0,72.0,85.0,157.0,5665.0,2057.0,5493.0,2008.0,0.0516580861636186,0.1718555417185554,0.3312577833125778,0.0529265255292652,0.0448318804483188,85.0,82.0,82.0,84.0,81.0,79.0,75.0,67.0,67.0,68.0,65.0,59.0,0.0516580861636186,0.0478971962616822,0.0486069946650859,0.0434332988624612,0.0419471776281719,0.0413829229963331,0.0419228619340413,0.0388631090487239,0.0389761489237929,0.0381593714927048,0.037442396313364,0.0355207706201083,-0.1695966907962771,-0.4418604651162791,-0.1661442006269592,0.0119047619047618,-0.3595505617977528,-0.5142857142857142,-0.6341463414634146,-0.1712962962962962,-0.0383275261324042,-0.0345572354211662,0.2185702425428453,0.1580788072602306,0.0041576064679083,-0.4150862835794342,-0.3278693272321817,-0.2629107981220657,Industrials,20.0,4.0,15,7.382124365737512,1620.0,1934.0,8.642238680390461,7.629489916393995,8.611411866655219,7.605392364814935
ETN,1999Q1,1999,Q1,1,0,0,0,1661.0,575.0,1086.0,432.0,275.0,229.0,143.0,123.0,84.0,71.0,155.0,5664.0,2018.0,5665.0,2057.0,0.0427453341360626,0.1655629139072847,0.3461770018061408,0.086092715231788,0.0505719446116797,85.0,85.0,82.0,82.0,84.0,81.0,79.0,75.0,67.0,67.0,68.0,65.0,0.0516580861636186,0.0516580861636186,0.0478971962616822,0.0486069946650859,0.0434332988624612,0.0419471776281719,0.0413829229963331,0.0419228619340413,0.0388631090487239,0.0389761489237929,0.0381593714927048,0.037442396313364,-0.0154119739181979,-0.1999999999999999,0.0379061371841156,-0.1341463414634146,0.0956937799043062,0.1171875,-0.2064516129032257,-0.0414827890556045,0.0456273764258554,0.0140845070422535,-0.1205929428349069,0.0619948127817089,0.0541527112761004,0.1346750827814569,-0.1874774232390126,-0.1711229946524064,Industrials,20.0,1.0,16,7.415776975415394,1606.0,1687.0,8.642062173462106,7.610357618312838,8.642238680390461,7.629489916393995
ETN,1999Q2,1999,Q2,0,1,0,0,2300.0,772.0,1528.0,546.0,354.0,341.0,226.0,186.0,125.0,77.0,202.0,8341.0,2125.0,5664.0,2018.0,0.0334782608695652,0.1539130434782608,0.3356521739130435,0.0982608695652173,0.0543478260869565,71.0,85.0,85.0,82.0,82.0,84.0,81.0,79.0,75.0,67.0,67.0,68.0,0.0427453341360626,0.0516580861636186,0.0516580861636186,0.0478971962616822,0.0486069946650859,0.0434332988624612,0.0419471776281719,0.0413829229963331,0.0419228619340413,0.0388631090487239,0.0389761489237929,0.0381593714927048,0.3434579439252336,0.0964912280701755,0.2996632996632997,-0.0609756097560976,0.375,0.3614457831325302,0.15527950310559,0.3667262969588551,0.3409090909090908,0.2757009345794392,-0.3010392364793214,-0.0018972332015809,-0.0325984482506221,0.0133892090099527,-0.1838291380625476,0.0306122448979591,Industrials,20.0,2.0,17,7.741099090035366,1661.0,1712.0,9.02905827475689,7.661997558901893,8.642062173462106,7.610357618312838
ETN,1999Q3,1999,Q3,0,0,1,0,2227.0,737.0,1490.0,553.0,349.0,306.0,184.0,286.0,184.0,82.0,266.0,8369.0,2450.0,8341.0,2125.0,0.0368208352043107,0.1567130669061517,0.3309384822631342,0.0826223619218679,0.0826223619218679,77.0,71.0,85.0,85.0,82.0,82.0,84.0,81.0,79.0,75.0,67.0,67.0,0.0334782608695652,0.0427453341360626,0.0516580861636186,0.0516580861636186,0.0478971962616822,0.0486069946650859,0.0434332988624612,0.0419471776281719,0.0413829229963331,0.0419228619340413,0.0388631090487239,0.0389761489237929,0.3746913580246913,2.1724137931034484,0.4450980392156862,-0.0352941176470588,0.7191011235955056,0.9166666666666669,2.6202531645569622,0.3423423423423424,0.4129554655870444,0.3357487922705313,-0.2982381996354896,0.0278346898298214,0.0512163554240734,0.3942523574315222,1.3077280398866575,0.8601398601398602,Industrials,20.0,3.0,18,7.708859601047175,2300.0,1620.0,9.032409163483521,7.804251383528112,9.02905827475689,7.661997558901893
ETN,1999Q4,1999,Q4,0,0,0,1,2214.0,718.0,1496.0,542.0,340.0,294.0,176.0,368.0,224.0,84.0,308.0,8437.0,2624.0,8369.0,2450.0,0.037940379403794,0.1535682023486901,0.3242999096657633,0.079494128274616,0.1011743450767841,82.0,77.0,71.0,85.0,85.0,82.0,82.0,84.0,81.0,79.0,75.0,67.0,0.0368208352043107,0.0334782608695652,0.0427453341360626,0.0516580861636186,0.051696707574992444,0.0478971962616822,0.0486069946650859,0.0434332988624612,0.0419471776281719,0.0413829229963331,0.0419228619340413,0.0388631090487239,0.3785803237858032,2.111111111111111,0.3496240601503759,-0.0117647058823529,0.7192982456140351,1.0705882352941178,3.088888888888889,0.3929236499068902,0.2318840579710144,0.2125279642058166,-0.283150007970668,-0.1064111124203029,-0.0210044080390677,0.5019714118709813,1.2567499749071565,0.961783439490446,Industrials,20.0,4.0,19,7.703007682479236,2227.0,1606.0,9.040500592684284,7.872836175025724,9.032409163483521,7.804251383528112
ETN,2000Q1,2000,Q1,1,0,0,0,2325.0,779.0,1546.0,563.0,362.0,312.0,216.0,201.0,131.0,84.0,215.0,8602.0,2663.0,8437.0,2624.0,0.0361290322580645,0.1556989247311828,0.3350537634408602,0.0929032258064516,0.0563440860215053,84.0,82.0,77.0,71.0,85.0,85.0,82.0,82.0,84.0,81.0,79.0,75.0,0.037940379403794,0.0368208352043107,0.0334782608695652,0.0427453341360626,0.051696707574992444,0.0517353289863663,0.0478971962616822,0.0486069946650859,0.0434332988624612,0.0419471776281719,0.0413829229963331,0.0419228619340413,0.3997591812161349,0.5595238095238095,0.3547826086956522,0.1830985915492957,0.3624454148471616,0.5104895104895104,0.6341463414634145,0.423572744014733,0.3163636363636364,0.3032407407407407,-0.1547841890049976,-0.0595784946236559,-0.0321316503038802,0.0791066997518612,0.1141372247823859,0.3870967741935485,Industrials,20.0,1.0,20,7.75190533307861,2214.0,1661.0,9.059866258621348,7.88758403166028,9.040500592684284,7.872836175025724
ETN,2000Q2,2000,Q2,0,1,0,0,2335.0,788.0,1547.0,557.0,356.0,311.0,231.0,218.0,145.0,87.0,232.0,8614.0,2768.0,8602.0,2663.0,0.0372591006423982,0.1524625267665953,0.3374732334047109,0.0989293361884368,0.0620985010706638,84.0,84.0,82.0,77.0,71.0,85.0,85.0,82.0,82.0,84.0,81.0,79.0,0.0361290322580645,0.037940379403794,0.0368208352043107,0.0334782608695652,0.0427453341360626,0.0517353289863663,0.0517739503977401,0.0478971962616822,0.0486069946650859,0.0434332988624612,0.0419471776281719,0.0413829229963331,0.0152173913043478,0.1599999999999999,0.0207253886010363,0.1298701298701299,-0.0879765395894428,0.0221238938053096,0.1720430107526882,0.012434554973822,0.0056497175141243,0.02014652014652,0.1129341750326762,-0.009424261120991,0.0054254363093719,0.0068029789088703,0.1426124197002141,0.1485148514851484,Industrials,20.0,2.0,21,7.756195343948118,2325.0,2300.0,9.06126014896203,7.926241523170962,9.059866258621348,7.88758403166028
ETN,2000Q3,2000,Q3,0,0,1,0,2191.0,718.0,1473.0,546.0,337.0,255.0,172.0,140.0,93.0,86.0,179.0,8684.0,2872.0,8614.0,2768.0,0.0392514833409402,0.1538110451848471,0.327704244637152,0.0785029666818804,0.0424463715198539,87.0,84.0,84.0,82.0,77.0,71.0,85.0,85.0,82.0,82.0,84.0,81.0,0.0372591006423982,0.0361290322580645,0.037940379403794,0.0368208352043107,0.0334782608695652,0.0427453341360626,0.0517739503977401,0.051812571809113944,0.0478971962616822,0.0486069946650859,0.0434332988624612,0.0419471776281719,-0.0161652447238437,-0.4945652173913043,-0.0257801899592944,0.048780487804878,-0.1666666666666666,-0.0652173913043477,-0.5104895104895104,-0.0114093959731543,-0.0343839541547278,-0.0126582278481012,0.066012846344803,-0.0185180583763482,-0.0097729269919437,-0.0498581152144147,-0.4862604925287243,-0.3270676691729323,Industrials,20.0,3.0,22,7.692569648067906,2335.0,2227.0,9.069352678675205,7.96311205897929,9.06126014896203,7.926241523170962
ETN,2000Q4,2000,Q4,0,0,0,1,1458.0,394.0,1064.0,364.0,244.0,138.0,30.0,-7.0,84.0,12.0,96.0,8180.0,2410.0,8684.0,2872.0,0.02297101856384979,0.1673525377229081,0.270233196159122,0.0205761316872428,0.0576131687242798,86.0,87.0,84.0,84.0,82.0,77.0,71.0,85.0,85.0,82.0,82.0,84.0,0.0392514833409402,0.0372591006423982,0.0361290322580645,0.037940379403794,0.0368208352043107,0.0334782608695652,0.0427453341360626,0.051812571809113944,0.0518511932204878,0.0478971962616822,0.0486069946650859,0.0434332988624612,-0.3414634146341463,-0.625,-0.4512534818941504,-0.8571428571428572,-0.5306122448979591,-0.8295454545454546,-1.0190217391304348,-0.2887700534759359,-0.2823529411764706,-0.3284132841328413,-0.783068783068783,0.089760348583878,-0.16671825028371,-0.7411616161616161,-0.4305555555555556,-0.6883116883116883,Industrials,20.0,4.0,23,7.285506548522785,2191.0,2214.0,9.009569671513699,7.787796878181171,9.069352678675205,7.96311205897929
ETN,2001Q1,2001,Q1,1,0,0,0,1983.0,576.0,1407.0,479.0,321.0,212.0,97.0,104.0,50.0,68.0,118.0,8193.0,2427.0,8180.0,2410.0,0.0342914775592536,0.161875945537065,0.2904689863842662,0.0489157841654059,0.0252143217347453,12.0,86.0,87.0,84.0,84.0,82.0,77.0,71.0,85.0,85.0,82.0,82.0,0.02297101856384979,0.0392514833409402,0.0372591006423982,0.0361290322580645,0.037940379403794,0.0368208352043107,0.0334782608695652,0.0427453341360626,0.0518511932204878,0.0518898146318616,0.0478971962616822,0.0486069946650859,-0.1470967741935483,-0.6183206106870229,-0.2605905006418485,-0.1904761904761904,-0.3205128205128205,-0.5509259259259259,-0.4825870646766169,-0.0899094437257438,-0.1132596685082872,-0.1492007104795737,-0.0508608889849434,0.039672854623415,-0.1330675310097316,-0.4734759343306999,-0.5524939081428786,-0.4511627906976744,Industrials,20.0,1.0,24,7.592870287844818,1458.0,2325.0,9.011157458106817,7.794823152179389,9.009569671513699,7.787796878181171
ETN,2001Q2,2001,Q2,0,1,0,0,1871.0,560.0,1311.0,445.0,303.0,227.0,115.0,74.0,49.0,53.0,102.0,7867.0,2458.0,8193.0,2427.0,0.0283270978086584,0.1619454836985569,0.2993051843933725,0.0614644575093532,0.02618920363442,68.0,12.0,86.0,87.0,84.0,84.0,82.0,77.0,71.0,85.0,85.0,82.0,0.0342914775592536,0.02297101856384979,0.0392514833409402,0.0372591006423982,0.0361290322580645,0.037940379403794,0.0368208352043107,0.0334782608695652,0.0427453341360626,0.0518898146318616,0.051928436043235444,0.0478971962616822,-0.1987152034261241,-0.6620689655172414,-0.2893401015228426,-0.3908045977011494,-0.270096463022508,-0.5021645021645021,-0.6605504587155964,-0.1525533290239172,-0.148876404494382,-0.2010771992818671,-0.2397267427216375,0.0621986079666583,-0.1130994853318213,-0.3787034273405197,-0.5782635138870971,-0.5603448275862069,Industrials,20.0,2.0,25,7.534762657037537,1983.0,2335.0,8.97055917950895,7.807510042216193,9.011157458106817,7.794823152179389
ETN,2001Q3,2001,Q3,0,0,1,0,1750.0,424.0,1326.0,356.0,300.0,180.0,68.0,61.0,40.0,56.0,96.0,7893.0,2454.0,7867.0,2458.0,0.032,0.1714285714285714,0.2422857142857143,0.0388571428571428,0.0228571428571428,53.0,68.0,12.0,86.0,87.0,84.0,84.0,82.0,77.0,71.0,85.0,85.0,0.0283270978086584,0.0342914775592536,0.02297101856384979,0.0392514833409402,0.0372591006423982,0.0361290322580645,0.037940379403794,0.0368208352043107,0.0334782608695652,0.0427453341360626,0.051928436043235444,0.0519670574546093,-0.2012779552715654,-0.5698924731182795,-0.4094707520891365,-0.3488372093023255,-0.2941176470588235,-0.6046511627906976,-0.5642857142857143,-0.0997963340122199,-0.1097922848664688,-0.3479853479853479,-0.1847441860465116,0.114540059347181,-0.2606573816155988,-0.5050232558139536,-0.461505376344086,-0.4636871508379888,Industrials,20.0,3.0,26,7.467942332285852,1871.0,2191.0,8.973858256222792,7.805882040228621,8.97055917950895,7.807510042216193
ETN,2001Q4,2001,Q4,0,0,0,1,1695.0,415.0,1280.0,347.0,296.0,178.0,68.0,39.0,30.0,51.0,81.0,7646.0,2475.0,7893.0,2454.0,0.0300884955752212,0.1746312684365781,0.2448377581120944,0.0401179941002949,0.0176991150442477,56.0,53.0,68.0,12.0,86.0,87.0,84.0,84.0,82.0,77.0,71.0,85.0,0.032,0.0283270978086584,0.0342914775592536,0.02297101856384979,0.0392514833409402,0.0372591006423982,0.0361290322580645,0.037940379403794,0.0368208352043107,0.0334782608695652,0.0427453341360626,0.0519670574546093,0.1625514403292181,-0.6428571428571428,0.0532994923857867,3.25,0.289855072463768,1.2666666666666666,-6.571428571428571,0.2030075187969924,0.2131147540983606,-0.0467032967032966,2.65575221238938,0.0434933991005368,-0.0939760118593053,0.9497345132743362,-0.6927939317319849,-0.15625,Industrials,20.0,4.0,27,7.4360278163518485,1750.0,1458.0,8.942068693044225,7.814399633804487,8.973858256222792,7.805882040228621
ETN,2002Q1,2002,Q1,1,0,0,0,1723.0,437.0,1286.0,365.0,310.0,167.0,72.0,48.0,33.0,55.0,88.0,7550.0,2507.0,7646.0,2475.0,0.0319210679048171,0.1799187463726059,0.2536273940800929,0.0417875798026697,0.0191526407428903,51.0,56.0,53.0,68.0,12.0,86.0,87.0,84.0,84.0,82.0,77.0,71.0,0.0300884955752212,0.032,0.0283270978086584,0.0342914775592536,0.02296390228764196,0.0392514833409402,0.0372591006423982,0.0361290322580645,0.037940379403794,0.0368208352043107,0.0334782608695652,0.0427453341360626,-0.1311144730206757,-0.3399999999999999,-0.2413194444444444,-0.1911764705882352,-0.2122641509433962,-0.2577319587628865,-0.5384615384615384,-0.0859985785358919,-0.0342679127725856,-0.2379958246346555,-0.0691253285992286,0.1114606668438551,-0.1268348568388468,-0.1457240129000604,-0.2404062681369704,-0.2542372881355932,Industrials,20.0,1.0,28,7.452402451223638,1695.0,1983.0,8.929435283803425,7.827240901752812,8.942068693044225,7.814399633804487
ETN,2002Q2,2002,Q2,0,1,0,0,1881.0,517.0,1364.0,355.0,305.0,254.0,162.0,127.0,88.0,50.0,138.0,7655.0,2581.0,7550.0,2507.0,0.0265816055289739,0.1621477937267411,0.2748538011695906,0.0861244019138756,0.0467836257309941,55.0,51.0,56.0,53.0,68.0,12.0,86.0,87.0,84.0,84.0,82.0,77.0,0.0319210679048171,0.0300884955752212,0.032,0.0283270978086584,0.0342914775592536,0.02295678601143413,0.0392514833409402,0.0372591006423982,0.0361290322580645,0.037940379403794,0.0368208352043107,0.0334782608695652,0.0053447354355959,0.7959183673469388,-0.0767857142857142,-0.0566037735849056,0.118942731277533,0.4086956521739131,0.7162162162162162,0.0404271548436308,0.0066006600660066,-0.202247191011236,-0.0616191708545235,0.0012492477317909,-0.0816938178780284,0.4012065737466195,0.7863706886263275,0.3529411764705883,Industrials,20.0,2.0,29,7.540090320145325,1723.0,1871.0,8.94324493313279,7.856319571406588,8.929435283803425,7.827240901752812
ETN,2002Q3,2002,Q3,0,0,1,0,1830.0,514.0,1316.0,353.0,302.0,255.0,161.0,132.0,93.0,51.0,144.0,7470.0,2605.0,7655.0,2581.0,0.0278688524590163,0.1650273224043716,0.2808743169398907,0.0879781420765027,0.0508196721311475,50.0,55.0,51.0,56.0,53.0,68.0,12.0,86.0,87.0,84.0,84.0,82.0,0.0265816055289739,0.0319210679048171,0.0300884955752212,0.032,0.0283270978086584,0.0342914775592536,0.022949669735226302,0.0392514833409402,0.0372591006423982,0.0361290322580645,0.037940379403794,0.0368208352043107,0.0457142857142858,1.3250000000000002,0.2122641509433962,-0.0892857142857143,0.4166666666666667,1.3676470588235294,1.1639344262295084,-0.0075414781297133,0.0066666666666665,-0.0084269662921347,-0.1290983606557377,-0.0373406193078323,0.1592689968037941,1.264143362262938,1.223360655737705,0.5,Industrials,20.0,3.0,30,7.5126175446745105,1881.0,1750.0,8.918784137975802,7.8655717576847906,8.94324493313279,7.856319571406588
ETN,2002Q4,2002,Q4,0,0,0,1,1775.0,469.0,1306.0,347.0,300.0,217.0,122.0,92.0,67.0,47.0,114.0,7138.0,2302.0,7470.0,2605.0,0.0264788732394366,0.1690140845070422,0.264225352112676,0.0687323943661971,0.0377464788732394,51.0,50.0,55.0,51.0,56.0,53.0,68.0,12.0,86.0,87.0,84.0,84.0,0.0278688524590163,0.0265816055289739,0.0319210679048171,0.0300884955752212,0.032,0.0283270978086584,0.0342914775592536,0.022942553459018477,0.0392514833409402,0.0372591006423982,0.0361290322580645,0.037940379403794,0.0471976401179941,1.2333333333333334,0.1301204819277108,-0.0784313725490196,0.2191011235955056,0.7941176470588236,1.358974358974359,0.0203124999999999,0.0135135135135135,0.0,-0.1199668599834299,-0.0321659687856871,0.0791854742915323,0.7132560066280034,1.1326760563380285,0.4074074074074074,Industrials,20.0,4.0,31,7.4821189235521155,1830.0,1695.0,8.87332798950246,7.741967899820685,8.918784137975802,7.8655717576847906
ETN,2003Q1,2003,Q1,1,0,0,0,1925.0,510.0,1415.0,384.0,329.0,224.0,126.0,99.0,72.0,55.0,127.0,7262.0,2380.0,7138.0,2302.0,0.0285714285714285,0.1709090909090909,0.2649350649350649,0.0654545454545454,0.0374025974025974,47.0,51.0,50.0,55.0,51.0,56.0,53.0,68.0,12.0,86.0,87.0,84.0,0.0264788732394366,0.0278688524590163,0.0265816055289739,0.0319210679048171,0.0300884955752212,0.032,0.0283270978086584,0.0342914775592536,0.022935437182810648,0.0392514833409402,0.0372591006423982,0.0361290322580645,0.1172373766686012,1.1818181818181817,0.1670480549199084,0.0,0.341317365269461,0.75,1.0625,0.1003110419906687,0.0612903225806451,0.0520547945205478,-0.1049350649350648,-0.0500762463343108,0.0445837914945463,0.5663636363636364,0.9528689492325856,0.4431818181818181,Industrials,20.0,1.0,32,7.563200592358071,1775.0,1723.0,8.890548245606167,7.7752758464868625,8.87332798950246,7.741967899820685
ETN,2003Q2,2003,Q2,0,1,0,0,2027.0,529.0,1498.0,395.0,339.0,237.0,134.0,122.0,93.0,56.0,149.0,7656.0,2806.0,7262.0,2380.0,0.0276270350271336,0.1672422298963986,0.2609768130241736,0.0661075481006413,0.0458806117414898,55.0,47.0,51.0,50.0,55.0,51.0,56.0,53.0,68.0,12.0,86.0,87.0,0.0285714285714285,0.0264788732394366,0.0278688524590163,0.0265816055289739,0.0319210679048171,0.0300884955752212,0.032,0.0283270978086584,0.0342914775592536,0.02292832090660282,0.0392514833409402,0.0372591006423982,0.0776182881446039,0.0568181818181818,0.02321083172147,0.1200000000000001,-0.0669291338582677,-0.1728395061728395,-0.0393700787401575,0.098240469208211,0.1114754098360655,0.1126760563380282,0.0393290577207696,0.0314184735577893,-0.0504886164439639,-0.232417913720331,-0.0193019240256536,0.0797101449275361,Industrials,20.0,2.0,33,7.614805364711073,1925.0,1881.0,8.943375541113124,7.939871576361883,8.890548245606167,7.7752758464868625
ETN,2003Q3,2003,Q3,0,0,1,0,2026.0,547.0,1479.0,384.0,327.0,260.0,163.0,142.0,107.0,57.0,164.0,7903.0,2943.0,7656.0,2806.0,0.0281342546890424,0.1614017769002961,0.269990128331688,0.0804540967423494,0.0528134254689042,56.0,55.0,47.0,51.0,50.0,55.0,51.0,56.0,53.0,68.0,12.0,86.0,0.0276270350271336,0.0285714285714285,0.0264788732394366,0.0278688524590163,0.0265816055289739,0.0319210679048171,0.0300884955752212,0.032,0.0283270978086584,0.0342914775592536,0.02292120463039499,0.0392514833409402,0.1071038251366121,0.1505376344086022,0.0642023346303501,0.1176470588235294,0.0196078431372548,0.0124223602484472,0.0757575757575756,0.1238601823708207,0.0827814569536424,0.0878186968838528,0.0095232564891702,-0.0219693651405896,-0.0387510995194764,-0.0855217575248477,0.039231920517148,0.1388888888888888,Industrials,20.0,3.0,34,7.614312146452,2027.0,1830.0,8.975124239427704,7.987524479848767,8.943375541113124,7.939871576361883
ETN,2003Q4,2003,Q4,0,0,0,1,2083.0,578.0,1505.0,411.0,356.0,263.0,167.0,145.0,114.0,55.0,169.0,8223.0,3117.0,7903.0,2943.0,0.0264042246759481,0.170907345175228,0.2774843975036006,0.0801728276524244,0.0547287566010561,57.0,56.0,55.0,47.0,51.0,50.0,55.0,51.0,56.0,53.0,68.0,12.0,0.0281342546890424,0.0276270350271336,0.0285714285714285,0.0264788732394366,0.0278688524590163,0.0265816055289739,0.0319210679048171,0.0300884955752212,0.032,0.0283270978086584,0.0342914775592536,0.022914088354187165,0.1735211267605634,0.7014925373134329,0.2324093816631129,0.1702127659574468,0.2119815668202764,0.3688524590163935,0.576086956521739,0.1523736600306278,0.1866666666666667,0.1844380403458212,-0.0028191744721708,0.0112017922867659,0.0501808221085098,0.1664489269102729,0.4499036263712641,0.4824561403508771,Industrials,20.0,4.0,35,7.642044402873258,2026.0,1775.0,9.014811987694946,8.044947049617722,8.975124239427704,7.987524479848767
ETN,2004Q1,2004,Q1,1,0,0,0,2238.0,617.0,1621.0,421.0,361.0,296.0,196.0,173.0,134.0,60.0,194.0,8193.0,3043.0,8223.0,3117.0,0.0268096514745308,0.1613047363717605,0.275692582663092,0.0875781948168007,0.0598748882931188,55.0,57.0,56.0,55.0,47.0,51.0,50.0,55.0,51.0,56.0,53.0,68.0,0.0264042246759481,0.0281342546890424,0.0276270350271336,0.0285714285714285,0.0264788732394366,0.0278688524590163,0.0265816055289739,0.0319210679048171,0.0300884955752212,0.032,0.0283270978086584,0.0342914775592536,0.1625974025974026,0.8611111111111112,0.2098039215686273,0.0909090909090908,0.3214285714285714,0.5555555555555556,0.7474747474747474,0.145583038869258,0.0972644376899696,0.0963541666666667,-0.0616621983914208,-0.0561956914418269,0.0406043561302984,0.3380001985900107,0.6008216661701917,0.5275590551181102,Industrials,20.0,1.0,36,7.713784616598755,2083.0,1925.0,9.011157458106817,8.020927718981577,9.014811987694946,8.044947049617722
ETN,2004Q2,2004,Q2,0,1,0,0,2403.0,677.0,1726.0,453.0,389.0,322.0,224.0,203.0,161.0,64.0,225.0,8555.0,3184.0,8193.0,3043.0,0.0266333749479816,0.1618809821057012,0.2817311693716188,0.0932168123179359,0.0669995838535164,60.0,55.0,57.0,56.0,55.0,47.0,51.0,50.0,55.0,51.0,56.0,53.0,0.0268096514745308,0.0264042246759481,0.0281342546890424,0.0276270350271336,0.0285714285714285,0.0264788732394366,0.0278688524590163,0.0265816055289739,0.0319210679048171,0.0300884955752212,0.032,0.0283270978086584,0.1854958066107548,0.7311827956989247,0.2797731568998109,0.1428571428571428,0.3586497890295359,0.6716417910447761,0.6639344262295082,0.1522029372496662,0.1474926253687316,0.1468354430379745,-0.0359669460793056,-0.032056782512518,0.0795256716753711,0.4100781982720602,0.460302757753525,0.5100671140939597,Industrials,20.0,2.0,37,7.784889295655098,2238.0,2027.0,9.054388070202297,8.066207568006265,9.011157458106817,8.020927718981577
ETN,2004Q3,2004,Q3,0,0,1,0,2543.0,707.0,1836.0,478.0,406.0,329.0,229.0,211.0,170.0,72.0,242.0,8883.0,3370.0,8555.0,3184.0,0.0283130161226897,0.1596539520251671,0.2780180888714117,0.0900511207235548,0.0668501769563507,64.0,60.0,55.0,57.0,56.0,55.0,47.0,51.0,50.0,55.0,51.0,56.0,0.0266333749479816,0.0268096514745308,0.0264042246759481,0.0281342546890424,0.0276270350271336,0.0285714285714285,0.0264788732394366,0.0278688524590163,0.0265816055289739,0.0319210679048171,0.0300884955752212,0.032,0.255182625863771,0.5887850467289719,0.2925045703839122,0.263157894736842,0.2653846153846153,0.4049079754601228,0.4859154929577465,0.2413793103448276,0.2415902140672783,0.2447916666666667,0.0063538713082351,-0.0108290311835209,0.0297342743208046,0.1192857091160866,0.2657799861080996,0.4756097560975609,Industrials,20.0,3.0,38,7.841492924460013,2403.0,2026.0,9.092007185014317,8.12296471523406,9.054388070202297,8.066207568006265
ETN,2004Q4,2004,Q4,0,0,0,1,2633.0,734.0,1899.0,496.0,431.0,340.0,238.0,194.0,183.0,65.0,248.0,9075.0,3606.0,8883.0,3370.0,0.0246866691986327,0.1636916065324724,0.2787694644891758,0.0903911887580706,0.0695024686669198,72.0,64.0,60.0,55.0,57.0,56.0,55.0,47.0,51.0,50.0,55.0,51.0,0.0283130161226897,0.0266333749479816,0.0268096514745308,0.0264042246759481,0.0281342546890424,0.0276270350271336,0.0285714285714285,0.0264788732394366,0.0278688524590163,0.0265816055289739,0.0319210679048171,0.0300884955752212,0.2640422467594816,0.605263157894737,0.2698961937716262,0.1818181818181818,0.2927756653992395,0.4251497005988023,0.3379310344827586,0.2617940199335549,0.2106741573033708,0.2068126520681266,-0.0650485101681456,-0.0422201786316287,0.0046311324064933,0.127454168760845,0.2699442301157375,0.4674556213017751,Industrials,20.0,4.0,39,7.876258882303226,2543.0,2083.0,9.113388845899733,8.19063168090354,9.092007185014317,8.12296471523406
ETN,2005Q1,2005,Q1,1,0,0,0,2654.0,741.0,1913.0,488.0,419.0,353.0,253.0,236.0,187.0,69.0,256.0,9274.0,3528.0,9075.0,3606.0,0.0259984928409947,0.1578749058025621,0.2792012057272042,0.0953278070836473,0.0704596834966088,65.0,72.0,64.0,60.0,55.0,57.0,56.0,55.0,47.0,51.0,50.0,55.0,0.0246866691986327,0.0283130161226897,0.0266333749479816,0.0268096514745308,0.0264042246759481,0.0281342546890424,0.0276270350271336,0.0285714285714285,0.0264788732394366,0.0278688524590163,0.0265816055289739,0.0319210679048171,0.1858802502234138,0.3955223880597014,0.2009724473257699,0.1499999999999999,0.1925675675675675,0.2908163265306123,0.3641618497109826,0.1801357186921652,0.1606648199445983,0.159144893111639,-0.0302562170308968,-0.0212630493458887,0.0127265776620468,0.0884879196591976,0.1767818781000798,0.3195876288659793,Industrials,20.0,1.0,40,7.884199933676039,2633.0,2238.0,9.135077887475635,8.16876982367527,9.113388845899733,8.19063168090354
ETN,2005Q2,2005,Q2,0,1,0,0,2834.0,795.0,2039.0,515.0,446.0,379.0,280.0,267.0,209.0,69.0,278.0,9507.0,3489.0,9274.0,3528.0,0.0243472124206069,0.1573747353563867,0.2805222300635144,0.0988002822865208,0.0737473535638673,69.0,65.0,72.0,64.0,60.0,55.0,57.0,56.0,55.0,47.0,51.0,50.0,0.0259984928409947,0.0246866691986327,0.0283130161226897,0.0266333749479816,0.0268096514745308,0.0264042246759481,0.0281342546890424,0.0276270350271336,0.0285714285714285,0.0264788732394366,0.0278688524590163,0.0265816055289739,0.1793591344153142,0.2981366459627328,0.1742983751846381,0.078125,0.1770186335403727,0.25,0.3152709359605912,0.1813441483198146,0.1465295629820051,0.1368653421633554,-0.0858382586450247,-0.0278367890452509,-0.0042911095382196,0.0598976711362033,0.1007136062979701,0.2355555555555555,Industrials,20.0,2.0,41,7.949797216161852,2654.0,2403.0,9.159888828480085,8.157657015196472,9.135077887475635,8.16876982367527
ETN,2005Q3,2005,Q3,0,0,1,0,2789.0,788.0,2001.0,514.0,439.0,373.0,274.0,249.0,199.0,75.0,274.0,9749.0,3695.0,9507.0,3489.0,0.0268913589100035,0.1574040874865543,0.2825385442811043,0.0982430978845464,0.0713517389745428,69.0,69.0,65.0,72.0,64.0,60.0,55.0,57.0,56.0,55.0,47.0,51.0,0.0243472124206069,0.0259984928409947,0.0246866691986327,0.0283130161226897,0.0266333749479816,0.0268096514745308,0.0264042246759481,0.0281342546890424,0.0276270350271336,0.0285714285714285,0.0264788732394366,0.0278688524590163,0.09673613841919,0.1705882352941177,0.1145685997171146,0.0416666666666667,0.1337386018237081,0.1965065502183405,0.1800947867298579,0.0898692810457515,0.0812807881773398,0.0753138075313808,-0.0502121429425121,-0.0140921318268285,0.0162595729941279,0.0909702965956402,0.0673380718368379,0.1322314049586777,Industrials,20.0,3.0,42,7.933796874815411,2834.0,2543.0,9.185022563991893,8.215006432761575,9.159888828480085,8.157657015196472
ETN,2005Q4,2005,Q4,0,0,0,1,2838.0,779.0,2059.0,527.0,453.0,361.0,252.0,244.0,210.0,74.0,284.0,10218.0,3778.0,9749.0,3695.0,0.0260747004933051,0.1596194503171247,0.2744890768146582,0.0887949260042283,0.0739957716701902,75.0,69.0,69.0,65.0,72.0,64.0,60.0,55.0,57.0,56.0,55.0,47.0,0.0268913589100035,0.0243472124206069,0.0259984928409947,0.0246866691986327,0.0283130161226897,0.0266333749479816,0.0268096514745308,0.0264042246759481,0.0281342546890424,0.0276270350271336,0.0285714285714285,0.0264788732394366,0.0778579567033801,0.1475409836065573,0.061307901907357,0.1384615384615384,0.0617647058823529,0.0588235294117647,0.2577319587628865,0.0842548709847288,0.0510440835266821,0.0625,0.0562259445980377,-0.024877000730883,-0.0153545786743934,-0.0176594950876756,0.0646495453967814,0.1451612903225807,Industrials,20.0,4.0,43,7.951207156472972,2789.0,2633.0,9.23200401161221,8.237214703349489,9.185022563991893,8.215006432761575
ETN,2006Q1,2006,Q1,1,0,0,0,3013.0,846.0,2167.0,561.0,480.0,389.0,285.0,253.0,208.0,81.0,289.0,10691.0,4047.0,10218.0,3778.0,0.0268835048124792,0.1593096581480252,0.2807832724858944,0.0945901095253899,0.0690341851974776,74.0,75.0,69.0,69.0,65.0,72.0,64.0,60.0,55.0,57.0,56.0,55.0,0.0260747004933051,0.0268913589100035,0.0243472124206069,0.0259984928409947,0.0246866691986327,0.0283130161226897,0.0266333749479816,0.0268096514745308,0.0264042246759481,0.0281342546890424,0.0276270350271336,0.0285714285714285,0.1352675207234364,0.1122994652406417,0.1417004048582995,0.1739130434782609,0.1019830028328612,0.1264822134387351,0.0720338983050847,0.1327757449032933,0.1455847255369928,0.1495901639344261,0.0340408952510138,0.0090879062645798,0.0056664037483993,-0.0077385348601384,-0.0202314036678846,0.12890625,Industrials,20.0,1.0,44,8.01102337918644,2838.0,2654.0,9.277251077258809,8.305978210967302,9.23200401161221,8.237214703349489
ETN,2006Q2,2006,Q2,0,1,0,0,3186.0,879.0,2307.0,581.0,499.0,396.0,298.0,278.0,253.0,82.0,335.0,10885.0,4249.0,10691.0,4047.0,0.0257376020087884,0.1566227244193345,0.275894538606403,0.0935342121782799,0.0794099183929692,81.0,74.0,75.0,69.0,69.0,65.0,72.0,64.0,60.0,55.0,57.0,56.0,0.0268835048124792,0.0260747004933051,0.0268913589100035,0.0243472124206069,0.0259984928409947,0.0246866691986327,0.0283130161226897,0.0266333749479816,0.0268096514745308,0.0264042246759481,0.0281342546890424,0.0276270350271336,0.1242060691601976,0.2105263157894736,0.1056603773584905,0.1884057971014492,0.0448548812664908,0.0642857142857142,0.0411985018726592,0.131436978911231,0.1188340807174888,0.1281553398058252,0.0571067259841517,-0.004778473084318,-0.0164967013703821,-0.0533001524526948,0.0767832953381568,0.2050359712230216,Industrials,20.0,2.0,45,8.066835314417336,3013.0,2834.0,9.295232838994146,8.354674261918463,9.277251077258809,8.305978210967302
ETN,2006Q3,2006,Q3,0,0,1,0,3115.0,802.0,2313.0,554.0,468.0,351.0,248.0,225.0,248.0,86.0,334.0,11254.0,4388.0,10885.0,4249.0,0.0276083467094703,0.1502407704654895,0.2574638844301766,0.0796147672552167,0.0796147672552167,82.0,81.0,74.0,75.0,69.0,69.0,65.0,72.0,64.0,60.0,55.0,57.0,0.0257376020087884,0.0268835048124792,0.0260747004933051,0.0268913589100035,0.0243472124206069,0.0259984928409947,0.0246866691986327,0.0283130161226897,0.0266333749479816,0.0268096514745308,0.0264042246759481,0.0281342546890424,0.1168877733954822,0.2462311557788945,0.0177664974619289,0.1466666666666667,-0.0589812332439678,-0.0948905109489051,-0.0963855421686746,0.1559220389805098,0.0660592255125285,0.0778210116731517,0.0266623863028356,-0.0455090915074023,-0.0887477491424334,-0.1896146500919731,0.1158069641949717,0.2189781021897809,Industrials,20.0,3.0,46,8.044305406990638,3186.0,2789.0,9.328567753340833,8.386856689688234,9.295232838994146,8.354674261918463
ETN,2006Q4,2006,Q4,0,0,0,1,3102.0,802.0,2300.0,574.0,501.0,340.0,228.0,239.0,241.0,73.0,314.0,11417.0,4106.0,11254.0,4388.0,0.0235332043842682,0.1615087040618955,0.2585428755641522,0.0735009671179884,0.0776918117343649,86.0,82.0,81.0,74.0,75.0,69.0,69.0,65.0,72.0,64.0,60.0,55.0,0.0276083467094703,0.0257376020087884,0.0268835048124792,0.0260747004933051,0.0268913589100035,0.0243472124206069,0.0259984928409947,0.0246866691986327,0.0283130161226897,0.0266333749479816,0.0268096514745308,0.0264042246759481,0.0930232558139534,0.1476190476190475,0.0295250320924262,-0.0135135135135134,-0.0581717451523545,-0.0952380952380952,-0.0204918032786884,0.1170471102476931,0.1059602649006623,0.0891840607210625,-0.0974698102357677,0.0118359870367761,-0.0580941195750143,-0.1722391084093212,0.0499493414387031,0.1056338028169014,Industrials,20.0,4.0,47,8.04012466444838,3115.0,2838.0,9.342946336524205,8.320448113956559,9.328567753340833,8.386856689688234
ETN,2007Q1,2007,Q1,1,0,0,0,3153.0,897.0,2256.0,591.0,508.0,408.0,306.0,269.0,234.0,83.0,317.0,12240.0,4278.0,11417.0,4106.0,0.0263241357437361,0.1611163970821439,0.2844909609895338,0.0970504281636536,0.0742150333016175,73.0,86.0,82.0,81.0,74.0,75.0,69.0,69.0,65.0,72.0,64.0,60.0,0.0235332043842682,0.0276083467094703,0.0257376020087884,0.0268835048124792,0.0260747004933051,0.0268913589100035,0.0243472124206069,0.0259984928409947,0.0246866691986327,0.0283130161226897,0.0266333749479816,0.0268096514745308,0.0464653169598408,0.125,0.0602836879432624,0.0246913580246914,0.0488431876606683,0.0736842105263158,0.0632411067193676,0.0410706045223812,0.0583333333333333,0.053475935828877,-0.0208071481990501,0.0113410508510412,0.0132048055100062,0.0260103159897842,0.0750475737392959,0.0968858131487888,Industrials,20.0,1.0,48,8.056426767522984,3102.0,3013.0,9.412546252075513,8.361474616416817,9.342946336524205,8.320448113956559
ETN,2007Q2,2007,Q2,0,1,0,0,3248.0,902.0,2346.0,613.0,525.0,407.0,289.0,256.0,246.0,88.0,334.0,12419.0,4447.0,12240.0,4278.0,0.0270935960591133,0.1616379310344827,0.2777093596059113,0.0889778325123152,0.0757389162561576,83.0,73.0,86.0,82.0,81.0,74.0,75.0,69.0,69.0,65.0,72.0,64.0,0.0263241357437361,0.0235332043842682,0.0276083467094703,0.0257376020087884,0.0268835048124792,0.0260747004933051,0.0268913589100035,0.0243472124206069,0.0259984928409947,0.0246866691986327,0.0283130161226897,0.0266333749479816,0.0194601381042058,-0.0276679841897232,0.0261660978384528,0.0731707317073171,0.0277777777777776,-0.0302013422818792,-0.0791366906474819,0.0169050715214564,0.0521042084168337,0.0550774526678141,0.0526853298089631,0.0320209384285814,0.0065779518821769,-0.0487135087777301,-0.0462285091220622,-0.0029850746268657,Industrials,20.0,2.0,49,8.0861025356691,3153.0,3186.0,9.42706335548747,8.400209835930418,9.412546252075513,8.361474616416817
ETN,2007Q3,2007,Q3,0,0,1,0,3298.0,917.0,2381.0,616.0,528.0,418.0,301.0,263.0,258.0,88.0,346.0,12739.0,4743.0,12419.0,4447.0,0.026682838083687,0.1600970285021224,0.2780473013947847,0.0912674348089751,0.0782292298362644,88.0,83.0,73.0,86.0,82.0,81.0,74.0,75.0,69.0,69.0,65.0,72.0,0.0270935960591133,0.0263241357437361,0.0235332043842682,0.0276083467094703,0.0257376020087884,0.0268835048124792,0.0260747004933051,0.0268913589100035,0.0243472124206069,0.0259984928409947,0.0246866691986327,0.0283130161226897,0.0587479935794541,0.0403225806451612,0.1433915211970073,0.0232558139534884,0.1908831908831909,0.2137096774193547,0.1688888888888888,0.0293990488543016,0.1282051282051282,0.111913357400722,-0.0335227833641248,0.0656030850087854,0.0799468127740079,0.1463631428627319,-0.0174030204033726,0.0359281437125749,Industrials,20.0,3.0,50,8.101374671228582,3248.0,3115.0,9.452501929126154,8.464635940677562,9.42706335548747,8.400209835930418
ETN,2007Q4,2007,Q4,0,0,0,1,3374.0,946.0,2428.0,658.0,581.0,413.0,288.0,259.0,256.0,77.0,333.0,13430.0,5172.0,12739.0,4743.0,0.02297101856384979,0.1721991701244813,0.2803793716656787,0.0853586247777119,0.0758743331357439,88.0,88.0,83.0,73.0,86.0,82.0,81.0,74.0,75.0,69.0,69.0,65.0,0.026682838083687,0.0270935960591133,0.0263241357437361,0.0235332043842682,0.0276083467094703,0.0257376020087884,0.0268835048124792,0.0260747004933051,0.0268913589100035,0.0243472124206069,0.0259984928409947,0.0246866691986327,0.087685364281109,0.0622406639004149,0.1795511221945136,0.0547945205479452,0.214705882352941,0.263157894736842,0.0836820083682008,0.0556521739130435,0.1596806387225549,0.146341463414634,-0.03023929972148,0.0661912689144532,0.0844598639737348,0.1613265528967646,-0.0233934382278936,0.0605095541401274,Industrials,20.0,4.0,51,8.12415060330663,3298.0,3102.0,9.505320746909074,8.551208070003515,9.452501929126154,8.464635940677562
ETN,2008Q1,2008,Q1,1,0,0,0,3496.0,964.0,2532.0,641.0,552.0,448.0,323.0,286.0,247.0,89.0,336.0,14646.0,5500.0,13430.0,5172.0,0.0254576659038901,0.1578947368421052,0.2757437070938215,0.092391304347826,0.0706521739130434,77.0,88.0,88.0,83.0,73.0,86.0,82.0,81.0,74.0,75.0,69.0,69.0,0.02297101856384979,0.026682838083687,0.0270935960591133,0.0263241357437361,0.0235332043842682,0.0276083467094703,0.0257376020087884,0.0268835048124792,0.0260747004933051,0.0268913589100035,0.0243472124206069,0.0259984928409947,0.1087852838566445,0.0555555555555555,0.0746934225195095,0.072289156626506,0.0980392156862746,0.0555555555555555,0.0631970260223049,0.1223404255319149,0.0866141732283465,0.0846023688663282,-0.0329154145184857,-0.0199958557811852,-0.0307470362688749,-0.0480072463768117,-0.0480072463768116,0.0599369085173502,Industrials,20.0,1.0,52,8.159660737063376,3374.0,3153.0,9.591990815318308,8.612685172875459,9.505320746909074,8.551208070003515
ETN,2008Q2,2008,Q2,0,1,0,0,4279.0,1210.0,3069.0,815.0,704.0,549.0,395.0,354.0,333.0,111.0,444.0,17923.0,7394.0,14646.0,5500.0,0.0259406403365272,0.1645244215938303,0.2827763496143959,0.0923112876840383,0.0778219210095816,89.0,77.0,88.0,88.0,83.0,73.0,86.0,82.0,81.0,74.0,75.0,69.0,0.0254576659038901,0.02297101856384979,0.026682838083687,0.0270935960591133,0.0263241357437361,0.0235332043842682,0.0276083467094703,0.0257376020087884,0.0268835048124792,0.0260747004933051,0.0268913589100035,0.0243472124206069,0.3174261083743843,0.3536585365853659,0.3414634146341464,0.2613636363636364,0.348894348894349,0.3667820069204153,0.3828125,0.3081841432225063,0.3409523809523809,0.32952691680261,-0.042554547579086,0.0178577549271634,0.0182456580349865,0.0374638837292613,0.0275024367443952,0.3293413173652695,Industrials,20.0,2.0,53,8.361708288575842,3496.0,3248.0,9.793895875906033,8.9085593751449,9.591990815318308,8.612685172875459
ETN,2008Q3,2008,Q3,0,0,1,0,4114.0,1150.0,2964.0,776.0,659.0,529.0,374.0,354.0,315.0,117.0,432.0,16967.0,6979.0,17923.0,7394.0,0.0284394749635391,0.1601847350510452,0.2795333009236752,0.0909090909090909,0.0765678172095284,111.0,89.0,77.0,88.0,88.0,83.0,73.0,86.0,82.0,81.0,74.0,75.0,0.0259406403365272,0.0254576659038901,0.02297101856384979,0.026682838083687,0.0270935960591133,0.0263241357437361,0.0235332043842682,0.0276083467094703,0.0257376020087884,0.0268835048124792,0.0260747004933051,0.0268913589100035,0.2474226804123711,0.2209302325581394,0.2540894220283534,0.3295454545454546,0.2655502392344497,0.2425249169435215,0.3460076045627376,0.244855102897942,0.2481060606060605,0.2597402597402598,0.0658339594290007,0.0005478337089908,0.0053444127004154,-0.0039263062518876,-0.0212377474533923,0.2485549132947977,Industrials,20.0,3.0,54,8.32239411311117,4279.0,3298.0,9.739084496244518,8.850804195756417,9.793895875906033,8.9085593751449
ETN,2008Q4,2008,Q4,0,0,0,1,3487.0,861.0,2626.0,698.0,598.0,320.0,163.0,134.0,163.0,100.0,263.0,16655.0,6317.0,16967.0,6979.0,0.0286779466590192,0.1714941210209349,0.2469171207341554,0.0467450530542013,0.0467450530542013,117.0,111.0,89.0,77.0,88.0,88.0,83.0,73.0,86.0,82.0,81.0,74.0,0.0284394749635391,0.0259406403365272,0.0254576659038901,0.02297101856384979,0.026682838083687,0.0270935960591133,0.0263241357437361,0.0235332043842682,0.0276083467094703,0.0257376020087884,0.0268835048124792,0.0260747004933051,0.0334914048606995,-0.36328125,-0.0898520084566596,0.2987012987012987,-0.225181598062954,-0.4340277777777778,-0.4826254826254826,0.0815485996705107,0.0292598967297763,0.0607902735562309,0.2566154808770238,-0.0040943815410768,-0.1193463368318812,-0.452368718733072,-0.383914808574706,-0.2102102102102102,Industrials,20.0,4.0,55,8.15708378502887,4114.0,3374.0,9.72052579085475,8.75115798136203,9.739084496244518,8.850804195756417
ETN,2009Q1,2009,Q1,1,0,0,0,2813.0,639.0,2174.0,656.0,558.0,126.0,-17.0,-63.0,-50.0,98.0,48.0,16001.0,6065.0,16655.0,6317.0,0.0348382509776039,0.1983647351581941,0.2271596160682545,-0.0060433700675435,-0.0177746178457163,100.0,117.0,111.0,89.0,77.0,88.0,88.0,83.0,73.0,86.0,82.0,81.0,0.0286779466590192,0.0284394749635391,0.0259406403365272,0.0254576659038901,0.02296390228764196,0.026682838083687,0.0270935960591133,0.0263241357437361,0.0235332043842682,0.0276083467094703,0.0257376020087884,0.0268835048124792,-0.1953661327231121,-1.2024291497975708,-0.3371369294605809,0.101123595505618,-0.71875,-1.0526315789473684,-1.2202797202797202,-0.141390205371248,0.0108695652173913,0.0234009360374414,0.3684778136820619,0.2563099893352294,-0.176192927619691,-1.065410593672236,-1.251579206431677,-0.8571428571428572,Industrials,20.0,1.0,56,7.942362237674335,3487.0,3496.0,9.68046899341007,8.710454688248527,9.72052579085475,8.75115798136203
ETN,2009Q2,2009,Q2,0,1,0,0,2901.0,712.0,2189.0,649.0,554.0,213.0,63.0,30.0,29.0,95.0,124.0,16191.0,6647.0,16001.0,6065.0,0.0327473285074112,0.1909686315063771,0.2454326094450189,0.0217166494312306,0.0099965529127886,98.0,100.0,117.0,111.0,89.0,77.0,88.0,88.0,83.0,73.0,86.0,82.0,0.0348382509776039,0.0286779466590192,0.0284394749635391,0.0259406403365272,0.0254576659038901,0.02295678601143413,0.026682838083687,0.0270935960591133,0.0263241357437361,0.0235332043842682,0.0276083467094703,0.0257376020087884,-0.3220378593129236,-0.9129129129129128,-0.4115702479338843,-0.1441441441441441,-0.6120218579234973,-0.8405063291139241,-0.9152542372881356,-0.2867383512544803,-0.2130681818181817,-0.203680981595092,0.2623947629118259,0.1607312133746985,-0.1320610447807966,-0.7647454609715549,-0.871545796054586,-0.7207207207207207,Industrials,20.0,2.0,57,7.973155433444133,2813.0,4279.0,9.692272572087193,8.802071336535285,9.68046899341007,8.710454688248527
ETN,2009Q3,2009,Q3,0,0,1,0,3028.0,850.0,2178.0,652.0,553.0,352.0,198.0,166.0,193.0,99.0,292.0,16495.0,6961.0,16191.0,6647.0,0.0326948480845442,0.1826287978863936,0.2807133421400264,0.0653896961690885,0.0637384412153236,95.0,98.0,100.0,117.0,111.0,89.0,77.0,88.0,88.0,83.0,73.0,86.0,0.0327473285074112,0.0348382509776039,0.0286779466590192,0.0284394749635391,0.0259406403365272,0.0254576659038901,0.022949669735226302,0.026682838083687,0.0270935960591133,0.0263241357437361,0.0235332043842682,0.0276083467094703,-0.2639766650461838,-0.3873015873015872,-0.2608695652173913,-0.1538461538461538,-0.3345935727788279,-0.4705882352941176,-0.5310734463276836,-0.2651821862348178,-0.1608497723823976,-0.1597938144329896,0.1496291027334619,0.1401136183681692,0.0042214691861468,-0.2807133421400265,-0.1675557233020905,-0.324074074074074,Industrials,20.0,3.0,58,8.015987811027237,2901.0,4114.0,9.71087320625674,8.848222068371385,9.692272572087193,8.802071336535285
ETN,2009Q4,2009,Q4,0,0,0,1,3131.0,890.0,2241.0,690.0,587.0,325.0,200.0,170.0,211.0,103.0,314.0,16282.0,6777.0,16495.0,6961.0,0.0328968380709038,0.1874800383264132,0.2842542318748003,0.0638773554774832,0.0673906100287448,99.0,95.0,98.0,100.0,117.0,111.0,89.0,77.0,88.0,88.0,83.0,73.0,0.0326948480845442,0.0327473285074112,0.0348382509776039,0.0286779466590192,0.0284394749635391,0.0259406403365272,0.0254576659038901,0.022942553459018477,0.026682838083687,0.0270935960591133,0.0263241357437361,0.0235332043842682,-0.1020934901061083,0.294478527607362,0.0336817653890824,0.03,0.015625,0.2269938650306748,0.2686567164179105,-0.1466108149276466,-0.0183946488294314,-0.0114613180515759,0.1471127435324177,0.093215541211042,0.151213131878547,0.3665051444784295,0.4416629274247434,0.1939163498098859,Industrials,20.0,4.0,59,8.049427057110695,3028.0,3487.0,9.697876897764221,8.821437352166997,9.71087320625674,8.848222068371385
ETN,2010Q1,2010,Q1,1,0,0,0,3103.0,902.0,2201.0,688.0,587.0,363.0,214.0,187.0,155.0,101.0,256.0,15847.0,6683.0,16282.0,6777.0,0.0325491459877537,0.1891717692555591,0.2906864324846922,0.0689655172413793,0.0499516596841766,103.0,99.0,95.0,98.0,100.0,117.0,111.0,89.0,77.0,88.0,88.0,83.0,0.0328968380709038,0.0326948480845442,0.0327473285074112,0.0348382509776039,0.0286779466590192,0.0284394749635391,0.0259406403365272,0.0254576659038901,0.022935437182810648,0.026682838083687,0.0270935960591133,0.0263241357437361,0.1030927835051547,-4.1,0.4115805946791862,0.0306122448979591,1.880952380952381,-13.588235294117649,-3.968253968253968,0.0124195032198712,0.0519713261648746,0.048780487804878,-0.0657066564943732,-0.046343751046796,0.2796571746157108,-12.411764705882351,-3.810280373831776,4.333333333333333,Industrials,20.0,1.0,60,8.04044688130311,3131.0,2813.0,9.670798588378387,8.807471889715284,9.697876897764221,8.821437352166997
ETN,2010Q2,2010,Q2,0,1,0,0,3378.0,991.0,2387.0,707.0,604.0,420.0,284.0,251.0,226.0,103.0,329.0,15927.0,6570.0,15847.0,6683.0,0.0304914150384843,0.1788040260509177,0.2933688573120189,0.0840734162226169,0.0669034931912374,101.0,103.0,99.0,95.0,98.0,100.0,117.0,111.0,89.0,77.0,88.0,88.0,0.0325491459877537,0.0328968380709038,0.0326948480845442,0.0327473285074112,0.0348382509776039,0.0286779466590192,0.0284394749635391,0.0259406403365272,0.0254576659038901,0.02292832090660282,0.026682838083687,0.0270935960591133,0.1644260599793174,6.793103448275862,0.3918539325842696,0.0842105263157895,0.971830985915493,3.507936507936508,7.366666666666667,0.0904522613065326,0.0902527075812273,0.0893682588597843,-0.068888473403758,-0.06369949535431,0.1953132795816952,2.87138064225098,5.692656336130336,1.653225806451613,Industrials,20.0,2.0,61,8.12533508671429,3103.0,2901.0,9.675833845744032,8.790421306897867,9.670798588378387,8.807471889715284
ETN,2010Q3,2010,Q3,0,0,1,0,3571.0,1091.0,2480.0,755.0,651.0,474.0,336.0,305.0,268.0,104.0,372.0,17015.0,7207.0,15927.0,6570.0,0.0291234948193783,0.182301876225147,0.3055166619994399,0.0940912909549145,0.0750490058807056,103.0,101.0,103.0,99.0,95.0,98.0,100.0,117.0,111.0,89.0,77.0,88.0,0.0304914150384843,0.0325491459877537,0.0328968380709038,0.0326948480845442,0.0327473285074112,0.0348382509776039,0.0286779466590192,0.0284394749635391,0.0259406403365272,0.0254576659038901,0.02292120463039499,0.026682838083687,0.1793262879788639,0.3886010362694301,0.2835294117647058,0.0505050505050506,0.3465909090909091,0.696969696969697,0.8373493975903614,0.1386593204775024,0.1772151898734177,0.1579754601226994,-0.1092329059285093,-0.0017900882283089,0.0883581794521226,0.4389314596539464,0.1774527969263049,0.273972602739726,Industrials,20.0,3.0,62,8.18088094199639,3378.0,3028.0,9.741909356880074,8.882946799288174,9.675833845744032,8.790421306897867
ETN,2010Q4,2010,Q4,0,0,0,1,3663.0,1098.0,2565.0,761.0,644.0,476.0,337.0,293.0,280.0,117.0,397.0,17252.0,7362.0,17015.0,7207.0,0.0319410319410319,0.1758121758121758,0.2997542997542997,0.092001092001092,0.0764400764400764,104.0,103.0,101.0,103.0,99.0,95.0,98.0,100.0,117.0,111.0,89.0,77.0,0.0291234948193783,0.0304914150384843,0.0325491459877537,0.0328968380709038,0.0326948480845442,0.0327473285074112,0.0348382509776039,0.0286779466590192,0.0284394749635391,0.0259406403365272,0.0254576659038901,0.022914088354187165,0.1699137655701053,0.3270142180094786,0.2337078651685393,0.1359223300970873,0.4646153846153846,0.685,0.723529411764706,0.144578313253012,0.0971039182282793,0.1028985507246376,-0.0290546504138736,-0.0622352257786669,0.0545288904839467,0.4402770952770953,0.1342837883122243,0.2643312101910828,Industrials,20.0,4.0,63,8.20631072579402,3571.0,3131.0,9.755741320381864,8.904222737368716,9.741909356880074,8.882946799288174
ETN,2011Q1,2011,Q1,1,0,0,0,3803.0,1121.0,2682.0,770.0,665.0,506.0,351.0,335.0,287.0,105.0,392.0,17337.0,7783.0,17252.0,7362.0,0.027609781751249,0.1748619510912437,0.2947672889823823,0.0922955561398895,0.0754667367867473,117.0,104.0,103.0,101.0,103.0,99.0,95.0,98.0,100.0,117.0,111.0,89.0,0.0319410319410319,0.0291234948193783,0.0304914150384843,0.0325491459877537,0.0328968380709038,0.0326948480845442,0.0327473285074112,0.0348382509776039,0.0286779466590192,0.0284394749635391,0.0259406403365272,0.0254576659038901,0.2255881405091846,0.8516129032258064,0.2427937915742792,0.0396039603960396,0.393939393939394,0.6401869158878504,0.7914438502673797,0.218537028623353,0.1328790459965929,0.1191860465116279,-0.1517509626324189,-0.0756445754069347,0.0140386892597919,0.3382855640283986,0.510795382253399,0.53125,Industrials,20.0,1.0,64,8.24380842366528,3663.0,3103.0,9.760655903428585,8.959825623865841,9.755741320381864,8.904222737368716
ETN,2011Q2,2011,Q2,0,1,0,0,4090.0,1228.0,2862.0,805.0,698.0,568.0,423.0,396.0,336.0,107.0,443.0,18121.0,8152.0,17337.0,7783.0,0.026161369193154,0.1706601466992665,0.3002444987775061,0.1034229828850855,0.0821515892420537,105.0,117.0,104.0,103.0,101.0,103.0,99.0,95.0,98.0,100.0,117.0,111.0,0.027609781751249,0.0319410319410319,0.0291234948193783,0.0304914150384843,0.0325491459877537,0.0328968380709038,0.0326948480845442,0.0327473285074112,0.0348382509776039,0.0286779466590192,0.0284394749635391,0.0259406403365272,0.2107756068679691,0.4867256637168142,0.2391523713420786,0.0388349514563106,0.3523809523809524,0.4894366197183097,0.5776892430278884,0.1989945538332636,0.1556291390728477,0.1386138613861385,-0.1420086880148123,-0.045546398095824,0.0234368485069782,0.2301508316402079,0.2279118073436181,0.3465045592705167,Industrials,20.0,2.0,65,8.316544717929398,3803.0,3378.0,9.804881948782006,9.006141236662911,9.760655903428585,8.959825623865841
ETN,2011Q3,2011,Q3,0,0,1,0,4123.0,1223.0,2900.0,772.0,668.0,600.0,451.0,432.0,365.0,104.0,469.0,17627.0,7723.0,18121.0,8152.0,0.0252243512005821,0.1620179480960465,0.2966286684453068,0.1093863691486781,0.0885277710405045,107.0,105.0,117.0,104.0,103.0,101.0,103.0,99.0,95.0,98.0,100.0,117.0,0.026161369193154,0.027609781751249,0.0319410319410319,0.0291234948193783,0.0304914150384843,0.0325491459877537,0.0328968380709038,0.0326948480845442,0.0327473285074112,0.0348382509776039,0.0286779466590192,0.0284394749635391,0.154578549425931,0.3619402985074627,0.1209899175068744,0.0,0.2658227848101266,0.3422619047619046,0.4163934426229507,0.1693548387096775,0.0261136712749616,0.0225165562913907,-0.1338830948338587,-0.1112656026866631,-0.029091681926498,0.1625557268747908,0.179599516364334,0.260752688172043,Industrials,20.0,3.0,66,8.32457884513685,4090.0,3571.0,9.777243825961877,8.952087643548404,9.804881948782006,9.006141236662911
ETN,2011Q4,2011,Q4,0,0,0,1,4033.0,1216.0,2817.0,808.0,707.0,515.0,408.0,390.0,362.0,101.0,463.0,17873.0,7469.0,17627.0,7723.0,0.025043392015869,0.1753037441110835,0.3015125216960079,0.1011653855690553,0.0897594842548971,104.0,107.0,105.0,117.0,104.0,103.0,101.0,103.0,99.0,95.0,98.0,100.0,0.0252243512005821,0.026161369193154,0.027609781751249,0.0319410319410319,0.0291234948193783,0.0304914150384843,0.0325491459877537,0.0328968380709038,0.0326948480845442,0.0327473285074112,0.0348382509776039,0.0286779466590192,0.101010101010101,0.2928571428571429,0.1074681238615664,-0.1367521367521367,0.0819327731092436,0.2106824925816024,0.3310580204778157,0.0982456140350878,0.0978260869565217,0.0617608409986858,-0.2159491884262526,-0.0028919026725169,0.0058655436907806,0.0996107042713636,0.1742463958060287,0.1662468513853905,Industrials,20.0,4.0,67,8.302513718514158,4123.0,3663.0,9.791102421941337,8.918650278126863,9.777243825961877,8.952087643548404
ETN,2012Q1,2012,Q1,1,0,0,0,3960.0,1206.0,2754.0,807.0,702.0,536.0,399.0,368.0,311.0,105.0,416.0,17993.0,7933.0,17873.0,7469.0,0.0265151515151515,0.1772727272727272,0.3045454545454545,0.1007575757575757,0.0785353535353535,101.0,104.0,107.0,105.0,117.0,104.0,103.0,101.0,103.0,99.0,95.0,98.0,0.025043392015869,0.0252243512005821,0.026161369193154,0.027609781751249,0.0319410319410319,0.0291234948193783,0.0304914150384843,0.0325491459877537,0.0328968380709038,0.0326948480845442,0.0327473285074112,0.0348382509776039,0.0412831974756771,0.0836236933797909,0.0758251561106155,0.0,0.0592885375494072,0.1367521367521367,0.0985074626865671,0.0268456375838925,0.0556390977443608,0.0480519480519481,-0.0396464646464645,0.0137867395762132,0.0331724920930989,0.0916839333506001,0.0406618449301376,0.0612244897959184,Industrials,20.0,1.0,68,8.284251797621916,4033.0,3803.0,9.797793647977064,8.978912601074276,9.791102421941337,8.918650278126863
ETN,2012Q2,2012,Q2,0,1,0,0,4068.0,1253.0,2815.0,796.0,690.0,587.0,457.0,419.0,382.0,106.0,488.0,18554.0,7937.0,17993.0,7933.0,0.0260570304818092,0.1696165191740413,0.3080137659783677,0.1123402163225172,0.0939036381514257,105.0,101.0,104.0,107.0,105.0,117.0,104.0,103.0,101.0,103.0,99.0,95.0,0.0265151515151515,0.025043392015869,0.0252243512005821,0.026161369193154,0.027609781751249,0.0319410319410319,0.0291234948193783,0.0304914150384843,0.0325491459877537,0.0328968380709038,0.0326948480845442,0.0327473285074112,-0.0053789731051344,0.1369047619047618,0.0203583061889249,-0.0093457943925233,0.033450704225352,0.0803782505910164,0.0580808080808081,-0.0164220824598183,-0.0114613180515759,-0.0111801242236024,-0.0039882741065438,-0.0061152386506747,0.0258764681201337,0.086221004158618,0.1430532144027718,0.1015801354401806,Industrials,20.0,2.0,69,8.31115254800169,3960.0,4090.0,9.828494573494698,8.97941663334301,9.797793647977064,8.978912601074276
ETN,2012Q3,2012,Q3,0,0,1,0,3950.0,1203.0,2747.0,789.0,687.0,559.0,414.0,376.0,345.0,102.0,447.0,18800.0,8220.0,18554.0,7937.0,0.0258227848101265,0.1739240506329114,0.3045569620253164,0.1048101265822784,0.0873417721518987,106.0,105.0,101.0,104.0,107.0,105.0,117.0,104.0,103.0,101.0,103.0,99.0,0.0260570304818092,0.0265151515151515,0.025043392015869,0.0252243512005821,0.026161369193154,0.027609781751249,0.0319410319410319,0.0291234948193783,0.0304914150384843,0.0325491459877537,0.0328968380709038,0.0326948480845442,-0.0419597380548144,-0.0547945205479452,-0.0163532297628781,-0.0192307692307692,-0.0683333333333333,-0.0820399113082039,-0.1296296296296296,-0.0527586206896552,0.028443113772455,0.0220207253886011,0.023724440116845,0.073486318502236,0.0267280085285197,-0.041835583373095,-0.0133969134732098,-0.0469083155650319,Industrials,20.0,3.0,70,8.281723990411392,4068.0,4123.0,9.841665338892785,9.014447135152134,9.828494573494698,8.97941663334301
ETN,2012Q4,2012,Q4,0,0,0,1,4333.0,1201.0,3132.0,941.0,815.0,375.0,260.0,88.0,179.0,126.0,305.0,36284.0,15113.0,18800.0,8220.0,0.0290791599353796,0.1880913916455112,0.2771751673205631,0.0600046157396722,0.0413108700669282,102.0,106.0,105.0,101.0,104.0,107.0,105.0,117.0,104.0,103.0,101.0,103.0,0.0258227848101265,0.0260570304818092,0.0265151515151515,0.025043392015869,0.0252243512005821,0.026161369193154,0.027609781751249,0.0319410319410319,0.0291234948193783,0.0304914150384843,0.0325491459877537,0.0328968380709038,0.074386312918423,-0.505524861878453,-0.0123355263157894,0.2475247524752475,-0.2718446601941747,-0.3627450980392157,-0.7743589743589744,0.1118210862619808,0.1527581329561527,0.1646039603960396,0.1611510100929316,0.0729456612536727,-0.0807175577271126,-0.4068661390242689,-0.5397603895582278,-0.3412526997840173,Industrials,20.0,4.0,71,8.374246182096304,3950.0,4033.0,10.499159711712238,9.623376745580666,9.841665338892785,9.014447135152134
ETN,2013Q1,2013,Q1,1,0,0,0,5310.0,1575.0,3735.0,1110.0,958.0,720.0,465.0,400.0,378.0,152.0,530.0,34977.0,15167.0,36284.0,15113.0,0.0286252354048964,0.1804143126177024,0.2966101694915254,0.0875706214689265,0.0711864406779661,126.0,102.0,106.0,105.0,101.0,104.0,107.0,105.0,117.0,104.0,103.0,101.0,0.0290791599353796,0.0258227848101265,0.0260570304818092,0.0265151515151515,0.025043392015869,0.0252243512005821,0.026161369193154,0.027609781751249,0.0319410319410319,0.0291234948193783,0.0304914150384843,0.0325491459877537,0.3409090909090908,0.2154340836012862,0.3059701492537314,0.4476190476190476,0.3432835820895523,0.1654135338345865,0.0869565217391303,0.3562091503267974,0.3646723646723646,0.3754646840148699,0.0795803066989506,0.0177217634844752,-0.0260561598785733,-0.1308780425640372,-0.0935745817210748,0.2740384615384614,Industrials,20.0,1.0,72,8.577535420422398,4333.0,3960.0,10.462474571409137,9.626943224494804,10.499159711712238,9.623376745580666
ETN,2013Q2,2013,Q2,0,1,0,0,5602.0,1732.0,3870.0,1121.0,960.0,850.0,611.0,534.0,494.0,161.0,655.0,35257.0,15388.0,34977.0,15167.0,0.0287397358086397,0.1713673687968582,0.3091752945376651,0.109068189932167,0.0881827918600499,152.0,126.0,102.0,106.0,105.0,101.0,104.0,107.0,105.0,117.0,104.0,103.0,0.0286252354048964,0.0290791599353796,0.0258227848101265,0.0260570304818092,0.0265151515151515,0.025043392015869,0.0252243512005821,0.026161369193154,0.027609781751249,0.0319410319410319,0.0291234948193783,0.0304914150384843,0.3770894788593903,0.293193717277487,0.3822825219473265,0.5188679245283019,0.4480408858603066,0.336980306345733,0.2744630071599045,0.374777975133215,0.3913043478260869,0.4082914572864322,0.1029551440523264,0.0103224003849555,0.0037710280759948,-0.0291260467307314,-0.0609225201919283,0.3422131147540983,Industrials,20.0,2.0,73,8.631057447565285,5310.0,4068.0,10.470447732845688,9.641408247463852,10.462474571409137,9.626943224494804
ETN,2013Q3,2013,Q3,0,0,1,0,5607.0,1724.0,3883.0,1133.0,967.0,879.0,591.0,521.0,510.0,166.0,676.0,35312.0,16071.0,35257.0,15388.0,0.0296058498305689,0.1724629926877117,0.3074728018548243,0.1054039593365436,0.0909577314071696,161.0,152.0,126.0,102.0,106.0,105.0,101.0,104.0,107.0,105.0,117.0,104.0,0.0287397358086397,0.0286252354048964,0.0290791599353796,0.0258227848101265,0.0260570304818092,0.0265151515151515,0.025043392015869,0.0252243512005821,0.026161369193154,0.027609781751249,0.0319410319410319,0.0291234948193783,0.4194936708860759,0.4782608695652173,0.4330839567747298,0.6274509803921569,0.5724508050089445,0.4275362318840578,0.3856382978723405,0.4135420458682199,0.4075691411935953,0.4359949302915082,0.1465010473602674,-0.0084005515044227,0.0095740376779351,0.005665795602288,0.0414001132125216,0.5123042505592841,Industrials,20.0,3.0,74,8.631949428714426,5602.0,3950.0,10.47200644708059,9.68483390649477,10.470447732845688,9.641408247463852
ETN,2013Q4,2013,Q4,0,0,0,1,5527.0,1646.0,3881.0,1166.0,1001.0,792.0,480.0,429.0,479.0,165.0,644.0,35491.0,16791.0,35312.0,16071.0,0.0298534467161208,0.1811109100777999,0.2978107472408178,0.086846390446897,0.0866654604667993,166.0,161.0,152.0,126.0,102.0,106.0,105.0,101.0,104.0,107.0,105.0,117.0,0.0296058498305689,0.0287397358086397,0.0286252354048964,0.0290791599353796,0.0258227848101265,0.0260570304818092,0.0265151515151515,0.025043392015869,0.0252243512005821,0.026161369193154,0.027609781751249,0.0319410319410319,0.2755596584352642,1.6759776536312847,0.3705245628642797,0.3095238095238095,1.112,0.8461538461538463,3.875,0.2391443167305236,0.2282208588957055,0.2391073326248671,0.0266268620710452,-0.0371121799176602,0.0744495984966391,0.4473284992554036,1.0978851407968802,1.1114754098360655,Industrials,20.0,4.0,75,8.617581365447506,5607.0,4333.0,10.477062597955229,9.72865786150047,10.47200644708059,9.68483390649477
ETN,2014Q1,2014,Q1,1,0,0,0,5492.0,1634.0,3858.0,1124.0,962.0,825.0,510.0,453.0,439.0,162.0,601.0,35262.0,17037.0,35491.0,16791.0,0.0294974508375819,0.1751638747268754,0.297523670793882,0.0928623452294246,0.0799344501092498,165.0,166.0,161.0,152.0,126.0,102.0,106.0,105.0,101.0,104.0,107.0,105.0,0.0298534467161208,0.0296058498305689,0.0287397358086397,0.0286252354048964,0.0290791599353796,0.0258227848101265,0.0260570304818092,0.0265151515151515,0.025043392015869,0.0252243512005821,0.026161369193154,0.027609781751249,0.0342749529190207,0.1613756613756614,0.0374603174603174,0.0657894736842106,0.1458333333333332,0.096774193548387,0.1325,0.0329317269076305,0.0041753653444676,0.0126126126126127,0.0304701575497374,-0.0291021139877779,0.0030798043908022,0.0604280713295586,0.1228887039156523,0.1339622641509434,Industrials,20.0,1.0,76,8.61122983334262,5527.0,5310.0,10.470589534578744,9.743201422602786,10.477062597955229,9.72865786150047
ETN,2014Q2,2014,Q2,0,1,0,0,5767.0,1742.0,4025.0,1152.0,984.0,877.0,590.0,57.0,171.0,168.0,339.0,35258.0,16982.0,35262.0,17037.0,0.0291312640887809,0.1706259753771458,0.3020634645396219,0.1023062250736951,0.0296514652332235,162.0,165.0,166.0,161.0,152.0,126.0,102.0,106.0,105.0,101.0,104.0,107.0,0.0294974508375819,0.0298534467161208,0.0296058498305689,0.0287397358086397,0.0286252354048964,0.0290791599353796,0.0258227848101265,0.0260570304818092,0.0265151515151515,0.025043392015869,0.0252243512005821,0.026161369193154,0.02945376651196,-0.6538461538461539,0.0057736720554273,0.0434782608695651,0.0317647058823529,-0.0343698854337152,-0.8932584269662921,0.0400516795865633,0.0249999999999999,0.0276538804638715,0.0136232386667771,-0.0043263395179469,-0.0230025817835091,-0.0619975894225199,-0.6637499833268865,-0.482442748091603,Industrials,20.0,2.0,77,8.660080678964786,5492.0,5602.0,10.470476094800963,9.73996812270477,10.470589534578744,9.743201422602786
ETN,2014Q3,2014,Q3,0,0,1,0,5728.0,1812.0,3916.0,1124.0,961.0,951.0,688.0,642.0,602.0,163.0,765.0,34239.0,16587.0,35258.0,16982.0,0.0284567039106145,0.167772346368715,0.316340782122905,0.1201117318435754,0.1050977653631285,168.0,162.0,165.0,166.0,161.0,152.0,126.0,102.0,106.0,105.0,101.0,104.0,0.0291312640887809,0.0294974508375819,0.0298534467161208,0.0296058498305689,0.0287397358086397,0.0286252354048964,0.0290791599353796,0.0258227848101265,0.0260570304818092,0.0265151515151515,0.025043392015869,0.0252243512005821,0.0215801676475833,0.1803921568627451,0.0510440835266821,-0.0180722891566265,0.0819112627986349,0.1641285956006768,0.2322456813819577,0.0084985835694051,-0.0062047569803516,-0.0079435127978817,-0.0388148263444841,-0.0271979874980502,0.028841511231513,0.1395371919575758,0.1554571968452187,0.1316568047337278,Industrials,20.0,3.0,78,8.653296274408579,5767.0,5607.0,10.441149830255679,9.716434821366272,10.470476094800963,9.73996812270477
ETN,2014Q4,2014,Q4,0,0,0,1,5565.0,1718.0,3847.0,1057.0,903.0,933.0,661.0,609.0,581.0,154.0,735.0,33529.0,15786.0,34239.0,16587.0,0.0276729559748427,0.1622641509433962,0.3087151841868823,0.1187780772686433,0.1044025157232704,163.0,168.0,162.0,165.0,166.0,161.0,152.0,126.0,102.0,106.0,105.0,101.0,0.0284567039106145,0.0291312640887809,0.0294974508375819,0.0298534467161208,0.0296058498305689,0.0287397358086397,0.0286252354048964,0.0290791599353796,0.0258227848101265,0.0260570304818092,0.0265151515151515,0.025043392015869,0.0068753392437126,0.2129436325678497,0.0437424058323208,-0.0666666666666666,0.1780303030303029,0.3770833333333334,0.4195804195804196,-0.0087606287039422,-0.0979020979020979,-0.0934819897084048,-0.0730398322851153,-0.104061975760089,0.0366153238158557,0.3676800688828989,0.2046611782933522,0.1413043478260869,Industrials,20.0,4.0,79,8.624431942085836,5728.0,5527.0,10.420195839460273,9.666942095531727,10.441149830255679,9.716434821366272
ETN,2015Q1,2015,Q1,1,0,0,0,5223.0,1630.0,3593.0,1073.0,915.0,794.0,557.0,505.0,466.0,158.0,624.0,32696.0,15210.0,33529.0,15786.0,0.0302508137085965,0.1751866743251005,0.3120811793988129,0.1066436913651158,0.0892207543557342,154.0,163.0,168.0,162.0,165.0,166.0,161.0,152.0,126.0,102.0,106.0,105.0,0.0276729559748427,0.0284567039106145,0.0291312640887809,0.0294974508375819,0.0298534467161208,0.0296058498305689,0.0287397358086397,0.0286252354048964,0.0290791599353796,0.0258227848101265,0.0260570304818092,0.0265151515151515,-0.0489803350327749,0.061503416856492,-0.0024479804161566,-0.0246913580246913,-0.0375757575757575,0.0921568627450979,0.1147902869757173,-0.0686884396060134,-0.0488565488565488,-0.045373665480427,0.0255399314050153,0.0001301615316549,0.048928908970796,0.1484061823082669,0.1161739929879099,0.038269550748752,Industrials,20.0,1.0,80,8.561018670956267,5565.0,5492.0,10.395038609557421,9.629774129311743,10.420195839460273,9.666942095531727
ETN,2015Q2,2015,Q2,0,1,0,0,5372.0,1697.0,3675.0,1059.0,901.0,884.0,638.0,598.0,535.0,158.0,693.0,32579.0,15753.0,32696.0,15210.0,0.0294117647058823,0.1677215189873417,0.3158972449739389,0.1187639612807148,0.099590469099032,158.0,154.0,163.0,168.0,162.0,165.0,166.0,161.0,152.0,126.0,102.0,106.0,0.0302508137085965,0.0276729559748427,0.0284567039106145,0.0291312640887809,0.0294974508375819,0.0298534467161208,0.0296058498305689,0.0287397358086397,0.0286252354048964,0.0290791599353796,0.0258227848101265,0.0260570304818092,-0.0684931506849315,2.128654970760234,-0.0258323765786452,-0.0595238095238095,0.0079817559863168,0.0813559322033898,9.491228070175438,-0.0869565217391304,-0.0843495934959349,-0.0807291666666666,0.0096288515406162,-0.0170223577235771,0.0457975957317486,0.1608673978065802,2.3587031303749573,1.044247787610619,Industrials,20.0,2.0,81,8.589141690728821,5223.0,5767.0,10.391453882156036,9.664849580263269,10.395038609557421,9.629774129311743
ETN,2015Q3,2015,Q3,0,0,1,0,5203.0,1606.0,3597.0,1063.0,907.0,785.0,543.0,487.0,446.0,156.0,602.0,32201.0,15366.0,32579.0,15753.0,0.029982702287142,0.1743225062463963,0.3086680761099366,0.1043628675763982,0.0857197770517009,158.0,158.0,154.0,163.0,168.0,162.0,165.0,166.0,161.0,152.0,126.0,102.0,0.0294117647058823,0.0302508137085965,0.0276729559748427,0.0284567039106145,0.0291312640887809,0.0294974508375819,0.0298534467161208,0.0296058498305689,0.0287397358086397,0.0286252354048964,0.0290791599353796,0.0258227848101265,-0.0916550279329608,-0.2591362126245847,-0.1136865342163355,-0.0429447852760735,-0.1745531019978969,-0.2107558139534884,-0.2414330218068535,-0.0814606741573034,-0.0561914672216441,-0.0542704626334519,0.053625268102758,0.0390419519035984,-0.0242545585222313,-0.1311184513406844,-0.1843805931027524,-0.2130718954248366,Industrials,20.0,3.0,82,8.557182839632397,5372.0,5728.0,10.379783841404883,9.639977632055333,10.391453882156036,9.664849580263269
ETN,2015Q4,2015,Q4,0,0,0,1,5057.0,1630.0,3427.0,1026.0,873.0,851.0,547.0,555.0,532.0,153.0,685.0,31031.0,15186.0,32201.0,15366.0,0.03025509195175,0.1726319952541032,0.3223254894206051,0.1081668973699822,0.1052007118845165,156.0,158.0,158.0,154.0,163.0,168.0,162.0,165.0,166.0,161.0,152.0,126.0,0.029982702287142,0.0294117647058823,0.0302508137085965,0.0276729559748427,0.0284567039106145,0.0291312640887809,0.0294974508375819,0.0298534467161208,0.0296058498305689,0.0287397358086397,0.0286252354048964,0.0290791599353796,-0.0912848158131176,-0.0843373493975904,-0.0512223515715948,-0.0064935064935064,-0.0878885316184351,-0.1724659606656581,-0.0886699507389162,-0.1091759812841175,-0.0332225913621262,-0.0293282876064333,0.0933090046200584,0.0638948544729618,0.0440869316796668,-0.0893361817489395,0.0076453728697665,-0.0680272108843537,Industrials,20.0,4.0,83,8.52872642722991,5203.0,5565.0,10.342774209119803,9.62819507773027,10.379783841404883,9.639977632055333
ETN,2016Q1,2016,Q1,1,0,0,0,4813.0,1522.0,3291.0,1041.0,892.0,715.0,481.0,442.0,404.0,149.0,553.0,31583.0,15519.0,31031.0,15186.0,0.0309578225638894,0.1853313941408685,0.3162268855183877,0.0999376688136297,0.0839393309785996,153.0,156.0,158.0,158.0,154.0,163.0,168.0,162.0,165.0,166.0,161.0,152.0,0.03025509195175,0.029982702287142,0.0294117647058823,0.0302508137085965,0.0276729559748427,0.0284567039106145,0.0291312640887809,0.0294974508375819,0.0298534467161208,0.0296058498305689,0.0287397358086397,0.0286252354048964,-0.0784989469653455,-0.1330472103004292,-0.0662576687116563,-0.0569620253164556,-0.0994962216624685,-0.1364452423698384,-0.1247524752475247,-0.0840523239632619,-0.0251366120218579,-0.0298229263746505,0.0233715648809789,0.0579080563909903,0.0132840632285513,-0.0628825059002007,-0.0591950092248372,-0.1137820512820513,Industrials,20.0,1.0,84,8.479283618343016,5057.0,5223.0,10.360405942233209,9.64988479373721,10.342774209119803,9.62819507773027
ETN,2016Q2,2016,Q2,0,1,0,0,5080.0,1661.0,3419.0,1046.0,897.0,850.0,615.0,553.0,491.0,149.0,640.0,31154.0,15320.0,31583.0,15519.0,0.0293307086614173,0.1765748031496063,0.3269685039370079,0.1210629921259842,0.0966535433070866,149.0,153.0,156.0,158.0,158.0,154.0,163.0,168.0,162.0,165.0,166.0,161.0,0.0309578225638894,0.03025509195175,0.029982702287142,0.0294117647058823,0.0302508137085965,0.0276729559748427,0.0284567039106145,0.0291312640887809,0.0294974508375819,0.0298534467161208,0.0296058498305689,0.0287397358086397,-0.0543559195830231,-0.0822429906542056,-0.0212139068945197,-0.0569620253164556,-0.0384615384615384,-0.0360501567398119,-0.0752508361204012,-0.0696598639455782,-0.0044395116537181,-0.0122757318224739,-0.0027559055118109,0.0527856187787847,0.0350470260162676,0.0193579838570334,-0.0294900286996835,-0.0764790764790764,Industrials,20.0,2.0,85,8.533263371593732,4813.0,5372.0,10.346730024978323,9.636979715315753,10.360405942233209,9.64988479373721
ETN,2016Q3,2016,Q3,0,0,1,0,4987.0,1620.0,3367.0,975.0,829.0,865.0,645.0,573.0,523.0,146.0,669.0,31237.0,15404.0,31154.0,15320.0,0.029276117906557,0.1662322037296972,0.3248445959494686,0.1293362743132143,0.104872668939242,149.0,149.0,153.0,156.0,158.0,158.0,154.0,163.0,168.0,162.0,165.0,166.0,0.0293307086614173,0.0309578225638894,0.03025509195175,0.029982702287142,0.0294117647058823,0.0302508137085965,0.0276729559748427,0.0284567039106145,0.0291312640887809,0.0294974508375819,0.0298534467161208,0.0296058498305689,-0.0415145108591197,0.1726457399103138,0.0087173100871731,-0.0641025641025641,0.1019108280254776,0.1878453038674032,0.1765913757700206,-0.0639421740339171,-0.0859977949283351,-0.0827845719661335,-0.0235664008473311,-0.046409971327878,0.05240749235684,0.2392939875721071,0.2234360907867181,0.1112956810631229,Industrials,20.0,3.0,86,8.514790306799927,5080.0,5203.0,10.349390581417667,9.642447411030767,10.346730024978323,9.636979715315753
ETN,2016Q4,2016,Q4,0,0,0,1,4867.0,1553.0,3314.0,917.0,772.0,848.0,636.0,559.0,504.0,145.0,649.0,30419.0,14897.0,31237.0,15404.0,0.0297924799671255,0.158619272652558,0.3190877337168687,0.1306759810971851,0.1035545510581467,146.0,149.0,149.0,153.0,156.0,158.0,158.0,154.0,163.0,168.0,162.0,165.0,0.029276117906557,0.0293307086614173,0.0309578225638894,0.03025509195175,0.029982702287142,0.0294117647058823,0.0302508137085965,0.0276729559748427,0.0284567039106145,0.0291312640887809,0.0294974508375819,0.0298534467161208,-0.0375716828158987,-0.0526315789473684,-0.0472392638036809,-0.0522875816993464,-0.0035252643948295,0.1627056672760511,0.0072072072072071,-0.0329734461628246,-0.1156930126002291,-0.1062378167641325,-0.0152903843545498,-0.0811710632256746,-0.0100449880943527,0.208095861807066,-0.015647810712316,-0.0525547445255474,Industrials,20.0,4.0,87,8.490438454107418,4987.0,5057.0,10.322855565813283,9.608982254736222,10.349390581417667,9.642447411030767
ETN,2017Q1,2017,Q1,1,0,0,0,4848.0,1542.0,3306.0,1007.0,864.0,750.0,535.0,464.0,434.0,143.0,577.0,30611.0,15157.0,30419.0,14897.0,0.0294966996699669,0.1782178217821782,0.3180693069306931,0.1103547854785478,0.0895214521452145,145.0,146.0,149.0,149.0,153.0,156.0,158.0,158.0,154.0,163.0,168.0,162.0,0.0297924799671255,0.029276117906557,0.0293307086614173,0.0309578225638894,0.03025509195175,0.029982702287142,0.0294117647058823,0.0302508137085965,0.0276729559748427,0.0284567039106145,0.0291312640887809,0.0294974508375819,0.0072719717431954,0.0742574257425743,0.0131406044678055,-0.0402684563758389,0.0489510489510489,0.1122661122661121,0.0497737556561086,0.0045578851412944,-0.0313901345291479,-0.0326609029779059,-0.0471972113318714,-0.0383829862806909,0.0058262642952864,0.1042361382707917,0.0665018543933602,0.0433996383363473,Industrials,20.0,1.0,88,8.486527777105353,4867.0,4813.0,10.329147367929812,9.626283724371975,10.322855565813283,9.608982254736222
ETN,2017Q2,2017,Q2,0,1,0,0,5132.0,1685.0,3447.0,1040.0,890.0,860.0,645.0,570.0,516.0,150.0,666.0,31355.0,15552.0,30611.0,15157.0,0.0292283710054559,0.1734216679657053,0.328332034294622,0.1256819953234606,0.1005455962587685,143.0,145.0,146.0,149.0,149.0,153.0,156.0,158.0,158.0,154.0,163.0,168.0,0.0294966996699669,0.0297924799671255,0.029276117906557,0.0293307086614173,0.0309578225638894,0.03025509195175,0.029982702287142,0.0294117647058823,0.0302508137085965,0.0276729559748427,0.0284567039106145,0.0291312640887809,0.0102362204724408,0.0509164969450102,0.0144491270319084,0.0067114093959732,0.0117647058823529,0.048780487804878,0.0307414104882459,0.0081895291020765,-0.007803790412486,-0.0057361376673039,-0.0034890959213672,-0.0178572204394834,0.0041702192755446,0.0381537174685855,0.0402680834919431,0.0406249999999999,Industrials,20.0,2.0,89,8.543445562560303,4848.0,5080.0,10.353160915308612,9.65200882504456,10.329147367929812,9.626283724371975
ETN,2017Q3,2017,Q3,0,0,1,0,5211.0,1752.0,3459.0,1048.0,901.0,1986.0,704.0,1691.0,1401.0,147.0,1548.0,32725.0,16593.0,31355.0,15552.0,0.028209556706966,0.1729034734216081,0.3362118595279217,0.1350988293993475,0.2688543465745538,150.0,143.0,145.0,146.0,149.0,149.0,153.0,156.0,158.0,158.0,154.0,163.0,0.0292283710054559,0.0294966996699669,0.0297924799671255,0.029276117906557,0.0293307086614173,0.0309578225638894,0.03025509195175,0.029982702287142,0.0294117647058823,0.0302508137085965,0.0276729559748427,0.0284567039106145,0.0449167836374573,1.678776290630975,0.0814814814814814,0.0068493150684931,1.2959537572254334,0.0914728682170542,1.951134380453752,0.0273240273240273,0.0868516284680338,0.0748717948717949,-0.0364311007010985,0.0401322339608682,0.0349929280652749,0.0445548251388312,1.563626436648757,1.3139013452914798,Industrials,20.0,3.0,90,8.558718938244736,5132.0,4987.0,10.39592514798884,9.716796463224231,10.353160915308612,9.65200882504456
ETN,2017Q4,2017,Q4,0,0,0,1,5213.0,1683.0,3530.0,959.0,815.0,929.0,724.0,635.0,639.0,144.0,783.0,32600.0,17253.0,32725.0,16593.0,0.0276232495683867,0.1563399194321887,0.3228467293305198,0.1388835603299443,0.1225781699597161,147.0,150.0,143.0,145.0,146.0,149.0,149.0,153.0,156.0,158.0,158.0,154.0,0.028209556706966,0.0292283710054559,0.0294966996699669,0.0297924799671255,0.029276117906557,0.0293307086614173,0.0309578225638894,0.03025509195175,0.029982702287142,0.0294117647058823,0.0302508137085965,0.0276729559748427,0.071091021162934,0.2678571428571428,0.0837089504185446,-0.0068965517241379,0.0955188679245282,0.1383647798742138,0.1359570661896243,0.0651780325890163,0.0556994818652849,0.0458015267175573,-0.0728113403493917,-0.0143699638905924,0.0117804453648679,0.062808629128678,0.1837062563371789,0.2064714946070878,Industrials,20.0,4.0,91,8.559102594493448,5211.0,4867.0,10.392098241730961,9.755799279636523,10.39592514798884,9.716796463224231
ETN,2018Q1,2018,Q1,1,0,0,0,5251.0,1682.0,3569.0,1045.0,889.0,865.0,637.0,565.0,488.0,156.0,644.0,32668.0,17263.0,32600.0,17253.0,0.0297086269282041,0.1693010855075223,0.3203199390592268,0.1213102266235002,0.0929346791087411,144.0,147.0,150.0,143.0,145.0,146.0,149.0,149.0,153.0,156.0,158.0,158.0,0.0276232495683867,0.028209556706966,0.0292283710054559,0.0294966996699669,0.0297924799671255,0.029276117906557,0.0293307086614173,0.0309578225638894,0.03025509195175,0.029982702287142,0.0294117647058823,0.0302508137085965,0.0831270627062705,0.1244239631336405,0.0907911802853436,0.0909090909090908,0.1533333333333333,0.1906542056074767,0.2176724137931034,0.0795523290986086,0.0289351851851851,0.0377358490566037,0.0071847786568792,-0.0500327979855688,0.0070759173535224,0.0992747264873445,0.0381274753898093,0.1161178509532061,Industrials,20.0,1.0,92,8.566364235422688,5213.0,4848.0,10.39418189500513,9.756378687497916,10.392098241730961,9.755799279636523
ETN,2018Q2,2018,Q2,0,1,0,0,5487.0,1820.0,3667.0,1046.0,901.0,989.0,774.0,694.0,610.0,145.0,755.0,31865.0,16690.0,32668.0,17263.0,0.0264260980499362,0.1642063058137415,0.3316930927647166,0.1410606889010388,0.1111718607618006,156.0,144.0,147.0,150.0,143.0,145.0,146.0,149.0,149.0,153.0,156.0,158.0,0.0297086269282041,0.0276232495683867,0.028209556706966,0.0292283710054559,0.0294966996699669,0.0297924799671255,0.029276117906557,0.0293307086614173,0.0309578225638894,0.03025509195175,0.029982702287142,0.0294117647058823,0.069173811379579,0.182170542635659,0.0801186943620178,-0.0333333333333333,0.1499999999999999,0.1999999999999999,0.2175438596491228,0.0638236147374529,0.0123595505617977,0.0057692307692307,-0.0958750987181823,-0.0531384702964924,0.0102367668062466,0.1223619464188081,0.1056860260262806,0.1336336336336336,Industrials,20.0,2.0,93,8.610319169405722,5251.0,5132.0,10.369294889650455,9.722624930978418,10.39418189500513,9.756378687497916
ETN,2018Q3,2018,Q3,0,0,1,0,5412.0,1819.0,3593.0,1027.0,889.0,729.0,792.0,439.0,416.0,138.0,554.0,31628.0,16754.0,31865.0,16690.0,0.0254988913525498,0.1642645971914264,0.3361049519586105,0.1463414634146341,0.0768662232076866,145.0,156.0,144.0,147.0,150.0,143.0,145.0,146.0,149.0,149.0,153.0,156.0,0.0264260980499362,0.0297086269282041,0.0276232495683867,0.028209556706966,0.0292283710054559,0.0294966996699669,0.0297924799671255,0.029276117906557,0.0293307086614173,0.0309578225638894,0.03025509195175,0.029982702287142,0.0385722510074841,-0.7030692362598144,0.03824200913242,-0.0612244897959183,-0.6329305135951662,0.125,-0.7403903015966884,0.0387395200925122,-0.0133185349611543,-0.0200381679389313,-0.0960903208289968,-0.0499635782857676,-0.0003179767943383,0.0832178492239468,-0.7140971526514953,-0.6421188630490956,Industrials,20.0,3.0,94,8.596558746796978,5487.0,5211.0,10.361829700245059,9.726452000171411,10.369294889650455,9.722624930978418
ETN,2018Q4,2018,Q4,0,0,0,1,5459.0,1793.0,3666.0,1014.0,869.0,1015.0,779.0,726.0,631.0,145.0,776.0,31092.0,16107.0,31628.0,16754.0,0.0265616413262502,0.1591866642242169,0.3284484337790804,0.1427001282286133,0.1155889357025096,138.0,145.0,156.0,144.0,147.0,150.0,143.0,145.0,146.0,149.0,149.0,153.0,0.0254988913525498,0.0264260980499362,0.0297086269282041,0.0276232495683867,0.028209556706966,0.0292283710054559,0.0294966996699669,0.0297924799671255,0.029276117906557,0.0293307086614173,0.0309578225638894,0.03025509195175,0.0471897180126605,-0.0125195618153364,0.065359477124183,0.0069444444444444,0.0925726587728741,0.0759668508287292,0.1433070866141732,0.0385269121813032,0.0662576687116565,0.0573514077163712,-0.038431692821233,0.0182086878537948,0.0173509716520179,0.0274803431709409,-0.0570185887055044,-0.0089399744572158,Industrials,20.0,4.0,95,8.605204068738951,5412.0,5213.0,10.344737992447081,9.687071321971345,10.361829700245059,9.726452000171411
ETN,2019Q1,2019,Q1,1,0,0,0,5305.0,1729.0,3576.0,1061.0,905.0,890.0,668.0,603.0,522.0,156.0,678.0,31649.0,16233.0,31092.0,16107.0,0.0294062205466541,0.1705937794533459,0.3259189443920829,0.1259189443920829,0.0983977379830348,145.0,138.0,145.0,156.0,144.0,147.0,150.0,143.0,145.0,146.0,149.0,149.0,0.0265616413262502,0.0254988913525498,0.0264260980499362,0.0297086269282041,0.0276232495683867,0.028209556706966,0.0292283710054559,0.0294966996699669,0.0297924799671255,0.029276117906557,0.0293307086614173,0.0309578225638894,0.0102837554751475,0.069672131147541,0.0279429250891796,0.0,0.0289017341040462,0.0486656200941915,0.0672566371681415,0.0019613337069206,0.0179977502812147,0.0153110047846889,-0.0101790763430724,0.0076354734640262,0.0174794155783755,0.0379911726888972,0.0587838568625331,0.0527950310559006,Industrials,20.0,1.0,96,8.576593534697684,5459.0,5251.0,10.362493427572323,9.69486308732112,10.344737992447081,9.687071321971345
ETN,2019Q2,2019,Q2,0,1,0,0,5533.0,1835.0,3698.0,1044.0,893.0,1022.0,791.0,738.0,636.0,151.0,787.0,32244.0,16306.0,31649.0,16233.0,0.0272908006506416,0.1613952647749864,0.3316464847279957,0.1429604193023676,0.1149466835351527,156.0,145.0,138.0,145.0,156.0,144.0,147.0,150.0,143.0,145.0,146.0,149.0,0.0294062205466541,0.0265616413262502,0.0254988913525498,0.0264260980499362,0.0297086269282041,0.0276232495683867,0.028209556706966,0.0292283710054559,0.0294966996699669,0.0297924799671255,0.029276117906557,0.0293307086614173,0.0083834517951522,0.042622950819672,0.0082417582417582,0.0413793103448276,0.0333670374115266,0.0219638242894055,0.063400576368876,0.0084537769293699,-0.0088790233074361,-0.0019120458891013,0.0327215391039343,-0.017118959133906,-0.0001405155480701,0.0134674686202727,0.0339548402580049,0.0423841059602649,Industrials,20.0,2.0,97,8.618666160346871,5305.0,5487.0,10.381118271444478,9.699349742461278,10.362493427572323,9.69486308732112
ETN,2019Q3,2019,Q3,0,0,1,0,5314.0,1801.0,3513.0,993.0,846.0,998.0,808.0,718.0,601.0,147.0,748.0,31895.0,15848.0,32244.0,16306.0,0.0276627775686864,0.1592021076401957,0.3389160707564922,0.15205118554761,0.1130974783590515,151.0,156.0,145.0,138.0,145.0,156.0,144.0,147.0,150.0,143.0,145.0,146.0,0.0272908006506416,0.0294062205466541,0.0265616413262502,0.0254988913525498,0.0264260980499362,0.0297086269282041,0.0276232495683867,0.028209556706966,0.0292283710054559,0.0294966996699669,0.0297924799671255,0.029276117906557,-0.0181079083518107,0.4447115384615385,-0.0098955470038483,0.0652173913043479,0.3689986282578874,0.0202020202020201,0.6355353075170842,-0.0222655162816587,-0.0483689538807649,-0.0331061343719572,0.0848619724763137,-0.030819115243263,0.0083638124981506,0.0390164345753356,0.4713546944211226,0.3501805054151625,Industrials,20.0,3.0,98,8.57828829077605,5533.0,5412.0,10.37023588906119,9.670861685832426,10.381118271444478,9.699349742461278
ETN,2019Q4,2019,Q4,0,0,0,1,5238.0,1683.0,3555.0,893.0,741.0,801.0,790.0,532.0,452.0,152.0,604.0,32805.0,16082.0,31895.0,15848.0,0.0290187094310805,0.1414662084765177,0.3213058419243986,0.1508209240168003,0.0862924780450553,147.0,151.0,156.0,145.0,138.0,145.0,156.0,144.0,147.0,150.0,143.0,145.0,0.0276627775686864,0.0272908006506416,0.0294062205466541,0.0265616413262502,0.0254988913525498,0.0264260980499362,0.0297086269282041,0.0276232495683867,0.028209556706966,0.0292283710054559,0.0294966996699669,0.0297924799671255,-0.040483605055871,-0.2836767036450079,-0.0613496932515337,0.0482758620689656,-0.2108374384236453,0.0141206675224647,-0.2672176308539945,-0.030278232405892,-0.1472957422324511,-0.1193293885601578,0.0925043778225434,-0.1113187202838775,-0.0217464634326312,0.0569081183667687,-0.2534538230618745,-0.2216494845360824,Industrials,20.0,4.0,99,8.56388591940822,5314.0,5459.0,10.398366704472432,9.685518092495647,10.37023588906119,9.670861685832426
ETN,2020Q1,2020,Q1,1,0,0,0,4789.0,1487.0,3302.0,886.0,733.0,820.0,601.0,621.0,438.0,153.0,591.0,30845.0,14245.0,32805.0,16082.0,0.0319482146585926,0.1530590937565253,0.3105032365838379,0.12549592816872,0.0914595949049906,152.0,147.0,151.0,156.0,145.0,138.0,145.0,156.0,144.0,147.0,150.0,143.0,0.0290187094310805,0.0276627775686864,0.0272908006506416,0.0294062205466541,0.0265616413262502,0.0254988913525498,0.0264260980499362,0.0297086269282041,0.0276232495683867,0.028209556706966,0.0292283710054559,0.0294966996699669,-0.0972667295004712,-0.160919540229885,-0.1399652978600347,-0.0192307692307692,-0.0786516853932584,-0.1002994011976048,0.0298507462686568,-0.0766219239373602,-0.1900552486187845,-0.1649387370405277,0.08644409463996,-0.1027861962669975,-0.0472992075897859,-0.0033594327319469,-0.0705112050364461,-0.1283185840707964,Industrials,20.0,1.0,100,8.474285690404962,5238.0,5305.0,10.33676236128356,9.564231444538299,10.398366704472432,9.685518092495647
ETN,2020Q2,2020,Q2,0,1,0,0,3856.0,980.0,2876.0,527.0,401.0,329.0,453.0,47.0,51.0,126.0,177.0,30348.0,14188.0,30845.0,14245.0,0.0326763485477178,0.1039937759336099,0.254149377593361,0.1174792531120332,0.0132261410788381,153.0,152.0,147.0,151.0,156.0,145.0,138.0,145.0,156.0,144.0,147.0,150.0,0.0319482146585926,0.0290187094310805,0.0276627775686864,0.0272908006506416,0.0294062205466541,0.0265616413262502,0.0254988913525498,0.0264260980499362,0.0297086269282041,0.0276232495683867,0.028209556706966,0.0292283710054559,-0.3030905476233508,-0.9198113207547168,-0.4659400544959128,-0.1655629139072847,-0.678082191780822,-0.427307206068268,-0.9363143631436316,-0.2222823147647377,-0.5509518477043673,-0.4952107279693486,0.197339314665714,-0.3556578250384502,-0.2336738385699911,-0.1782393078775225,-0.8849367317779692,-0.7750952986022872,Industrials,20.0,2.0,101,8.257644958208228,4789.0,5533.0,10.320518847015657,9.560222295507314,10.33676236128356,9.564231444538299
ETN,2020Q3,2020,Q3,0,0,1,0,4526.0,1475.0,3051.0,848.0,716.0,821.0,627.0,525.0,446.0,132.0,578.0,30985.0,14476.0,30348.0,14188.0,0.0291648254529385,0.1581970835174547,0.3258948298718515,0.1385329209014582,0.098541758727353,126.0,153.0,152.0,147.0,151.0,156.0,145.0,138.0,145.0,156.0,144.0,147.0,0.0326763485477178,0.0319482146585926,0.0290187094310805,0.0276627775686864,0.0272908006506416,0.0294062205466541,0.0265616413262502,0.0254988913525498,0.0264260980499362,0.0297086269282041,0.0276232495683867,0.028209556706966,-0.148287542340986,-0.2579034941763727,-0.181010549694614,-0.1020408163265306,-0.1773547094188376,-0.224009900990099,-0.2688022284122563,-0.1315115286080272,-0.1536643026004728,-0.1460221550855992,0.054298520115072,-0.0063128820192029,-0.038420252116036,-0.0889060127842212,-0.1287006557784455,-0.2272727272727273,Industrials,20.0,3.0,102,8.417814747435958,3856.0,5314.0,10.341290768556236,9.580316462154043,10.320518847015657,9.560222295507314
ETN,2020Q4,2020,Q4,0,0,0,1,4687.0,1505.0,3182.0,863.0,723.0,923.0,642.0,553.0,475.0,140.0,615.0,31824.0,14930.0,30985.0,14476.0,0.0298698527842969,0.1542564540217623,0.3211009174311927,0.1369746106251333,0.1013441433752933,132.0,126.0,153.0,152.0,147.0,151.0,156.0,145.0,138.0,145.0,156.0,144.0,0.0291648254529385,0.0326763485477178,0.0319482146585926,0.0290187094310805,0.0276627775686864,0.0272908006506416,0.0294062205466541,0.0265616413262502,0.0254988913525498,0.0264260980499362,0.0297086269282041,0.0276232495683867,-0.105192821687667,0.0508849557522124,-0.1057635175282234,-0.0789473684210526,0.1523096129837702,-0.1873417721518987,0.0394736842105263,-0.1049226441631504,-0.0242914979757085,-0.0335946248600224,0.029330847922024,0.0904120191173969,-0.0006377863906196,-0.0918063158804448,0.1744261570791738,0.0182119205298012,Industrials,20.0,4.0,103,8.452761331256848,4526.0,5238.0,10.368007423425608,9.611194867526663,10.341290768556236,9.580316462154043
ETN,2021Q1,2021,Q1,1,0,0,0,4692.0,1504.0,3188.0,881.0,733.0,746.0,623.0,538.0,458.0,148.0,606.0,34080.0,14995.0,31824.0,14930.0,0.03154305200341,0.1562233589087809,0.3205456095481671,0.1327791986359761,0.0976129582267689,140.0,132.0,126.0,153.0,152.0,147.0,151.0,156.0,145.0,138.0,145.0,156.0,0.0298698527842969,0.0291648254529385,0.0326763485477178,0.0319482146585926,0.0290187094310805,0.0276627775686864,0.0272908006506416,0.0294062205466541,0.0265616413262502,0.0254988913525498,0.0264260980499362,0.0297086269282041,-0.0202547504698267,0.0456621004566211,0.0114324142568931,-0.0326797385620915,-0.0902439024390243,0.0366056572379367,-0.1336553945249597,-0.0345245305875226,0.0,-0.0056433408577878,-0.0126818559194066,0.0206734867860185,0.032342248907984,0.0580359105951573,0.0672795820730516,0.0253807106598984,Industrials,20.0,1.0,104,8.453827315794417,4687.0,4789.0,10.436495323235768,9.615538777855802,10.368007423425608,9.611194867526663
ETN,2021Q2,2021,Q2,0,1,0,0,5215.0,1660.0,3555.0,930.0,776.0,972.0,730.0,620.0,506.0,154.0,660.0,36804.0,15408.0,34080.0,14995.0,0.0295302013422818,0.1488015340364333,0.3183125599232981,0.1399808245445829,0.0970278044103547,148.0,140.0,132.0,126.0,153.0,152.0,147.0,151.0,156.0,145.0,138.0,145.0,0.03154305200341,0.0298698527842969,0.0291648254529385,0.0326763485477178,0.0319482146585926,0.0290187094310805,0.0276627775686864,0.0272908006506416,0.0294062205466541,0.0265616413262502,0.0254988913525498,0.0264260980499362,0.3524377593360996,8.92156862745098,0.6938775510204083,0.2222222222222223,1.9544072948328268,0.6114790286975718,12.191489361702128,0.2360917941585536,0.9351620947630924,0.7647058823529411,-0.0962820922552466,0.4308696140760275,0.2524624806777935,0.191536555063823,6.336063015810352,2.7288135593220337,Industrials,20.0,2.0,105,8.559486103606488,4692.0,3856.0,10.513388984492806,9.642707033281853,10.436495323235768,9.615538777855802
ETN,2021Q3,2021,Q3,0,0,1,0,4923.0,1582.0,3341.0,773.0,621.0,1365.0,809.0,1113.0,629.0,152.0,781.0,34128.0,15971.0,36804.0,15408.0,0.0308754824294129,0.1261425959780621,0.321348771074548,0.1643306926670729,0.1277676213690839,154.0,148.0,140.0,132.0,126.0,153.0,152.0,147.0,151.0,156.0,145.0,138.0,0.0295302013422818,0.03154305200341,0.0298698527842969,0.0291648254529385,0.0326763485477178,0.0319482146585926,0.0290187094310805,0.0276627775686864,0.0272908006506416,0.0294062205466541,0.0265616413262502,0.0254988913525498,0.0877154220061864,0.4103139013452914,0.0725423728813559,0.1515151515151516,0.6626065773447016,0.2902711323763955,1.12,0.0950508030154047,-0.13268156424581,-0.088443396226415,0.0586547990569927,-0.2026237578258249,-0.0139494658417596,0.1862212360624753,0.2965835298575643,0.3512110726643598,Industrials,20.0,3.0,106,8.501876487304344,5215.0,4526.0,10.437902741735204,9.678592468183112,10.513388984492806,9.642707033281853
ETN,2021Q4,2021,Q4,0,0,0,1,4798.0,1569.0,3229.0,861.0,699.0,904.0,708.0,625.0,551.0,162.0,713.0,34027.0,16413.0,34128.0,15971.0,0.0337640683618174,0.14568570237599,0.3270112546894539,0.1475614839516465,0.1148395164651938,152.0,154.0,148.0,140.0,132.0,126.0,153.0,152.0,147.0,151.0,156.0,145.0,0.0308754824294129,0.0295302013422818,0.03154305200341,0.0298698527842969,0.0291648254529385,0.0326763485477178,0.0319482146585926,0.0290187094310805,0.0276627775686864,0.0272908006506416,0.0294062205466541,0.0265616413262502,0.023682526136121,0.1599999999999999,0.0425249169435215,0.1571428571428572,-0.0205850487540628,0.1028037383177569,0.1301989150090416,0.0147705845380263,-0.0331950207468879,-0.0023174971031286,0.1303727743702734,-0.0555617053440317,0.0184064788900135,0.077290771466304,0.1331638182576073,0.159349593495935,Industrials,20.0,4.0,107,8.476162841858246,4923.0,4687.0,10.434938994095775,9.705889908189658,10.437902741735204,9.678592468183112
ETN,2022Q1,2022,Q1,1,0,0,0,4843.0,1572.0,3271.0,908.0,743.0,887.0,664.0,619.0,532.0,165.0,697.0,35208.0,16620.0,34027.0,16413.0,0.0340697914515796,0.1534173033243857,0.3245921949205038,0.1371051001445385,0.1098492669832748,162.0,152.0,154.0,148.0,140.0,132.0,126.0,153.0,152.0,147.0,151.0,156.0,0.0337640683618174,0.0308754824294129,0.0295302013422818,0.03154305200341,0.0298698527842969,0.0291648254529385,0.0326763485477178,0.0319482146585926,0.0290187094310805,0.0276627775686864,0.0272908006506416,0.0294062205466541,0.0321824381926683,0.1615720524017467,0.0452127659574468,0.1148648648648649,0.1890080428954423,0.0658105939004816,0.1505576208178438,0.0260351317440401,0.0136425648021827,0.0306469920544836,0.0801044695325101,-0.0179618182837409,0.0126240548982738,0.0325796627258021,0.1253553726758198,0.1501650165016501,Industrials,20.0,1.0,108,8.485496104672983,4798.0,4692.0,10.469057010723345,9.71842223507111,10.434938994095775,9.705889908189658
ETN,2022Q2,2022,Q2,0,1,0,0,5212.0,1722.0,3490.0,935.0,767.0,962.0,787.0,720.0,601.0,168.0,769.0,35153.0,16380.0,35208.0,16620.0,0.032233307751343,0.1471603990790483,0.3303914044512663,0.1509976976208749,0.1153108211818879,165.0,162.0,152.0,154.0,148.0,140.0,132.0,126.0,153.0,152.0,147.0,151.0,0.0340697914515796,0.0337640683618174,0.0308754824294129,0.0295302013422818,0.03154305200341,0.0298698527842969,0.0291648254529385,0.0326763485477178,0.0319482146585926,0.0290187094310805,0.0276627775686864,0.0272908006506416,-0.000575263662512,0.1877470355731225,0.0373493975903613,0.0909090909090908,-0.0102880658436214,0.0780821917808218,0.1612903225806452,-0.0182841068917017,-0.0115979381443298,0.0053763440860215,0.0915370124886625,-0.0110290190757254,0.0379464904899722,0.0787027302641951,0.188430696568272,0.165151515151515,Industrials,20.0,2.0,109,8.558910784768106,4843.0,5215.0,10.467493688772844,9.703877405604631,10.469057010723345,9.71842223507111
ETN,2022Q3,2022,Q3,0,0,1,0,5313.0,1771.0,3542.0,853.0,688.0,956.0,918.0,720.0,607.0,165.0,772.0,34364.0,16068.0,35153.0,16380.0,0.031055900621118,0.129493694711086,0.3333333333333333,0.1727837380011293,0.1142480707698099,168.0,165.0,162.0,152.0,154.0,148.0,140.0,132.0,126.0,153.0,152.0,147.0,0.032233307751343,0.0340697914515796,0.0337640683618174,0.0308754824294129,0.0295302013422818,0.03154305200341,0.0298698527842969,0.0291648254529385,0.0326763485477178,0.0319482146585926,0.0290187094310805,0.0276627775686864,0.0792199878123096,-0.0349761526232114,0.1194690265486726,0.0855263157894736,-0.2996336996336997,0.1347342398022248,-0.3530997304582211,0.0601616282550134,0.107890499194847,0.1034928848641656,0.0058434128800262,0.0265659566226674,0.0372945638432362,0.0514392363158957,-0.1058135891895483,-0.0115236875800256,Industrials,20.0,3.0,110,8.57810012631976,5212.0,4923.0,10.444793883555706,9.684647229041753,10.467493688772844,9.703877405604631
ETN,2022Q4,2022,Q4,0,0,0,1,5384.0,1841.0,3543.0,967.0,800.0,1161.0,874.0,851.0,721.0,167.0,888.0,35030.0,17038.0,34364.0,16068.0,0.0310178306092124,0.1485884101040119,0.3419390787518573,0.162332838038633,0.1339153046062407,165.0,168.0,165.0,162.0,152.0,154.0,148.0,140.0,132.0,126.0,153.0,152.0,0.031055900621118,0.032233307751343,0.0340697914515796,0.0337640683618174,0.0308754824294129,0.0295302013422818,0.03154305200341,0.0298698527842969,0.0291648254529385,0.0326763485477178,0.0319482146585926,0.0290187094310805,0.122134222592747,0.3085299455535391,0.1733588272785213,0.0308641975308641,0.2842920353982301,0.234463276836158,0.3615999999999999,0.0972437287085785,0.1444921316165952,0.1231126596980256,-0.0813361033148056,0.0199244516152348,0.0456492669543733,0.1001030464821484,0.1661082241392792,0.2454417952314165,Industrials,20.0,4.0,111,8.591372589590488,5313.0,4798.0,10.463988662743825,9.74326011321524,10.444793883555706,9.684647229041753
ETN,2023Q1,2023,Q1,1,0,0,0,5483.0,1884.0,3599.0,1083.0,904.0,1062.0,801.0,762.0,638.0,179.0,817.0,35517.0,17449.0,35030.0,17038.0,0.032646361480941,0.1648732445741382,0.3436075141345978,0.1460879080795185,0.1163596571220135,167.0,165.0,168.0,165.0,162.0,152.0,154.0,148.0,140.0,132.0,126.0,153.0,0.0310178306092124,0.031055900621118,0.032233307751343,0.0340697914515796,0.0337640683618174,0.0308754824294129,0.0295302013422818,0.03154305200341,0.0298698527842969,0.0291648254529385,0.0326763485477178,0.0319482146585926,0.1321494941152179,0.1992481203007519,0.1984732824427482,0.0848484848484849,0.1972942502818488,0.2063253012048191,0.2310177705977383,0.1002751452155303,0.2166890982503364,0.1927312775330396,-0.0417798263503169,0.0746717677961661,0.0585821825406216,0.0655176789595004,0.0592665778983296,0.1721664275466283,Industrials,20.0,1.0,112,8.609590040682205,5384.0,4843.0,10.47779488921454,9.767094927630573,10.463988662743825,9.74326011321524
ETN,2023Q2,2023,Q2,0,1,0,0,5866.0,2119.0,3747.0,1106.0,919.0,1177.0,1013.0,898.0,744.0,187.0,931.0,36773.0,17953.0,35517.0,17449.0,0.0318786225707466,0.1566655301738834,0.3612342311626321,0.172690078418002,0.1268325946130242,179.0,167.0,165.0,168.0,165.0,162.0,152.0,154.0,148.0,140.0,132.0,126.0,0.032646361480941,0.0310178306092124,0.031055900621118,0.032233307751343,0.0340697914515796,0.0337640683618174,0.0308754824294129,0.0295302013422818,0.03154305200341,0.0298698527842969,0.0291648254529385,0.0326763485477178,0.1254796623177283,0.237936772046589,0.2305458768873403,0.1130952380952381,0.2234927234927235,0.287166454891995,0.2472222222222222,0.0736389684813754,0.1981747066492829,0.1828877005347593,-0.0110036854837399,0.0645902780525167,0.0933523883970026,0.1436603414417112,0.0999192730833313,0.2106631989596878,Industrials,20.0,2.0,113,8.67709870892586,5483.0,5212.0,10.512546352713787,9.795568210316635,10.47779488921454,9.767094927630573
ETN,2023Q3,2023,Q3,0,0,1,0,5880.0,2196.0,3684.0,1111.0,924.0,1360.0,1085.0,1079.0,891.0,187.0,1078.0,37289.0,18383.0,36773.0,17953.0,0.0318027210884353,0.1571428571428571,0.373469387755102,0.1845238095238095,0.1515306122448979,187.0,179.0,167.0,165.0,168.0,165.0,162.0,152.0,154.0,148.0,140.0,132.0,0.0318786225707466,0.032646361480941,0.0310178306092124,0.031055900621118,0.032233307751343,0.0340697914515796,0.0337640683618174,0.0308754824294129,0.0295302013422818,0.03154305200341,0.0298698527842969,0.0291648254529385,0.1067193675889328,0.4678747940691927,0.2399774138904573,0.1333333333333333,0.4225941422594141,0.1819172113289759,0.4986111111111111,0.0400903444381706,0.3430232558139534,0.3024618991793668,0.024047619047619,0.213517441860465,0.1204081632653062,0.067946623093682,0.3263297246410921,0.3963730569948187,Industrials,20.0,3.0,114,8.679482094459956,5866.0,5313.0,10.526480473172866,9.819236000088537,10.512546352713787,9.795568210316635
ETN,2023Q4,2023,Q4,0,0,0,1,5967.0,2235.0,3732.0,1160.0,959.0,1378.0,1078.0,1088.0,945.0,201.0,1146.0,38432.0,19036.0,37289.0,18383.0,0.0336852689793866,0.1607172783643372,0.3745600804424334,0.1806602983073571,0.1583710407239819,187.0,187.0,179.0,167.0,165.0,168.0,165.0,162.0,152.0,154.0,148.0,140.0,0.0318027210884353,0.0318786225707466,0.032646361480941,0.0310178306092124,0.031055900621118,0.032233307751343,0.0340697914515796,0.0337640683618174,0.0308754824294129,0.0295302013422818,0.03154305200341,0.0298698527842969,0.1082838038632987,0.3106796116504855,0.2140141227593699,0.2035928143712575,0.1869078380706288,0.2334096109839816,0.2784958871915393,0.0533446232006773,0.1987499999999999,0.1995863495346432,0.0859969352396261,0.0816272833919893,0.0954000397078007,0.1129005103968086,0.1826209199138952,0.2905405405405405,Industrials,20.0,4.0,115,8.694167141883597,5880.0,5384.0,10.556671744524543,9.85413973290579,10.526480473172866,9.819236000088537
ETN,2024Q1,2024,Q1,1,0,0,0,5943.0,2217.0,3726.0,1134.0,945.0,1282.0,1083.0,1001.0,821.0,189.0,1010.0,38535.0,19292.0,38432.0,19036.0,0.0318021201413427,0.1590106007067137,0.3730439172135285,0.1822311963654719,0.138145717651018,201.0,187.0,187.0,179.0,167.0,165.0,168.0,165.0,162.0,152.0,154.0,148.0,0.0336852689793866,0.0318027210884353,0.0318786225707466,0.032646361480941,0.0310178306092124,0.031055900621118,0.032233307751343,0.0340697914515796,0.0337640683618174,0.0308754824294129,0.0295302013422818,0.03154305200341,0.0838956775487871,0.286833855799373,0.1767515923566878,0.0558659217877095,0.207156308851224,0.3520599250936329,0.3136482939632545,0.035287579883301,0.045353982300885,0.0470914127423822,-0.0258601970112719,-0.0355584915100535,0.0856686826336396,0.2474078023369323,0.1872303603143128,0.2362301101591186,Industrials,20.0,1.0,116,8.690137586397595,5967.0,5483.0,10.559348148310058,9.867497614802973,10.556671744524543,9.85413973290579
ETN,2024Q2,2024,Q2,0,1,0,0,6350.0,2409.0,3941.0,1192.0,996.0,1429.0,1217.0,1195.0,993.0,196.0,1189.0,39381.0,19219.0,38535.0,19292.0,0.0308661417322834,0.1568503937007874,0.3793700787401575,0.1916535433070866,0.1563779527559055,189.0,201.0,187.0,187.0,179.0,167.0,165.0,168.0,165.0,162.0,152.0,154.0,0.0318021201413427,0.0336852689793866,0.0318027210884353,0.0318786225707466,0.032646361480941,0.0310178306092124,0.031055900621118,0.032233307751343,0.0340697914515796,0.0337640683618174,0.0308754824294129,0.0295302013422818,0.082509376065462,0.3346774193548387,0.1368570080226521,0.0481283422459892,0.2141036533559899,0.2013820335636722,0.3307349665924275,0.0517747531358419,0.0837867247007617,0.077757685352622,-0.0317604951787442,0.0011799885188452,0.0502052297733666,0.109812127383386,0.2329476758953519,0.2771213748657357,Industrials,20.0,2.0,117,8.756367559802975,5943.0,5866.0,10.581064138105116,9.863706682524283,10.559348148310058,9.867497614802973
ETN,2024Q3,2024,Q3,0,0,1,0,6345.0,2444.0,3901.0,1185.0,978.0,1471.0,1259.0,1204.0,1009.0,207.0,1216.0,39236.0,19117.0,39381.0,19219.0,0.0326241134751773,0.1541371158392435,0.3851851851851852,0.1984239558707644,0.1590228526398739,196.0,189.0,201.0,187.0,187.0,179.0,167.0,165.0,168.0,165.0,162.0,152.0,0.0308661417322834,0.0318021201413427,0.0336852689793866,0.0318027210884353,0.0318786225707466,0.032646361480941,0.0310178306092124,0.031055900621118,0.032233307751343,0.0340697914515796,0.0337640683618174,0.0308754824294129,0.0790816326530612,0.1324354657687991,0.1129326047358834,0.106951871657754,0.0816176470588234,0.1603686635944701,0.1158480074142724,0.0589033659066231,0.0584415584415585,0.0666066606660666,0.0258277392194787,-0.0191274446593595,0.0313701679821898,0.0753298253641423,0.049443741327114,0.1280148423005565,Industrials,20.0,3.0,118,8.75557997214314,6350.0,5880.0,10.577375458157261,9.858385578623707,10.581064138105116,9.863706682524283
ETN,2024Q4,2024,Q4,0,0,0,1,6240.0,2428.0,3812.0,1121.0,920.0,1447.0,1307.0,1167.0,971.0,201.0,1172.0,38381.0,18488.0,39236.0,19117.0,0.0322115384615384,0.1474358974358974,0.3891025641025641,0.2094551282051282,0.1556089743589743,207.0,196.0,189.0,201.0,187.0,187.0,179.0,167.0,165.0,168.0,165.0,162.0,0.0326241134751773,0.0308661417322834,0.0318021201413427,0.0336852689793866,0.0318027210884353,0.0318786225707466,0.032646361480941,0.0310178306092124,0.031055900621118,0.032233307751343,0.0340697914515796,0.0337640683618174,0.0457516339869281,0.0275132275132274,0.0863534675615211,0.0,0.0500725689404935,0.2124304267161409,0.0726102941176469,0.0214362272240085,-0.040667361835245,-0.0336206896551724,-0.04375,-0.0826381647549531,0.0388255033557047,0.1593865955473097,-0.0174404761904761,0.0226876090750436,Industrials,20.0,4.0,119,8.738895704934043,6345.0,5967.0,10.555343878678192,9.824931239630352,10.577375458157261,9.858385578623707
ETN,2025Q1,2025,Q1,1,0,0,0,6377.0,2447.0,3930.0,1218.0,1020.0,1465.0,1229.0,1177.0,964.0,198.0,1162.0,39206.0,18506.0,38381.0,18488.0,0.0310490826407401,0.159949819664419,0.383722753645915,0.1927238513407558,0.151168260937745,201.0,207.0,196.0,189.0,201.0,187.0,187.0,179.0,167.0,165.0,168.0,165.0,0.0322115384615384,0.0326241134751773,0.0308661417322834,0.0318021201413427,0.0336852689793866,0.0318027210884353,0.0318786225707466,0.032646361480941,0.0310178306092124,0.031055900621118,0.032233307751343,0.0340697914515796,0.0730270906949352,0.1741778319123019,0.1037437979251241,0.0476190476190476,0.142745709828393,0.1348107109879963,0.1758241758241758,0.0547504025764895,0.0793650793650793,0.0740740740740741,-0.0236788458522815,0.0059066436673462,0.028626217824841,0.0575788074959482,0.0942667171169533,0.1504950495049504,Industrials,20.0,1.0,120,8.760609847570002,6240.0,5943.0,10.576610581265145,9.825904317877749,10.555343878678192,9.824931239630352
ETN,2025Q2,2025,Q2,0,1,0,0,7028.0,2597.0,4431.0,1341.0,1055.0,1154.0,1256.0,1186.0,981.0,192.0,1173.0,40507.0,18647.0,39206.0,18506.0,0.0273192942515651,0.1501138303927148,0.3695219123505976,0.1787137165623221,0.1395845190665907,198.0,201.0,207.0,196.0,189.0,201.0,187.0,187.0,179.0,167.0,165.0,168.0,0.0310490826407401,0.0322115384615384,0.0326241134751773,0.0308661417322834,0.0318021201413427,0.0336852689793866,0.0318027210884353,0.0318786225707466,0.032646361480941,0.0310178306092124,0.031055900621118,0.032233307751343,0.1067716535433069,-0.0120845921450151,0.0780406807804068,-0.0204081632653061,-0.192442267319804,0.0320460147904684,-0.007531380753138,0.1243339253996447,0.0592369477911647,0.125,-0.1149106199110264,-0.042948972897852,-0.0259592596819033,-0.0675167623905131,-0.1073900341663127,-0.0134566862910008,Industrials,20.0,2.0,121,8.857799727175905,6377.0,6350.0,10.609254764452176,9.833494180715594,10.576610581265145,9.825904317877749
