ticker,Year_Quarter,year,quarter,Q1,Q2,Q3,Q4,revenue,grossProfit,costOfRevenue,operatingExpenses,snaExpenses,ebitda,operatingIncome,incomeBeforeTax,netIncome,rnd,net_plus_rnd,totalAssets,totalEquity,totalAssets_lag1,totalEquity_lag1,rnd_to_rev_ratio,sna_to_rev_ratio,grossProfitRatio,operatingIncomeRatio,netIncomeRatio,rnd_lag1,rnd_lag2,rnd_lag3,rnd_lag4,rnd_lag5,rnd_lag6,rnd_lag7,rnd_lag8,rnd_lag9,rnd_lag10,rnd_lag11,rnd_lag12,rnd_to_rev_ratio_lag1,rnd_to_rev_ratio_lag2,rnd_to_rev_ratio_lag3,rnd_to_rev_ratio_lag4,rnd_to_rev_ratio_lag5,rnd_to_rev_ratio_lag6,rnd_to_rev_ratio_lag7,rnd_to_rev_ratio_lag8,rnd_to_rev_ratio_lag9,rnd_to_rev_ratio_lag10,rnd_to_rev_ratio_lag11,rnd_to_rev_ratio_lag12,revenue_yoy,netIncome_yoy,grossProfit_yoy,rnd_yoy,ebitda_yoy,operatingIncome_yoy,incomeBeforeTax_yoy,costOfRevenue_yoy,snaExpenses_yoy,operatingExpenses_yoy,rnd_to_rev_ratio_yoy,sna_to_rev_ratio_yoy,grossProfitRatio_yoy,operatingIncomeRatio_yoy,netIncomeRatio_yoy,net_plus_rnd_yoy,gics_sectors,gics_sector_code,quarter_int,time_idx,revenue_log,revenue_lag1,revenue_lag4,totalAssets_log,totalEquity_log,totalAssets_lag1_log,totalEquity_lag1_log
GLW,1995Q2,1995,Q2,0,1,0,0,1297.8,574.3,723.5,377.4,284.4,289.9,196.9,-263.9,-297.2,0.0,-297.2,5990.2,2055.9,6111.1,2732.4,0.0,0.2191400832177531,0.4425181075666512,0.1517182924949915,-0.2290029280320542,0.0,,,,,,,,,,,,0.0,,,,,,,,,,,,,,,,,,,,,,,,,,,,Information Technology,45.0,2.0,1,7.169196040228691,1123.0,,8.698047004935157,7.6289552739841175,8.718025691969057,7.9133015345307
GLW,1995Q4,1995,Q4,0,0,0,1,1568.8,678.9,889.9,509.5,410.9,268.0,169.4,125.7,83.5,0.0,83.5,5919.5,2105.1,5990.2,2055.9,0.0,0.2619199388067312,0.4327511473737889,0.1079806221315655,0.0532253952065272,0.0,0.0,,,,,,,,,,,0.0,0.0,,,,,,,,,,,,,,,,,,,,,,,,,,,Information Technology,45.0,4.0,2,7.358703501692713,1297.8,,8.686176183771012,7.652593174947437,8.698047004935157,7.6289552739841175
GLW,1995Q4,1995,Q4,0,0,0,1,1330.4,560.7,769.7,482.4,384.7,176.0,78.3,122.8,83.5,0.0,83.5,5987.1,2126.9,5919.5,2105.1,0.0,0.2891611545399879,0.4214521948286229,0.0588544798556825,0.0627630787733012,0.0,0.0,0.0,,,,,,,,,,0.0,0.0,0.0,,,,,,,,,,,,,,,,,,,,,,,,,,Information Technology,45.0,4.0,3,7.193986299166603,1568.8,,8.697529445466875,7.6628908568761505,8.686176183771012,7.652593174947437
GLW,1996Q1,1996,Q1,1,0,0,0,1352.6,588.5,764.1,438.5,329.4,259.1,150.0,116.6,71.8,0.0,71.8,6057.1,2158.0,5987.1,2126.9,0.0,0.2435309773769037,0.4350879787076741,0.1108975306816501,0.0530829513529498,0.0,0.0,0.0,0.0,,,,,,,,,0.0,0.0,0.0,0.0,,,,,,,,,0.2044523597506677,-0.0957178841309824,0.1829145728643215,,0.0914069081718618,0.0046885465505692,-0.0226320201173512,0.2215827338129496,0.2664359861591694,0.259333716255026,,0.0514620822539901,-0.0178818088668983,-0.1658544745110977,-0.2492171993783034,-0.0957178841309824,Information Technology,45.0,1.0,4,7.210522988851959,1330.4,1123.0,8.709151498548994,7.677400430514807,8.697529445466875,7.6628908568761505
GLW,1996Q2,1996,Q2,0,1,0,0,913.7,377.7,536.0,226.0,193.3,184.4,151.7,139.5,37.0,0.0,37.0,5777.3,2158.6,6057.1,2158.0,0.0,0.2115574039619131,0.4133741928422895,0.1660282368392251,0.0404946919120061,0.0,0.0,0.0,0.0,0.0,,,,,,,,0.0,0.0,0.0,0.0,0.0,,,,,,,,-0.2959623979041454,-1.1244952893674294,-0.3423297927912241,,-0.3639185926181441,-0.2295581513458608,-1.52860932171277,-0.2591568762957844,-0.320323488045007,-0.401165871754107,,-0.0346019730598774,-0.0658592591490102,0.0943191760789554,-1.1768304547893726,-1.1244952893674294,Information Technology,45.0,2.0,5,6.818596142662319,1352.6,1297.8,8.661864800758286,7.677678298344132,8.709151498548994,7.677400430514807
GLW,1996Q3,1996,Q3,0,0,1,0,910.2,429.3,480.9,280.9,210.6,218.7,148.4,142.5,-16.4,0.0,-16.4,5728.7,2462.0,5777.3,2158.6,0.0,0.2313777191825972,0.4716545814106789,0.1630410898703581,-0.018018018018018,0.0,0.0,0.0,0.0,0.0,0.0,,,,,,,0.0,0.0,0.0,0.0,0.0,0.0,,,,,,,-0.4198113207547169,-1.1964071856287424,-0.3676535572249226,,-0.183955223880597,-0.1239669421487603,0.133651551312649,-0.4596022024946623,-0.4874665368702847,-0.4486751717369971,,-0.1166089903780517,0.0898979338887511,0.5099106362964456,-1.3385229540918164,-1.1964071856287424,Information Technology,45.0,3.0,6,6.814762412132972,913.7,1568.8,8.653418452317219,7.809135398120538,8.661864800758286,7.677678298344132
GLW,1996Q4,1996,Q4,0,0,0,1,990.1,444.1,546.0,299.5,223.5,220.6,144.6,121.1,76.3,0.0,76.3,4321.3,983.3,5728.7,2462.0,0.0,0.2257347742652257,0.4485405514594485,0.146045853954146,0.077062922937077,0.0,0.0,0.0,0.0,0.0,0.0,0.0,,,,,,0.0,0.0,0.0,0.0,0.0,0.0,0.0,,,,,,-0.2557877330126278,-0.0862275449101797,-0.2079543427858035,,0.2534090909090909,0.8467432950191571,-0.013843648208469,-0.2906327140444329,-0.4190278138809461,-0.3791459369817578,,-0.2193461302769525,0.0642738535074913,1.4814738710165507,0.2278384751555369,-0.0862275449101797,Information Technology,45.0,4.0,7,6.8988154374126625,910.2,1330.4,8.371542946967026,6.891930728635166,8.653418452317219,7.809135398120538
GLW,1997Q1,1997,Q1,1,0,0,0,945.4,418.5,398.6,256.9,128.8,238.7,161.6,134.4,92.0,51.1,143.1,4289.5,1016.2,4321.3,983.3,0.054051195261265,0.1362386291516818,0.4426697694097736,0.1709329384387561,0.0973133065369156,0.0,0.0,0.0,0.0,0.0,0.0,0.0,0.0,,,,,0.0,0.0,0.0,0.0,0.0,0.0,0.0,0.0,,,,,-0.3010498299571196,0.2813370473537604,-0.2888700084961767,,-0.0787340795059823,0.0773333333333332,0.1526586620926244,-0.4783405313440648,-0.6089860352155434,-0.414139110604333,,-0.4405696120505014,0.0174258795304329,0.5413592835484098,0.8332308972400004,0.9930362116991645,Information Technology,45.0,1.0,8,6.852665312664177,990.1,1352.6,8.364158555247176,6.924809033547964,8.371542946967026,6.891930728635166
GLW,1997Q2,1997,Q2,0,1,0,0,1031.1,471.8,433.7,273.9,138.9,279.5,197.9,189.2,127.0,53.5,180.5,4510.3,1157.0,4289.5,1016.2,0.051886334982058,0.1347105033459412,0.4575695858791582,0.1919309475317622,0.1231694307050722,51.1,0.0,0.0,0.0,0.0,0.0,0.0,0.0,0.0,,,,0.054051195261265,0.0,0.0,0.0,0.0,0.0,0.0,0.0,0.0,,,,0.1284885629856624,2.4324324324324325,0.2491395287265025,,0.5157266811279826,0.3045484508899143,0.3562724014336917,-0.1908582089552238,-0.281427832384894,0.2119469026548672,,-0.3632437304335927,0.1069137691760311,0.1560138876715304,2.041619157708771,3.878378378378378,Information Technology,45.0,2.0,9,6.939350840571888,945.4,913.7,8.414340639298182,7.05444965813294,8.364158555247176,6.924809033547964
GLW,1997Q3,1997,Q3,0,0,1,0,1037.8,455.4,436.5,293.1,134.0,250.7,162.3,154.8,112.3,70.8,183.1,4622.8,1612.6,4510.3,1157.0,0.0682212372326074,0.1291192908074773,0.4388128733860089,0.1563885141645789,0.1082096743110425,53.5,51.1,0.0,0.0,0.0,0.0,0.0,0.0,0.0,0.0,,,0.051886334982058,0.054051195261265,0.0,0.0,0.0,0.0,0.0,0.0,0.0,0.0,,,0.140188969457262,-7.847560975609756,0.0607966457023059,,0.1463191586648375,0.09366576819407,0.0863157894736843,-0.0923268870867123,-0.3637226970560303,0.0434318262726951,,-0.4419545180770849,-0.0696308470627875,-0.0408030620444761,-7.005636924262864,-12.164634146341465,Information Technology,45.0,3.0,10,6.945821479788593,1031.1,910.2,8.438972156821638,7.386222986640002,8.414340639298182,7.05444965813294
GLW,1997Q4,1997,Q4,0,0,0,1,1075.4,498.3,577.1,311.3,171.9,251.1,187.0,163.3,108.5,75.3,183.8,4811.4,1266.3,4622.8,1612.6,0.0700204575041844,0.1598474986051701,0.4633624697786869,0.1738887855681606,0.1008926910916868,70.8,53.5,51.1,0.0,0.0,0.0,0.0,0.0,0.0,0.0,0.0,,0.0682212372326074,0.051886334982058,0.054051195261265,0.0,0.0,0.0,0.0,0.0,0.0,0.0,0.0,,0.0861529138470862,0.4220183486238533,0.1220445845530284,,0.1382592928377153,0.2932226832641771,0.3484723369116433,0.0569597069597069,-0.2308724832214764,0.0393989983305509,,-0.2918791571857764,0.0330447676826795,0.1906451354843421,0.3092248158568691,1.4089121887287028,Information Technology,45.0,4.0,11,6.981377418852751,1037.8,990.1,8.47895119915937,7.144643932088019,8.438972156821638,7.386222986640002
GLW,1998Q1,1998,Q1,1,0,0,0,794.8,359.0,435.8,258.9,112.9,179.0,100.1,83.1,61.5,67.1,128.6,4738.9,1674.4,4811.4,1266.3,0.0844237544036235,0.1420483140412682,0.4516859587317564,0.1259436336185203,0.0773779567186713,75.3,70.8,53.5,51.1,0.0,0.0,0.0,0.0,0.0,0.0,0.0,0.0,0.0700204575041844,0.0682212372326074,0.051886334982058,0.054051195261265,0.0,0.0,0.0,0.0,0.0,0.0,0.0,0.0,-0.1592976517876031,-0.3315217391304348,-0.1421744324970131,0.3131115459882581,-0.2501047339757016,-0.3805693069306931,-0.3816964285714286,0.0933266432513797,-0.1234472049689441,0.0077851304009342,0.5619220628803465,0.0426434479395574,0.0203677548028733,-0.2631985691649185,-0.2048573882409575,-0.1013277428371768,Information Technology,45.0,1.0,12,6.6793478979928285,1075.4,945.4,8.463771317420163,7.423807221719709,8.47895119915937,7.144643932088019
GLW,1998Q2,1998,Q2,0,1,0,0,855.9,403.8,452.1,280.0,126.6,202.1,123.8,70.6,123.8,75.1,198.9,4742.0,1771.5,4738.9,1674.4,0.0877438953148732,0.1479144759901857,0.4717840869260428,0.1446430657787124,0.1446430657787124,67.1,75.3,70.8,53.5,51.1,0.0,0.0,0.0,0.0,0.0,0.0,0.0,0.0844237544036235,0.0700204575041844,0.0682212372326074,0.051886334982058,0.054051195261265,0.0,0.0,0.0,0.0,0.0,0.0,0.0,-0.1699156240907767,-0.0251968503937007,-0.1441288681644764,0.4037383177570093,-0.2769230769230769,-0.3744315310763012,-0.6268498942917548,0.0424256398432096,-0.0885529157667387,0.0222709017889741,0.6910790740030985,0.0980173952014435,0.0310652226143337,-0.2463796608164202,0.1743422450742553,0.1019390581717449,Information Technology,45.0,2.0,13,6.753321225675073,794.8,1031.1,8.464425125877582,7.4801462584062826,8.463771317420163,7.423807221719709
GLW,1998Q3,1998,Q3,0,0,1,0,906.5,432.2,474.3,260.0,112.6,248.0,172.2,153.6,104.4,71.6,176.0,4760.3,1423.6,4742.0,1771.5,0.0789851075565361,0.1242140099282956,0.4767788196359624,0.1899613899613899,0.1151682294539437,75.1,67.1,75.3,70.8,53.5,51.1,0.0,0.0,0.0,0.0,0.0,0.0,0.0877438953148732,0.0844237544036235,0.0700204575041844,0.0682212372326074,0.051886334982058,0.054051195261265,0.0,0.0,0.0,0.0,0.0,0.0,-0.1265176334553863,-0.070347284060552,-0.0509442248572683,0.0112994350282484,-0.0107698444355803,0.0609981515711643,-0.0077519379844962,0.08659793814433,-0.1597014925373134,-0.1129307403616514,0.157778878844254,-0.0379903022120506,0.0865196728550765,0.2146760967463368,0.0643062201896955,-0.0387766247951938,Information Technology,45.0,3.0,14,6.810693566139006,855.9,1037.8,8.468276019181623,7.261646351544253,8.464425125877582,7.4801462584062826
GLW,1998Q4,1998,Q4,0,0,0,1,926.8,433.1,493.7,280.7,135.6,217.4,152.4,153.0,104.3,80.1,184.4,4981.9,1523.5,4760.3,1423.6,0.0864264134656883,0.1463098834700043,0.4673068623219681,0.164436771687527,0.1125377643504531,71.6,75.1,67.1,75.3,70.8,53.5,51.1,0.0,0.0,0.0,0.0,0.0,0.0789851075565361,0.0877438953148732,0.0844237544036235,0.0700204575041844,0.0682212372326074,0.051886334982058,0.054051195261265,0.0,0.0,0.0,0.0,0.0,-0.1381811419006882,-0.0387096774193548,-0.1308448725667268,0.0637450199203186,-0.1342094782954997,-0.1850267379679143,-0.0630740967544397,-0.1445156818575637,-0.2111692844677138,-0.0982974622550595,0.2343023245816906,-0.0846908162673494,0.0085125421253151,-0.0543566616429597,0.1154203850919572,0.0032644178454841,Information Technology,45.0,4.0,15,6.832816192317643,906.5,1075.4,8.513767329848045,7.329421766428309,8.468276019181623,7.261646351544253
GLW,1999Q1,1999,Q1,1,0,0,0,892.2,477.9,529.1,337.2,152.2,242.3,140.7,129.8,92.5,79.6,172.1,5166.4,1924.0,4981.9,1523.5,0.0892176642008518,0.170589553911679,0.5356422326832548,0.1577000672494956,0.1036763057610401,80.1,71.6,75.1,67.1,75.3,70.8,53.5,51.1,0.0,0.0,0.0,0.0,0.0864264134656883,0.0789851075565361,0.0877438953148732,0.0844237544036235,0.0700204575041844,0.0682212372326074,0.051886334982058,0.054051195261265,0.0,0.0,0.0,0.0,0.1225465525918472,0.5040650406504066,0.3311977715877436,0.1862891207153503,0.3536312849162011,0.4055944055944056,0.561973525872443,0.2140890316659018,0.3480956598759963,0.302433371958285,0.0567838972702983,0.2009262838707037,0.1858731101299469,0.2521479865124787,0.3398687450223525,0.3382581648522551,Information Technology,45.0,1.0,16,6.794810519966003,926.8,794.8,8.550124939651212,7.562681246721884,8.513767329848045,7.329421766428309
GLW,1999Q2,1999,Q2,0,1,0,0,1020.0,535.8,605.2,345.5,161.9,292.4,190.3,183.3,131.0,84.8,215.8,5490.5,1991.0,5166.4,1924.0,0.0831372549019607,0.1587254901960784,0.5252941176470588,0.1865686274509804,0.1284313725490196,79.6,80.1,71.6,75.1,67.1,75.3,70.8,53.5,51.1,0.0,0.0,0.0,0.0892176642008518,0.0864264134656883,0.0789851075565361,0.0877438953148732,0.0844237544036235,0.0700204575041844,0.0682212372326074,0.051886334982058,0.054051195261265,0.0,0.0,0.0,0.1917280056081318,0.0581583198707593,0.3268945022288261,0.1291611185086552,0.4468085106382977,0.5371567043618741,1.5963172804532584,0.338641893386419,0.278830963665087,0.2339285714285714,-0.0525009790867079,0.0730896292166156,0.1134205926055413,0.2898553169248314,-0.1120806804143306,0.084967320261438,Information Technology,45.0,2.0,17,6.928537818164665,892.2,855.9,8.610956721228401,7.596894438144544,8.550124939651212,7.562681246721884
GLW,1999Q3,1999,Q3,0,0,1,0,1136.6,577.7,676.3,370.2,172.0,305.9,207.5,197.6,141.9,96.5,238.4,5673.8,2116.0,5490.5,1991.0,0.0849023403132148,0.1513285236670772,0.5082702797818055,0.1825620270983635,0.1248460320253387,84.8,79.6,80.1,71.6,75.1,67.1,75.3,70.8,53.5,51.1,0.0,0.0,0.0831372549019607,0.0892176642008518,0.0864264134656883,0.0789851075565361,0.0877438953148732,0.0844237544036235,0.0700204575041844,0.0682212372326074,0.051886334982058,0.054051195261265,0.0,0.0,0.2538334252619965,0.3591954022988506,0.3366496992133272,0.3477653631284918,0.2334677419354838,0.2049941927990708,0.2864583333333332,0.4258907864220955,0.52753108348135,0.4238461538461537,0.0749158029878391,0.2182886918668343,0.066050459560867,-0.0389519305187771,0.0840318776912794,0.3545454545454545,Information Technology,45.0,3.0,18,7.036676059048976,1020.0,906.5,8.64379059943783,7.6577552711348655,8.610956721228401,7.596894438144544
GLW,1999Q4,1999,Q4,0,0,0,1,1248.4,524.7,723.7,375.5,174.1,248.9,149.2,191.5,140.1,101.7,241.8,6012.2,2240.7,5673.8,2116.0,0.0814642742710669,0.1394585068888176,0.4202979814162128,0.1195129766100608,0.112223646267222,96.5,84.8,79.6,80.1,71.6,75.1,67.1,75.3,70.8,53.5,51.1,0.0,0.0849023403132148,0.0831372549019607,0.0892176642008518,0.0864264134656883,0.0789851075565361,0.0877438953148732,0.0844237544036235,0.0700204575041844,0.0682212372326074,0.051886334982058,0.054051195261265,0.0,0.3470004315925767,0.3432406519654842,0.2114984991918727,0.2696629213483148,0.1448942042318306,-0.0209973753280841,0.2516339869281045,0.4658699615150903,0.2839233038348083,0.3377271107944426,-0.0574146143018119,-0.0468278452466355,-0.1005953147620735,-0.2731979873871103,-0.0027912237731412,0.3112798264642085,Information Technology,45.0,4.0,19,7.13041871505947,1136.6,926.8,8.70171233175368,7.71498978557985,8.64379059943783,7.6577552711348655
GLW,2000Q1,2000,Q1,1,0,0,0,1381.7,675.0,676.0,435.0,200.0,365.0,240.0,131.8,77.0,110.1,187.1,9014.3,4889.2,6012.2,2240.7,0.079684446696099,0.1447492219729318,0.4885286241586451,0.1736990663675182,0.0557284504595787,101.7,96.5,84.8,79.6,80.1,71.6,75.1,67.1,75.3,70.8,53.5,51.1,0.0814642742710669,0.0849023403132148,0.0831372549019607,0.0892176642008518,0.0864264134656883,0.0789851075565361,0.0877438953148732,0.0844237544036235,0.0700204575041844,0.0682212372326074,0.051886334982058,0.054051195261265,0.5486438018381528,-0.1675675675675675,0.4124293785310735,0.3831658291457287,0.5063970284770944,0.7057569296375268,0.0154083204930661,0.2776412776412775,0.3140604467805519,0.2900355871886122,-0.1068534755997544,-0.1514766370285819,-0.0879572327383485,0.1014520754307024,-0.4624765027023114,0.0871586287042416,Information Technology,45.0,1.0,20,7.231793388394572,1248.4,892.2,9.106678412953938,8.494988481428045,8.70171233175368,7.71498978557985
GLW,2000Q2,2000,Q2,0,1,0,0,1802.5,746.0,1030.0,478.0,258.0,317.0,268.0,254.0,149.0,120.1,269.1,11933.9,7614.9,9014.3,4889.2,0.066629680998613,0.143134535367545,0.413869625520111,0.1486823855755894,0.0826629680998613,110.1,101.7,96.5,84.8,79.6,80.1,71.6,75.1,67.1,75.3,70.8,53.5,0.079684446696099,0.0814642742710669,0.0849023403132148,0.0831372549019607,0.0892176642008518,0.0864264134656883,0.0789851075565361,0.0877438953148732,0.0844237544036235,0.0700204575041844,0.0682212372326074,0.051886334982058,0.767156862745098,0.1374045801526717,0.3923105636431505,0.4162735849056604,0.0841313269493844,0.4083026799789804,0.3857064920894708,0.7019167217448776,0.5935762816553427,0.3835021707670043,-0.1985580823280035,-0.0982259044169487,-0.2121182940826554,-0.2030686637566934,-0.3563646758636752,0.2469879518072288,Information Technology,45.0,2.0,21,7.497484500343593,1381.7,1020.0,9.387222160019773,8.937993446132898,9.106678412953938,8.494988481428045
GLW,2000Q3,2000,Q3,0,0,1,0,1944.0,804.0,1112.0,479.0,256.0,407.0,325.0,365.3,254.0,141.1,395.1,12188.1,7861.1,11933.9,7614.9,0.0725823045267489,0.1316872427983539,0.4135802469135802,0.1671810699588477,0.1306584362139917,120.1,110.1,101.7,96.5,84.8,79.6,80.1,71.6,75.1,67.1,75.3,70.8,0.066629680998613,0.079684446696099,0.0814642742710669,0.0849023403132148,0.0831372549019607,0.0892176642008518,0.0864264134656883,0.0789851075565361,0.0877438953148732,0.0844237544036235,0.0700204575041844,0.0682212372326074,0.7103642442371989,0.7899929527836504,0.3917258092435518,0.4621761658031087,0.3305001634521085,0.5662650602409638,0.8486842105263159,0.6442407215732664,0.4883720930232558,0.2938951917882226,-0.1451083178745817,-0.1297923246243658,-0.1862985829288986,-0.0842505825772225,0.0465565792869839,0.6572986577181208,Information Technology,45.0,3.0,22,7.573017256052546,1802.5,1136.6,9.40829738874065,8.969809025310735,9.387222160019773,8.937993446132898
GLW,2000Q4,2000,Q4,0,0,0,1,2151.6,1094.1,1057.5,501.0,333.4,592.0,593.1,33.8,-56.7,168.7,112.0,17526.0,10642.0,12188.1,7861.1,0.0784067670570738,0.1549544525004647,0.508505298382599,0.2756553262688232,-0.0263524818739542,141.1,120.1,110.1,101.7,96.5,84.8,79.6,80.1,71.6,75.1,67.1,75.3,0.0725823045267489,0.066629680998613,0.079684446696099,0.0814642742710669,0.0849023403132148,0.0831372549019607,0.0892176642008518,0.0864264134656883,0.0789851075565361,0.0877438953148732,0.0844237544036235,0.0700204575041844,0.723486062159564,-1.404710920770878,1.0851915380217263,0.6588003933136675,1.3784652470871834,2.97520107238606,-0.8234986945169713,0.4612408456542765,0.9149913842619184,0.3342210386151798,-0.0375318781312591,0.1111150976541082,0.2098685239200237,1.30648866832439,-1.2348211161416454,-0.5368072787427627,Information Technology,45.0,4.0,23,7.674431692830198,1944.0,1248.4,9.771497828073176,9.272657678041044,9.40829738874065,8.969809025310735
GLW,2001Q1,2001,Q1,1,0,0,0,1921.0,964.0,957.0,734.0,261.0,541.0,230.0,240.0,132.0,162.0,294.0,17173.0,10759.0,17526.0,10642.0,0.0843310775637688,0.1358667360749609,0.5018219677251432,0.1197293076522644,0.0687142113482561,168.7,141.1,120.1,110.1,101.7,96.5,84.8,79.6,80.1,71.6,75.1,67.1,0.0784067670570738,0.0725823045267489,0.066629680998613,0.079684446696099,0.0814642742710669,0.0849023403132148,0.0831372549019607,0.0892176642008518,0.0864264134656883,0.0789851075565361,0.0877438953148732,0.0844237544036235,0.3903162770500108,0.7142857142857142,0.4281481481481481,0.4713896457765667,0.4821917808219178,-0.0416666666666666,0.8209408194233685,0.415680473372781,0.3049999999999999,0.6873563218390804,0.0583128961840095,-0.0613646538261321,0.0272109819345636,-0.3107083984036093,0.2330185171413699,0.5713522180652058,Information Technology,45.0,1.0,24,7.561121589530238,2151.6,1381.7,9.75115189123243,9.283590833715776,9.771497828073176,9.272657678041044
GLW,2001Q2,2001,Q2,0,1,0,0,1868.0,536.0,1332.0,5372.0,271.0,96.0,-4836.0,-4871.0,-4755.0,169.0,-4586.0,12651.0,5937.0,17173.0,10759.0,0.0904710920770878,0.1450749464668094,0.2869379014989293,-2.588865096359743,-2.5455032119914347,162.0,168.7,141.1,120.1,110.1,101.7,96.5,84.8,79.6,80.1,71.6,75.1,0.0843310775637688,0.0784067670570738,0.0725823045267489,0.066629680998613,0.079684446696099,0.0814642742710669,0.0849023403132148,0.0831372549019607,0.0892176642008518,0.0864264134656883,0.0789851075565361,0.0877438953148732,0.0363384188626907,-32.91275167785235,-0.2815013404825737,0.4071606994171524,-0.6971608832807571,-19.044776119402982,-20.177165354330707,0.2932038834951456,0.0503875968992248,10.238493723849372,0.357819679175277,0.013556554288465,-0.3066949497964878,-18.41204976189715,-31.793755299426586,-18.04199182460052,Information Technology,45.0,2.0,25,7.533158807455563,1921.0,1802.5,9.445570584425539,8.689127655323706,9.75115189123243,9.283590833715776
GLW,2001Q3,2001,Q3,0,0,1,0,1509.0,515.0,994.0,807.0,267.0,95.0,-292.0,-320.0,-220.0,153.0,-67.0,12684.0,6031.0,12651.0,5937.0,0.1013916500994035,0.1769383697813121,0.3412856196156395,-0.1935056328694499,-0.145791915175613,169.0,162.0,168.7,141.1,120.1,110.1,101.7,96.5,84.8,79.6,80.1,71.6,0.0904710920770878,0.0843310775637688,0.0784067670570738,0.0725823045267489,0.066629680998613,0.079684446696099,0.0814642742710669,0.0849023403132148,0.0831372549019607,0.0892176642008518,0.0864264134656883,0.0789851075565361,-0.2237654320987654,-1.8661417322834648,-0.3594527363184079,0.0843373493975903,-0.7665847665847666,-1.8984615384615384,-1.875992335067068,-0.106115107913669,0.04296875,0.6847599164926932,0.3969196866990827,0.343625745526839,-0.1748019346606925,-2.1574613855329563,-2.1158247366196523,-1.169577322196912,Information Technology,45.0,3.0,26,7.31986492980897,1868.0,1944.0,9.448175472033382,8.704833909687792,9.445570584425539,8.689127655323706
GLW,2001Q4,2001,Q4,0,0,0,1,974.0,32.0,942.0,1134.0,298.0,-248.0,-1102.0,-1131.0,-655.0,147.0,-508.0,12793.0,5414.0,12684.0,6031.0,0.150924024640657,0.3059548254620123,0.0328542094455852,-1.1314168377823408,-0.6724845995893224,153.0,169.0,162.0,168.7,141.1,120.1,110.1,101.7,96.5,84.8,79.6,80.1,0.1013916500994035,0.0904710920770878,0.0843310775637688,0.0784067670570738,0.0725823045267489,0.066629680998613,0.079684446696099,0.0814642742710669,0.0849023403132148,0.0831372549019607,0.0892176642008518,0.0864264134656883,-0.5473136270682283,10.552028218694884,-0.9707522164335984,-0.1286307053941908,-1.4189189189189189,-2.858034058337548,-34.46153846153847,-0.1092198581560284,-0.1061787642471505,1.2634730538922154,0.9248851891928735,0.9744823109300108,-0.9353906251319613,-5.104462094372761,24.51883358864878,-5.535714285714287,Information Technology,45.0,4.0,27,6.882437470997847,1509.0,2151.6,9.456731590010083,8.596928159435091,9.448175472033382,8.704833909687792
GLW,2002Q1,2002,Q1,1,0,0,0,898.0,204.0,694.0,329.0,190.0,49.0,-125.0,-168.0,-90.0,128.0,38.0,12288.0,5315.0,12793.0,5414.0,0.1425389755011135,0.2115812917594654,0.2271714922048997,-0.1391982182628062,-0.1002227171492204,147.0,153.0,169.0,162.0,168.7,141.1,120.1,110.1,101.7,96.5,84.8,79.6,0.150924024640657,0.1013916500994035,0.0904710920770878,0.0843310775637688,0.0784067670570738,0.0725823045267489,0.066629680998613,0.079684446696099,0.0814642742710669,0.0849023403132148,0.0831372549019607,0.0892176642008518,-0.5325351379489849,-1.6818181818181817,-0.7883817427385892,-0.2098765432098766,-0.909426987060998,-1.5434782608695652,-1.7,-0.2748171368861024,-0.2720306513409961,-0.5517711171662125,0.6902306909730813,0.5572707336012763,-0.54730660111451,-2.1626077273167423,-2.458544239724641,-0.8707482993197279,Information Technology,45.0,1.0,28,6.80128303447162,974.0,1921.0,9.416459832284596,8.578476419833136,9.456731590010083,8.596928159435091
GLW,2002Q2,2002,Q2,0,1,0,0,896.0,214.0,682.0,827.0,190.0,58.0,-613.0,-579.0,-370.0,132.0,-238.0,11886.0,5075.0,12288.0,5315.0,0.1473214285714285,0.2120535714285714,0.2388392857142857,-0.6841517857142857,-0.4129464285714285,128.0,147.0,153.0,169.0,162.0,168.7,141.1,120.1,110.1,101.7,96.5,84.8,0.1425389755011135,0.150924024640657,0.1013916500994035,0.0904710920770878,0.0843310775637688,0.0784067670570738,0.0725823045267489,0.066629680998613,0.079684446696099,0.0814642742710669,0.0849023403132148,0.0831372549019607,-0.5203426124197001,-0.922187171398528,-0.6007462686567164,-0.2189349112426035,-0.3958333333333333,-0.8732423490488006,-0.8811332375282283,-0.487987987987988,-0.2988929889298892,-0.8460536113179449,0.6283812341504649,0.4616829204006325,-0.1676272654584221,-0.7357329330615621,-0.8377741475138951,-0.948102921936328,Information Technology,45.0,2.0,29,6.799055862058796,898.0,1868.0,9.383200644980624,8.532278828834277,9.416459832284596,8.578476419833136
GLW,2002Q3,2002,Q3,0,0,1,0,837.0,129.0,633.0,406.0,157.0,1.0,-246.0,-259.0,-133.0,115.0,-18.0,12182.0,5397.0,11886.0,5075.0,0.1373954599761051,0.1875746714456392,0.1541218637992831,-0.2939068100358423,-0.1589008363201911,132.0,128.0,147.0,153.0,169.0,162.0,168.7,141.1,120.1,110.1,101.7,96.5,0.1473214285714285,0.1425389755011135,0.150924024640657,0.1013916500994035,0.0904710920770878,0.0843310775637688,0.0784067670570738,0.0725823045267489,0.066629680998613,0.079684446696099,0.0814642742710669,0.0849023403132148,-0.4453280318091451,-0.3954545454545455,-0.7495145631067961,-0.2483660130718954,-0.9894736842105264,-0.1575342465753424,-0.190625,-0.3631790744466801,-0.4119850187265917,-0.4969021065675341,0.3550963993721741,0.0601130307545674,-0.5484079757803528,0.5188540285756371,0.0899152818507658,-0.7313432835820896,Information Technology,45.0,3.0,30,6.731018100482083,896.0,1509.0,9.407796816354407,8.59378379357795,9.383200644980624,8.532278828834277
GLW,2002Q4,2002,Q4,0,0,0,1,533.0,21.0,512.0,1757.0,178.0,-136.0,-1736.0,-1714.0,-709.0,108.0,-601.0,11548.0,4691.0,12182.0,5397.0,0.16455395133267978,0.3339587242026266,0.0393996247654784,-3.2570356472795496,-1.3302063789868668,115.0,132.0,128.0,147.0,153.0,169.0,162.0,168.7,141.1,120.1,110.1,101.7,0.1373954599761051,0.1473214285714285,0.1425389755011135,0.150924024640657,0.1013916500994035,0.0904710920770878,0.0843310775637688,0.0784067670570738,0.0725823045267489,0.066629680998613,0.079684446696099,0.0814642742710669,-0.4527720739219713,0.082442748091603,-0.34375,-0.2653061224489795,-0.4516129032258065,0.5753176043557169,0.5154730327144119,-0.4564755838641189,-0.4026845637583892,0.5493827160493827,0.342573802504116,0.0915295213871085,0.1992260787992494,1.8787229768151372,0.9780473482949744,0.1830708661417321,Information Technology,45.0,4.0,31,6.280395838960195,837.0,974.0,9.354354132115088,8.453614209773367,9.407796816354407,8.59378379357795
GLW,2003Q1,2003,Q1,1,0,0,0,746.0,200.0,546.0,305.0,152.0,73.0,-105.0,-445.0,-205.0,93.0,-112.0,10997.0,4588.0,11548.0,4691.0,0.1246648793565683,0.2037533512064343,0.2680965147453083,-0.1407506702412868,-0.274798927613941,108.0,115.0,132.0,128.0,147.0,153.0,169.0,162.0,168.7,141.1,120.1,110.1,0.16455395133267978,0.1373954599761051,0.1473214285714285,0.1425389755011135,0.150924024640657,0.1013916500994035,0.0904710920770878,0.0843310775637688,0.0784067670570738,0.0725823045267489,0.066629680998613,0.079684446696099,-0.1692650334075723,1.2777777777777777,-0.0196078431372549,-0.2734375,0.489795918367347,-0.16,1.6488095238095235,-0.2132564841498558,-0.1999999999999999,-0.0729483282674772,-0.1253979557640749,-0.0369973190348524,0.1801503443200338,0.0111528150134048,1.741882633303545,-3.947368421052632,Information Technology,45.0,1.0,32,6.616065185132817,533.0,898.0,9.30546871706776,8.431417414394833,9.354354132115088,8.453614209773367
GLW,2003Q2,2003,Q2,0,1,0,0,752.0,181.0,571.0,291.0,148.0,80.0,-110.0,-149.0,-22.0,85.0,63.0,10869.0,4831.0,10997.0,4588.0,0.113031914893617,0.1968085106382978,0.2406914893617021,-0.1462765957446808,-0.0292553191489361,93.0,108.0,115.0,132.0,128.0,147.0,153.0,169.0,162.0,168.7,141.1,120.1,0.1246648793565683,0.16455395133267978,0.1373954599761051,0.1473214285714285,0.1425389755011135,0.150924024640657,0.1013916500994035,0.0904710920770878,0.0843310775637688,0.0784067670570738,0.0725823045267489,0.066629680998613,-0.1607142857142857,-0.9405405405405404,-0.1542056074766354,-0.3560606060606061,0.3793103448275863,-0.8205546492659054,-0.7426597582037997,-0.1627565982404691,-0.2210526315789474,-0.6481257557436517,-0.2327530625402966,-0.0718924972004478,0.0077550208789023,-0.7861927735934191,-0.9291546866014952,-1.2647058823529411,Information Technology,45.0,2.0,33,6.6240652277998935,746.0,896.0,9.293761980115255,8.48301573961465,9.30546871706776,8.431417414394833
GLW,2003Q3,2003,Q3,0,0,1,0,772.0,226.0,546.0,227.0,147.0,112.0,-1.0,-74.0,33.0,80.0,113.0,10814.0,5282.0,10869.0,4831.0,0.1036269430051813,0.1904145077720207,0.2927461139896373,-0.0012953367875647,0.0427461139896373,85.0,93.0,108.0,115.0,132.0,128.0,147.0,153.0,169.0,162.0,168.7,141.1,0.113031914893617,0.1246648793565683,0.16455395133267978,0.1373954599761051,0.1473214285714285,0.1425389755011135,0.150924024640657,0.1013916500994035,0.0904710920770878,0.0843310775637688,0.0784067670570738,0.0725823045267489,-0.0776583034647551,-1.2481203007518795,0.751937984496124,-0.3043478260869565,111.0,-0.9959349593495936,-0.7142857142857143,-0.1374407582938388,-0.0636942675159235,-0.4408866995073891,-0.2457760756927236,0.0151397643642123,0.8994457163513674,-0.9955926955642612,-1.26901125871674,-7.277777777777778,Information Technology,45.0,3.0,34,6.650279048587422,752.0,837.0,9.28868933838716,8.572249397164315,9.293761980115255,8.48301573961465
GLW,2003Q4,2003,Q4,0,0,0,1,820.0,242.0,578.0,681.0,152.0,-292.0,-439.0,-91.0,-29.0,86.0,57.0,10752.0,5464.0,10814.0,5282.0,0.1048780487804878,0.1853658536585365,0.2951219512195122,-0.5353658536585366,-0.0353658536585365,80.0,85.0,93.0,108.0,115.0,132.0,128.0,147.0,153.0,169.0,162.0,168.7,0.1036269430051813,0.113031914893617,0.1246648793565683,0.16455395133267978,0.1373954599761051,0.1473214285714285,0.1425389755011135,0.150924024640657,0.1013916500994035,0.0904710920770878,0.0843310775637688,0.0784067670570738,0.5384615384615385,-0.9590973201692524,10.523809523809524,-0.2037037037037037,1.1470588235294117,-0.7471198156682028,-0.9469078179696616,0.12890625,-0.1460674157303371,-0.6124075128059192,-0.4824074074074074,-0.4449438202247191,6.49047619047619,-0.8356278801843318,-0.973413258110014,-1.0948419301164725,Information Technology,45.0,4.0,35,6.710523109452428,772.0,533.0,9.282940064390527,8.60611940061064,9.28868933838716,8.572249397164315
GLW,2004Q1,2004,Q1,1,0,0,0,844.0,300.0,544.0,307.0,160.0,157.0,-7.0,-64.0,55.0,84.0,139.0,11073.0,5770.0,10752.0,5464.0,0.0995260663507109,0.1895734597156398,0.3554502369668246,-0.0082938388625592,0.0651658767772511,86.0,80.0,85.0,93.0,108.0,115.0,132.0,128.0,147.0,153.0,169.0,162.0,0.1048780487804878,0.1036269430051813,0.113031914893617,0.1246648793565683,0.16470618821878605,0.1373954599761051,0.1473214285714285,0.1425389755011135,0.150924024640657,0.1013916500994035,0.0904710920770878,0.0843310775637688,0.1313672922252011,-1.2682926829268293,0.5,-0.0967741935483871,1.1506849315068497,-0.9333333333333332,-0.8561797752808988,-0.0036630036630036,0.0526315789473683,0.0065573770491802,-0.2016511236813942,-0.0695934148166625,0.3258293838862558,-0.9410742496050551,-1.2371402150040458,-2.241071428571429,Information Technology,45.0,1.0,36,6.739336627357174,820.0,746.0,9.312355297382913,8.660600654710967,9.282940064390527,8.60611940061064
GLW,2004Q2,2004,Q2,0,1,0,0,971.0,346.0,625.0,273.0,166.0,168.0,73.0,36.0,108.0,85.0,193.0,11249.0,6002.0,11073.0,5770.0,0.0875386199794026,0.1709577754891864,0.3563336766220391,0.0751802265705458,0.1112255406797116,84.0,86.0,80.0,85.0,93.0,108.0,115.0,132.0,128.0,147.0,153.0,169.0,0.0995260663507109,0.1048780487804878,0.1036269430051813,0.113031914893617,0.1246648793565683,0.16485842510489254,0.1373954599761051,0.1473214285714285,0.1425389755011135,0.150924024640657,0.1013916500994035,0.0904710920770878,0.2912234042553192,-5.909090909090909,0.9116022099447514,0.0,1.1,-1.6636363636363636,-1.2416107382550337,0.0945709281961471,0.1216216216216217,-0.0618556701030927,-0.2255406797116375,-0.1313496812981881,0.4804581481755439,-1.5139593671004588,-4.801891208688325,2.063492063492064,Information Technology,45.0,2.0,37,6.879355804460439,844.0,752.0,9.328123407632566,8.700014623251842,9.312355297382913,8.660600654710967
GLW,2004Q3,2004,Q3,0,0,1,0,1006.0,404.0,602.0,1994.0,153.0,332.0,-1590.0,-1619.0,-2491.0,88.0,-2403.0,8869.0,3568.0,11249.0,6002.0,0.0874751491053678,0.1520874751491053,0.4015904572564612,-1.58051689860835,-2.4761431411530817,85.0,84.0,86.0,80.0,85.0,93.0,108.0,115.0,132.0,128.0,147.0,153.0,0.0875386199794026,0.0995260663507109,0.1048780487804878,0.1036269430051813,0.113031914893617,0.1246648793565683,0.165010661990999,0.1373954599761051,0.1473214285714285,0.1425389755011135,0.150924024640657,0.1013916500994035,0.3031088082901554,-76.48484848484848,0.7876106194690264,0.1,1.9642857142857144,1589.0,20.87837837837838,0.1025641025641026,0.0408163265306122,7.784140969162996,-0.1558648111332007,-0.201282103298576,0.3718045708052571,1219.159045725646,-58.92674257485391,-22.26548672566372,Information Technology,45.0,3.0,38,6.914730892718563,971.0,772.0,9.090430075303626,8.18004072349016,9.328123407632566,8.700014623251842
GLW,2004Q4,2004,Q4,0,0,0,1,1033.0,365.0,668.0,294.0,174.0,202.0,71.0,67.0,163.0,98.0,261.0,9710.0,3816.0,8869.0,3568.0,0.0948693126815101,0.1684414327202323,0.3533397870280735,0.068731848983543,0.1577928363988383,88.0,85.0,84.0,86.0,80.0,85.0,93.0,108.0,115.0,132.0,128.0,147.0,0.0874751491053678,0.0875386199794026,0.0995260663507109,0.1048780487804878,0.1036269430051813,0.113031914893617,0.1246648793565683,0.16516289887710528,0.1373954599761051,0.1473214285714285,0.1425389755011135,0.150924024640657,0.2597560975609756,-6.620689655172414,0.5082644628099173,0.1395348837209302,-1.691780821917808,-1.1617312072892938,-1.7362637362637363,0.1557093425605535,0.144736842105263,-0.5682819383259912,-0.0954321348972285,-0.0913027971671677,0.1972670469546293,-1.1283829525432922,-5.461728477484395,3.578947368421052,Information Technology,45.0,4.0,39,6.9411900550683745,1006.0,820.0,9.181014542594355,8.247220052745229,9.090430075303626,8.18004072349016
GLW,2005Q1,2005,Q1,1,0,0,0,1050.0,429.0,621.0,294.0,184.0,279.0,135.0,101.0,250.0,98.0,348.0,9633.0,4188.0,9710.0,3816.0,0.0933333333333333,0.1752380952380952,0.4085714285714286,0.1285714285714285,0.238095238095238,98.0,88.0,85.0,84.0,86.0,80.0,85.0,93.0,108.0,115.0,132.0,128.0,0.0948693126815101,0.0874751491053678,0.0875386199794026,0.0995260663507109,0.1048780487804878,0.1036269430051813,0.113031914893617,0.1246648793565683,0.16531513576321177,0.1373954599761051,0.1473214285714285,0.1425389755011135,0.2440758293838862,3.545454545454546,0.4299999999999999,0.1666666666666667,0.7770700636942676,-20.285714285714285,-2.578125,0.1415441176470588,0.1499999999999999,-0.0423452768729641,-0.0622222222222221,-0.0756190476190474,0.149447619047619,-16.502040816326527,2.653679653679653,1.5035971223021585,Information Technology,45.0,1.0,40,6.957497370876951,1033.0,844.0,9.173053787190167,8.340217320947035,9.181014542594355,8.247220052745229
GLW,2005Q2,2005,Q2,0,1,0,0,1141.0,483.0,658.0,434.0,191.0,177.0,49.0,42.0,165.0,104.0,269.0,10397.0,4863.0,9633.0,4188.0,0.0911481156879929,0.1673970201577563,0.4233128834355828,0.0429447852760736,0.1446099912357581,98.0,98.0,88.0,85.0,84.0,86.0,80.0,85.0,93.0,108.0,115.0,132.0,0.0933333333333333,0.0948693126815101,0.0874751491053678,0.0875386199794026,0.0995260663507109,0.1048780487804878,0.1036269430051813,0.113031914893617,0.1246648793565683,0.16546737264931824,0.1373954599761051,0.1473214285714285,0.1750772399588054,0.5277777777777777,0.3959537572254334,0.2235294117647059,0.0535714285714286,-0.3287671232876712,0.1666666666666667,0.0527999999999999,0.1506024096385543,0.5897435897435896,0.0412331803887198,-0.0208282736555336,0.1879676584276037,-0.4287755273552399,0.3001509397214918,0.3937823834196892,Information Technology,45.0,2.0,41,7.040536390215956,1050.0,971.0,9.24936875894366,8.489616423646003,9.173053787190167,8.340217320947035
GLW,2005Q3,2005,Q3,0,0,1,0,1188.0,545.0,643.0,395.0,178.0,308.0,150.0,131.0,203.0,118.0,321.0,10883.0,5226.0,10397.0,4863.0,0.0993265993265993,0.1498316498316498,0.4587542087542087,0.1262626262626262,0.1708754208754208,104.0,98.0,98.0,88.0,85.0,84.0,86.0,80.0,85.0,93.0,108.0,115.0,0.0911481156879929,0.0933333333333333,0.0948693126815101,0.0874751491053678,0.0875386199794026,0.0995260663507109,0.1048780487804878,0.1036269430051813,0.113031914893617,0.1246648793565683,0.1656196095354245,0.1373954599761051,0.1809145129224652,-1.081493376154155,0.3490099009900991,0.3409090909090908,-0.072289156626506,-1.0943396226415094,-1.0809141445336627,0.0681063122923588,0.1633986928104576,-0.8019057171514543,0.1354836241199877,-0.0148324200611781,0.1423434010067672,-1.079886919509561,-1.0690087006827271,-1.1335830212234708,Information Technology,45.0,3.0,42,7.080867896690782,1141.0,1006.0,9.295049099903137,8.561592778712923,9.24936875894366,8.489616423646003
GLW,2005Q4,2005,Q4,0,0,0,1,1200.0,527.0,673.0,252.0,203.0,319.0,275.0,268.0,-32.0,123.0,91.0,11175.0,5609.0,10883.0,5226.0,0.1025,0.1691666666666666,0.4391666666666666,0.2291666666666666,-0.0266666666666666,118.0,104.0,98.0,98.0,88.0,85.0,84.0,86.0,80.0,85.0,93.0,108.0,0.0993265993265993,0.0911481156879929,0.0933333333333333,0.0948693126815101,0.0874751491053678,0.0875386199794026,0.0995260663507109,0.1048780487804878,0.1036269430051813,0.113031914893617,0.1246648793565683,0.165771846421531,0.1616650532429815,-1.196319018404908,0.4438356164383561,0.2551020408163265,0.5792079207920793,2.8732394366197185,3.0,0.0074850299401196,0.1666666666666667,-0.1428571428571429,0.0804336734693877,0.0043055555555555,0.2429018264840183,2.334213615023474,-1.168997955010225,-0.6513409961685823,Information Technology,45.0,4.0,43,7.0909098220799835,1188.0,1033.0,9.321523900936798,8.632305998516742,9.295049099903137,8.561592778712923
GLW,2006Q1,2006,Q1,1,0,0,0,1262.0,573.0,689.0,541.0,223.0,182.0,32.0,56.0,257.0,124.0,381.0,11757.0,6040.0,11175.0,5609.0,0.098256735340729,0.1767036450079239,0.4540412044374009,0.0253565768621236,0.2036450079239302,123.0,118.0,104.0,98.0,98.0,88.0,85.0,84.0,86.0,80.0,85.0,93.0,0.1025,0.0993265993265993,0.0911481156879929,0.0933333333333333,0.0948693126815101,0.0874751491053678,0.0875386199794026,0.0995260663507109,0.1048780487804878,0.1036269430051813,0.113031914893617,0.1246648793565683,0.2019047619047618,0.028,0.3356643356643356,0.2653061224489796,-0.3476702508960573,-0.762962962962963,-0.4455445544554455,0.1095008051529791,0.2119565217391303,0.8401360544217686,0.0527507357935248,0.0083631916213049,0.1112896612104217,-0.8027821799612608,-0.1446909667194927,0.0948275862068965,Information Technology,45.0,1.0,44,7.141245122350491,1200.0,1050.0,9.3722891389622,8.706324840138741,9.321523900936798,8.632305998516742
GLW,2006Q2,2006,Q2,0,1,0,0,1261.0,541.0,720.0,269.0,194.0,429.0,272.0,283.0,514.0,128.0,642.0,12199.0,6684.0,11757.0,6040.0,0.1015067406819984,0.1538461538461538,0.4290245836637589,0.2157018239492466,0.4076130055511499,124.0,123.0,118.0,104.0,98.0,98.0,88.0,85.0,84.0,86.0,80.0,85.0,0.098256735340729,0.1025,0.0993265993265993,0.0911481156879929,0.0933333333333333,0.0948693126815101,0.0874751491053678,0.0875386199794026,0.0995260663507109,0.1048780487804878,0.1036269430051813,0.113031914893617,0.1051709027169149,2.1151515151515152,0.1200828157349895,0.2307692307692308,1.4237288135593222,4.551020408163265,5.738095238095238,0.0942249240121579,0.0157068062827225,-0.380184331797235,0.113646068443848,-0.0809504631494159,0.0134928570607637,4.0227710433896,1.8187056929324967,1.3866171003717471,Information Technology,45.0,2.0,45,7.140453043101158,1262.0,1141.0,9.409191230721348,8.807621489536043,9.3722891389622,8.706324840138741
GLW,2006Q3,2006,Q3,0,0,1,0,1282.0,566.0,716.0,362.0,218.0,348.0,204.0,245.0,438.0,127.0,565.0,12847.0,7188.0,12199.0,6684.0,0.0990639625585023,0.1700468018720748,0.4414976599063963,0.1591263650546021,0.3416536661466459,128.0,124.0,123.0,118.0,104.0,98.0,98.0,88.0,85.0,84.0,86.0,80.0,0.1015067406819984,0.098256735340729,0.1025,0.0993265993265993,0.0911481156879929,0.0933333333333333,0.0948693126815101,0.0874751491053678,0.0875386199794026,0.0995260663507109,0.1048780487804878,0.1036269430051813,0.0791245791245791,1.1576354679802954,0.038532110091743,0.0762711864406779,0.1298701298701299,0.3600000000000001,0.8702290076335877,0.1135303265940901,0.2247191011235956,-0.0835443037974683,-0.0026441735635527,0.1349191046293536,-0.037616110148993,0.260280811232449,0.9994313073015532,0.7601246105919004,Information Technology,45.0,3.0,46,7.1569563646156364,1261.0,1188.0,9.460943436186543,8.880307358983872,9.409191230721348,8.807621489536043
GLW,2006Q4,2006,Q4,0,0,0,1,1369.0,603.0,766.0,265.0,222.0,484.0,338.0,377.0,646.0,138.0,784.0,13065.0,7246.0,12847.0,7188.0,0.1008035062089116,0.1621621621621621,0.4404674945215486,0.2468955441928415,0.4718772826880935,127.0,128.0,124.0,123.0,118.0,104.0,98.0,98.0,88.0,85.0,84.0,86.0,0.0990639625585023,0.1015067406819984,0.098256735340729,0.1025,0.0993265993265993,0.0911481156879929,0.0933333333333333,0.0948693126815101,0.0874751491053678,0.0875386199794026,0.0995260663507109,0.1048780487804878,0.1408333333333333,-21.1875,0.1442125237191651,0.1219512195121952,0.5172413793103448,0.229090909090909,0.4067164179104476,0.138187221396731,0.0935960591133004,0.0515873015873016,-0.0165511589374476,-0.041405937957662,0.0029620368612113,0.0773623746596718,-18.695398100803505,7.615384615384615,Information Technology,45.0,4.0,47,7.222566018822171,1282.0,1200.0,9.477768715400696,8.888342869109282,9.460943436186543,8.880307358983872
GLW,2007Q1,2007,Q1,1,0,0,0,1307.0,591.0,716.0,457.0,214.0,287.0,134.0,167.0,327.0,130.0,457.0,13161.0,7644.0,13065.0,7246.0,0.0994644223412394,0.1637337413925019,0.4521805661820964,0.1025248661055853,0.2501912777352716,138.0,127.0,128.0,124.0,123.0,118.0,104.0,98.0,98.0,88.0,85.0,84.0,0.1008035062089116,0.0990639625585023,0.1015067406819984,0.098256735340729,0.1025,0.0993265993265993,0.0911481156879929,0.0933333333333333,0.0948693126815101,0.0874751491053678,0.0875386199794026,0.0995260663507109,0.0356576862123614,0.272373540856031,0.0314136125654449,0.0483870967741935,0.5769230769230769,3.1875,1.9821428571428568,0.0391872278664731,-0.0403587443946188,-0.155268022181146,0.0122911370535825,-0.0733991854827919,-0.0040979502237248,3.0433244070390204,0.228565729579427,0.1994750656167978,Information Technology,45.0,1.0,48,7.176254532017144,1369.0,1262.0,9.485089169016064,8.941807118363164,9.477768715400696,8.888342869109282
GLW,2007Q2,2007,Q2,0,1,0,0,1418.0,659.0,759.0,442.0,229.0,366.0,217.0,289.0,489.0,137.0,626.0,13540.0,8166.0,13161.0,7644.0,0.0966149506346967,0.1614950634696756,0.4647390691114245,0.1530324400564175,0.344851904090268,130.0,138.0,127.0,128.0,124.0,123.0,118.0,104.0,98.0,98.0,88.0,85.0,0.0994644223412394,0.1008035062089116,0.0990639625585023,0.1015067406819984,0.098256735340729,0.1025,0.0993265993265993,0.0911481156879929,0.0933333333333333,0.0948693126815101,0.0874751491053678,0.0875386199794026,0.1245043616177636,-0.0486381322957198,0.2181146025878004,0.0703125,-0.1468531468531468,-0.2022058823529411,0.0212014134275617,0.0541666666666666,0.1804123711340206,0.6431226765799256,-0.0481917753878702,0.0497179125528912,0.0832457784648916,-0.2905371069443292,-0.1539722742065603,-0.0249221183800623,Information Technology,45.0,2.0,49,7.257707677160043,1307.0,1261.0,9.513477398982824,9.007856923358275,9.485089169016064,8.941807118363164
GLW,2007Q3,2007,Q3,0,0,1,0,1553.0,742.0,811.0,343.0,212.0,548.0,399.0,445.0,617.0,145.0,762.0,14273.0,8798.0,13540.0,8166.0,0.0933676754668383,0.1365099806825499,0.4777849323889246,0.2569220862846104,0.3972955569864778,137.0,130.0,138.0,127.0,128.0,124.0,123.0,118.0,104.0,98.0,98.0,88.0,0.0966149506346967,0.0994644223412394,0.1008035062089116,0.0990639625585023,0.1015067406819984,0.098256735340729,0.1025,0.0993265993265993,0.0911481156879929,0.0933333333333333,0.0948693126815101,0.0874751491053678,0.2113884555382215,0.408675799086758,0.3109540636042402,0.1417322834645669,0.5747126436781609,0.9558823529411764,0.8163265306122449,0.1326815642458101,-0.0275229357798164,-0.0524861878453039,-0.0575011027678206,-0.1972211227750964,0.0821913132908152,0.6145789932199539,0.162860511544896,0.3486725663716814,Information Technology,45.0,3.0,50,7.348587530927593,1418.0,1282.0,9.566194979531012,9.08239335764556,9.513477398982824,9.007856923358275
GLW,2007Q4,2007,Q4,0,0,0,1,1582.0,757.0,825.0,426.0,257.0,483.0,331.0,390.0,717.0,153.0,870.0,15215.0,9496.0,14273.0,8798.0,0.0967130214917825,0.1624525916561315,0.4785082174462705,0.209228824273072,0.4532237673830594,145.0,137.0,130.0,138.0,127.0,128.0,124.0,123.0,118.0,104.0,98.0,98.0,0.0933676754668383,0.0966149506346967,0.0994644223412394,0.1008035062089116,0.0990639625585023,0.1015067406819984,0.098256735340729,0.1025,0.0993265993265993,0.0911481156879929,0.0933333333333333,0.0948693126815101,0.1555880204528852,0.1099071207430339,0.2553897180762852,0.108695652173913,-0.0020661157024793,-0.0207100591715976,0.0344827586206897,0.077023498694517,0.1576576576576576,0.6075471698113208,-0.0405787940416643,0.0017909818794774,0.0863644273365578,-0.1525613596750423,-0.039530437233114,0.1096938775510203,Information Technology,45.0,4.0,51,7.367077059881012,1553.0,1369.0,9.630102784785171,9.158731238242952,9.566194979531012,9.08239335764556
GLW,2008Q1,2008,Q1,1,0,0,0,1617.0,844.0,773.0,67.0,242.0,1280.0,777.0,790.0,1029.0,151.0,1180.0,16263.0,10740.0,15215.0,9496.0,0.0933828076685219,0.1496598639455782,0.5219542362399505,0.4805194805194805,0.6363636363636364,153.0,145.0,137.0,130.0,138.0,127.0,128.0,124.0,123.0,118.0,104.0,98.0,0.0967130214917825,0.0933676754668383,0.0966149506346967,0.0994644223412394,0.1008035062089116,0.0990639625585023,0.1015067406819984,0.098256735340729,0.1025,0.0993265993265993,0.0911481156879929,0.0933333333333333,0.2371843917368019,2.146788990825688,0.4280879864636209,0.1615384615384616,3.45993031358885,4.798507462686567,3.730538922155689,0.079608938547486,0.1308411214953271,-0.8533916849015317,-0.0611436182864754,-0.085955877678174,0.1543048845441883,3.686857918201202,1.5435084792882958,1.5820568927789935,Information Technology,45.0,1.0,52,7.388946097618437,1582.0,1307.0,9.696709355308183,9.281823473598047,9.630102784785171,9.158731238242952
GLW,2008Q2,2008,Q2,0,1,0,0,1692.0,852.0,840.0,435.0,260.0,1010.0,417.0,463.0,3211.0,163.0,3374.0,19180.0,13681.0,16263.0,10740.0,0.0963356973995271,0.1536643026004728,0.5035460992907801,0.2464539007092198,1.8977541371158395,151.0,153.0,145.0,137.0,130.0,138.0,127.0,128.0,124.0,123.0,118.0,104.0,0.0933828076685219,0.0967130214917825,0.0933676754668383,0.0966149506346967,0.0994644223412394,0.1008035062089116,0.0990639625585023,0.1015067406819984,0.098256735340729,0.1025,0.0993265993265993,0.0911481156879929,0.1932299012693934,5.566462167689162,0.2928679817905917,0.1897810218978102,1.7595628415300548,0.9216589861751152,0.602076124567474,0.1067193675889328,0.1353711790393013,-0.0158371040723982,-0.0028903729012441,-0.0484891655568976,0.0835028358032263,0.610468346569925,4.503098908855337,4.389776357827476,Information Technology,45.0,2.0,53,7.4342573821331355,1617.0,1418.0,9.861675484721689,9.523836379320944,9.696709355308183,9.281823473598047
GLW,2008Q3,2008,Q3,0,0,1,0,1555.0,735.0,820.0,386.0,220.0,898.0,349.0,326.0,768.0,160.0,928.0,18990.0,13428.0,19180.0,13681.0,0.1028938906752411,0.1414790996784566,0.472668810289389,0.2244372990353697,0.4938906752411575,163.0,151.0,153.0,145.0,137.0,130.0,138.0,127.0,128.0,124.0,123.0,118.0,0.0963356973995271,0.0933828076685219,0.0967130214917825,0.0933676754668383,0.0966149506346967,0.0994644223412394,0.1008035062089116,0.0990639625585023,0.1015067406819984,0.098256735340729,0.1025,0.0993265993265993,0.0012878300064391,0.2447325769854134,-0.0094339622641509,0.1034482758620689,0.6386861313868613,-0.12531328320802,-0.2674157303370786,0.0110974106041923,0.0377358490566037,0.1253644314868804,0.1020290497837899,0.0364011405690711,-0.0107080021840684,-0.1264382822006785,0.24313163476421,0.2178477690288713,Information Technology,45.0,3.0,54,7.349873704738337,1692.0,1553.0,9.851720461714246,9.505171826581176,9.861675484721689,9.523836379320944
GLW,2008Q4,2008,Q4,0,0,0,1,1084.0,307.0,777.0,330.0,179.0,247.0,-23.0,-56.0,249.0,153.0,402.0,19256.0,13443.0,18990.0,13428.0,0.1411439114391144,0.1651291512915129,0.283210332103321,-0.0212177121771217,0.2297047970479704,160.0,163.0,151.0,153.0,145.0,137.0,130.0,138.0,127.0,128.0,124.0,123.0,0.1028938906752411,0.0963356973995271,0.0933828076685219,0.0967130214917825,0.0933676754668383,0.0966149506346967,0.0994644223412394,0.1008035062089116,0.0990639625585023,0.1015067406819984,0.098256735340729,0.1025,-0.3147914032869785,-0.6527196652719665,-0.59445178335535,0.0,-0.4886128364389234,-1.0694864048338368,-1.1435897435897435,-0.0581818181818182,-0.3035019455252918,-0.2253521126760563,0.459409594095941,0.0164759429695464,-0.4081390417602987,-1.1014091258737362,-0.4931757476570582,-0.5379310344827586,Information Technology,45.0,4.0,55,6.98933526597456,1555.0,1582.0,9.865629909979887,9.506288188844996,9.851720461714246,9.505171826581176
GLW,2009Q1,2009,Q1,1,0,0,0,989.0,270.0,719.0,530.0,207.0,140.0,-260.0,-52.0,14.0,151.0,165.0,18178.0,12647.0,19256.0,13443.0,0.1526794742163801,0.2093023255813953,0.2730030333670374,-0.2628918099089989,0.0141557128412537,153.0,160.0,163.0,151.0,153.0,145.0,137.0,130.0,138.0,127.0,128.0,124.0,0.1411439114391144,0.1028938906752411,0.0963356973995271,0.0933828076685219,0.0967130214917825,0.0933676754668383,0.0966149506346967,0.0994644223412394,0.1008035062089116,0.0990639625585023,0.1015067406819984,0.098256735340729,-0.3883735312306741,-0.9863945578231292,-0.6800947867298579,0.0,-0.890625,-1.3346203346203347,-1.0658227848101265,-0.0698576972833118,-0.1446280991735536,6.91044776119403,0.6349848331648127,0.3985200845665964,-0.4769598282529627,-1.5470991719727816,-0.9777553083923156,-0.8601694915254238,Information Technology,45.0,1.0,56,6.897704943128636,1084.0,1617.0,9.808022360718061,9.445254378889308,9.865629909979887,9.506288188844996
GLW,2009Q2,2009,Q2,0,1,0,0,1395.0,575.0,820.0,354.0,211.0,813.0,221.0,607.0,611.0,136.0,747.0,19604.0,13803.0,18178.0,12647.0,0.0974910394265233,0.1512544802867383,0.4121863799283154,0.1584229390681003,0.4379928315412186,151.0,153.0,160.0,163.0,151.0,153.0,145.0,137.0,130.0,138.0,127.0,128.0,0.1526794742163801,0.1411439114391144,0.1028938906752411,0.0963356973995271,0.0933828076685219,0.0967130214917825,0.0933676754668383,0.0966149506346967,0.0994644223412394,0.1008035062089116,0.0990639625585023,0.1015067406819984,-0.1755319148936169,-0.8097165991902834,-0.3251173708920187,-0.1656441717791411,-0.195049504950495,-0.4700239808153477,0.3110151187904968,-0.0238095238095238,-0.1884615384615384,-0.1862068965517241,0.0119928755194933,-0.0156823821339949,-0.1814326821141904,-0.3571903767308733,-0.7692046493404727,-0.7786010669828097,Information Technology,45.0,2.0,57,7.241366283322318,989.0,1692.0,9.883539914726432,9.532713684217894,9.808022360718061,9.445254378889308
GLW,2009Q3,2009,Q3,0,0,1,0,1479.0,599.0,880.0,369.0,219.0,929.0,230.0,675.0,643.0,131.0,774.0,20747.0,14967.0,19604.0,13803.0,0.0885733603786342,0.1480730223123732,0.4050033806626099,0.1555104800540906,0.4347532116294794,136.0,151.0,153.0,160.0,163.0,151.0,153.0,145.0,137.0,130.0,138.0,127.0,0.0974910394265233,0.1526794742163801,0.1411439114391144,0.1028938906752411,0.0963356973995271,0.0933828076685219,0.0967130214917825,0.0933676754668383,0.0966149506346967,0.0994644223412394,0.1008035062089116,0.0990639625585023,-0.0488745980707395,-0.1627604166666666,-0.1850340136054421,-0.18125,0.034521158129176,-0.3409742120343839,1.0705521472392636,0.0731707317073171,-0.0045454545454545,-0.0440414507772021,-0.1391776538201488,0.0466070440715471,-0.1431561130199206,-0.3071094656615734,-0.1197379634324994,-0.1659482758620689,Information Technology,45.0,3.0,58,7.299797366758161,1395.0,1555.0,9.940205135471292,9.613669867953925,9.883539914726432,9.532713684217894
GLW,2009Q4,2009,Q4,0,0,0,1,1532.0,649.0,883.0,449.0,244.0,926.0,200.0,704.0,740.0,145.0,885.0,21295.0,15543.0,20747.0,14967.0,0.0946475195822454,0.1592689295039164,0.4236292428198433,0.1305483028720626,0.4830287206266319,131.0,136.0,151.0,153.0,160.0,163.0,151.0,153.0,145.0,137.0,130.0,138.0,0.0885733603786342,0.0974910394265233,0.1526794742163801,0.1411439114391144,0.1028938906752411,0.0963356973995271,0.0933828076685219,0.0967130214917825,0.0933676754668383,0.0966149506346967,0.0994644223412394,0.1008035062089116,0.4132841328413283,1.9718875502008035,1.1140065146579805,-0.0522875816993464,2.748987854251012,-9.695652173913045,-13.571428571428571,0.1364221364221365,0.3631284916201116,0.3606060606060606,-0.3294254168159866,-0.0354887174176233,0.4958113981000331,-7.152798274491997,1.1028238279488711,1.2014925373134329,Information Technology,45.0,4.0,59,7.334981878871814,1479.0,1084.0,9.966274540634894,9.651429991057276,9.940205135471292,9.613669867953925
GLW,2010Q1,2010,Q1,1,0,0,0,1553.0,731.0,822.0,328.0,235.0,1147.0,403.0,913.0,816.0,145.0,961.0,21727.0,16302.0,21295.0,15543.0,0.0933676754668383,0.1513200257566001,0.4707018673535093,0.2594977462974887,0.5254346426271732,145.0,131.0,136.0,151.0,153.0,160.0,163.0,151.0,153.0,145.0,137.0,130.0,0.0946475195822454,0.0885733603786342,0.0974910394265233,0.1526794742163801,0.1411439114391144,0.1028938906752411,0.0963356973995271,0.0933828076685219,0.0967130214917825,0.0933676754668383,0.0966149506346967,0.0994644223412394,0.5702730030333671,57.285714285714285,1.7074074074074073,-0.0397350993377483,7.192857142857143,-2.55,-18.557692307692307,0.1432545201668984,0.1352657004830917,-0.3811320754716981,-0.3884726421410387,-0.2770265436073549,0.7241635067134102,-1.987089504185448,36.1182043970196,4.824242424242424,Information Technology,45.0,1.0,60,7.348587530927593,1532.0,989.0,9.986357030358423,9.699104418939655,9.966274540634894,9.651429991057276
GLW,2010Q2,2010,Q2,0,1,0,0,1712.0,827.0,885.0,397.0,246.0,1178.0,430.0,944.0,913.0,144.0,1057.0,22541.0,16992.0,21727.0,16302.0,0.0841121495327102,0.1436915887850467,0.4830607476635514,0.2511682242990654,0.5332943925233645,145.0,145.0,131.0,136.0,151.0,153.0,160.0,163.0,151.0,153.0,145.0,137.0,0.0933676754668383,0.0946475195822454,0.0885733603786342,0.0974910394265233,0.1526794742163801,0.1411439114391144,0.1028938906752411,0.0963356973995271,0.0933828076685219,0.0967130214917825,0.0933676754668383,0.0966149506346967,0.2272401433691755,0.4942716857610474,0.4382608695652175,0.0588235294117647,0.4489544895448953,0.9457013574660632,0.5551894563426689,0.0792682926829269,0.1658767772511848,0.1214689265536723,-0.1372319956019791,-0.0500011073216104,0.1719473791141812,0.5854283841502093,0.2175870336662742,0.4149933065595717,Information Technology,45.0,2.0,61,7.44600149832412,1553.0,1395.0,10.023135514802023,9.740556773534106,9.986357030358423,9.699104418939655
GLW,2010Q3,2010,Q3,0,0,1,0,1602.0,724.0,878.0,405.0,250.0,1042.0,319.0,799.0,785.0,148.0,933.0,24670.0,18416.0,22541.0,16992.0,0.0923845193508114,0.1560549313358302,0.4519350811485643,0.1991260923845193,0.4900124843945068,144.0,145.0,145.0,131.0,136.0,151.0,153.0,160.0,163.0,151.0,153.0,145.0,0.0841121495327102,0.0933676754668383,0.0946475195822454,0.0885733603786342,0.0974910394265233,0.1526794742163801,0.1411439114391144,0.1028938906752411,0.0963356973995271,0.0933828076685219,0.0967130214917825,0.0933676754668383,0.0831643002028397,0.2208398133748055,0.2086811352253756,0.1297709923664123,0.1216361679224973,0.3869565217391304,0.1837037037037037,-0.0022727272727273,0.1415525114155251,0.0975609756097561,0.0430282757240472,0.0539052212132094,0.115879774655637,0.2804673505943655,0.127104921336665,0.2054263565891472,Information Technology,45.0,3.0,62,7.3796321526095525,1712.0,1479.0,10.113383743764707,9.821029430095606,10.023135514802023,9.740556773534106
GLW,2010Q4,2010,Q4,0,0,0,1,1765.0,767.0,998.0,118.0,284.0,1441.0,649.0,1189.0,1044.0,166.0,1210.0,25833.0,19375.0,24670.0,18416.0,0.0940509915014164,0.1609065155807365,0.4345609065155807,0.3677053824362606,0.591501416430595,148.0,144.0,145.0,145.0,131.0,136.0,151.0,153.0,160.0,163.0,151.0,153.0,0.0923845193508114,0.0841121495327102,0.0933676754668383,0.0946475195822454,0.0885733603786342,0.0974910394265233,0.1526794742163801,0.1411439114391144,0.1028938906752411,0.0963356973995271,0.0933828076685219,0.0967130214917825,0.152088772845953,0.4108108108108108,0.1818181818181818,0.1448275862068966,0.5561555075593954,2.245,0.6889204545454546,0.1302378255945639,0.1639344262295081,-0.7371937639198218,-0.0063026277229656,0.010281892908559,0.0258047901107392,1.816623229461756,0.2245677972590154,0.3672316384180791,Information Technology,45.0,4.0,63,7.476472381163905,1602.0,1532.0,10.159446732791961,9.871790465792873,10.113383743764707,9.821029430095606
GLW,2011Q1,2011,Q1,1,0,0,0,1923.0,874.0,1049.0,414.0,250.0,1118.0,460.0,862.0,748.0,156.0,904.0,26660.0,20304.0,25833.0,19375.0,0.0811232449297972,0.1300052002080083,0.4544981799271971,0.2392095683827353,0.3889755590223609,166.0,148.0,144.0,145.0,145.0,131.0,136.0,151.0,153.0,160.0,163.0,151.0,0.0940509915014164,0.0923845193508114,0.0841121495327102,0.0933676754668383,0.0946475195822454,0.0885733603786342,0.0974910394265233,0.1526794742163801,0.1411439114391144,0.1028938906752411,0.0963356973995271,0.0933828076685219,0.2382485511912426,-0.0833333333333333,0.1956224350205198,0.0758620689655171,-0.025283347863993,0.1414392059553348,-0.0558598028477546,0.2761557177615572,0.0638297872340425,0.2621951219512195,-0.1311420732691375,-0.1408592513913322,-0.0344245233557631,-0.0781824821379952,-0.2597070549488646,-0.0593132154006244,Information Technology,45.0,1.0,64,7.562161631225652,1765.0,1553.0,10.190957102406585,9.918622440120398,10.159446732791961,9.871790465792873
GLW,2011Q2,2011,Q2,0,1,0,0,2005.0,889.0,1116.0,465.0,284.0,1136.0,424.0,878.0,755.0,172.0,927.0,27825.0,21255.0,26660.0,20304.0,0.085785536159601,0.141645885286783,0.4433915211970075,0.2114713216957606,0.3765586034912718,156.0,166.0,148.0,144.0,145.0,145.0,131.0,136.0,151.0,153.0,160.0,163.0,0.0811232449297972,0.0940509915014164,0.0923845193508114,0.0841121495327102,0.0933676754668383,0.0946475195822454,0.0885733603786342,0.0974910394265233,0.1526794742163801,0.1411439114391144,0.1028938906752411,0.0963356973995271,0.171144859813084,-0.1730558598028477,0.0749697702539298,0.1944444444444444,-0.0356536502546689,-0.0139534883720929,-0.0699152542372881,0.2610169491525425,0.1544715447154472,0.1712846347607053,0.0198947076752562,-0.0142367658090546,-0.0821205752245746,-0.1580490633880416,-0.2939010633329055,-0.1229895931882686,Information Technology,45.0,2.0,65,7.603897968521881,1923.0,1712.0,10.233726114401822,9.96439448743965,10.190957102406585,9.918622440120398
GLW,2011Q3,2011,Q3,0,0,1,0,2075.0,978.0,1097.0,391.0,216.0,1189.0,587.0,921.0,811.0,166.0,977.0,28173.0,21640.0,27825.0,21255.0,0.08,0.1040963855421686,0.4713253012048193,0.2828915662650602,0.3908433734939759,172.0,156.0,166.0,148.0,144.0,145.0,145.0,131.0,136.0,151.0,153.0,160.0,0.085785536159601,0.0811232449297972,0.0940509915014164,0.0923845193508114,0.0841121495327102,0.0933676754668383,0.0946475195822454,0.0885733603786342,0.0974910394265233,0.1526794742163801,0.1411439114391144,0.1028938906752411,0.2952559300873907,0.0331210191082802,0.350828729281768,0.1216216216216217,0.1410748560460653,0.8401253918495297,0.1526908635794743,0.2494305239179954,-0.136,-0.0345679012345678,-0.134054054054054,-0.3329503614457831,0.0429048791852493,0.4206654832496128,-0.2023807842836312,0.0471596998928187,Information Technology,45.0,3.0,66,7.638198244285779,2005.0,1602.0,10.246154845820252,9.982344942613622,10.233726114401822,9.96439448743965
GLW,2011Q4,2011,Q4,0,0,0,1,1887.0,825.0,1062.0,602.0,283.0,816.0,223.0,552.0,491.0,177.0,668.0,27848.0,21078.0,28173.0,21640.0,0.0937996820349761,0.1499735029146794,0.437201907790143,0.1181770005299417,0.2602013778484366,166.0,172.0,156.0,166.0,148.0,144.0,145.0,145.0,131.0,136.0,151.0,153.0,0.08,0.085785536159601,0.0811232449297972,0.0940509915014164,0.0923845193508114,0.0841121495327102,0.0933676754668383,0.0946475195822454,0.0885733603786342,0.0974910394265233,0.1526794742163801,0.1411439114391144,0.0691218130311615,-0.5296934865900382,0.0756192959582791,0.0662650602409637,-0.4337265787647467,-0.6563944530046225,-0.535744322960471,0.0641282565130261,-0.0035211267605633,4.101694915254237,-0.0026720554714885,-0.0679463639281368,0.0060774018899643,-0.6786095440133326,-0.5601001610129399,-0.4479338842975207,Information Technology,45.0,4.0,67,7.543273346705446,2075.0,1765.0,10.234552338068042,9.956032563199894,10.246154845820252,9.982344942613622
GLW,2012Q1,2012,Q1,1,0,0,0,1920.0,824.0,1096.0,463.0,273.0,852.0,342.0,573.0,474.0,187.0,661.0,28489.0,21317.0,27848.0,21078.0,0.0973958333333333,0.1421875,0.4291666666666666,0.178125,0.246875,177.0,166.0,172.0,156.0,166.0,148.0,144.0,145.0,145.0,131.0,136.0,151.0,0.0937996820349761,0.08,0.085785536159601,0.0811232449297972,0.0940509915014164,0.0923845193508114,0.0841121495327102,0.0933676754668383,0.0946475195822454,0.0885733603786342,0.0974910394265233,0.1526794742163801,-0.001560062402496,-0.3663101604278075,-0.05720823798627,0.1987179487179486,-0.2379248658318425,-0.2565217391304347,-0.3352668213457076,0.0448045757864632,0.092,0.1183574879227054,0.2005909455128205,0.0937062499999998,-0.0557351258581236,-0.255360054347826,-0.3653200200534759,-0.2688053097345132,Information Technology,45.0,1.0,68,7.560601162768557,1887.0,1923.0,10.257308427491955,9.967307065249082,10.234552338068042,9.956032563199894
GLW,2012Q2,2012,Q2,0,1,0,0,1908.0,808.0,1100.0,480.0,286.0,840.0,309.0,555.0,474.0,188.0,662.0,28754.0,21354.0,28489.0,21317.0,0.0985324947589098,0.149895178197065,0.4234800838574423,0.1619496855345912,0.2484276729559748,187.0,177.0,166.0,172.0,156.0,166.0,148.0,144.0,145.0,145.0,131.0,136.0,0.0973958333333333,0.0937996820349761,0.08,0.085785536159601,0.0811232449297972,0.0940509915014164,0.0923845193508114,0.0841121495327102,0.0933676754668383,0.0946475195822454,0.0885733603786342,0.0974910394265233,-0.0483790523690773,-0.3721854304635761,-0.0911136107986502,0.0930232558139534,-0.2605633802816901,-0.2712264150943396,-0.3678815489749431,-0.014336917562724,0.0070422535211267,0.032258064516129,0.1485909999512455,0.0582388460743497,-0.0449071224587492,-0.2341766049602468,-0.3402682327460535,-0.2858683926645091,Information Technology,45.0,2.0,69,7.554334823725748,1920.0,2005.0,10.266566944147854,9.969041183275566,10.257308427491955,9.967307065249082
GLW,2012Q3,2012,Q3,0,0,1,0,2038.0,889.0,1149.0,478.0,289.0,907.0,414.0,627.0,533.0,185.0,718.0,29410.0,21839.0,28754.0,21354.0,0.0907752698724239,0.1418056918547595,0.4362119725220805,0.2031403336604514,0.2615309126594701,188.0,187.0,177.0,166.0,172.0,156.0,166.0,148.0,144.0,145.0,145.0,131.0,0.0985324947589098,0.0973958333333333,0.0937996820349761,0.08,0.085785536159601,0.0811232449297972,0.0940509915014164,0.0923845193508114,0.0841121495327102,0.0933676754668383,0.0946475195822454,0.0885733603786342,-0.0178313253012047,-0.342786683107275,-0.091002044989775,0.1144578313253013,-0.2371740958788898,-0.2947189097103918,-0.3192182410423453,0.0474020054694621,0.337962962962963,0.2225063938618925,0.1346908734052991,0.3622537527714173,-0.0744991380538681,-0.2819144934490005,-0.3308549398663373,-0.2650972364380757,Information Technology,45.0,3.0,70,7.620214770574455,1908.0,2075.0,10.289124033010108,9.991498429858842,10.266566944147854,9.969041183275566
GLW,2012Q4,2012,Q4,0,0,0,1,2146.0,907.0,1239.0,630.0,301.0,682.0,650.0,1477.0,283.0,185.0,468.0,29375.0,21486.0,29410.0,21839.0,0.0862068965517241,0.1402609506057782,0.4226467847157502,0.3028890959925442,0.1318732525629077,185.0,188.0,187.0,177.0,166.0,172.0,156.0,166.0,148.0,144.0,145.0,145.0,0.0907752698724239,0.0985324947589098,0.0973958333333333,0.0937996820349761,0.08,0.085785536159601,0.0811232449297972,0.0940509915014164,0.0923845193508114,0.0841121495327102,0.0933676754668383,0.0946475195822454,0.1372549019607842,-0.4236252545824847,0.0993939393939393,0.0451977401129943,-0.1642156862745097,1.9147982062780269,1.6757246376811592,0.1666666666666667,0.0636042402826855,0.0465116279069768,-0.080946814728229,-0.0647617887169489,-0.0332915360501566,1.5630122158651614,-0.4931877238570124,-0.2994011976047904,Information Technology,45.0,4.0,71,7.671826797878781,2038.0,1887.0,10.287933293420217,9.975203380077728,10.289124033010108,9.991498429858842
GLW,2013Q1,2013,Q1,1,0,0,0,1814.0,770.0,1044.0,446.0,259.0,819.0,324.0,528.0,494.0,178.0,672.0,28595.0,21344.0,29375.0,21486.0,0.0981256890848952,0.1427783902976847,0.4244762954796031,0.1786108048511576,0.2723263506063947,185.0,185.0,188.0,187.0,177.0,166.0,172.0,156.0,166.0,148.0,144.0,145.0,0.0862068965517241,0.0907752698724239,0.0985324947589098,0.0973958333333333,0.0937996820349761,0.08,0.085785536159601,0.0811232449297972,0.0940509915014164,0.0923845193508114,0.0841121495327102,0.0933676754668383,-0.0552083333333333,0.0421940928270041,-0.0655339805825242,-0.0481283422459892,-0.0387323943661971,-0.0526315789473684,-0.0785340314136125,-0.0474452554744525,-0.0512820512820513,-0.0367170626349891,0.0074937061122934,0.0041557119837165,-0.0109290202417015,0.0027273254801833,0.1030940784056493,0.0166414523449318,Information Technology,45.0,1.0,72,7.503840746698951,2146.0,1920.0,10.261022126886742,9.968572799192062,10.287933293420217,9.975203380077728
GLW,2013Q2,2013,Q2,0,1,0,0,1982.0,883.0,1099.0,459.0,266.0,1107.0,424.0,829.0,638.0,179.0,817.0,28389.0,21378.0,28595.0,21344.0,0.0903128153380423,0.1342078708375378,0.4455095862764884,0.213925327951564,0.3218970736629667,178.0,185.0,185.0,188.0,187.0,177.0,166.0,172.0,156.0,166.0,148.0,144.0,0.0981256890848952,0.0862068965517241,0.0907752698724239,0.0985324947589098,0.0973958333333333,0.0937996820349761,0.08,0.085785536159601,0.0811232449297972,0.0940509915014164,0.0923845193508114,0.0841121495327102,0.0387840670859538,0.3459915611814346,0.0928217821782178,-0.0478723404255319,0.3178571428571428,0.3721682847896439,0.4936936936936937,-0.0009090909090908,-0.0699300699300699,-0.0437499999999999,-0.0834210017819954,-0.1046551833635587,0.0520201616528959,0.3209369764776191,0.2957375876559927,0.2341389728096676,Information Technology,45.0,2.0,73,7.592366128519796,1814.0,1908.0,10.253792249467017,9.970164410800407,10.261022126886742,9.968572799192062
GLW,2013Q3,2013,Q3,0,0,1,0,2067.0,901.0,1166.0,462.0,265.0,825.0,439.0,549.0,408.0,184.0,592.0,28714.0,21749.0,28389.0,21378.0,0.089017900338655,0.1282051282051282,0.4358974358974359,0.212385099177552,0.1973875181422351,179.0,178.0,185.0,185.0,188.0,187.0,177.0,166.0,172.0,156.0,166.0,148.0,0.0903128153380423,0.0981256890848952,0.0862068965517241,0.0907752698724239,0.0985324947589098,0.0973958333333333,0.0937996820349761,0.08,0.085785536159601,0.0811232449297972,0.0940509915014164,0.0923845193508114,0.0142296368989205,-0.2345215759849905,0.0134983127109111,-0.0054054054054053,-0.0904079382579934,0.0603864734299517,-0.124401913875598,0.0147954743255005,-0.0830449826989619,-0.0334728033472803,-0.019359562755789,-0.095909857155532,-0.0007210637131896,0.0455092563378043,-0.2452612345705906,-0.1754874651810585,Information Technology,45.0,3.0,74,7.63433723562832,1982.0,2038.0,10.265174913298397,9.98736903651683,10.253792249467017,9.970164410800407
GLW,2013Q4,2013,Q4,0,0,0,1,1956.0,770.0,1186.0,586.0,336.0,844.0,184.0,567.0,421.0,169.0,590.0,28478.0,21162.0,28714.0,21749.0,0.08640081799591,0.1717791411042944,0.3936605316973415,0.0940695296523517,0.2152351738241308,184.0,179.0,178.0,185.0,185.0,188.0,187.0,177.0,166.0,172.0,156.0,166.0,0.089017900338655,0.0903128153380423,0.0981256890848952,0.0862068965517241,0.0907752698724239,0.0985324947589098,0.0973958333333333,0.0937996820349761,0.08,0.085785536159601,0.0811232449297972,0.0940509915014164,-0.0885368126747436,0.4876325088339222,-0.1510474090407938,-0.0864864864864864,0.2375366568914956,-0.716923076923077,-0.6161137440758293,-0.042776432606941,0.1162790697674418,-0.0698412698412698,0.0022494887525561,0.2247110857468968,-0.0685826890600939,-0.689425829793928,0.6321366891398756,0.2606837606837606,Information Technology,45.0,4.0,75,7.579167967396076,2067.0,2146.0,10.256922252549908,9.960009652860453,10.265174913298397,9.98736903651683
GLW,2014Q1,2014,Q1,1,0,0,0,2289.0,935.0,1354.0,620.0,397.0,808.0,315.0,481.0,301.0,198.0,499.0,29544.0,21650.0,28478.0,21162.0,0.0865006553079947,0.1734381826124945,0.4084753167321974,0.1376146788990825,0.1314984709480122,169.0,184.0,179.0,178.0,185.0,185.0,188.0,187.0,177.0,166.0,172.0,156.0,0.08640081799591,0.089017900338655,0.0903128153380423,0.0981256890848952,0.0862068965517241,0.0907752698724239,0.0985324947589098,0.0973958333333333,0.0937996820349761,0.08,0.085785536159601,0.0811232449297972,0.2618522601984565,-0.3906882591093117,0.2142857142857142,0.1123595505617978,-0.0134310134310133,-0.0277777777777777,-0.0890151515151514,0.2969348659003832,0.5328185328185329,0.3901345291479821,-0.11847084983875,0.2147369237801741,-0.037695812269862,-0.229527692830445,-0.5171290965593235,-0.2574404761904761,Information Technology,45.0,1.0,76,7.736307096548285,1956.0,1814.0,10.293669803779775,9.982806921740384,10.256922252549908,9.960009652860453
GLW,2014Q2,2014,Q2,0,1,0,0,2482.0,1032.0,1450.0,572.0,322.0,673.0,460.0,341.0,169.0,208.0,377.0,29832.0,21763.0,29544.0,21650.0,0.0838033843674456,0.1297340854149879,0.4157937147461724,0.185334407735697,0.0680902497985495,198.0,169.0,184.0,179.0,178.0,185.0,185.0,188.0,187.0,177.0,166.0,172.0,0.0865006553079947,0.08640081799591,0.089017900338655,0.0903128153380423,0.0981256890848952,0.0862068965517241,0.0907752698724239,0.0985324947589098,0.0973958333333333,0.0937996820349761,0.08,0.085785536159601,0.2522704339051462,-0.7351097178683386,0.1687429218573046,0.1620111731843576,-0.3920505871725384,0.0849056603773585,-0.5886610373944512,0.3193812556869881,0.2105263157894736,0.2461873638344227,-0.072076492646496,-0.033334747020654,-0.0667008577271645,-0.1336490657260578,-0.7884719826007442,-0.5385556915544676,Information Technology,45.0,2.0,77,7.817222785508166,2289.0,1982.0,10.30337044234806,9.988012507605816,10.293669803779775,9.982806921740384
GLW,2014Q3,2014,Q3,0,0,1,0,2540.0,1089.0,1451.0,469.0,261.0,1743.0,620.0,1409.0,1014.0,199.0,1213.0,29815.0,21779.0,29832.0,21763.0,0.0783464566929133,0.102755905511811,0.4287401574803149,0.2440944881889764,0.3992125984251968,208.0,198.0,169.0,184.0,179.0,178.0,185.0,185.0,188.0,187.0,177.0,166.0,0.0838033843674456,0.0865006553079947,0.08640081799591,0.089017900338655,0.0903128153380423,0.0981256890848952,0.0862068965517241,0.0907752698724239,0.0985324947589098,0.0973958333333333,0.0937996820349761,0.08,0.2288340590227382,1.4852941176470589,0.2086570477247502,0.0815217391304348,1.1127272727272728,0.4123006833712983,1.5664845173041893,0.24442538593482,-0.0150943396226415,0.0151515151515151,-0.1198797500855871,-0.1985039370078739,-0.0164196387216304,0.1493013828852261,1.022481472904122,1.0489864864864864,Information Technology,45.0,3.0,78,7.840312983320164,2482.0,2067.0,10.302800441159095,9.988747396486952,10.30337044234806,9.988012507605816
GLW,2014Q4,2014,Q4,0,0,0,1,2404.0,996.0,1408.0,460.0,242.0,1667.0,536.0,1337.0,988.0,210.0,1198.0,30063.0,21579.0,29815.0,21779.0,0.0873544093178036,0.1006655574043261,0.4143094841930116,0.2229617304492512,0.410981697171381,199.0,208.0,198.0,169.0,184.0,179.0,178.0,185.0,185.0,188.0,187.0,177.0,0.0783464566929133,0.0838033843674456,0.0865006553079947,0.08640081799591,0.089017900338655,0.0903128153380423,0.0981256890848952,0.0862068965517241,0.0907752698724239,0.0985324947589098,0.0973958333333333,0.0937996820349761,0.229038854805726,1.346793349168646,0.2935064935064935,0.2426035502958579,0.9751184834123224,1.9130434782608696,1.3580246913580245,0.1871838111298482,-0.2797619047619047,-0.2150170648464163,0.0110368321042837,-0.413982647967673,0.0524537027032867,1.3701801345583449,0.909454155979148,1.0305084745762714,Information Technology,45.0,4.0,79,7.785305182539862,2540.0,1956.0,10.311083721653247,9.979522238812125,10.302800441159095,9.988747396486952
GLW,2015Q1,2015,Q1,1,0,0,0,2265.0,929.0,1336.0,517.0,316.0,814.0,412.0,493.0,407.0,189.0,596.0,29323.0,21298.0,30063.0,21579.0,0.0834437086092715,0.1395143487858719,0.4101545253863135,0.1818984547461368,0.179690949227373,210.0,199.0,208.0,198.0,169.0,184.0,179.0,178.0,185.0,185.0,188.0,187.0,0.0873544093178036,0.0783464566929133,0.0838033843674456,0.0865006553079947,0.08640081799591,0.089017900338655,0.0903128153380423,0.0981256890848952,0.0862068965517241,0.0907752698724239,0.0985324947589098,0.0973958333333333,-0.0104849279161205,0.3521594684385383,-0.0064171122994652,-0.0454545454545454,0.0074257425742574,0.3079365079365079,0.0249480249480249,-0.0132939438700148,-0.2040302267002518,-0.1661290322580645,-0.0353401565322095,-0.1955961098970758,0.0041109182986862,0.3217954378219279,0.3664869859849069,0.1943887775551103,Information Technology,45.0,1.0,80,7.725771441587952,2404.0,2289.0,10.286161572343477,9.966415402238601,10.311083721653247,9.979522238812125
GLW,2015Q2,2015,Q2,0,1,0,0,2343.0,975.0,1368.0,544.0,337.0,938.0,431.0,606.0,496.0,191.0,687.0,29888.0,20983.0,29323.0,21298.0,0.0815194195475885,0.1438326931284677,0.4161331626120358,0.183952198036705,0.2116944088775074,189.0,210.0,199.0,208.0,198.0,169.0,184.0,179.0,178.0,185.0,185.0,188.0,0.0834437086092715,0.0873544093178036,0.0783464566929133,0.0838033843674456,0.0865006553079947,0.08640081799591,0.089017900338655,0.0903128153380423,0.0981256890848952,0.0862068965517241,0.0907752698724239,0.0985324947589098,-0.056003223207091,1.9349112426035504,-0.0552325581395348,-0.0817307692307692,0.3937592867756314,-0.0630434782608695,0.7771260997067448,-0.056551724137931,0.0465838509316769,-0.0489510489510489,-0.0272538494369479,0.1086731190834069,0.0008163852742955,-0.0074579227671696,2.1090267623312045,0.8222811671087533,Information Technology,45.0,2.0,81,7.759614150696903,2265.0,2482.0,10.305245798712965,9.95151552154671,10.286161572343477,9.966415402238601
GLW,2015Q3,2015,Q3,0,0,1,0,2272.0,892.0,1380.0,500.0,307.0,548.0,392.0,218.0,212.0,181.0,393.0,28898.0,19997.0,29888.0,20983.0,0.0796654929577464,0.1351232394366197,0.3926056338028169,0.1725352112676056,0.0933098591549295,191.0,189.0,210.0,199.0,208.0,198.0,169.0,184.0,179.0,178.0,185.0,185.0,0.0815194195475885,0.0834437086092715,0.0873544093178036,0.0783464566929133,0.0838033843674456,0.0865006553079947,0.08640081799591,0.089017900338655,0.0903128153380423,0.0981256890848952,0.0862068965517241,0.0907752698724239,-0.105511811023622,-0.7909270216962525,-0.1808999081726354,-0.0904522613065326,-0.6855995410212278,-0.367741935483871,-0.8452803406671399,-0.0489317711922812,0.1762452107279692,0.0660980810234541,0.0168359402647038,0.3149924450920081,-0.0842807072000414,-0.2931621990004543,-0.766265244325916,-0.6760098928276999,Information Technology,45.0,3.0,82,7.728855823852543,2343.0,2540.0,10.271562271425733,9.903387547535795,10.305245798712965,9.95151552154671
GLW,2015Q4,2015,Q4,0,0,0,1,2231.0,857.0,1374.0,770.0,563.0,510.0,87.0,169.0,224.0,208.0,432.0,28547.0,18788.0,28898.0,19997.0,0.0932317346481398,0.2523532048408785,0.3841326759300762,0.0389959659345584,0.1004034065441506,181.0,191.0,189.0,210.0,199.0,208.0,198.0,169.0,184.0,179.0,178.0,185.0,0.0796654929577464,0.0815194195475885,0.0834437086092715,0.0873544093178036,0.0783464566929133,0.0838033843674456,0.0865006553079947,0.08640081799591,0.089017900338655,0.0903128153380423,0.0981256890848952,0.0862068965517241,-0.0719633943427621,-0.7732793522267206,-0.1395582329317268,-0.0095238095238094,-0.6940611877624475,-0.8376865671641791,-0.8735976065818998,-0.0241477272727272,1.3264462809917354,0.673913043478261,0.0672813814006103,1.5068475389978184,-0.0728363926346353,-0.8251001826367936,-0.7556985937933826,-0.6393989983305509,Information Technology,45.0,4.0,83,7.710653323501202,2272.0,2404.0,10.259342160090958,9.841026871193522,10.271562271425733,9.903387547535795
GLW,2016Q1,2016,Q1,1,0,0,0,2047.0,764.0,1283.0,587.0,303.0,-336.0,177.0,-672.0,-368.0,190.0,-178.0,27945.0,17918.0,28547.0,18788.0,0.0928187591597459,0.1480214948705422,0.373229115779189,0.0864680019540791,-0.1797752808988764,208.0,181.0,191.0,189.0,210.0,199.0,208.0,198.0,169.0,184.0,179.0,178.0,0.0932317346481398,0.0796654929577464,0.0815194195475885,0.0834437086092715,0.0873544093178036,0.0783464566929133,0.0838033843674456,0.0865006553079947,0.08640081799591,0.089017900338655,0.0903128153380423,0.0981256890848952,-0.0962472406181015,-1.904176904176904,-0.177610333692142,0.0052910052910053,-1.4127764127764126,-0.5703883495145632,-2.363083164300203,-0.0396706586826347,-0.0411392405063291,0.1353965183752417,0.1123517962794953,0.06097685405626,-0.0900280438752818,-0.5246358630437153,-2.0004693150760566,-1.2986577181208054,Information Technology,45.0,1.0,84,7.6246189861593985,2231.0,2265.0,10.238029355640393,9.793616881400416,10.259342160090958,9.841026871193522
GLW,2016Q2,2016,Q2,0,1,0,0,2360.0,951.0,1409.0,704.0,499.0,2038.0,247.0,1703.0,2207.0,192.0,2399.0,30653.0,19609.0,27945.0,17918.0,0.0813559322033898,0.2114406779661017,0.4029661016949152,0.1046610169491525,0.9351694915254236,190.0,208.0,181.0,191.0,189.0,210.0,199.0,208.0,198.0,169.0,184.0,179.0,0.0928187591597459,0.0932317346481398,0.0796654929577464,0.0815194195475885,0.0834437086092715,0.0873544093178036,0.0783464566929133,0.0838033843674456,0.0865006553079947,0.08640081799591,0.089017900338655,0.0903128153380423,0.0072556551429789,3.449596774193548,-0.0246153846153845,0.0052356020942407,1.1727078891257996,-0.4269141531322505,1.8102310231023104,0.029970760233918,0.4807121661721067,0.2941176470588236,-0.00200550181915,0.4700460192123925,-0.0316414602346806,-0.431042313893586,3.41754459404046,2.491994177583697,Information Technology,45.0,2.0,85,7.766840537085513,2047.0,2343.0,10.330518438558853,9.883794919190391,10.238029355640393,9.793616881400416
GLW,2016Q3,2016,Q3,0,0,1,0,2507.0,1041.0,1466.0,506.0,302.0,598.0,535.0,257.0,284.0,187.0,471.0,28809.0,17721.0,30653.0,19609.0,0.0745911447945752,0.1204627044276027,0.41523733546071,0.2134024730753889,0.1132828081372157,192.0,190.0,208.0,181.0,191.0,189.0,210.0,199.0,208.0,198.0,169.0,184.0,0.0813559322033898,0.0928187591597459,0.0932317346481398,0.0796654929577464,0.0815194195475885,0.0834437086092715,0.0873544093178036,0.0783464566929133,0.0838033843674456,0.0865006553079947,0.08640081799591,0.089017900338655,0.1034330985915492,0.3396226415094339,0.1670403587443947,0.0331491712707181,0.0912408759124088,0.364795918367347,0.1788990825688072,0.0623188405797101,-0.01628664495114,0.012,-0.0636956852305258,-0.1084975099038653,0.0576448723842299,0.2368633133349071,0.2140497173950672,0.1984732824427482,Information Technology,45.0,3.0,86,7.827240901752812,2360.0,2272.0,10.268477828078574,9.782562084607248,10.330518438558853,9.883794919190391
GLW,2016Q4,2016,Q4,0,0,0,1,2476.0,990.0,1486.0,558.0,368.0,2746.0,432.0,2404.0,1572.0,173.0,1745.0,27899.0,17893.0,28809.0,17721.0,0.069870759289176,0.1486268174474959,0.3998384491114701,0.1744749596122778,0.6348949919224556,187.0,192.0,190.0,208.0,181.0,191.0,189.0,210.0,199.0,208.0,198.0,169.0,0.0745911447945752,0.0813559322033898,0.0928187591597459,0.0932317346481398,0.0796654929577464,0.0815194195475885,0.0834437086092715,0.0873544093178036,0.0783464566929133,0.0838033843674456,0.0865006553079947,0.08640081799591,0.1098162259076647,6.017857142857143,0.1551925320886815,-0.1682692307692307,4.3843137254901965,3.9655172413793114,13.224852071005918,0.0815138282387191,-0.3463587921847246,-0.2753246753246753,-0.2505689232011929,-0.4110365368998873,0.0408863243496964,3.474179711436689,5.323440745441958,3.039351851851852,Information Technology,45.0,4.0,87,7.814803429489359,2507.0,2231.0,10.236381967809457,9.792220740107542,10.268477828078574,9.782562084607248
GLW,2017Q1,2017,Q1,1,0,0,0,2375.0,951.0,1424.0,538.0,319.0,334.0,413.0,20.0,86.0,200.0,286.0,28305.0,18308.0,27899.0,17893.0,0.0842105263157894,0.1343157894736842,0.4004210526315789,0.1738947368421052,0.0362105263157894,173.0,187.0,192.0,190.0,208.0,181.0,191.0,189.0,210.0,199.0,208.0,198.0,0.069870759289176,0.0745911447945752,0.0813559322033898,0.0928187591597459,0.0932317346481398,0.0796654929577464,0.0815194195475885,0.0834437086092715,0.0873544093178036,0.0783464566929133,0.0838033843674456,0.0865006553079947,0.1602344894968246,-1.233695652173913,0.2447643979057592,0.0526315789473683,-1.994047619047619,1.3333333333333337,-1.0297619047619049,0.1098986749805144,0.0528052805280527,-0.0834752981260646,-0.0927423822714681,-0.092592669793295,0.0728558831634058,1.0110877192982457,-1.201421052631579,-2.606741573033708,Information Technology,45.0,1.0,88,7.773173680482536,2476.0,2047.0,10.250829075293785,9.815148021212604,10.236381967809457,9.792220740107542
GLW,2017Q2,2017,Q2,0,1,0,0,2497.0,987.0,1510.0,602.0,378.0,911.0,381.0,592.0,439.0,207.0,646.0,27830.0,18012.0,28305.0,18308.0,0.0828994793752503,0.1513816579895875,0.395274329195034,0.1525830997196636,0.1758109731678013,200.0,173.0,187.0,192.0,190.0,208.0,181.0,191.0,189.0,210.0,199.0,208.0,0.0842105263157894,0.069870759289176,0.0745911447945752,0.0813559322033898,0.0928187591597459,0.0932317346481398,0.0796654929577464,0.0815194195475885,0.0834437086092715,0.0873544093178036,0.0783464566929133,0.0838033843674456,0.0580508474576271,-0.8010874490258268,0.0378548895899053,0.078125,-0.5529931305201178,0.5425101214574899,-0.6523781561949501,0.0716820440028389,-0.2424849699398797,-0.1448863636363636,0.0189727673207851,-0.2840466676243958,-0.019087889694763,0.4578790094672311,-0.8120009530240094,-0.7307211338057524,Information Technology,45.0,2.0,89,7.823245690685523,2375.0,2360.0,10.233905786321381,9.798848998423558,10.250829075293785,9.815148021212604
GLW,2017Q3,2017,Q3,0,0,1,0,2607.0,1050.0,1557.0,608.0,375.0,810.0,453.0,479.0,390.0,213.0,603.0,28094.0,17317.0,27830.0,18012.0,0.0817031070195627,0.143843498273878,0.4027617951668584,0.1737629459148446,0.1495972382048331,207.0,200.0,173.0,187.0,192.0,190.0,208.0,181.0,191.0,189.0,210.0,199.0,0.0828994793752503,0.0842105263157894,0.069870759289176,0.0745911447945752,0.0813559322033898,0.0928187591597459,0.0932317346481398,0.0796654929577464,0.0815194195475885,0.0834437086092715,0.0873544093178036,0.0783464566929133,0.0398883127243716,0.3732394366197182,0.0086455331412103,0.1390374331550801,0.354515050167224,-0.1532710280373831,0.8638132295719845,0.0620736698499317,0.2417218543046357,0.2015810276679841,0.0953459320751,0.1940915568629544,-0.0300443607268836,-0.185750083348569,0.320564352744777,0.2802547770700636,Information Technology,45.0,3.0,90,7.866338923046544,2497.0,2507.0,10.243346903546298,9.759501702007746,10.233905786321381,9.798848998423558
GLW,2017Q4,2017,Q4,0,0,0,1,2637.0,1034.0,1603.0,662.0,400.0,915.0,372.0,566.0,-1412.0,240.0,-1172.0,27479.0,15724.0,28094.0,17317.0,0.0910125142207053,0.1516875237011755,0.3921122487675388,0.1410693970420933,-0.5354569586651498,213.0,207.0,200.0,173.0,187.0,192.0,190.0,208.0,181.0,191.0,189.0,210.0,0.0817031070195627,0.0828994793752503,0.0842105263157894,0.069870759289176,0.0745911447945752,0.0813559322033898,0.0928187591597459,0.0932317346481398,0.0796654929577464,0.0815194195475885,0.0834437086092715,0.0873544093178036,0.0650242326332795,-1.8982188295165396,0.0444444444444445,0.3872832369942196,-0.666788055353241,-0.1388888888888888,-0.7645590682196339,0.0787348586810228,0.0869565217391303,0.1863799283154121,0.3025837295402684,0.0205932301198661,-0.0193233051025997,-0.1914633632494838,-1.8433787720451087,-1.6716332378223495,Information Technology,45.0,4.0,91,7.87777633327726,2607.0,2476.0,10.221213746336286,9.663007081568642,10.243346903546298,9.759501702007746
GLW,2018Q1,2018,Q1,1,0,0,0,2500.0,955.0,1545.0,761.0,501.0,-90.0,194.0,-465.0,-589.0,241.0,-348.0,26834.0,14413.0,27479.0,15724.0,0.0964,0.2004,0.382,0.0776,-0.2356,240.0,213.0,207.0,200.0,173.0,187.0,192.0,190.0,208.0,181.0,191.0,189.0,0.0910125142207053,0.0817031070195627,0.0828994793752503,0.0842105263157894,0.069870759289176,0.0745911447945752,0.0813559322033898,0.0928187591597459,0.0932317346481398,0.0796654929577464,0.0815194195475885,0.0834437086092715,0.0526315789473683,-7.848837209302325,0.0042060988433227,0.205,-1.2694610778443114,-0.5302663438256658,-24.25,0.0849719101123596,0.5705329153605017,0.4144981412639406,0.1447499999999999,0.4920062695924763,-0.0460042060988433,-0.5537530266343826,-7.50639534883721,-2.2167832167832167,Information Technology,45.0,1.0,92,7.824445930877619,2637.0,2375.0,10.197462284610928,9.575955235484386,10.221213746336286,9.663007081568642
GLW,2018Q2,2018,Q2,0,1,0,0,2747.0,1072.0,1675.0,677.0,412.0,1229.0,395.0,864.0,738.0,243.0,981.0,26140.0,13877.0,26834.0,14413.0,0.0884601383327266,0.1499817983254459,0.3902439024390244,0.1437932289770659,0.2686567164179104,241.0,240.0,213.0,207.0,200.0,173.0,187.0,192.0,190.0,208.0,181.0,191.0,0.0964,0.0910125142207053,0.0817031070195627,0.0828994793752503,0.0842105263157894,0.069870759289176,0.0745911447945752,0.0813559322033898,0.0928187591597459,0.0932317346481398,0.0796654929577464,0.0815194195475885,0.1001201441730075,0.6810933940774488,0.0861195542046606,0.1739130434782609,0.3490669593852908,0.036745406824147,0.4594594594594594,0.1092715231788079,0.08994708994709,0.1245847176079735,0.0670771276174799,-0.0092472211147128,-0.0127264190575036,-0.0576071056279959,0.5280998198075681,0.5185758513931888,Information Technology,45.0,2.0,93,7.91862865334224,2500.0,2497.0,10.171260241993542,9.538060131459494,10.197462284610928,9.575955235484386
GLW,2018Q3,2018,Q3,0,0,1,0,3008.0,1232.0,1776.0,710.0,439.0,1121.0,522.0,758.0,625.0,244.0,869.0,26392.0,13890.0,26140.0,13877.0,0.0811170212765957,0.1459441489361702,0.4095744680851064,0.1735372340425532,0.2077792553191489,243.0,241.0,240.0,213.0,207.0,200.0,173.0,187.0,192.0,190.0,208.0,181.0,0.0884601383327266,0.0964,0.0910125142207053,0.0817031070195627,0.0828994793752503,0.0842105263157894,0.069870759289176,0.0745911447945752,0.0813559322033898,0.0928187591597459,0.0932317346481398,0.0796654929577464,0.1538166474875335,0.6025641025641026,0.1733333333333333,0.1455399061032865,0.3839506172839506,0.1523178807947018,0.5824634655532359,0.140655105973025,0.1706666666666667,0.1677631578947369,-0.0071733593047647,0.0146037234042553,0.0169148936170213,-0.0012989643511341,0.3889244067103108,0.4411276948590381,Information Technology,45.0,3.0,94,8.009363076630045,2747.0,2607.0,10.180854102460378,9.53899642739739,10.171260241993542,9.538060131459494
GLW,2018Q4,2018,Q4,0,0,0,1,3035.0,1202.0,1833.0,738.0,447.0,727.0,464.0,346.0,292.0,265.0,557.0,27505.0,13792.0,26392.0,13890.0,0.0873146622734761,0.1472817133443163,0.3960461285008237,0.1528830313014827,0.0962108731466227,244.0,243.0,241.0,240.0,213.0,207.0,200.0,173.0,187.0,192.0,190.0,208.0,0.0811170212765957,0.0884601383327266,0.0964,0.0910125142207053,0.0817031070195627,0.0828994793752503,0.0842105263157894,0.069870759289176,0.0745911447945752,0.0813559322033898,0.0928187591597459,0.0932317346481398,0.1509290860826697,-1.206798866855524,0.1624758220502902,0.1041666666666667,-0.2054644808743169,0.2473118279569892,-0.3886925795053003,0.1434809731752964,0.1174999999999999,0.1148036253776434,-0.0406301482701811,-0.0290453047775948,0.0100325346776326,0.0837434235000265,-1.179679938022411,-1.4752559726962458,Information Technology,45.0,4.0,95,8.01829613851552,3008.0,2637.0,10.222159441674654,9.53191649607552,10.180854102460378,9.53899642739739
GLW,2019Q1,2019,Q1,1,0,0,0,2812.0,1099.0,1713.0,679.0,401.0,962.0,420.0,575.0,499.0,249.0,748.0,27321.0,13607.0,27505.0,13792.0,0.0885490753911806,0.1426031294452347,0.3908250355618776,0.1493598862019914,0.1774537695590327,265.0,244.0,243.0,241.0,240.0,213.0,207.0,200.0,173.0,187.0,192.0,190.0,0.0873146622734761,0.0811170212765957,0.0884601383327266,0.0964,0.0910125142207053,0.0817031070195627,0.0828994793752503,0.0842105263157894,0.069870759289176,0.0745911447945752,0.0813559322033898,0.0928187591597459,0.1248,-1.8471986417657047,0.1507853403141361,0.033195020746888,-11.688888888888888,1.1649484536082473,-2.236559139784946,0.1087378640776699,-0.1996007984031935,-0.1077529566360052,-0.0814411266475036,-0.2884075376984296,0.0231021873347581,0.9247408015720552,-1.7531993614559962,-3.1494252873563218,Information Technology,45.0,1.0,96,7.9420068084898565,3035.0,2500.0,10.215447517447432,9.518413134075697,10.222159441674654,9.53191649607552
GLW,2019Q2,2019,Q2,0,1,0,0,2940.0,1065.0,1875.0,691.0,414.0,650.0,374.0,216.0,92.0,249.0,341.0,27575.0,13425.0,27321.0,13607.0,0.0846938775510204,0.1408163265306122,0.3622448979591837,0.1272108843537415,0.0312925170068027,249.0,265.0,244.0,243.0,241.0,240.0,213.0,207.0,200.0,173.0,187.0,192.0,0.0885490753911806,0.0873146622734761,0.0811170212765957,0.0884601383327266,0.0964,0.0910125142207053,0.0817031070195627,0.0828994793752503,0.0842105263157894,0.069870759289176,0.0745911447945752,0.0813559322033898,0.0702584637786676,-0.8753387533875339,-0.0065298507462686,0.0246913580246914,-0.4711147274206672,-0.0531645569620252,-0.75,0.1194029850746267,0.0048543689320388,0.020679468242245,-0.0425757957503989,-0.0611105607291461,-0.0717474489795918,-0.1153207612158787,-0.8835222978080121,-0.6523955147808359,Information Technology,45.0,2.0,97,7.9865049385539955,2812.0,2747.0,10.224701108196701,9.504948404498696,10.215447517447432,9.518413134075697
GLW,2019Q3,2019,Q3,0,0,1,0,2934.0,1017.0,1917.0,652.0,369.0,859.0,365.0,408.0,337.0,255.0,592.0,27329.0,13034.0,27575.0,13425.0,0.0869120654396728,0.1257668711656441,0.3466257668711656,0.1244035446489434,0.1148602590320381,249.0,249.0,265.0,244.0,243.0,241.0,240.0,213.0,207.0,200.0,173.0,187.0,0.0846938775510204,0.0885490753911806,0.0873146622734761,0.0811170212765957,0.0884601383327266,0.0964,0.0910125142207053,0.0817031070195627,0.0828994793752503,0.0842105263157894,0.069870759289176,0.0745911447945752,-0.0246010638297872,-0.4608,-0.174512987012987,0.0450819672131148,-0.2337198929527207,-0.3007662835249042,-0.4617414248021108,0.0793918918918918,-0.1594533029612755,-0.0816901408450704,0.0714405444366219,-0.1382534203502103,-0.1536929328340371,-0.2831305319846325,-0.4472005453306067,-0.3187571921749137,Information Technology,45.0,3.0,98,7.984462732262196,2940.0,3008.0,10.215740278922114,9.475393326367602,10.224701108196701,9.504948404498696
GLW,2019Q4,2019,Q4,0,0,0,1,2817.0,854.0,1963.0,707.0,401.0,469.0,147.0,17.0,32.0,278.0,310.0,28898.0,12907.0,27329.0,13034.0,0.098686545970891,0.1423500177493787,0.3031593894213703,0.0521831735889243,0.0113596024139155,255.0,249.0,249.0,265.0,244.0,243.0,241.0,240.0,213.0,207.0,200.0,173.0,0.0869120654396728,0.0846938775510204,0.0885490753911806,0.0873146622734761,0.0811170212765957,0.0884601383327266,0.0964,0.0910125142207053,0.0817031070195627,0.0828994793752503,0.0842105263157894,0.069870759289176,-0.0718286655683689,-0.8904109589041096,-0.2895174708818635,0.0490566037735848,-0.3548830811554333,-0.6831896551724138,-0.9508670520231214,0.0709219858156029,-0.1029082774049217,-0.0420054200542004,0.1302402529119026,-0.0334847788157391,-0.23453515233456,-0.658672560684514,-0.8819301598416658,-0.4434470377019749,Information Technology,45.0,4.0,99,7.943782692458625,2934.0,3035.0,10.271562271425733,9.465602553171852,10.215740278922114,9.475393326367602
GLW,2020Q1,2020,Q1,1,0,0,0,2391.0,561.0,1830.0,682.0,395.0,338.0,-121.0,-108.0,-96.0,261.0,165.0,27859.0,12198.0,28898.0,12907.0,0.1091593475533249,0.165202843998327,0.2346298619824341,-0.0506064408197406,-0.0401505646173149,278.0,255.0,249.0,249.0,265.0,244.0,243.0,241.0,240.0,213.0,207.0,200.0,0.098686545970891,0.0869120654396728,0.0846938775510204,0.0885490753911806,0.0873146622734761,0.0811170212765957,0.0884601383327266,0.0964,0.0910125142207053,0.0817031070195627,0.0828994793752503,0.0842105263157894,-0.1497155049786629,-1.192384769539078,-0.4895359417652412,0.0481927710843372,-0.6486486486486487,-1.288095238095238,-1.1878260869565218,0.0683012259194395,-0.0149625935162094,0.0044182621502208,0.2327553627307221,0.1584797938236799,-0.3996549846272932,-1.33882217044074,-1.2262592939957706,-0.7794117647058824,Information Technology,45.0,1.0,100,7.779885115070522,2817.0,2812.0,10.234947247333796,9.409109260148737,10.271562271425733,9.465602553171852
GLW,2020Q2,2020,Q2,0,1,0,0,2561.0,756.0,1805.0,859.0,401.0,370.0,-103.0,-49.0,-71.0,430.0,359.0,27546.0,12049.0,27859.0,12198.0,0.16455395133267978,0.156579461147989,0.2951971885982038,-0.0402186645841468,-0.0277235454900429,261.0,278.0,255.0,249.0,249.0,265.0,244.0,243.0,241.0,240.0,213.0,207.0,0.1091593475533249,0.098686545970891,0.0869120654396728,0.0846938775510204,0.0885490753911806,0.0873146622734761,0.0811170212765957,0.0884601383327266,0.0964,0.0910125142207053,0.0817031070195627,0.0828994793752503,-0.1289115646258503,-1.7717391304347827,-0.2901408450704225,0.7269076305220883,-0.4307692307692308,-1.2754010695187166,-1.226851851851852,-0.0373333333333333,-0.0314009661835749,0.2431259044862517,0.9824710791624128,0.1119411009060094,-0.1850894511936909,-1.3161574167844696,-1.8859480841383287,0.0527859237536656,Information Technology,45.0,2.0,101,7.848543482456679,2391.0,2940.0,10.223648915729836,9.396819938918801,10.234947247333796,9.409109260148737
GLW,2020Q3,2020,Q3,0,0,1,0,3001.0,1001.0,2000.0,744.0,480.0,914.0,257.0,450.0,427.0,231.0,658.0,30267.0,12660.0,27546.0,12049.0,0.0769743418860379,0.1599466844385205,0.3335554815061646,0.0856381206264578,0.1422859046984338,430.0,261.0,278.0,255.0,249.0,249.0,265.0,244.0,243.0,241.0,240.0,213.0,0.16455395133267978,0.1091593475533249,0.098686545970891,0.0869120654396728,0.0846938775510204,0.0885490753911806,0.0873146622734761,0.0811170212765957,0.0884601383327266,0.0964,0.0910125142207053,0.0817031070195627,0.0228357191547374,0.2670623145400592,-0.0157325467059979,-0.0941176470588235,0.0640279394644935,-0.2958904109589041,0.1029411764705883,0.0432968179447053,0.3008130081300812,0.1411042944785276,-0.1143422780641747,0.27177119821848,-0.0377071949468171,-0.3116102851560896,0.2387740189471956,0.1114864864864864,Information Technology,45.0,3.0,102,8.007034012193408,2561.0,2934.0,10.317846327814411,9.446281681520253,10.223648915729836,9.396819938918801
GLW,2020Q4,2020,Q4,0,0,0,1,3350.0,1213.0,2137.0,737.0,471.0,797.0,476.0,330.0,252.0,232.0,484.0,30775.0,13257.0,30267.0,12660.0,0.0692537313432835,0.1405970149253731,0.3620895522388059,0.1420895522388059,0.0752238805970149,231.0,430.0,261.0,278.0,255.0,249.0,249.0,265.0,244.0,243.0,241.0,240.0,0.0769743418860379,0.16455395133267978,0.1091593475533249,0.098686545970891,0.0869120654396728,0.0846938775510204,0.0885490753911806,0.0873146622734761,0.0811170212765957,0.0884601383327266,0.0964,0.0910125142207053,0.1892083777067803,6.875,0.4203747072599531,-0.1654676258992805,0.699360341151386,2.238095238095238,18.41176470588235,0.0886398369842078,0.1745635910224439,0.0424328147100423,-0.2982454633308279,-0.0123147355491868,0.1943867314481455,1.722899786780384,5.622052238805971,0.5612903225806452,Information Technology,45.0,4.0,103,8.11701408773731,3001.0,2817.0,10.33449044443213,9.492356422801336,10.317846327814411,9.446281681520253
GLW,2021Q1,2021,Q1,1,0,0,0,3290.0,1156.0,2134.0,654.0,400.0,1264.0,502.0,825.0,599.0,222.0,821.0,30143.0,13369.0,30775.0,13257.0,0.0674772036474164,0.121580547112462,0.3513677811550152,0.1525835866261398,0.1820668693009118,232.0,231.0,430.0,261.0,278.0,255.0,249.0,249.0,265.0,244.0,243.0,241.0,0.0692537313432835,0.0769743418860379,0.16455395133267978,0.1091593475533249,0.098686545970891,0.0869120654396728,0.0846938775510204,0.0885490753911806,0.0873146622734761,0.0811170212765957,0.0884601383327266,0.0964,0.3759933082392304,-7.239583333333333,1.0606060606060606,-0.1494252873563218,2.739644970414201,-5.148760330578512,-8.63888888888889,0.1661202185792349,0.0126582278481013,-0.0410557184750732,-0.3818467665863118,-0.2640529414027932,0.4975407571152253,-4.015102112587606,-5.534602963525836,3.975757575757576,Information Technology,45.0,1.0,104,8.098946748943339,3350.0,2391.0,10.31374117737609,9.500768670095988,10.33449044443213,9.492356422801336
GLW,2021Q2,2021,Q2,0,1,0,0,3501.0,1315.0,2186.0,740.0,465.0,968.0,575.0,521.0,449.0,242.0,691.0,29806.0,11960.0,30143.0,13369.0,0.069123107683519,0.1328191945158526,0.3756069694373036,0.1642387889174521,0.1282490716938017,222.0,232.0,231.0,430.0,261.0,278.0,255.0,249.0,249.0,265.0,244.0,243.0,0.0674772036474164,0.0692537313432835,0.0769743418860379,0.16455395133267978,0.1091593475533249,0.098686545970891,0.0869120654396728,0.0846938775510204,0.0885490753911806,0.0873146622734761,0.0811170212765957,0.0884601383327266,0.3670441233893011,-7.323943661971831,0.7394179894179893,-0.4372093023255814,1.616216216216216,-6.58252427184466,-11.63265306122449,0.2110803324099723,0.1596009975062344,-0.1385331781140861,-0.5883156307500182,-0.1517457427553652,0.272393450699649,-5.08364600405432,-5.6259982057440325,0.924791086350975,Information Technology,45.0,2.0,105,8.161089512845797,3290.0,2561.0,10.302498544237826,9.389406636049465,10.31374117737609,9.500768670095988
GLW,2021Q3,2021,Q3,0,0,1,0,3615.0,1321.0,2294.0,769.0,486.0,936.0,552.0,493.0,371.0,251.0,622.0,29706.0,12145.0,29806.0,11960.0,0.069432918395574,0.1344398340248962,0.3654218533886583,0.1526970954356846,0.1026279391424619,242.0,222.0,232.0,231.0,430.0,261.0,278.0,255.0,249.0,249.0,265.0,244.0,0.069123107683519,0.0674772036474164,0.0692537313432835,0.0769743418860379,0.16470618821878605,0.1091593475533249,0.098686545970891,0.0869120654396728,0.0846938775510204,0.0885490753911806,0.0873146622734761,0.0811170212765957,0.2045984671776075,-0.1311475409836066,0.3196803196803197,0.0865800865800865,0.0240700218818381,1.1478599221789882,0.0955555555555556,0.147,0.0124999999999999,0.0336021505376344,-0.0979732116661575,-0.1594709543568465,0.0955354465727909,0.7830505190758354,-0.2787202684624629,-0.0547112462006078,Information Technology,45.0,3.0,106,8.193123721512068,3501.0,3001.0,10.299137987255902,9.40475517645752,10.302498544237826,9.389406636049465
GLW,2021Q4,2021,Q4,0,0,0,1,3676.0,1271.0,2405.0,788.0,476.0,1028.0,483.0,585.0,487.0,280.0,767.0,30154.0,12333.0,29706.0,12145.0,0.0761697497279651,0.1294885745375408,0.3457562568008705,0.1313928182807399,0.132480957562568,251.0,242.0,222.0,232.0,231.0,430.0,261.0,278.0,255.0,249.0,249.0,265.0,0.069432918395574,0.069123107683519,0.0674772036474164,0.0692537313432835,0.0769743418860379,0.16485842510489254,0.1091593475533249,0.098686545970891,0.0869120654396728,0.0846938775510204,0.0885490753911806,0.0873146622734761,0.0973134328358209,0.9325396825396826,0.0478153338829347,0.2068965517241379,0.2898368883312421,0.0147058823529411,0.7727272727272727,0.1254094525035096,0.0106157112526539,0.0691994572591587,0.0998649206408766,-0.0790090770684464,-0.0451084416464003,-0.0752816360494145,0.7611555866452491,0.584710743801653,Information Technology,45.0,4.0,107,8.209852481301272,3615.0,3350.0,10.314106025885087,9.420114955551439,10.299137987255902,9.40475517645752
GLW,2022Q1,2022,Q1,1,0,0,0,3680.0,1283.0,2397.0,713.0,434.0,1227.0,570.0,783.0,581.0,248.0,829.0,30257.0,12395.0,30154.0,12333.0,0.067391304347826,0.1179347826086956,0.3486413043478261,0.154891304347826,0.1578804347826087,280.0,251.0,242.0,222.0,232.0,231.0,430.0,261.0,278.0,255.0,249.0,249.0,0.0761697497279651,0.069432918395574,0.069123107683519,0.0674772036474164,0.0692537313432835,0.0769743418860379,0.165010661990999,0.1091593475533249,0.098686545970891,0.0869120654396728,0.0846938775510204,0.0885490753911806,0.1185410334346503,-0.030050083472454,0.1098615916955016,0.117117117117117,-0.0292721518987342,0.1354581673306774,-0.0509090909090909,0.1232427366447985,0.0849999999999999,0.0902140672782874,-0.0012730121425773,-0.0299864130434782,-0.0077596095983151,0.0151242854668283,-0.1328436887566233,0.0097442143727162,Information Technology,45.0,1.0,108,8.210939733379021,3676.0,3290.0,10.31751589130478,9.42512911890764,10.314106025885087,9.420114955551439
GLW,2022Q2,2022,Q2,0,1,0,0,3615.0,1246.0,2369.0,756.0,486.0,1197.0,490.0,750.0,563.0,240.0,803.0,29718.0,11734.0,30257.0,12395.0,0.0663900414937759,0.1344398340248962,0.3446749654218534,0.1355463347164592,0.1557399723374827,248.0,280.0,251.0,242.0,222.0,232.0,231.0,430.0,261.0,278.0,255.0,249.0,0.067391304347826,0.0761697497279651,0.069432918395574,0.069123107683519,0.0674772036474164,0.0692537313432835,0.0769743418860379,0.16516289887710528,0.1091593475533249,0.098686545970891,0.0869120654396728,0.0846938775510204,0.0325621251071122,0.2538975501113585,-0.0524714828897338,-0.0082644628099173,0.2365702479338842,-0.1478260869565217,0.4395393474088291,0.0837145471180238,0.0451612903225806,0.0216216216216216,-0.0395391104557456,0.0122018471422835,-0.08235205023429,-0.174699621143785,0.214355552680461,0.1620839363241679,Information Technology,45.0,2.0,109,8.193123721512068,3680.0,3501.0,10.299541850890105,9.370331108285123,10.31751589130478,9.42512911890764
GLW,2022Q3,2022,Q3,0,0,1,0,3488.0,1062.0,2426.0,770.0,461.0,691.0,292.0,260.0,208.0,278.0,486.0,28735.0,11284.0,29718.0,11734.0,0.0797018348623853,0.1321674311926605,0.3044724770642202,0.0837155963302752,0.0596330275229357,240.0,248.0,280.0,251.0,242.0,222.0,232.0,231.0,430.0,261.0,278.0,255.0,0.0663900414937759,0.067391304347826,0.0761697497279651,0.069432918395574,0.069123107683519,0.0674772036474164,0.0692537313432835,0.0769743418860379,0.16531513576321177,0.1091593475533249,0.098686545970891,0.0869120654396728,-0.035131396957123,-0.4393530997304582,-0.1960635881907645,0.1075697211155377,-0.2617521367521367,-0.4710144927536231,-0.4726166328600405,0.0575414123801221,-0.051440329218107,0.0013003901170351,0.1478969443327604,-0.0169027494620001,-0.1667918209029855,-0.4517538392500998,-0.4189396374786716,-0.2186495176848875,Information Technology,45.0,3.0,110,8.157370441186774,3615.0,3615.0,10.265905971101926,9.331229689251636,10.299541850890105,9.370331108285123
GLW,2022Q4,2022,Q4,0,0,0,1,3406.0,915.0,2491.0,829.0,517.0,426.0,86.0,4.0,-36.0,281.0,245.0,29499.0,12008.0,28735.0,11284.0,0.0825014679976512,0.1517909571344685,0.2686435701702877,0.0252495596007046,-0.010569583088667,278.0,240.0,248.0,280.0,251.0,242.0,222.0,232.0,231.0,430.0,261.0,278.0,0.0797018348623853,0.0663900414937759,0.067391304347826,0.0761697497279651,0.069432918395574,0.069123107683519,0.0674772036474164,0.0692537313432835,0.0769743418860379,0.16546737264931824,0.1091593475533249,0.098686545970891,-0.0734494015233949,-1.0739219712525667,-0.2800944138473643,0.0035714285714285,-0.5856031128404668,-0.8219461697722568,-0.9931623931623932,0.0357588357588356,0.0861344537815125,0.0520304568527918,0.0831264155691635,0.1722343664418202,-0.2230261495310954,-0.8078315091259001,-1.079781904381807,-0.6805736636245111,Information Technology,45.0,4.0,111,8.133587417660966,3488.0,3676.0,10.292145542327912,9.393411647660683,10.265905971101926,9.331229689251636
GLW,2023Q1,2023,Q1,1,0,0,0,3178.0,1003.0,2175.0,706.0,421.0,645.0,297.0,228.0,176.0,254.0,430.0,28822.0,11925.0,29499.0,12008.0,0.079924480805538,0.132473253618628,0.315607300188798,0.0934550031466331,0.0553807426054122,281.0,278.0,240.0,248.0,280.0,251.0,242.0,222.0,232.0,231.0,430.0,261.0,0.0825014679976512,0.0797018348623853,0.0663900414937759,0.067391304347826,0.0761697497279651,0.069432918395574,0.069123107683519,0.0674772036474164,0.0692537313432835,0.0769743418860379,0.1656196095354245,0.1091593475533249,-0.1364130434782609,-0.6970740103270223,-0.2182385035074044,0.0241935483870967,-0.4743276283618581,-0.4789473684210527,-0.7088122605363985,-0.0926157697121401,-0.0299539170506912,-0.0098176718092566,0.1859761667918553,0.1232755145542656,-0.0947506900274538,-0.3966413831936669,-0.6492235236008315,-0.4813027744270205,Information Technology,45.0,1.0,112,8.064321960910803,3406.0,3680.0,10.268928958514973,9.386476169683052,10.292145542327912,9.393411647660683
GLW,2023Q2,2023,Q2,0,1,0,0,3243.0,1013.0,2230.0,734.0,440.0,833.0,279.0,409.0,281.0,263.0,544.0,28645.0,11412.0,28822.0,11925.0,0.0810977489978415,0.1356768424298489,0.3123650940487203,0.0860314523589269,0.0866481652790625,254.0,281.0,278.0,240.0,248.0,280.0,251.0,242.0,222.0,232.0,231.0,430.0,0.079924480805538,0.0825014679976512,0.0797018348623853,0.0663900414937759,0.067391304347826,0.0761697497279651,0.069432918395574,0.069123107683519,0.0674772036474164,0.0692537313432835,0.0769743418860379,0.165771846421531,-0.1029045643153526,-0.5008880994671403,-0.1869983948635634,0.0958333333333334,-0.3040935672514619,-0.4306122448979591,-0.4546666666666666,-0.0586745462220346,-0.0946502057613168,-0.029100529100529,0.2215348442799876,0.0092012044936291,-0.093740116383528,-0.3652985708622023,-0.4436356705438521,-0.3225404732254047,Information Technology,45.0,2.0,113,8.084562415235304,3178.0,3615.0,10.262769096339811,9.3425083355536,10.268928958514973,9.386476169683052
GLW,2023Q3,2023,Q3,0,0,1,0,3173.0,1004.0,2169.0,768.0,468.0,639.0,236.0,217.0,164.0,270.0,434.0,28278.0,11430.0,28645.0,11412.0,0.0850929719508351,0.1474944847147809,0.3164197919949574,0.0743775606681374,0.051686101481248,263.0,254.0,281.0,278.0,240.0,248.0,280.0,251.0,242.0,222.0,232.0,231.0,0.0810977489978415,0.079924480805538,0.0825014679976512,0.0797018348623853,0.0663900414937759,0.067391304347826,0.0761697497279651,0.069432918395574,0.069123107683519,0.0674772036474164,0.0692537313432835,0.0769743418860379,-0.0903096330275229,-0.2115384615384615,-0.0546139359698681,-0.0287769784172662,-0.0752532561505064,-0.1917808219178082,-0.1653846153846153,-0.1059356966199505,0.0151843817787418,-0.0025974025974025,0.0676413171385363,0.1159669472563036,0.0392393921642293,-0.1115447547586873,-0.1332638366990715,-0.1069958847736625,Information Technology,45.0,3.0,114,8.062747901086354,3243.0,3488.0,10.24987475870638,9.344084242025778,10.262769096339811,9.3425083355536
GLW,2023Q4,2023,Q4,0,0,0,1,2994.0,911.0,2083.0,833.0,514.0,397.0,78.0,-38.0,-40.0,289.0,249.0,28500.0,11551.0,28278.0,11430.0,0.0965263861055444,0.1716766867067468,0.3042752171008684,0.0260521042084168,-0.0133600534402137,270.0,263.0,254.0,281.0,278.0,240.0,248.0,280.0,251.0,242.0,222.0,232.0,0.0850929719508351,0.0810977489978415,0.079924480805538,0.0825014679976512,0.0797018348623853,0.0663900414937759,0.067391304347826,0.0761697497279651,0.069432918395574,0.069123107683519,0.0674772036474164,0.0692537313432835,-0.1209630064591896,0.1111111111111111,-0.0043715846994535,0.0284697508896796,-0.068075117370892,-0.0930232558139535,-10.5,-0.1637896427137696,-0.0058027079303675,0.0048250904704463,0.169995982475033,0.1310073402769433,0.1326353983011561,0.0317844992310201,0.2640095004824463,0.0163265306122448,Information Technology,45.0,4.0,115,8.00469951054955,3173.0,3406.0,10.25769445336048,9.354613861132608,10.24987475870638,9.344084242025778
GLW,2024Q1,2024,Q1,1,0,0,0,2975.0,993.0,1982.0,739.0,451.0,716.0,254.0,296.0,209.0,258.0,467.0,27618.0,11226.0,28500.0,11551.0,0.0867226890756302,0.1515966386554622,0.333781512605042,0.0853781512605042,0.0702521008403361,289.0,270.0,263.0,254.0,281.0,278.0,240.0,248.0,280.0,251.0,242.0,222.0,0.0965263861055444,0.0850929719508351,0.0810977489978415,0.079924480805538,0.0825014679976512,0.0797018348623853,0.0663900414937759,0.067391304347826,0.0761697497279651,0.069432918395574,0.069123107683519,0.0674772036474164,-0.0638766519823789,0.1875,-0.0099700897308075,0.0157480314960629,0.1100775193798448,-0.1447811447811448,0.2982456140350877,-0.088735632183908,0.0712589073634204,0.046742209631728,0.0850578971746178,0.1443565739835126,0.0575848923816784,-0.0864250346603288,0.2685294117647059,0.086046511627907,Information Technology,45.0,1.0,116,7.998335395952982,2994.0,3178.0,10.226259220659761,9.32607687045878,10.25769445336048,9.354613861132608
GLW,2024Q2,2024,Q2,0,1,0,0,3251.0,949.0,2302.0,763.0,471.0,593.0,186.0,172.0,104.0,262.0,366.0,27179.0,10585.0,27618.0,11226.0,0.0805905875115349,0.1448784989234081,0.2919101814826207,0.0572131651799446,0.0319901568748077,258.0,289.0,270.0,263.0,254.0,281.0,278.0,240.0,248.0,280.0,251.0,242.0,0.0867226890756302,0.0965263861055444,0.0850929719508351,0.0810977489978415,0.079924480805538,0.0825014679976512,0.0797018348623853,0.0663900414937759,0.067391304347826,0.0761697497279651,0.069432918395574,0.069123107683519,0.0024668516805426,-0.6298932384341638,-0.0631786771964462,-0.0038022813688213,-0.2881152460984394,-0.3333333333333333,-0.5794621026894866,0.032286995515695,0.0704545454545455,0.0395095367847411,-0.0062537060840009,0.0678203909286654,-0.065483989587227,-0.3349738541987082,-0.6308039902313112,-0.3272058823529411,Information Technology,45.0,2.0,117,8.087025470667701,2975.0,3243.0,10.210236687705134,9.267287652417933,10.226259220659761,9.32607687045878
GLW,2024Q3,2024,Q3,0,0,1,0,3391.0,1137.0,2254.0,835.0,510.0,332.0,302.0,-92.0,-117.0,294.0,177.0,28322.0,11103.0,27179.0,10585.0,0.086700088469478,0.1503981126511353,0.3352993217340018,0.0890592745502801,-0.034503096431731,262.0,258.0,289.0,270.0,263.0,254.0,281.0,278.0,240.0,248.0,280.0,251.0,0.0805905875115349,0.0867226890756302,0.0965263861055444,0.0850929719508351,0.0810977489978415,0.079924480805538,0.0825014679976512,0.0797018348623853,0.0663900414937759,0.067391304347826,0.0761697497279651,0.069432918395574,0.068704695871415,-1.7134146341463414,0.1324701195219124,0.0888888888888888,-0.4804381846635368,0.2796610169491524,-1.423963133640553,0.0391885661595206,0.0897435897435896,0.0872395833333332,0.0188865952357546,0.0196863492351548,0.0596660835278761,0.1973943989323681,-1.66755076206026,-0.5921658986175116,Information Technology,45.0,3.0,118,8.129174996911793,3251.0,3173.0,10.251429474400627,9.315060682746585,10.210236687705134,9.267287652417933
GLW,2024Q4,2024,Q4,0,0,0,1,3501.0,1197.0,2304.0,804.0,499.0,851.0,393.0,437.0,310.0,275.0,585.0,27735.0,10686.0,28322.0,11103.0,0.0785489860039988,0.1425307055127106,0.3419023136246786,0.1122536418166238,0.088546129677235,294.0,262.0,258.0,289.0,270.0,263.0,254.0,281.0,278.0,240.0,248.0,280.0,0.086700088469478,0.0805905875115349,0.0867226890756302,0.0965263861055444,0.0850929719508351,0.0810977489978415,0.079924480805538,0.0825014679976512,0.0797018348623853,0.0663900414937759,0.067391304347826,0.0761697497279651,0.1693386773547094,-8.75,0.313940724478595,-0.0484429065743944,1.1435768261964734,4.038461538461538,-12.5,0.1060969755160825,-0.0291828793774319,-0.0348139255702281,-0.1862433768305447,-0.1697725052430823,0.1236613907708976,3.308812866653484,-7.627677806341045,1.3493975903614457,Information Technology,45.0,4.0,119,8.161089512845797,3391.0,2994.0,10.230486487364859,9.276783328524896,10.251429474400627,9.315060682746585
GLW,2025Q1,2025,Q1,1,0,0,0,3452.0,1214.0,2238.0,769.0,471.0,641.0,445.0,240.0,157.0,270.0,427.0,27394.0,10716.0,27735.0,10686.0,0.0782155272305909,0.1364426419466975,0.3516801853997682,0.1289107763615295,0.0454808806488991,275.0,294.0,262.0,258.0,289.0,270.0,263.0,254.0,281.0,278.0,240.0,248.0,0.0785489860039988,0.086700088469478,0.0805905875115349,0.0867226890756302,0.0965263861055444,0.0850929719508351,0.0810977489978415,0.079924480805538,0.0825014679976512,0.0797018348623853,0.0663900414937759,0.067391304347826,0.1603361344537814,-0.2488038277511961,0.2225579053373616,0.0465116279069768,-0.1047486033519553,0.7519685039370079,-0.1891891891891891,0.1291624621594349,0.0443458980044346,0.040595399188092,-0.0980961491821392,-0.099962616870454,0.0536239189972915,0.5098801562029545,-0.3526046893278703,-0.0856531049250535,Information Technology,45.0,1.0,120,8.146998697389993,3501.0,2975.0,10.218115793972515,9.279586544712997,10.230486487364859,9.276783328524896
GLW,2025Q2,2025,Q2,0,1,0,0,3862.0,1392.0,2470.0,819.0,515.0,1007.0,573.0,584.0,469.0,276.0,745.0,28745.0,11116.0,27394.0,10716.0,0.0714655618850336,0.133350595546349,0.3604350077679958,0.1483687208700155,0.1214396685655101,270.0,275.0,294.0,262.0,258.0,289.0,270.0,263.0,254.0,281.0,278.0,240.0,0.0782155272305909,0.0785489860039988,0.086700088469478,0.0805905875115349,0.0867226890756302,0.0965263861055444,0.0850929719508351,0.0810977489978415,0.079924480805538,0.0825014679976512,0.0797018348623853,0.0663900414937759,0.1879421716394955,3.509615384615385,0.4668071654373025,0.0534351145038167,0.6981450252951096,2.0806451612903225,2.395348837209302,0.0729800173761945,0.0934182590233545,0.073394495412844,-0.1132269401212043,-0.0795694562182999,0.2347462700250311,1.5932618900452715,2.7961573317930126,1.0355191256830605,Information Technology,45.0,2.0,121,8.259199362666282,3452.0,3251.0,10.266253906111178,9.316230747233615,10.218115793972515,9.279586544712997
GLW,2025Q3,2025,Q3,0,0,1,0,4100.0,1520.0,2580.0,931.0,624.0,955.0,589.0,550.0,430.0,280.0,710.0,29916.0,11536.0,28745.0,11116.0,0.0682926829268292,0.1521951219512195,0.3707317073170731,0.1436585365853658,0.1048780487804878,276.0,270.0,275.0,294.0,262.0,258.0,289.0,270.0,263.0,254.0,281.0,278.0,0.0714655618850336,0.0782155272305909,0.0785489860039988,0.086700088469478,0.0805905875115349,0.0867226890756302,0.0965263861055444,0.0850929719508351,0.0810977489978415,0.079924480805538,0.0825014679976512,0.0797018348623853,0.2090828664110882,-4.675213675213675,0.3368513632365875,-0.0476190476190476,1.8765060240963851,0.9503311258278146,-6.978260869565218,0.1446317657497782,0.2235294117647059,0.1149700598802394,-0.2123112659698025,0.0119483500717358,0.1056738957890897,0.6130665482151509,-4.039670627475505,3.0112994350282483,Information Technology,45.0,3.0,122,8.31898612539206,3862.0,3391.0,10.306182159681624,9.35331454092729,10.266253906111178,9.316230747233615
