ticker,Year_Quarter,year,quarter,Q1,Q2,Q3,Q4,revenue,grossProfit,costOfRevenue,operatingExpenses,snaExpenses,ebitda,operatingIncome,incomeBeforeTax,netIncome,rnd,net_plus_rnd,totalAssets,totalEquity,totalAssets_lag1,totalEquity_lag1,rnd_to_rev_ratio,sna_to_rev_ratio,grossProfitRatio,operatingIncomeRatio,netIncomeRatio,rnd_lag1,rnd_lag2,rnd_lag3,rnd_lag4,rnd_lag5,rnd_lag6,rnd_lag7,rnd_lag8,rnd_lag9,rnd_lag10,rnd_lag11,rnd_lag12,rnd_to_rev_ratio_lag1,rnd_to_rev_ratio_lag2,rnd_to_rev_ratio_lag3,rnd_to_rev_ratio_lag4,rnd_to_rev_ratio_lag5,rnd_to_rev_ratio_lag6,rnd_to_rev_ratio_lag7,rnd_to_rev_ratio_lag8,rnd_to_rev_ratio_lag9,rnd_to_rev_ratio_lag10,rnd_to_rev_ratio_lag11,rnd_to_rev_ratio_lag12,revenue_yoy,netIncome_yoy,grossProfit_yoy,rnd_yoy,ebitda_yoy,operatingIncome_yoy,incomeBeforeTax_yoy,costOfRevenue_yoy,snaExpenses_yoy,operatingExpenses_yoy,rnd_to_rev_ratio_yoy,sna_to_rev_ratio_yoy,grossProfitRatio_yoy,operatingIncomeRatio_yoy,netIncomeRatio_yoy,net_plus_rnd_yoy,gics_sectors,gics_sector_code,quarter_int,time_idx,revenue_log,revenue_lag1,revenue_lag4,totalAssets_log,totalEquity_log,totalAssets_lag1_log,totalEquity_lag1_log
HAS,1995Q2,1995,Q2,0,1,0,0,481.9,289.0,192.9,311.3,280.4,8.6,-22.3,-24.2,-14.9,0.0,-14.9,2459.8,1402.6,2329.8,1420.0,0.0,0.5818634571487861,0.5997094832952895,-0.0462751608217472,-0.0309192778584768,0.0,,,,,,,,,,,,0.0,,,,,,,,,,,,,,,,,,,,,,,,,,,,Consumer Discretionary,25.0,2.0,1,6.179809592879496,526.5,,7.808241779311325,7.24679564370906,7.753966835268919,7.259116128097101
HAS,1995Q3,1995,Q3,0,0,1,0,826.2,490.5,335.7,379.7,344.8,145.7,110.8,103.4,63.6,0.0,63.6,2917.5,1461.9,2459.8,1402.6,0.0,0.4173323650447833,0.5936819172113289,0.1341079641733236,0.0769789397240377,0.0,0.0,,,,,,,,,,,0.0,0.0,,,,,,,,,,,,,,,,,,,,,,,,,,,Consumer Discretionary,25.0,3.0,2,6.718046503754165,481.9,,7.978825064643845,7.288176045984041,7.808241779311325,7.24679564370906
HAS,1995Q4,1995,Q4,0,0,0,1,1023.7,619.8,403.9,442.2,406.6,213.2,177.6,138.2,85.2,0.0,85.2,2616.4,1525.6,2917.5,1461.9,0.0,0.3971866757839211,0.6054508156686529,0.1734883266582006,0.0832275080590016,0.0,0.0,0.0,,,,,,,,,,0.0,0.0,0.0,,,,,,,,,,,,,,,,,,,,,,,,,,Consumer Discretionary,25.0,4.0,3,6.932155165805672,826.2,,7.86993673762138,7.33079831936437,7.978825064643845,7.288176045984041
HAS,1996Q1,1996,Q1,1,0,0,0,538.7,319.6,219.1,278.6,250.1,69.5,41.0,39.1,24.4,0.0,24.4,2403.9,1553.6,2616.4,1525.6,0.0,0.4642658251345832,0.5932801188045295,0.076109151661407,0.0452942268423983,0.0,0.0,0.0,0.0,,,,,,,,,0.0,0.0,0.0,0.0,,,,,,,,,0.0231718898385566,0.1244239631336405,0.2387596899224806,,0.0373134328358208,0.0649350649350648,0.1076487252124647,-0.1839851024208566,0.3094240837696334,0.269248291571754,,0.2797694080280528,0.2107053587231968,0.0408173597332681,0.0989590061070384,0.1244239631336405,Consumer Discretionary,25.0,1.0,4,6.291013429624597,1023.7,526.5,7.785263601633807,7.348973556796119,7.86993673762138,7.33079831936437
HAS,1996Q2,1996,Q2,0,1,0,0,511.6,304.5,207.1,292.6,255.5,49.0,11.9,9.2,6.0,0.0,6.0,2527.5,1536.4,2403.9,1553.6,0.0,0.4994136043784206,0.5951915559030493,0.0232603596559812,0.0117279124315871,0.0,0.0,0.0,0.0,0.0,,,,,,,,0.0,0.0,0.0,0.0,0.0,,,,,,,,0.0616310437850178,-1.4026845637583891,0.0536332179930796,,4.697674418604652,-1.5336322869955157,-1.3801652892561984,0.0736132711249351,-0.0888017118402282,-0.0600706713780918,,-0.1416996578104105,-0.0075335266793098,-1.5026532429693882,-1.3793074497169031,-1.4026845637583891,Consumer Discretionary,25.0,2.0,5,6.239495813929971,538.7,481.9,7.835381520520038,7.337847956915032,7.785263601633807,7.348973556796119
HAS,1996Q3,1996,Q3,0,0,1,0,845.1,498.1,347.0,384.5,349.3,148.8,113.6,105.0,70.5,0.0,70.5,2999.5,1570.9,2527.5,1536.4,0.0,0.4133238669979884,0.5893977044136789,0.1344219618980002,0.083422080227192,0.0,0.0,0.0,0.0,0.0,0.0,,,,,,,0.0,0.0,0.0,0.0,0.0,0.0,,,,,,,0.0228758169934639,0.1084905660377357,0.0154943934760449,,0.0212765957446809,0.0252707581227435,0.0154738878143132,0.0336610068513554,0.0130510440835267,0.0126415591256254,,-0.009605049554124,-0.0072163437582435,0.0023413801455578,0.0837000421966365,0.1084905660377357,Consumer Discretionary,25.0,3.0,6,6.740637555930455,511.6,826.2,8.006534220429568,7.360040357734192,7.835381520520038,7.337847956915032
HAS,1996Q4,1996,Q4,0,0,0,1,1107.0,649.5,457.5,483.8,446.3,203.2,165.7,153.7,99.1,0.0,99.1,2701.5,1652.0,2999.5,1570.9,0.0,0.4031616982836495,0.5867208672086721,0.149683830171635,0.0895212285456187,0.0,0.0,0.0,0.0,0.0,0.0,0.0,,,,,,0.0,0.0,0.0,0.0,0.0,0.0,0.0,,,,,,0.0813714955553384,0.1631455399061032,0.047918683446273,,-0.0469043151969981,-0.0670045045045045,0.1121562952243127,0.1327061153750928,0.0976389572060993,0.094075079149706,,0.0150433608779438,-0.0309355408817074,-0.1372109406154121,0.0756206767857976,0.1631455399061032,Consumer Discretionary,25.0,4.0,7,7.010311867307229,845.1,1023.7,7.901932549513363,7.410347097821024,8.006534220429568,7.360040357734192
HAS,1997Q1,1997,Q1,1,0,0,0,555.8,341.0,214.8,300.6,206.1,71.0,40.4,40.2,25.7,63.9,89.6,2449.9,1633.9,2701.5,1652.0,0.1149694134580784,0.3708168405901403,0.6135300467794171,0.0726880172724001,0.0462396545519971,0.0,0.0,0.0,0.0,0.0,0.0,0.0,0.0,,,,,0.0,0.0,0.0,0.0,0.0,0.0,0.0,0.0,,,,,0.0317430852051232,0.0532786885245901,0.0669586983729662,,0.0215827338129497,-0.0146341463414634,0.0281329923273656,-0.01962574167047,-0.1759296281487404,0.0789662598707825,,-0.2012833585529443,0.034132153316871,-0.0449503681794641,0.0208730289820022,2.672131147540984,Consumer Discretionary,25.0,1.0,8,6.32220610902021,1107.0,538.7,7.804210583022181,7.3993369193813665,7.901932549513363,7.410347097821024
HAS,1997Q2,1997,Q2,0,1,0,0,583.9,358.7,225.2,336.0,209.2,61.6,22.7,20.3,13.0,87.9,100.9,2646.8,1599.0,2449.9,1633.9,0.1505394759376605,0.3582805274875835,0.6143175201233088,0.0388765199520465,0.02226408631615,63.9,0.0,0.0,0.0,0.0,0.0,0.0,0.0,0.0,,,,0.1149694134580784,0.0,0.0,0.0,0.0,0.0,0.0,0.0,0.0,,,,0.1413213448006254,1.1666666666666663,0.1779967159277504,,0.2571428571428571,0.907563025210084,1.206521739130435,0.0873973925639788,-0.1812133072407045,0.1483253588516746,,-0.2825975817508895,0.0321341323319697,0.6713636644930279,0.8983844265570589,15.816666666666666,Consumer Discretionary,25.0,2.0,9,6.37144089244898,555.8,511.6,7.881484385503557,7.3777589082278725,7.804210583022181,7.3993369193813665
HAS,1997Q3,1997,Q3,0,0,1,0,915.5,537.5,378.0,411.7,272.4,168.5,125.8,115.4,77.4,102.6,180.0,3024.0,1635.1,2646.8,1599.0,0.1120699071545603,0.2975423265974877,0.5871108683779356,0.137411250682687,0.0845439650464227,87.9,63.9,0.0,0.0,0.0,0.0,0.0,0.0,0.0,0.0,,,0.1505394759376605,0.1149694134580784,0.0,0.0,0.0,0.0,0.0,0.0,0.0,0.0,,,0.0833037510353804,0.0978723404255319,0.0791005822124071,,0.1323924731182795,0.1073943661971832,0.099047619047619,0.0893371757925072,-0.2201545949040939,0.0707412223667098,,-0.2801230454980336,-0.0038799540931673,0.0222380981684755,0.0134482958969055,1.5531914893617025,Consumer Discretionary,25.0,3.0,10,6.820562067279759,583.9,845.1,8.014666370464942,7.400070639989031,7.881484385503557,7.3777589082278725
HAS,1997Q4,1997,Q4,0,0,0,1,1133.4,699.3,434.1,528.0,341.0,225.7,171.3,28.6,18.9,132.6,151.5,2899.7,1838.1,3024.0,1635.1,0.1169931180518792,0.3008646550202929,0.6169931180518792,0.1511381683430386,0.0166754896770778,102.6,87.9,63.9,0.0,0.0,0.0,0.0,0.0,0.0,0.0,0.0,,0.1120699071545603,0.1505394759376605,0.1149694134580784,0.0,0.0,0.0,0.0,0.0,0.0,0.0,0.0,,0.0238482384823848,-0.8092835519677094,0.0766743648960739,,0.1107283464566928,0.0337960168980084,-0.8139232270657124,-0.0511475409836065,-0.2359399507058033,0.0913600661430342,,-0.2537370084977274,0.0515956607905008,0.0097160673249474,-0.813725862033046,0.5287588294651868,Consumer Discretionary,25.0,4.0,11,7.033859155777863,915.5,1107.0,7.9727073661576116,7.517031600504935,8.014666370464942,7.400070639989031
HAS,1998Q1,1998,Q1,1,0,0,0,482.8,298.1,184.7,292.0,191.0,39.8,6.1,11.8,7.8,67.3,75.1,2592.0,1802.7,2899.7,1838.1,0.1393951946975973,0.3956089478044739,0.6174399337199669,0.0126346313173156,0.016155758077879,132.6,102.6,87.9,63.9,0.0,0.0,0.0,0.0,0.0,0.0,0.0,0.0,0.1169931180518792,0.1120699071545603,0.1505394759376605,0.1149694134580784,0.0,0.0,0.0,0.0,0.0,0.0,0.0,0.0,-0.1313422094278516,-0.6964980544747081,-0.1258064516129031,0.0532081377151798,-0.4394366197183099,-0.849009900990099,-0.7064676616915423,-0.1401303538175047,-0.0732654051431344,-0.0286094477711245,0.2124546042711204,0.0668580940792169,0.0063727717347727,-0.8261799978672266,-0.6506081579889039,-0.1618303571428572,Consumer Discretionary,25.0,1.0,12,6.181671598175927,1133.4,555.8,7.860570785538664,7.497595389676153,7.9727073661576116,7.517031600504935
HAS,1998Q2,1998,Q2,0,1,0,0,572.1,349.3,222.8,337.0,214.7,52.5,12.3,8.3,5.5,82.1,87.6,3027.8,1745.8,2592.0,1802.7,0.1435063800034959,0.3752840412515294,0.6105575948260793,0.0214997378080755,0.0096137038979199,67.3,132.6,102.6,87.9,63.9,0.0,0.0,0.0,0.0,0.0,0.0,0.0,0.1393951946975973,0.1169931180518792,0.1120699071545603,0.1505394759376605,0.1149694134580784,0.0,0.0,0.0,0.0,0.0,0.0,0.0,-0.0202089398869668,-0.5769230769230769,-0.0262057429606913,-0.0659840728100115,-0.1477272727272727,-0.4581497797356827,-0.5911330049261083,-0.0106571936056837,0.0262906309751433,0.0029761904761904,-0.046719280045037,0.0474586600705928,-0.0061204917230339,-0.4469737045755378,-0.5681967918465034,-0.1318136769078296,Consumer Discretionary,25.0,2.0,13,6.351060221557692,482.8,583.9,8.01592178045506,7.465540821611406,7.860570785538664,7.497595389676153
HAS,1998Q3,1998,Q3,0,0,1,0,945.5,568.7,376.8,449.5,290.8,164.1,119.2,89.6,61.3,113.8,175.1,3676.3,1758.8,3027.8,1745.8,0.1203595980962453,0.3075621364357483,0.6014806980433633,0.1260708619777895,0.0648334214701216,82.1,67.3,132.6,102.6,87.9,63.9,0.0,0.0,0.0,0.0,0.0,0.0,0.1435063800034959,0.1393951946975973,0.1169931180518792,0.1120699071545603,0.1505394759376605,0.1149694134580784,0.0,0.0,0.0,0.0,0.0,0.0,0.0327689787001639,-0.2080103359173127,0.0580465116279069,0.1091617933723196,-0.0261127596439169,-0.0524642289348171,-0.2235701906412479,-0.0031746031746031,0.0675477239353892,0.09181442798154,0.0739689284318971,0.0336752419490733,0.0244754959231612,-0.0825288224112376,-0.2331395690452669,-0.0272222222222222,Consumer Discretionary,25.0,3.0,14,6.852770970649377,572.1,915.5,8.209934066224424,7.47295544521146,8.01592178045506,7.465540821611406
HAS,1998Q4,1998,Q4,0,0,0,1,1304.1,819.3,484.8,592.1,400.2,277.6,227.2,193.8,131.8,141.5,273.3,3793.8,1944.8,3676.3,1758.8,0.1085039490836592,0.3068783068783069,0.6282493673798022,0.1742197684226669,0.1010658691818112,113.8,82.1,67.3,132.6,102.6,87.9,63.9,0.0,0.0,0.0,0.0,0.0,0.1203595980962453,0.1435063800034959,0.1393951946975973,0.1169931180518792,0.1120699071545603,0.1505394759376605,0.1149694134580784,0.0,0.0,0.0,0.0,0.0,0.1506087877183692,5.973544973544975,0.1716001716001716,0.0671191553544494,0.2299512627381481,0.3263280793928778,5.776223776223777,0.1167933655839668,0.1736070381231671,0.1214015151515151,-0.072561267787184,0.0199878974072524,0.0182437194169426,0.1527185378298352,5.060743710617189,0.803960396039604,Consumer Discretionary,25.0,4.0,15,7.1740349451734815,945.5,1133.4,8.241386987518721,7.573428482541328,8.209934066224424,7.47295544521146
HAS,1999Q1,1999,Q1,1,0,0,0,668.398,432.198,236.2,402.5,244.4,75.898,29.698,20.0,13.8,111.9,125.7,3407.2,1908.8,3793.8,1944.8,0.1674152226667345,0.3656504058958884,0.6466177337454629,0.0444316111059578,0.0206463813476401,141.5,113.8,82.1,67.3,132.6,102.6,87.9,63.9,0.0,0.0,0.0,0.0,0.1085039490836592,0.1203595980962453,0.1435063800034959,0.1393951946975973,0.1169931180518792,0.1120699071545603,0.1505394759376605,0.1149694134580784,0.0,0.0,0.0,0.0,0.3844200497100249,0.7692307692307694,0.449842334786984,0.6627043090638931,0.9069849246231156,3.8685245901639354,0.6949152542372881,0.2788305360043313,0.2795811518324607,0.3784246575342465,0.2010114339301549,-0.0757276650966759,0.0472560947746041,2.516652760976465,0.2779580659795742,0.6737683089214384,Consumer Discretionary,25.0,1.0,16,6.506378801022539,1304.1,482.8,8.133939571673292,7.554753803516102,8.241386987518721,7.573428482541328
HAS,1999Q2,1999,Q2,0,1,0,0,874.6,557.8,316.8,499.6,259.7,118.3,58.2,46.8,32.3,179.8,212.1,3901.1,1804.1,3407.2,1908.8,0.18561849183679477,0.2969357420535101,0.6377772696089641,0.0665447061513834,0.036931168534187,111.9,141.5,113.8,82.1,67.3,132.6,102.6,87.9,63.9,0.0,0.0,0.0,0.1674152226667345,0.1085039490836592,0.1203595980962453,0.1435063800034959,0.1393951946975973,0.1169931180518792,0.1120699071545603,0.1505394759376605,0.1149694134580784,0.0,0.0,0.0,0.5287537143855969,4.872727272727272,0.5969081019181217,1.1900121802679662,1.2533333333333334,3.7317073170731705,4.638554216867469,0.4219030520646318,0.2095947834187237,0.4824925816023739,0.4325474140536283,-0.2087706659114431,0.044581666027164,2.0951403568460565,2.8415130033469844,1.4212328767123292,Consumer Discretionary,25.0,2.0,17,6.774909365648708,668.398,572.1,8.269270148737805,7.498371270894416,8.133939571673292,7.554753803516102
HAS,1999Q3,1999,Q3,0,0,1,0,1098.2,682.3,415.9,541.1,311.1,200.4,141.2,123.5,85.2,170.8,256.0,4193.3,1864.1,3901.1,1804.1,0.1555272263704243,0.28328173374613,0.6212893826261154,0.1285740302312875,0.0775814969950828,179.8,111.9,141.5,113.8,82.1,67.3,132.6,102.6,87.9,63.9,0.0,0.0,0.18561849183679477,0.1674152226667345,0.1085039490836592,0.1203595980962453,0.1435063800034959,0.1393951946975973,0.1169931180518792,0.1120699071545603,0.1505394759376605,0.1149694134580784,0.0,0.0,0.1615018508725543,0.3898858075040783,0.1997538245120449,0.5008787346221442,0.2212065813528336,0.1845637583892616,0.3783482142857144,0.1037685774946921,0.0698074277854194,0.2037819799777531,0.2921879835961003,-0.0789447068192369,0.0329332007613716,0.0198552481852549,0.1966281469633091,0.4620217018846373,Consumer Discretionary,25.0,3.0,18,7.002337921468085,874.6,945.5,8.341481739661889,7.531069949943402,8.269270148737805,7.498371270894416
HAS,1999Q4,1999,Q4,0,0,0,1,1591.1,965.7,625.4,802.8,441.7,274.7,162.9,83.6,57.7,249.3,307.0,4463.3,1879.0,4193.3,1864.1,0.1566840550562504,0.2776066871975363,0.6069385959399158,0.1023819998743008,0.0362642197222047,170.8,179.8,111.9,141.5,113.8,82.1,67.3,132.6,102.6,87.9,63.9,0.0,0.1555272263704243,0.18561849183679477,0.1674152226667345,0.1085039490836592,0.1203595980962453,0.1435063800034959,0.1393951946975973,0.1169931180518792,0.1120699071545603,0.1505394759376605,0.1149694134580784,0.0,0.2200751476113795,-0.5622154779969651,0.1786891248626878,0.7618374558303889,-0.0104466858789626,-0.2830105633802816,-0.5686274509803921,0.290016501650165,0.1036981509245378,0.35585205201824,0.4440401144795487,-0.0953851055114767,-0.0339208800619501,-0.4123399382214978,-0.6411823297441029,0.1233077204537138,Consumer Discretionary,25.0,4.0,19,7.372809178501959,1098.2,1304.1,8.403867706104114,7.539027055823995,8.341481739661889,7.531069949943402
HAS,2000Q1,2000,Q1,1,0,0,0,773.481,495.605,277.876,455.415,274.095,95.471,40.19,21.923,15.127,126.039,141.166,4006.686,1514.074,4463.3,1879.0,0.1629503504287759,0.3543655241693074,0.6407461851034479,0.0519599059317552,0.0195570414787176,249.3,170.8,179.8,111.9,141.5,113.8,82.1,67.3,132.6,102.6,87.9,63.9,0.1566840550562504,0.1555272263704243,0.18561849183679477,0.1674152226667345,0.1085039490836592,0.1203595980962453,0.1435063800034959,0.1393951946975973,0.1169931180518792,0.1120699071545603,0.1505394759376605,0.1149694134580784,0.1572162095039182,0.096159420289855,0.1467082216946862,0.1263538873994638,0.257885583282827,0.3532897838238265,0.0961499999999999,0.1764436917866214,0.1215016366612111,0.1314658385093168,-0.0266694519580612,-0.0308624892646615,-0.0090804015039994,0.1694355581174946,-0.0527617818629047,0.1230389817024661,Consumer Discretionary,25.0,1.0,20,6.652193127599909,1591.1,668.398,8.29596929638233,7.323219561635086,8.403867706104114,7.539027055823995
HAS,2000Q2,2000,Q2,0,1,0,0,778.373,507.033,271.34,470.487,276.706,95.177,36.546,9.421,6.5,135.15,141.65,4015.216,1501.821,4006.686,1514.074,0.1736314080781322,0.3554928035787469,0.651401063500404,0.04695178275711,0.0083507521458221,126.039,249.3,170.8,179.8,111.9,141.5,113.8,82.1,67.3,132.6,102.6,87.9,0.1629503504287759,0.1566840550562504,0.1555272263704243,0.18561849183679477,0.1674152226667345,0.1085039490836592,0.1203595980962453,0.1435063800034959,0.1393951946975973,0.1169931180518792,0.1120699071545603,0.1505394759376605,-0.1100240109764463,-0.7987616099071208,-0.0910129078522766,-0.2483314794215795,-0.1954606931530007,-0.3720618556701031,-0.7986965811965812,-0.1434974747474748,0.0654832499037352,-0.0582726180944755,-0.1554058425743357,0.197204489834317,0.0213613663274532,-0.2944324879833604,-0.7738833490174606,-0.3321546440358321,Consumer Discretionary,25.0,2.0,21,6.658489750272227,773.481,874.6,8.298095444785769,7.315099287517538,8.29596929638233,7.323219561635086
HAS,2000Q3,2000,Q3,0,0,1,0,1072.617,642.677,429.94,585.742,357.374,120.391,56.935,20.046,13.832,164.912,178.744,4370.586,1491.325,4015.216,1501.821,0.1537473301280886,0.3331795039608733,0.5991672703304162,0.0530804564909935,0.0128955629082887,135.15,126.039,249.3,170.8,179.8,111.9,141.5,113.8,82.1,67.3,132.6,102.6,0.1736314080781322,0.1629503504287759,0.1566840550562504,0.1555272263704243,0.18569084265776473,0.1674152226667345,0.1085039490836592,0.1203595980962453,0.1435063800034959,0.1393951946975973,0.1169931180518792,0.1120699071545603,-0.0232953924603898,-0.8376525821596243,-0.0580726952953245,-0.0344730679156909,-0.3992465069860279,-0.5967776203966005,-0.8376842105263158,0.033758114931474,0.1487431693989072,0.0825023101090369,-0.0114442743169386,0.1761418555121539,-0.0356067766717528,-0.5871603589347798,-0.833780432090578,-0.30178125,Consumer Discretionary,25.0,3.0,22,6.978788600667313,778.373,1098.2,8.382881151308599,7.308090585460771,8.298095444785769,7.315099287517538
HAS,2000Q4,2000,Q4,0,0,0,1,1162.744,574.385,588.359,704.417,408.299,-43.179,-130.032,-277.376,-180.09,209.265,29.174999999999983,3828.459,1327.406,4370.586,1491.325,0.1799751278011325,0.3511512422338881,0.4939909386760973,-0.1118320111735687,-0.1548836201261842,164.912,135.15,126.039,249.3,170.8,179.8,111.9,141.5,113.8,82.1,67.3,132.6,0.1537473301280886,0.1736314080781322,0.1629503504287759,0.1566840550562504,0.1555272263704243,0.1857631934787348,0.1674152226667345,0.1085039490836592,0.1203595980962453,0.1435063800034959,0.1393951946975973,0.1169931180518792,-0.2692200364527685,-4.1211438474870015,-0.4052138345241793,-0.1605896510228641,-1.1571860211139424,-1.798232044198895,-4.317894736842105,-0.0592276942756634,-0.0756191985510528,-0.1225498256103636,0.1486499231623823,0.2649235714700915,-0.1860940431525957,-2.092301491579283,-5.270976221538506,-0.9049674267100978,Consumer Discretionary,25.0,4.0,23,7.0593976728314765,1072.617,1591.1,8.250478818933802,7.191735006204225,8.382881151308599,7.308090585460771
HAS,2001Q1,2001,Q1,1,0,0,0,463.286,273.481,189.805,287.588,201.432,34.427,-14.107,-35.232,-25.024,56.735,31.711,3362.958,1273.383,3828.459,1327.406,0.122462150809651,0.4347897411102429,0.5903070673406924,-0.0304498732964086,-0.0540141510859382,209.265,164.912,135.15,126.039,249.3,170.8,179.8,111.9,141.5,113.8,82.1,67.3,0.1799751278011325,0.1537473301280886,0.1736314080781322,0.1629503504287759,0.1566840550562504,0.1555272263704243,0.18583554429970486,0.1674152226667345,0.1085039490836592,0.1203595980962453,0.1435063800034959,0.1393951946975973,-0.4010376466907396,-2.6542605936405104,-0.4481875687291291,-0.5498615507898349,-0.639398351331818,-1.3510077133615328,-2.607079323085344,-0.3169435287682275,-0.2651015158977727,-0.368514431891791,-0.2484695461690452,0.2269527125401473,-0.0787193415043309,-1.5860263360830926,-3.761877410993761,-0.7753637561452474,Consumer Discretionary,25.0,1.0,24,6.140500741652896,1162.744,773.481,8.120873535878157,7.1502174188960685,8.250478818933802,7.191735006204225
HAS,2001Q2,2001,Q2,0,1,0,0,510.971,306.963,204.008,307.004,208.274,51.33,-0.041,-26.957,-18.331,69.868,51.53699999999999,3333.789,1257.931,3362.958,1273.383,0.1367357442986001,0.4076043454520902,0.6007444649500657,-8.02393873624922e-05,-0.0358748343839474,56.735,209.265,164.912,135.15,126.039,249.3,170.8,179.8,111.9,141.5,113.8,82.1,0.122462150809651,0.1799751278011325,0.1537473301280886,0.1736314080781322,0.1629503504287759,0.1566840550562504,0.1555272263704243,0.18590789512067482,0.1674152226667345,0.1085039490836592,0.1203595980962453,0.1435063800034959,-0.3435396654303271,-3.820153846153846,-0.3945897012620479,-0.4830336662967074,-0.4606890320140371,-1.0011218738028786,-3.861373527226409,-0.2481462371931893,-0.2473094186609614,-0.347476125801563,-0.2124941805628245,0.1465895831047385,-0.0777656061507288,-1.001708974242311,-5.296000379067125,-0.636166607836216,Consumer Discretionary,25.0,2.0,25,6.238267982810367,463.286,778.373,8.11216468798238,7.138018227141364,8.120873535878157,7.1502174188960685
HAS,2001Q3,2001,Q3,0,0,1,0,893.353,491.198,402.155,387.424,260.481,161.291,103.774,74.414,50.602,97.182,147.784,3590.586,1285.134,3333.789,1257.931,0.1087834260365163,0.2915767899139534,0.5498364028553103,0.1161623680672701,0.0566427828641085,69.868,56.735,209.265,164.912,135.15,126.039,249.3,170.8,179.8,111.9,141.5,113.8,0.1367357442986001,0.122462150809651,0.1799751278011325,0.1537473301280886,0.1736314080781322,0.1629503504287759,0.1566840550562504,0.1555272263704243,0.1859802459416449,0.1674152226667345,0.1085039490836592,0.1203595980962453,-0.1671276886344334,2.658328513591671,-0.2357000483913381,-0.4107038905598137,0.3397263915076707,0.8226749802406252,2.7121620273371247,-0.0646252965530074,-0.271124927946633,-0.3385756869065219,-0.2924532351495946,-0.1248657662081322,-0.0823323801513755,1.1884206682921068,3.3924242211792617,-0.1732086111981381,Consumer Discretionary,25.0,3.0,26,6.796100551825086,510.971,1072.617,8.186349166654871,7.159396098436093,8.11216468798238,7.138018227141364
HAS,2001Q4,2001,Q4,0,0,0,1,988.729,561.214,427.515,439.51,296.124,188.386,121.704,83.974,52.485,111.573,164.058,3368.979,1352.864,3590.586,1285.134,0.112844874581407,0.2994996606754733,0.5676115497775427,0.1230913627495501,0.053083301895666,97.182,69.868,56.735,209.265,164.912,135.15,126.039,249.3,170.8,179.8,111.9,141.5,0.1087834260365163,0.1367357442986001,0.122462150809651,0.1799751278011325,0.1537473301280886,0.1736314080781322,0.1629503504287759,0.1566840550562504,0.1555272263704243,0.18605259676261496,0.1674152226667345,0.1085039490836592,-0.1496589103018376,-1.2914376145260702,-0.0229306127423243,-0.4668339187155043,-5.3629078950415705,-1.935954226651901,-1.3027442893401016,-0.2733773087519695,-0.2747373860822583,-0.3760655975082941,-0.3729973915834778,-0.1470921225561597,0.1490323107924807,-2.100680936145433,-1.3427302503158105,4.623239074550131,Consumer Discretionary,25.0,4.0,27,6.897431168281985,893.353,1162.744,8.122661791872986,7.210718005296009,8.186349166654871,7.159396098436093
HAS,2002Q1,2002,Q1,1,0,0,0,452.267,285.853,166.414,292.198,186.08,32.054,-6.345,-23.052,-17.058,84.669,67.61099999999999,3134.548,1325.319,3368.979,1352.864,0.18561849183679477,0.4114383760035554,0.6320447877028392,-0.0140293233864067,-0.0377166585225099,111.573,97.182,69.868,56.735,209.265,164.912,135.15,126.039,249.3,170.8,179.8,111.9,0.112844874581407,0.1087834260365163,0.1367357442986001,0.122462150809651,0.1799751278011325,0.1537473301280886,0.1736314080781322,0.1629503504287759,0.1566840550562504,0.1555272263704243,0.18612494758358492,0.1674152226667345,-0.0237844441662385,-0.3183343989769821,0.0452389745539909,0.4923592138891337,-0.068928457315479,-0.5502232934004395,-0.345708446866485,-0.1232370064013067,-0.0762143055721036,0.0160298760727148,0.5287189442648725,-0.0537072587017792,0.0707051002288918,-0.5392649667261065,-0.3017263482952551,1.132099271546151,Consumer Discretionary,25.0,1.0,28,6.116481355826244,988.729,463.286,8.050559238429129,7.190162714965065,8.122661791872986,7.210718005296009
HAS,2002Q2,2002,Q2,0,1,0,0,545.99,349.825,196.165,335.824,210.576,60.075,14.001,-34.983,-25.888,36.77,10.882,2884.777,1092.029,3134.548,1325.319,0.0673455557794098,0.3856773933588527,0.6407168629462078,0.0256433268008571,-0.0474147878166266,84.669,111.573,97.182,69.868,56.735,209.265,164.912,135.15,126.039,249.3,170.8,179.8,0.18561849183679477,0.112844874581407,0.1087834260365163,0.1367357442986001,0.122462150809651,0.1799751278011325,0.1537473301280886,0.1736314080781322,0.1629503504287759,0.1566840550562504,0.1555272263704243,0.18619729840455498,0.0685342220987101,0.4122524684959905,0.1396324638474342,-0.4737218755367263,0.1703682057276447,-342.48780487804873,0.2977334273101604,-0.0384445708011451,0.0110527478225799,0.0938749983713567,-0.5074765846716545,-0.053794696592151,0.0665381045158104,-320.58527655514104,0.321672660817716,-0.7888507286027513,Consumer Discretionary,25.0,2.0,29,6.304430520719223,452.267,510.971,7.967549466771099,6.996708020303973,8.050559238429129,7.190162714965065
HAS,2002Q3,2002,Q3,0,0,1,0,820.532,477.614,342.918,380.897,236.732,146.091,96.717,75.47,55.848,36.687,92.535,3124.198,1139.082,2884.777,1092.029,0.0447112361248555,0.2885103810698425,0.5820784564160812,0.117871088513306,0.0680631590236578,36.77,84.669,111.573,97.182,69.868,56.735,209.265,164.912,135.15,126.039,249.3,170.8,0.0673455557794098,0.18561849183679477,0.112844874581407,0.1087834260365163,0.1367357442986001,0.122462150809651,0.1799751278011325,0.1537473301280886,0.1736314080781322,0.1629503504287759,0.1566840550562504,0.1555272263704243,-0.0815142502459832,0.1036717916287894,-0.0276548357281585,-0.6224918194727419,-0.0942396041936622,-0.0680035461676334,0.0141908780605799,-0.1472989270306224,-0.0911736364648476,-0.0168471751879077,-0.5889885274449167,-0.0105166424426849,0.0586393578041346,0.0147097590593736,0.2016210288775501,-0.3738496724949927,Consumer Discretionary,25.0,3.0,30,6.711170889853179,545.99,893.353,8.047252920163341,7.038855468626277,7.967549466771099,6.996708020303973
HAS,2002Q4,2002,Q4,0,0,0,1,997.441,603.776,393.665,488.858,616.038,164.909,114.918,86.653,62.156,47.105,109.261,3142.881,1191.366,3124.198,1139.082,0.0472258509525876,0.6176184857049188,0.6053250267434364,0.1152128296310258,0.0623154652756403,36.687,36.77,84.669,111.573,97.182,69.868,56.735,209.265,164.912,135.15,126.039,249.3,0.0447112361248555,0.0673455557794098,0.18561849183679477,0.112844874581407,0.1087834260365163,0.1367357442986001,0.122462150809651,0.1799751278011325,0.1537473301280886,0.1736314080781322,0.1629503504287759,0.1566840550562504,0.0088113123009438,0.1842621701438507,0.0758391629574455,-0.5778100436485529,-0.1246217871816377,-0.0557582330901201,0.0319027317979374,-0.0791785083564318,1.0803379665275354,0.1122795840822734,-0.5814975990024374,1.062167564103344,0.0664424058683694,-0.0640055723044885,0.173918408431335,-0.3340099233198015,Consumer Discretionary,25.0,4.0,31,6.906195062477119,820.532,988.729,8.05321330296,7.083694847475884,8.047252920163341,7.038855468626277
HAS,2003Q1,2003,Q1,1,0,0,0,461.768,289.531,172.237,273.575,193.077,46.703,15.956,1.629,1.189,30.5,31.689,2804.006,1262.363,3142.881,1191.366,0.066050484225845,0.4181255522253599,0.6270053360128897,0.0345541484035273,0.0025748860899845,47.105,36.687,36.77,84.669,111.573,97.182,69.868,56.735,209.265,164.912,135.15,126.039,0.0472258509525876,0.0447112361248555,0.0673455557794098,0.18561849183679477,0.112844874581407,0.1087834260365163,0.1367357442986001,0.122462150809651,0.1799751278011325,0.1537473301280886,0.1736314080781322,0.1629503504287759,0.0210075022055555,-1.069703364990034,0.0128667531913255,-0.6397737070238222,0.4570100455481376,-3.514736012608353,-1.070666319625195,0.0349910464263825,0.037602106620808,-0.0637341802476402,-0.6471854592664346,0.0162531659947704,-0.007973250927779,-3.4629946471265702,-1.0682691996282716,-0.5313040777388294,Consumer Discretionary,25.0,1.0,32,6.137225848590134,997.441,452.267,7.939160956991942,7.1415324919822485,8.05321330296,7.083694847475884
HAS,2003Q2,2003,Q2,0,1,0,0,581.469,350.662,230.807,322.271,218.106,67.598,28.391,15.64,11.417,33.105,44.522,2904.227,1309.862,2804.006,1262.363,0.0569333876784488,0.3750948029903571,0.6030622440749205,0.0488263346799227,0.0196347526695318,30.5,47.105,36.687,36.77,84.669,111.573,97.182,69.868,56.735,209.265,164.912,135.15,0.066050484225845,0.0472258509525876,0.0447112361248555,0.0673455557794098,0.18569084265776473,0.112844874581407,0.1087834260365163,0.1367357442986001,0.122462150809651,0.1799751278011325,0.1537473301280886,0.1736314080781322,0.0649810436088573,-1.4410151421508035,0.0023926248838703,-0.0996736469948329,0.1252267998335412,1.0277837297335903,-1.4470742932281395,0.1765962327632351,0.0357590608616367,-0.0403574491400257,-0.154608095225556,-0.0274389698507659,-0.0587695143501297,0.9040561725513192,-1.414106095875992,3.0913435030325305,Consumer Discretionary,25.0,2.0,33,6.3672759651395605,461.768,545.99,7.9742668073691245,7.17844021506525,7.939160956991942,7.1415324919822485
HAS,2003Q3,2003,Q3,0,0,1,0,971.071,551.202,419.869,414.209,273.544,176.573,136.993,118.124,68.464,38.811,107.275,3248.494,1271.391,2904.227,1309.862,0.039967211460336,0.2816930996806618,0.5676227587890071,0.1410741336112395,0.0705035986040155,33.105,30.5,47.105,36.687,36.77,84.669,111.573,97.182,69.868,56.735,209.265,164.912,0.0569333876784488,0.066050484225845,0.0472258509525876,0.0447112361248555,0.0673455557794098,0.1857631934787348,0.112844874581407,0.1087834260365163,0.1367357442986001,0.122462150809651,0.1799751278011325,0.1537473301280886,0.1834651177528725,0.2258988683569689,0.154074210554967,0.0578951672254477,0.2086507724637383,0.4164314443169246,0.5651782165098713,0.2244005855627293,0.1555007350083639,0.0874567140198006,-0.1061036346942384,-0.0236292412214114,-0.0248346206043758,0.1968510292947218,0.0358555144275549,0.1592910790511699,Consumer Discretionary,25.0,3.0,34,6.879428847060253,581.469,820.532,8.086254570894786,7.148653086602567,7.9742668073691245,7.17844021506525
HAS,2003Q4,2003,Q4,0,0,0,1,1124.349,659.3,465.049,496.024,602.116,217.865,163.276,108.671,76.594,40.767,117.361,3163.376,1405.24,3248.494,1271.391,0.0362583148115042,0.5355241121751343,0.5863837651832304,0.1452182551858898,0.0681229760510304,38.811,33.105,30.5,47.105,36.687,36.77,84.669,111.573,97.182,69.868,56.735,209.265,0.039967211460336,0.0569333876784488,0.066050484225845,0.0472258509525876,0.0447112361248555,0.0673455557794098,0.18583554429970486,0.112844874581407,0.1087834260365163,0.1367357442986001,0.122462150809651,0.1799751278011325,0.1272335907587516,0.2322865049230966,0.0919612571549715,-0.1345504723490074,0.3211225585019619,0.4208043996588873,0.254093914809643,0.1813318430645345,-0.0225992552407481,0.0146586534331032,-0.2322358606538239,-0.1329208490838581,-0.0312910597173013,0.2604347593141989,0.0931953368189046,0.0741344120958071,Consumer Discretionary,25.0,4.0,35,7.0258484887517785,971.071,997.441,8.059711158742294,7.248674754816335,8.086254570894786,7.148653086602567
HAS,2004Q1,2004,Q1,1,0,0,0,474.247,287.524,186.723,272.852,193.289,43.652,14.672,8.411,6.532,31.683,38.215,2905.903,1404.248,3163.376,1405.24,0.0668069592427574,0.4075703167336851,0.6062747892975601,0.0309374650762155,0.013773413432241,40.767,38.811,33.105,30.5,47.105,36.687,36.77,84.669,111.573,97.182,69.868,56.735,0.0362583148115042,0.039967211460336,0.0569333876784488,0.066050484225845,0.0472258509525876,0.0447112361248555,0.0673455557794098,0.18590789512067482,0.112844874581407,0.1087834260365163,0.1367357442986001,0.122462150809651,0.027024393201781,4.493692178301093,-0.0069319002110309,0.0387868852459016,-0.0653277091407404,-0.0804712960641764,4.163290362185389,0.0841050413093587,0.0010980075306741,-0.0026427853422279,0.0114529821511353,-0.0252441771030195,-0.0330627915340475,-0.104667123758216,4.349135049435714,0.2059389693584525,Consumer Discretionary,25.0,1.0,36,6.163834668881492,1124.349,461.768,7.9748435322691025,7.247969078646872,8.059711158742294,7.248674754816335
HAS,2004Q2,2004,Q2,0,1,0,0,516.433,309.083,207.35,286.354,198.885,55.681,22.729,22.852,18.839,37.696,56.535,2877.151,1417.125,2905.903,1404.248,0.0729930116781847,0.385112880083186,0.5984958358586691,0.0440115174669318,0.0364790786026454,31.683,40.767,38.811,33.105,30.5,47.105,36.687,36.77,84.669,111.573,97.182,69.868,0.0668069592427574,0.0362583148115042,0.039967211460336,0.0569333876784488,0.066050484225845,0.0472258509525876,0.0447112361248555,0.0673455557794098,0.1859802459416449,0.112844874581407,0.1087834260365163,0.1367357442986001,-0.1118477511268873,0.6500832092493649,-0.1185728707416257,0.1386799577103157,-0.1762921979940235,-0.1994293966397802,0.4611253196930946,-0.1016303664966833,-0.0881268740887458,-0.1114496805483584,0.2820774356593396,0.0267081202217733,-0.0075720346632811,-0.0986110721714845,0.8578832754665544,0.2698216612012039,Consumer Discretionary,25.0,2.0,37,6.248880048158708,474.247,581.469,7.964903353061935,7.2570908555341065,7.9748435322691025,7.247969078646872
HAS,2004Q3,2004,Q3,0,0,1,0,947.312,523.854,423.458,401.814,280.582,164.199,122.04,119.296,88.687,39.257,127.944,3122.238,1501.65,2877.151,1417.125,0.0414404124512304,0.2961875285016974,0.5529899336227135,0.1288276724036009,0.0936196311246981,37.696,31.683,40.767,38.811,33.105,30.5,47.105,36.687,36.77,84.669,111.573,97.182,0.0729930116781847,0.0668069592427574,0.0362583148115042,0.039967211460336,0.0569333876784488,0.066050484225845,0.0472258509525876,0.0447112361248555,0.0673455557794098,0.18605259676261496,0.112844874581407,0.1087834260365163,-0.024466800058904,0.2953815143725169,-0.049615204589243,0.0114915874365515,-0.0700786643484564,-0.1091515624885942,0.0099217771155735,0.0085479042272709,0.0257289503699587,-0.0299245067103804,0.0368602396080692,0.051454681841575,-0.0257791375340762,-0.0868086933738427,0.3278702502905426,0.1926730365882076,Consumer Discretionary,25.0,3.0,38,6.854683562032965,516.433,971.071,8.046625563152952,7.314985495036968,7.964903353061935,7.2570908555341065
HAS,2004Q4,2004,Q4,0,0,0,1,1059.518,625.392,434.126,491.821,197.421,176.732,133.571,109.529,81.919,48.526,130.445,3240.66,1639.724,3122.238,1501.65,0.0458000713532002,0.1863309542641087,0.590260854464011,0.1260677024835821,0.0773172329304457,39.257,37.696,31.683,40.767,38.811,33.105,30.5,47.105,36.687,36.77,84.669,111.573,0.0414404124512304,0.0729930116781847,0.0668069592427574,0.0362583148115042,0.039967211460336,0.0569333876784488,0.066050484225845,0.0472258509525876,0.0447112361248555,0.0673455557794098,0.18612494758358492,0.112844874581407,-0.0576609220090914,0.0695224168994961,-0.0514303048688,0.1903255083768733,-0.1888004039198586,-0.1819312085058428,0.0078953906746048,-0.0664940683669893,-0.6721213188156435,-0.0084733803203069,0.2631605079083405,-0.6520587028149121,0.0066118632727989,-0.1318742790139819,0.1349655786107753,0.1114850759622021,Consumer Discretionary,25.0,4.0,39,6.966512746986579,947.312,1124.349,8.083840823261152,7.402892886816574,8.046625563152952,7.314985495036968
HAS,2005Q1,2005,Q1,1,0,0,0,454.944,288.969,165.975,287.429,190.761,39.656,1.54,-3.225,-3.713,31.041,27.328,3027.743,1619.186,3240.66,1639.724,0.068230375606668,0.419306552015193,0.6351748786663852,0.0033850320039389,-0.0081614440458605,48.526,39.257,37.696,31.683,40.767,38.811,33.105,30.5,47.105,36.687,36.77,84.669,0.0458000713532002,0.0414404124512304,0.0729930116781847,0.0668069592427574,0.0362583148115042,0.039967211460336,0.0569333876784488,0.066050484225845,0.0472258509525876,0.0447112361248555,0.0673455557794098,0.18619729840455498,-0.040702418781774,-1.56843233312921,0.0050256674225455,-0.0202632326484234,-0.0915421973792725,-0.8950381679389313,-1.3834264653430033,-0.1111164666377468,-0.0130788611871341,0.0534245671646167,0.0213064084946348,0.0287956085113445,0.0476683013692673,-0.890584700601688,-1.5925505747730018,-0.2848881329320948,Consumer Discretionary,25.0,1.0,40,6.122369994955443,1059.518,474.247,8.015902960943583,7.390296236450528,8.083840823261152,7.402892886816574
HAS,2005Q2,2005,Q2,0,1,0,0,572.388,347.622,224.766,320.502,206.263,72.637,27.12,32.69,29.454,36.514,65.968,2997.714,1606.494,3027.743,1619.186,0.0637923925728701,0.3603552135963717,0.6073188117151302,0.0473804482274261,0.0514581018469988,31.041,48.526,39.257,37.696,31.683,40.767,38.811,33.105,30.5,47.105,36.687,36.77,0.068230375606668,0.0458000713532002,0.0414404124512304,0.0729930116781847,0.0668069592427574,0.0362583148115042,0.039967211460336,0.0569333876784488,0.066050484225845,0.0472258509525876,0.0447112361248555,0.0673455557794098,0.1083490017098056,0.5634587823132864,0.1246881905507582,-0.0313561120543292,0.3045203929527129,0.1931893176118615,0.4305093646070363,0.0839932481311791,0.0370968147421877,0.1192509970176776,-0.1260479447796835,-0.0642867786750382,0.0147419168653073,0.0765465713156923,0.4106195610781451,0.1668523923233396,Consumer Discretionary,25.0,2.0,41,6.351562625431187,454.944,516.433,8.00593880907976,7.382431723600921,8.015902960943583,7.390296236450528
HAS,2005Q3,2005,Q3,0,0,1,0,988.052,543.277,444.775,414.999,280.906,182.022,128.278,126.326,92.063,39.387,131.45,3271.64,1670.625,2997.714,1606.494,0.0398632865476715,0.2843028504572634,0.5498465667798861,0.1298291992729127,0.0931762700748543,36.514,31.041,48.526,39.257,37.696,31.683,40.767,38.811,33.105,30.5,47.105,36.687,0.0637923925728701,0.068230375606668,0.0458000713532002,0.0414404124512304,0.0729930116781847,0.0668069592427574,0.0362583148115042,0.039967211460336,0.0569333876784488,0.066050484225845,0.0472258509525876,0.0447112361248555,0.0430058945732767,0.0380664584437404,0.0370771245423342,0.0033115113228214,0.1085451190323933,0.051114388725008,0.0589290504291843,0.0503402934883741,0.0011547426420797,0.0328136899162299,-0.0380576787312361,-0.0401255181288496,-0.005684311145114,0.0077741594692029,-0.004735770099897,0.027402613643469,Consumer Discretionary,25.0,3.0,42,6.8967469086025,572.388,947.312,8.093352277617647,7.421551486192961,8.00593880907976,7.382431723600921
HAS,2005Q4,2005,Q4,0,0,0,1,1072.243,621.488,450.755,467.905,313.001,196.338,153.583,155.122,94.271,43.644,137.915,3301.143,1723.476,3271.64,1670.625,0.040703459943315,0.291912374340518,0.579614882074306,0.143235255441164,0.087919436172584,39.387,36.514,31.041,48.526,39.257,37.696,31.683,40.767,38.811,33.105,30.5,47.105,0.0398632865476715,0.0637923925728701,0.068230375606668,0.0458000713532002,0.0414404124512304,0.0729930116781847,0.0668069592427574,0.0362583148115042,0.039967211460336,0.0569333876784488,0.066050484225845,0.0472258509525876,0.0120101782131119,0.1507830906138991,-0.0062424847135876,-0.1006058607756668,0.1109363329787473,0.1498229406083655,0.4162641857407629,0.0383045475276764,0.5854493696212661,-0.0486274477909647,-0.1112795517408953,0.5666338182691657,-0.0180360467904857,0.1361772493618465,0.137126004647321,0.0572655142013875,Consumer Discretionary,25.0,4.0,43,6.978440184837884,988.052,1059.518,8.102326930628962,7.4526785152026385,8.093352277617647,7.421551486192961
HAS,2006Q1,2006,Q1,1,0,0,0,468.181,282.089,186.092,284.215,201.809,29.721,-2.126,-5.453,-4.899,38.164,33.265,2896.779,1622.65,3301.143,1723.476,0.0815154822600661,0.4310491028042573,0.6025212471245096,-0.0045409788094775,-0.0104639017815759,43.644,39.387,36.514,31.041,48.526,39.257,37.696,31.683,40.767,38.811,33.105,30.5,0.040703459943315,0.0398632865476715,0.0637923925728701,0.068230375606668,0.0458000713532002,0.0414404124512304,0.0729930116781847,0.0668069592427574,0.0362583148115042,0.039967211460336,0.0569333876784488,0.066050484225845,0.029095888724766,0.3194182601669808,-0.0238087822569202,0.22947070004188,-0.2505295541658261,-2.3805194805194807,0.6908527131782947,0.1212050007531255,0.0579154019951666,-0.0111818918759067,0.1947095635231954,0.0280046918719238,-0.0514088838186347,-2.341487703570744,0.282114013497786,0.2172497072599533,Consumer Discretionary,25.0,1.0,44,6.150988621500745,1072.243,454.944,7.971699860483422,7.3924319802530665,8.102326930628962,7.4526785152026385
HAS,2006Q2,2006,Q2,0,1,0,0,527.764,317.395,210.369,296.796,207.85,58.08,20.599,32.502,27.088,39.606,66.694,2735.365,1457.521,2896.779,1622.65,0.0750449064354522,0.393831333702185,0.6013956995929999,0.0390307031173024,0.051325971456939,38.164,43.644,39.387,36.514,31.041,48.526,39.257,37.696,31.683,40.767,38.811,33.105,0.0815154822600661,0.040703459943315,0.0398632865476715,0.0637923925728701,0.068230375606668,0.0458000713532002,0.0414404124512304,0.0729930116781847,0.0668069592427574,0.0362583148115042,0.039967211460336,0.0569333876784488,-0.0779611033075466,-0.0803286480613838,-0.0869536450512339,0.0846798488251081,-0.2004075058165948,-0.2404498525073746,-0.0057509941878248,-0.0640532820800299,0.0076940604955808,-0.0739652170657282,0.1763927234697819,0.0928975600816739,-0.0097528876232285,-0.1762276513308811,-0.0025677276331075,0.0110053359204462,Consumer Discretionary,25.0,2.0,45,6.270542207551335,468.181,572.388,7.914385676277343,7.285178187558595,7.971699860483422,7.3924319802530665
HAS,2006Q3,2006,Q3,0,0,1,0,1039.138,577.627,461.511,412.43,296.131,207.736,165.197,143.876,99.584,44.445,144.029,2962.777,1418.425,2735.365,1457.521,0.0427710275247368,0.2849775486990178,0.5558713087193424,0.1589750350771505,0.0958332771970614,39.606,38.164,43.644,39.387,36.514,31.041,48.526,39.257,37.696,31.683,40.767,38.811,0.0750449064354522,0.0815154822600661,0.040703459943315,0.0398632865476715,0.0637923925728701,0.068230375606668,0.0458000713532002,0.0414404124512304,0.0729930116781847,0.0668069592427574,0.0362583148115042,0.039967211460336,0.0517037564824522,0.0816940573303064,0.0632274143760915,0.1284180059410464,0.1412686378569623,0.2878046118586197,0.1389262701264981,0.0376280141644653,0.0541996254974972,-0.0061903763623527,0.0729428310831314,0.0023731673483724,0.0109571329593627,0.2244936883803046,0.0285159206316427,0.0956941802966908,Consumer Discretionary,25.0,3.0,46,6.947108675640265,527.764,988.052,7.994219747418254,7.258007139011721,7.914385676277343,7.285178187558595
HAS,2006Q4,2006,Q4,0,0,0,1,1116.398,670.485,445.913,477.792,345.42,227.533,192.693,170.549,108.282,49.143,157.425,3096.905,1537.89,2962.777,1418.425,0.0440192476159935,0.3094057853919481,0.6005788258309314,0.1726024231501669,0.0969922912796332,44.445,39.606,38.164,43.644,39.387,36.514,31.041,48.526,39.257,37.696,31.683,40.767,0.0427710275247368,0.0750449064354522,0.0815154822600661,0.040703459943315,0.0398632865476715,0.0637923925728701,0.068230375606668,0.0458000713532002,0.0414404124512304,0.0729930116781847,0.0668069592427574,0.0362583148115042,0.0411800310190879,0.1486247096137729,0.0788382076564631,0.1259967005773989,0.1588841691368965,0.2546505798167766,0.0994507548896996,-0.0107419773491141,0.1035747489624634,0.0211303576580716,0.081462059424338,0.0599269253006173,0.0361687465332158,0.2050275095928873,0.1031951011291678,0.1414639451836277,Consumer Discretionary,25.0,4.0,47,7.018758047154107,1039.138,1072.243,8.038481355561508,7.338816656300665,7.994219747418254,7.258007139011721
HAS,2007Q1,2007,Q1,1,0,0,0,625.267,381.815,243.452,328.088,224.56,88.545,53.727,49.6,32.89,35.31,68.2,2892.131,1532.251,3096.905,1537.89,0.0564718752149081,0.3591425742922623,0.6106431332534741,0.085926492202531,0.0526015286269705,49.143,44.445,39.606,38.164,43.644,39.387,36.514,31.041,48.526,39.257,37.696,31.683,0.0440192476159935,0.0427710275247368,0.0750449064354522,0.0815154822600661,0.040703459943315,0.0398632865476715,0.0637923925728701,0.068230375606668,0.0458000713532002,0.0414404124512304,0.0729930116781847,0.0668069592427574,0.3355240814983951,-7.713615023474179,0.3535267238353852,-0.0747825175558117,1.9792066215807007,-26.27140169332079,-10.09591050797726,0.3082346366313435,0.1127353091289289,0.1543655331351268,-0.3072251595747057,-0.1668174879478831,0.0134798335622612,-19.9224605107588,-6.026951678731108,1.0502029159777546,Consumer Discretionary,25.0,1.0,48,6.43977679773922,1116.398,468.181,7.970094585665432,7.33514559671524,8.038481355561508,7.338816656300665
HAS,2007Q2,2007,Q2,0,1,0,0,691.408,418.196,273.212,362.419,306.058,95.115,55.777,21.961,4.801,38.787,43.588,2908.944,1546.944,2892.131,1532.251,0.0560985698748061,0.442659037789554,0.6048469210654202,0.0806716150232568,0.0069438016337676,35.31,49.143,44.445,39.606,38.164,43.644,39.387,36.514,31.041,48.526,39.257,37.696,0.0564718752149081,0.0440192476159935,0.0427710275247368,0.0750449064354522,0.0815154822600661,0.040703459943315,0.0398632865476715,0.0637923925728701,0.068230375606668,0.0458000713532002,0.0414404124512304,0.0729930116781847,0.3100704102591309,-0.8227628470171293,0.3175884938326061,-0.02067868504772,0.6376549586776858,1.7077528035341525,-0.3243185034767092,0.298727474105025,0.4724945874428674,0.2211047318697017,-0.2524666557741956,0.1239812577337802,0.0057386866496649,1.0668757818891277,-0.8647117348846821,-0.3464479563379015,Consumer Discretionary,25.0,2.0,49,6.5401753772503275,625.267,527.764,7.975889115994116,7.344682877784721,7.970094585665432,7.33514559671524
HAS,2007Q3,2007,Q3,0,0,1,0,1223.038,702.016,521.022,492.279,430.823,255.877,209.737,203.921,161.58,43.466,205.046,3286.173,1352.921,2908.944,1546.944,0.0355393699950451,0.3522564302989768,0.5739936126269175,0.1714885391950209,0.132113638333396,38.787,35.31,49.143,44.445,39.606,38.164,43.644,39.387,36.514,31.041,48.526,39.257,0.0560985698748061,0.0564718752149081,0.0440192476159935,0.0427710275247368,0.0750449064354522,0.0815154822600661,0.040703459943315,0.0398632865476715,0.0637923925728701,0.068230375606668,0.0458000713532002,0.0414404124512304,0.1769736069703928,0.6225498071979436,0.2153448505696582,-0.0220272246596917,0.2317412485077215,0.2696174870003691,0.417338541521866,0.1289481724162589,0.4548392434429358,0.1936061877167034,-0.1690784147168141,0.2360848491647891,0.0326016177185446,0.0787136427540187,0.3785779031821223,0.423643849502531,Consumer Discretionary,25.0,3.0,50,7.109910508341996,691.408,1039.138,8.097783203858175,7.210760106127506,7.975889115994116,7.344682877784721
HAS,2007Q4,2007,Q4,0,0,0,1,1297.844,758.909,538.935,558.8,178.168,236.333,200.109,186.9,133.732,49.631,183.363,3237.063,1385.092,3286.173,1352.921,0.0382411137239914,0.1372799812612301,0.584745932484952,0.1541857110715925,0.1030416598605071,43.466,38.787,35.31,49.143,44.445,39.606,38.164,43.644,39.387,36.514,31.041,48.526,0.0355393699950451,0.0560985698748061,0.0564718752149081,0.0440192476159935,0.0427710275247368,0.0750449064354522,0.0815154822600661,0.040703459943315,0.0398632865476715,0.0637923925728701,0.068230375606668,0.0458000713532002,0.1625280589897153,0.2350344470918528,0.1318806535567536,0.0099302036912682,0.0386757085785358,0.0384860892715355,0.0958727403854611,0.2086101997474843,-0.4841989462104105,0.169546580938986,-0.1312638040161033,-0.5563108780033732,-0.0263627232013612,-0.1067001942524961,0.0623695811395283,0.1647641734159122,Consumer Discretionary,25.0,4.0,51,7.169229917080179,1223.038,1116.398,8.082730590502909,7.2342435556133005,8.097783203858175,7.210760106127506
HAS,2008Q1,2008,Q1,1,0,0,0,704.22,433.059,271.161,371.806,253.176,95.004,61.253,55.67,37.47,41.77,79.24000000000001,3126.479,1266.711,3237.063,1385.092,0.0593138507852659,0.3595126522961574,0.6149484536082475,0.0869799210473999,0.0532078043793132,49.631,43.466,38.787,35.31,49.143,44.445,39.606,38.164,43.644,39.387,36.514,31.041,0.0382411137239914,0.0355393699950451,0.0560985698748061,0.0564718752149081,0.0440192476159935,0.0427710275247368,0.0750449064354522,0.0815154822600661,0.040703459943315,0.0398632865476715,0.0637923925728701,0.068230375606668,0.1262708570898512,0.1392520522955305,0.1342115946204314,0.182951005380912,0.0729459596815178,0.1400785452379622,0.1223790322580644,0.113817097415507,0.1274314214463838,0.1332508351417911,0.0503255037935683,0.0010304487142032,0.0070504687931802,0.0122596514516841,0.011525820031623,0.1618768328445747,Consumer Discretionary,25.0,1.0,52,6.55850981087028,1297.844,625.267,8.047982527690225,7.144968191038848,8.082730590502909,7.2342435556133005
HAS,2008Q2,2008,Q2,0,1,0,0,784.286,476.064,308.222,410.555,276.312,109.338,65.509,55.285,37.486,45.432,82.918,3205.311,1308.217,3126.479,1266.711,0.0579278477494179,0.3523102541674848,0.6070030575580847,0.0835269276768933,0.0477963396006048,41.77,49.631,43.466,38.787,35.31,49.143,44.445,39.606,38.164,43.644,39.387,36.514,0.0593138507852659,0.0382411137239914,0.0355393699950451,0.0560985698748061,0.0564718752149081,0.0440192476159935,0.0427710275247368,0.0750449064354522,0.0815154822600661,0.040703459943315,0.0398632865476715,0.0637923925728701,0.1343316825955152,6.807956675692563,0.138375307272188,0.1713202877252688,0.1495347736950008,0.1744805206447102,1.5174172396521106,0.1281422485103143,-0.0971907285547183,0.1328186436141594,0.0326082800095282,-0.2041046853425416,0.0035647639387277,0.0353942666551716,5.883310054275155,0.9023125630907592,Consumer Discretionary,25.0,2.0,53,6.6660479826401,704.22,691.408,8.07287633407923,7.177184527571746,8.047982527690225,7.144968191038848
HAS,2008Q3,2008,Q3,0,0,1,0,1301.961,728.126,573.835,512.201,442.468,261.777,215.925,201.52,138.229,49.993,188.222,3406.752,1356.155,3205.311,1308.217,0.0383982315906544,0.3398473533385409,0.559253310967072,0.1658459815616597,0.106169846869453,45.432,41.77,49.631,43.466,38.787,35.31,49.143,44.445,39.606,38.164,43.644,39.387,0.0579278477494179,0.0593138507852659,0.0382411137239914,0.0355393699950451,0.0560985698748061,0.0564718752149081,0.0440192476159935,0.0427710275247368,0.0750449064354522,0.0815154822600661,0.040703459943315,0.0398632865476715,0.0645302925992488,-0.1445166481000124,0.0371928844926612,0.15016334606359,0.0230579536261561,0.0295036164339148,-0.0117741674471976,0.1013642418170441,0.0270296618332819,0.0404689210793067,0.0804421011404497,-0.0352273965585347,-0.0256802538139503,-0.0329034095214045,-0.1963748163416131,-0.0820498814900071,Consumer Discretionary,25.0,3.0,54,7.1723946457482795,784.286,1223.038,8.133808115348293,7.213145875861713,8.07287633407923,7.177184527571746
HAS,2008Q4,2008,Q4,0,0,0,1,1231.053,691.543,539.51,539.934,153.276,188.267,151.609,128.58,93.581,54.229,147.81,3168.797,1390.786,3406.752,1356.155,0.0440509060129823,0.1245080431143094,0.5617491692071747,0.1231539178248215,0.0760170358221782,49.993,45.432,41.77,49.631,43.466,38.787,35.31,49.143,44.445,39.606,38.164,43.644,0.0383982315906544,0.0579278477494179,0.0593138507852659,0.0382411137239914,0.0355393699950451,0.0560985698748061,0.0564718752149081,0.0440192476159935,0.0427710275247368,0.0750449064354522,0.0815154822600661,0.040703459943315,-0.0514630417831418,-0.3002347979541171,-0.0887669009064328,0.0926437105841107,-0.2033825153491049,-0.2423679094893283,-0.3120385232744782,0.001066919016208,-0.1397108347177944,-0.0337616320687186,0.1519252899097964,-0.0930356926740614,-0.0393277866509471,-0.2012624453401014,-0.2622689121556614,-0.1938940789581322,Consumer Discretionary,25.0,4.0,55,7.1164371626486735,1301.961,1297.844,8.061422826965925,7.238343093443648,8.133808115348293,7.213145875861713
HAS,2009Q1,2009,Q1,1,0,0,0,621.34,322.134,299.206,280.917,223.899,73.417,41.217,28.587,19.73,37.131,56.861,2927.822,1380.855,3168.797,1390.786,0.059759551936138,0.3603486014098561,0.5184504458106672,0.0663356616345318,0.0317539511378633,54.229,49.993,45.432,41.77,49.631,43.466,38.787,35.31,49.143,44.445,39.606,38.164,0.0440509060129823,0.0383982315906544,0.0579278477494179,0.0593138507852659,0.0382411137239914,0.0355393699950451,0.0560985698748061,0.0564718752149081,0.0440192476159935,0.0427710275247368,0.0750449064354522,0.0815154822600661,-0.1176904944477578,-0.4734454230050706,-0.2561429274071201,-0.1110605697869284,-0.2272220117047703,-0.3271023460075425,-0.4864918268367164,0.1034256401178637,-0.1156389231206749,-0.2444527522417605,0.0075142845215971,0.0023252286348187,-0.1569204820849167,-0.2373451155654419,-0.4032087678060818,-0.2824204946996467,Consumer Discretionary,25.0,1.0,56,6.433486567189027,1231.053,704.22,7.9823555733866645,7.231182078417874,8.061422826965925,7.238343093443648
HAS,2009Q2,2009,Q2,0,1,0,0,792.202,398.924,393.278,325.851,263.53,118.431,73.073,56.854,39.275,43.529,82.804,3478.176,1389.67,2927.822,1380.855,0.0549468443654522,0.3326550551500753,0.5035634850707269,0.0922403629377355,0.049577001825292,37.131,54.229,49.993,45.432,41.77,49.631,43.466,38.787,35.31,49.143,44.445,39.606,0.059759551936138,0.0440509060129823,0.0383982315906544,0.0579278477494179,0.0593138507852659,0.0382411137239914,0.0355393699950451,0.0560985698748061,0.0564718752149081,0.0440192476159935,0.0427710275247368,0.0750449064354522,0.0100932567966278,0.0477244838072881,-0.1620370370370371,-0.041886775840817,0.0831641332382155,0.1154650506037338,0.0283802116306413,0.2759569401275705,-0.0462593010799388,-0.2063158407521526,-0.0514606273110784,-0.055789460524943,-0.1704102989258165,0.1043188765968778,0.0372552007029554,-0.0013748522636822,Consumer Discretionary,25.0,2.0,57,6.676077918074635,621.34,784.286,8.154550763122133,7.237540924381608,7.9823555733866645,7.231182078417874
HAS,2009Q3,2009,Q3,0,0,1,0,1279.221,629.47,649.751,398.761,333.936,286.917,230.709,217.859,150.362,43.87,194.232,3861.327,1487.932,3478.176,1389.67,0.0342943088019974,0.2610463711899664,0.4920729099975688,0.1803511668429458,0.1175418477338943,43.529,37.131,54.229,49.993,45.432,41.77,49.631,43.466,38.787,35.31,49.143,44.445,0.0549468443654522,0.059759551936138,0.0440509060129823,0.0383982315906544,0.0579278477494179,0.0593138507852659,0.0382411137239914,0.0355393699950451,0.0560985698748061,0.0564718752149081,0.0440192476159935,0.0427710275247368,-0.0174659609619642,0.0877746348450758,-0.1354930327992681,-0.1224771468005522,0.0960359389862364,0.0684682181312954,0.0810788011115521,0.1322958690215827,-0.2452877948235805,-0.2214755535424569,-0.1068779112644285,-0.2318716958495081,-0.1201251734269278,0.0874617831840156,0.1071113993262538,0.0319303800830932,Consumer Discretionary,25.0,3.0,58,7.1547879982602876,792.202,1301.961,8.259025130558902,7.305814363407469,8.154550763122133,7.237540924381608
HAS,2009Q4,2009,Q4,0,0,0,1,1375.184,813.079,562.105,569.48,156.769,293.498,243.599,226.397,165.563,56.665,222.228,3896.892,1594.772,3861.327,1487.932,0.041205395059861,0.113998563101374,0.5912510616761102,0.1771392046446148,0.1203933437270939,43.87,43.529,37.131,54.229,49.993,45.432,41.77,49.631,43.466,38.787,35.31,49.143,0.0342943088019974,0.0549468443654522,0.059759551936138,0.0440509060129823,0.0383982315906544,0.0579278477494179,0.0593138507852659,0.0382411137239914,0.0355393699950451,0.0560985698748061,0.0564718752149081,0.0440192476159935,0.1170794433708377,0.7691946014682465,0.1757461213547095,0.0449206144313927,0.5589455401105876,0.6067581739870322,0.7607481723440657,0.0418805953550445,0.0227889558704559,0.0547215029985146,-0.0645959688611782,-0.084408041039459,0.0525179102811546,0.4383562275021075,0.583767933397487,0.5034706718084025,Consumer Discretionary,25.0,4.0,59,7.227069730483675,1279.221,1231.053,8.268191173167512,7.375112910661843,8.259025130558902,7.305814363407469
HAS,2010Q1,2010,Q1,1,0,0,0,672.371,365.91,306.461,296.583,244.875,100.322,69.327,54.23,58.943,40.324,99.267,4078.023,1669.854,3896.892,1594.772,0.0599728423742249,0.3641962547462636,0.5442084801396848,0.1031082542227431,0.087664399565121,56.665,43.87,43.529,37.131,54.229,49.993,45.432,41.77,49.631,43.466,38.787,35.31,0.041205395059861,0.0342943088019974,0.0549468443654522,0.059759551936138,0.0440509060129823,0.0383982315906544,0.0579278477494179,0.0593138507852659,0.0382411137239914,0.0355393699950451,0.0560985698748061,0.0564718752149081,0.0821305565390928,1.987480993411049,0.1358937584980164,0.0859928361746249,0.3664682566707984,0.6820001455710023,0.8970161262112148,0.0242475084055799,0.0936850990848552,0.0557673618898111,0.0035691438636429,0.0106775864297894,0.0496827315650996,0.5543412348972319,1.7607398898019415,0.7457835774959989,Consumer Discretionary,25.0,1.0,60,6.512296440756583,1375.184,621.34,8.313612777938582,7.421090151947525,8.268191173167512,7.375112910661843
HAS,2010Q2,2010,Q2,0,1,0,0,737.791,437.469,300.322,357.743,298.962,121.849,79.726,61.037,43.631,47.466,91.097,3973.676,1588.926,4078.023,1669.854,0.0643352927861684,0.4052123162250555,0.5929443433167387,0.1080604127727229,0.0591373437735076,40.324,56.665,43.87,43.529,37.131,54.229,49.993,45.432,41.77,49.631,43.466,38.787,0.0599728423742249,0.041205395059861,0.0342943088019974,0.0549468443654522,0.059759551936138,0.0440509060129823,0.0383982315906544,0.0579278477494179,0.0593138507852659,0.0382411137239914,0.0355393699950451,0.0560985698748061,-0.0686832398807374,0.1109102482495225,0.096622414294452,0.0904454501596636,0.0288606868134189,0.0910459403610088,0.0735744186864599,-0.2363620644938187,0.1344514855993626,0.0978729542029945,0.1708641966456432,0.2181156124089154,0.1774967027910254,0.1715089721152358,0.1928382434642985,0.1001521665620019,Consumer Discretionary,25.0,2.0,61,6.605015066334263,672.371,792.202,8.287698514332396,7.371442753250713,8.313612777938582,7.421090151947525
HAS,2010Q3,2010,Q3,0,0,1,0,1313.302,646.082,667.22,408.325,336.062,283.844,237.757,219.073,155.164,51.618,206.782,4215.617,1487.311,3973.676,1588.926,0.0393039833945276,0.2558908765843652,0.4919523460712007,0.1810375679013662,0.1181479964242801,47.466,40.324,56.665,43.87,43.529,37.131,54.229,49.993,45.432,41.77,49.631,43.466,0.0643352927861684,0.0599728423742249,0.041205395059861,0.0342943088019974,0.0549468443654522,0.059759551936138,0.0440509060129823,0.0383982315906544,0.0579278477494179,0.0593138507852659,0.0382411137239914,0.0355393699950451,0.026641995401889,0.0319362604913475,0.0263904554625318,0.1766127193982221,-0.0107104145101195,0.0305493067023827,0.0055724115138691,0.0268856839004481,0.0063664893871879,0.023984291342433,0.1460788908577868,-0.0197493440805176,-0.0002450123221958,0.0038059141531259,0.0051568756325675,0.0646134519543637,Consumer Discretionary,25.0,3.0,62,7.181061005209394,737.791,1279.221,8.34678842676206,7.3053971989308,8.287698514332396,7.371442753250713
HAS,2010Q4,2010,Q4,0,0,0,1,1278.697,647.09,631.607,446.041,371.996,230.147,201.049,173.38,140.014,61.95,201.964,4093.226,1615.42,4215.617,1487.311,0.0484477558014134,0.2909180204536337,0.5060542098714551,0.1572295860551796,0.1094974024338838,51.618,47.466,40.324,56.665,43.87,43.529,37.131,54.229,49.993,45.432,41.77,49.631,0.0393039833945276,0.0643352927861684,0.0599728423742249,0.041205395059861,0.0342943088019974,0.0549468443654522,0.059759551936138,0.0440509060129823,0.0383982315906544,0.0579278477494179,0.0593138507852659,0.0382411137239914,-0.0701629745546777,-0.1543158797557424,-0.2041486743600559,0.093267449042619,-0.2158481488800605,-0.1746723098206478,-0.2341771313224114,0.1236459380364878,1.3728925999400388,-0.2167573927091381,0.1757624391425216,1.5519446257838587,-0.1440958965268231,-0.1123953256388321,-0.0905028546919409,-0.0911856291736413,Consumer Discretionary,25.0,4.0,63,7.154378610141357,1313.302,1375.184,8.31733296743333,7.387969106302728,8.34678842676206,7.3053971989308
HAS,2011Q1,2011,Q1,1,0,0,0,671.986,361.514,310.472,312.591,252.96,75.231,48.923,22.838,17.196,45.818,63.014,3940.341,1530.988,4093.226,1615.42,0.0681829680975496,0.37643641385386,0.5379784697895492,0.0728036000750015,0.0255898188355114,61.95,51.618,47.466,40.324,56.665,43.87,43.529,37.131,54.229,49.993,45.432,41.77,0.0484477558014134,0.0393039833945276,0.0643352927861684,0.0599728423742249,0.041205395059861,0.0342943088019974,0.0549468443654522,0.059759551936138,0.0440509060129823,0.0383982315906544,0.0579278477494179,0.0593138507852659,-0.0005726005434499,-0.7082605228780346,-0.0120138831953212,0.1362464041265747,-0.2501046629851877,-0.2943153461133468,-0.5788677853586575,0.0130881254058428,0.0330168453292496,0.0539747726606041,0.1368973921911902,0.0336086902269883,-0.0114478376899538,-0.2939110391906634,-0.7080933769870608,-0.365206967068613,Consumer Discretionary,25.0,1.0,64,6.511724527050941,1278.697,672.371,8.279276299714192,7.334321517371687,8.31733296743333,7.387969106302728
HAS,2011Q2,2011,Q2,0,1,0,0,908.454,448.247,460.207,367.84,295.156,114.727,80.407,52.954,58.051,54.965,113.016,3940.745,1468.619,3940.341,1530.988,0.0605038890246506,0.3248992243966123,0.4934173882221885,0.0885097099027578,0.0639008689487855,45.818,61.95,51.618,47.466,40.324,56.665,43.87,43.529,37.131,54.229,49.993,45.432,0.0681829680975496,0.0484477558014134,0.0393039833945276,0.0643352927861684,0.0599728423742249,0.041205395059861,0.0342943088019974,0.0549468443654522,0.059759551936138,0.0440509060129823,0.0383982315906544,0.0579278477494179,0.2313161857490806,0.3304989571634846,0.024637174291207,0.1579867694770995,-0.0584493922806096,0.0085417555126308,-0.1324278716188541,0.5323785803237857,-0.0127307149403602,0.028224172101201,-0.0595536850085103,-0.1982000265358106,-0.1678521031802557,-0.1809238218540295,0.0805502051888202,0.2406116557076523,Consumer Discretionary,25.0,2.0,65,6.812844419438863,671.986,737.791,8.279378797644661,7.29275846250542,8.279276299714192,7.334321517371687
HAS,2011Q3,2011,Q3,0,0,1,0,1375.811,667.03,708.781,418.958,350.526,309.492,248.072,221.457,170.99,49.504,220.494,4084.726,1381.242,3940.745,1468.619,0.0359816864380354,0.2547777274640194,0.4848267676301468,0.1803096500900196,0.1242830592283388,54.965,45.818,61.95,51.618,47.466,40.324,56.665,43.87,43.529,37.131,54.229,49.993,0.0605038890246506,0.0681829680975496,0.0484477558014134,0.0393039833945276,0.0643352927861684,0.0599728423742249,0.041205395059861,0.0342943088019974,0.0549468443654522,0.059759551936138,0.0440509060129823,0.0383982315906544,0.0475968208378576,0.1019953081900442,0.0324231289526715,-0.0409547057228099,0.0903594932427671,0.0433846322085154,0.0108822173430773,0.0622897994664426,0.043039677202421,0.0260405314394172,-0.0845282505628882,-0.0043500930365478,-0.0144842859231379,-0.0040208108172504,0.0519269305424956,0.0663113810679847,Consumer Discretionary,25.0,3.0,66,7.227525234406378,908.454,1313.302,8.315254714881387,7.231462097536255,8.279378797644661,7.29275846250542
HAS,2011Q4,2011,Q4,0,0,0,1,1329.338,633.318,696.02,416.739,337.403,254.515,216.579,189.144,139.13,47.351,186.481,4130.774,1417.515,4084.726,1381.242,0.0356199852859092,0.2538128000553659,0.4764160807860755,0.1629224471127734,0.1046611170372019,49.504,54.965,45.818,61.95,51.618,47.466,40.324,56.665,43.87,43.529,37.131,54.229,0.0359816864380354,0.0605038890246506,0.0681829680975496,0.0484477558014134,0.0393039833945276,0.0643352927861684,0.0599728423742249,0.041205395059861,0.0342943088019974,0.0549468443654522,0.059759551936138,0.0440509060129823,0.0396035964735979,-0.0063136543488508,-0.02128297454759,-0.2356577885391445,0.1058801548575476,0.0772448507577754,0.0909216749336718,0.1019827202675081,-0.0929929354079075,-0.0656935124797944,-0.2647753296991725,-0.1275452800772152,-0.0585671031032586,0.036207314414705,-0.0441680376810958,-0.0766621774177576,Consumer Discretionary,25.0,4.0,67,7.19318832426723,1375.811,1278.697,8.326462133680776,7.257365828743578,8.315254714881387,7.231462097536255
HAS,2012Q1,2012,Q1,1,0,0,0,648.85,339.38,309.47,323.654,264.935,51.347,15.726,-4.866,-2.579,44.926,42.347,3897.137,1397.393,4130.774,1417.515,0.0692394235955922,0.4083147106419049,0.5230484703706557,0.0242367265161439,-0.0039747245125992,47.351,49.504,54.965,45.818,61.95,51.618,47.466,40.324,56.665,43.87,43.529,37.131,0.0356199852859092,0.0359816864380354,0.0605038890246506,0.0681829680975496,0.0484477558014134,0.0393039833945276,0.0643352927861684,0.0599728423742249,0.041205395059861,0.0342943088019974,0.0549468443654522,0.059759551936138,-0.0344292887054193,-1.1499767387764597,-0.0612258446422545,-0.0194683312235365,-0.317475508766333,-0.6785560983586452,-1.2130659427270338,-0.0032273441727432,0.0473395003162555,0.035391294055171,0.0154944193179018,0.0846844131301829,-0.0277520388961549,-0.6670943951785968,-1.1553244490767327,-0.3279747357730027,Consumer Discretionary,25.0,1.0,68,6.476741567027598,1329.338,671.986,8.268254025678727,7.243078999167919,8.326462133680776,7.257365828743578
HAS,2012Q2,2012,Q2,0,1,0,0,811.467,428.59,382.877,342.308,270.676,128.022,86.282,59.659,43.427,50.113,93.54,4014.721,1399.49,3897.137,1397.393,0.0617560541587026,0.3335637801660449,0.5281668878709793,0.1063284150803421,0.0535166556372594,44.926,47.351,49.504,54.965,45.818,61.95,51.618,47.466,40.324,56.665,43.87,43.529,0.0692394235955922,0.0356199852859092,0.0359816864380354,0.0605038890246506,0.0681829680975496,0.0484477558014134,0.0393039833945276,0.0643352927861684,0.0599728423742249,0.041205395059861,0.0342943088019974,0.0549468443654522,-0.1067604964037804,-0.2519164183218205,-0.0438530542312609,-0.0882743564086236,0.1158837937015697,0.0730657778551617,0.1266193299845148,-0.1680330807658292,-0.0829391914784046,-0.0694106133101347,0.0206956140214698,0.0266684409158688,0.0704261756441038,0.2013192134191941,-0.1625050407350281,-0.1723295816521555,Consumer Discretionary,25.0,2.0,69,6.7000752979944505,648.85,908.454,8.297972186846712,7.244577454367638,8.268254025678727,7.243078999167919
HAS,2012Q3,2012,Q3,0,0,1,0,1345.137,669.397,675.74,419.775,345.873,304.796,249.622,224.949,164.852,48.472,213.324,4446.287,1526.889,4014.721,1399.49,0.0360349912313764,0.2571284560606094,0.4976422475926244,0.1855736627570277,0.1225540595493247,50.113,44.926,47.351,49.504,54.965,45.818,61.95,51.618,47.466,40.324,56.665,43.87,0.0617560541587026,0.0692394235955922,0.0356199852859092,0.0359816864380354,0.0605038890246506,0.0681829680975496,0.0484477558014134,0.0393039833945276,0.0643352927861684,0.0599728423742249,0.041205395059861,0.0342943088019974,-0.0222952135140654,-0.035896836072285,0.0035485660315128,-0.0208468002585648,-0.0151732516510928,0.006248186010513,0.0157682981346267,-0.046616655920517,-0.0132743362831858,0.0019500761412838,0.0014814423285238,0.0092265859342905,0.0264331114082667,0.0291942925094692,-0.0139117888612435,-0.0325178916433099,Consumer Discretionary,25.0,3.0,70,7.20499428808605,811.467,1375.811,8.400049526318929,7.3316423231087064,8.297972186846712,7.244577454367638
HAS,2012Q4,2012,Q4,0,0,0,1,1283.529,677.57,605.959,477.415,388.102,252.465,200.155,173.66,130.299,57.686,187.985,4325.387,1507.379,4446.287,1526.889,0.0449432774795115,0.3023710410906181,0.5278961363553142,0.1559411591011967,0.1015162103855853,48.472,50.113,44.926,47.351,49.504,54.965,45.818,61.95,51.618,47.466,40.324,56.665,0.0360349912313764,0.0617560541587026,0.0692394235955922,0.0356199852859092,0.0359816864380354,0.0605038890246506,0.0681829680975496,0.0484477558014134,0.0393039833945276,0.0643352927861684,0.0599728423742249,0.041205395059861,-0.0344600094182216,-0.0634730108531588,0.0698732706160254,0.218263605837258,-0.0080545350961632,-0.0758337604292198,-0.0818635536945396,-0.1293942702795897,0.1502624457992369,0.1455971243392149,0.2617432915473578,0.1913151780550857,0.1080569226049166,-0.0428503753491026,-0.0300484720653109,0.0080651648157186,Consumer Discretionary,25.0,4.0,71,7.158147393173247,1345.137,1329.338,8.372488061596384,7.318790843250694,8.400049526318929,7.3316423231087064
HAS,2013Q1,2013,Q1,1,0,0,0,663.694,346.73,316.964,336.103,271.779,42.976,10.627,-16.493,-6.671,47.185,40.514,4060.645,1463.088,4325.387,1507.379,0.0710945104219715,0.4094944356887361,0.5224244908044973,0.0160118970489412,-0.0100513188306659,57.686,48.472,50.113,44.926,47.351,49.504,54.965,45.818,61.95,51.618,47.466,40.324,0.0449432774795115,0.0360349912313764,0.0617560541587026,0.0692394235955922,0.0356199852859092,0.0359816864380354,0.0605038890246506,0.0681829680975496,0.0484477558014134,0.0393039833945276,0.0643352927861684,0.0599728423742249,0.0228773984742234,1.5866614967041488,0.0216571394896576,0.0502826870854293,-0.1630280250063295,-0.3242401119165713,2.389436909165639,0.0242155944033346,0.0258327514295959,0.0384639151686678,0.0267923493588624,0.0028892543327097,-0.00119296700307,-0.3393539742969911,1.5288089272111651,-0.0432852386237513,Consumer Discretionary,25.0,1.0,72,6.499326784378241,1283.529,648.85,8.309343342949393,7.2889878020043835,8.372488061596384,7.318790843250694
HAS,2013Q2,2013,Q2,0,1,0,0,766.342,415.543,350.799,341.455,271.205,119.477,74.088,51.076,36.48,47.904,84.384,4178.299,1456.026,4060.645,1463.088,0.0625099498657257,0.3538955192329273,0.5422422364949331,0.0966774625428333,0.0476027674328171,47.185,57.686,48.472,50.113,44.926,47.351,49.504,54.965,45.818,61.95,51.618,47.466,0.0710945104219715,0.0449432774795115,0.0360349912313764,0.0617560541587026,0.0692394235955922,0.0356199852859092,0.0359816864380354,0.0605038890246506,0.0681829680975496,0.0484477558014134,0.0393039833945276,0.0643352927861684,-0.055609162171721,-0.1599696041633086,-0.0304416808604959,-0.0440803783449403,-0.0667463404727312,-0.1413272756774298,-0.1438676477983204,-0.0837814755130238,0.0019543661056022,-0.0024919078724423,0.0122076404863185,0.06095307786943,0.0266494340088052,-0.0907655073219749,-0.1105055638103974,-0.0978832584990377,Consumer Discretionary,25.0,2.0,73,6.642932595076434,663.694,811.467,8.337898808105741,7.28415265092274,8.309343342949393,7.2889878020043835
HAS,2013Q3,2013,Q3,0,0,1,0,1370.348,657.819,712.529,459.113,367.532,261.667,198.706,155.913,126.574,59.366,185.94,4590.145,1523.43,4178.299,1456.026,0.0433218423349397,0.2682034052663994,0.4800379173757322,0.1450040427686981,0.0923663186285527,47.904,47.185,57.686,48.472,50.113,44.926,47.351,49.504,54.965,45.818,61.95,51.618,0.0625099498657257,0.0710945104219715,0.0449432774795115,0.0360349912313764,0.0617560541587026,0.0692394235955922,0.0356199852859092,0.0359816864380354,0.0605038890246506,0.0681829680975496,0.0484477558014134,0.0393039833945276,0.0187423288482884,-0.2321961516997064,-0.0172961635621313,0.2247483083016999,-0.1415012008031602,-0.2039724062782928,-0.3068962298120907,0.0544425370704708,0.0626212511528798,0.0937121076767315,0.2022159810384105,0.0430716591055928,-0.0353754736501055,-0.2186173371026659,-0.2463218357007767,-0.1283681161050797,Consumer Discretionary,25.0,3.0,74,7.223549476674766,766.342,1345.137,8.431884727283473,7.329375848680108,8.337898808105741,7.28415265092274
HAS,2013Q4,2013,Q4,0,0,0,1,1281.773,650.245,631.528,466.573,359.261,261.962,183.672,161.326,129.815,53.136,182.951,4402.267,1682.343,4590.145,1523.43,0.0414550782392826,0.2802844185358874,0.5073012148016849,0.1432952636699322,0.1012776833339444,59.366,47.904,47.185,57.686,48.472,50.113,44.926,47.351,49.504,54.965,45.818,61.95,0.0433218423349397,0.0625099498657257,0.0710945104219715,0.0449432774795115,0.0360349912313764,0.0617560541587026,0.0692394235955922,0.0356199852859092,0.0359816864380354,0.0605038890246506,0.0681829680975496,0.0484477558014134,-0.0013681030970084,-0.0037145334960361,-0.0403279365969568,-0.0788752903650799,0.0376170954389716,-0.0823511778371761,-0.0710238396867442,0.0421959241466833,-0.074312938351258,-0.0227098017448132,-0.0776133703604309,-0.0730447680276086,-0.0390132075900766,-0.0810940197196951,-0.0023496449555683,-0.0267787323456659,Consumer Discretionary,25.0,4.0,75,7.1567794198893555,1370.348,1283.529,8.3901020443896,7.428536976159065,8.431884727283473,7.329375848680108
HAS,2014Q1,2014,Q1,1,0,0,0,679.453,371.327,308.126,327.879,262.562,87.988,43.448,25.995,32.087,47.257,79.344,4029.437,1594.422,4402.267,1682.343,0.0695515363093547,0.3864314382304589,0.5465087357035733,0.0639455562047706,0.0472247528526623,53.136,59.366,47.904,47.185,57.686,48.472,50.113,44.926,47.351,49.504,54.965,45.818,0.0414550782392826,0.0433218423349397,0.0625099498657257,0.0710945104219715,0.0449432774795115,0.0360349912313764,0.0617560541587026,0.0692394235955922,0.0356199852859092,0.0359816864380354,0.0605038890246506,0.0681829680975496,0.0237443761733571,-5.8099235496927,0.0709399244368815,0.0015259086574122,1.0473752792256144,3.0884539380822438,-2.5761232037834234,-0.0278832927398695,-0.0339135841989263,-0.0244686896576347,-0.0217031399957428,-0.0563206614016307,0.0461009108933387,2.9936277387568477,-5.698363831478773,0.9584341215382336,Consumer Discretionary,25.0,1.0,76,6.5227587528436946,1281.773,663.694,8.301630085786458,7.374893557027183,8.3901020443896,7.428536976159065
HAS,2014Q2,2014,Q2,0,1,0,0,829.262,438.393,390.869,355.829,285.52,134.494,82.564,64.517,33.475,51.707,85.182,4138.595,1452.048,4029.437,1594.422,0.0623530319730073,0.3443061420877841,0.5286543939068714,0.0995632260974215,0.0403672180806548,47.257,53.136,59.366,47.904,47.185,57.686,48.472,50.113,44.926,47.351,49.504,54.965,0.0695515363093547,0.0414550782392826,0.0433218423349397,0.0625099498657257,0.0710945104219715,0.0449432774795115,0.0360349912313764,0.0617560541587026,0.0692394235955922,0.0356199852859092,0.0359816864380354,0.0605038890246506,0.0821043346182253,-0.0823739035087718,0.054988292427017,0.07938794255177,0.1256894632439715,0.1144044919555122,0.2631568642806796,0.1142249550312288,0.0527829501668479,0.0420963230879618,-0.0025102866512528,-0.0270966333960043,-0.0250586208036721,0.0298493928024812,-0.1519985022377958,0.0094567690557452,Consumer Discretionary,25.0,2.0,77,6.7217413136302735,679.453,766.342,8.32835323594712,7.28141869812443,8.301630085786458,7.374893557027183
HAS,2014Q3,2014,Q3,0,0,1,0,1469.899,772.781,697.118,486.967,391.564,338.405,285.814,244.054,180.457,58.22,238.677,4508.802,1498.564,4138.595,1452.048,0.0396081635540945,0.2663883709016742,0.5257374826433653,0.1944446523196492,0.122768299046397,51.707,47.257,53.136,59.366,47.904,47.185,57.686,48.472,50.113,44.926,47.351,49.504,0.0623530319730073,0.0695515363093547,0.0414550782392826,0.0433218423349397,0.0625099498657257,0.0710945104219715,0.0449432774795115,0.0360349912313764,0.0617560541587026,0.0692394235955922,0.0356199852859092,0.0359816864380354,0.0726465102295184,0.4257035410115821,0.1747623586427269,-0.0193039787083515,0.2932658684511231,0.4383762946262319,0.5653216858119592,-0.0216285933625156,0.0653875036731497,0.0606691598800295,-0.0857230113191669,-0.0067673800148898,0.0951999073686993,0.3409602146735713,0.3291457413183758,0.283623749596644,Consumer Discretionary,25.0,3.0,78,7.293629057469196,829.262,1370.348,8.414008529093959,7.3129296781718915,8.32835323594712,7.28141869812443
HAS,2014Q4,2014,Q4,0,0,0,1,1298.593,691.017,607.576,467.468,376.147,277.251,223.549,205.422,169.911,65.372,235.283,4532.142,1465.664,4508.802,1498.564,0.0503406379057949,0.28965734452596,0.5321274641092321,0.1721470853454469,0.130842380946147,58.22,51.707,47.257,53.136,59.366,47.904,47.185,57.686,48.472,50.113,44.926,47.351,0.0396081635540945,0.0623530319730073,0.0695515363093547,0.0414550782392826,0.0433218423349397,0.0625099498657257,0.0710945104219715,0.0449432774795115,0.0360349912313764,0.0617560541587026,0.0692394235955922,0.0356199852859092,0.0131224483586409,0.3088703154489081,0.0627025198194528,0.2302770249924721,0.0583634267565524,0.2171098479898952,0.2733347383558757,-0.0379270594494622,0.0470020402993922,0.0019182421614625,0.2143418862997688,0.0334407672000949,0.0489378865714964,0.2013452568953873,0.2919171987249991,0.2860438040786879,Consumer Discretionary,25.0,4.0,79,7.16980641750774,1469.899,1281.773,8.419170576282987,7.290745713054772,8.414008529093959,7.3129296781718915
HAS,2015Q1,2015,Q1,1,0,0,0,713.5,406.676,306.824,352.471,276.527,104.351,54.205,34.315,26.667,51.897,78.564,4260.842,1445.507,4532.142,1465.664,0.0727358093903293,0.3875641205325858,0.5699733707077785,0.0759705676243868,0.037374912403644,65.372,58.22,51.707,47.257,53.136,59.366,47.904,47.185,57.686,48.472,50.113,44.926,0.0503406379057949,0.0396081635540945,0.0623530319730073,0.0695515363093547,0.0414550782392826,0.0433218423349397,0.0625099498657257,0.0710945104219715,0.0449432774795115,0.0360349912313764,0.0617560541587026,0.0692394235955922,0.0501094262590642,-0.1689157602767476,0.0951964171740811,0.0981865120511247,0.1859685411647043,0.2475833179893205,0.3200615502981341,-0.0042255440955971,0.0531874376337777,0.0750032786485257,0.0457829294641525,0.0029311339349449,0.0429355168019354,0.1880507752737179,-0.2085736791412992,-0.0098306110102843,Consumer Discretionary,25.0,1.0,80,6.571582997369922,1298.593,679.453,8.357456740174108,7.276906963671677,8.419170576282987,7.290745713054772
HAS,2015Q2,2015,Q2,0,1,0,0,797.658,445.19,352.468,369.69,291.513,127.745,75.5,53.646,41.809,57.609,99.418,4231.107,1428.505,4260.842,1445.507,0.0722226819012659,0.3654611374799726,0.5581214003996701,0.0946520940052002,0.0524146940167339,51.897,65.372,58.22,51.707,47.257,53.136,59.366,47.904,47.185,57.686,48.472,50.113,0.0727358093903293,0.0503406379057949,0.0396081635540945,0.0623530319730073,0.0695515363093547,0.0414550782392826,0.0433218423349397,0.0625099498657257,0.0710945104219715,0.0449432774795115,0.0360349912313764,0.0617560541587026,-0.0381109950775507,0.2489619118745332,0.0155043533998033,0.1141431527646159,-0.050180677204931,-0.0855578702582238,-0.1684982252739587,-0.0982451921231921,0.0209897730456709,0.0389541043591163,0.1582866079797242,0.0614423990925925,0.0557396416873243,-0.049326767369067,0.2984470198567543,0.1671245098729779,Consumer Discretionary,25.0,2.0,81,6.682932819089322,713.5,829.262,8.350455256772387,7.265083509482728,8.357456740174108,7.276906963671677
HAS,2015Q3,2015,Q3,0,0,1,0,1470.997,777.898,693.099,474.371,389.051,364.833,303.527,284.617,207.599,64.793,272.392,4580.246,1542.837,4231.107,1428.505,0.0440469966967981,0.2644811648154279,0.5288236481787523,0.2063410054541239,0.1411280920355377,57.609,51.897,65.372,58.22,51.707,47.257,53.136,59.366,47.904,47.185,57.686,48.472,0.0722226819012659,0.0727358093903293,0.0503406379057949,0.0396081635540945,0.0623530319730073,0.0695515363093547,0.0414550782392826,0.0433218423349397,0.0625099498657257,0.0710945104219715,0.0449432774795115,0.0360349912313764,0.0007469900993197,0.1504070221714868,0.006621539608246,0.1128993473033324,0.0780957728165956,0.0619738711189794,0.1662050202004474,-0.0057651645775894,-0.0064178525094238,-0.0258662291284624,0.1120686430372193,-0.0071594945372082,0.005870164554123,0.0611811792844694,0.149548320957042,0.1412578505679222,Consumer Discretionary,25.0,3.0,82,7.294375261243267,797.658,1469.899,8.429726292510432,7.342026155063635,8.350455256772387,7.265083509482728
HAS,2015Q4,2015,Q4,0,0,0,1,1465.354,761.467,703.887,502.766,413.092,301.884,258.701,231.337,175.763,68.645,244.408,4720.717,1663.902,4580.246,1542.837,0.0468453356663304,0.2819059421818891,0.5196471296355692,0.1765450532772285,0.1199457605465982,64.793,57.609,51.897,65.372,58.22,51.707,47.257,53.136,59.366,47.904,47.185,57.686,0.0440469966967981,0.0722226819012659,0.0727358093903293,0.0503406379057949,0.0396081635540945,0.0623530319730073,0.0695515363093547,0.0414550782392826,0.0433218423349397,0.0625099498657257,0.0710945104219715,0.0449432774795115,0.1284166786668339,0.0344415605817163,0.1019511820982694,0.0500673071039587,0.0888472900007575,0.1572451677260915,0.1261549395877754,0.1585167946067651,0.0982195790475533,0.0755089118399547,-0.06943301445654,-0.0267605931303293,-0.0234536559667232,0.0255477339215837,-0.083280511411923,0.0387830825006481,Consumer Discretionary,25.0,4.0,83,7.290534326693587,1470.997,1298.593,8.459927783617346,7.417521541823435,8.429726292510432,7.342026155063635
HAS,2016Q1,2016,Q1,1,0,0,0,831.18,470.971,360.209,385.055,313.014,123.26,85.916,59.213,48.751,57.164,105.915,4364.695,1607.39,4720.717,1663.902,0.0687745133424769,0.3765899083231069,0.5666293702928368,0.1033662985153637,0.0586527587285545,68.645,64.793,57.609,51.897,65.372,58.22,51.707,47.257,53.136,59.366,47.904,47.185,0.0468453356663304,0.0440469966967981,0.0722226819012659,0.0727358093903293,0.0503406379057949,0.0396081635540945,0.0623530319730073,0.0695515363093547,0.0414550782392826,0.0433218423349397,0.0625099498657257,0.0710945104219715,0.1649334267694462,0.8281396482543966,0.1580988305186439,0.1014894887951134,0.1812057383254592,0.5850198321188083,0.7255719073291564,0.1739922561468463,0.1319473324485494,0.0924444847944936,-0.0544614280236368,-0.0283158621453354,-0.0058669414867387,0.3606097959729177,0.5693082593776464,0.3481365510921033,Consumer Discretionary,25.0,1.0,84,6.724048763575601,1465.354,713.5,8.38153267667612,7.382988957644925,8.459927783617346,7.417521541823435
HAS,2016Q2,2016,Q2,0,1,0,0,878.945,487.861,391.084,402.987,325.592,136.623,84.874,67.02,52.106,63.671,115.777,4344.385,1612.533,4364.695,1607.39,0.0724402550785316,0.3704350101542189,0.5550529327773638,0.0965634937339651,0.0592824351921906,57.164,68.645,64.793,57.609,51.897,65.372,58.22,51.707,47.257,53.136,59.366,47.904,0.0687745133424769,0.0468453356663304,0.0440469966967981,0.0722226819012659,0.0727358093903293,0.0503406379057949,0.0396081635540945,0.0623530319730073,0.0695515363093547,0.0414550782392826,0.0433218423349397,0.0625099498657257,0.1019070829854398,0.2462866846851157,0.0958489633639569,0.105226613897134,0.0694978277036282,0.1241589403973508,0.2493009730455204,0.1095588819410555,0.1169038773570989,0.0900673537287999,0.0030125325110901,0.0136098538644724,-0.0054978497869978,0.0201939507926776,0.13102702027153,0.1645476674244099,Consumer Discretionary,25.0,2.0,85,6.779859405519046,831.18,797.658,8.376869641369009,7.386181463715468,8.38153267667612,7.382988957644925
HAS,2016Q3,2016,Q3,0,0,1,0,1679.757,886.477,793.28,524.376,439.32,417.838,362.101,346.324,257.798,70.083,327.881,4948.558,1741.76,4344.385,1612.533,0.041722106233223,0.2615378295789212,0.5277412149495433,0.2155674898214444,0.153473389305715,63.671,57.164,68.645,64.793,57.609,51.897,65.372,58.22,51.707,47.257,53.136,59.366,0.0724402550785316,0.0687745133424769,0.0468453356663304,0.0440469966967981,0.0722226819012659,0.0727358093903293,0.0503406379057949,0.0396081635540945,0.0623530319730073,0.0695515363093547,0.0414550782392826,0.0433218423349397,0.1419173526526567,0.241807523157626,0.1395799963491357,0.0816446221042395,0.1452856512431715,0.1929778899405985,0.2168071478513229,0.1445406788929142,0.1292092810454157,0.1054132735770103,-0.0527820427707875,-0.0111287139806749,-0.0020468699403607,0.0447147397920952,0.0874758320056405,0.2037100942758964,Consumer Discretionary,25.0,3.0,86,7.426999566147851,878.945,1470.997,8.507053558646593,7.463225342407713,8.376869641369009,7.386181463715468
HAS,2016Q4,2016,Q4,0,0,0,1,1629.94,859.517,770.423,604.36,501.783,302.574,255.157,219.932,192.725,75.457,268.182,5091.366,1862.736,4948.558,1741.76,0.0462943421230229,0.3078536633250304,0.527330453881738,0.1565437991582512,0.1182405487318551,70.083,63.671,57.164,68.645,64.793,57.609,51.897,65.372,58.22,51.707,47.257,53.136,0.041722106233223,0.0724402550785316,0.0687745133424769,0.0468453356663304,0.0440469966967981,0.0722226819012659,0.0727358093903293,0.0503406379057949,0.0396081635540945,0.0623530319730073,0.0695515363093547,0.0414550782392826,0.1123182521083643,0.0965049526919772,0.1287646083152651,0.0992351955714181,0.0022856461422267,-0.0136992126045125,-0.0493003713197629,0.0945265362195921,0.2147003573053945,0.2020701479415871,-0.0117619723601114,0.0920438957132712,0.0147856570506934,-0.1132926340766364,-0.0142165242604025,0.0972717750646459,Consumer Discretionary,25.0,4.0,87,7.396911814697259,1679.757,1465.354,8.535497834549068,7.5303383543136455,8.507053558646593,7.463225342407713
HAS,2017Q1,2017,Q1,1,0,0,0,849.663,479.201,370.462,400.858,324.821,136.446,78.343,70.837,68.599,62.586,131.185,4645.87,1851.644,5091.366,1862.736,0.0736597921764276,0.3822939212370081,0.5639894875968472,0.0922047917821536,0.0807367156154852,75.457,70.083,63.671,57.164,68.645,64.793,57.609,51.897,65.372,58.22,51.707,47.257,0.0462943421230229,0.041722106233223,0.0724402550785316,0.0687745133424769,0.0468453356663304,0.0440469966967981,0.0722226819012659,0.0727358093903293,0.0503406379057949,0.0396081635540945,0.0623530319730073,0.0695515363093547,0.0222370605644988,0.4071301101515867,0.0174745366487534,0.0948499055349521,0.1069771215317214,-0.0881442339028818,0.1963082431222873,0.0284640306044545,0.0377203575558922,0.0410408902624299,0.0710332737597627,0.0151464837156687,-0.0046589231592871,-0.1079801336946499,0.3765203438961046,0.2385875466175708,Consumer Discretionary,25.0,1.0,88,6.746016045442453,1629.94,831.18,8.44394915365601,7.524369086942727,8.535497834549068,7.5303383543136455
HAS,2017Q2,2017,Q2,0,1,0,0,972.506,525.121,447.385,425.137,349.275,162.268,99.984,86.886,67.723,62.793,130.516,4912.743,1832.494,4645.87,1851.644,0.064568239167676,0.3591494551190429,0.5399668485335823,0.1028106767464673,0.0696376166316711,62.586,75.457,70.083,63.671,57.164,68.645,64.793,57.609,51.897,65.372,58.22,51.707,0.0736597921764276,0.0462943421230229,0.041722106233223,0.0724402550785316,0.0687745133424769,0.0468453356663304,0.0440469966967981,0.0722226819012659,0.0727358093903293,0.0503406379057949,0.0396081635540945,0.0623530319730073,0.1064469335396411,0.2997159636126356,0.0763742131467775,-0.0137896373545256,0.1877063159204526,0.1780286071117185,0.2964189794091316,0.1439613995970174,0.0727382736676576,0.0549645522063986,-0.1086690805039491,-0.0304656814982946,-0.0271795415408292,0.0646950806244996,0.1746753723241896,0.1273050778652062,Consumer Discretionary,25.0,2.0,89,6.880903988121458,849.663,878.945,8.499791252161156,7.513978715076247,8.44394915365601,7.524369086942727
HAS,2017Q3,2017,Q3,0,0,1,0,1791.502,921.624,869.878,560.68,481.408,428.861,360.944,349.841,265.583,67.386,332.96900000000005,5544.648,1956.252,4912.743,1832.494,0.0376142477094639,0.2687175342254712,0.5144420715131772,0.2014756332954136,0.1482459969344159,62.793,62.586,75.457,70.083,63.671,57.164,68.645,64.793,57.609,51.897,65.372,58.22,0.064568239167676,0.0736597921764276,0.0462943421230229,0.041722106233223,0.0724402550785316,0.0687745133424769,0.0468453356663304,0.0440469966967981,0.0722226819012659,0.0727358093903293,0.0503406379057949,0.0396081635540945,0.0665245032466004,0.0301980620485806,0.039647954769272,-0.0384829416548949,0.0263810376270228,-0.0031952411067629,0.0101552303623195,0.0965585921742639,0.0958026040244013,0.0692327642760155,-0.098457601847724,0.0274518782162769,-0.0252001228246643,-0.0653709728572855,-0.034060578155906,0.0155178250645815,Consumer Discretionary,25.0,3.0,90,7.4913676882332645,972.506,1679.757,8.620768754994504,7.579296727629371,8.499791252161156,7.513978715076247
HAS,2017Q4,2017,Q4,0,0,0,1,1596.111,844.655,751.456,573.567,471.102,364.477,271.088,278.586,-5.298,76.255,70.957,5289.983,1829.957,5544.648,1956.252,0.047775499323042,0.2951561639510033,0.5291956511796485,0.1698428242146066,-0.0033193180173559,67.386,62.793,62.586,75.457,70.083,63.671,57.164,68.645,64.793,57.609,51.897,65.372,0.0376142477094639,0.064568239167676,0.0736597921764276,0.0462943421230229,0.041722106233223,0.0724402550785316,0.0687745133424769,0.0468453356663304,0.0440469966967981,0.0722226819012659,0.0727358093903293,0.0503406379057949,-0.0207547517086518,-1.0274899468154106,-0.0172911065167996,0.0105755595902301,0.204587968563062,0.0624360687733436,0.2666915228343307,-0.0246189431000891,-0.0611439606363707,-0.0509514196836322,0.0319943460063241,-0.0412452437202967,0.0035370559090235,0.0849540200753102,-1.0280725863754527,-0.7354147556510131,Consumer Discretionary,25.0,4.0,91,7.375951651122109,1791.502,1629.94,8.573759329895758,7.512594059964012,8.620768754994504,7.579296727629371
HAS,2018Q1,2018,Q1,1,0,0,0,716.341,391.502,324.839,471.921,396.025,-20.846,-80.419,-88.388,-112.492,57.384,-55.108,4729.072,1571.359,5289.983,1829.957,0.0801070998309464,0.5528442459666555,0.5465302139623448,-0.1122635727956378,-0.1570369419033672,76.255,67.386,62.793,62.586,75.457,70.083,63.671,57.164,68.645,64.793,57.609,51.897,0.047775499323042,0.0376142477094639,0.064568239167676,0.0736597921764276,0.0462943421230229,0.041722106233223,0.0724402550785316,0.0687745133424769,0.0468453356663304,0.0440469966967981,0.0722226819012659,0.0727358093903293,-0.1569116226080222,-2.639848977390341,-0.1830108868721058,-0.0831176301409261,-1.1527783885200007,-2.0264988575877867,-2.2477659979953977,-0.1231516322861724,0.2192099648729606,0.1772772403195146,0.0875281814409203,0.4461235590087045,-0.0309567359294162,-2.217545971589804,-2.9450499157194816,-1.420078515074132,Consumer Discretionary,25.0,1.0,92,6.575551320288794,1596.111,849.663,8.46169570335744,7.360332318417623,8.573759329895758,7.512594059964012
HAS,2018Q2,2018,Q2,0,1,0,0,904.458,500.107,404.351,412.519,340.809,138.849,87.588,68.124,60.299,59.859,120.158,5113.856,1766.75,4729.072,1571.359,0.0661821776135542,0.3768102001419635,0.552935570253124,0.0968403176266891,0.0666686568088291,57.384,76.255,67.386,62.793,62.586,75.457,70.083,63.671,57.164,68.645,64.793,57.609,0.0801070998309464,0.047775499323042,0.0376142477094639,0.064568239167676,0.0736597921764276,0.0462943421230229,0.041722106233223,0.0724402550785316,0.0687745133424769,0.0468453356663304,0.0440469966967981,0.0722226819012659,-0.0699718048012043,-0.1096230231974366,-0.0476347356133156,-0.0467249534183745,-0.1443229718736904,-0.1239798367738838,-0.21593812582004,-0.0961900823675357,-0.0242387803306848,-0.0296798443795764,0.0249958565803058,0.0491738043068081,0.0240176258130688,-0.0580713920841241,-0.042634426139905,-0.0793619173128198,Consumer Discretionary,25.0,2.0,93,6.80844089303404,716.341,972.506,8.53990452549677,7.47746283048435,8.46169570335744,7.360332318417623
HAS,2018Q3,2018,Q3,0,0,1,0,1569.686,808.824,760.862,495.488,406.752,384.125,313.336,295.794,263.861,65.807,329.668,5495.329,1887.281,5113.856,1766.75,0.0419236713584755,0.259129532912952,0.5152775778085553,0.1996169934623867,0.1680979508003511,59.859,57.384,76.255,67.386,62.793,62.586,75.457,70.083,63.671,57.164,68.645,64.793,0.0661821776135542,0.0801070998309464,0.047775499323042,0.0376142477094639,0.064568239167676,0.0736597921764276,0.0462943421230229,0.041722106233223,0.0724402550785316,0.0687745133424769,0.0468453356663304,0.0440469966967981,-0.1238156585926223,-0.0064838487403185,-0.1223926460248431,-0.0234321669189444,-0.1043135188324422,-0.1318985770645862,-0.1544901826829903,-0.1253233212013639,-0.1550784365860144,-0.116273096953699,0.1145689176691244,-0.0356805942721779,0.0016241018020173,-0.0092251345863825,0.1339122423300083,-0.0099138358225542,Consumer Discretionary,25.0,3.0,94,7.35926774558586,904.458,1791.502,8.611835693828157,7.543422170376417,8.53990452549677,7.47746283048435
HAS,2018Q4,2018,Q4,0,0,0,1,1389.161,676.875,712.286,666.328,583.896,70.964,10.547,-5.128,8.766,63.115,71.881,5262.988,1754.486,5495.329,1887.281,0.0454338985905881,0.4203227703628304,0.487254537091093,0.0075923525062969,0.0063102836892196,65.807,59.859,57.384,76.255,67.386,62.793,62.586,75.457,70.083,63.671,57.164,68.645,0.0419236713584755,0.0661821776135542,0.0801070998309464,0.047775499323042,0.0376142477094639,0.064568239167676,0.0736597921764276,0.0462943421230229,0.041722106233223,0.0724402550785316,0.0687745133424769,0.0468453356663304,-0.1296589021690847,-2.654586636466591,-0.1986373134593413,-0.1723165694052848,-0.8052990998060234,-0.9610938145546832,-1.0184072422878394,-0.0521254737469659,0.2394258568208158,0.1617265288972342,-0.0490125852295295,0.4240690918879304,-0.0792544572032348,-0.9552977728590784,-2.901078370986032,0.0130219710528913,Consumer Discretionary,25.0,4.0,95,7.237174846755399,1569.686,1596.111,8.568644193367296,7.470501020640771,8.611835693828157,7.543422170376417
HAS,2019Q1,2019,Q1,1,0,0,0,732.51,412.635,319.875,376.508,301.857,97.328,36.127,29.595,26.727,56.26,82.987,4934.773,1654.531,5262.988,1754.486,0.0768044122264542,0.4120858418315108,0.5633165417536962,0.0493194632155192,0.0364868738993324,63.115,65.807,59.859,57.384,76.255,67.386,62.793,62.586,75.457,70.083,63.671,57.164,0.0454338985905881,0.0419236713584755,0.0661821776135542,0.0801070998309464,0.047775499323042,0.0376142477094639,0.064568239167676,0.0736597921764276,0.0462943421230229,0.041722106233223,0.0724402550785316,0.0687745133424769,0.0225716523275925,-1.237590228638481,0.0539792900163982,-0.0195873414192109,-5.668905305574211,-1.449234633606486,-1.3348305199800878,-0.0152814163323985,-0.237782968246954,-0.2021800258941645,-0.0412284006219423,-0.2546077039999335,0.0307143637488043,-1.4393184894026074,-1.2323458000206386,-2.505897510343326,Consumer Discretionary,25.0,1.0,96,6.597841230755272,1389.161,716.341,8.504264575872932,7.411877082272568,8.568644193367296,7.470501020640771
HAS,2019Q2,2019,Q2,0,1,0,0,984.537,569.782,414.755,441.449,340.5,98.823,128.333,6.108,13.433,65.632,79.065,5038.61,1715.869,4934.773,1654.531,0.0666628069843997,0.3458478452308039,0.5787309161565284,0.1303485800939934,0.0136439768134666,56.26,63.115,65.807,59.859,57.384,76.255,67.386,62.793,62.586,75.457,70.083,63.671,0.0768044122264542,0.0454338985905881,0.0419236713584755,0.0661821776135542,0.0801070998309464,0.047775499323042,0.0376142477094639,0.064568239167676,0.0736597921764276,0.0462943421230229,0.041722106233223,0.0724402550785316,0.088538107905508,-0.7772268196819184,0.1393201854803072,0.0964433084415041,-0.2882699911414558,0.4651892953372609,-0.9103399682931126,0.0257301206130318,-0.0009066661971955,0.0701301030982815,0.0072622175361474,-0.082169630491676,0.0466516304812796,0.3460156192018668,-0.7953464571426656,-0.3419913780189417,Consumer Discretionary,25.0,2.0,97,6.89318667028171,732.51,904.458,8.525083977118973,7.448257562121917,8.504264575872932,7.411877082272568
HAS,2019Q3,2019,Q3,0,0,1,0,1575.173,820.046,755.127,522.836,415.64,360.96,297.21,259.746,212.949,67.354,280.303,5554.624,1840.907,5038.61,1715.869,0.0427597476594634,0.263869428945265,0.5206069428564355,0.1886840366105818,0.1351908647494592,65.632,56.26,63.115,65.807,59.859,57.384,76.255,67.386,62.793,62.586,75.457,70.083,0.0666628069843997,0.0768044122264542,0.0454338985905881,0.0419236713584755,0.0661821776135542,0.0801070998309464,0.047775499323042,0.0376142477094639,0.064568239167676,0.0736597921764276,0.0462943421230229,0.041722106233223,0.0034956035793145,-0.1929500759869779,0.0138744646548569,0.0235081374321879,-0.0603058900097625,-0.0514655194423878,-0.1218685977403193,-0.0075375035157492,0.0218511525450397,0.0551940712994059,0.0199428216541175,0.0182916087526976,0.0103427070716828,-0.0547696699673267,-0.1957613754017466,-0.1497415581736777,Consumer Discretionary,25.0,3.0,98,7.36275503596697,984.537,1569.686,8.622566026998173,7.518556726941311,8.525083977118973,7.448257562121917
HAS,2019Q4,2019,Q4,0,0,0,1,1428.007,695.366,732.641,504.986,392.782,405.349,190.38,298.761,267.345,72.91,340.255,8855.628,2995.53,5554.624,1840.907,0.0510571726889293,0.2750560746550962,0.486948593389248,0.1333186742081796,0.1872154688317354,67.354,65.632,56.26,63.115,65.807,59.859,57.384,76.255,67.386,62.793,62.586,75.457,0.0427597476594634,0.0666628069843997,0.0768044122264542,0.0454338985905881,0.0419236713584755,0.0661821776135542,0.0801070998309464,0.047775499323042,0.0376142477094639,0.064568239167676,0.0736597921764276,0.0462943421230229,0.0279636413633841,29.49794661190965,0.0273181902123729,0.1551929018458369,4.712037089228341,17.050630511045792,-59.26072542901717,0.0285770041809048,-0.3273082877772754,-0.2421360050905859,0.1237682495401384,-0.345607485367346,-0.0006278929769879,16.55960014996767,28.668312559635236,3.733587457047064,Consumer Discretionary,25.0,4.0,99,7.264735076448311,1575.173,1389.161,9.0889213842501,8.005210231528418,8.622566026998173,7.518556726941311
HAS,2020Q1,2020,Q1,1,0,0,0,1105.6,730.1,375.5,753.4,380.8,175.5,-23.3,-72.0,-69.7,53.8,-15.900000000000006,10424.359,2729.224,8855.628,2995.53,0.0486613603473227,0.3444283646888568,0.6603654124457309,-0.021074529667149,-0.0630426917510853,72.91,67.354,65.632,56.26,63.115,65.807,59.859,57.384,76.255,67.386,62.793,62.586,0.0510571726889293,0.0427597476594634,0.0666628069843997,0.0768044122264542,0.0454338985905881,0.0419236713584755,0.0661821776135542,0.0801070998309464,0.047775499323042,0.0376142477094639,0.064568239167676,0.0736597921764276,0.5093309306357592,-3.607849739963333,0.769360330558484,-0.0437255599004621,0.8031809962189709,-1.6449469925540454,-3.432843385707045,0.17389605314576,0.261524496698768,1.0010198986475718,-0.3664249365798548,-0.164182969358887,0.17228123709967,-1.4273065498514508,-2.727818390937537,-1.191596274115223,Consumer Discretionary,25.0,1.0,100,7.009047530464009,1428.007,732.51,9.251996482524921,7.912138936095034,9.0889213842501,8.005210231528418
HAS,2020Q2,2020,Q2,0,1,0,0,860.3,509.7,350.6,507.5,353.5,124.0,2.2,-43.7,-33.9,58.4,24.5,10222.05,2604.007,10424.359,2729.224,0.0678832965244682,0.4109031733116355,0.5924677438102988,0.0025572474718121,-0.0394048587701964,53.8,72.91,67.354,65.632,56.26,63.115,65.807,59.859,57.384,76.255,67.386,62.793,0.0486613603473227,0.0510571726889293,0.0427597476594634,0.0666628069843997,0.0768044122264542,0.0454338985905881,0.0419236713584755,0.0661821776135542,0.0801070998309464,0.047775499323042,0.0376142477094639,0.064568239167676,-0.1261882488926268,-3.5236358222288398,-0.1054473465290234,-0.1101901511457826,0.2547686267366909,-0.9828570983301256,-8.154551407989523,-0.1546816795457558,0.0381791483113069,0.1496231727787353,0.0183084030703066,0.1881038988038699,0.0237361220392362,-0.9803814704389712,-3.888077230628519,-0.6901283753873395,Consumer Discretionary,25.0,2.0,101,6.758442875795128,1105.6,984.537,9.232400253677264,7.865190641323972,9.251996482524921,7.912138936095034
HAS,2020Q3,2020,Q3,0,0,1,0,1776.6,989.6,787.0,653.0,462.8,507.8,336.6,299.2,220.9,62.7,283.6,10703.177,2773.751,10222.05,2604.007,0.0352921310368118,0.2604975796465158,0.5570190251041315,0.1894630192502533,0.1243386243386243,58.4,53.8,72.91,67.354,65.632,56.26,63.115,65.807,59.859,57.384,76.255,67.386,0.0678832965244682,0.0486613603473227,0.0510571726889293,0.0427597476594634,0.0666628069843997,0.0768044122264542,0.0454338985905881,0.0419236713584755,0.0661821776135542,0.0801070998309464,0.047775499323042,0.0376142477094639,0.1278761126555623,0.0373375784812326,0.2067615719118194,-0.0690976037057932,0.4068040780141846,0.1325325527404866,0.1518945431305969,0.0422087940174302,0.1134635742469445,0.2489576081218585,-0.1746412696848279,-0.0127784765072147,0.0699415994107037,0.004128503150901,-0.0802734743279192,0.0117622715418672,Consumer Discretionary,25.0,3.0,102,7.483019418885365,860.3,1575.173,9.278389318105733,7.928316292424852,9.232400253677264,7.865190641323972
HAS,2020Q4,2020,Q4,0,0,0,1,1722.971,947.243,775.728,760.879,467.775,367.903,186.364,138.474,105.173,84.659,189.832,10818.4,2896.7,10703.177,2773.751,0.0491354758727802,0.2714932520628612,0.5497730373871644,0.1081643277803282,0.061041654212404,62.7,58.4,53.8,72.91,67.354,65.632,56.26,63.115,65.807,59.859,57.384,76.255,0.0352921310368118,0.0678832965244682,0.0486613603473227,0.0510571726889293,0.0427597476594634,0.0666628069843997,0.0768044122264542,0.0454338985905881,0.0419236713584755,0.0661821776135542,0.0801070998309464,0.047775499323042,0.2065564104377639,-0.6066019562737288,0.3622221966561496,0.1611438760115211,-0.0923796530890663,-0.0210946527996638,-0.5365057688252484,0.0588105224796318,0.190927792006762,0.5067328599208691,-0.0376381361313774,-0.0129530772832505,0.1290165837848451,-0.1886783421546209,-0.6739497297241674,-0.4420890214691922,Consumer Discretionary,25.0,4.0,103,7.45238562973645,1776.6,1428.007,9.289096097997842,7.97167259785336,9.278389318105733,7.928316292424852
HAS,2021Q1,2021,Q1,1,0,0,0,1114.8,716.0,398.8,568.7,376.5,332.8,147.3,129.5,116.2,61.8,178.0,10189.1,2919.5,10818.4,2896.7,0.0554359526372443,0.3377287405812701,0.6422676713311805,0.1321313240043057,0.1042339433082167,84.659,62.7,58.4,53.8,72.91,67.354,65.632,56.26,63.115,65.807,59.859,57.384,0.0491354758727802,0.0352921310368118,0.0678832965244682,0.0486613603473227,0.0510571726889293,0.0427597476594634,0.0666628069843997,0.0768044122264542,0.0454338985905881,0.0419236713584755,0.0661821776135542,0.0801070998309464,0.0083212735166426,-2.667144906743185,-0.0193124229557595,0.1486988847583643,0.8962962962962964,-7.321888412017167,-2.798611111111111,0.0620505992010653,-0.0112920168067227,-0.2451552959915051,0.1392191307757873,-0.0194514296569006,-0.0274056465912162,-7.269716387088428,-2.653386624412689,-12.194968553459116,Consumer Discretionary,25.0,1.0,104,7.017326915411428,1722.971,1105.6,9.229171939711307,7.979510113480364,9.289096097997842,7.97167259785336
HAS,2021Q2,2021,Q2,0,1,0,0,1322.2,865.7,456.5,789.1,459.7,270.2,76.6,41.1,-22.9,87.2,64.30000000000001,10102.2,2850.5,10189.1,2919.5,0.0659506882468612,0.3476781122371804,0.6547420965058236,0.0579337467856602,-0.0173196188171229,61.8,84.659,62.7,58.4,53.8,72.91,67.354,65.632,56.26,63.115,65.807,59.859,0.0554359526372443,0.0491354758727802,0.0352921310368118,0.0678832965244682,0.0486613603473227,0.0510571726889293,0.0427597476594634,0.0666628069843997,0.0768044122264542,0.0454338985905881,0.0419236713584755,0.0661821776135542,0.5369057305591074,-0.3244837758112094,0.6984500686678439,0.493150684931507,1.1790322580645158,33.81818181818181,-1.9405034324942791,0.3020536223616656,0.3004243281471004,0.5548768472906405,-0.0284695702264595,-0.1538685149712976,0.105110115016598,21.654728345319786,-0.5604699684846344,1.6244897959183675,Consumer Discretionary,25.0,2.0,105,7.187808324269427,1114.8,860.3,9.22060748433196,7.955600450596593,9.229171939711307,7.979510113480364
HAS,2021Q3,2021,Q3,0,0,1,0,1970.0,1188.7,781.3,820.8,525.1,630.9,367.9,323.4,253.2,80.1,333.29999999999995,10230.4,3019.0,10102.2,2850.5,0.0406598984771573,0.2665482233502538,0.6034010152284264,0.186751269035533,0.1285279187817258,87.2,61.8,84.659,62.7,58.4,53.8,72.91,67.354,65.632,56.26,63.115,65.807,0.0659506882468612,0.0554359526372443,0.0491354758727802,0.0352921310368118,0.0678832965244682,0.0486613603473227,0.0510571726889293,0.0427597476594634,0.0666628069843997,0.0768044122264542,0.0454338985905881,0.0419236713584755,0.1088596194979174,0.1462200090538705,0.2011924009700889,0.2775119617224879,0.2424182749113823,0.0929887106357694,0.0808823529411764,-0.0072426937738246,0.1346153846153845,0.2569678407350688,0.1520953051757216,0.0232272549785239,0.083268233280944,-0.0143128206520265,0.0336926233934549,0.1752468265162197,Consumer Discretionary,25.0,3.0,106,7.58629630715272,1322.2,1776.6,9.233216701977154,8.013012110368916,9.22060748433196,7.955600450596593
HAS,2021Q4,2021,Q4,0,0,0,1,2013.4,1102.1,911.3,930.6,578.0,436.4,171.5,87.9,82.2,86.6,168.8,10037.8,3025.9,10230.4,3019.0,0.0430118208006357,0.2870765868679845,0.547382537002086,0.0851792986987185,0.0408264626999105,80.1,87.2,61.8,84.659,62.7,58.4,53.8,72.91,67.354,65.632,56.26,63.115,0.0406598984771573,0.0659506882468612,0.0554359526372443,0.0491354758727802,0.0352921310368118,0.0678832965244682,0.0486613603473227,0.0510571726889293,0.0427597476594634,0.0666628069843997,0.0768044122264542,0.0454338985905881,0.1685629067465441,-0.2184305857967349,0.1634818098418249,0.022927272942038,0.1861822273805866,-0.0797578931553304,-0.3652237965249794,0.1747674442588123,0.2356367911923467,0.2230591197812004,-0.1246279793442853,0.0573986082037691,-0.0043481586445918,-0.2125010116855731,-0.3311704404692491,-0.1107927009144926,Consumer Discretionary,25.0,4.0,107,7.608076663290083,1970.0,1722.971,9.214212864190056,8.015294272466768,9.233216701977154,8.013012110368916
HAS,2022Q1,2022,Q1,1,0,0,0,1163.1,739.9,423.2,619.9,384.7,312.5,120.0,80.2,61.2,69.6,130.8,9518.7,3046.0,10037.8,3025.9,0.0598400825380448,0.3307540194308314,0.6361447854870604,0.1031725561000773,0.0526180036110394,86.6,80.1,87.2,61.8,84.659,62.7,58.4,53.8,72.91,67.354,65.632,56.26,0.0430118208006357,0.0406598984771573,0.0659506882468612,0.0554359526372443,0.0491354758727802,0.0352921310368118,0.0678832965244682,0.0486613603473227,0.0510571726889293,0.0427597476594634,0.0666628069843997,0.0768044122264542,0.0433261571582346,-0.4733218588640275,0.0333798882681564,0.1262135922330096,-0.0609975961538461,-0.1853360488798371,-0.3806949806949806,0.0611835506519558,0.0217795484727756,0.0900298927378229,0.0794453723853143,-0.0206518436613787,-0.0095332306410963,-0.2191665611651985,-0.4951931977143993,-0.2651685393258426,Consumer Discretionary,25.0,1.0,108,7.0597035352541955,2013.4,1114.8,9.161118614683836,8.021912778985708,9.214212864190056,8.015294272466768
HAS,2022Q2,2022,Q2,0,1,0,0,1339.2,817.6,521.6,598.5,411.4,366.1,219.1,179.9,142.0,79.2,221.2,9503.0,2983.6,9518.7,3046.0,0.0591397849462365,0.3071983273596176,0.6105137395459976,0.1636051373954599,0.1060334528076463,69.6,86.6,80.1,87.2,61.8,84.659,62.7,58.4,53.8,72.91,67.354,65.632,0.0598400825380448,0.0430118208006357,0.0406598984771573,0.0659506882468612,0.0554359526372443,0.0491354758727802,0.0352921310368118,0.0678832965244682,0.0486613603473227,0.0510571726889293,0.0427597476594634,0.0666628069843997,0.0128573589472091,-7.200873362445416,-0.0555619729698509,-0.091743119266055,0.3549222797927462,1.8603133159268928,3.3771289537712894,0.1426067907995618,-0.1050685229497498,-0.2415409960714738,-0.1032726644963992,-0.1164289135634403,-0.0675508069449947,1.824004081779075,-7.1221585721515295,2.440124416796267,Consumer Discretionary,25.0,2.0,109,7.20057413553907,1163.1,1322.2,9.159468041602427,8.001221013497368,9.161118614683836,8.021912778985708
HAS,2022Q3,2022,Q3,0,0,1,0,1675.9,954.2,721.7,759.9,481.0,413.6,194.3,165.6,129.2,82.4,211.6,9626.1,2976.0,9503.0,2983.6,0.049167611432663,0.2870099647950355,0.5693657139447461,0.1159377051136702,0.0770929053046124,79.2,69.6,86.6,80.1,87.2,61.8,84.659,62.7,58.4,53.8,72.91,67.354,0.0591397849462365,0.0598400825380448,0.0430118208006357,0.0406598984771573,0.0659506882468612,0.0554359526372443,0.0491354758727802,0.0352921310368118,0.0678832965244682,0.0486613603473227,0.0510571726889293,0.0427597476594634,-0.1492893401015228,-0.4897314375987361,-0.1972743333052915,0.0287141073657928,-0.3444285940719606,-0.4718673552595813,-0.4879406307977736,-0.0762831178804555,-0.0839840030470386,-0.0741959064327485,0.2092408804287915,0.0767656268257854,-0.0564057739790108,-0.3791865205927414,-0.4001855313977626,-0.365136513651365,Consumer Discretionary,25.0,3.0,110,7.424702129753064,1339.2,1970.0,9.172337317175975,7.998671361015776,9.159468041602427,8.001221013497368
HAS,2022Q4,2022,Q4,0,0,0,1,1678.5,940.2,738.3,1065.9,776.3,128.4,-125.7,-164.2,-128.9,76.7,-52.2,9295.9,2832.8,9626.1,2976.0,0.0456955615132558,0.4624962764372952,0.5601429848078642,-0.0748882931188561,-0.0767947572237116,82.4,79.2,69.6,86.6,80.1,87.2,61.8,84.659,62.7,58.4,53.8,72.91,0.049167611432663,0.0591397849462365,0.0598400825380448,0.0430118208006357,0.0406598984771573,0.0659506882468612,0.0554359526372443,0.0491354758727802,0.0352921310368118,0.0678832965244682,0.0486613603473227,0.0510571726889293,-0.1663355518029204,-2.568126520681265,-0.1469013701116049,-0.1143187066974594,-0.7057745187901008,-1.7329446064139942,-2.8680318543799768,-0.1898386919784922,0.3430795847750865,0.1453900709219859,0.0623954220645428,0.6110553684755193,0.023311755387128,-1.879184194551049,-2.8810044305866307,-1.3092417061611374,Consumer Discretionary,25.0,4.0,111,7.426251409052347,1675.9,2013.4,9.13743629024011,7.949373846130126,9.172337317175975,7.998671361015776
HAS,2023Q1,2023,Q1,1,0,0,0,1001.0,646.7,354.3,628.8,399.9,194.8,17.9,-21.0,-22.1,83.3,61.2,8923.7,2730.8,9295.9,2832.8,0.0832167832167832,0.3995004995004995,0.6460539460539461,0.0178821178821178,-0.022077922077922,76.7,82.4,79.2,69.6,86.6,80.1,87.2,61.8,84.659,62.7,58.4,53.8,0.0456955615132558,0.049167611432663,0.0591397849462365,0.0598400825380448,0.0430118208006357,0.0406598984771573,0.0659506882468612,0.0554359526372443,0.0491354758727802,0.0352921310368118,0.0678832965244682,0.0486613603473227,-0.1393689278651878,-1.3611111111111112,-0.1259629679686443,0.1968390804597701,-0.37664,-0.8508333333333333,-1.2618453865336658,-0.1628071833648392,0.0395113075123472,0.0143571543797387,0.3906528816011574,0.2078477540135974,0.0155768950606089,-0.8266775724275724,-1.4195887445887443,-0.5321100917431194,Consumer Discretionary,25.0,1.0,112,6.90975328164481,1678.5,1163.1,9.096577992637517,7.912716011568792,9.13743629024011,7.949373846130126
HAS,2023Q2,2023,Q2,0,1,0,0,1210.0,737.9,472.1,926.5,465.7,6.6,-188.6,-227.9,-235.0,72.4,-162.6,8609.7,2443.0,8923.7,2730.8,0.0598347107438016,0.3848760330578512,0.6098347107438017,-0.1558677685950413,-0.1942148760330578,83.3,76.7,82.4,79.2,69.6,86.6,80.1,87.2,61.8,84.659,62.7,58.4,0.0832167832167832,0.0456955615132558,0.049167611432663,0.0591397849462365,0.0598400825380448,0.0430118208006357,0.0406598984771573,0.0659506882468612,0.0554359526372443,0.0491354758727802,0.0352921310368118,0.0678832965244682,-0.0964755077658303,-2.654929577464789,-0.0974804305283757,-0.0858585858585858,-0.9819721387599016,-1.8607941579187584,-2.266814897165092,-0.0949003067484662,0.1319883325230919,0.5480367585630743,0.0117505634861008,0.252858491665227,-0.0011122252591742,-1.952707054780828,-2.83163776044698,-1.7350813743218807,Consumer Discretionary,25.0,2.0,113,7.099201743553092,1001.0,1339.2,9.060760894930052,7.8013913202914855,9.096577992637517,7.912716011568792
HAS,2023Q3,2023,Q3,0,0,1,0,1503.4,902.0,601.4,1071.5,434.2,-46.9,-169.5,-215.0,-171.1,76.7,-94.4,8340.2,2197.8,8609.7,2443.0,0.0510176932286816,0.2888120260742317,0.5999733936410802,-0.1127444459225754,-0.1138087002793667,72.4,83.3,76.7,82.4,79.2,69.6,86.6,80.1,87.2,61.8,84.659,62.7,0.0598347107438016,0.0832167832167832,0.0456955615132558,0.049167611432663,0.0591397849462365,0.0598400825380448,0.0430118208006357,0.0406598984771573,0.0659506882468612,0.0554359526372443,0.0491354758727802,0.0352921310368118,-0.1029297690793006,-2.3243034055727554,-0.05470551247118,-0.0691747572815534,-1.113394584139265,-1.8723623262995368,-2.2983091787439616,-0.1666897602882084,-0.0972972972972973,0.4100539544676931,0.0376280592469366,0.0062787411596776,0.0537575040904279,-1.9724571123090289,-2.476253876146988,-1.446124763705104,Consumer Discretionary,25.0,3.0,114,7.316149426596182,1210.0,1675.9,9.02896236989444,7.695667035986506,9.060760894930052,7.8013913202914855
HAS,2023Q4,2023,Q4,0,0,0,1,1288.9,582.4,706.5,1781.0,539.0,-1017.7,-1198.6,-1245.2,-1061.1,74.5,-986.6,6540.9,1061.9,8340.2,2197.8,0.0578012258515012,0.4181860501202575,0.4518581736364341,-0.929940259135697,-0.8232601443091007,76.7,72.4,83.3,76.7,82.4,79.2,69.6,86.6,80.1,87.2,61.8,84.659,0.0510176932286816,0.0598347107438016,0.0832167832167832,0.0456955615132558,0.049167611432663,0.0591397849462365,0.0598400825380448,0.0430118208006357,0.0406598984771573,0.0659506882468612,0.0554359526372443,0.0491354758727802,-0.2321120047661602,7.231962761830875,-0.3805573282280367,-0.0286831812255541,-8.92601246105919,8.535401750198885,6.583434835566384,-0.0430719219829337,-0.3056807935076645,0.6708884510742095,0.2649199164503897,-0.0958066660738731,-0.1933163747620138,11.417698687026787,9.72026495130198,17.90038314176245,Consumer Discretionary,25.0,4.0,115,7.162319974971091,1503.4,1678.5,8.785982922136192,6.968756300539536,9.02896236989444,7.695667035986506
HAS,2024Q1,2024,Q1,1,0,0,0,757.3,502.2,255.1,386.0,286.3,165.9,116.2,81.0,58.2,65.5,123.7,6203.0,1005.9,6540.9,1061.9,0.0864914828997755,0.3780536115145913,0.663145384920111,0.1534398521061666,0.0768519741185791,74.5,76.7,72.4,83.3,76.7,82.4,79.2,69.6,86.6,80.1,87.2,61.8,0.0578012258515012,0.0510176932286816,0.0598347107438016,0.0832167832167832,0.0456955615132558,0.049167611432663,0.0591397849462365,0.0598400825380448,0.0430118208006357,0.0406598984771573,0.0659506882468612,0.0554359526372443,-0.2434565434565435,-3.633484162895928,-0.2234420906138859,-0.2136854741896758,-0.1483572895277207,5.491620111731844,-4.857142857142858,-0.279988710132656,-0.2840710177544385,-0.3861323155216284,0.0393514331653697,-0.0536842582492974,0.026455126496105,7.580630835657699,-4.480942357135645,1.0212418300653598,Consumer Discretionary,25.0,1.0,116,6.63107908570689,1288.9,1001.0,8.73294952429643,6.914631582921569,8.785982922136192,6.968756300539536
HAS,2024Q2,2024,Q2,0,1,0,0,995.3,702.3,293.0,490.2,378.9,279.8,212.1,182.9,138.5,70.4,208.9,6864.1,1150.6,6203.0,1005.9,0.0707324424796543,0.3806892394252989,0.7056163970662112,0.213101577413845,0.1391540239123882,65.5,74.5,76.7,72.4,83.3,76.7,82.4,79.2,69.6,86.6,80.1,87.2,0.0864914828997755,0.0578012258515012,0.0510176932286816,0.0598347107438016,0.0832167832167832,0.0456955615132558,0.049167611432663,0.0591397849462365,0.0598400825380448,0.0430118208006357,0.0406598984771573,0.0659506882468612,-0.1774380165289256,-1.5893617021276596,-0.0482450196503592,-0.0276243093922652,41.3939393939394,-2.124602332979852,-1.802544975866608,-0.3793687778013133,-0.1863860854627442,-0.4709120345385861,0.1821305994527871,-0.0108782913794036,0.1570617162896266,-2.367194637702824,-1.716495186953148,-2.284747847478475,Consumer Discretionary,25.0,2.0,117,6.90404841705081,757.3,1210.0,8.834205884738369,7.048907558738021,8.73294952429643,6.914631582921569
HAS,2024Q3,2024,Q3,0,0,1,0,1281.3,804.4,476.9,502.5,401.2,385.9,301.9,290.3,223.2,76.3,299.5,7229.9,1287.2,6864.1,1150.6,0.0595488956528525,0.3131194880199797,0.6277998907359713,0.2356200733629907,0.1741980800749239,70.4,65.5,74.5,76.7,72.4,83.3,76.7,82.4,79.2,69.6,86.6,80.1,0.0707324424796543,0.0864914828997755,0.0578012258515012,0.0510176932286816,0.0598347107438016,0.0832167832167832,0.0456955615132558,0.049167611432663,0.0591397849462365,0.0598400825380448,0.0430118208006357,0.0406598984771573,-0.1477318079020887,-2.304500292226768,-0.1082039911308204,-0.0052151238591917,-9.228144989339018,-2.781120943952802,-2.3502325581395347,-0.2070169604256734,-0.0760018424689082,-0.5310312645823612,0.167220465769212,0.0841636072990268,0.046379551809822,-3.089859694949382,-2.5306218210674496,-4.172669491525424,Consumer Discretionary,25.0,3.0,118,7.1564106194650705,995.3,1503.4,8.886118788733453,7.161001174112791,8.834205884738369,7.048907558738021
HAS,2024Q4,2024,Q4,0,0,0,1,1101.6,662.9,438.7,603.1,466.3,48.9,59.8,-57.2,-34.3,81.9,47.60000000000001,6340.3,1157.6,7229.9,1287.2,0.0743464052287581,0.4232933914306463,0.6017610748002905,0.0542846768336964,-0.0311365286855482,76.3,70.4,65.5,74.5,76.7,72.4,83.3,76.7,82.4,79.2,69.6,86.6,0.0595488956528525,0.0707324424796543,0.0864914828997755,0.0578012258515012,0.0510176932286816,0.0598347107438016,0.0832167832167832,0.0456955615132558,0.049167611432663,0.0591397849462365,0.0598400825380448,0.0430118208006357,-0.1453177127783382,-0.9676750541890492,0.1382211538461537,0.0993288590604026,-1.048049523435197,-1.0498915401301518,-0.9540636042402828,-0.3790516631280962,-0.1348794063079776,-0.6613700168444694,0.2862427073737776,0.0122130838867535,0.3317476808209041,-1.0583743700742128,-0.9621789917794712,-1.0482465031421042,Consumer Discretionary,25.0,4.0,119,7.0054263061555835,1281.3,1288.9,8.754839073730555,7.054967658662524,8.886118788733453,7.161001174112791
HAS,2025Q1,2025,Q1,1,0,0,0,887.1,625.6,261.5,454.9,55.4,219.8,170.7,136.6,98.6,80.5,179.1,6040.0,1169.9,6340.3,1157.6,0.0907451245631834,0.06245068199752,0.7052192537481682,0.1924247548190733,0.1111486867320482,81.9,76.3,70.4,65.5,74.5,76.7,72.4,83.3,76.7,82.4,79.2,69.6,0.0743464052287581,0.0595488956528525,0.0707324424796543,0.0864914828997755,0.0578012258515012,0.0510176932286816,0.0598347107438016,0.0832167832167832,0.0456955615132558,0.049167611432663,0.0591397849462365,0.0598400825380448,0.171398389013601,0.6941580756013743,0.2457188371166867,0.2290076335877862,0.3248945147679325,0.4690189328743543,0.6864197530864198,0.0250882007056056,-0.8064966818023053,0.1784974093264248,0.0491798905602867,-0.8348099843635282,0.0634459196803818,0.2540728642382466,0.4462697673914109,0.4478577202910265,Consumer Discretionary,25.0,1.0,120,6.789084349264458,1101.6,757.3,8.706324840138741,7.065527962854679,8.754839073730555,7.054967658662524
HAS,2025Q2,2025,Q2,0,1,0,0,980.8,732.1,248.7,508.4,63.6,-735.8,223.7,-814.7,-855.8,77.5,-778.3,5174.4,241.1,6040.0,1169.9,0.0790171288743882,0.0648450244698205,0.746431484502447,0.22807911908646,-0.8725530179445351,80.5,81.9,76.3,70.4,65.5,74.5,76.7,72.4,83.3,76.7,82.4,79.2,0.0907451245631834,0.0743464052287581,0.0595488956528525,0.0707324424796543,0.0864914828997755,0.0578012258515012,0.0510176932286816,0.0598347107438016,0.0832167832167832,0.0456955615132558,0.049167611432663,0.0591397849462365,-0.0145684718175425,-7.179061371841155,0.0424320091129148,0.1008522727272727,-3.629735525375268,0.0546911834040546,-5.454346637506834,-0.1511945392491468,-0.8321456848772764,0.037127702978376,0.1171271075096396,-0.8296641518743404,0.0578431674858117,0.0702835795697955,-7.270411687799247,-4.725706079463858,Consumer Discretionary,25.0,2.0,121,6.8893876216239525,887.1,995.3,8.55167190983248,5.489350863944013,8.706324840138741,7.065527962854679
HAS,2025Q3,2025,Q3,0,0,1,0,1387.5,948.6,438.9,607.5,108.3,394.2,341.1,305.2,233.2,97.6,330.79999999999995,5521.8,433.8,5174.4,241.1,0.0703423423423423,0.078054054054054,0.6836756756756757,0.2458378378378378,0.168072072072072,77.5,80.5,81.9,76.3,70.4,65.5,74.5,76.7,72.4,83.3,76.7,82.4,0.0790171288743882,0.0907451245631834,0.0743464052287581,0.0595488956528525,0.0707324424796543,0.0864914828997755,0.0578012258515012,0.0510176932286816,0.0598347107438016,0.0832167832167832,0.0456955615132558,0.049167611432663,0.0828845703582299,0.0448028673835125,0.1792640477374441,0.2791612057667103,0.0215081627364601,0.1298443193110303,0.051326214261109,-0.0796812749003984,-0.7300598205383848,0.2089552238805969,0.1812535156388366,-0.7507211877879874,0.0890025400835943,0.0433654243843049,-0.0351669088443282,0.1045075125208678,Consumer Discretionary,25.0,3.0,122,7.235979306746854,980.8,1281.3,8.616640257041997,6.0748861552470546,8.55167190983248,5.489350863944013
