ticker,Year_Quarter,year,quarter,Q1,Q2,Q3,Q4,revenue,grossProfit,costOfRevenue,operatingExpenses,snaExpenses,ebitda,operatingIncome,incomeBeforeTax,netIncome,rnd,net_plus_rnd,totalAssets,totalEquity,totalAssets_lag1,totalEquity_lag1,rnd_to_rev_ratio,sna_to_rev_ratio,grossProfitRatio,operatingIncomeRatio,netIncomeRatio,rnd_lag1,rnd_lag2,rnd_lag3,rnd_lag4,rnd_lag5,rnd_lag6,rnd_lag7,rnd_lag8,rnd_lag9,rnd_lag10,rnd_lag11,rnd_lag12,rnd_to_rev_ratio_lag1,rnd_to_rev_ratio_lag2,rnd_to_rev_ratio_lag3,rnd_to_rev_ratio_lag4,rnd_to_rev_ratio_lag5,rnd_to_rev_ratio_lag6,rnd_to_rev_ratio_lag7,rnd_to_rev_ratio_lag8,rnd_to_rev_ratio_lag9,rnd_to_rev_ratio_lag10,rnd_to_rev_ratio_lag11,rnd_to_rev_ratio_lag12,revenue_yoy,netIncome_yoy,grossProfit_yoy,rnd_yoy,ebitda_yoy,operatingIncome_yoy,incomeBeforeTax_yoy,costOfRevenue_yoy,snaExpenses_yoy,operatingExpenses_yoy,rnd_to_rev_ratio_yoy,sna_to_rev_ratio_yoy,grossProfitRatio_yoy,operatingIncomeRatio_yoy,netIncomeRatio_yoy,net_plus_rnd_yoy,gics_sectors,gics_sector_code,quarter_int,time_idx,revenue_log,revenue_lag1,revenue_lag4,totalAssets_log,totalEquity_log,totalAssets_lag1_log,totalEquity_lag1_log
HPQ,1995Q2,1995,Q2,0,1,0,0,7428.0,2774.0,4654.0,1899.0,1343.0,1141.0,875.0,854.0,577.0,556.0,1133.0,21312.0,10956.0,20187.0,10353.0,0.0748519116855142,0.1808023694130317,0.3734518039849219,0.1177975228863758,0.0776790522347872,535.0,,,,,,,,,,,,0.0732475355969331,,,,,,,,,,,,,,,,,,,,,,,,,,,,Information Technology,45.0,2.0,1,8.913146539151807,7304.0,,9.967072494161238,9.301733800405394,9.912843647460154,9.245128197461847
HPQ,1995Q3,1995,Q3,0,0,1,0,7739.0,2832.0,4907.0,2008.0,1421.0,1107.0,824.0,867.0,576.0,587.0,1163.0,22626.0,11303.0,21312.0,10956.0,0.07563010308793416,0.1836154541930482,0.3659387517767153,0.1064737046129991,0.0744282207003488,556.0,535.0,,,,,,,,,,,0.0748519116855142,0.0732475355969331,,,,,,,,,,,,,,,,,,,,,,,,,,,Information Technology,45.0,3.0,2,8.954156966583772,7428.0,,10.026899162451327,9.332911924364364,9.967072494161238,9.301733800405394
HPQ,1995Q4,1995,Q4,0,0,0,1,9048.0,3142.0,5906.0,2205.0,1581.0,1254.0,937.0,992.0,678.0,624.0,1302.0,24427.0,11839.0,22626.0,11303.0,0.0689655172413793,0.1747347480106101,0.3472590627763041,0.1035587975243147,0.0749336870026525,587.0,556.0,535.0,,,,,,,,,,0.07563010308793416,0.0748519116855142,0.0732475355969331,,,,,,,,,,,,,,,,,,,,,,,,,,Information Technology,45.0,4.0,3,9.110409533351133,7739.0,,10.103485294343026,9.379238908437996,10.026899162451327,9.332911924364364
HPQ,1996Q1,1996,Q1,1,0,0,0,9288.0,3300.0,5988.0,2105.0,1493.0,1484.0,1195.0,1162.0,790.0,612.0,1402.0,25753.0,12242.0,24427.0,11839.0,0.065891472868217,0.1607450473729543,0.355297157622739,0.1286606373815676,0.0850559862187769,624.0,587.0,556.0,535.0,,,,,,,,,0.0689655172413793,0.07563010308793416,0.0748519116855142,0.0732475355969331,,,,,,,,,0.2716319824753559,0.3122923588039867,0.1969532100108812,0.1439252336448597,0.2315352697095436,0.2821888412017168,0.2644178454842218,0.316912249835056,0.1573643410852714,0.1534246575342466,-0.1004274433094254,-0.0898590496030554,-0.058726717708928,0.0083018191362336,0.031974955717519,0.2330694810905893,Information Technology,45.0,1.0,4,9.136586183387521,9048.0,7304.0,10.15634523383373,9.412709624073916,10.103485294343026,9.379238908437996
HPQ,1996Q2,1996,Q2,0,1,0,0,9880.0,3382.0,6498.0,2341.0,1650.0,1342.0,1041.0,1030.0,723.0,691.0,1414.0,26918.0,13002.0,25753.0,12242.0,0.0699392712550607,0.1670040485829959,0.3423076923076923,0.1053643724696356,0.0731781376518218,612.0,624.0,587.0,556.0,535.0,,,,,,,,0.065891472868217,0.0689655172413793,0.07563010308793416,0.0748519116855142,0.0732475355969331,,,,,,,,0.3301023155627356,0.2530329289428077,0.2191780821917808,0.2428057553956835,0.1761612620508326,0.1897142857142857,0.2060889929742388,0.396218306832832,0.2285927029039463,0.2327540810953132,-0.0656314624413827,-0.0763171460353731,-0.083395263712495,-0.1055467900520531,-0.0579424497786259,0.2480141218005296,Information Technology,45.0,2.0,5,9.198369000194964,9288.0,7428.0,10.200587635966167,9.47293537905132,10.15634523383373,9.412709624073916
HPQ,1996Q3,1996,Q3,0,0,1,0,9105.0,2911.0,6194.0,2300.0,1592.0,952.0,611.0,616.0,425.0,708.0,1133.0,27324.0,12889.0,26918.0,13002.0,0.07563010308793416,0.1748489840746842,0.3197144426139484,0.0671059857221307,0.0466776496430532,691.0,612.0,624.0,587.0,556.0,535.0,,,,,,,0.0699392712550607,0.065891472868217,0.0689655172413793,0.07563010308793416,0.0748519116855142,0.0732475355969331,,,,,,,0.1765085928414524,-0.2621527777777778,0.0278954802259887,0.2061328790459966,-0.1400180668473351,-0.258495145631068,-0.2895040369088811,0.2622783778275932,0.1203377902885292,0.1454183266932271,0.0251798298667729,-0.0477436398634895,-0.1263170651873777,-0.369741233612173,-0.3728501205076575,-0.0257953568357696,Information Technology,45.0,3.0,6,9.116688815894728,9880.0,7739.0,10.215557313044739,9.464207095933233,10.200587635966167,9.47293537905132
HPQ,1996Q4,1996,Q4,0,0,0,1,10147.0,3328.0,6819.0,2449.0,1742.0,1245.0,879.0,886.0,648.0,707.0,1355.0,27699.0,13438.0,27324.0,12889.0,0.069675766236326,0.1716763575441017,0.3279787129200749,0.0866265891396471,0.063861239775303,708.0,691.0,612.0,624.0,587.0,556.0,535.0,,,,,,0.07563010308793416,0.0699392712550607,0.065891472868217,0.0689655172413793,0.0756400799007857,0.0748519116855142,0.0732475355969331,,,,,,0.1214633068081343,-0.0442477876106194,0.0591979630808401,0.1330128205128204,-0.0071770334928229,-0.0618996798292422,-0.1068548387096773,0.1545885540128682,0.1018342820999367,0.1106575963718821,0.0102986104267273,-0.0175030467684805,-0.0555215167088357,-0.1635033313388177,-0.1477632780428585,0.0407066052227342,Information Technology,45.0,4.0,7,9.225031920719173,9105.0,9048.0,10.22918769217543,9.505916206547065,10.215557313044739,9.464207095933233
HPQ,1997Q1,1997,Q1,1,0,0,0,10295.0,3601.0,6694.0,2320.0,1621.0,1616.0,1281.0,1303.0,912.0,699.0,1611.0,27156.0,14112.0,27699.0,13438.0,0.0678970373967945,0.1574550752792617,0.3497814473045167,0.1244293346284604,0.0885866925692083,707.0,708.0,691.0,612.0,624.0,587.0,556.0,535.0,,,,,0.069675766236326,0.07563010308793416,0.0699392712550607,0.065891472868217,0.0689655172413793,0.07565005671363724,0.0748519116855142,0.0732475355969331,,,,,0.1084194659776054,0.1544303797468353,0.0912121212121213,0.1421568627450979,0.0889487870619947,0.0719665271966527,0.1213425129087779,0.1179024716098864,0.0857334226389818,0.1021377672209025,0.0304373910807644,-0.0204670199639761,-0.0155242174047418,-0.0328873137831461,0.0415103804845662,0.1490727532097004,Information Technology,45.0,1.0,8,9.239510749275963,10147.0,9288.0,10.209390119018103,9.554851637414007,10.22918769217543,9.505916206547065
HPQ,1997Q2,1997,Q2,0,1,0,0,10340.0,3597.0,6743.0,2495.0,1751.0,1464.0,1102.0,1120.0,784.0,744.0,1528.0,27845.0,14785.0,27156.0,14112.0,0.071953578336557,0.1693423597678917,0.3478723404255319,0.1065764023210831,0.0758220502901353,699.0,707.0,708.0,691.0,612.0,624.0,587.0,556.0,535.0,,,,0.0678970373967945,0.069675766236326,0.07563010308793416,0.0699392712550607,0.065891472868217,0.0689655172413793,0.07566003352648877,0.0748519116855142,0.0732475355969331,,,,0.0465587044534412,0.0843706777316735,0.0635718509757539,0.0767004341534007,0.0909090909090908,0.058597502401537,0.0873786407766989,0.0377039088950446,0.0612121212121212,0.0657838530542502,0.0288008016862282,0.0140015239434969,0.0162562754004302,0.0115032227976001,0.0361298158596647,0.0806223479490806,Information Technology,45.0,2.0,9,9.243871855184976,10295.0,9880.0,10.23444460846923,9.601436066117046,10.209390119018103,9.554851637414007
HPQ,1997Q3,1997,Q3,0,0,1,0,10471.0,3418.0,7053.0,2593.0,1816.0,1233.0,825.0,881.0,617.0,777.0,1394.0,28482.0,15227.0,27845.0,14785.0,0.0742049469964664,0.1734313819119473,0.3264253652946232,0.0787890363862095,0.0589246490306561,744.0,699.0,707.0,708.0,691.0,612.0,624.0,587.0,556.0,535.0,,,0.071953578336557,0.0678970373967945,0.069675766236326,0.07563010308793416,0.0699392712550607,0.065891472868217,0.0689655172413793,0.0756700103393403,0.0748519116855142,0.0732475355969331,,,0.1500274574409665,0.4517647058823528,0.174166952937135,0.097457627118644,0.2951680672268908,0.3502454991816695,0.4301948051948052,0.1386825960607038,0.1407035175879396,0.127391304347826,-0.0457118045157812,-0.0081075802083667,0.020990364482152,0.1740984882102092,0.2623739515861736,0.2303618711385702,Information Technology,45.0,3.0,10,9.256460307589736,10340.0,9105.0,10.257062697057004,9.630891117502388,10.23444460846923,9.601436066117046
HPQ,1997Q4,1997,Q4,0,0,0,1,11789.0,3960.0,7829.0,2829.0,1971.0,1582.0,1131.0,1151.0,806.0,858.0,1664.0,31749.0,16155.0,28482.0,15227.0,0.0727797098990584,0.1671897531597251,0.3359063533802697,0.0959368903214861,0.0683688183900246,777.0,744.0,699.0,707.0,708.0,691.0,612.0,624.0,587.0,556.0,535.0,,0.0742049469964664,0.071953578336557,0.0678970373967945,0.069675766236326,0.0756400799007857,0.0699392712550607,0.065891472868217,0.0689655172413793,0.07567998715219185,0.0748519116855142,0.0732475355969331,,0.1618212279491475,0.2438271604938271,0.1899038461538462,0.2135785007072135,0.2706827309236947,0.2866894197952219,0.299097065462754,0.1481155594661973,0.1314580941446612,0.1551653736218865,0.0445483965286366,-0.0261340842068132,0.0241712042516817,0.1074762526645276,0.0705839509314498,0.2280442804428044,Information Technology,45.0,4.0,11,9.375006993531416,10471.0,10147.0,10.365648004320837,9.690046776683303,10.257062697057004,9.630891117502388
HPQ,1998Q1,1998,Q1,1,0,0,0,11816.0,3979.0,7837.0,2675.0,1872.0,1715.0,1304.0,1327.0,929.0,803.0,1732.0,32707.0,16384.0,31749.0,16155.0,0.0679587000677048,0.1584292484766418,0.3367467840216655,0.1103588354773189,0.0786222071767095,858.0,777.0,744.0,699.0,707.0,708.0,691.0,612.0,624.0,587.0,556.0,535.0,0.0727797098990584,0.0742049469964664,0.071953578336557,0.0678970373967945,0.069675766236326,0.07565005671363724,0.0699392712550607,0.065891472868217,0.0689655172413793,0.07568996396504339,0.0748519116855142,0.0732475355969331,0.1477416221466732,0.018640350877193,0.1049708414329353,0.1487839771101573,0.0612623762376238,0.0179547228727556,0.0184190330007674,0.1707499253062443,0.1548426896977175,0.1530172413793102,0.0009081791087568,0.0061869914047054,-0.037265164814483,-0.113080241031227,-0.1124828696444903,0.0751086281812538,Information Technology,45.0,1.0,12,9.377294451639015,11789.0,10295.0,10.395374975281868,9.704121561132915,10.365648004320837,9.690046776683303
HPQ,1998Q2,1998,Q2,0,1,0,0,12040.0,3816.0,8224.0,2944.0,2064.0,1330.0,872.0,947.0,685.0,880.0,1565.0,32787.0,17219.0,32707.0,16384.0,0.0730897009966777,0.1714285714285714,0.3169435215946843,0.0724252491694352,0.0568936877076411,803.0,858.0,777.0,744.0,699.0,707.0,708.0,691.0,612.0,624.0,587.0,556.0,0.0679587000677048,0.0727797098990584,0.0742049469964664,0.071953578336557,0.0678970373967945,0.069675766236326,0.07566003352648877,0.0699392712550607,0.065891472868217,0.0689655172413793,0.07569994077789492,0.0748519116855142,0.1644100580270793,-0.1262755102040816,0.0608840700583819,0.1827956989247312,-0.0915300546448087,-0.2087114337568058,-0.1544642857142857,0.2196351772208216,0.1787549971444888,0.1799599198396793,0.0157896617011397,0.0123194909031574,-0.0889085311957085,-0.3204382246715426,-0.2496419248762628,0.0242146596858638,Information Technology,45.0,2.0,13,9.39607277189222,11816.0,10340.0,10.39781787377292,9.753826777981722,10.395374975281868,9.704121561132915
HPQ,1998Q3,1998,Q3,0,0,1,0,9182.0,2675.0,6507.0,2002.0,1417.0,779.0,673.0,774.0,621.0,585.0,1206.0,33295.0,17316.0,32787.0,17219.0,0.0637116096710956,0.154323676758876,0.2913308647353518,0.0732955783053801,0.0676323241123938,880.0,803.0,858.0,777.0,744.0,699.0,707.0,708.0,691.0,612.0,624.0,587.0,0.0730897009966777,0.0679587000677048,0.0727797098990584,0.0742049469964664,0.071953578336557,0.0678970373967945,0.069675766236326,0.0756700103393403,0.0699392712550607,0.065891472868217,0.0689655172413793,0.07570991759074647,-0.1231019004870594,0.0064829821717991,-0.2173785839672323,-0.247104247104247,-0.3682076236820762,-0.1842424242424242,-0.1214528944381384,-0.0774138664398128,-0.2197136563876651,-0.2279213266486695,-0.1414102125276161,-0.1101744386882207,-0.1075115609584936,-0.0697236358355939,0.1477764437291338,-0.1348637015781922,Information Technology,45.0,3.0,14,9.125109227613523,12040.0,10471.0,10.413192548633416,9.75944395695215,10.39781787377292,9.753826777981722
HPQ,1998Q4,1998,Q4,0,0,0,1,12226.0,3720.0,8506.0,2829.0,1972.0,1437.0,891.0,943.0,710.0,857.0,1567.0,33673.0,16919.0,33295.0,17316.0,0.0700965156224439,0.1612955995419597,0.3042695893996401,0.0728774742352363,0.0580729592671356,585.0,880.0,803.0,858.0,777.0,744.0,699.0,707.0,708.0,691.0,612.0,624.0,0.0637116096710956,0.0730897009966777,0.0679587000677048,0.0727797098990584,0.0742049469964664,0.071953578336557,0.0678970373967945,0.069675766236326,0.07567998715219185,0.0699392712550607,0.065891472868217,0.0689655172413793,0.0370684536432266,-0.119106699751861,-0.0606060606060605,-0.0011655011655011,-0.0916561314791403,-0.2122015915119363,-0.1807124239791485,0.0864733682462639,0.0005073566717401,0.0,-0.0368673395419675,-0.0352542754945897,-0.0941832854968794,-0.2403602619282036,-0.1505929071957049,-0.0582932692307692,Information Technology,45.0,4.0,15,9.41140190014419,9182.0,11789.0,10.424481305217745,9.736251633160215,10.413192548633416,9.75944395695215
HPQ,1999Q1,1999,Q1,1,0,0,0,10235.0,3167.0,7068.0,2070.0,1494.0,1397.0,1097.0,1199.0,960.0,576.0,1536.0,32868.0,17510.0,33673.0,16919.0,0.0562774792379091,0.1459697117733268,0.30942843185149,0.107181240840254,0.0937957987298485,857.0,585.0,880.0,803.0,858.0,777.0,744.0,699.0,707.0,708.0,691.0,612.0,0.0700965156224439,0.0637116096710956,0.0730897009966777,0.0679587000677048,0.0727797098990584,0.0742049469964664,0.071953578336557,0.0678970373967945,0.069675766236326,0.07568996396504339,0.0699392712550607,0.065891472868217,-0.1338016249153689,0.0333692142088266,-0.2040713747172656,-0.2826899128268991,-0.1854227405247813,-0.1587423312883435,-0.0964581763376035,-0.0981242822508613,-0.2019230769230768,-0.2261682242990654,-0.1718870551990855,-0.0786441697042575,-0.0811243149642608,-0.0287932961898453,0.1929937112937465,-0.113163972286374,Information Technology,45.0,1.0,16,9.23366619727968,12226.0,11816.0,10.400285243317475,9.7705845338719,10.424481305217745,9.736251633160215
HPQ,1999Q2,1999,Q2,0,1,0,0,10455.0,3156.0,7299.0,2261.0,1628.0,1221.0,895.0,1044.0,918.0,633.0,1551.0,34019.0,18198.0,32868.0,17510.0,0.0605451936872309,0.155714968914395,0.3018651362984218,0.0856049736967957,0.0878048780487804,576.0,857.0,585.0,880.0,803.0,858.0,777.0,744.0,699.0,707.0,708.0,691.0,0.0562774792379091,0.0700965156224439,0.0637116096710956,0.0730897009966777,0.0679587000677048,0.0727797098990584,0.0742049469964664,0.071953578336557,0.0678970373967945,0.069675766236326,0.07569994077789492,0.0699392712550607,-0.1316445182724253,0.3401459854014599,-0.1729559748427672,-0.2806818181818181,-0.0819548872180451,0.0263761467889909,0.102428722280887,-0.1124756809338521,-0.2112403100775194,-0.2319972826086956,-0.1716316681883397,-0.0916626813326957,-0.0475743603163,0.1819769304007126,0.5433149367990029,-0.0089456869009584,Information Technology,45.0,2.0,17,9.254931255304058,10235.0,12040.0,10.434703865949853,9.809121926500406,10.400285243317475,9.7705845338719
HPQ,1999Q3,1999,Q3,0,0,1,0,10318.0,3067.0,7251.0,2280.0,1661.0,1126.0,787.0,946.0,853.0,619.0,1472.0,34070.0,19009.0,34019.0,18198.0,0.0599922465594107,0.1609808102345415,0.2972475285908121,0.0762744717968598,0.0826710602830005,633.0,576.0,857.0,585.0,880.0,803.0,858.0,777.0,744.0,699.0,707.0,708.0,0.0605451936872309,0.0562774792379091,0.0700965156224439,0.0637116096710956,0.0730897009966777,0.0679587000677048,0.0727797098990584,0.0742049469964664,0.071953578336557,0.0678970373967945,0.069675766236326,0.07570991759074647,0.1237203223698539,0.3735909822866345,0.1465420560747663,0.0581196581196581,0.4454428754813864,0.1693907875185736,0.2222222222222223,0.1143384047948363,0.1721947776993648,0.1388611388611389,-0.0583781061393001,0.0431374732346936,0.0203090869236772,0.040642199166073,0.2223601860201471,0.220563847429519,Information Technology,45.0,3.0,18,9.241742135115715,10455.0,9182.0,10.436201861559756,9.852720435482475,10.434703865949853,9.809121926500406
HPQ,1999Q4,1999,Q4,0,0,0,1,11362.0,3260.0,8102.0,2351.0,1739.0,1260.0,909.0,1005.0,760.0,612.0,1372.0,35297.0,18295.0,34070.0,19009.0,0.0538637563809188,0.1530540397817285,0.2869213166696004,0.080003520506953,0.0668896321070234,619.0,633.0,576.0,857.0,585.0,880.0,803.0,858.0,777.0,744.0,699.0,707.0,0.0599922465594107,0.0605451936872309,0.0562774792379091,0.0700965156224439,0.0637116096710956,0.0730897009966777,0.0679587000677048,0.0727797098990584,0.0742049469964664,0.071953578336557,0.0678970373967945,0.069675766236326,-0.0706690659250777,0.0704225352112675,-0.1236559139784946,-0.2858809801633606,-0.1231732776617954,0.0202020202020201,0.0657476139978792,-0.0474958852574652,-0.1181541582150101,-0.1689642983386355,-0.2315772631118857,-0.0510959987974577,-0.0570161243003939,0.0977811916027018,0.1518206227330538,-0.1244416081684748,Information Technology,45.0,4.0,19,9.338117741918008,10318.0,12226.0,10.471581584092512,9.814437735702617,10.436201861559756,9.852720435482475
HPQ,2000Q1,2000,Q1,1,0,0,0,11673.0,3324.0,8349.0,2372.0,1765.0,1227.0,952.0,1059.0,794.0,607.0,1401.0,33911.0,19306.0,35297.0,18295.0,0.0520003426711213,0.1512036323138867,0.2847597018761243,0.0815557268911162,0.068020217596162,612.0,619.0,633.0,576.0,857.0,585.0,880.0,803.0,858.0,777.0,744.0,699.0,0.0538637563809188,0.0599922465594107,0.0605451936872309,0.0562774792379091,0.0700965156224439,0.0637116096710956,0.0730897009966777,0.0679587000677048,0.0727797098990584,0.0742049469964664,0.071953578336557,0.0678970373967945,0.1404982901807523,-0.1729166666666667,0.0495737290811493,0.0538194444444444,-0.1216893342877595,-0.1321786690975387,-0.1167639699749791,0.1812393887945671,0.1813922356091031,0.1458937198067633,-0.0760008554879732,0.0358562093257235,-0.0797235400372172,-0.2390858115491569,-0.2748052842742511,-0.087890625,Information Technology,45.0,1.0,20,9.365119425763737,11362.0,10235.0,10.431524213032473,9.868223003435817,10.471581584092512,9.814437735702617
HPQ,2000Q2,2000,Q2,0,1,0,0,12028.0,3433.0,8595.0,2543.0,1872.0,1288.0,890.0,1060.0,935.0,671.0,1606.0,34108.0,19449.0,33911.0,19306.0,0.0557864981709344,0.1556368473561689,0.2854173594945128,0.0739940139674093,0.077735284336548,607.0,612.0,619.0,633.0,576.0,857.0,585.0,880.0,803.0,858.0,777.0,744.0,0.0520003426711213,0.0538637563809188,0.0599922465594107,0.0605451936872309,0.0562774792379091,0.0700965156224439,0.0637116096710956,0.0730897009966777,0.0679587000677048,0.0727797098990584,0.0742049469964664,0.071953578336557,0.1504543280726924,0.0185185185185186,0.0877693282636249,0.0600315955766193,0.0548730548730549,-0.0055865921787709,0.0153256704980841,0.1775585696670776,0.1498771498771498,0.1247235736399823,-0.0785974117265086,-0.0005016958791483,-0.0544871693551548,-0.1356341720343408,-0.1146814839448693,0.0354609929078013,Information Technology,45.0,2.0,21,9.395075679994072,11673.0,10455.0,10.437316558067081,9.875602349046593,10.431524213032473,9.868223003435817
HPQ,2000Q3,2000,Q3,0,0,1,0,11818.0,3510.0,8308.0,2418.0,1755.0,1478.0,1092.0,1308.0,1046.0,663.0,1709.0,32457.0,14611.0,34108.0,19449.0,0.0561008630902013,0.148502284650533,0.2970045693010661,0.0924014215603317,0.0885090539854459,671.0,607.0,612.0,619.0,633.0,576.0,857.0,585.0,880.0,803.0,858.0,777.0,0.0557864981709344,0.0520003426711213,0.0538637563809188,0.0599922465594107,0.0605451936872309,0.0562774792379091,0.0700965156224439,0.0637116096710956,0.0730897009966777,0.0679587000677048,0.0727797098990584,0.0742049469964664,0.1453770110486527,0.2262602579132473,0.1444408216498207,0.0710823909531501,0.3126110124333925,0.3875476493011436,0.3826638477801267,0.1457729968280237,0.0565924142083082,0.0605263157894737,-0.0648647732395832,-0.0775156092569534,-0.0008173635316592,0.2114331228202064,0.0706171383608804,0.1610054347826086,Information Technology,45.0,3.0,22,9.377463685012241,12028.0,10318.0,10.387702224875827,9.589598387915172,10.437316558067081,9.875602349046593
HPQ,2000Q4,2000,Q4,0,0,0,1,13263.0,3651.0,9612.0,2696.0,1991.0,1264.0,955.0,1198.0,922.0,705.0,1627.0,34009.0,14209.0,32457.0,14611.0,0.0531553947070798,0.1501168664706325,0.2752770866319837,0.0720048254542712,0.069516700595642,663.0,671.0,607.0,612.0,619.0,633.0,576.0,857.0,585.0,880.0,803.0,858.0,0.0561008630902013,0.0557864981709344,0.0520003426711213,0.0538637563809188,0.0599922465594107,0.0605451936872309,0.0562774792379091,0.0700965156224439,0.0637116096710956,0.0730897009966777,0.0679587000677048,0.0727797098990584,0.1673120929413836,0.2131578947368422,0.1199386503067485,0.1519607843137254,0.0031746031746031,0.0506050605060506,0.1920398009950248,0.1863737348802765,0.1449108683151236,0.1467460655040409,-0.0131509891146385,-0.0191904330998693,-0.0405833563458285,-0.0999792884362703,0.0392746739048481,0.1858600583090379,Information Technology,45.0,4.0,23,9.492808877375076,11818.0,11362.0,10.434409878001242,9.561701221091147,10.387702224875827,9.589598387915172
HPQ,2001Q1,2001,Q1,1,0,0,0,12398.0,3339.0,9059.0,2569.0,1763.0,1158.0,770.0,502.0,328.0,704.0,1032.0,33379.0,14136.0,34009.0,14209.0,0.0567833521535731,0.1422003548959509,0.2693176318761091,0.0621067914179706,0.026455879980642,705.0,663.0,671.0,607.0,612.0,619.0,633.0,576.0,857.0,585.0,880.0,803.0,0.0531553947070798,0.0561008630902013,0.0557864981709344,0.0520003426711213,0.0538637563809188,0.0599922465594107,0.0605451936872309,0.0562774792379091,0.0700965156224439,0.0637116096710956,0.0730897009966777,0.0679587000677048,0.062109140752163,-0.5869017632241813,0.0045126353790614,0.1598023064250411,-0.0562347188264058,-0.1911764705882352,-0.5259678942398489,0.0850401245658163,-0.0011331444759207,0.0830522765598651,0.0919803454508392,-0.059544055127232,-0.0542284245217143,-0.2384741846407864,-0.6110585805868582,-0.2633832976445396,Information Technology,45.0,1.0,24,9.425371103179842,13263.0,11673.0,10.415712197215827,9.556550752867032,10.434409878001242,9.561701221091147
HPQ,2001Q2,2001,Q2,0,1,0,0,11668.0,2930.0,8738.0,2587.0,1881.0,689.0,343.0,-18.0,67.0,706.0,773.0,33585.0,14097.0,33379.0,14136.0,0.0605073705862187,0.1612101474117243,0.2511141583818992,0.0293966403839561,0.0057422008913267,704.0,705.0,663.0,671.0,607.0,612.0,619.0,633.0,576.0,857.0,585.0,880.0,0.0567833521535731,0.0531553947070798,0.0561008630902013,0.0557864981709344,0.0520003426711213,0.0538637563809188,0.0599922465594107,0.0605451936872309,0.0562774792379091,0.0700965156224439,0.0637116096710956,0.0730897009966777,-0.0299301629531094,-0.9283422459893048,-0.1465190795222837,0.052160953800298,-0.4650621118012422,-0.6146067415730336,-1.0169811320754718,0.0166375799883653,0.0048076923076922,0.0173023987416436,0.0846239246066151,0.0358096437330237,-0.1201861063159092,-0.6027159656873885,-0.9261313451113607,-0.5186799501867996,Information Technology,45.0,2.0,25,9.364691031806107,12398.0,12028.0,10.421864592454954,9.553788222333822,10.415712197215827,9.556550752867032
HPQ,2001Q3,2001,Q3,0,0,1,0,10284.0,2664.0,7620.0,2460.0,1729.0,578.0,204.0,115.0,111.0,682.0,793.0,32374.0,13869.0,33585.0,14097.0,0.0663166083236094,0.1681252430960715,0.2590431738623104,0.0198366394399066,0.0107934655775962,706.0,704.0,705.0,663.0,671.0,607.0,612.0,619.0,633.0,576.0,857.0,585.0,0.0605073705862187,0.0567833521535731,0.0531553947070798,0.0561008630902013,0.0557864981709344,0.0520003426711213,0.0538637563809188,0.0599922465594107,0.0605451936872309,0.0562774792379091,0.0700965156224439,0.0637116096710956,-0.1298019969537992,-0.8938814531548758,-0.241025641025641,0.0286576168929109,-0.6089309878213802,-0.8131868131868132,-0.912079510703364,-0.0828117477130476,-0.0148148148148148,0.0173697270471464,0.1820960439945955,0.1321391013728625,-0.1278141798561868,-0.7853210577831348,-0.8780524128145003,-0.5359859566998244,Information Technology,45.0,3.0,26,9.238441802087058,11668.0,11818.0,10.38514179900184,9.537483513308878,10.421864592454954,9.553788222333822
HPQ,2001Q4,2001,Q4,0,0,0,1,11524.0,2940.0,8584.0,2607.0,1573.0,1080.0,333.0,200.0,161.0,650.0,811.0,32584.0,13953.0,32374.0,13869.0,0.0564040263797292,0.1364977438389448,0.2551197500867754,0.0288962165914613,0.0139708434571329,682.0,706.0,704.0,705.0,663.0,671.0,607.0,612.0,619.0,633.0,576.0,857.0,0.0663166083236094,0.0605073705862187,0.0567833521535731,0.0531553947070798,0.0561008630902013,0.0557864981709344,0.0520003426711213,0.0538637563809188,0.0599922465594107,0.0605451936872309,0.0562774792379091,0.0700965156224439,-0.1311166402774636,-0.8253796095444685,-0.1947411668036154,-0.0780141843971631,-0.1455696202531645,-0.6513089005235602,-0.8330550918196995,-0.1069496462754889,-0.2099447513812155,-0.0330118694362018,0.0611157473395023,-0.0907234673350451,-0.0732256243766359,-0.5986905542905223,-0.7990289622863838,-0.5015365703749232,Information Technology,45.0,4.0,27,9.352273867864849,10284.0,13263.0,10.39160733876648,9.543521484499182,10.38514179900184,9.537483513308878
HPQ,2002Q1,2002,Q1,1,0,0,0,11383.0,3053.0,8330.0,2428.0,1750.0,940.0,625.0,635.0,484.0,678.0,1162.0,33588.0,14212.0,32584.0,13953.0,0.0595625054906439,0.1537380303962048,0.2682069753140648,0.054906439427216,0.042519546692436,650.0,682.0,706.0,704.0,705.0,663.0,671.0,607.0,612.0,619.0,633.0,576.0,0.0564040263797292,0.0663166083236094,0.0605073705862187,0.0567833521535731,0.0531553947070798,0.0561008630902013,0.0557864981709344,0.0520003426711213,0.0538637563809188,0.0599922465594107,0.0605451936872309,0.0562774792379091,-0.0818680432327795,0.4756097560975609,-0.08565438754118,-0.0369318181818182,-0.1882556131260794,-0.1883116883116883,0.2649402390438247,-0.0804724583287338,-0.0073737946681792,-0.0548851693265862,0.0489431009559711,0.081136756013697,-0.0041239652758983,-0.1159350181576308,0.6071870118683615,0.125968992248062,Information Technology,45.0,1.0,28,9.339964139769688,11524.0,12398.0,10.421953911398072,9.561912317739012,10.39160733876648,9.543521484499182
HPQ,2002Q2,2002,Q2,0,1,0,0,10621.0,3038.0,7583.0,2624.0,1724.0,953.0,414.0,353.0,252.0,742.0,994.0,34280.0,14961.0,33588.0,14212.0,0.0698615949533942,0.1623199322097731,0.286037096318614,0.0389793804726485,0.0237265794181338,678.0,650.0,682.0,706.0,704.0,705.0,663.0,671.0,607.0,612.0,619.0,633.0,0.0595625054906439,0.0564040263797292,0.0663166083236094,0.0605073705862187,0.0567833521535731,0.0531553947070798,0.0561008630902013,0.0557864981709344,0.0520003426711213,0.0538637563809188,0.0599922465594107,0.0605451936872309,-0.0897326019883442,2.7611940298507465,0.0368600682593855,0.0509915014164306,0.3831640058055152,0.206997084548105,-20.61111111111111,-0.1321812771801327,-0.0834662413609782,0.014302280633939,0.1545964446405152,0.0068840877318618,0.1390719589916687,0.3259807911220496,3.131966099265465,0.2858990944372575,Information Technology,45.0,2.0,29,9.270682600982344,11383.0,11668.0,10.442346543814823,9.61326893243235,10.421953911398072,9.561912317739012
HPQ,2002Q3,2002,Q3,0,0,1,0,16536.0,4117.0,12419.0,6593.0,2738.0,963.0,-2476.0,-2495.0,-2029.0,983.0,-1046.0,70912.0,36341.0,34280.0,14961.0,0.0594460570875665,0.1655781325592646,0.2489719400096758,-0.1497339138848573,-0.1227019835510401,742.0,678.0,650.0,682.0,706.0,704.0,705.0,663.0,671.0,607.0,612.0,619.0,0.0698615949533942,0.0595625054906439,0.0564040263797292,0.0663166083236094,0.0605073705862187,0.0567833521535731,0.0531553947070798,0.0561008630902013,0.0557864981709344,0.0520003426711213,0.0538637563809188,0.0599922465594107,0.6079346557759626,-19.27927927927928,0.5454204204204205,0.4413489736070382,0.666089965397924,-13.137254901960784,-22.695652173913043,0.6297900262467191,0.5835743204164257,1.6800813008130082,-0.1036022711311815,-0.0151500779413086,-0.0388785919446298,-8.548350835254276,-12.368172962512585,-2.319041614123581,Information Technology,45.0,3.0,30,9.713355573650196,10621.0,10284.0,11.169209052553029,10.500729376209001,10.442346543814823,9.61326893243235
HPQ,2002Q4,2002,Q4,0,0,0,1,18049.0,4789.0,13260.0,4364.0,2951.0,1429.0,425.0,455.0,390.0,967.0,1357.0,70710.0,36262.0,70912.0,36341.0,0.053576375422461,0.163499362845587,0.2653332594603579,0.0235470109147321,0.0216078453099894,983.0,742.0,678.0,650.0,682.0,706.0,704.0,705.0,663.0,671.0,607.0,612.0,0.0594460570875665,0.0698615949533942,0.0595625054906439,0.0564040263797292,0.0663166083236094,0.0605073705862187,0.0567833521535731,0.0531553947070798,0.0561008630902013,0.0557864981709344,0.0520003426711213,0.0538637563809188,0.5662096494272821,1.4223602484472049,0.6289115646258503,0.4876923076923076,0.3231481481481482,0.2762762762762762,1.275,0.5447343895619758,0.8760330578512396,0.6739547372458765,-0.0501320763562439,0.1978173283105817,0.0400341775582193,-0.1851178565123936,0.5466385674057062,0.6732429099876696,Information Technology,45.0,4.0,31,9.800900963761027,16536.0,11524.0,11.166356426769534,10.498553216683446,11.169209052553029,10.500729376209001
HPQ,2003Q1,2003,Q1,1,0,0,0,17877.0,4736.0,13141.0,3857.0,2725.0,1655.0,879.0,925.0,721.0,908.0,1629.0,72093.0,36469.0,70710.0,36262.0,0.050791519829949,0.1524304972870168,0.2649214073949767,0.0491693237120322,0.0403311517592437,967.0,983.0,742.0,678.0,650.0,682.0,706.0,704.0,705.0,663.0,671.0,607.0,0.053576375422461,0.0594460570875665,0.0698615949533942,0.0595625054906439,0.0564040263797292,0.0663166083236094,0.0605073705862187,0.0567833521535731,0.0531553947070798,0.0561008630902013,0.0557864981709344,0.0520003426711213,0.5704998682245455,0.4896694214876034,0.5512610547002947,0.3392330383480826,0.7606382978723405,0.4064000000000001,0.4566929133858268,0.5775510204081633,0.5571428571428572,0.5885502471169688,-0.147256828577713,-0.0085049425039357,-0.012250121068778,-0.1044889410974995,-0.0514679742242328,0.4018932874354561,Information Technology,45.0,1.0,32,9.791326185647797,18049.0,11383.0,11.18572610205713,10.504245283802726,11.166356426769534,10.498553216683446
HPQ,2003Q2,2003,Q2,0,1,0,0,17983.0,4880.0,13103.0,4237.0,2795.0,1633.0,643.0,611.0,659.0,941.0,1600.0,72839.0,36892.0,72093.0,36469.0,0.0523271979091364,0.1554245676472223,0.2713674025468498,0.035755991770005,0.0366457209586832,908.0,967.0,983.0,742.0,678.0,650.0,682.0,706.0,704.0,705.0,663.0,671.0,0.050791519829949,0.053576375422461,0.0594460570875665,0.0698615949533942,0.0595625054906439,0.0564040263797292,0.0663166083236094,0.0605073705862187,0.0567833521535731,0.0531553947070798,0.0561008630902013,0.0557864981709344,0.6931550701440543,1.6150793650793651,0.6063199473337721,0.2681940700808625,0.7135362014690452,0.5531400966183575,0.7308781869688386,0.7279440854543058,0.62122969837587,0.6147103658536586,-0.2509876428666607,-0.0424800852777559,-0.0512859833936497,-0.082694713552601,0.5445008027864058,0.6096579476861168,Information Technology,45.0,2.0,33,9.797237752693418,17877.0,10621.0,11.196020533841544,10.515777110135918,11.18572610205713,10.504245283802726
HPQ,2003Q3,2003,Q3,0,0,1,0,17348.0,4538.0,12810.0,4237.0,2785.0,1323.0,301.0,287.0,297.0,896.0,1193.0,71539.0,36866.0,72839.0,36892.0,0.051648605026516,0.1605372377219276,0.2615863500115287,0.0173507032510952,0.0171201291215125,941.0,908.0,967.0,983.0,742.0,678.0,650.0,682.0,706.0,704.0,705.0,663.0,0.0523271979091364,0.050791519829949,0.053576375422461,0.0594460570875665,0.0698615949533942,0.0595625054906439,0.0564040263797292,0.0663166083236094,0.0605073705862187,0.0567833521535731,0.0531553947070798,0.0561008630902013,0.0491049830672472,-1.1463775258748152,0.1022589264027205,-0.0885045778229908,0.3738317757009346,-1.12156704361874,-1.1150300601202403,0.0314840164264433,0.0171658144631117,-0.3573487031700288,-0.1311685323311606,-0.0304442063660353,0.0506659907191251,-1.1158769099192694,-1.1395260991391485,-2.1405353728489485,Information Technology,45.0,3.0,34,9.761290146826328,17983.0,16536.0,11.178012012813008,10.515072120952707,11.196020533841544,10.515777110135918
HPQ,2003Q4,2003,Q4,0,0,0,1,19853.0,5049.0,14804.0,3976.0,2707.0,1893.0,1073.0,1065.0,862.0,907.0,1769.0,74708.0,37746.0,71539.0,36866.0,0.0456857905606205,0.1363521885861079,0.2543192464614919,0.0540472472674155,0.0434191306099833,896.0,941.0,908.0,967.0,983.0,742.0,678.0,650.0,682.0,706.0,704.0,705.0,0.051648605026516,0.0523271979091364,0.050791519829949,0.053576375422461,0.0594460570875665,0.0698615949533942,0.0595625054906439,0.0564040263797292,0.0663166083236094,0.0605073705862187,0.0567833521535731,0.0531553947070798,0.0999501357415924,1.2102564102564104,0.0542910837335559,-0.062047569803516,0.3247025892232331,1.5247058823529414,1.3406593406593408,0.1164404223227753,-0.0826838359878007,-0.0889092575618698,-0.1472773176539394,-0.1660384101014363,-0.0415101107990252,1.295291213951959,1.009415098409205,0.3036109064112011,Information Technology,45.0,4.0,35,9.896160777149667,17348.0,18049.0,11.221355845791255,10.538661281320572,11.178012012813008,10.515072120952707
HPQ,2004Q1,2004,Q1,1,0,0,0,19514.0,4823.0,14691.0,3680.0,2578.0,1777.0,1143.0,1163.0,936.0,889.0,1825.0,73308.0,38268.0,74708.0,37746.0,0.0455570359741723,0.1321102797991185,0.2471558880803525,0.058573331966793,0.0479655631854053,907.0,896.0,941.0,908.0,967.0,983.0,742.0,678.0,650.0,682.0,706.0,704.0,0.0456857905606205,0.051648605026516,0.0523271979091364,0.050791519829949,0.053576375422461,0.0594460570875665,0.0698615949533942,0.0595625054906439,0.0564040263797292,0.0663166083236094,0.0605073705862187,0.0567833521535731,0.0915701739665491,0.2981969486823856,0.0183699324324324,-0.0209251101321585,0.0737160120845921,0.3003412969283277,0.2572972972972973,0.1179514496613651,-0.0539449541284403,-0.0458905885403163,-0.1030582245481499,-0.1333080836811585,-0.0670595837811521,0.1912576286352214,0.1892931665263404,0.120319214241866,Information Technology,45.0,1.0,36,9.878938679614715,19853.0,17877.0,11.202438663420736,10.552395447950312,11.221355845791255,10.538661281320572
HPQ,2004Q2,2004,Q2,0,1,0,0,20113.0,4931.0,15182.0,3793.0,2665.0,1820.0,1138.0,1065.0,884.0,924.0,1808.0,74924.0,38848.0,73308.0,38268.0,0.0459404365335852,0.1325013672748968,0.2451648187739273,0.056580321185303,0.0439516730472828,889.0,907.0,896.0,941.0,908.0,967.0,983.0,742.0,678.0,650.0,682.0,706.0,0.0455570359741723,0.0456857905606205,0.051648605026516,0.0523271979091364,0.050791519829949,0.053576375422461,0.0594460570875665,0.0698615949533942,0.0595625054906439,0.0564040263797292,0.0663166083236094,0.0605073705862187,0.1184451982427847,0.3414264036418817,0.0104508196721311,-0.0180658873538788,0.1145131659522351,0.7698289269051322,0.7430441898527005,0.1586659543615964,-0.0465116279069767,-0.1047911257965541,-0.1220543356179983,-0.147487625150458,-0.0965575950796036,0.5824011133363991,0.1993671265694803,0.1299999999999999,Information Technology,45.0,2.0,37,9.909171369004426,19514.0,17983.0,11.224242892184863,10.567437615438774,11.202438663420736,10.552395447950312
HPQ,2004Q3,2004,Q3,0,0,1,0,18889.0,4344.0,14545.0,3687.0,2621.0,1302.0,657.0,678.0,586.0,877.0,1463.0,74381.0,38711.0,74924.0,38848.0,0.0464291386521255,0.1387580073058393,0.2299751177934247,0.0347821483403038,0.0310233469214886,924.0,889.0,907.0,896.0,941.0,908.0,967.0,983.0,742.0,678.0,650.0,682.0,0.0459404365335852,0.0455570359741723,0.0456857905606205,0.051648605026516,0.0523271979091364,0.050791519829949,0.053576375422461,0.0594460570875665,0.0698615949533942,0.0595625054906439,0.0564040263797292,0.0663166083236094,0.08882868342172,0.973063973063973,-0.0427501101806963,-0.021205357142857,-0.0158730158730159,1.1827242524916943,1.3623693379790942,0.1354410616705699,-0.0588868940754039,-0.129808827000236,-0.1010572574363007,-0.1356646640065704,-0.1208443491669606,1.0046535196265505,0.8120977184982692,0.2263202011735121,Information Technology,45.0,3.0,38,9.846387960495555,20113.0,17348.0,11.216969256066202,10.563904908473155,11.224242892184863,10.567437615438774
HPQ,2004Q4,2004,Q4,0,0,0,1,21389.0,5101.0,16288.0,3812.0,2751.0,1928.0,1289.0,1290.0,1091.0,859.0,1950.0,76138.0,37564.0,74381.0,38711.0,0.0401608303333489,0.1286175136752536,0.238487072794427,0.0602646220019636,0.0510075272336247,877.0,924.0,889.0,907.0,896.0,941.0,908.0,967.0,983.0,742.0,678.0,650.0,0.0464291386521255,0.0459404365335852,0.0455570359741723,0.0456857905606205,0.051648605026516,0.0523271979091364,0.050791519829949,0.053576375422461,0.0594460570875665,0.0698615949533942,0.0595625054906439,0.0564040263797292,0.0773686596484157,0.265661252900232,0.0102990691225985,-0.0529217199558985,0.0184891706286318,0.2013047530288909,0.2112676056338027,0.1002431775195893,0.0162541558921314,-0.0412474849094567,-0.1209338868710296,-0.0567257114906499,-0.0622531479129014,0.1150359185507772,0.1747708099410121,0.1023176936122103,Information Technology,45.0,4.0,39,9.970678802076451,18889.0,19853.0,11.240315896149163,10.533828044803261,11.216969256066202,10.563904908473155
HPQ,2005Q1,2005,Q1,1,0,0,0,21454.0,4917.0,16537.0,3752.0,2704.0,1780.0,1165.0,1050.0,943.0,878.0,1821.0,75143.0,37726.0,76138.0,37564.0,0.0409247692737951,0.1260371026382026,0.2291880302041577,0.0543022280227463,0.0439545073179826,859.0,877.0,924.0,889.0,907.0,896.0,941.0,908.0,967.0,983.0,742.0,678.0,0.0401608303333489,0.0464291386521255,0.0459404365335852,0.0455570359741723,0.0456857905606205,0.051648605026516,0.0523271979091364,0.050791519829949,0.053576375422461,0.0594460570875665,0.0698615949533942,0.0595625054906439,0.0994158040381265,0.0074786324786324,0.0194899440182458,-0.0123734533183351,0.0016882386043894,0.0192475940507437,-0.0971625107480653,0.1256551630249813,0.0488750969743987,0.0195652173913043,-0.1016805988651996,-0.0459705116827435,-0.072698481981353,-0.0729189172039613,-0.0836236583300067,-0.0021917808219178,Information Technology,45.0,1.0,40,9.973712997425626,21389.0,19514.0,11.227161551674351,10.538131297472674,11.240315896149163,10.533828044803261
HPQ,2005Q2,2005,Q2,0,1,0,0,21570.0,5141.0,16429.0,3978.0,2933.0,1766.0,1163.0,1079.0,966.0,890.0,1856.0,76348.0,38173.0,75143.0,37726.0,0.0412610106629578,0.1359758924432081,0.238340287436254,0.053917477978674,0.0447844228094575,878.0,859.0,877.0,924.0,889.0,907.0,896.0,941.0,908.0,967.0,983.0,742.0,0.0409247692737951,0.0401608303333489,0.0464291386521255,0.0459404365335852,0.0455570359741723,0.0456857905606205,0.051648605026516,0.0523271979091364,0.050791519829949,0.053576375422461,0.0594460570875665,0.0698615949533942,0.0724407099885646,0.092760180995475,0.0425877104035692,-0.0367965367965368,-0.0296703296703296,0.0219683655536027,0.0131455399061033,0.0821367408773547,0.100562851782364,0.0487740574742947,-0.1018585417055514,0.0262225608668837,-0.0278365035073255,-0.0470630627547699,0.0189469411387106,0.0265486725663717,Information Technology,45.0,2.0,41,9.979105098994717,21454.0,20113.0,11.243070212984057,10.549909934589838,11.227161551674351,10.538131297472674
HPQ,2005Q3,2005,Q3,0,0,1,0,20759.0,4817.0,15942.0,3904.0,2761.0,1613.0,913.0,1033.0,73.0,863.0,936.0,75416.0,37386.0,76348.0,38173.0,0.0415723300737029,0.1330025531094947,0.2320439327520593,0.0439809239366058,0.0035165470398381,890.0,878.0,859.0,877.0,924.0,889.0,907.0,896.0,941.0,908.0,967.0,983.0,0.0412610106629578,0.0409247692737951,0.0401608303333489,0.0464291386521255,0.0459404365335852,0.0455570359741723,0.0456857905606205,0.051648605026516,0.0523271979091364,0.050791519829949,0.053576375422461,0.0594460570875665,0.0989994176504844,-0.8754266211604096,0.1088858195211786,-0.015963511972634,0.2388632872503839,0.3896499238964992,0.5235988200589972,0.096046751460983,0.0534147272033576,0.058855438025495,-0.1046069067706095,-0.0414783572356942,0.0089958208456835,0.2644682986888085,-0.8866483668336131,-0.3602187286397812,Information Technology,45.0,3.0,42,9.940783337279825,21570.0,18889.0,11.230787992773799,10.529078329395084,11.243070212984057,10.549909934589838
HPQ,2005Q4,2005,Q4,0,0,0,1,22913.0,5381.0,17532.0,5149.0,2786.0,2344.0,232.0,381.0,416.0,859.0,1275.0,77317.0,37176.0,75416.0,37386.0,0.0374896347051891,0.1215903635490769,0.2348448479029372,0.0101252564046611,0.018155632173875,863.0,890.0,878.0,859.0,877.0,924.0,889.0,907.0,896.0,941.0,908.0,967.0,0.0415723300737029,0.0412610106629578,0.0409247692737951,0.0401608303333489,0.0464291386521255,0.0459404365335852,0.0455570359741723,0.0456857905606205,0.051648605026516,0.0523271979091364,0.050791519829949,0.053576375422461,0.0712515779138809,-0.6186984417965169,0.054891197804352,0.0,0.2157676348547716,-0.8200155159038014,-0.7046511627906977,0.0763752455795678,0.0127226463104326,0.3507345225603357,-0.0665124601754463,-0.0546360283710627,-0.0152722109790387,-0.8319867267344481,-0.6440597465013618,-0.3461538461538461,Information Technology,45.0,4.0,43,10.03950335645357,20759.0,21389.0,11.255682066459011,10.523445569477712,11.230787992773799,10.529078329395084
HPQ,2006Q1,2006,Q1,1,0,0,0,22659.0,5267.0,17392.0,3775.0,2692.0,2120.0,1492.0,1528.0,1227.0,871.0,2098.0,74413.0,35806.0,77317.0,37176.0,0.0384394721744119,0.1188048898892272,0.2324462685908469,0.0658458007855598,0.0541506686084999,859.0,863.0,890.0,878.0,859.0,877.0,924.0,889.0,907.0,896.0,941.0,908.0,0.0374896347051891,0.0415723300737029,0.0412610106629578,0.0409247692737951,0.0401608303333489,0.0464291386521255,0.0459404365335852,0.0455570359741723,0.0456857905606205,0.051648605026516,0.0523271979091364,0.050791519829949,0.0561666822037847,0.3011664899257689,0.0711816148057757,-0.0079726651480638,0.1910112359550562,0.2806866952789699,0.4552380952380952,0.0517022434540725,-0.0044378698224851,0.0061300639658847,-0.0607284327678433,-0.0573816169809611,0.0142164422102968,0.2125800944664382,0.2319707787134228,0.1521142229544205,Information Technology,45.0,1.0,44,10.028356534581997,22913.0,21454.0,11.217399375162056,10.485898684001407,11.255682066459011,10.523445569477712
HPQ,2006Q2,2006,Q2,0,1,0,0,22554.0,5584.0,16970.0,3927.0,2858.0,2241.0,1657.0,1820.0,1899.0,930.0,2829.0,77183.0,37054.0,74413.0,35806.0,0.0412343708433093,0.1267180987851379,0.2475835771925157,0.0734681209541544,0.0841979249800478,871.0,859.0,863.0,890.0,878.0,859.0,877.0,924.0,889.0,907.0,896.0,941.0,0.0384394721744119,0.0374896347051891,0.0415723300737029,0.0412610106629578,0.0409247692737951,0.0401608303333489,0.0464291386521255,0.0459404365335852,0.0455570359741723,0.0456857905606205,0.051648605026516,0.0523271979091364,0.0456189151599444,0.9658385093167704,0.0861700058354406,0.0449438202247192,0.2689694224235561,0.4247635425623388,0.6867469879518073,0.0329295757501977,-0.0255710876235936,-0.0128205128205127,-0.0006456414717038,-0.0680840808743864,0.0387819023619071,0.3626030687713775,0.8800716789023113,0.5242456896551724,Information Technology,45.0,2.0,45,10.023712049842496,22659.0,21570.0,11.253947460646803,10.520158574385459,11.217399375162056,10.485898684001407
HPQ,2006Q3,2006,Q3,0,0,1,0,21890.0,5418.0,16472.0,3908.0,2830.0,2113.0,1510.0,1738.0,1375.0,920.0,2295.0,79192.0,36348.0,77183.0,37054.0,0.0420283234353586,0.1292827775239835,0.2475102786660575,0.0689812699862951,0.0628140703517587,930.0,871.0,859.0,863.0,890.0,878.0,859.0,877.0,924.0,889.0,907.0,896.0,0.0412343708433093,0.0384394721744119,0.0374896347051891,0.0415723300737029,0.0412610106629578,0.0409247692737951,0.0401608303333489,0.0464291386521255,0.0459404365335852,0.0455570359741723,0.0456857905606205,0.051648605026516,0.0544823931788622,17.835616438356166,0.1247664521486402,0.0660486674391656,0.309981401115933,0.6538882803943045,0.6824782187802516,0.0332455149918453,0.0249909453096703,0.0010245901639345,0.0109686746171604,-0.0279677006083395,0.0666526624099417,0.568436126665389,16.862428581262474,1.451923076923077,Information Technology,45.0,3.0,46,9.99383087243373,22554.0,20759.0,11.279643190058051,10.50092197226688,11.253947460646803,10.520158574385459
HPQ,2006Q4,2006,Q4,0,0,0,1,24555.0,5962.0,18593.0,4061.0,2886.0,2649.0,1901.0,2105.0,1697.0,870.0,2567.0,81981.0,38144.0,79192.0,36348.0,0.0354306658521686,0.1175320708613317,0.2428018733455508,0.0774180411321523,0.0691101608633679,920.0,930.0,871.0,859.0,863.0,890.0,878.0,859.0,877.0,924.0,889.0,907.0,0.0420283234353586,0.0412343708433093,0.0384394721744119,0.0374896347051891,0.0415723300737029,0.0412610106629578,0.0409247692737951,0.0401608303333489,0.0464291386521255,0.0459404365335852,0.0455570359741723,0.0456857905606205,0.0716623750709204,3.079326923076924,0.107972495818621,0.0128055878928987,0.1301194539249146,7.193965517241379,4.524934383202099,0.0605179101072324,0.0358937544867192,-0.2113031656632356,-0.054921016681328,-0.0333767625105192,0.0338820524004099,6.646032657159508,2.8065411438998797,1.0133333333333332,Information Technology,45.0,4.0,47,10.108711502547386,21890.0,22913.0,11.31425498995494,10.549149966524329,11.279643190058051,10.50092197226688
HPQ,2007Q1,2007,Q1,1,0,0,0,25082.0,5946.0,19136.0,4103.0,2899.0,2612.0,1843.0,1964.0,1547.0,877.0,2424.0,81314.0,38043.0,81981.0,38144.0,0.0349653137708316,0.1155808946654971,0.237062435212503,0.0734789889163543,0.061677697153337,870.0,920.0,930.0,871.0,859.0,863.0,890.0,878.0,859.0,877.0,924.0,889.0,0.0354306658521686,0.0420283234353586,0.0412343708433093,0.0384394721744119,0.0374896347051891,0.0415723300737029,0.0412610106629578,0.0409247692737951,0.0401608303333489,0.0464291386521255,0.0459404365335852,0.0455570359741723,0.1069332274151551,0.26079869600652,0.1289158913992785,0.0068886337543054,0.2320754716981132,0.2352546916890081,0.2853403141361257,0.1002759889604416,0.0768945022288261,0.0868874172185429,-0.0903799716035879,-0.0271368899608096,0.0198590695804263,0.1159252076780652,0.1390015809270286,0.1553860819828407,Information Technology,45.0,1.0,48,10.129945604818168,24555.0,22659.0,11.306085780362547,10.546498663602277,11.31425498995494,10.549149966524329
HPQ,2007Q2,2007,Q2,0,1,0,0,25534.0,6251.0,19283.0,4123.0,3044.0,3278.0,2128.0,2228.0,1775.0,903.0,2678.0,83413.0,36486.0,81314.0,38043.0,0.0353646118900289,0.1192135975561995,0.2448108404480301,0.0833398605780527,0.0695151562622385,877.0,870.0,920.0,930.0,871.0,859.0,863.0,890.0,878.0,859.0,877.0,924.0,0.0349653137708316,0.0354306658521686,0.0420283234353586,0.0412343708433093,0.0384394721744119,0.0374896347051891,0.0415723300737029,0.0412610106629578,0.0409247692737951,0.0401608303333489,0.0464291386521255,0.0459404365335852,0.1321273388312493,-0.0652975250131647,0.1194484240687678,-0.0290322580645161,0.4627398482820168,0.2842486421243211,0.2241758241758242,0.1362993517972892,0.0650804758572427,0.0499108734402851,-0.1423511219702005,-0.0592220156464222,-0.0111991949382395,0.1343676617244433,-0.1743839734920858,-0.0533757511488158,Information Technology,45.0,2.0,49,10.147805339081744,25082.0,22554.0,11.331571439966401,10.504711311745423,11.306085780362547,10.546498663602277
HPQ,2007Q3,2007,Q3,0,0,1,0,25377.0,6213.0,19164.0,4097.0,3002.0,2796.0,2116.0,2286.0,1778.0,917.0,2695.0,85141.0,36937.0,83413.0,36486.0,0.0361350829491271,0.1182960948890727,0.2448279938527012,0.0833825905347361,0.0700634432754068,903.0,877.0,870.0,920.0,930.0,871.0,859.0,863.0,890.0,878.0,859.0,877.0,0.0353646118900289,0.0349653137708316,0.0354306658521686,0.0420283234353586,0.0412343708433093,0.0384394721744119,0.0374896347051891,0.0415723300737029,0.0412610106629578,0.0409247692737951,0.0401608303333489,0.0464291386521255,0.1592964824120604,0.293090909090909,0.1467331118493908,-0.0032608695652174,0.3232371036441079,0.4013245033112582,0.3153049482163406,0.1634288489558037,0.0607773851590105,0.0483623336745138,-0.1402206893952242,-0.0849817960700343,-0.0108370643345089,0.2087714614605131,0.1154100169444773,0.1742919389978212,Information Technology,45.0,3.0,50,10.14163793595686,25534.0,21890.0,11.352075729827407,10.516996110435857,11.331571439966401,10.504711311745423
HPQ,2007Q4,2007,Q4,0,0,0,1,28293.0,6989.0,21304.0,4357.0,3272.0,3315.0,2632.0,2699.0,2164.0,914.0,3078.0,88699.0,38526.0,85141.0,36937.0,0.032304810377125,0.1156469798183296,0.2470222316474039,0.0930265436680451,0.0764853497331495,917.0,903.0,877.0,870.0,920.0,930.0,871.0,859.0,863.0,890.0,878.0,859.0,0.0361350829491271,0.0353646118900289,0.0349653137708316,0.0354306658521686,0.0420283234353586,0.0412343708433093,0.0384394721744119,0.0374896347051891,0.0415723300737029,0.0412610106629578,0.0409247692737951,0.0401608303333489,0.15222968845449,0.2751915144372421,0.1722576316672257,0.0505747126436781,0.2514156285390714,0.3845344555497108,0.282185273159145,0.1458075619856935,0.1337491337491336,0.0728884511204137,-0.0882245760801074,-0.0160389502983077,0.0173819017279441,0.2016132455385835,0.1067164187963978,0.1990650564861706,Information Technology,45.0,4.0,51,10.25040504701888,25377.0,24555.0,11.393015168297671,10.55911457318215,11.352075729827407,10.516996110435857
HPQ,2008Q1,2008,Q1,1,0,0,0,28467.0,6968.0,21499.0,4355.0,3241.0,3372.0,2613.0,2685.0,2133.0,898.0,3031.0,88572.0,37944.0,88699.0,38526.0,0.0315452980644254,0.1138511258650367,0.2447746513506867,0.0917904942565075,0.0749288650015807,914.0,917.0,903.0,877.0,870.0,920.0,930.0,871.0,859.0,863.0,890.0,878.0,0.032304810377125,0.0361350829491271,0.0353646118900289,0.0349653137708316,0.0354306658521686,0.0420283234353586,0.0412343708433093,0.0384394721744119,0.0374896347051891,0.0415723300737029,0.0412610106629578,0.0409247692737951,0.1349573399250458,0.3787976729153199,0.1718802556340397,0.0239452679589509,0.2909647779479325,0.4177970699945741,0.3671079429735233,0.1234845317725752,0.1179717143842704,0.0614184742871068,-0.0978116692680504,-0.0149658713532767,0.0325324260305961,0.2492073667616505,0.2148453729603419,0.2504125412541254,Information Technology,45.0,1.0,52,10.256535928419162,28293.0,25082.0,11.39158234974406,10.543893021838013,11.393015168297671,10.55911457318215
HPQ,2008Q2,2008,Q2,0,1,0,0,28262.0,7057.0,21205.0,4467.0,3331.0,3367.0,2590.0,2593.0,2057.0,908.0,2965.0,91804.0,38153.0,88572.0,37944.0,0.0321279456514047,0.1178614393885783,0.2496992427995188,0.0916424881466279,0.0727832425164531,898.0,914.0,917.0,903.0,877.0,870.0,920.0,930.0,871.0,859.0,863.0,890.0,0.0315452980644254,0.032304810377125,0.0361350829491271,0.0353646118900289,0.0349653137708316,0.0354306658521686,0.0420283234353586,0.0412343708433093,0.0384394721744119,0.0374896347051891,0.0415723300737029,0.0412610106629578,0.1068379415681053,0.1588732394366196,0.1289393697008478,0.0055370985603544,0.027150701647346,0.2171052631578947,0.1638240574506284,0.0996732873515531,0.0942838370565046,0.0834343924326945,-0.0915227416799911,-0.0113423149316824,0.0199680796101284,0.0996237276015032,0.0470125715014735,0.1071695294996266,Information Technology,45.0,2.0,53,10.249308807716778,28467.0,25534.0,11.427422041356287,10.549385880495462,11.39158234974406,10.543893021838013
HPQ,2008Q3,2008,Q3,0,0,1,0,28032.0,6835.0,21197.0,4306.0,3193.0,3293.0,2529.0,2552.0,2027.0,895.0,2922.0,95894.0,38495.0,91804.0,38153.0,0.0319277968036529,0.1139055365296803,0.2438284817351598,0.0902183219178082,0.0723102168949771,908.0,898.0,914.0,917.0,903.0,877.0,870.0,920.0,930.0,871.0,859.0,863.0,0.0321279456514047,0.0315452980644254,0.032304810377125,0.0361350829491271,0.0353646118900289,0.0349653137708316,0.0354306658521686,0.0420283234353586,0.0412343708433093,0.0384394721744119,0.0374896347051891,0.0415723300737029,0.104622295779643,0.1400449943757029,0.1001126669885723,-0.0239912758996728,0.1777539341917025,0.1951795841209829,0.116360454943132,0.1060843247756209,0.0636242504996669,0.0510129362948499,-0.1164321706801513,-0.0371149898355434,-0.0040825074854095,0.0819803191437709,0.0320677019931583,0.084230055658627,Information Technology,45.0,3.0,54,10.241137666615815,28262.0,25377.0,11.471009121868937,10.558309618774405,11.427422041356287,10.549385880495462
HPQ,2008Q4,2008,Q4,0,0,0,1,33603.0,8162.0,25441.0,5421.0,3451.0,4153.0,2741.0,2643.0,2112.0,842.0,2954.0,113331.0,38942.0,95894.0,38495.0,0.0250572865517959,0.10269916376514,0.2428949796149153,0.0815700979079248,0.0628515311132934,895.0,908.0,898.0,914.0,917.0,903.0,877.0,870.0,920.0,930.0,871.0,859.0,0.0319277968036529,0.0321279456514047,0.0315452980644254,0.032304810377125,0.0361350829491271,0.0353646118900289,0.0349653137708316,0.0354306658521686,0.0420283234353586,0.0412343708433093,0.0384394721744119,0.0374896347051891,0.1876789311843918,-0.0240295748613678,0.1678351695521533,-0.0787746170678337,0.2527903469079939,0.0414133738601822,-0.0207484253427194,0.1941888847164852,0.0547066014669925,0.2442047280238697,-0.2243481308424908,-0.1119598287264345,-0.0167080185656317,-0.1231524391683439,-0.1782539880829891,-0.0402858999350227,Information Technology,45.0,4.0,55,10.422400386484737,28032.0,28293.0,11.638076843149147,10.569854317561104,11.471009121868937,10.558309618774405
HPQ,2009Q1,2009,Q1,1,0,0,0,28807.0,6734.0,22073.0,4237.0,2893.0,3711.0,2497.0,2265.0,1854.0,732.0,2586.0,109634.0,39587.0,113331.0,38942.0,0.0254104905057798,0.1004269795535807,0.2337626271392369,0.0866803207553719,0.0643593571007046,842.0,895.0,908.0,898.0,914.0,917.0,903.0,877.0,870.0,920.0,930.0,871.0,0.0250572865517959,0.0319277968036529,0.0321279456514047,0.0315452980644254,0.032304810377125,0.0361350829491271,0.0353646118900289,0.0349653137708316,0.0354306658521686,0.0420283234353586,0.0412343708433093,0.0384394721744119,0.011943654055573,-0.130801687763713,-0.0335820895522388,-0.1848552338530067,0.1005338078291815,-0.0443934175277458,-0.1564245810055865,0.0266989162286617,-0.107374267201481,-0.0270952927669345,-0.1944761322627675,-0.1179096491972284,-0.0449884175125345,-0.055672142769547,-0.1410605632509327,-0.1468162322665787,Information Technology,45.0,1.0,56,10.268408405328712,33603.0,28467.0,11.604911945582602,10.586281321016582,11.638076843149147,10.569854317561104
HPQ,2009Q2,2009,Q2,0,1,0,0,27383.0,6438.0,20945.0,4145.0,2880.0,3615.0,2293.0,2113.0,1716.0,716.0,2432.0,108515.0,40542.0,109634.0,39587.0,0.0261476098309169,0.1051747434539678,0.2351093744293905,0.0837380856735931,0.0626666179746558,732.0,842.0,895.0,908.0,898.0,914.0,917.0,903.0,877.0,870.0,920.0,930.0,0.0254104905057798,0.0250572865517959,0.0319277968036529,0.0321279456514047,0.0315452980644254,0.032304810377125,0.0361350829491271,0.0353646118900289,0.0349653137708316,0.0354306658521686,0.0420283234353586,0.0412343708433093,-0.0311018328497629,-0.1657754010695187,-0.0877143262009352,-0.211453744493392,0.0736560736560736,-0.1146718146718146,-0.1851137678364828,-0.0122612591369959,-0.1353947763434404,-0.0720841728229236,-0.1861412455491452,-0.1076407686892712,-0.0584297661721079,-0.0862525956343288,-0.1389966177930371,-0.1797639123102866,Information Technology,45.0,2.0,57,10.217714180210022,28807.0,28262.0,11.59465290652848,10.610118418254732,11.604911945582602,10.586281321016582
HPQ,2009Q3,2009,Q3,0,0,1,0,27585.0,6554.0,21031.0,4341.0,2874.0,3392.0,2213.0,2036.0,1642.0,667.0,2309.0,111072.0,41535.0,108515.0,40542.0,0.0241798078665941,0.1041870581837955,0.2375928946891426,0.0802247598332427,0.0595251042233097,716.0,732.0,842.0,895.0,908.0,898.0,914.0,917.0,903.0,877.0,870.0,920.0,0.0261476098309169,0.0254104905057798,0.0250572865517959,0.0319277968036529,0.0321279456514047,0.0315452980644254,0.032304810377125,0.0361350829491271,0.0353646118900289,0.0349653137708316,0.0354306658521686,0.0420283234353586,-0.0159460616438356,-0.1899358658115442,-0.0411119239209948,-0.2547486033519552,0.0300637716368052,-0.1249505733491498,-0.2021943573667711,-0.0078312968816341,-0.0999060444722831,0.0081281932187644,-0.2426722076912093,-0.0853205089232206,-0.0255736614592468,-0.1107708708400714,-0.1768092148062064,-0.2097878165639972,Information Technology,45.0,3.0,58,10.225063676635465,27383.0,28032.0,11.6179429217901,10.634315800063762,11.59465290652848,10.610118418254732
HPQ,2009Q4,2009,Q4,0,0,0,1,30950.0,7350.0,23600.0,4169.0,2966.0,4507.0,3181.0,3049.0,2448.0,704.0,3152.0,114799.0,40517.0,111072.0,41535.0,0.022746365105008,0.0958319870759289,0.2374798061389337,0.102778675282714,0.0790953150242326,667.0,716.0,732.0,842.0,895.0,908.0,898.0,914.0,917.0,903.0,877.0,870.0,0.0241798078665941,0.0261476098309169,0.0254104905057798,0.0250572865517959,0.0319277968036529,0.0321279456514047,0.0315452980644254,0.032304810377125,0.0361350829491271,0.0353646118900289,0.0349653137708316,0.0354306658521686,-0.0789512841115376,0.1590909090909091,-0.0994854202401371,-0.1638954869358669,0.0852395858415602,0.1605253557095951,0.1536133181990162,-0.072363507723753,-0.1405389742103737,-0.2309536985795979,-0.0922255265753131,-0.0668669192371951,-0.022294299719849,0.2600043143104855,0.2584469085034511,0.0670277589708869,Information Technology,45.0,4.0,59,10.340160587768485,27585.0,33603.0,11.650946762867603,10.609501598802897,11.6179429217901,10.634315800063762
HPQ,2010Q1,2010,Q1,1,0,0,0,31177.0,7150.0,24027.0,4147.0,2967.0,4334.0,3003.0,2804.0,2323.0,681.0,3004.0,113618.0,41628.0,114799.0,40517.0,0.021863652970898078,0.0951663084966481,0.2293357282612182,0.0963210058697116,0.0745100554896237,704.0,667.0,716.0,732.0,842.0,895.0,908.0,898.0,914.0,917.0,903.0,877.0,0.022746365105008,0.0241798078665941,0.0261476098309169,0.0254104905057798,0.0250572865517959,0.0319277968036529,0.0321279456514047,0.0315452980644254,0.032304810377125,0.0361350829491271,0.0353646118900289,0.0349653137708316,0.0822716700801888,0.2529665587918015,0.0617760617760618,-0.069672131147541,0.1678792778226894,0.2026431718061674,0.2379690949227373,0.0885244416255153,0.0255789837538886,-0.0212414444182204,-0.1403934016091097,-0.0523830456747514,-0.0189375818204762,0.1112211518176946,0.1577190768552274,0.1616395978344933,Information Technology,45.0,1.0,60,10.347467996872627,30950.0,28807.0,11.640606024805004,10.636552318761908,11.650946762867603,10.609501598802897
HPQ,2010Q2,2010,Q2,0,1,0,0,30849.0,7280.0,23569.0,4422.0,3096.0,4042.0,2858.0,2767.0,2200.0,722.0,2922.0,115994.0,43511.0,113618.0,41628.0,0.02340432428928,0.1003598171739764,0.2359882005899705,0.0926448183085351,0.0713151155629031,681.0,704.0,667.0,716.0,732.0,842.0,895.0,908.0,898.0,914.0,917.0,903.0,0.021863652970898078,0.022746365105008,0.0241798078665941,0.0261476098309169,0.0254104905057798,0.0250572865517959,0.0319277968036529,0.0321279456514047,0.0315452980644254,0.032304810377125,0.0361350829491271,0.0353646118900289,0.1265748822261987,0.2820512820512821,0.1307859583721653,0.0083798882681564,0.118118948824343,0.2464020933275186,0.309512541410317,0.1252804965385534,0.0749999999999999,0.0668275030156815,-0.1049153463500623,-0.0457802521961814,0.0037379460632436,0.1063641778205919,0.1380080474702665,0.2014802631578947,Information Technology,45.0,2.0,61,10.336892029333534,31177.0,27383.0,11.661302365711245,10.680792041102796,11.640606024805004,10.636552318761908
HPQ,2010Q3,2010,Q3,0,0,1,0,30729.0,7439.0,23290.0,5116.0,3191.0,3608.0,2323.0,2189.0,1773.0,742.0,2515.0,120017.0,42535.0,115994.0,43511.0,0.0241465716424224,0.1038432750821699,0.2420840248625077,0.0755963422174493,0.057697940056624,722.0,681.0,704.0,667.0,716.0,732.0,842.0,895.0,908.0,898.0,914.0,917.0,0.02340432428928,0.021863652970898078,0.022746365105008,0.0241798078665941,0.0261476098309169,0.0254104905057798,0.0250572865517959,0.0319277968036529,0.0321279456514047,0.0315452980644254,0.032304810377125,0.0361350829491271,0.1139749864056551,0.0797807551766138,0.1350320415013732,0.1124437781109446,0.0636792452830188,0.0497062810664257,0.0751473477406678,0.1074128667205553,0.1102992345163536,0.1785302925593181,-0.0013745445933676,-0.0032996718365839,0.0189026282929929,-0.0576931314648262,-0.0306956903398453,0.0892161108705067,Information Technology,45.0,3.0,62,10.33299465512453,30849.0,27585.0,11.695397010515308,10.658106055184174,11.661302365711245,10.680792041102796
HPQ,2010Q4,2010,Q4,0,0,0,1,33278.0,8254.0,25024.0,4959.0,3435.0,4559.0,3295.0,3214.0,2538.0,814.0,3352.0,124503.0,40449.0,120017.0,42535.0,0.024460604603642,0.1032213474367449,0.2480317326762425,0.099014363843981,0.07626660256025,742.0,722.0,681.0,704.0,667.0,716.0,732.0,842.0,895.0,908.0,898.0,914.0,0.0241465716424224,0.02340432428928,0.021863652970898078,0.022746365105008,0.0241798078665941,0.0261476098309169,0.0254104905057798,0.0250572865517959,0.0319277968036529,0.0321279456514047,0.0315452980644254,0.032304810377125,0.0752180936995152,0.036764705882353,0.1229931972789115,0.15625,0.0115376081650766,0.0358377868594781,0.0541161036405379,0.0603389830508473,0.158125421443021,0.1894938834252819,0.0753632279584111,0.0771074521804644,0.0444329423577833,-0.0366254130866985,-0.0357633377288652,0.0634517766497462,Information Technology,45.0,4.0,63,10.41268184640677,30729.0,30950.0,11.732093122884846,10.607821922486638,11.695397010515308,10.658106055184174
HPQ,2011Q1,2011,Q1,1,0,0,0,32302.0,7921.0,24381.0,4527.0,3117.0,4836.0,3394.0,3297.0,2605.0,798.0,3403.0,119933.0,41206.0,124503.0,40449.0,0.0247043526716611,0.0964955730295337,0.2452170144263513,0.1050708934431304,0.0806451612903225,814.0,742.0,722.0,681.0,704.0,667.0,716.0,732.0,842.0,895.0,908.0,898.0,0.024460604603642,0.0241465716424224,0.02340432428928,0.021863652970898078,0.022746365105008,0.0241798078665941,0.0261476098309169,0.0254104905057798,0.0250572865517959,0.0319277968036529,0.0321279456514047,0.0315452980644254,0.0360842929082336,0.1213947481704691,0.1078321678321678,0.171806167400881,0.1158283341024457,0.1302031302031301,0.1758202567760343,0.0147334248969908,0.050556117290192,0.0916325054256088,0.1309950121062866,0.0139678059797014,0.0692490711566928,0.0908409073847746,0.0823392998486383,0.1328229027962717,Information Technology,45.0,1.0,64,10.382915384154703,33278.0,31177.0,11.694696870458701,10.626363423818374,11.732093122884846,10.607821922486638
HPQ,2011Q2,2011,Q2,0,1,0,0,31632.0,7800.0,23832.0,4832.0,3425.0,4210.0,2968.0,2892.0,2304.0,815.0,3119.0,125127.0,41423.0,119933.0,41206.0,0.0257650480526049,0.1082764289327263,0.2465857359635812,0.0938290338897319,0.0728376327769347,798.0,814.0,742.0,722.0,681.0,704.0,667.0,716.0,732.0,842.0,895.0,908.0,0.0247043526716611,0.024460604603642,0.0241465716424224,0.02340432428928,0.02186271534981714,0.022746365105008,0.0241798078665941,0.0261476098309169,0.0254104905057798,0.0250572865517959,0.0319277968036529,0.0321279456514047,0.0253816979480696,0.0472727272727273,0.0714285714285714,0.1288088642659279,0.0415635823849578,0.0384884534639609,0.0451752800867364,0.0111587254444396,0.106266149870801,0.0927182270465851,0.1008669908238371,0.0788822855767685,0.0449070561456752,0.0127823185669488,0.0213491516071182,0.0674195756331279,Information Technology,45.0,2.0,65,10.361956158466594,32302.0,30849.0,11.737092492354078,10.631615701991318,11.694696870458701,10.626363423818374
HPQ,2011Q3,2011,Q3,0,0,1,0,31189.0,7288.0,23901.0,4768.0,3430.0,3913.0,2520.0,2399.0,1926.0,812.0,2738.0,124917.0,38823.0,125127.0,41423.0,0.0260348199685786,0.1099746705569271,0.233672127993844,0.0807977171438648,0.0617525409599538,815.0,798.0,814.0,742.0,722.0,681.0,704.0,667.0,716.0,732.0,842.0,895.0,0.0257650480526049,0.0247043526716611,0.024460604603642,0.0241465716424224,0.02340432428928,0.0218617777287362,0.022746365105008,0.0241798078665941,0.0261476098309169,0.0254104905057798,0.0250572865517959,0.0319277968036529,0.0149695727163265,0.0862944162436547,-0.020298427207958,0.0943396226415094,0.0845343680709533,0.0848041325871717,0.0959342165372316,0.0262344353799914,0.0748981510498276,-0.0680218921032056,0.0781994377553285,0.0590447043383934,-0.0347478396124705,0.0688045846378915,0.0702728884142251,0.0886679920477138,Information Technology,45.0,3.0,66,10.347852809601848,31632.0,30729.0,11.735412801022292,10.566793891085052,11.737092492354078,10.631615701991318
HPQ,2011Q4,2011,Q4,0,0,0,1,32122.0,6561.0,25561.0,5766.0,3577.0,3540.0,795.0,394.0,239.0,829.0,1068.0,129517.0,38625.0,124917.0,38823.0,0.0258078575431168,0.1113567025714463,0.2042525372019177,0.0247493929394184,0.0074403835377622,812.0,815.0,798.0,814.0,742.0,722.0,681.0,704.0,667.0,716.0,732.0,842.0,0.0260348199685786,0.0257650480526049,0.0247043526716611,0.024460604603642,0.0241465716424224,0.02340432428928,0.02186084010765526,0.022746365105008,0.0241798078665941,0.0261476098309169,0.0254104905057798,0.0250572865517959,-0.0347376645231083,-0.9058313632781718,-0.2051126726435668,0.0184275184275184,-0.2235139284930906,-0.7587253414264037,-0.8774113254511512,0.021459398976982,0.041339155749636,0.1627344222625528,0.055078480736908,0.0788146574010457,-0.1765064292457697,-0.7500423981068383,-0.9024424415407196,-0.6813842482100239,Information Technology,45.0,4.0,67,10.377327563450146,31189.0,33278.0,11.771575146601657,10.561680903832544,11.735412801022292,10.566793891085052
HPQ,2012Q1,2012,Q1,1,0,0,0,30036.0,6723.0,23313.0,4681.0,3367.0,3407.0,2042.0,1821.0,1468.0,786.0,2254.0,126596.0,39162.0,129517.0,38625.0,0.0261685976827806,0.1120988147556265,0.2238314023172193,0.0679850845651884,0.0488746837128778,829.0,812.0,815.0,798.0,814.0,742.0,722.0,681.0,704.0,667.0,716.0,732.0,0.0258078575431168,0.0260348199685786,0.0257650480526049,0.0247043526716611,0.024460604603642,0.0241465716424224,0.02340432428928,0.02185990248657432,0.022746365105008,0.0241798078665941,0.0261476098309169,0.0254104905057798,-0.0701504550801808,-0.436468330134357,-0.1512435298573412,-0.0150375939849624,-0.2954921422663358,-0.3983500294637595,-0.4476797088262056,-0.0438046019441368,0.0802053256336221,0.0340181135409762,0.0592707297608783,0.1616990421033846,-0.0872109635587905,-0.3529598698807552,-0.3939539219603143,-0.3376432559506318,Information Technology,45.0,1.0,68,10.310185234046838,32122.0,32302.0,11.748764091728978,10.575487702494618,11.771575146601657,10.561680903832544
HPQ,2012Q2,2012,Q2,0,1,0,0,30693.0,7152.0,23541.0,4930.0,3540.0,3577.0,2222.0,1979.0,1593.0,850.0,2443.0,127689.0,41288.0,126596.0,39162.0,0.0276936109210569,0.1153357443065194,0.2330173003616459,0.0723943570195158,0.0519010849379337,786.0,829.0,812.0,815.0,798.0,814.0,742.0,722.0,681.0,704.0,667.0,716.0,0.0261685976827806,0.0258078575431168,0.0260348199685786,0.0257650480526049,0.0247043526716611,0.024460604603642,0.0241465716424224,0.02340432428928,0.02185896486549338,0.022746365105008,0.0241798078665941,0.0261476098309169,-0.0296851289833079,-0.30859375,-0.083076923076923,0.0429447852760735,-0.1503562945368171,-0.2513477088948787,-0.3156984785615491,-0.0122104733131923,0.0335766423357664,0.0202814569536424,0.0748519026440153,0.0651971573441816,-0.0550252249949249,-0.228443968584459,-0.2874413547062848,-0.2167361333760821,Information Technology,45.0,2.0,69,10.33182247473504,30036.0,31632.0,11.757360730418727,10.628351399647642,11.748764091728978,10.575487702494618
HPQ,2012Q3,2012,Q3,0,0,1,0,29669.0,6849.0,22820.0,15682.0,3366.0,3459.0,-8833.0,-9057.0,-8857.0,854.0,-8003.0,117556.0,31601.0,127689.0,41288.0,0.0287842529239273,0.1134517509858775,0.2308470120327614,-0.2977181569988877,-0.298527082139607,850.0,786.0,829.0,812.0,815.0,798.0,814.0,742.0,722.0,681.0,704.0,667.0,0.0276936109210569,0.0261685976827806,0.0258078575431168,0.0260348199685786,0.0257650480526049,0.0247043526716611,0.024460604603642,0.0241465716424224,0.02340432428928,0.02185802724441244,0.022746365105008,0.0241798078665941,-0.0487351309756645,-5.59865005192108,-0.0602360043907793,0.0517241379310344,-0.1160235113723485,-4.50515873015873,-4.7753230512713625,-0.045228233128321,-0.0186588921282798,2.289010067114094,0.1056059906950364,0.0316171024777065,-0.0120900853060101,-4.684734761364409,-5.8342477491444455,-3.922936449963477,Information Technology,45.0,3.0,70,10.297891713284868,30693.0,31189.0,11.674678601323267,10.360975688711445,11.757360730418727,10.628351399647642
HPQ,2012Q4,2012,Q4,0,0,0,1,29959.0,7248.0,22711.0,13736.0,3227.0,3941.0,-6488.0,-6676.0,-6854.0,909.0,-5945.0,108768.0,22436.0,117556.0,31601.0,0.0303414666711171,0.1077138756300277,0.2419306385393371,-0.2165626356019893,-0.2287793317533963,854.0,850.0,786.0,829.0,812.0,815.0,798.0,814.0,742.0,722.0,681.0,704.0,0.0287842529239273,0.0276936109210569,0.0261685976827806,0.0258078575431168,0.0260348199685786,0.0257650480526049,0.0247043526716611,0.024460604603642,0.0241465716424224,0.02340432428928,0.0218570896233315,0.022746365105008,-0.0673370275823422,-29.677824267782427,0.1047096479195244,0.0965018094089265,0.1132768361581921,-9.161006289308176,-17.944162436548222,-0.1114979852118461,-0.0978473581213307,1.3822407214706902,0.1756677833650499,-0.0327131358714705,0.1844682169121454,-9.750220101644151,-31.74832508193555,-6.566479400749064,Information Technology,45.0,4.0,71,10.307618437631156,29669.0,32122.0,11.596981646334132,10.018466660859778,11.674678601323267,10.360975688711445
HPQ,2013Q1,2013,Q1,1,0,0,0,28359.0,6330.0,22029.0,4578.0,3300.0,3049.0,1752.0,1573.0,1232.0,794.0,2026.0,106701.0,22895.0,108768.0,22436.0,0.0279981663669381,0.1163651750766952,0.2232095631016608,0.0617793293134454,0.0434429986952995,909.0,854.0,850.0,786.0,829.0,812.0,815.0,798.0,814.0,742.0,722.0,681.0,0.0303414666711171,0.0287842529239273,0.0276936109210569,0.0261685976827806,0.0258078575431168,0.0260348199685786,0.0257650480526049,0.0247043526716611,0.024460604603642,0.0241465716424224,0.02340432428928,0.02185615200225056,-0.0558330003995205,-0.1607629427792916,-0.0584560464078536,0.0101781170483461,-0.1050777810390373,-0.1420176297747306,-0.1361889071938495,-0.0550765667224295,-0.0198990198990198,-0.022003845332194,0.0699146628465081,0.0380589244441991,-0.0027781589585772,-0.0912811286686346,-0.1111349395013505,-0.1011535048802129,Information Technology,45.0,1.0,72,10.252734980646064,29959.0,30036.0,11.577795181256631,10.038717501796231,11.596981646334132,10.018466660859778
HPQ,2013Q2,2013,Q2,0,1,0,0,27582.0,6527.0,21055.0,4926.0,3342.0,3190.0,1601.0,1408.0,1077.0,815.0,1892.0,106254.0,23533.0,106701.0,22895.0,0.0295482561090566,0.1211659778116162,0.2366398375752302,0.0580451018780364,0.0390472046987165,794.0,909.0,854.0,850.0,786.0,829.0,812.0,815.0,798.0,814.0,742.0,722.0,0.0279981663669381,0.0303414666711171,0.0287842529239273,0.0276936109210569,0.0261685976827806,0.0258078575431168,0.0260348199685786,0.0257650480526049,0.0247043526716611,0.024460604603642,0.0241465716424224,0.02340432428928,-0.1013586159710683,-0.3239171374764595,-0.0873881431767338,-0.0411764705882352,-0.108191221694157,-0.2794779477947795,-0.2885295603840323,-0.1056029905271653,-0.0559322033898305,-0.0008113590263691,0.0669701467709118,0.0505501008395306,0.0155462157014178,-0.1982095805839013,-0.2476611087145592,-0.225542365943512,Information Technology,45.0,2.0,73,10.224954919906036,28359.0,30693.0,11.57359714450296,10.066201463023875,11.577795181256631,10.038717501796231
HPQ,2013Q3,2013,Q3,0,0,1,0,27226.0,6367.0,20859.0,4512.0,3274.0,3098.0,1855.0,1709.0,1709.0,797.0,2506.0,105800.0,24603.0,106254.0,23533.0,0.0292734885770954,0.1202526996253581,0.2338573422463821,0.0681334018952471,0.062770880775729,815.0,794.0,909.0,854.0,850.0,786.0,829.0,812.0,815.0,798.0,814.0,742.0,0.0295482561090566,0.0279981663669381,0.0303414666711171,0.0287842529239273,0.0276936109210569,0.0261685976827806,0.0258078575431168,0.0260348199685786,0.0257650480526049,0.0247043526716611,0.024460604603642,0.0241465716424224,-0.0823418382823822,-1.192954725076211,-0.0703752372609139,-0.0667447306791568,-0.1043654235328129,-1.210007924827352,-1.1886938279783592,-0.0859333917616126,-0.0273321449792037,-0.7122815967351104,0.0169966423815506,0.0599457353490047,0.0130403689747278,-1.2288520209249507,-1.210268630657684,-1.3131325752842684,Information Technology,45.0,3.0,74,10.211964406994612,27582.0,29669.0,11.569315250157509,10.110664310328259,11.57359714450296,10.066201463023875
HPQ,2013Q4,2013,Q4,0,0,0,1,29131.0,6694.0,22437.0,4771.0,3351.0,3417.0,1923.0,1820.0,1414.0,729.0,2143.0,105676.0,27269.0,105800.0,24603.0,0.0250248875768082,0.1150320963921595,0.229789571247125,0.0660121520030208,0.0485393566990491,797.0,815.0,794.0,909.0,854.0,850.0,786.0,829.0,812.0,815.0,798.0,814.0,0.0292734885770954,0.0295482561090566,0.0279981663669381,0.0303414666711171,0.0287842529239273,0.0276936109210569,0.0261685976827806,0.0258078575431168,0.0260348199685786,0.0257650480526049,0.0247043526716611,0.024460604603642,-0.0276377716212156,-1.2063028888240444,-0.0764348785871964,-0.1980198019801979,-0.1329611773661507,-1.2963933415536375,-1.2726183343319353,-0.0120646382810092,0.0384257824604896,-0.6526645311589983,-0.1752248548805312,0.0679413002208577,-0.0501840831963824,-1.3048178270435422,-1.2121667037272852,-1.360470984020185,Information Technology,45.0,4.0,75,10.279592505337806,27226.0,29959.0,11.568142551208108,10.213542475839635,11.569315250157509,10.110664310328259
HPQ,2014Q1,2014,Q1,1,0,0,0,28154.0,6418.0,21736.0,4421.0,3210.0,3231.0,1997.0,1834.0,1425.0,811.0,2236.0,105025.0,27754.0,105676.0,27269.0,0.0288058535199261,0.1140157704056262,0.2279605029480713,0.0709313063863039,0.0506144775165163,729.0,797.0,815.0,794.0,909.0,854.0,850.0,786.0,829.0,812.0,815.0,798.0,0.0250248875768082,0.0292734885770954,0.0295482561090566,0.0279981663669381,0.0303414666711171,0.0287842529239273,0.0276936109210569,0.0261685976827806,0.0258078575431168,0.0260348199685786,0.0257650480526049,0.0247043526716611,-0.0072287457244614,0.1566558441558441,0.0139020537124803,0.021410579345088,0.0596917021974416,0.1398401826484019,0.1659249841068022,-0.0133006491443097,-0.0272727272727272,-0.0342944517256443,0.0288478589062781,-0.0201899294141959,0.0212846608379706,0.1481397932700869,0.1650778960153294,0.1036525172754194,Information Technology,45.0,1.0,76,10.245480237688719,29131.0,28359.0,11.561963217534743,10.231171283124262,11.568142551208108,10.213542475839635
HPQ,2014Q2,2014,Q2,0,1,0,0,27309.0,6605.0,20704.0,4783.0,3391.0,3164.0,1822.0,1648.0,1273.0,873.0,2146.0,103972.0,28185.0,105025.0,27754.0,0.0319674832472811,0.1241715185469991,0.2418616573290856,0.0667179318173495,0.0466146691566882,811.0,729.0,797.0,815.0,794.0,909.0,854.0,850.0,786.0,829.0,812.0,815.0,0.0288058535199261,0.0250248875768082,0.0292734885770954,0.0295482561090566,0.0279981663669381,0.0303414666711171,0.0287842529239273,0.0276936109210569,0.0261685976827806,0.0258078575431168,0.0260348199685786,0.0257650480526049,-0.0098977594083097,0.1819870009285051,0.0119503600428987,0.0711656441717791,-0.0081504702194357,0.1380387257963773,0.1704545454545454,-0.0166706245547375,0.0146618791143027,-0.0290296386520503,0.0818737704619727,0.0248051539686806,0.0220665286426904,0.1494153625147634,0.1938029755615375,0.1342494714587738,Information Technology,45.0,2.0,77,10.215008214467751,28154.0,27582.0,11.551886529032986,10.246580679751457,11.561963217534743,10.231171283124262
HPQ,2014Q3,2014,Q3,0,0,1,0,27585.0,6611.0,20974.0,5153.0,3388.0,3164.0,1458.0,1313.0,985.0,887.0,1872.0,103170.0,28509.0,103972.0,28185.0,0.0321551567881094,0.1228203733913358,0.2396592350915352,0.0528548123980424,0.0357078122167844,873.0,811.0,729.0,797.0,815.0,794.0,909.0,854.0,850.0,786.0,829.0,812.0,0.0319674832472811,0.0288058535199261,0.0250248875768082,0.0292734885770954,0.0295482561090566,0.0279981663669381,0.0303414666711171,0.0287842529239273,0.0276936109210569,0.0261685976827806,0.0258078575431168,0.0260348199685786,0.0131859252185411,-0.4236395552954944,0.0383226009109469,0.1129234629861981,0.0213040671400903,-0.2140161725067385,-0.2317144528964306,0.005513207728079,0.0348197923029933,0.1420656028368794,0.0984395215973257,0.0213523170288669,0.024809538966882,-0.2242452170624783,-0.4311404941988447,-0.2529928172386273,Information Technology,45.0,3.0,78,10.225063676635465,27309.0,27226.0,11.544143084787585,10.258010181906718,11.551886529032986,10.246580679751457
HPQ,2014Q4,2014,Q4,0,0,0,1,28406.0,6981.0,21425.0,5073.0,3364.0,3590.0,1908.0,1762.0,1330.0,876.0,2206.0,103206.0,26731.0,103170.0,28509.0,0.0308385552348095,0.1184256847144969,0.2457579384637048,0.0671689079771879,0.0468210941350418,887.0,873.0,811.0,729.0,797.0,815.0,794.0,909.0,854.0,850.0,786.0,829.0,0.0321551567881094,0.0319674832472811,0.0288058535199261,0.0250248875768082,0.0292734885770954,0.0295482561090566,0.0279981663669381,0.0303414666711171,0.0287842529239273,0.0276936109210569,0.0261685976827806,0.0258078575431168,-0.0248875768082111,-0.0594059405940594,0.0428742157155661,0.2016460905349795,0.0506292069066431,-0.0078003120124805,-0.0318681318681318,-0.0451040691714578,0.0038794389734406,0.0632990987214421,0.2323154355901739,0.0295012299068966,0.0694912616352234,0.0175233792425695,-0.0353993682829523,0.0293980401306579,Information Technology,45.0,4.0,79,10.25439087265161,27585.0,29131.0,11.54449195918665,10.193616628630961,11.544143084787585,10.258010181906718
HPQ,2015Q1,2015,Q1,1,0,0,0,13858.0,2685.0,11173.0,1567.0,1222.0,2160.0,1118.0,997.0,1366.0,304.0,1670.0,100861.0,26507.0,103206.0,26731.0,0.0219367874152114,0.0881801125703564,0.1937509020060615,0.0806754221388367,0.0985712223986145,876.0,887.0,873.0,811.0,729.0,797.0,815.0,794.0,909.0,854.0,850.0,786.0,0.0308385552348095,0.0321551567881094,0.0319674832472811,0.0288058535199261,0.0250248875768082,0.0292734885770954,0.0295482561090566,0.0279981663669381,0.0303414666711171,0.0287842529239273,0.0276936109210569,0.0261685976827806,-0.5077786460183278,-0.0414035087719297,-0.5816453723901527,-0.625154130702836,-0.3314763231197771,-0.4401602403605408,-0.4563794983642312,-0.485967979389032,-0.6193146417445483,-0.6455553042298123,-0.2384607732578759,-0.2265972307458517,-0.1500681060955664,0.1373739784160292,0.9474906634460304,-0.2531305903398927,Information Technology,45.0,1.0,80,9.536690120068803,28406.0,28154.0,11.521508524900703,10.185201853208117,11.54449195918665,10.193616628630961
HPQ,2015Q2,2015,Q2,0,1,0,0,12977.0,2562.0,10415.0,1565.0,1228.0,2007.0,997.0,919.0,1011.0,305.0,1316.0,101396.0,26768.0,100861.0,26507.0,0.0235031209062186,0.0946289589273329,0.197426215612237,0.0768282345688525,0.0779070663481544,304.0,876.0,887.0,873.0,811.0,729.0,797.0,815.0,794.0,909.0,854.0,850.0,0.0219367874152114,0.0308385552348095,0.0321551567881094,0.0319674832472811,0.0288058535199261,0.0250248875768082,0.0292734885770954,0.0295482561090566,0.0279981663669381,0.0303414666711171,0.0287842529239273,0.0276936109210569,-0.5248086711340584,-0.2058130400628436,-0.612112036336109,-0.6506300114547537,-0.3656763590391909,-0.4527991218441273,-0.4423543689320388,-0.4969571097372488,-0.637864936596874,-0.6727994982228727,-0.2647803793494543,-0.2379173579042949,-0.1837225553134623,0.1515380119872642,0.6712993518474073,-0.3867660764212488,Information Technology,45.0,2.0,81,9.471010895181113,13858.0,27309.0,11.526798783902734,10.194999780568262,11.521508524900703,10.185201853208117
HPQ,2015Q3,2015,Q3,0,0,1,0,12362.0,2326.0,10036.0,1319.0,1058.0,1967.0,1007.0,917.0,854.0,300.0,1154.0,107033.0,27035.0,101396.0,26768.0,0.0242679178126516,0.0855848568192849,0.1881572561074259,0.0814593107911341,0.0690826727066817,305.0,304.0,876.0,887.0,873.0,811.0,729.0,797.0,815.0,794.0,909.0,854.0,0.0235031209062186,0.0219367874152114,0.0308385552348095,0.0321551567881094,0.0319674832472811,0.0288058535199261,0.0250248875768082,0.0292734885770954,0.0295482561090566,0.0279981663669381,0.0303414666711171,0.0287842529239273,-0.551857893782853,-0.132994923857868,-0.6481621539857813,-0.6617812852311161,-0.3783185840707964,-0.3093278463648834,-0.3015993907083015,-0.5215028130065795,-0.6877213695395514,-0.7440326023675529,-0.2452869077091358,-0.3031705208500667,-0.2148967009948047,0.5411900467581858,0.9346655092526056,-0.3835470085470085,Information Technology,45.0,3.0,82,9.422463420006927,12977.0,27585.0,11.580901819979323,10.204924590220244,11.526798783902734,10.194999780568262
HPQ,2015Q4,2015,Q4,0,0,0,1,25714.0,6351.0,19363.0,5443.0,3089.0,3089.0,908.0,590.0,1323.0,934.0,2257.0,106882.0,27768.0,107033.0,27035.0,0.0363226258069534,0.1201291125456949,0.2469860776230847,0.0353115034611495,0.0514505716730185,300.0,305.0,304.0,876.0,887.0,873.0,811.0,729.0,797.0,815.0,794.0,909.0,0.0242679178126516,0.0235031209062186,0.0219367874152114,0.0308385552348095,0.0321551567881094,0.0319674832472811,0.0288058535199261,0.0250248875768082,0.0292734885770954,0.0295482561090566,0.0279981663669381,0.0303414666711171,-0.0947687108357389,-0.0052631578947368,-0.0902449505801461,0.0662100456621004,-0.1395543175487464,-0.5241090146750524,-0.6651532349602725,-0.0962427071178529,-0.0817479191438763,0.0729351468559038,0.1778316309044734,0.0143839390526192,0.0049973529524915,-0.4742879626219,0.098875893942681,0.0231187669990933,Information Technology,45.0,4.0,83,10.154829758209017,12362.0,28406.0,11.579490057238825,10.231675569569644,11.580901819979323,10.204924590220244
HPQ,2016Q1,2016,Q1,1,0,0,0,12246.0,2285.0,9961.0,1357.0,1037.0,1027.0,928.0,834.0,592.0,292.0,884.0,26313.0,-4909.0,106882.0,27768.0,0.0238445206598072,0.0846807120692471,0.1865915400947248,0.0757798464804834,0.0483423158582394,934.0,300.0,305.0,304.0,876.0,887.0,873.0,811.0,729.0,797.0,815.0,794.0,0.0363226258069534,0.0242679178126516,0.0235031209062186,0.0219367874152114,0.0308385552348095,0.0321551567881094,0.0319674832472811,0.0288058535199261,0.0250248875768082,0.0292734885770954,0.0295482561090566,0.0279981663669381,-0.1163227016885553,-0.5666178623718887,-0.1489757914338919,-0.0394736842105263,-0.524537037037037,-0.1699463327370304,-0.1634904714142427,-0.1084757898505325,-0.1513911620294599,-0.1340140395660497,0.0869650240250305,-0.0396846907891765,-0.0369513733211559,-0.0606823680442403,-0.509569682896426,-0.4706586826347305,Information Technology,45.0,1.0,84,9.413036288021287,25714.0,13858.0,10.177856395925783,0.0,11.579490057238825,10.231675569569644
HPQ,2016Q2,2016,Q2,0,1,0,0,11588.0,2250.0,9338.0,1409.0,1002.0,1026.0,841.0,836.0,629.0,301.0,930.0,25523.0,-4786.0,26313.0,-4909.0,0.0259751467034863,0.086468760787021,0.1941663790127718,0.0725750776665516,0.0542802899551259,292.0,934.0,300.0,305.0,304.0,876.0,887.0,873.0,811.0,729.0,797.0,815.0,0.0238445206598072,0.0363226258069534,0.0242679178126516,0.0235031209062186,0.0219367874152114,0.0308385552348095,0.0321551567881094,0.0319674832472811,0.0288058535199261,0.0250248875768082,0.0292734885770954,0.0295482561090566,-0.1070355243893041,-0.3778437190900099,-0.1217798594847775,-0.0131147540983606,-0.4887892376681614,-0.156469408224674,-0.0903155603917301,-0.1034085453672587,-0.1840390879478827,-0.0996805111821086,0.1051786189217787,-0.0862336248101204,-0.016511670394715,-0.0553592950061783,-0.3032687213178339,-0.2933130699088145,Information Technology,45.0,2.0,85,9.35781165133439,12246.0,12977.0,10.147374464988237,0.0,10.177856395925783,0.0
HPQ,2016Q3,2016,Q3,0,0,1,0,11892.0,2172.0,9720.0,1055.0,719.0,1238.0,1117.0,1081.0,783.0,298.0,1081.0,27224.0,-3926.0,25523.0,-4786.0,0.0250588631012445,0.0604608139926,0.1826437941473259,0.0939286915573494,0.0658425832492431,301.0,292.0,934.0,300.0,305.0,304.0,876.0,887.0,873.0,811.0,729.0,797.0,0.0259751467034863,0.0238445206598072,0.0363226258069534,0.0242679178126516,0.0235031209062186,0.0219367874152114,0.0308385552348095,0.0321551567881094,0.0319674832472811,0.0288058535199261,0.0250248875768082,0.0292734885770954,-0.0380197379064876,-0.0831381733021077,-0.0662080825451418,-0.0066666666666667,-0.3706151499745805,0.109235352532274,0.178844056706652,-0.031486648066959,-0.3204158790170132,-0.2001516300227445,0.0325922188586165,-0.2935571053151965,-0.0293024147681671,0.1530749603097858,-0.0469016228019386,-0.0632582322357019,Information Technology,45.0,3.0,86,9.383705270727246,11588.0,12362.0,10.21189094780116,0.0,10.147374464988237,0.0
HPQ,2016Q4,2016,Q4,0,0,0,1,12512.0,2291.0,10221.0,1628.0,1082.0,974.0,663.0,1010.0,492.0,318.0,810.0,29010.0,-3889.0,27224.0,-3926.0,0.0254156010230179,0.0864769820971867,0.1831042199488491,0.0529891304347826,0.0393222506393861,298.0,301.0,292.0,934.0,300.0,305.0,304.0,876.0,887.0,873.0,811.0,729.0,0.0250588631012445,0.0259751467034863,0.0238445206598072,0.0363226258069534,0.0242679178126516,0.0235031209062186,0.0219367874152114,0.0308385552348095,0.0321551567881094,0.0319674832472811,0.0288058535199261,0.0250248875768082,-0.5134168157423971,-0.6281179138321995,-0.639269406392694,-0.6595289079229122,-0.6846876011654257,-0.2698237885462555,0.7118644067796611,-0.4721375819862624,-0.6497248300420848,-0.7009002388388756,-0.3002818365033379,-0.2801330146820787,-0.2586455815202794,0.5006194933920705,-0.2357276243830866,-0.641116526362428,Information Technology,45.0,4.0,87,9.434523382865056,11892.0,25714.0,10.275430347393456,0.0,10.21189094780116,0.0
HPQ,2017Q1,2017,Q1,1,0,0,0,12684.0,2248.0,10436.0,1392.0,1017.0,932.0,856.0,775.0,611.0,296.0,907.0,28192.0,-4327.0,29010.0,-3889.0,0.0233364869126458,0.0801797540208136,0.1772311573636077,0.0674865972879217,0.0481709239987385,318.0,298.0,301.0,292.0,934.0,300.0,305.0,304.0,876.0,887.0,873.0,811.0,0.0254156010230179,0.0250588631012445,0.0259751467034863,0.0238445206598072,0.0363226258069534,0.0242679178126516,0.0235031209062186,0.0219367874152114,0.0308385552348095,0.0321551567881094,0.0319674832472811,0.0288058535199261,0.0357667809897108,0.0320945945945945,-0.0161925601750546,0.0136986301369863,-0.0925024342745861,-0.0775862068965517,-0.0707434052757793,0.0476859753036844,-0.0192864030858245,0.0257921886514369,-0.0213061002319823,-0.0531521043983764,-0.0501650971226521,-0.1094387172544286,-0.0035453795801478,0.0260180995475112,Information Technology,45.0,1.0,88,9.448175472033382,12512.0,12246.0,10.246828999162442,0.0,10.275430347393456,0.0
HPQ,2017Q2,2017,Q2,0,1,0,0,12385.0,2383.0,10002.0,1565.0,1090.0,916.0,818.0,754.0,559.0,314.0,873.0,28686.0,-3955.0,28192.0,-4327.0,0.0253532498990714,0.0880096891400888,0.1924101735970932,0.0660476382721033,0.045135244247073,296.0,318.0,298.0,301.0,292.0,934.0,300.0,305.0,304.0,876.0,887.0,873.0,0.0233364869126458,0.0254156010230179,0.0250588631012445,0.0259751467034863,0.0238445206598072,0.0363226258069534,0.0242679178126516,0.0235031209062186,0.0219367874152114,0.0308385552348095,0.0321551567881094,0.0319674832472811,0.0687780462547462,-0.1112877583465818,0.0591111111111111,0.043189368770764,-0.1072124756335283,-0.0273483947681332,-0.0980861244019138,0.0711073034911116,0.0878243512974052,0.1107168204400284,-0.0239419939188038,0.0178206364823845,-0.0090448481586148,-0.0899405085646449,-0.1684782029648922,-0.0612903225806451,Information Technology,45.0,2.0,89,9.424322081498007,12684.0,11588.0,10.26419933745711,0.0,10.246828999162442,0.0
HPQ,2017Q3,2017,Q3,0,0,1,0,13060.0,2427.0,10633.0,1472.0,1097.0,1068.0,955.0,899.0,696.0,289.0,985.0,31934.0,-4339.0,28686.0,-3955.0,0.0221286370597243,0.0839969372128637,0.1858346094946401,0.0731240428790199,0.053292496171516,314.0,296.0,318.0,298.0,301.0,292.0,934.0,300.0,305.0,304.0,876.0,887.0,0.0253532498990714,0.0233364869126458,0.0254156010230179,0.0250588631012445,0.0259751467034863,0.0238445206598072,0.0363226258069534,0.0242679178126516,0.0235031209062186,0.0219367874152114,0.0308385552348095,0.0321551567881094,0.0982172889337369,-0.1111111111111111,0.1174033149171269,-0.0302013422818792,-0.1373182552504038,-0.1450313339301701,-0.1683626271970397,0.0939300411522634,0.5257301808066759,0.395260663507109,-0.116933718408584,0.3892789670867527,0.0174701547468969,-0.2214940752754657,-0.1906074527820316,-0.0888066604995374,Information Technology,45.0,3.0,90,9.47738596957752,12385.0,11892.0,10.371457865995689,0.0,10.26419933745711,0.0
HPQ,2017Q4,2017,Q4,0,0,0,1,13927.0,2520.0,11407.0,1630.0,1176.0,718.0,890.0,848.0,660.0,291.0,951.0,32913.0,-3408.0,31934.0,-4339.0,0.021863652970898078,0.0844402958282472,0.1809434910605299,0.06390464565233,0.0473899619444245,289.0,314.0,296.0,318.0,298.0,301.0,292.0,934.0,300.0,305.0,304.0,876.0,0.0221286370597243,0.0253532498990714,0.0233364869126458,0.0254156010230179,0.0250588631012445,0.0259751467034863,0.0238445206598072,0.0363226258069534,0.0242679178126516,0.0235031209062186,0.0219367874152114,0.0308385552348095,0.113091432225064,0.3414634146341464,0.0999563509384549,-0.0849056603773584,-0.2628336755646817,0.3423831070889893,-0.1603960396039604,0.1160356129537227,0.0868761552680221,0.0012285012285011,-0.1778803491521152,-0.0235517731949813,-0.0118005411831731,0.2059953641055099,0.2051691135134947,0.174074074074074,Information Technology,45.0,4.0,91,9.541656481448024,13060.0,12512.0,10.401653378155329,0.0,10.371457865995689,0.0
HPQ,2018Q1,2018,Q1,1,0,0,0,14517.0,2582.0,11935.0,1609.0,1229.0,1121.0,973.0,905.0,1938.0,347.0,2285.0,35245.0,-2742.0,32913.0,-3408.0,0.0239030102638286,0.0846593648825514,0.177860439484742,0.067024867396845,0.1334986567472618,291.0,289.0,314.0,296.0,318.0,298.0,301.0,292.0,934.0,300.0,305.0,304.0,0.021863652970898078,0.0221286370597243,0.0253532498990714,0.0233364869126458,0.0254156010230179,0.0250588631012445,0.0259751467034863,0.0238445206598072,0.0363226258069534,0.0242679178126516,0.0235031209062186,0.0219367874152114,0.1445127719962156,2.171849427168576,0.148576512455516,0.1722972972972973,0.2027896995708153,0.1366822429906542,0.1677419354838709,0.1436374089689536,0.2084562438544739,0.1558908045977012,0.0242762911702774,0.055869600954064,0.003550629192379,-0.0068418013299265,1.7713534569267906,1.519294377067255,Information Technology,45.0,1.0,92,9.583144537844786,13927.0,12684.0,10.470107326624314,0.0,10.401653378155329,0.0
HPQ,2018Q2,2018,Q2,0,1,0,0,14003.0,2702.0,11301.0,1796.0,1318.0,298.0,906.0,83.0,1058.0,356.0,1414.0,32087.0,-1863.0,35245.0,-2742.0,0.0254231236163679,0.0941226879954295,0.1929586517174891,0.0647004213382846,0.0755552381632507,347.0,291.0,289.0,314.0,296.0,318.0,298.0,301.0,292.0,934.0,300.0,305.0,0.0239030102638286,0.021863652970898078,0.0221286370597243,0.0253532498990714,0.0233364869126458,0.0254156010230179,0.0250588631012445,0.0259751467034863,0.0238445206598072,0.0363226258069534,0.0242679178126516,0.0235031209062186,0.130641905530884,0.8926654740608229,0.1338648762064624,0.1337579617834394,-0.6746724890829694,0.1075794621026895,-0.8899204244031831,0.129874025194961,0.2091743119266054,0.1476038338658147,0.0027560063334926,0.0694582484618302,0.0028505671511132,-0.020397654920959,0.6739742838137035,0.6197021764032073,Information Technology,45.0,2.0,93,9.547098282074556,14517.0,12385.0,10.376237407449889,0.0,10.470107326624314,0.0
HPQ,2018Q3,2018,Q3,0,0,1,0,14586.0,2688.0,11898.0,1670.0,1289.0,1216.0,1018.0,1018.0,880.0,347.0,1227.0,34254.0,-1767.0,32087.0,-1863.0,0.0237899355546414,0.0883724119018236,0.1842863019333607,0.0697929521458933,0.0603318250377073,356.0,347.0,291.0,289.0,314.0,296.0,318.0,298.0,301.0,292.0,934.0,300.0,0.0254231236163679,0.0239030102638286,0.021863652970898078,0.0221286370597243,0.0253532498990714,0.0233364869126458,0.0254156010230179,0.0250588631012445,0.0259751467034863,0.0238445206598072,0.0363226258069534,0.0242679178126516,0.1168453292496172,0.264367816091954,0.107540173053152,0.2006920415224913,0.1385767790262171,0.0659685863874346,0.1323692992213569,0.1189692466848491,0.1750227894257063,0.1345108695652173,0.0750745963446961,0.0520908837172444,-0.0083316426659696,-0.0455539737954275,0.1320885560236473,0.2456852791878172,Information Technology,45.0,3.0,94,9.587886000086213,14003.0,13060.0,10.441587818437,0.0,10.376237407449889,0.0
HPQ,2018Q4,2018,Q4,0,0,0,1,15366.0,2697.0,12669.0,1650.0,1203.0,1218.0,1047.0,1007.0,1451.0,354.0,1805.0,34622.0,-639.0,34254.0,-1767.0,0.023037875829754,0.0782897305739945,0.1755173760249902,0.0681374463100351,0.0944292594038787,347.0,356.0,347.0,291.0,289.0,314.0,296.0,318.0,298.0,301.0,292.0,934.0,0.0237899355546414,0.0254231236163679,0.0239030102638286,0.021863652970898078,0.0221286370597243,0.0253532498990714,0.0233364869126458,0.0254156010230179,0.0250588631012445,0.0259751467034863,0.0238445206598072,0.0363226258069534,0.1033244776333739,1.1984848484848485,0.0702380952380952,0.2164948453608246,0.6963788300835654,0.1764044943820224,0.1875,0.1106338213377751,0.0229591836734694,0.0122699386503066,0.1025721535429002,-0.0728392196394371,-0.0299878984523654,0.0662361963593927,0.992600448057301,0.8980021030494216,Information Technology,45.0,4.0,95,9.639977632055333,14586.0,13927.0,10.452273480088515,0.0,10.441587818437,0.0
HPQ,2019Q1,2019,Q1,1,0,0,0,14710.0,2612.0,12098.0,1686.0,1248.0,1132.0,926.0,900.0,803.0,344.0,1147.0,32490.0,-1837.0,34622.0,-639.0,0.0233854520734194,0.0848402447314751,0.1775662814411964,0.0629503738953093,0.0545887151597552,354.0,347.0,356.0,347.0,291.0,289.0,314.0,296.0,318.0,298.0,301.0,292.0,0.023037875829754,0.0237899355546414,0.0254231236163679,0.0239030102638286,0.02186271534981714,0.0221286370597243,0.0253532498990714,0.0233364869126458,0.0254156010230179,0.0250588631012445,0.0259751467034863,0.0238445206598072,0.0132947578700832,-0.5856553147574819,0.0116189000774593,-0.0086455331412104,0.0098126672613738,-0.0483042137718396,-0.005524861878453,0.013657310431504,0.015459723352319,0.0478558110627718,-0.0216524272339191,0.0021365604286616,-0.0016538699915379,-0.0607907730337046,-0.5910916522321119,-0.4980306345733042,Information Technology,45.0,1.0,96,9.596350792250211,15366.0,14517.0,10.38871840689063,0.0,10.452273480088515,0.0
HPQ,2019Q2,2019,Q2,0,1,0,0,14036.0,2729.0,11307.0,1801.0,1339.0,1125.0,928.0,883.0,782.0,353.0,1135.0,31946.0,-1487.0,32490.0,-1837.0,0.0251496152750071,0.0953975491593046,0.1944286121402109,0.0661157024793388,0.0557138785978911,344.0,354.0,347.0,356.0,347.0,291.0,289.0,314.0,296.0,318.0,298.0,301.0,0.0233854520734194,0.023037875829754,0.0237899355546414,0.0254231236163679,0.0239030102638286,0.0218617777287362,0.0221286370597243,0.0253532498990714,0.0233364869126458,0.0254156010230179,0.0250588631012445,0.0259751467034863,0.002356637863315,-0.2608695652173913,0.0099925980754995,-0.0084269662921347,2.7751677852348995,0.0242825607064016,9.63855421686747,0.0005309264666844,0.0159332321699545,0.002783964365256,-0.0107582508541439,0.013544674414069,0.0076180073276732,0.0218743728677504,-0.2626073326972877,-0.1973125884016973,Information Technology,45.0,2.0,97,9.549451979534325,14710.0,14003.0,10.371833558683493,0.0,10.38871840689063,0.0
HPQ,2019Q3,2019,Q3,0,0,1,0,14603.0,2905.0,11698.0,1826.0,1376.0,495.0,1079.0,248.0,1179.0,413.0,1592.0,32405.0,-1131.0,31946.0,-1487.0,0.028281859891803,0.0942272135862494,0.1989317263575977,0.073888926932822,0.0807368348969389,353.0,344.0,354.0,347.0,356.0,347.0,291.0,289.0,314.0,296.0,318.0,298.0,0.0251496152750071,0.0233854520734194,0.023037875829754,0.0237899355546414,0.0254231236163679,0.0239030102638286,0.02186084010765526,0.0221286370597243,0.0253532498990714,0.0233364869126458,0.0254156010230179,0.0250588631012445,0.0011655011655011,0.3397727272727273,0.0807291666666667,0.1902017291066282,-0.5929276315789473,0.0599214145383104,-0.756385068762279,-0.0168095478231635,0.0674941815360745,0.0934131736526946,0.1888161624836868,0.0662514642118181,0.0794710419091966,0.0586875130079982,0.3382130384167636,0.2974735126324368,Information Technology,45.0,3.0,98,9.589050742775527,14036.0,14586.0,10.386098869820946,0.0,10.371833558683493,0.0
HPQ,2019Q4,2019,Q4,0,0,0,1,15407.0,2924.0,12483.0,1980.0,1405.0,757.0,944.0,492.0,388.0,389.0,777.0,33467.0,-1193.0,32405.0,-1131.0,0.0252482637762056,0.091192315181411,0.1897838644771857,0.0612708509119231,0.0251833582137989,413.0,353.0,344.0,354.0,347.0,356.0,347.0,291.0,289.0,314.0,296.0,318.0,0.028281859891803,0.0251496152750071,0.0233854520734194,0.023037875829754,0.0237899355546414,0.0254231236163679,0.0239030102638286,0.02185990248657432,0.0221286370597243,0.0253532498990714,0.0233364869126458,0.0254156010230179,0.0026682285565533,-0.7325982081323226,0.0841675936225436,0.0988700564971751,-0.3784893267651888,-0.0983763132760267,-0.5114200595829196,-0.0146815060383613,0.1679135494596841,0.1999999999999999,0.0959458225569931,0.1648055819431106,0.0812824848188489,-0.1007756493671335,-0.7333097985436015,-0.5695290858725761,Information Technology,45.0,4.0,99,9.642642134037906,14603.0,15366.0,10.41834503741549,0.0,10.386098869820946,0.0
HPQ,2020Q1,2020,Q1,1,0,0,0,14618.0,2872.0,11746.0,2007.0,1290.0,1134.0,865.0,878.0,678.0,400.0,1078.0,31656.0,-1634.0,33467.0,-1193.0,0.0273635244219455,0.0882473662607743,0.196470105349569,0.0591736215624572,0.0463811738951977,389.0,413.0,353.0,344.0,354.0,347.0,356.0,347.0,291.0,289.0,314.0,296.0,0.0252482637762056,0.028281859891803,0.0251496152750071,0.0233854520734194,0.023037875829754,0.0237899355546414,0.0254231236163679,0.0239030102638286,0.02185896486549338,0.0221286370597243,0.0253532498990714,0.0233364869126458,-0.006254248810333,-0.1556662515566624,0.0995405819295558,0.1627906976744186,0.0017667844522968,-0.0658747300215982,-0.0244444444444444,-0.0290957183005455,0.0336538461538462,0.1903914590747331,0.1701088495547065,0.0401592609743519,0.1064606622098622,-0.0599957093048099,-0.1503523437131281,-0.060156931124673,Information Technology,45.0,1.0,100,9.590077331511615,15407.0,14710.0,10.362714572154392,0.0,10.41834503741549,0.0
HPQ,2020Q2,2020,Q2,0,1,0,0,12469.0,2493.0,9976.0,1667.0,1216.0,1088.0,826.0,826.0,764.0,338.0,1102.0,33773.0,-743.0,31656.0,-1634.0,0.0271072259202823,0.097521854198412,0.1999358408853958,0.0662442858288555,0.0612719544470286,400.0,389.0,413.0,353.0,344.0,354.0,347.0,356.0,347.0,291.0,289.0,314.0,0.0273635244219455,0.0252482637762056,0.028281859891803,0.0251496152750071,0.0233854520734194,0.023037875829754,0.0237899355546414,0.0254231236163679,0.0239030102638286,0.02185802724441244,0.0221286370597243,0.0253532498990714,-0.1116414933029352,-0.0230179028132991,-0.0864785635764016,-0.0424929178470254,-0.0328888888888888,-0.1099137931034482,-0.0645526613816535,-0.1177146900150349,-0.0918595967139656,-0.0744031093836757,0.0778385921163806,0.0222679204846238,0.0283251970199396,0.0019448231614405,0.0997610647295319,-0.0290748898678414,Information Technology,45.0,2.0,101,9.431081038674082,14618.0,14036.0,10.427446554692082,0.0,10.362714572154392,0.0
HPQ,2020Q3,2020,Q3,0,0,1,0,14294.0,2393.0,11901.0,1614.0,1156.0,1003.0,779.0,751.0,734.0,359.0,1093.0,34244.0,-1986.0,33773.0,-743.0,0.0251154330488316,0.0808730936057086,0.1674129005176997,0.0544983909332587,0.0513502168742129,338.0,400.0,389.0,413.0,353.0,344.0,354.0,347.0,356.0,347.0,291.0,289.0,0.0271072259202823,0.0273635244219455,0.0252482637762056,0.028281859891803,0.0251496152750071,0.0233854520734194,0.023037875829754,0.0237899355546414,0.0254231236163679,0.0239030102638286,0.0218570896233315,0.0221286370597243,-0.0211600356091213,-0.3774385072094995,-0.1762478485370051,-0.1307506053268765,1.0262626262626262,-0.2780352177942539,2.028225806451613,0.01735339374252,-0.1598837209302325,-0.1161007667031763,-0.1119596396801719,-0.1417225392992994,-0.1584404178106818,-0.262428171641912,-0.3639803078760545,-0.3134422110552763,Information Technology,45.0,3.0,102,9.567665104756411,12469.0,14603.0,10.441295847632006,0.0,10.427446554692082,0.0
HPQ,2020Q4,2020,Q4,0,0,0,1,15258.0,2679.0,12579.0,1687.0,1244.0,1035.0,992.0,776.0,668.0,381.0,1049.0,34681.0,-2228.0,34244.0,-1986.0,0.0249705072748721,0.0815310001310787,0.1755800235941801,0.0650150740595097,0.0437803119674924,359.0,338.0,400.0,389.0,413.0,353.0,344.0,354.0,347.0,356.0,347.0,291.0,0.0251154330488316,0.0271072259202823,0.0273635244219455,0.0252482637762056,0.028281859891803,0.0251496152750071,0.0233854520734194,0.023037875829754,0.0237899355546414,0.0254231236163679,0.0239030102638286,0.02185615200225056,-0.0096709287985979,0.7216494845360826,-0.0837893296853625,-0.0205655526992287,0.3672391017173051,0.0508474576271187,0.5772357723577235,0.007690459024273,-0.1145907473309608,-0.147979797979798,-0.0110010139229924,-0.1059443992743554,-0.0748421944201325,0.0611093707996472,0.7384620270184443,0.3500643500643501,Information Technology,45.0,4.0,103,9.632924771891735,14294.0,15407.0,10.453976099358494,0.0,10.441295847632006,0.0
HPQ,2021Q1,2021,Q1,1,0,0,0,15646.0,3324.0,12322.0,2003.0,1376.0,1562.0,1321.0,1296.0,1068.0,471.0,1539.0,34737.0,-3235.0,34681.0,-2228.0,0.0301035408411095,0.0879458008436661,0.212450466572926,0.0844305253738974,0.0682602582129617,381.0,359.0,338.0,400.0,389.0,413.0,353.0,344.0,354.0,347.0,356.0,347.0,0.0249705072748721,0.0251154330488316,0.0271072259202823,0.0273635244219455,0.0252482637762056,0.028281859891803,0.0251496152750071,0.0233854520734194,0.023037875829754,0.0237899355546414,0.0254231236163679,0.0239030102638286,0.0703242577644001,0.5752212389380531,0.1573816155988858,0.1775,0.3774250440917108,0.5271676300578034,0.4760820045558087,0.0490379703728929,0.0666666666666666,-0.001993024414549,0.1001339000383483,-0.0034172738506114,0.0813373678144262,0.4268270750469751,0.471723384302471,0.4276437847866419,Information Technology,45.0,1.0,104,9.658034484302057,15258.0,14618.0,10.455589467613958,0.0,10.453976099358494,0.0
HPQ,2021Q2,2021,Q2,0,1,0,0,15877.0,3440.0,12437.0,2078.0,1483.0,1586.0,1362.0,1336.0,1228.0,514.0,1742.0,34549.0,-3360.0,34737.0,-3235.0,0.0323738741575864,0.0934055552056433,0.2166656169301505,0.0857844680985072,0.0773445865087863,471.0,381.0,359.0,338.0,400.0,389.0,413.0,353.0,344.0,354.0,347.0,356.0,0.0301035408411095,0.0249705072748721,0.0251154330488316,0.0271072259202823,0.0273635244219455,0.0252482637762056,0.028281859891803,0.0251496152750071,0.0233854520734194,0.023037875829754,0.0237899355546414,0.0254231236163679,0.2733178282139705,0.6073298429319371,0.3798636181307662,0.5207100591715976,0.4577205882352941,0.6489104116222761,0.6174334140435835,0.246692060946271,0.2195723684210526,0.2465506898620275,0.1942894581980634,-0.0422089902473952,0.0836757230252895,0.2949715892497422,0.2623162947356758,0.5807622504537204,Information Technology,45.0,2.0,105,9.672689782285058,15646.0,12469.0,10.450162829195817,0.0,10.455589467613958,0.0
HPQ,2021Q3,2021,Q3,0,0,1,0,15289.0,3388.0,11901.0,2007.0,1408.0,1590.0,1381.0,1326.0,1108.0,477.0,1585.0,35523.0,-3942.0,34549.0,-3360.0,0.0311989011707763,0.0920923539799856,0.2215972267643403,0.0903263784420171,0.0724704035581136,514.0,471.0,381.0,359.0,338.0,400.0,389.0,413.0,353.0,344.0,354.0,347.0,0.0323738741575864,0.0301035408411095,0.0249705072748721,0.0251154330488316,0.0271072259202823,0.0273635244219455,0.0252482637762056,0.028281859891803,0.0251496152750071,0.0233854520734194,0.023037875829754,0.0237899355546414,0.0696096264166783,0.5095367847411445,0.4157960718763058,0.3286908077994428,0.5852442671984048,0.772785622593068,0.7656458055925432,0.0,0.2179930795847751,0.2434944237918215,0.2422203156965947,0.1387267368424865,0.32365681544901,0.6574136758025584,0.411296932506372,0.4501372369624885,Information Technology,45.0,3.0,106,9.634954298923107,15877.0,14294.0,10.477963803378394,0.0,10.450162829195817,0.0
HPQ,2021Q4,2021,Q4,0,0,0,1,16675.0,3265.0,13410.0,2027.0,1474.0,3814.0,1238.0,3553.0,3099.0,445.0,3544.0,38605.0,-1644.0,35523.0,-3942.0,0.0266866566716641,0.0883958020989505,0.1958020989505247,0.0742428785607196,0.1858470764617691,477.0,514.0,471.0,381.0,359.0,338.0,400.0,389.0,413.0,353.0,344.0,354.0,0.0311989011707763,0.0323738741575864,0.0301035408411095,0.0249705072748721,0.0251154330488316,0.0271072259202823,0.0273635244219455,0.0252482637762056,0.028281859891803,0.0251496152750071,0.0233854520734194,0.023037875829754,0.0928693144579893,3.639221556886228,0.2187383351997014,0.1679790026246719,2.685024154589372,0.247983870967742,3.578608247422681,0.0660624850942046,0.184887459807074,0.2015411973918197,0.0687270537959368,0.0841986723679959,0.1151729846163145,0.1419333075397784,3.244992054870768,2.378455672068637,Information Technology,45.0,4.0,107,9.721725839000687,15289.0,15258.0,10.56116298378782,0.0,10.477963803378394,0.0
HPQ,2022Q1,2022,Q1,1,0,0,0,17028.0,3385.0,13643.0,2026.0,1468.0,1585.0,1359.0,1327.0,1086.0,418.0,1504.0,38912.0,-2328.0,38605.0,-1644.0,0.024547803617571,0.0862109466760629,0.1987902278599953,0.0798097251585623,0.0637773079633544,445.0,477.0,514.0,471.0,381.0,359.0,338.0,400.0,389.0,413.0,353.0,344.0,0.0266866566716641,0.0311989011707763,0.0323738741575864,0.0301035408411095,0.0249705072748721,0.0251154330488316,0.0271072259202823,0.0273635244219455,0.0252482637762056,0.028281859891803,0.0251496152750071,0.0233854520734194,0.0883292854403681,0.0168539325842695,0.0183513838748494,-0.1125265392781316,0.0147247119078104,0.0287660862982588,0.0239197530864196,0.1072066223015744,0.0668604651162789,0.0114827758362456,-0.1845542772812806,-0.0197264013854062,-0.0642984641704311,-0.0547290235951046,-0.065674381652955,-0.0227420402858999,Information Technology,45.0,1.0,108,9.742673052026605,16675.0,15646.0,10.569083664008783,0.0,10.56116298378782,0.0
HPQ,2022Q2,2022,Q2,0,1,0,0,16490.0,3333.0,13157.0,2055.0,1464.0,1506.0,1278.0,1239.0,1000.0,425.0,1425.0,39901.0,-1898.0,38912.0,-2328.0,0.0257731958762886,0.0887810794420861,0.2021224984839296,0.0775015160703456,0.0606428138265615,418.0,445.0,477.0,514.0,471.0,381.0,359.0,338.0,400.0,389.0,413.0,353.0,0.024547803617571,0.0266866566716641,0.0311989011707763,0.0323738741575864,0.0301035408411095,0.0249705072748721,0.0251154330488316,0.0271072259202823,0.0273635244219455,0.0252482637762056,0.028281859891803,0.0251496152750071,0.0386093090634251,-0.1856677524429967,-0.0311046511627907,-0.1731517509727627,-0.0504413619167717,-0.0616740088105727,-0.0726047904191616,0.0578917745437002,-0.0128118678354686,-0.0110683349374398,-0.2038890448874805,-0.0495096437612937,-0.0671224103403049,-0.0965553813150674,-0.215939775957396,-0.1819747416762341,Information Technology,45.0,2.0,109,9.71057005652877,17028.0,15877.0,10.594181726935007,0.0,10.569083664008783,0.0
HPQ,2022Q3,2022,Q3,0,0,1,0,14648.0,2884.0,11764.0,1628.0,1143.0,1463.0,1256.0,1186.0,1119.0,368.0,1487.0,39247.0,-2318.0,39901.0,-1898.0,0.0251228836701256,0.0780311305297651,0.1968869470234844,0.0857454942654287,0.0763926815947569,425.0,418.0,445.0,477.0,514.0,471.0,381.0,359.0,338.0,400.0,389.0,413.0,0.0257731958762886,0.024547803617571,0.0266866566716641,0.0311989011707763,0.0323738741575864,0.0301035408411095,0.0249705072748721,0.0251154330488316,0.0271072259202823,0.0273635244219455,0.0252482637762056,0.028281859891803,-0.0419255674013997,0.0099277978339349,-0.1487603305785123,-0.2285115303983228,-0.0798742138364779,-0.0905141202027516,-0.1055806938159878,-0.011511637677506,-0.1882102272727273,-0.1888390632785251,-0.1947510095753658,-0.1526861117403555,-0.111509878086761,-0.0507147995480522,0.0541224809586995,-0.0618296529968454,Information Technology,45.0,3.0,110,9.59212735272977,16490.0,15289.0,10.577655766498271,0.0,10.594181726935007,0.0
HPQ,2022Q4,2022,Q4,0,0,0,1,14801.0,2717.0,12084.0,1950.0,1189.0,1012.0,767.0,673.0,-2.0,382.0,380.0,38494.0,-3025.0,39247.0,-2318.0,0.0258090669549354,0.0803324099722991,0.183568677792041,0.0518208229173704,-0.0001351260049996,368.0,425.0,418.0,445.0,477.0,514.0,471.0,381.0,359.0,338.0,400.0,389.0,0.0251228836701256,0.0257731958762886,0.024547803617571,0.0266866566716641,0.0311989011707763,0.0323738741575864,0.0301035408411095,0.0249705072748721,0.0251154330488316,0.0271072259202823,0.0273635244219455,0.0252482637762056,-0.112383808095952,-1.0006453694740238,-0.1678407350689127,-0.1415730337078651,-0.7346617724174096,-0.3804523424878837,-0.8105826062482409,-0.0988814317673377,-0.1933514246947082,-0.0379871731623088,-0.0328849629807885,-0.0912191748384745,-0.0624784985659158,-0.3020095136129627,-1.0007270816822746,-0.8927765237020316,Information Technology,45.0,4.0,111,9.602517585757411,14648.0,16675.0,10.55828364171215,0.0,10.577655766498271,0.0
HPQ,2023Q1,2023,Q1,1,0,0,0,13798.0,2787.0,11011.0,2044.0,1331.0,946.0,743.0,562.0,469.0,403.0,872.0,36148.0,-3730.0,38494.0,-3025.0,0.0292071314683287,0.0964632555442817,0.2019857950427598,0.0538483838237425,0.0339904333961443,382.0,368.0,425.0,418.0,445.0,477.0,514.0,471.0,381.0,359.0,338.0,400.0,0.0258090669549354,0.0251228836701256,0.0257731958762886,0.024547803617571,0.0266866566716641,0.0311989011707763,0.0323738741575864,0.0301035408411095,0.0249705072748721,0.0251154330488316,0.0271072259202823,0.0273635244219455,-0.1896875734085036,-0.5681399631675874,-0.1766617429837518,-0.0358851674641148,-0.4031545741324921,-0.4532744665194996,-0.5764883195177091,-0.1929194458696768,-0.0933242506811988,0.0088845014807501,0.1898063029729708,0.118921195782037,0.0160750717837856,-0.3252904490429076,-0.4670450277444324,-0.4202127659574468,Information Technology,45.0,1.0,112,9.532351404751555,14801.0,17028.0,10.495404564687007,0.0,10.55828364171215,0.0
HPQ,2023Q2,2023,Q2,0,1,0,0,12907.0,2914.0,9993.0,2167.0,1397.0,982.0,747.0,587.0,1054.0,410.0,1464.0,36366.0,-2484.0,36148.0,-3730.0,0.0317657085302549,0.1082358410165026,0.2257689625784458,0.0578755713953668,0.0816611141241187,403.0,382.0,368.0,425.0,418.0,445.0,477.0,514.0,471.0,381.0,359.0,338.0,0.0292071314683287,0.0258090669549354,0.0251228836701256,0.0257731958762886,0.024547803617571,0.0266866566716641,0.0311989011707763,0.0323738741575864,0.0301035408411095,0.0249705072748721,0.0251154330488316,0.0271072259202823,-0.21728320194057,0.054,-0.1257125712571257,-0.0352941176470588,-0.347941567065073,-0.4154929577464789,-0.526230831315577,-0.2404803526639811,-0.0457650273224043,0.054501216545012,0.23250949097389,0.2191318431435307,0.1169907569512664,-0.253233042011268,0.3465917719067173,0.0273684210526314,Information Technology,45.0,2.0,113,9.465602553171852,13798.0,16490.0,10.501417049013888,0.0,10.495404564687007,0.0
HPQ,2023Q3,2023,Q3,0,0,1,0,13196.0,2822.0,10374.0,1870.0,1302.0,1324.0,952.0,936.0,766.0,354.0,1120.0,36632.0,-2245.0,36366.0,-2484.0,0.0268263110033343,0.098666262503789,0.2138526826311003,0.0721430736586844,0.0580478933010003,410.0,403.0,382.0,368.0,425.0,418.0,445.0,477.0,514.0,471.0,381.0,359.0,0.0317657085302549,0.0292071314683287,0.0258090669549354,0.0251228836701256,0.0257731958762886,0.024547803617571,0.0266866566716641,0.0311989011707763,0.0323738741575864,0.0301035408411095,0.0249705072748721,0.0251154330488316,-0.0991261605679956,-0.3154602323503127,-0.0214979195561719,-0.0380434782608695,-0.0950102529049897,-0.2420382165605095,-0.2107925801011804,-0.1181570894253655,0.1391076115485563,0.1486486486486486,0.0678038140675041,0.2644474305822413,0.0861699359155192,-0.1586371473308838,-0.2401380329999531,-0.2468056489576328,Information Technology,45.0,3.0,114,9.48774481001683,12907.0,14648.0,10.508704752501131,0.0,10.501417049013888,0.0
HPQ,2023Q4,2023,Q4,0,0,0,1,13817.0,2985.0,10832.0,1971.0,1326.0,1220.0,1014.0,852.0,974.0,411.0,1385.0,37004.0,-1069.0,36632.0,-2245.0,0.0297459651154375,0.0959687341680538,0.2160382137946008,0.0733878555402764,0.0704928711008178,354.0,410.0,403.0,382.0,368.0,425.0,418.0,445.0,477.0,514.0,471.0,381.0,0.0268263110033343,0.0317657085302549,0.0292071314683287,0.0258090669549354,0.0251228836701256,0.0257731958762886,0.024547803617571,0.0266866566716641,0.0311989011707763,0.0323738741575864,0.0301035408411095,0.0249705072748721,-0.0664819944598338,-488.0,0.0986382039013618,0.0759162303664922,0.2055335968379446,0.3220338983050848,0.2659732540861812,-0.103608076795763,0.1152228763666947,0.0107692307692308,0.1525393446952632,0.194645277057498,0.1768795003216368,0.4161846803802242,-522.6824925816024,2.6447368421052637,Information Technology,45.0,4.0,115,9.53372736904874,13196.0,14801.0,10.518808317631567,0.0,10.508704752501131,0.0
HPQ,2024Q1,2024,Q1,1,0,0,0,13185.0,2888.0,10297.0,1953.0,1383.0,1154.0,935.0,793.0,622.0,399.0,1021.0,35846.0,-1640.0,37004.0,-1069.0,0.0302616609783845,0.1048919226393629,0.2190367842244975,0.0709139173302995,0.0471748198710656,411.0,354.0,410.0,403.0,382.0,368.0,425.0,418.0,445.0,477.0,514.0,471.0,0.0297459651154375,0.0268263110033343,0.0317657085302549,0.0292071314683287,0.0258090669549354,0.0251228836701256,0.0257731958762886,0.024547803617571,0.0266866566716641,0.0311989011707763,0.0323738741575864,0.0301035408411095,-0.0444267285113784,0.3262260127931768,0.0362396842482957,-0.009925558312655,0.2198731501057083,0.2584118438761775,0.4110320284697508,-0.0648442466624285,0.039068369646882,-0.0445205479452054,0.036105206401364,0.0873769711329297,0.0844167738534686,0.3169182117408797,0.3878852123261478,0.1708715596330274,Information Technology,45.0,1.0,116,9.486910939673246,13817.0,13798.0,10.487015160517863,0.0,10.518808317631567,0.0
HPQ,2024Q2,2024,Q2,0,1,0,0,12800.0,3023.0,9777.0,2071.0,1462.0,1168.0,952.0,797.0,607.0,436.0,1043.0,37433.0,-916.0,35846.0,-1640.0,0.0340625,0.11421875,0.236171875,0.074375,0.047421875,399.0,411.0,354.0,410.0,403.0,382.0,368.0,425.0,418.0,445.0,477.0,514.0,0.0302616609783845,0.0297459651154375,0.0268263110033343,0.0317657085302549,0.0292071314683287,0.0258090669549354,0.0251228836701256,0.0257731958762886,0.024547803617571,0.0266866566716641,0.0311989011707763,0.0323738741575864,-0.0082900751530177,-0.4240986717267552,0.0374056280027452,0.0634146341463415,0.1894093686354379,0.2744310575635877,0.3577512776831346,-0.0216151305914139,0.0465282748747315,-0.0443008767881863,0.0723041158536585,0.0552765971725124,0.0460776906743307,0.2850845046854082,-0.419284496560721,-0.287568306010929,Information Technology,45.0,2.0,117,9.45727857185611,13185.0,12907.0,10.530334661338841,0.0,10.487015160517863,0.0
HPQ,2024Q3,2024,Q3,0,0,1,0,13519.0,2906.0,10613.0,1966.0,1404.0,1184.0,940.0,827.0,640.0,413.0,1053.0,38059.0,-1392.0,37433.0,-916.0,0.0305495968636733,0.1038538353428508,0.2149567275686071,0.0695317701013388,0.0473407796434647,436.0,399.0,411.0,354.0,410.0,403.0,382.0,368.0,425.0,418.0,445.0,477.0,0.0340625,0.0302616609783845,0.0297459651154375,0.0268263110033343,0.0317657085302549,0.0292071314683287,0.0258090669549354,0.0251228836701256,0.0257731958762886,0.024547803617571,0.0266866566716641,0.0311989011707763,0.0244771142770536,-0.164490861618799,0.0297661233167965,0.1666666666666667,-0.1057401812688821,-0.0126050420168066,-0.1164529914529914,0.0230383651436283,0.0783410138248847,0.0513368983957218,0.1387923169859704,0.0525769671154063,0.0051626424505102,-0.0361961783011896,-0.1844530963770746,-0.0598214285714285,Information Technology,45.0,3.0,118,9.511925349596956,12800.0,13196.0,10.546919140850141,0.0,10.530334661338841,0.0
HPQ,2024Q4,2024,Q4,0,0,0,1,14055.0,3001.0,11054.0,2010.0,1409.0,1217.0,991.0,862.0,906.0,392.0,1298.0,39909.0,-1323.0,38059.0,-1392.0,0.0278904304517965,0.1002490217004624,0.2135183208822483,0.0705087157595161,0.0644610458911419,413.0,436.0,399.0,411.0,354.0,410.0,403.0,382.0,368.0,425.0,418.0,445.0,0.0305495968636733,0.0340625,0.0302616609783845,0.0297459651154375,0.0268263110033343,0.0317657085302549,0.0292071314683287,0.0258090669549354,0.0251228836701256,0.0257731958762886,0.024547803617571,0.0266866566716641,0.0172251574147788,-0.0698151950718686,0.00536013400335,-0.0462287104622871,-0.0024590163934425,-0.0226824457593688,0.0117370892018779,0.0204948301329395,0.0625942684766214,0.0197869101978691,-0.0623793733516486,0.0446008543252562,-0.0116641073266248,-0.0392318287482886,-0.0855664567988622,-0.0628158844765343,Information Technology,45.0,4.0,119,9.550804629866933,13519.0,13817.0,10.59438219804278,0.0,10.546919140850141,0.0
HPQ,2025Q1,2025,Q1,1,0,0,0,13504.0,2840.0,10664.0,1995.0,1459.0,1042.0,845.0,704.0,565.0,397.0,962.0,38930.0,-1072.0,39909.0,-1323.0,0.0293986966824644,0.1080420616113744,0.2103080568720379,0.0625740521327014,0.0418394549763033,392.0,413.0,436.0,399.0,411.0,354.0,410.0,403.0,382.0,368.0,425.0,418.0,0.0278904304517965,0.0305495968636733,0.0340625,0.0302616609783845,0.0297459651154375,0.0268263110033343,0.0317657085302549,0.0292071314683287,0.0258090669549354,0.0251228836701256,0.0257731958762886,0.024547803617571,0.0241941600303374,-0.0916398713826366,-0.0166204986149584,-0.0050125313283208,-0.0970537261698439,-0.0962566844919786,-0.1122320302648171,0.0356414489657181,0.0549530007230658,0.021505376344086,-0.0285167524854791,0.0300322359696105,-0.0398505090520014,-0.1176054787490179,-0.1130977269090688,-0.0577864838393731,Information Technology,45.0,1.0,120,9.510815266226716,14055.0,13185.0,10.56954612740534,0.0,10.59438219804278,0.0
HPQ,2025Q2,2025,Q2,0,1,0,0,13220.0,2739.0,10481.0,2085.0,1480.0,857.0,654.0,506.0,406.0,401.0,807.0,38799.0,-1276.0,38930.0,-1072.0,0.0303328290468986,0.1119515885022692,0.2071860816944024,0.0494704992435703,0.0307110438729198,397.0,392.0,413.0,436.0,399.0,411.0,354.0,410.0,403.0,382.0,368.0,425.0,0.0293986966824644,0.0278904304517965,0.0305495968636733,0.0340625,0.0302616609783845,0.0297459651154375,0.0268263110033343,0.0317657085302549,0.0292071314683287,0.0258090669549354,0.0251228836701256,0.0257731958762886,0.0328124999999999,-0.3311367380560132,-0.0939464108501488,-0.0802752293577981,-0.2662671232876712,-0.3130252100840336,-0.3651191969887076,0.0720057277283421,0.0123119015047878,0.0067600193143408,-0.1094949270635262,-0.0198492935505835,-0.1227317744993877,-0.33485043033855,-0.3523865542448539,-0.2262703739213806,Information Technology,45.0,2.0,121,9.489561753510097,13504.0,12800.0,10.566175525611365,0.0,10.56954612740534,0.0
HPQ,2025Q3,2025,Q3,0,0,1,0,13932.0,2851.0,11081.0,2135.0,1452.0,1073.0,716.0,624.0,763.0,406.0,1169.0,39854.0,-901.0,38799.0,-1276.0,0.0291415446454206,0.1042204995693367,0.2046368073499856,0.0513924777490669,0.0547660063163939,401.0,397.0,392.0,413.0,436.0,399.0,411.0,354.0,410.0,403.0,382.0,368.0,0.0303328290468986,0.0293986966824644,0.0278904304517965,0.0305495968636733,0.0340625,0.0302616609783845,0.0297459651154375,0.0268263110033343,0.0317657085302549,0.0292071314683287,0.0258090669549354,0.0251228836701256,0.0305495968636733,0.1921874999999999,-0.0189263592567102,-0.0169491525423728,-0.09375,-0.2382978723404255,-0.24546553808948,0.0440968623386412,0.0341880341880342,0.0859613428280772,-0.0460906971877935,0.0035305795426381,-0.04800929161581,-0.2608777588408134,0.156846311548952,0.1101614434947768,Information Technology,45.0,3.0,122,9.542015406113592,13220.0,13519.0,10.593003146862024,0.0,10.566175525611365,0.0
