ticker,Year_Quarter,year,quarter,Q1,Q2,Q3,Q4,revenue,grossProfit,costOfRevenue,operatingExpenses,snaExpenses,ebitda,operatingIncome,incomeBeforeTax,netIncome,rnd,net_plus_rnd,totalAssets,totalEquity,totalAssets_lag1,totalEquity_lag1,rnd_to_rev_ratio,sna_to_rev_ratio,grossProfitRatio,operatingIncomeRatio,netIncomeRatio,rnd_lag1,rnd_lag2,rnd_lag3,rnd_lag4,rnd_lag5,rnd_lag6,rnd_lag7,rnd_lag8,rnd_lag9,rnd_lag10,rnd_lag11,rnd_lag12,rnd_to_rev_ratio_lag1,rnd_to_rev_ratio_lag2,rnd_to_rev_ratio_lag3,rnd_to_rev_ratio_lag4,rnd_to_rev_ratio_lag5,rnd_to_rev_ratio_lag6,rnd_to_rev_ratio_lag7,rnd_to_rev_ratio_lag8,rnd_to_rev_ratio_lag9,rnd_to_rev_ratio_lag10,rnd_to_rev_ratio_lag11,rnd_to_rev_ratio_lag12,revenue_yoy,netIncome_yoy,grossProfit_yoy,rnd_yoy,ebitda_yoy,operatingIncome_yoy,incomeBeforeTax_yoy,costOfRevenue_yoy,snaExpenses_yoy,operatingExpenses_yoy,rnd_to_rev_ratio_yoy,sna_to_rev_ratio_yoy,grossProfitRatio_yoy,operatingIncomeRatio_yoy,netIncomeRatio_yoy,net_plus_rnd_yoy,gics_sectors,gics_sector_code,quarter_int,time_idx,revenue_log,revenue_lag1,revenue_lag4,totalAssets_log,totalEquity_log,totalAssets_lag1_log,totalEquity_lag1_log
IFF,1995Q2,1995,Q2,0,1,0,0,394.3,207.1,187.2,89.0,78.3,128.8,118.1,120.0,75.7,0.0,75.7,1535.2,1119.2,1519.6,1095.3,0.0,0.1985797616028404,0.5252345929495308,0.2995181334009637,0.1919857976160284,0.0,,,,,,,,,,,,0.0,,,,,,,,,,,,,,,,,,,,,,,,,,,,Materials,15.0,2.0,1,5.9796449703026395,373.6,,7.337067113564582,7.021262519775732,7.326860272794336,6.999696152680494
IFF,1995Q3,1995,Q3,0,0,1,0,360.1,184.1,176.0,86.1,75.4,108.7,98.0,99.6,63.3,0.0,63.3,1517.1,1120.4,1535.2,1119.2,0.0,0.2093862815884476,0.5112468758678145,0.2721466259372396,0.1757845043043598,0.0,0.0,,,,,,,,,,,0.0,0.0,,,,,,,,,,,,,,,,,,,,,,,,,,,Materials,15.0,3.0,2,5.889154928283412,394.3,,7.325214831938669,7.022333183689573,7.337067113564582,7.021262519775732
IFF,1995Q4,1995,Q4,0,0,0,1,311.5,149.5,162.0,88.7,79.1,70.4,60.8,62.9,39.8,0.0,39.8,1534.3,1116.6,1517.1,1120.4,0.0,0.2539325842696629,0.4799357945425361,0.1951845906902086,0.12776886035313,0.0,0.0,0.0,,,,,,,,,,0.0,0.0,0.0,,,,,,,,,,,,,,,,,,,,,,,,,,Materials,15.0,4.0,3,5.744604469176457,360.1,,7.3364810806648535,7.018938807942752,7.325214831938669,7.022333183689573
IFF,1996Q1,1996,Q1,1,0,0,0,382.8,190.4,192.4,89.9,78.2,112.2,100.5,104.3,66.2,0.0,66.2,1545.0,1131.3,1534.3,1116.6,0.0,0.2042842215256008,0.4973876698014629,0.262539184952978,0.1729362591431557,0.0,0.0,0.0,0.0,,,,,,,,,0.0,0.0,0.0,0.0,,,,,,,,,0.0246252676659528,-0.0542857142857142,-0.0109090909090908,,-0.0393835616438356,-0.0616246498599439,-0.0612061206120612,0.0623964660408615,0.0330250990752971,0.0526932084309132,,0.0081979545834143,-0.0346803457775243,-0.0841770354954937,-0.0770144797731005,-0.0542857142857142,Materials,15.0,1.0,4,5.950121583573599,311.5,373.6,7.343426229147367,7.032006241319994,7.3364810806648535,7.018938807942752
IFF,1996Q2,1996,Q2,0,1,0,0,374.4,184.0,190.4,89.9,78.5,105.5,94.1,46.4,29.7,0.0,29.7,1547.7,1113.3,1545.0,1131.3,0.0,0.2096688034188034,0.4914529914529915,0.2513354700854701,0.079326923076923,0.0,0.0,0.0,0.0,0.0,,,,,,,,0.0,0.0,0.0,0.0,0.0,,,,,,,,-0.0504691858990616,-0.607661822985469,-0.1115403186866248,,-0.1809006211180125,-0.2032176121930567,-0.6133333333333333,0.0170940170940172,0.0025542784163474,0.0101123595505618,,0.0558417520821736,-0.0643171678903208,-0.1608672662599419,-0.5868083782135962,-0.607661822985469,Materials,15.0,2.0,5,5.927992124152408,382.8,394.3,7.3451711483221285,7.015981684053008,7.343426229147367,7.032006241319994
IFF,1996Q3,1996,Q3,0,0,1,0,354.9,172.7,182.2,90.7,79.1,93.6,82.0,83.6,53.1,0.0,53.1,1534.1,1101.6,1547.7,1113.3,0.0,0.2228796844181459,0.4866159481544096,0.2310510002817695,0.1496196111580727,0.0,0.0,0.0,0.0,0.0,0.0,,,,,,,0.0,0.0,0.0,0.0,0.0,0.0,,,,,,,-0.0144404332129964,-0.1611374407582937,-0.0619228680065182,,-0.1389144434222632,-0.1632653061224489,-0.1606425702811245,0.0352272727272726,0.0490716180371351,0.0534262485481997,,0.064442630755628,-0.0481781481238298,-0.151005457127906,-0.1488464142492577,-0.1611374407582937,Materials,15.0,3.0,6,5.874649792516147,374.4,360.1,7.336350804479156,7.0054263061555835,7.3451711483221285,7.015981684053008
IFF,1996Q4,1996,Q4,0,0,0,1,324.1,158.0,166.1,94.2,81.1,76.9,63.8,64.8,40.9,0.0,40.9,1506.9,1076.5,1534.1,1101.6,0.0,0.2502314100586238,0.4875038568343103,0.1968528232027152,0.1261956186362233,0.0,0.0,0.0,0.0,0.0,0.0,0.0,,,,,,0.0,0.0,0.0,0.0,0.0,0.0,0.0,,,,,,0.0404494382022473,0.0276381909547738,0.0568561872909698,,0.0923295454545454,0.0493421052631579,0.0302066772655007,0.0253086419753085,0.0252844500632112,0.0620067643742954,,-0.0145754205655962,0.0157689057116232,0.0085469478231214,-0.0123131857994075,0.0276381909547738,Materials,15.0,4.0,7,5.784132827309859,354.9,311.5,7.31847323337175,6.9823988219779025,7.336350804479156,7.0054263061555835
IFF,1997Q1,1997,Q1,1,0,0,0,382.8,187.8,195.0,92.2,56.3,107.9,95.6,99.1,63.2,23.6,86.80000000000001,1463.8,1029.6,1506.9,1076.5,0.0616509926854754,0.1470741901776384,0.4905956112852664,0.2497387669801462,0.1650992685475444,0.0,0.0,0.0,0.0,0.0,0.0,0.0,0.0,,,,,0.0,0.0,0.0,0.0,0.0,0.0,0.0,0.0,,,,,0.0,-0.0453172205438066,-0.0136554621848739,,-0.0383244206773618,-0.0487562189054726,-0.0498561840843719,0.0135135135135133,-0.2800511508951407,0.025583982202447,,-0.2800511508951406,-0.013655462184874,-0.0487562189054727,-0.0453172205438066,0.3111782477341391,Materials,15.0,1.0,8,5.950121583573599,324.1,382.8,7.289473993360301,6.937896435894124,7.31847323337175,6.9823988219779025
IFF,1997Q2,1997,Q2,0,1,0,0,381.5,189.9,191.6,93.0,57.0,109.4,96.9,98.8,63.3,23.5,86.8,1478.8,1030.1,1463.8,1029.6,0.0615989515072083,0.1494102228047182,0.4977719528178244,0.253997378768021,0.1659239842726081,23.6,0.0,0.0,0.0,0.0,0.0,0.0,0.0,0.0,,,,0.0616509926854754,0.0,0.0,0.0,0.0,0.0,0.0,0.0,0.0,,,,0.0189636752136752,1.131313131313131,0.0320652173913043,,0.0369668246445498,0.0297555791710946,1.1293103448275863,0.0063025210084033,-0.2738853503184714,0.0344827586206895,,-0.2873988863938025,0.0128577126901816,0.010591058562668,1.0916478017395446,1.9225589225589224,Materials,15.0,2.0,9,5.94672865326659,382.8,374.4,7.299662222491451,6.938381472523898,7.289473993360301,6.937896435894124
IFF,1997Q3,1997,Q3,0,0,1,0,356.2,176.9,179.3,90.7,54.9,98.9,86.2,87.9,56.7,23.1,79.80000000000001,1473.4,1033.2,1478.8,1030.1,0.0648512071869736,0.1541268950028074,0.4966311061201572,0.2419988770353734,0.1591802358225716,23.5,23.6,0.0,0.0,0.0,0.0,0.0,0.0,0.0,0.0,,,0.0615989515072083,0.0616509926854754,0.0,0.0,0.0,0.0,0.0,0.0,0.0,0.0,,,0.0036630036630036,0.0677966101694915,0.0243196294151708,,0.0566239316239316,0.051219512195122,0.0514354066985647,-0.0159165751920964,-0.3059418457648546,0.0,,-0.3084749047219172,0.0205812366070863,0.0473829446323659,0.0638995422491648,0.5028248587570623,Materials,15.0,3.0,10,5.878295849002344,381.5,354.9,7.296006406355613,6.941383459962121,7.299662222491451,6.938381472523898
IFF,1997Q4,1997,Q4,0,0,0,1,306.3,149.2,157.1,96.0,58.9,66.0,53.2,54.3,34.9,24.3,59.2,1422.3,1000.5,1473.4,1033.2,0.0793339862879529,0.1922951354880835,0.4871041462618347,0.1736859288279464,0.1139405811296114,23.1,23.5,23.6,0.0,0.0,0.0,0.0,0.0,0.0,0.0,0.0,,0.0648512071869736,0.0615989515072083,0.0616509926854754,0.0,0.0,0.0,0.0,0.0,0.0,0.0,0.0,,-0.0549213205800679,-0.1466992665036675,-0.0556962025316456,,-0.141742522756827,-0.1661442006269591,-0.1620370370370371,-0.0541842263696568,-0.2737361282367447,0.019108280254777,,-0.2315307840728989,-0.0008199126363249,-0.1176863709539584,-0.097111434129411,0.447432762836186,Materials,15.0,4.0,11,5.727824469136439,356.2,324.1,7.26073339807658,6.909254155105873,7.296006406355613,6.941383459962121
IFF,1998Q1,1998,Q1,1,0,0,0,373.4,187.2,186.2,93.3,57.4,105.9,93.9,96.8,62.6,23.9,86.5,1381.2,953.1,1422.3,1000.5,0.0640064274236743,0.1537225495447241,0.5013390465988217,0.2514729512587038,0.1676486341724692,24.3,23.1,23.5,23.6,0.0,0.0,0.0,0.0,0.0,0.0,0.0,0.0,0.0793339862879529,0.0648512071869736,0.0615989515072083,0.0616509926854754,0.0,0.0,0.0,0.0,0.0,0.0,0.0,0.0,-0.0245559038662487,-0.009493670886076,-0.0031948881789138,0.0127118644067796,-0.0185356811862835,-0.0177824267782426,-0.0232088799192734,-0.0451282051282051,0.019538188277087,0.0119305856832971,0.0382059499060398,0.0452041201726538,0.0218987595209207,0.0069439931153958,0.0154414107788167,-0.0034562211981568,Materials,15.0,1.0,12,5.9253247446034365,306.3,382.8,7.231431711657294,6.860768487757801,7.26073339807658,6.909254155105873
IFF,1998Q2,1998,Q2,0,1,0,0,365.3,182.0,183.3,96.9,60.5,97.1,85.1,86.1,55.9,24.4,80.3,1384.6,947.8,1381.2,953.1,0.0667944155488639,0.1656173008486175,0.498220640569395,0.2329592116068984,0.1530249110320284,23.9,24.3,23.1,23.5,23.6,0.0,0.0,0.0,0.0,0.0,0.0,0.0,0.0640064274236743,0.0793339862879529,0.0648512071869736,0.0615989515072083,0.0616509926854754,0.0,0.0,0.0,0.0,0.0,0.0,0.0,-0.0424639580602883,-0.1169036334913111,-0.0416008425487098,0.0382978723404254,-0.1124314442413163,-0.1217750257997937,-0.1285425101214575,-0.0433194154488516,0.0614035087719297,0.0419354838709677,0.0843433843358125,0.1084736890131157,0.0009013921918072,-0.0828282845404361,-0.0777408600518348,-0.074884792626728,Materials,15.0,2.0,13,5.903452669784769,373.4,381.5,7.233888537808171,6.855198028243461,7.231431711657294,6.860768487757801
IFF,1998Q3,1998,Q3,0,0,1,0,349.8,168.9,180.9,95.3,58.3,85.9,73.6,74.7,50.2,24.7,74.9,1417.1,958.0,1384.6,947.8,0.0706117781589479,0.1666666666666666,0.4828473413379073,0.2104059462550028,0.1435105774728416,24.4,23.9,24.3,23.1,23.5,23.6,0.0,0.0,0.0,0.0,0.0,0.0,0.0667944155488639,0.0640064274236743,0.0793339862879529,0.0648512071869736,0.0615989515072083,0.0616509926854754,0.0,0.0,0.0,0.0,0.0,0.0,-0.0179674340258281,-0.1146384479717813,-0.0452232899943471,0.0692640692640691,-0.1314459049544994,-0.146171693735499,-0.1501706484641638,0.0089235917456775,0.0619307832422586,0.0507166482910694,0.088827505637111,0.0813600485731633,-0.0277545337220882,-0.1305499065425521,-0.0984397231776686,-0.0614035087719299,Materials,15.0,3.0,14,5.860216260498028,365.3,356.2,7.2570732264673,6.8658910748834385,7.233888537808171,6.855198028243461
IFF,1998Q4,1998,Q4,0,0,0,1,318.8,154.7,164.1,100.7,62.6,66.7,54.0,53.4,35.0,25.4,60.4,1388.1,945.1,1417.1,958.0,0.0796737766624843,0.1963613550815558,0.4852572145545796,0.1693851944792973,0.1097867001254705,24.7,24.4,23.9,24.3,23.1,23.5,23.6,0.0,0.0,0.0,0.0,0.0,0.0706117781589479,0.0667944155488639,0.0640064274236743,0.0793339862879529,0.0648512071869736,0.0615989515072083,0.0616509926854754,0.0,0.0,0.0,0.0,0.0,0.0408096637283708,0.0028653295128939,0.0368632707774798,0.045267489711934,0.0106060606060607,0.0150375939849622,-0.016574585635359,0.0445576066199873,0.0628183361629881,0.0489583333333334,0.0042830366962527,0.0211457226057818,-0.0037916567153636,-0.0247615588532182,-0.0364565544862,0.0202702702702701,Materials,15.0,4.0,15,5.767695800399854,349.8,306.3,7.236411334403344,6.852348271710398,7.2570732264673,6.8658910748834385
IFF,1999Q1,1999,Q1,1,0,0,0,367.8,174.0,193.8,102.2,63.6,84.465,71.8,73.4,48.8,25.9,74.69999999999999,1376.0,923.2,1388.1,945.1,0.0704187058183795,0.1729200652528548,0.4730831973898858,0.1952147906470908,0.1326808047852093,25.4,24.7,24.4,23.9,24.3,23.1,23.5,23.6,0.0,0.0,0.0,0.0,0.0796737766624843,0.0706117781589479,0.0667944155488639,0.0640064274236743,0.0793339862879529,0.0648512071869736,0.0615989515072083,0.0616509926854754,0.0,0.0,0.0,0.0,-0.0149973219068022,-0.220447284345048,-0.0705128205128204,0.0836820083682008,-0.2024079320113314,-0.235356762513312,-0.2417355371900825,0.0408163265306122,0.1080139372822299,0.0953912111468382,0.1001817888110008,0.1248841875508011,-0.0563607590524394,-0.223714559876212,-0.2085780749712914,-0.1364161849710984,Materials,15.0,1.0,16,5.910254491682439,318.8,373.4,7.227662498728654,6.8289284984361664,7.236411334403344,6.852348271710398
IFF,1999Q2,1999,Q2,0,1,0,0,371.1,178.7,192.4,102.9,64.2,90.106,75.8,41.1,27.4,25.9,53.3,1385.0,895.4,1376.0,923.2,0.0697925087577472,0.1729991915925626,0.4815413635138776,0.2042576125033683,0.0738345459444893,25.9,25.4,24.7,24.4,23.9,24.3,23.1,23.5,23.6,0.0,0.0,0.0,0.0704187058183795,0.0796737766624843,0.0706117781589479,0.0667944155488639,0.0640064274236743,0.0793339862879529,0.0648512071869736,0.0615989515072083,0.0616509926854754,0.0,0.0,0.0,0.0158773610730906,-0.5098389982110912,-0.0181318681318681,0.0614754098360654,-0.0720288362512873,-0.1092831962397179,-0.5226480836236933,0.0496453900709219,0.0611570247933885,0.0619195046439629,0.0448853872625027,0.0445719783266636,-0.0334776918042885,-0.1232043966218511,-0.5174998276650812,-0.336239103362391,Materials,15.0,2.0,17,5.919162635352577,367.8,365.3,7.234177179749849,6.798386741926772,7.227662498728654,6.8289284984361664
IFF,1999Q3,1999,Q3,0,0,1,0,364.7,179.6,185.1,101.2,61.8,92.7,78.4,74.0,49.2,25.1,74.30000000000001,1437.8,923.7,1385.0,895.4,0.0688236907046887,0.1694543460378393,0.4924595557992871,0.2149712092130518,0.1349054017000274,25.9,25.9,25.4,24.7,24.4,23.9,24.3,23.1,23.5,23.6,0.0,0.0,0.0697925087577472,0.0704187058183795,0.0796737766624843,0.0706117781589479,0.0667944155488639,0.0640064274236743,0.0793339862879529,0.0648512071869736,0.0615989515072083,0.0616509926854754,0.0,0.0,0.0425957690108633,-0.0199203187250995,0.0633510953226761,0.0161943319838058,0.0791618160651921,0.0652173913043479,-0.0093708165997322,0.023217247097844,0.0600343053173242,0.061909758656873,-0.025322793178132,0.016726076227036,0.0199073571260546,0.0216974046565971,-0.0599619618591714,-0.008010680907877,Materials,15.0,3.0,18,5.901813325155335,371.1,349.8,7.271564711821469,6.829469360583593,7.234177179749849,6.798386741926772
IFF,1999Q4,1999,Q4,0,0,0,1,336.0,171.9,164.1,116.4,73.0,72.1,55.5,55.1,36.6,26.8,63.400000000000006,1401.5,858.5,1437.8,923.7,0.0797619047619047,0.2172619047619047,0.5116071428571429,0.1651785714285714,0.1089285714285714,25.1,25.9,25.9,25.4,24.7,24.4,23.9,24.3,23.1,23.5,23.6,0.0,0.0688236907046887,0.0697925087577472,0.0704187058183795,0.0796737766624843,0.0706117781589479,0.0667944155488639,0.0640064274236743,0.0793339862879529,0.0648512071869736,0.0615989515072083,0.0616509926854754,0.0,0.0539523212045169,0.0457142857142858,0.1111829347123465,0.0551181102362206,0.0809595202398798,0.0277777777777776,0.0318352059925093,0.0,0.1661341853035143,0.1559086395233366,0.0011061117360331,0.1064392210558344,0.054300951149691,-0.0248346560846561,-0.0078163265306121,0.0496688741721855,Materials,15.0,4.0,19,5.820082930352362,364.7,318.8,7.246011637396851,6.756350824822904,7.271564711821469,6.829469360583593
IFF,2000Q1,2000,Q1,1,0,0,0,369.912,183.327,186.585,106.653,65.341,91.174,76.674,65.512,43.776,26.812,70.58800000000001,1357.349,790.041,1401.5,858.5,0.0724821038517269,0.1766393088085815,0.4955962499188996,0.2072763251800428,0.1183416596379679,26.8,25.1,25.9,25.9,25.4,24.7,24.4,23.9,24.3,23.1,23.5,23.6,0.0797619047619047,0.0688236907046887,0.0697925087577472,0.0704187058183795,0.0796737766624843,0.0706117781589479,0.0667944155488639,0.0640064274236743,0.0793339862879529,0.0648512071869736,0.0615989515072083,0.0616509926854754,0.005742251223491,-0.102950819672131,0.053603448275862,0.0352123552123553,0.0794293494346771,0.067883008356546,-0.1074659400544959,-0.0372291021671826,0.0273742138364778,0.0435714285714285,0.0293018454310871,0.0215084556571742,0.0475879351733983,0.0617859665908044,-0.1080724914990854,-0.0550468540829983,Materials,15.0,1.0,20,5.915964837706334,336.0,367.8,7.214025270682671,6.673349799546994,7.246011637396851,6.756350824822904
IFF,2000Q2,2000,Q2,0,1,0,0,368.759,169.467,199.292,92.969,66.024,91.692,76.498,73.221,48.916,26.945,75.86099999999999,1384.587,734.284,1357.349,790.041,0.0730694030518577,0.1790437657114809,0.4595603090365252,0.2074471402731865,0.1326503217548588,26.812,26.8,25.1,25.9,25.9,25.4,24.7,24.4,23.9,24.3,23.1,23.5,0.0724821038517269,0.0797619047619047,0.0688236907046887,0.0697925087577472,0.0704187058183795,0.0796737766624843,0.0706117781589479,0.0667944155488639,0.0640064274236743,0.0793339862879529,0.0648512071869736,0.0615989515072083,-0.0063082727027755,0.7852554744525546,-0.0516675993284833,0.0403474903474905,0.0176014915765876,0.0092084432717678,0.7815328467153284,0.0358212058212057,0.0284112149532709,-0.0965111758989311,0.0469519487468881,0.0349398980612238,-0.0456472821295214,0.0156152210472233,0.7965888468331432,0.4232833020637898,Materials,15.0,2.0,21,5.9128514420654685,369.912,371.1,7.233879155547068,6.600256819139506,7.214025270682671,6.673349799546994
IFF,2000Q3,2000,Q3,0,0,1,0,339.591,167.154,172.437,109.909,66.205,72.283,57.245,42.751,28.927,28.666,57.593,1366.938,645.598,1384.587,734.284,0.0844133089510617,0.1949551077619842,0.4922215253054409,0.1685704273670385,0.0851818805563162,26.945,26.812,26.8,25.1,25.9,25.9,25.4,24.7,24.4,23.9,24.3,23.1,0.0730694030518577,0.0724821038517269,0.0797619047619047,0.0688236907046887,0.0697925087577472,0.0704187058183795,0.0796737766624843,0.0706117781589479,0.0667944155488639,0.0640064274236743,0.0793339862879529,0.0648512071869736,-0.0688483685220728,-0.4120528455284553,-0.0692984409799554,0.1420717131474103,-0.2202481121898597,-0.2698341836734694,-0.4222837837837838,-0.0684116693679091,0.0712783171521036,0.0860573122529644,0.2265152898188132,0.1504875048672438,-0.000483350340232,-0.2158464941229725,-0.3685806536811272,-0.2248586810228803,Materials,15.0,3.0,22,5.8306823439217474,368.759,364.7,7.221059775518013,6.471724772184167,7.233879155547068,6.600256819139506
IFF,2000Q4,2000,Q4,0,0,0,1,384.533,165.344,219.189,115.943,61.083,74.013,49.401,2.643,1.386,30.248,31.634,2489.033,631.259,1366.938,645.598,0.0786616493252854,0.1588498256326505,0.4299865031089659,0.1284701182993397,0.0036043720564945,28.666,26.945,26.812,26.8,25.1,25.9,25.9,25.4,24.7,24.4,23.9,24.3,0.0844133089510617,0.0730694030518577,0.0724821038517269,0.0797619047619047,0.0688236907046887,0.0697925087577472,0.0704187058183795,0.0796737766624843,0.0706117781589479,0.0667944155488639,0.0640064274236743,0.0793339862879529,0.1444434523809523,-0.9621311475409836,-0.0381384525887144,0.1286567164179104,0.0265325936199725,-0.1098918918918918,-0.952032667876588,0.3357038391224862,-0.1632465753424657,-0.003926116838488,-0.0137942472650777,-0.2688555970880744,-0.1595377251622307,-0.2222349594850784,-0.9669106827600504,-0.5010410094637224,Materials,15.0,4.0,23,5.954626792452487,339.591,336.0,7.820051242382981,6.449299120324205,7.221059775518013,6.471724772184167
IFF,2001Q1,2001,Q1,1,0,0,0,483.661,199.522,284.139,132.606,85.845,96.329,66.916,32.436,20.272,35.406,55.678,2406.963,532.883,2489.033,631.259,0.073204165727648,0.1774900188355067,0.4125244747870926,0.1383531026896938,0.0419136543984319,30.248,28.666,26.945,26.812,26.8,25.1,25.9,25.9,25.4,24.7,24.4,23.9,0.0786616493252854,0.0844133089510617,0.0730694030518577,0.0724821038517269,0.0797619047619047,0.0688236907046887,0.0697925087577472,0.0704187058183795,0.0796737766624843,0.0706117781589479,0.0667944155488639,0.0640064274236743,0.3075028655464003,-0.5369152046783626,0.0883394153616214,0.3205281217365359,0.0565402417355824,-0.1272660875916218,-0.5048846012944194,0.5228394565479539,0.3137999112349061,0.2433405530083541,0.0099619331883393,0.004816085573835,-0.1676198622273698,-0.3325185470674543,-0.6458250245378117,-0.2112257040856804,Materials,15.0,1.0,24,6.183449677472548,384.533,369.912,7.786536440862157,6.280176713830442,7.820051242382981,6.449299120324205
IFF,2001Q2,2001,Q2,0,1,0,0,478.216,208.71,269.506,127.903,81.001,113.724,80.807,53.387,33.005,35.502,68.507,2385.306,538.609,2406.963,532.883,0.0742384194589892,0.1693816183481941,0.4364345818625893,0.1689759439249209,0.0690169295883032,35.406,30.248,28.666,26.945,26.812,26.8,25.1,25.9,25.9,25.4,24.7,24.4,0.073204165727648,0.0786616493252854,0.0844133089510617,0.0730694030518577,0.0724821038517269,0.0797619047619047,0.0688236907046887,0.0697925087577472,0.0704187058183795,0.0796737766624843,0.0706117781589479,0.0667944155488639,0.2968252978232395,-0.3252718946765883,0.2315672077749651,0.3175728335498238,0.2402826855123676,0.0563282700201313,-0.2708785730869559,0.3523172028982597,0.2268417545135101,0.3757596618227583,0.0159987129811622,-0.0539652823145867,-0.0503214196683332,-0.1854505986325142,-0.4797077860402915,-0.0969404568882559,Materials,15.0,2.0,25,6.172151435225476,483.661,368.759,7.777501842548774,6.290844803216005,7.786536440862157,6.280176713830442
IFF,2001Q3,2001,Q3,0,0,1,0,462.719,194.088,268.631,115.632,72.545,109.309,78.456,54.906,33.555,31.596,65.151,2374.634,540.673,2385.306,538.609,0.0682833425902113,0.1567798166922041,0.4194511139590118,0.1695543083383219,0.0725170135654684,35.502,35.406,30.248,28.666,26.945,26.812,26.8,25.1,25.9,25.9,25.4,24.7,0.0742384194589892,0.073204165727648,0.0786616493252854,0.0844133089510617,0.0730694030518577,0.0724821038517269,0.0797619047619047,0.0688236907046887,0.0697925087577472,0.0704187058183795,0.0796737766624843,0.0706117781589479,0.3625773356773294,0.1599889376706882,0.1611328475537528,0.10221167934138,0.5122366254859372,0.370530177308062,0.2843208346003603,0.5578501133747396,0.0957631598821842,0.0520703491069884,-0.1910832137880256,-0.1958158034842944,-0.1478407741337042,0.0058366166987353,-0.1486802933691361,0.1312312260170505,Materials,15.0,3.0,26,6.139278765326141,478.216,339.591,7.773019628213054,6.294662498335066,7.777501842548774,6.290844803216005
IFF,2001Q4,2001,Q4,0,0,0,1,419.17,178.013,241.157,118.531,73.944,89.792,59.482,47.048,29.17,32.744,61.914,2268.051,524.17,2374.634,540.673,0.0781162774053486,0.1764057542285946,0.4246797242169048,0.1419042393301047,0.0695899038576234,31.596,35.502,35.406,30.248,28.666,26.945,26.812,26.8,25.1,25.9,25.9,25.4,0.0682833425902113,0.0742384194589892,0.073204165727648,0.0786616493252854,0.0844133089510617,0.0730694030518577,0.0724821038517269,0.0797619047619047,0.0688236907046887,0.0697925087577472,0.0704187058183795,0.0796737766624843,0.0900754941708514,20.04617604617605,0.0766220727694988,0.0825178524199947,0.213192277032413,0.2040646950466589,16.800983730609158,0.1002240075916218,0.210549580079564,0.0223213130590032,-0.0069331360912809,0.1105190296937637,-0.0123417336444076,0.1045700059173533,18.30708116889141,0.9571979515710944,Materials,15.0,4.0,27,6.040659391288174,462.719,384.533,7.727116961389295,6.263722019700444,7.773019628213054,6.294662498335066
IFF,2002Q1,2002,Q1,1,0,0,0,445.844,185.98,259.864,113.714,75.386,92.74,72.266,63.804,41.947,35.17,77.117,2239.348,537.649,2268.051,524.17,0.0788840939880316,0.1690860480347386,0.4171414216631826,0.1620880846215268,0.0940844779788446,32.744,31.596,35.502,35.406,30.248,28.666,26.945,26.812,26.8,25.1,25.9,25.9,0.0781162774053486,0.0682833425902113,0.0742384194589892,0.073204165727648,0.0786616493252854,0.0844133089510617,0.0730694030518577,0.0724821038517269,0.0797619047619047,0.0688236907046887,0.0697925087577472,0.0704187058183795,-0.0781890621737125,1.0692087608524077,-0.0678722145928769,-0.0066655369146471,-0.0372577313166335,0.0799509833223743,0.967073621901591,-0.0854335378107195,-0.1218358669695381,-0.1424671583487926,0.0775902327951587,-0.0473489768940567,0.0111919344384909,0.1715536657321461,1.2447214238223152,0.3850533424332771,Materials,15.0,1.0,28,6.102209540412648,419.17,483.661,7.714386489925271,6.289064152845394,7.727116961389295,6.263722019700444
IFF,2002Q2,2002,Q2,0,1,0,0,476.336,203.724,272.612,117.101,78.921,108.547,86.623,68.894,45.401,35.022,80.423,2285.704,579.515,2239.348,537.649,0.0735237311477612,0.1656834671324443,0.4276896980282825,0.1818527258069933,0.0953129723556481,35.17,32.744,31.596,35.502,35.406,30.248,28.666,26.945,26.812,26.8,25.1,25.9,0.0788840939880316,0.0781162774053486,0.0682833425902113,0.0742384194589892,0.073204165727648,0.0786616493252854,0.0844133089510617,0.0730694030518577,0.0724821038517269,0.0797619047619047,0.0688236907046887,0.0697925087577472,-0.0039312779162553,0.3755794576579305,-0.0238896075894783,-0.0135203650498564,-0.0455224930533573,0.0719739626517506,0.2904639706295542,0.0115247898005983,-0.025678695324749,-0.0844546257710922,-0.009626933283821,-0.0218332499819878,-0.0200371010862289,0.0762048229054059,0.3810085862150769,0.1739384296495247,Materials,15.0,2.0,29,6.168220645429055,445.844,478.216,7.734866758449157,6.363915640597386,7.714386489925271,6.289064152845394
IFF,2002Q3,2002,Q3,0,0,1,0,462.777,201.702,261.075,115.964,75.142,106.731,85.738,74.857,49.599,37.664,87.263,2225.52,575.388,2285.704,579.515,0.0813869315026459,0.1623719415614864,0.4358513927874549,0.1852684986505379,0.1071768908135019,35.022,35.17,32.744,31.596,35.502,35.406,30.248,28.666,26.945,26.812,26.8,25.1,0.0735237311477612,0.0788840939880316,0.0781162774053486,0.0682833425902113,0.0742384194589892,0.073204165727648,0.0786616493252854,0.0844133089510617,0.0730694030518577,0.0724821038517269,0.0797619047619047,0.0688236907046887,0.0001253460523558,0.4781403665623602,0.0392296277977,0.1920496265350044,-0.0235845172858594,0.0928163556643213,0.36336648089462,-0.0281278035669747,0.0357984699152249,0.0028711775287117,0.191900226546805,0.0356686529380305,0.0390993807923123,0.0926793926159665,0.4779551107236721,0.339396171969732,Materials,15.0,3.0,30,6.139403833251126,476.336,462.719,7.7081951074297,6.356781045032871,7.734866758449157,6.363915640597386
IFF,2002Q4,2002,Q4,0,0,0,1,424.292,182.008,242.284,115.036,75.707,88.039,66.972,58.862,38.996,36.171,75.167,2232.694,574.678,2225.52,575.388,0.0852502521848161,0.1784313633064022,0.4289687290828015,0.1578441262149651,0.0919084027037983,37.664,35.022,35.17,32.744,31.596,35.502,35.406,30.248,28.666,26.945,26.812,26.8,0.0813869315026459,0.0735237311477612,0.0788840939880316,0.0781162774053486,0.0682833425902113,0.0742384194589892,0.073204165727648,0.0786616493252854,0.0844133089510617,0.0730694030518577,0.0724821038517269,0.0797619047619047,0.0122193859293364,0.3368529310935892,0.0224421811890143,0.1046603957977034,-0.019522897362794,0.1259204465216368,0.2511052542084679,0.0046733041130879,0.0238423671967975,-0.029485957260126,0.0913250735496389,0.0114826700901304,0.0100993869528513,0.1123284755981126,0.3207146095766593,0.2140549794876765,Materials,15.0,4.0,31,6.052775991831085,462.777,419.17,7.711411996209745,6.355548476603826,7.7081951074297,6.356781045032871
IFF,2003Q1,2003,Q1,1,0,0,0,466.224,195.777,270.447,118.235,76.115,98.945,77.542,46.514,32.017,38.962,70.97900000000001,2290.722,588.396,2232.694,574.678,0.0835692714231785,0.1632584337142661,0.4199204674148049,0.1663191942070764,0.0686729983870414,36.171,37.664,35.022,35.17,32.744,31.596,35.502,35.406,30.248,28.666,26.945,26.812,0.0852502521848161,0.0813869315026459,0.0735237311477612,0.0788840939880316,0.0781162774053486,0.0682833425902113,0.0742384194589892,0.073204165727648,0.0786616493252854,0.0844133089510617,0.0730694030518577,0.0724821038517269,0.045711055885018,-0.2367272987341168,0.0526777072803528,0.1078191640602785,0.0669074832866076,0.07300805357983,-0.2709861450692746,0.0407251485392359,0.0096702305467859,0.0397576375820039,0.0593931830649878,-0.0344653765831419,0.0066621189057225,0.0261037669451718,-0.270092156939183,-0.0795933451768091,Materials,15.0,1.0,32,6.146808800057645,424.292,445.844,7.737058779029711,6.379098283717959,7.711411996209745,6.355548476603826
IFF,2003Q2,2003,Q2,0,1,0,0,482.611,207.376,275.235,114.943,72.888,114.048,92.433,75.39,51.398,38.897,90.295,2321.043,653.224,2290.722,588.396,0.0805970025548526,0.1510284680622696,0.4296959663165572,0.1915269233399156,0.1064998518475542,38.962,36.171,37.664,35.022,35.17,32.744,31.596,35.502,35.406,30.248,28.666,26.945,0.0835692714231785,0.0852502521848161,0.0813869315026459,0.0735237311477612,0.0788840939880316,0.0781162774053486,0.0682833425902113,0.0742384194589892,0.073204165727648,0.0786616493252854,0.0844133089510617,0.0730694030518577,0.0131734741862885,0.1320896015506265,0.0179262138972335,0.1106447375935126,0.0506785079274416,0.0670722556364937,0.0942897785003047,0.0096217334526726,-0.0764435321397346,-0.0184285360500764,0.0962039235043201,-0.088451788967331,0.0046909436853961,0.0531979792438734,0.1173699572621,0.1227509543289855,Materials,15.0,2.0,33,6.181280864553083,466.224,476.336,7.75020268060489,6.483449800460105,7.737058779029711,6.379098283717959
IFF,2003Q3,2003,Q3,0,0,1,0,480.886,202.695,278.191,117.98,75.638,106.122,80.799,74.713,51.071,39.184,90.255,2300.429,669.045,2321.043,653.224,0.0814829294261009,0.1572888376871025,0.4215032252966399,0.1680211110325524,0.1062018856860045,38.897,38.962,36.171,37.664,35.022,35.17,32.744,31.596,35.502,35.406,30.248,28.666,0.0805970025548526,0.0835692714231785,0.0852502521848161,0.0813869315026459,0.0735237311477612,0.0788840939880316,0.0781162774053486,0.0682833425902113,0.0742384194589892,0.073204165727648,0.0786616493252854,0.0844133089510617,0.0391311582036273,0.0296780177019697,0.0049231043817115,0.0403568394222599,-0.0057059336087921,-0.0576057290816206,-0.0019236677932592,0.065559705065594,0.0066008357509783,0.0173847055982891,0.0011795250377744,-0.0313053094364766,-0.0329198615130086,-0.0930940108200389,-0.0090971581662505,0.0342871549224756,Materials,15.0,3.0,34,6.177707571553808,482.611,462.777,7.741285513335429,6.5073448743087035,7.75020268060489,6.483449800460105
IFF,2003Q4,2003,Q4,0,0,0,1,471.799,203.216,268.583,129.711,84.31,95.801,62.104,55.243,38.111,42.243,80.354,2306.892,742.631,2300.429,669.045,0.089536010038173,0.178698979862187,0.4307257963666731,0.1316323264780128,0.080778043192122,39.184,38.897,38.962,36.171,37.664,35.022,35.17,32.744,31.596,35.502,35.406,30.248,0.0814829294261009,0.0805970025548526,0.0835692714231785,0.0852502521848161,0.0813869315026459,0.0735237311477612,0.0788840939880316,0.0781162774053486,0.0682833425902113,0.0742384194589892,0.073204165727648,0.0786616493252854,0.1119677014885975,-0.0226946353472152,0.1165223506659047,0.1678692875508005,0.0881654721203102,-0.0726870931135399,-0.0614827902551731,0.1085461689587428,0.1136354630351224,0.127568761083487,0.0502726706786242,0.0014998291265944,0.0040960265043759,-0.1660612932866116,-0.1211027412536709,0.0690063458698631,Materials,15.0,4.0,35,6.15867035103043,480.886,424.292,7.744089832772296,6.611544944058474,7.741285513335429,6.5073448743087035
IFF,2004Q1,2004,Q1,1,0,0,0,535.015,228.229,306.786,138.073,89.726,113.14,90.156,82.274,56.358,44.648,101.006,2342.026,784.029,2306.892,742.631,0.0834518658355373,0.1677074474547442,0.4265843013747278,0.1685111632384139,0.105339102641982,42.243,39.184,38.897,38.962,36.171,37.664,35.022,35.17,32.744,31.596,35.502,35.406,0.089536010038173,0.0814829294261009,0.0805970025548526,0.0835692714231785,0.0852502521848161,0.0813869315026459,0.0735237311477612,0.0788840939880316,0.0781162774053486,0.0682833425902113,0.0742384194589892,0.073204165727648,0.1475492467140258,0.7602523659305991,0.1657600228831783,0.1459370668856834,0.1434635403506998,0.1626731319800882,0.7688007911596508,0.1343664377863316,0.1788215200683176,0.1677844969763606,-0.0014048894484997,0.0272513562653968,0.0158692763916656,0.0131792908316301,0.5339231592639977,0.423040617647473,Materials,15.0,1.0,36,6.284162145753854,471.799,466.224,7.759198535330562,6.665720659775204,7.744089832772296,6.611544944058474
IFF,2004Q2,2004,Q2,0,1,0,0,524.177,228.461,295.716,131.235,83.184,120.324,89.51,82.091,56.502,44.342,100.844,2343.002,810.027,2342.026,784.029,0.0845935628613998,0.158694486785952,0.4358470516638463,0.1707629293158608,0.107791833674503,44.648,42.243,39.184,38.897,38.962,36.171,37.664,35.022,35.17,32.744,31.596,35.502,0.0834518658355373,0.089536010038173,0.0814829294261009,0.0805970025548526,0.0835692714231785,0.0852502521848161,0.0813869315026459,0.0735237311477612,0.0788840939880316,0.0781162774053486,0.0682833425902113,0.0742384194589892,0.0861273365091139,0.0993034748433792,0.1016752179615769,0.139985088824331,0.0550294612794612,-0.0316229052394707,0.0888844674359994,0.074412774538122,0.1412578202173195,0.1417398188667427,0.0495869595625124,0.0507587663573578,0.0143149711178753,-0.1084129252533518,0.0121313016359703,0.1168281743175148,Materials,15.0,2.0,37,6.2637353486288845,535.015,482.611,7.75961500393886,6.698301345793052,7.759198535330562,6.665720659775204
IFF,2004Q3,2004,Q3,0,0,1,0,506.229,217.177,289.052,130.527,83.694,108.956,66.7,60.335,42.305,43.124,85.429,2305.432,842.084,2343.002,810.027,0.0851867435488682,0.1653283395459367,0.4290094008837897,0.1317585519596862,0.0835688986604876,44.342,44.648,42.243,39.184,38.897,38.962,36.171,37.664,35.022,35.17,32.744,31.596,0.0845935628613998,0.0834518658355373,0.089536010038173,0.0814829294261009,0.0805970025548526,0.0835692714231785,0.0852502521848161,0.0813869315026459,0.0735237311477612,0.0788840939880316,0.0781162774053486,0.0682833425902113,0.0527006400685401,-0.1716433984061404,0.0714472483287698,0.1005512454062884,0.0267051129831703,-0.1744947338457159,-0.192443082194531,0.0390415218321227,0.106507311139903,0.1063485336497709,0.0454550928501695,0.0511129840938064,0.0178081094916111,-0.2158214455910879,-0.2131128546289035,-0.053470721843665,Materials,15.0,3.0,38,6.228962578144645,524.177,480.886,7.7434570206642945,6.737066597165823,7.75961500393886,6.698301345793052
IFF,2004Q4,2004,Q4,0,0,0,1,468.232,199.551,268.681,131.474,84.702,90.685,63.913,56.302,40.906,43.059,83.965,2363.294,910.487,2305.432,842.084,0.0919608228399596,0.1808975038015342,0.4261797570435168,0.1364985733567974,0.0873626749132908,43.124,44.342,44.648,42.243,39.184,38.897,38.962,36.171,37.664,35.022,35.17,32.744,0.0851867435488682,0.0845935628613998,0.0834518658355373,0.089536010038173,0.0814829294261009,0.0805970025548526,0.0835692714231785,0.0852502521848161,0.0813869315026459,0.0735237311477612,0.0788840939880316,0.0781162774053486,-0.0075604229767336,0.0733384062344204,-0.0180349972443115,0.0193168098856613,-0.0534023653197774,0.0291285585469533,0.0191698495737016,0.0003648778962181,0.0046495077689479,0.0135917539761467,0.0270819841173715,0.0123029462229873,-0.0105543697672713,0.0369684788606803,0.0815151179820972,0.0449386464892849,Materials,15.0,4.0,39,6.151097315647245,506.229,471.799,7.768234736275477,6.815077331811855,7.7434570206642945,6.737066597165823
IFF,2005Q1,2005,Q1,1,0,0,0,523.052,214.655,308.397,133.265,84.744,104.279,81.39,76.37,52.543,44.753,97.296,2373.345,902.508,2363.294,910.487,0.0855612826258192,0.1620183079311426,0.4103894067893823,0.1556059435773116,0.1004546393092847,43.059,43.124,44.342,44.648,42.243,39.184,38.897,38.962,36.171,37.664,35.022,35.17,0.0919608228399596,0.0851867435488682,0.0845935628613998,0.0834518658355373,0.089536010038173,0.0814829294261009,0.0805970025548526,0.0835692714231785,0.0852502521848161,0.0813869315026459,0.0735237311477612,0.0788840939880316,-0.0223601207442781,-0.0676922530962773,-0.0594753515109824,0.0023517290808097,-0.078318896941842,-0.0972314654598696,-0.0717602158640638,0.0052512174610315,-0.0555245971067471,-0.0348221592925482,0.0252770476628889,-0.0339229987096241,-0.0379641129154431,-0.0765837669925977,-0.0463689476195575,-0.0367304912579451,Materials,15.0,1.0,40,6.261590916038634,468.232,535.015,7.772476888958146,6.806284964447981,7.768234736275477,6.815077331811855
IFF,2005Q2,2005,Q2,0,1,0,0,515.578,216.513,299.065,131.013,82.866,109.04,85.5,81.996,56.713,44.38,101.093,2367.008,888.565,2373.345,902.508,0.0860781491840226,0.1607244684606402,0.4199422783749501,0.1658332977745365,0.1099988750489741,44.753,43.059,43.124,44.342,44.648,42.243,39.184,38.897,38.962,36.171,37.664,35.022,0.0855612826258192,0.0919608228399596,0.0851867435488682,0.0845935628613998,0.0834518658355373,0.089536010038173,0.0814829294261009,0.0805970025548526,0.0835692714231785,0.0852502521848161,0.0813869315026459,0.0735237311477612,-0.0164047640396278,0.0037343810838554,-0.0522977663583719,0.0008569753281313,-0.093780126990459,-0.0447994637470674,-0.00115725231755,0.0113250551204533,-0.0038228505481823,-0.0016916218996457,0.0175496370220877,0.0127917592841537,-0.0364916390467248,-0.0288682769795192,0.0204750332120302,0.0024691602871762,Materials,15.0,2.0,41,6.247226293614777,523.052,524.177,7.769804374376568,6.7907325791971616,7.772476888958146,6.806284964447981
IFF,2005Q3,2005,Q3,0,0,1,0,493.118,206.406,286.712,134.441,86.022,95.082,71.965,66.253,68.572,44.651,113.223,2415.153,928.551,2367.008,888.565,0.0905483068961181,0.1744450618310424,0.4185732421043239,0.1459387002705235,0.1390579942326177,44.38,44.753,43.059,43.124,44.342,44.648,42.243,39.184,38.897,38.962,36.171,37.664,0.0860781491840226,0.0855612826258192,0.0919608228399596,0.0851867435488682,0.0845935628613998,0.0834518658355373,0.089536010038173,0.0814829294261009,0.0805970025548526,0.0835692714231785,0.0852502521848161,0.0813869315026459,-0.0258993459481775,0.6208958751920577,-0.0495954912352596,0.0354095167424173,-0.1273358052791953,0.0789355322338831,0.0980856882406562,-0.0080954291961309,0.0278156140225105,0.0299861331372055,0.0629389400731612,0.0551431309970462,-0.0243261773703946,0.1076222233770138,0.6639921844317183,0.3253461939154152,Materials,15.0,3.0,42,6.202774355060648,515.578,506.229,7.789931884864154,6.834701673865008,7.769804374376568,6.7907325791971616
IFF,2005Q4,2005,Q4,0,0,0,1,461.645,186.827,274.818,135.487,85.691,73.722,28.021,21.569,15.238,46.028,61.266,2638.196,915.347,2415.153,928.551,0.0973177358840273,0.1856209858224393,0.4046984154491005,0.0606981555091033,0.0330080473090794,44.651,44.38,44.753,43.059,43.124,44.342,44.648,42.243,39.184,38.897,38.962,36.171,0.0905483068961181,0.0860781491840226,0.0855612826258192,0.0919608228399596,0.0851867435488682,0.0845935628613998,0.0834518658355373,0.089536010038173,0.0814829294261009,0.0805970025548526,0.0835692714231785,0.0852502521848161,-0.0140678125373747,-0.6274874101598787,-0.0637631482678613,0.0689519032025824,-0.1870540883277279,-0.5615758922284981,-0.6169052609143548,0.022841213185897,0.0116762296049679,0.03052314526066,0.084204285848112,0.0261113720291423,-0.0504044156002062,-0.5553202204506364,-0.6221721994909082,-0.2703388316560472,Materials,15.0,4.0,43,6.136960021330901,493.118,468.232,7.878229604302432,6.820395113900284,7.789931884864154,6.834701673865008
IFF,2006Q1,2006,Q1,1,0,0,0,511.432,216.614,294.818,134.9,85.588,103.975,81.053,75.241,53.69,45.602,99.292,2586.947,890.241,2638.196,915.347,0.0891653240313472,0.1673497160912887,0.4235440879725946,0.1584824571008462,0.1049797431525598,46.028,44.651,44.38,44.753,43.059,43.124,44.342,44.648,42.243,39.184,38.897,38.962,0.0973177358840273,0.0905483068961181,0.0860781491840226,0.0855612826258192,0.0919608228399596,0.0851867435488682,0.0845935628613998,0.0834518658355373,0.089536010038173,0.0814829294261009,0.0805970025548526,0.0835692714231785,-0.022215764398186,0.0218297394514968,0.0091262723905802,0.0189707952539492,-0.0029152561877271,-0.0041405578080845,-0.0147832918685347,-0.0440309082124664,0.0099594071556687,0.0122687877537239,0.042122339625148,0.0329062081207018,0.0320541441021244,0.0184858846481366,0.0450462405160105,0.0205147179740174,Materials,15.0,1.0,44,6.239168019282576,461.645,523.052,7.858620176276624,6.792614873500801,7.878229604302432,6.820395113900284
IFF,2006Q2,2006,Q2,0,1,0,0,530.505,227.616,302.889,136.983,87.684,112.974,90.937,84.923,61.182,45.588,106.77,2452.58,945.998,2586.947,890.241,0.0859332145785619,0.1652840218282579,0.4290553340684819,0.1714159150243635,0.1153278479938926,45.602,46.028,44.651,44.38,44.753,43.059,43.124,44.342,44.648,42.243,39.184,38.897,0.0891653240313472,0.0973177358840273,0.0905483068961181,0.0860781491840226,0.0855612826258192,0.0919608228399596,0.0851867435488682,0.0845935628613998,0.0834518658355373,0.089536010038173,0.0814829294261009,0.0805970025548526,0.0289519723494795,0.078800275069208,0.0512809854373641,0.0272194682289319,0.0360785033015407,0.0635906432748538,0.0356968632616225,0.0127865179810409,0.0581420606762725,0.045567997068993,-0.0016837560616086,0.0283687568625201,0.0217007340361077,0.0336640308354541,0.0484457040360264,0.0561562125963222,Materials,15.0,2.0,45,6.275712605075477,511.432,515.578,7.805303461478917,6.85329698125143,7.858620176276624,6.792614873500801
IFF,2006Q3,2006,Q3,0,0,1,0,539.135,228.986,310.149,138.276,88.092,113.018,90.394,90.702,63.646,46.471,110.117,2581.954,959.112,2452.58,945.998,0.0861954797963404,0.1633950680256336,0.4247285002828605,0.1676648705797249,0.1180520648817086,45.588,45.602,46.028,44.651,44.38,44.753,43.059,43.124,44.342,44.648,42.243,39.184,0.0859332145785619,0.0891653240313472,0.0973177358840273,0.0905483068961181,0.0860781491840226,0.0855612826258192,0.0919608228399596,0.0851867435488682,0.0845935628613998,0.0834518658355373,0.089536010038173,0.0814829294261009,0.0933184349384934,-0.0718369013591553,0.1093960446886233,0.0407605652728941,0.1886371763320082,0.2560828180365455,0.3690247988770319,0.0817440497781747,0.0240636116342329,0.0285255242076449,-0.0480718773104342,-0.0633436893508123,0.0147053312524034,0.1488718912045132,-0.1510587684428278,-0.0274325887849643,Materials,15.0,3.0,46,6.291819108313527,530.505,493.118,7.8566889841877465,6.867049944323522,7.805303461478917,6.85329698125143
IFF,2006Q4,2006,Q4,0,0,0,1,514.318,210.915,303.403,142.299,90.559,91.439,66.609,62.416,47.982,48.031,96.013,2478.904,905.168,2581.954,959.112,0.0933877484357926,0.1760758907913003,0.4100867556647832,0.1295093696895694,0.0932924766389665,46.471,45.588,45.602,46.028,44.651,44.38,44.753,43.059,43.124,44.342,44.648,42.243,0.0861954797963404,0.0859332145785619,0.0891653240313472,0.0973177358840273,0.0905483068961181,0.0860781491840226,0.0855612826258192,0.0919608228399596,0.0851867435488682,0.0845935628613998,0.0834518658355373,0.089536010038173,0.1140984955972663,2.148838430240189,0.1289321136666541,0.0435169896584688,0.2403217492743008,1.3771100246243888,1.893782743752608,0.1040142930957943,0.0568087663815335,0.0502778864392894,-0.0633530214947099,-0.0514224993949209,0.0133144583966389,1.133662359314132,1.8263555176529545,0.5671498057650248,Materials,15.0,4.0,47,6.244784185832194,539.135,461.645,7.8159751287323695,6.809224719316452,7.8566889841877465,6.867049944323522
IFF,2007Q1,2007,Q1,1,0,0,0,566.101,236.719,329.382,141.459,91.271,116.399,95.26,87.113,62.689,46.632,109.321,2497.393,939.584,2478.904,905.168,0.0823739933333451,0.161227413482753,0.4181568306715586,0.1682738592583302,0.1107381898283168,48.031,46.471,45.588,45.602,46.028,44.651,44.38,44.753,43.059,43.124,44.342,44.648,0.0933877484357926,0.0861954797963404,0.0859332145785619,0.0891653240313472,0.0973205601574632,0.0905483068961181,0.0860781491840226,0.0855612826258192,0.0919608228399596,0.0851867435488682,0.0845935628613998,0.0834518658355373,0.1068939761297689,0.1676103557459489,0.0928148688450423,0.022586728652252,0.1194902620822313,0.1752803721022049,0.1577863133132202,0.1172384318460881,0.0663994952563444,0.0486212008895476,-0.0761656032967992,-0.0365838840455277,-0.0127194723147322,0.0617822460390899,0.0548529316497625,0.1010051162228578,Materials,15.0,1.0,48,6.3405374183758605,514.318,511.432,7.823403004171796,6.846500958947387,7.8159751287323695,6.809224719316452
IFF,2007Q2,2007,Q2,0,1,0,0,573.726,246.058,327.668,143.513,91.198,123.693,102.545,96.968,78.372,48.76,127.132,2546.988,994.656,2497.393,939.584,0.0849883045216706,0.158957411726155,0.4288771992205338,0.1787351453481278,0.1366017924932807,46.632,48.031,46.471,45.588,45.602,46.028,44.651,44.38,44.753,43.059,43.124,44.342,0.0823739933333451,0.0933877484357926,0.0861954797963404,0.0859332145785619,0.0891653240313472,0.0973233844308991,0.0905483068961181,0.0860781491840226,0.0855612826258192,0.0919608228399596,0.0851867435488682,0.0845935628613998,0.0814714281675008,0.2809649897028536,0.0810224237311962,0.069579713959814,0.0948802379308513,0.1276488118147729,0.1418343676035938,0.0818088474655731,0.0400757264723323,0.0476701488505872,-0.0109958653534072,-0.0382772032778629,-0.0004151791943919,0.0426986626225691,0.184464939469908,0.1907090006556149,Materials,15.0,2.0,49,6.353893405485655,566.101,530.505,7.843059307104825,6.9034018164005575,7.823403004171796,6.846500958947387
IFF,2007Q3,2007,Q3,0,0,1,0,583.313,244.138,339.175,147.752,94.464,116.924,96.386,80.608,58.844,49.733,108.577,2533.659,547.707,2546.988,994.656,0.0852595433326533,0.16194393061701,0.4185368747139186,0.1652389026131768,0.100878944923223,48.76,46.632,48.031,46.471,45.588,45.602,46.028,44.651,44.38,44.753,43.059,43.124,0.0849883045216706,0.0823739933333451,0.0933877484357926,0.0861954797963404,0.0859332145785619,0.0891653240313472,0.09732620870433499,0.0905483068961181,0.0860781491840226,0.0855612826258192,0.0919608228399596,0.0851867435488682,0.0819423706492807,-0.075448574930082,0.0661699841911733,0.0701943147339201,0.0345608664106602,0.0662875854592117,-0.1112875129545103,0.0935872757932478,0.0723334695545565,0.0685296074517631,-0.0108583009909397,-0.0088811579575702,-0.0145778434101276,-0.0144691488333842,-0.1454707291710106,-0.0139851249125928,Materials,15.0,3.0,50,6.370436798157661,573.726,539.135,7.837814390211806,6.307564601410199,7.843059307104825,6.9034018164005575
IFF,2007Q4,2007,Q4,0,0,0,1,553.498,225.299,328.199,154.464,98.354,90.798,70.835,63.995,47.223,53.898,101.121,2726.788,617.197,2533.659,547.707,0.0973177358840273,0.1776953123588522,0.4070457345826,0.1279769755265601,0.0853173814539528,49.733,48.76,46.632,48.031,46.471,45.588,45.602,46.028,44.651,44.38,44.753,43.059,0.0852595433326533,0.0849883045216706,0.0823739933333451,0.0933877484357926,0.0861954797963404,0.0859332145785619,0.0891653240313472,0.09732903297777089,0.0905483068961181,0.0860781491840226,0.0855612826258192,0.0919608228399596,0.0761785510131864,-0.0158184319119669,0.0681980892776712,0.1221502779454937,-0.007010137906145,0.0634448798210451,0.025298000512689,0.0817262848422724,0.0860764805265075,0.0854890055446628,0.0427175647470636,0.0091972930551371,-0.0074155554652172,-0.0118323034594518,-0.0854848694378284,0.0532011290137794,Materials,15.0,4.0,51,6.318063199930896,583.313,514.318,7.911246303333601,6.426807176887794,7.837814390211806,6.307564601410199
IFF,2008Q1,2008,Q1,1,0,0,0,596.605,245.482,351.123,143.743,90.149,112.704,95.517,74.991,55.948,52.056,108.004,2740.855,583.151,2726.788,617.197,0.0872537105790263,0.1511033263214354,0.4114648720677835,0.1601009042834035,0.0937772898316306,53.898,49.733,48.76,46.632,48.031,46.471,45.588,45.602,46.028,44.651,44.38,44.753,0.0973177358840273,0.0852595433326533,0.0849883045216706,0.0823739933333451,0.0933877484357926,0.0861954797963404,0.0859332145785619,0.0891653240313472,0.09733185725120679,0.0905483068961181,0.0860781491840226,0.0855612826258192,0.0538843775227388,-0.1075308267798178,0.0370185747658615,0.1163149768399383,-0.031744258971297,0.0026978794877177,-0.1391525949054676,0.0660054283476327,-0.0122930613228736,0.0161460211085897,0.0592385660597309,-0.0627938322808895,-0.0160034659556507,-0.0485693678801276,-0.1531621568221548,-0.0120470906779118,Materials,15.0,1.0,52,6.392930000584141,553.498,566.101,7.916389977615324,6.370159511050762,7.911246303333601,6.426807176887794
IFF,2008Q2,2008,Q2,0,1,0,0,636.126,263.781,372.345,162.367,104.662,120.077,101.669,87.241,67.032,56.166,123.198,2818.778,642.985,2740.855,583.151,0.0882938285811301,0.1645302974567931,0.4146678488224031,0.1598252547451291,0.1053753501664764,52.056,53.898,49.733,48.76,46.632,48.031,46.471,45.588,45.602,46.028,44.651,44.38,0.0872537105790263,0.0973177358840273,0.0852595433326533,0.0849883045216706,0.0823739933333451,0.0933877484357926,0.0861954797963404,0.0859332145785619,0.0891653240313472,0.09733468152464267,0.0905483068961181,0.0860781491840226,0.1087627194863052,-0.1446945337620578,0.0720277332986532,0.1518867924528302,-0.0292336672244993,-0.0085425910575844,-0.1003114429502516,0.1363483770157598,0.1476348165529948,0.1313748580267988,0.0388938699043781,0.035058986366983,-0.0331315127592597,-0.1057983899370623,-0.228594674761243,-0.0309442154610956,Materials,15.0,2.0,53,6.45696743820969,596.605,573.726,7.944413437429054,6.467675433907627,7.916389977615324,6.370159511050762
IFF,2008Q3,2008,Q3,0,0,1,0,617.538,246.739,370.799,146.131,92.465,121.1,100.608,79.566,57.684,52.129,109.813,2775.734,724.032,2818.778,642.985,0.0844142384760128,0.1497316764312479,0.399552740074295,0.162917909505164,0.0934096363300719,56.166,52.056,53.898,49.733,48.76,46.632,48.031,46.471,45.588,45.602,46.028,44.651,0.0882938285811301,0.0872537105790263,0.0973177358840273,0.0852595433326533,0.0849883045216706,0.0823739933333451,0.0933877484357926,0.0861954797963404,0.0859332145785619,0.0891653240313472,0.09733750579807857,0.0905483068961181,0.0586734737610854,-0.0197131398273401,0.0106538105497711,0.0481772666036635,0.035715507509151,0.0438030419355508,-0.012926756649464,0.093238003980246,-0.0211615006775067,-0.0109710866857979,-0.0099144896113554,-0.0754103851822858,-0.0453583322917479,-0.0140462873530828,-0.0740422949391054,0.0113836263665416,Materials,15.0,3.0,54,6.427358628910485,636.126,583.313,7.929030695898639,6.586215791811659,7.944413437429054,6.467675433907627
IFF,2008Q4,2008,Q4,0,0,0,1,539.103,214.638,324.465,148.446,94.564,66.747,66.192,38.729,48.969,52.344,101.313,2749.913,573.111,2775.734,724.032,0.0970946182825916,0.1754098938421786,0.3981391311122365,0.1227817318768398,0.0908342190638894,52.129,56.166,52.056,53.898,49.733,48.76,46.632,48.031,46.471,45.588,45.602,46.028,0.0844142384760128,0.0882938285811301,0.0872537105790263,0.0973177358840273,0.0852595433326533,0.0849883045216706,0.0823739933333451,0.0933877484357926,0.0861954797963404,0.0859332145785619,0.0891653240313472,0.09734033007151446,-0.0260073207129928,0.0369735086716218,-0.0473193400769643,-0.0288322386730491,-0.2648846890900681,-0.0655466930189878,-0.394812094694898,-0.011377243684472,-0.038534274152551,-0.0389605344934742,-0.0029003482470978,-0.0128614451688983,-0.0218810878327879,-0.0405951432149768,0.0646625285014654,0.0018987154003617,Materials,15.0,4.0,55,6.291759862110358,617.538,553.498,7.919688135560812,6.352822757415046,7.929030695898639,6.586215791811659
IFF,2009Q1,2009,Q1,1,0,0,0,559.63,222.2,337.43,141.151,89.424,101.642,81.049,62.43,47.197,50.189,97.386,2619.632,637.712,2749.913,573.111,0.0896824687740114,0.1597912906741954,0.3970480496042027,0.1448260457802477,0.0843360791951825,52.344,52.129,56.166,52.056,53.898,49.733,48.76,46.632,48.031,46.471,45.588,45.602,0.0970946182825916,0.0844142384760128,0.0882938285811301,0.0872537105790263,0.0973205601574632,0.0852595433326533,0.0849883045216706,0.0823739933333451,0.0933877484357926,0.0861954797963404,0.0859332145785619,0.0891653240313472,-0.0619756790506281,-0.1564130978765996,-0.0948419843410107,-0.0358652220685414,-0.0981509085746734,-0.1514704188783147,-0.1675001000120014,-0.0389977301401502,-0.0080422411784932,-0.0180321824367098,0.0278355863477615,0.0574968438105623,-0.0350377965222892,-0.0954076966118629,-0.1006769405833652,-0.0983111736602347,Materials,15.0,1.0,56,6.3290611513909045,539.103,596.605,7.871170789039991,6.459453648554505,7.919688135560812,6.352822757415046
IFF,2009Q2,2009,Q2,0,1,0,0,568.261,228.097,340.164,143.312,93.012,101.593,84.785,65.065,48.083,48.761,96.844,2775.538,712.593,2619.632,637.712,0.0858074018804739,0.1636783097907475,0.401394781623233,0.1492008073754841,0.084614288152803,50.189,52.344,52.129,56.166,52.056,53.898,49.733,48.76,46.632,48.031,46.471,45.588,0.0896824687740114,0.0970946182825916,0.0844142384760128,0.0882938285811301,0.0872537105790263,0.0973233844308991,0.0852595433326533,0.0849883045216706,0.0823739933333451,0.0933877484357926,0.0861954797963404,0.0859332145785619,-0.1066848391670832,-0.2826858813700919,-0.1352788866521849,-0.1318413274935013,-0.1539345586581942,-0.1660683197434813,-0.2541924095322153,-0.0864279095999678,-0.1113106953813227,-0.1173575911361297,-0.0281608209838981,-0.0051783025935958,-0.0320089132467437,-0.0664753976872277,-0.1970200998703607,-0.2139158103215961,Materials,15.0,2.0,57,6.344339028428647,559.63,636.126,7.928960106883701,6.570312771800647,7.871170789039991,6.459453648554505
IFF,2009Q3,2009,Q3,0,0,1,0,612.634,248.969,363.665,151.756,97.947,107.598,97.213,73.234,52.8,52.272,105.072,2790.761,755.878,2775.538,712.593,0.0853233741516141,0.1598784918891214,0.4063910915815968,0.1586803866582657,0.0861852264157718,48.761,50.189,52.344,52.129,56.166,52.056,53.898,49.733,48.76,46.632,48.031,46.471,0.0858074018804739,0.0896824687740114,0.0970946182825916,0.0844142384760128,0.0882938285811301,0.0872537105790263,0.09732620870433499,0.0852595433326533,0.0849883045216706,0.0823739933333451,0.0933877484357926,0.0861954797963404,-0.0079412117149065,-0.0846681922196797,0.0090378902402943,0.0027431947668283,-0.1114946325350949,-0.0337448314249364,-0.0795817308900788,-0.0192395340872008,0.0592872978965013,0.0384928591469297,0.0107699327982413,0.0677666589977208,0.0171150159201265,-0.0260101719925638,-0.0773411630548688,-0.0431733947711107,Materials,15.0,3.0,58,6.419398659208935,568.261,617.538,7.9344278584990295,6.629202077965893,7.928960106883701,6.570312771800647
IFF,2009Q4,2009,Q4,0,0,0,1,585.633,235.859,349.774,140.316,96.157,110.759,95.543,75.821,47.448,42.621,90.069,2644.774,769.003,2790.761,755.878,0.0727776610949178,0.1641932746276251,0.4027419902908477,0.1631448364419354,0.081020024486325,52.272,48.761,50.189,52.344,52.129,56.166,52.056,53.898,49.733,48.76,46.632,48.031,0.0853233741516141,0.0858074018804739,0.0896824687740114,0.0970946182825916,0.0844142384760128,0.0882938285811301,0.0872537105790263,0.09732903297777089,0.0852595433326533,0.0849883045216706,0.0823739933333451,0.0933877484357926,0.0863100372285075,-0.031060466825951,0.0988687930375795,-0.1857519486474094,0.6593854405441444,0.4434221658206432,0.9577319321438716,0.0780022498574577,0.0168457341060024,-0.0547673901620791,-0.2504459836991161,-0.0639451912823421,0.0115609313903728,0.3287386808127379,-0.1080451252700425,-0.1109827958899647,Materials,15.0,4.0,59,6.374399411353791,612.634,539.103,7.880718929084538,6.646394410944036,7.9344278584990295,6.629202077965893
IFF,2010Q1,2010,Q1,1,0,0,0,653.909,270.207,383.702,160.64,106.471,121.849,109.567,89.081,63.789,52.631,116.42,2678.226,813.306,2644.774,769.003,0.080486734392706,0.1628223498988391,0.4132180471594671,0.1675569536433968,0.0975502707563284,42.621,52.272,48.761,50.189,52.344,52.129,56.166,52.056,53.898,49.733,48.76,46.632,0.0727776610949178,0.0853233741516141,0.0858074018804739,0.0896824687740114,0.0970946182825916,0.0844142384760128,0.0882938285811301,0.0872537105790263,0.09733185725120679,0.0852595433326533,0.0849883045216706,0.0823739933333451,0.1684666654754034,0.3515477678666017,0.216053105310531,0.0486560800175337,0.1988056118533678,0.3518612197559498,0.426894121415986,0.137130664137747,0.1906311504741455,0.1380719938222185,-0.1025365883323023,0.0189688637713292,0.0407255433476714,0.1569531760719338,0.1566849169092126,0.1954490378493829,Materials,15.0,1.0,60,6.484496294685695,585.633,559.63,7.893283225822278,6.7023362167377245,7.880718929084538,6.646394410944036
IFF,2010Q2,2010,Q2,0,1,0,0,665.8,285.001,380.799,175.367,119.523,125.873,109.634,93.633,67.152,55.844,122.996,2726.882,844.77,2678.226,813.306,0.0838750375488134,0.1795178732352057,0.4280579753679783,0.1646650645839591,0.1008591168519074,52.631,42.621,52.272,48.761,50.189,52.344,52.129,56.166,52.056,53.898,49.733,48.76,0.080486734392706,0.0727776610949178,0.0853233741516141,0.0858074018804739,0.0896824687740114,0.0970946182825916,0.0844142384760128,0.0882938285811301,0.0872537105790263,0.09733468152464267,0.0852595433326533,0.0849883045216706,0.1716447195918777,0.3965850716469439,0.2494728120054186,0.1452595311827074,0.2389928439951572,0.2930825028012032,0.4390686236840082,0.1194570854058629,0.2850277383563411,0.2236728257228981,-0.0225197860477373,0.0967725257226084,0.0664263587008278,0.1036472756448099,0.1919868269738118,0.270042542645905,Materials,15.0,2.0,61,6.502490150876639,653.909,568.261,7.911280762895858,6.7402474550312315,7.893283225822278,6.7023362167377245
IFF,2010Q3,2010,Q3,0,0,1,0,673.283,285.048,388.235,162.169,108.955,138.343,122.879,106.183,77.038,53.214,130.252,2864.307,947.154,2726.882,844.77,0.0790366012508855,0.161826453363593,0.4233702618364046,0.182507207221926,0.1144214245718368,55.844,52.631,42.621,52.272,48.761,50.189,52.344,52.129,56.166,52.056,53.898,49.733,0.0838750375488134,0.080486734392706,0.0727776610949178,0.0853233741516141,0.0858074018804739,0.0896824687740114,0.0970946182825916,0.0844142384760128,0.0882938285811301,0.0872537105790263,0.09733750579807857,0.0852595433326533,0.0989971173653436,0.4590530303030302,0.1449136237844872,0.0180211202938476,0.285739511886838,0.2640181868680116,0.4499139743834832,0.067562179478366,0.1123873115052016,0.0686167268509976,-0.0736817192620323,0.0121840120672551,0.0417803702062662,0.1501560530916381,0.327622254188308,0.2396451956753464,Materials,15.0,3.0,62,6.513649904092457,665.8,612.634,7.960430778730981,6.854516936319278,7.911280762895858,6.7402474550312315
IFF,2010Q4,2010,Q4,0,0,0,1,629.869,252.346,377.523,167.989,110.905,22.237,84.357,70.696,55.577,57.084,112.661,2872.455,999.422,2864.307,947.154,0.0906283687560429,0.176076295229643,0.4006325124748162,0.1339278484891302,0.0882358077632015,53.214,55.844,52.631,42.621,52.272,48.761,50.189,52.344,52.129,56.166,52.056,53.898,0.0790366012508855,0.0838750375488134,0.080486734392706,0.0727776610949178,0.0853233741516141,0.0858074018804739,0.0896824687740114,0.0970946182825916,0.0844142384760128,0.0882938285811301,0.0872537105790263,0.09734033007151446,0.0755353608830102,0.1713243972348677,0.0699019329345074,0.339339762089111,-0.7992307622856833,-0.117078174225218,-0.0675934107964811,0.0793340842944301,0.1533741693272461,0.1972191339547877,0.2452772924076789,0.0723721518373234,-0.0052377896193741,-0.1790861947580164,0.0890617266857827,0.2508299192841043,Materials,15.0,4.0,63,6.4470982340148435,673.283,585.633,7.963270417480644,6.90817718996518,7.960430778730981,6.854516936319278
IFF,2011Q1,2011,Q1,1,0,0,0,714.271,297.46,416.811,164.075,106.619,145.263,133.385,115.621,84.043,57.456,141.49900000000002,2946.546,1098.562,2872.455,999.422,0.0804400570651755,0.149269674955304,0.4164525789231258,0.1867428469026462,0.1176626238500513,57.084,53.214,55.844,52.631,42.621,52.272,48.761,50.189,52.344,52.129,56.166,52.056,0.0906283687560429,0.0790366012508855,0.0838750375488134,0.080486734392706,0.0727776610949178,0.0853233741516141,0.0858074018804739,0.0896824687740114,0.0970946182825916,0.0844142384760128,0.0882938285811301,0.0872537105790263,0.0923094803711219,0.3175155591089373,0.1008597112584055,0.0916760084360928,0.1921558650460817,0.2173829711500725,0.2979310964178667,0.0862883174963904,0.0013900498727352,0.021383217131474,-0.0005799381461139,-0.0832359620896965,0.0078276633508469,0.1145037125709609,0.2061742416272902,0.2154183130046385,Materials,15.0,1.0,64,6.572661491862722,629.869,653.909,7.988728238735887,7.002667197672849,7.963270417480644,6.90817718996518
IFF,2011Q2,2011,Q2,0,1,0,0,715.589,284.423,431.166,162.453,106.224,136.324,121.97,104.921,76.188,56.229,132.417,3008.601,1184.615,2946.546,1098.562,0.0785772279898097,0.148442751355876,0.3974669817451078,0.170447002399422,0.1064689367779549,57.456,57.084,53.214,55.844,52.631,42.621,52.272,48.761,50.189,52.344,52.129,56.166,0.0804400570651755,0.0906283687560429,0.0790366012508855,0.0838750375488134,0.080486734392706,0.0727776610949178,0.0853233741516141,0.0858074018804739,0.0896824687740114,0.0970946182825916,0.0844142384760128,0.0882938285811301,0.0747807149294084,0.1345604002859184,-0.0020280630594278,0.0068942052861542,0.0830281315293988,0.1125198387361585,0.1205557869554538,0.1322666288514413,-0.111267287467684,-0.073639852423774,-0.0631631259290997,-0.1731032198594222,-0.0714646038228187,0.0351133243112096,0.0556203554140217,0.0765959868613612,Materials,15.0,2.0,65,6.574502454487896,714.271,665.8,8.00956279081678,7.0780169062836515,7.988728238735887,7.002667197672849
IFF,2011Q3,2011,Q3,0,0,1,0,713.775,278.375,435.4,150.42,96.783,141.643,127.955,112.474,82.241,53.637,135.878,2953.529,1195.375,3008.601,1184.615,0.0751455290532731,0.1355931491016076,0.3900038527547196,0.1792651745998389,0.1152197821442331,56.229,57.456,57.084,53.214,55.844,52.631,42.621,52.272,48.761,50.189,52.344,52.129,0.0785772279898097,0.0804400570651755,0.0906283687560429,0.0790366012508855,0.0838750375488134,0.080486734392706,0.0727776610949178,0.0853233741516141,0.0858074018804739,0.0896824687740114,0.0970946182825916,0.0844142384760128,0.0601411293616502,0.0675380980814663,-0.0234100923353259,0.0079490359679783,0.0238537547978576,0.0413089299229323,0.0592467720821601,0.1214856980952256,-0.1117158459914643,-0.0724491117291222,-0.0492312692604414,-0.1621076388731337,-0.0788114142381075,-0.0177638607890419,0.0069773434073538,0.0431931947302151,Materials,15.0,3.0,66,6.571967807855509,715.589,673.283,7.991094526273181,7.087051430516071,8.00956279081678,7.0780169062836515
IFF,2011Q4,2011,Q4,0,0,0,1,644.383,244.398,399.985,186.807,134.348,-5.045,57.591,40.53,24.394,52.459,76.85300000000001,2965.581,1104.412,2953.529,1195.375,0.0814096585415816,0.2084909130129131,0.379274437717941,0.0893738661634462,0.0378563680295724,53.637,56.229,57.456,57.084,53.214,55.844,52.631,42.621,52.272,48.761,50.189,52.344,0.0751455290532731,0.0785772279898097,0.0804400570651755,0.0906283687560429,0.0790366012508855,0.0838750375488134,0.080486734392706,0.0727776610949178,0.0853233741516141,0.0858074018804739,0.0896824687740114,0.0970946182825916,0.0230428866954874,-0.561077424114292,-0.0314964374311461,-0.0810209515801275,-1.2268741287044116,-0.3172943561293075,-0.4267002376372072,0.0594983616892215,0.2113791082457961,0.1120192393549577,-0.1017199177365376,0.1840941606648085,-0.0533108873888954,-0.3326715304420056,-0.5709636598877452,-0.3178384711657094,Materials,15.0,4.0,67,6.469843939016845,713.775,629.869,7.995165390230696,7.007973395139045,7.991094526273181,7.087051430516071
IFF,2012Q1,2012,Q1,1,0,0,0,710.616,285.399,425.217,162.824,105.416,140.192,122.575,110.342,81.056,57.408,138.464,3013.398,1197.499,2965.581,1104.412,0.0807862474247695,0.1483445348824118,0.4016219730487352,0.1724911907415538,0.1140644173505803,52.459,53.637,56.229,57.456,57.084,53.214,55.844,52.631,42.621,52.272,48.761,50.189,0.0814096585415816,0.0751455290532731,0.0785772279898097,0.0804400570651755,0.0906283687560429,0.0790366012508855,0.0838750375488134,0.080486734392706,0.0727776610949178,0.0853233741516141,0.0858074018804739,0.0896824687740114,-0.0051171054123714,-0.0355413300334354,-0.0405466281180662,-0.0008354218880535,-0.0349090959156839,-0.0810435956067022,-0.0456577957291495,0.0201674140077876,-0.011283167165327,-0.0076245619381378,0.0043037060417976,-0.0061977764282613,-0.0356117517935414,-0.0763170123914954,-0.0305807093343126,-0.0214489148333205,Materials,15.0,1.0,68,6.567538440080784,644.383,714.271,8.01115542089987,7.088825219497787,7.995165390230696,7.007973395139045
IFF,2012Q2,2012,Q2,0,1,0,0,721.317,301.543,419.774,169.235,112.835,151.208,132.308,122.54,88.596,56.4,144.996,3025.307,1223.28,3013.398,1197.499,0.0781903102242148,0.1564291428040653,0.418045048154972,0.1834255951266918,0.122825331996889,57.408,52.459,53.637,56.229,57.456,57.084,53.214,55.844,52.631,42.621,52.272,48.761,0.0807862474247695,0.0814096585415816,0.0751455290532731,0.0785772279898097,0.0804400570651755,0.0906283687560429,0.0790366012508855,0.0838750375488134,0.080486734392706,0.0727776610949178,0.0853233741516141,0.0858074018804739,0.0080045948162981,0.1628602929595211,0.0601920379153584,0.0030411353571999,0.1091810686306151,0.0847585471837335,0.1679263445830672,-0.0264213783090503,0.0622364060852536,0.0417474592651414,-0.0049240444781928,0.0538011548239409,0.0517730210431939,0.0761444469223111,0.1536259843849665,0.0949953555812321,Materials,15.0,2.0,69,6.582464100706736,710.616,715.589,8.015098343266958,7.110108195081046,8.01115542089987,7.088825219497787
IFF,2012Q3,2012,Q3,0,0,1,0,708.955,301.524,407.431,167.349,109.691,150.989,134.175,121.844,16.363,57.658,74.021,3059.905,1250.81,3025.307,1223.28,0.0813281519983637,0.1547220909648708,0.4253076711497908,0.1892574281865562,0.0230804493938261,56.4,57.408,52.459,53.637,56.229,57.456,57.084,53.214,55.844,52.631,42.621,52.272,0.0781903102242148,0.0807862474247695,0.0814096585415816,0.0751455290532731,0.0785772279898097,0.0804400570651755,0.0906283687560429,0.0790366012508855,0.0838750375488134,0.080486734392706,0.0727776610949178,0.0853233741516141,-0.0067528282722145,-0.8010359796208704,0.0831576111360574,0.0749669071722878,0.0659827877127707,0.0486108397483491,0.0833081423262265,-0.0642374827744602,0.1333705299484413,0.1125448743518149,0.0822753265960456,0.1410760203594707,0.0905217170182017,0.0557400711489133,-0.7996832751780956,-0.4552392587468169,Materials,15.0,3.0,70,6.565201587745056,721.317,713.775,8.02646590285452,7.132345782955258,8.015098343266958,7.110108195081046
IFF,2012Q4,2012,Q4,0,0,0,1,680.558,287.068,393.49,187.839,125.594,119.447,99.229,88.69,68.119,62.245,130.364,3249.6,1252.555,3059.905,1250.81,0.0914617123007884,0.1845456228565383,0.4218126889993211,0.1458053538419943,0.1000928649725666,57.658,56.4,57.408,52.459,53.637,56.229,57.456,57.084,53.214,55.844,52.631,42.621,0.0813281519983637,0.0781903102242148,0.0807862474247695,0.0814096585415816,0.0751455290532731,0.0785772279898097,0.0804400570651755,0.0906283687560429,0.0790366012508855,0.0838750375488134,0.080486734392706,0.0727776610949178,0.0561389732503805,1.7924489628597198,0.1745922634391443,0.1865456832955259,-24.676313181367693,0.7229949123995068,1.1882556131260795,-0.0162381089290848,-0.065159138952571,0.0055244182498515,0.1234749529636283,-0.1148505218301373,0.1121569160772575,0.631409270975775,1.644016586440002,0.6962773086281602,Materials,15.0,4.0,71,6.524381353898224,708.955,644.383,8.086594873669075,7.133738793779771,8.02646590285452,7.132345782955258
IFF,2013Q1,2013,Q1,1,0,0,0,727.836,311.36,416.476,173.754,114.653,158.08,137.606,127.523,90.697,59.101,149.798,3200.549,1306.606,3249.6,1252.555,0.0812009848372435,0.1575258712127457,0.4277886776691452,0.1890618216191559,0.1246118631120197,62.245,57.658,56.4,57.408,52.459,53.637,56.229,57.456,57.084,53.214,55.844,52.631,0.0914617123007884,0.0813281519983637,0.0781903102242148,0.0807862474247695,0.0814096585415816,0.0751455290532731,0.0785772279898097,0.0804400570651755,0.0906283687560429,0.0790366012508855,0.0838750375488134,0.080486734392706,0.0242324968759499,0.1189424595341492,0.0909638786400792,0.0294906633221849,0.1275964391691395,0.1226269630838261,0.1557068024868138,-0.0205565628843625,0.0876242695605979,0.0671276961627276,0.0051337625610135,0.0618919755797651,0.0651525722603698,0.0960665342175657,0.0924692029857261,0.0818552114629074,Materials,15.0,1.0,72,6.591448740993631,680.558,710.616,8.07139003416736,7.17595326339872,8.086594873669075,7.133738793779771
IFF,2013Q2,2013,Q2,0,1,0,0,757.635,333.986,423.649,189.485,124.813,174.007,144.501,140.745,102.322,64.672,166.994,3308.921,1369.686,3200.549,1306.606,0.0853603648194711,0.1647402773103143,0.4408270473248992,0.1907264051951137,0.1350544787397625,59.101,62.245,57.658,56.4,57.408,52.459,53.637,56.229,57.456,57.084,53.214,55.844,0.0812009848372435,0.0914617123007884,0.0813281519983637,0.0781903102242148,0.0807862474247695,0.0814096585415816,0.0751455290532731,0.0785772279898097,0.0804400570651755,0.0906283687560429,0.0790366012508855,0.0838750375488134,0.0503495689135289,0.1549279877195357,0.1075899622939349,0.1466666666666667,0.1507790593090312,0.0921561810321371,0.1485637342908436,0.0092311577182007,0.1061550050959365,0.1196560995066031,0.0917000402568519,0.0531303461571677,0.0544965172305584,0.0398025698833319,0.0995653465295194,0.1517145300560014,Materials,15.0,2.0,73,6.631520765812426,727.836,721.317,8.1046796010168,7.223066623425781,8.07139003416736,7.17595326339872
IFF,2013Q3,2013,Q3,0,0,1,0,742.256,325.404,416.852,183.875,118.221,166.886,141.529,133.984,99.046,65.654,164.7,3324.511,1435.957,3308.921,1369.686,0.0884519626651721,0.159272542087905,0.4383986117997025,0.1906741070466254,0.1334391369015542,64.672,59.101,62.245,57.658,56.4,57.408,52.459,53.637,56.229,57.456,57.084,53.214,0.0853603648194711,0.0812009848372435,0.0914617123007884,0.0813281519983637,0.0781903102242148,0.0807862474247695,0.0814096585415816,0.0751455290532731,0.0785772279898097,0.0804400570651755,0.0906283687560429,0.0790366012508855,0.046971951675353,5.053046507364176,0.0791976758069008,0.1386798015886778,0.105285815522985,0.0548090180734115,0.0996355996191853,0.0231229336992029,0.077763900411155,0.0987517104972244,0.087593416200477,0.0294104810415685,0.0307799307135026,0.0074854597446643,4.781479148202736,1.2250442442009697,Materials,15.0,3.0,74,6.611040534499509,757.635,708.955,8.109378625492273,7.2702829621796745,8.1046796010168,7.223066623425781
IFF,2013Q4,2013,Q4,0,0,0,1,725.169,313.455,411.714,218.599,148.19,33.004,94.855,82.958,61.479,70.409,131.888,3331.731,1467.051,3324.511,1435.957,0.0970932293024108,0.2043523647591113,0.4322509649474812,0.1308039918970612,0.0847788584454106,65.654,64.672,59.101,62.245,57.658,56.4,57.408,52.459,53.637,56.229,57.456,57.084,0.0884519626651721,0.0853603648194711,0.0812009848372435,0.0914617123007884,0.0813281519983637,0.0781903102242148,0.0807862474247695,0.0814096585415816,0.0751455290532731,0.0785772279898097,0.0804400570651755,0.0906283687560429,0.0655506216957262,-0.0974764749922929,0.0919189878356347,0.1311591292473293,-0.7236933535375523,-0.0440798556873494,-0.0646296087495771,0.0463137563851685,0.1799130531713297,0.1637572602068793,0.0615723985475162,0.1073270749855193,0.0247462350478908,-0.1028862215936853,-0.1529979837359358,0.0116903439599889,Materials,15.0,4.0,75,6.58778277010433,742.256,680.558,8.111547366979861,7.291690949715416,8.109378625492273,7.2702829621796745
IFF,2014Q1,2014,Q1,1,0,0,0,770.224,341.412,428.812,185.237,123.733,177.44,156.175,142.933,106.707,61.504,168.21099999999998,3321.353,1516.516,3331.731,1467.051,0.0798520949749683,0.1606454745632439,0.4432632584806497,0.2027656889424375,0.1385402168719749,70.409,65.654,64.672,59.101,62.245,57.658,56.4,57.408,52.459,53.637,56.229,57.456,0.0970932293024108,0.0884519626651721,0.0853603648194711,0.0812009848372435,0.0914617123007884,0.0813281519983637,0.0781903102242148,0.0807862474247695,0.0814096585415816,0.0751455290532731,0.0785772279898097,0.0804400570651755,0.0582383943635653,0.1765218254187017,0.0965184994861252,0.0406592105040524,0.1224696356275303,0.1349432437539062,0.1208409463390918,0.029619954090992,0.0791954855084471,0.0660876871899351,-0.0166117426405468,0.0198037524025818,0.0361734230457417,0.0724835252613109,0.1117738986651237,0.1229188640702811,Materials,15.0,1.0,76,6.647978863144059,725.169,727.836,8.10842854581629,7.324830066535401,8.111547366979861,7.291690949715416
IFF,2014Q2,2014,Q2,0,1,0,0,788.414,352.647,435.767,199.35,132.919,184.057,153.297,146.353,110.285,66.431,176.716,3400.533,1598.298,3321.353,1516.516,0.0842590314225774,0.1685903598870644,0.4472865778639141,0.1944371865542722,0.1398820924032297,61.504,70.409,65.654,64.672,59.101,62.245,57.658,56.4,57.408,52.459,53.637,56.229,0.0798520949749683,0.0970932293024108,0.0884519626651721,0.0853603648194711,0.0812009848372435,0.0914617123007884,0.0813281519983637,0.0781903102242148,0.0807862474247695,0.0814096585415816,0.0751455290532731,0.0785772279898097,0.0406251031169362,0.0778229510760148,0.0558735994921943,0.027198787728847,0.057756297160459,0.0608715510619302,0.0398451099506198,0.0286038678245434,0.0649451579563027,0.0520621685093805,-0.0129021636590103,0.0233706209532342,0.0146532082779715,0.0194560441453419,0.0357456761783485,0.058217660514749,Materials,15.0,2.0,77,6.671290898060082,770.224,757.635,8.131981491340289,7.377320061948929,8.10842854581629,7.324830066535401
IFF,2014Q3,2014,Q3,0,0,1,0,773.813,340.111,433.702,186.913,123.212,172.7,153.198,142.185,107.415,63.701,171.116,3476.509,1639.519,3400.533,1598.298,0.0823209224967789,0.1592271000874888,0.4395260870520397,0.1979780644677719,0.1388126071802877,66.431,61.504,70.409,65.654,64.672,59.101,62.245,57.658,56.4,57.408,52.459,53.637,0.0842590314225774,0.0798520949749683,0.0970932293024108,0.0884519626651721,0.0853603648194711,0.0812009848372435,0.0914617123007884,0.0813281519983637,0.0781903102242148,0.0807862474247695,0.0814096585415816,0.0751455290532731,0.0425149813541418,0.0844960927245925,0.0451961254317709,-0.029746854723246,0.0348381529906642,0.0824495333111943,0.0612088010508717,0.0404220202853771,0.0422175417227057,0.0165220938137322,-0.0693149138092248,-0.0002853096950703,0.0025718038834765,0.0383059741790765,0.0402690725038028,0.038955676988464,Materials,15.0,3.0,78,6.6526217099155724,788.414,742.256,8.154071511860389,7.402767934168894,8.131981491340289,7.377320061948929
IFF,2014Q4,2014,Q4,0,0,0,1,756.082,327.98,428.102,197.032,135.027,150.284,130.948,117.589,90.135,62.005,152.14,3494.621,1522.689,3476.509,1639.519,0.0820083006869625,0.1785877722257638,0.433788927655995,0.1731928547432686,0.1192132599374142,63.701,66.431,61.504,70.409,65.654,64.672,59.101,62.245,57.658,56.4,57.408,52.459,0.0823209224967789,0.0842590314225774,0.0798520949749683,0.0970932293024108,0.0884519626651721,0.0853603648194711,0.0812009848372435,0.0914617123007884,0.0813281519983637,0.0781903102242148,0.0807862474247695,0.0814096585415816,0.0426286837964666,0.4661103791538574,0.0463383898805251,-0.1193597409422091,3.553508665616289,0.3805070897685942,0.4174522047301043,0.0398043301903747,-0.0888251568931777,-0.0986601036601264,-0.155365402138023,-0.1260792482813622,0.0035580318685943,0.3240639848328643,0.4061673172230311,0.1535545311173116,Materials,15.0,4.0,79,6.629471569895976,773.813,725.169,8.159266321287696,7.3288896471803655,8.154071511860389,7.402767934168894
IFF,2015Q1,2015,Q1,1,0,0,0,774.907,346.277,428.63,184.297,120.835,187.488,161.793,156.408,128.258,63.462,191.72000000000003,3507.172,1567.317,3494.621,1522.689,0.0818962791664032,0.1559348412132036,0.4468626557767577,0.2087902161162565,0.1655140552350153,62.005,63.701,66.431,61.504,70.409,65.654,64.672,59.101,62.245,57.658,56.4,57.408,0.0820083006869625,0.0823209224967789,0.0842590314225774,0.0798520949749683,0.0970932293024108,0.0884519626651721,0.0853603648194711,0.0812009848372435,0.0914617123007884,0.0813281519983637,0.0781903102242148,0.0807862474247695,0.0060800494401629,0.2019642572652218,0.0142496455894931,0.0318353277835588,0.0566275924256087,0.0359724667840564,0.0942749400068563,-0.0004244284208464,-0.0234213993033387,-0.0050745801324789,0.0255996313193247,-0.0293231624659665,0.0081202247811953,0.0297117683235317,0.194700419647581,0.1397589931692935,Materials,15.0,1.0,80,6.654032667640365,756.082,770.224,8.162850383076877,7.357758348844429,8.159266321287696,7.3288896471803655
IFF,2015Q2,2015,Q2,0,1,0,0,767.541,345.04,422.501,196.577,134.063,169.441,148.821,136.978,105.374,62.514,167.888,3653.628,1623.0,3507.172,1567.317,0.0814471148772508,0.1746655878969331,0.4495395034271784,0.193893225247902,0.137287780066472,63.462,62.005,63.701,66.431,61.504,70.409,65.654,64.672,59.101,62.245,57.658,56.4,0.0818962791664032,0.0820083006869625,0.0823209224967789,0.0842590314225774,0.0798520949749683,0.0970932293024108,0.0884519626651721,0.0853603648194711,0.0812009848372435,0.0914617123007884,0.0813281519983637,0.0781903102242148,-0.0264746693995793,-0.0445300811533753,-0.0215711462170384,-0.0589634357453597,-0.0794101827151371,-0.0291982230572026,-0.0640574501376808,-0.0304428742883238,0.0086067454615215,-0.0139102081765738,-0.0333722866006402,0.0360354412549948,0.0050368727226814,-0.002797619714675,-0.0185464221487287,-0.0499558613821046,Materials,15.0,2.0,81,6.644493912238702,774.907,788.414,8.203749588618335,7.392647520721623,8.162850383076877,7.357758348844429
IFF,2015Q3,2015,Q3,0,0,1,0,765.092,347.126,417.966,190.413,127.663,178.812,156.713,142.899,106.447,62.75,169.197,3911.685,1591.872,3653.628,1623.0,0.0820162803950374,0.1668596717780345,0.4537049139188489,0.2048289617457769,0.139129673294192,62.514,63.462,62.005,63.701,66.431,61.504,70.409,65.654,64.672,59.101,62.245,57.658,0.0814471148772508,0.0818962791664032,0.0820083006869625,0.0823209224967789,0.0842590314225774,0.0798520949749683,0.0970932293024108,0.0884519626651721,0.0853603648194711,0.0812009848372435,0.0914617123007884,0.0813281519983637,-0.0112701647555675,-0.0090117767537122,0.0206256192831164,-0.0149291219918055,0.0353908511870295,0.0229441637619289,0.0050216267538769,-0.0362829777128074,0.0361247281108982,0.0187252893057197,-0.0037006643329756,0.0479351296754881,0.0322593522534886,0.0346043249610628,0.0022841305292429,-0.0112146146473737,Materials,15.0,3.0,82,6.641302266967273,767.541,773.813,8.271979118075587,7.373293955143712,8.203749588618335,7.392647520721623
IFF,2015Q4,2015,Q4,0,0,0,1,715.649,313.156,402.493,194.903,137.527,139.018,110.489,92.285,71.585,57.376,128.96099999999998,3713.864,1588.71,3911.685,1591.872,0.0801733810848614,0.1921710223866727,0.437583228649799,0.1543899313769739,0.1000280863943078,62.75,62.514,63.462,62.005,63.701,66.431,61.504,70.409,65.654,64.672,59.101,62.245,0.0820162803950374,0.0814471148772508,0.0818962791664032,0.0820083006869625,0.0823209224967789,0.0842590314225774,0.0798520949749683,0.0970932293024108,0.0884519626651721,0.0853603648194711,0.0812009848372435,0.0914617123007884,-0.0534770038170463,-0.2058024074998614,-0.0451978779193853,-0.0746552697363116,-0.0749647334380239,-0.1562375904939364,-0.2151901963619046,-0.0598198560156224,0.0185148155554073,-0.0108053514149987,-0.0223748033641772,0.0760592396199304,0.0087468829928571,-0.1085663920383268,-0.1609315402764627,-0.1523530958327857,Materials,15.0,4.0,83,6.574586180986963,765.092,756.082,8.220097348137209,7.371306888642103,8.271979118075587,7.373293955143712
IFF,2016Q1,2016,Q1,1,0,0,0,783.312,360.209,423.103,192.989,123.543,194.071,167.22,154.896,118.603,63.385,181.988,4162.46,1630.364,3713.864,1588.71,0.0809192250342137,0.1577187634046203,0.4598538002737096,0.2134781542986702,0.151412208672917,57.376,62.75,62.514,63.462,62.005,63.701,66.431,61.504,70.409,65.654,64.672,59.101,0.0801733810848614,0.0820162803950374,0.0814471148772508,0.0818962791664032,0.0820083006869625,0.0823209224967789,0.0842590314225774,0.0798520949749683,0.0970932293024108,0.0884519626651721,0.0853603648194711,0.0812009848372435,0.0108464628658664,-0.075277955371205,0.0402336857486924,-0.0012133245091551,0.0351115804744837,0.0335428603215219,-0.0096670247046186,-0.0128945710752863,0.0224107253693053,0.0471630031959282,-0.0119303848982472,0.0114401770479097,0.0290718956462585,0.0224528633075575,-0.0852002963861581,-0.0507615272272065,Materials,15.0,1.0,84,6.664806900369328,715.649,774.907,8.334101738328174,7.397171753686628,8.220097348137209,7.371306888642103
IFF,2016Q2,2016,Q2,0,1,0,0,793.478,365.641,427.837,201.166,132.784,190.156,164.475,152.05,116.733,63.252,179.985,4154.628,1673.872,4162.46,1630.364,0.0797148755226988,0.1673442741953778,0.4608079871149547,0.2072836297918782,0.1471156100106115,63.385,57.376,62.75,62.514,63.462,62.005,63.701,66.431,61.504,70.409,65.654,64.672,0.0809192250342137,0.0801733810848614,0.0820162803950374,0.0814471148772508,0.0818962791664032,0.0820083006869625,0.0823209224967789,0.0842590314225774,0.0798520949749683,0.0970932293024108,0.0884519626651721,0.0853603648194711,0.0337923316148582,0.1077969897697725,0.0597061210294458,0.0118053556003454,0.1222549441988656,0.1051867679964519,0.1100322679554381,0.0126295559063764,-0.0095402907588223,0.0233445418334798,-0.021268271530093,-0.0419161770198004,0.0250667262873856,0.0690607138380206,0.0715856133690928,0.0720539883732012,Materials,15.0,2.0,85,6.677685295222083,783.312,767.541,8.332218839069528,7.423492023428722,8.334101738328174,7.397171753686628
IFF,2016Q3,2016,Q3,0,0,1,0,777.001,342.336,434.665,190.675,126.26,151.696,151.661,113.39,89.577,64.415,153.99200000000002,4097.129,1693.776,4154.628,1673.872,0.0829020812071027,0.1624965733634834,0.4405863055517303,0.1951876509811441,0.1152855659130425,63.252,63.385,57.376,62.75,62.514,63.462,62.005,63.701,66.431,61.504,70.409,65.654,0.0797148755226988,0.0809192250342137,0.0801733810848614,0.0820162803950374,0.0814471148772508,0.0818962791664032,0.0820083006869625,0.0823209224967789,0.0842590314225774,0.0798520949749683,0.0970932293024108,0.0884519626651721,0.015565448338239,-0.158482625156181,-0.0137990239855267,0.0265338645418327,-0.1516453034471959,-0.0322372745081773,-0.2065024947690327,0.0399530105319572,-0.010989871771774,0.00137595647356,0.010800304619994,-0.0261483099424714,-0.0289144066212715,-0.0470700563165431,-0.1713804598012008,-0.0898656595566114,Materials,15.0,3.0,86,6.656727809524609,793.478,765.092,8.318285807073531,7.435305857689191,8.332218839069528,7.423492023428722
IFF,2016Q4,2016,Q4,0,0,0,1,762.56,327.328,435.232,194.925,131.714,132.077,132.402999,103.381,79.717,63.211,142.928,4016.984,1626.244,4097.129,1693.776,0.0828931493915233,0.1727260805707092,0.4292488459924465,0.1736296147188418,0.1045386592530423,64.415,63.252,63.385,57.376,62.75,62.514,63.462,62.005,63.701,66.431,61.504,70.409,0.0829020812071027,0.0797148755226988,0.0809192250342137,0.0801733810848614,0.0820162803950374,0.0814471148772508,0.0818962791664032,0.0820083006869625,0.0823209224967789,0.0842590314225774,0.0798520949749683,0.0970932293024108,0.065550290715141,0.1135992177132081,0.0452553998646041,0.1016975738984942,-0.0499287862003481,0.1983364769343554,0.1202362247385815,0.0813405450529576,-0.0422680637256683,0.0001128766617242,0.0339235824890942,-0.1011856083943699,-0.0190463941752725,0.1246174745352426,0.0450930635717055,0.1083040609176417,Materials,15.0,4.0,87,6.637991707032701,777.001,715.649,8.298535563286315,7.394643065243364,8.318285807073531,7.435305857689191
IFF,2017Q1,2017,Q1,1,0,0,0,828.293,357.697,470.596,200.061,125.0,177.908,157.636,138.487,115.464,69.711,185.175,4252.259,1626.077,4016.984,1626.244,0.0841622469343577,0.1509127808637764,0.431848391813042,0.1903142969939381,0.1393999466372406,63.211,64.415,63.252,63.385,57.376,62.75,62.514,63.462,62.005,63.701,66.431,61.504,0.0828931493915233,0.0829020812071027,0.0797148755226988,0.0809192250342137,0.0801733810848614,0.0820162803950374,0.0814471148772508,0.0818962791664032,0.0820083006869625,0.0823209224967789,0.0842590314225774,0.0798520949749683,0.0574241170823375,-0.0264664468858291,-0.0069737291405822,0.0998027924587836,-0.083283952780168,-0.0573137184547303,-0.105935595496333,0.1122492631817784,0.0117934646236532,0.0366445755975728,0.0400772733398382,-0.0431526496526191,-0.0609006785286942,-0.108506921379526,-0.0793348313254279,0.0175121436578236,Materials,15.0,1.0,88,6.720573530567802,762.56,783.312,8.355440791588927,7.394540432466728,8.298535563286315,7.394643065243364
IFF,2017Q2,2017,Q2,0,1,0,0,842.861,363.877,478.984,211.08,138.3,188.413,152.797,142.04,109.595,72.761,182.356,4618.875,1674.358,4252.259,1626.077,0.0863262151173206,0.164083994869854,0.4317164989244965,0.1812837466676,0.1300273710611832,69.711,63.211,64.415,63.252,63.385,57.376,62.75,62.514,63.462,62.005,63.701,66.431,0.0841622469343577,0.0828931493915233,0.0829020812071027,0.0797148755226988,0.0809192250342137,0.0801733810848614,0.0820162803950374,0.0814471148772508,0.0818962791664032,0.0820083006869625,0.0823209224967789,0.0842590314225774,0.0622361300502345,-0.0611480900859225,-0.0048244042653859,0.150335167267438,-0.0091661583121226,-0.0710016719866241,-0.0658336073659981,0.1195478651916501,0.0415411495360888,0.0492826819641492,0.0829373382479818,-0.0194824671546118,-0.0631314755905065,-0.1254314349395718,-0.1161551717604655,0.0131733199988886,Materials,15.0,2.0,89,6.737987789089622,828.293,793.478,8.438122927432701,7.423782152765161,8.355440791588927,7.394540432466728
IFF,2017Q3,2017,Q3,0,0,1,0,872.94,370.804,502.136,219.414,145.652,189.972,151.39,141.326,110.061,73.762,183.823,4520.438,1757.313,4618.875,1674.358,0.0844983618576305,0.1668522464315989,0.4247760441725662,0.1734254358833367,0.1260808302976149,72.761,69.711,63.211,64.415,63.252,63.385,57.376,62.75,62.514,63.462,62.005,63.701,0.0863262151173206,0.0841622469343577,0.0828931493915233,0.0829020812071027,0.0797148755226988,0.0809192250342137,0.0801733810848614,0.0820162803950374,0.0814471148772508,0.0818962791664032,0.0820083006869625,0.0823209224967789,0.1234734575631177,0.2286747714257009,0.0831580669283977,0.1451059535822401,0.2523204303343529,-0.0017868799493608,0.2463709321809681,0.1552252884405232,0.1535878346269601,0.1507224334600758,0.0192550129898436,0.0268047071883319,-0.0358845955490275,-0.1114938111525802,0.0936393407021571,0.1937178554730114,Materials,15.0,3.0,90,6.773011723413441,842.861,777.001,8.416585363822891,7.472110105628252,8.438122927432701,7.423782152765161
IFF,2017Q4,2017,Q4,0,0,0,1,854.625,355.472,499.153,209.489,132.669,163.276,145.983,115.192,-40.355,76.82,36.465,4598.926,1684.202,4520.438,1757.313,0.0898873775047535,0.1552365072400175,0.4159391545999707,0.1708152698551996,-0.0472195407342401,73.762,72.761,69.711,63.211,64.415,63.252,63.385,57.376,62.75,62.514,63.462,62.005,0.0844983618576305,0.0863262151173206,0.0841622469343577,0.0828931493915233,0.0829020812071027,0.0797148755226988,0.0809192250342137,0.0801733810848614,0.0820162803950374,0.0814471148772508,0.0818962791664032,0.0820083006869625,0.1207314834242552,-1.506228282549519,0.0859810343142046,0.2152948062837163,0.2362182666172005,0.10256566016303,0.1142472988266702,0.1468664987868539,0.0072505580272408,0.0747159163780941,0.0843764311595267,-0.101256123411727,-0.0310069357593799,-0.0162088988574871,-1.4516945316846117,-0.7448715437143177,Materials,15.0,4.0,91,6.751832196042713,872.94,762.56,8.433795495391267,7.429640716906911,8.416585363822891,7.472110105628252
IFF,2018Q1,2018,Q1,1,0,0,0,930.928,402.349,528.578999,220.606,142.13,208.6,181.743,158.837,129.116,78.476,207.592,4681.276,1773.15,4598.926,1684.202,0.0842986783080968,0.1526756097141776,0.4322020607393912,0.1952277727171166,0.1386960108622793,76.82,73.762,72.761,69.711,63.211,64.415,63.252,63.385,57.376,62.75,62.514,63.462,0.0898873775047535,0.0844983618576305,0.0863262151173206,0.0841622469343577,0.0828931493915233,0.0829020812071027,0.0797148755226988,0.0809192250342137,0.0801733810848614,0.0820162803950374,0.0814471148772508,0.0818962791664032,0.1239114661116296,0.118235986974295,0.1248319108071915,0.1257333849751114,0.1725161319333588,0.1529282651171053,0.1469452006325502,0.1232118398796418,0.13704,0.1026936784280794,0.0016210519408483,0.0116811103758829,0.0008189654819932,0.0258176910552077,-0.0050497564162858,0.1210584582152018,Materials,15.0,1.0,92,6.837255558482523,854.625,828.293,8.451539595480444,7.481076713973672,8.433795495391267,7.429640716906911
IFF,2018Q2,2018,Q2,0,1,0,0,920.016,392.859,527.157,232.17,157.403,181.595,160.689,121.918,98.949,74.767,173.716,4673.442,1749.855,4681.276,1773.15,0.08126706492061,0.1710872419610093,0.4270132258569416,0.1746589189753221,0.1075513904106015,78.476,76.82,73.762,72.761,69.711,63.211,64.415,63.252,63.385,57.376,62.75,62.514,0.0842986783080968,0.0898873775047535,0.0844983618576305,0.0863262151173206,0.0841622469343577,0.0828931493915233,0.0829020812071027,0.0797148755226988,0.0809192250342137,0.0801733810848614,0.0820162803950374,0.0814471148772508,0.0915394115993029,-0.0971394680414252,0.079647793072934,0.0275697145448798,-0.0361864627175407,0.0516502287348572,-0.1416643199098844,0.1005732968115846,0.1381272595806217,0.0999147242751561,-0.0586050273353812,0.0426808665690405,-0.0108943556228955,-0.03654396940739,-0.1728557646528579,-0.0473798504025092,Materials,15.0,2.0,93,6.825477408525689,930.928,842.861,8.44986507631025,7.467859519033971,8.451539595480444,7.481076713973672
IFF,2018Q3,2018,Q3,0,0,1,0,907.548,395.813,511.735,218.757,143.455,180.715,177.056,100.702,95.616,75.302,170.918,9615.542,4031.814,4673.442,1749.855,0.0829730218126203,0.1580687743237823,0.4361345074861054,0.1950927113497027,0.1053564109005804,74.767,78.476,76.82,73.762,72.761,69.711,63.211,64.415,63.252,63.385,57.376,62.75,0.08126706492061,0.0842986783080968,0.0898873775047535,0.0844983618576305,0.0863262151173206,0.0841622469343577,0.0828931493915233,0.0829020812071027,0.0797148755226988,0.0809192250342137,0.0801733810848614,0.0820162803950374,0.0396453364492404,-0.1312454002780276,0.0674453350017798,0.0208779588405956,-0.0487282336344303,0.1695356364356961,-0.2874488770643759,0.0191163350168082,-0.0150838986076399,-0.0029943394678552,-0.0180517114353075,-0.0526422166657335,0.0267398867458843,0.1249371256067741,-0.1643740713644914,-0.0702034021857983,Materials,15.0,3.0,94,6.811847720782864,920.016,872.94,9.171240019579255,8.302219674295822,8.44986507631025,7.467859519033971
IFF,2018Q4,2018,Q4,0,0,0,1,1219.047,457.006,762.041,285.948,202.91,9.109,171.058,66.3,9.773,83.038,92.811,12889.395,6032.951,9615.542,4031.814,0.0681171439657371,0.1664496939002351,0.3748879247477742,0.1403210868818019,0.0080169181335912,75.302,74.767,78.476,76.82,73.762,72.761,69.711,63.211,64.415,63.252,63.385,57.376,0.0829730218126203,0.08126706492061,0.0842986783080968,0.0898873775047535,0.0844983618576305,0.0863262151173206,0.0841622469343577,0.0828931493915233,0.0829020812071027,0.0797148755226988,0.0809192250342137,0.0801733810848614,0.4264115840280824,-1.2421756907446413,0.2856314984021244,0.0809424629002864,-0.9442110291775888,0.1717665755601678,-0.4244391971664699,0.5266681758899576,0.5294454620144871,0.3649785907613285,-0.2421945566035129,0.0722329229095604,-0.0986952764561861,-0.178521410874143,-1.1697796719098108,1.5452077334430276,Materials,15.0,4.0,95,7.106644661575413,907.548,854.625,9.464237739373726,8.705157299036381,9.171240019579255,8.302219674295822
IFF,2019Q1,2019,Q1,1,0,0,0,1297.402,486.857,810.545,302.078,211.482,252.707,184.779,134.576,109.099,90.596,199.695,13211.42,6143.211,12889.395,6032.951,0.0698287809021413,0.1630042192011419,0.3752553179353816,0.1424223178320983,0.0840903590406057,83.038,75.302,74.767,78.476,76.82,73.762,72.761,69.711,63.211,64.415,63.252,63.385,0.0681171439657371,0.0829730218126203,0.08126706492061,0.0842986783080968,0.0898873775047535,0.0844983618576305,0.0863262151173206,0.0841622469343577,0.0828931493915233,0.0829020812071027,0.0797148755226988,0.0809192250342137,0.3936652458621934,-0.155031134793519,0.2100365602996405,0.154442122432336,0.2114429530201342,0.0167049074792426,-0.1527414897032807,0.5334415509005117,0.4879476535566032,0.3693099915686788,-0.1716503472696283,0.0676506843909146,-0.131759535589876,-0.2704812647815893,-0.3937074432219629,-0.0380409649697484,Materials,15.0,1.0,96,7.168889556556558,1219.047,930.928,9.488912575287882,8.723265616685737,9.464237739373726,8.705157299036381
IFF,2019Q2,2019,Q2,0,1,0,0,1291.568,493.888,797.68,282.516,197.7,274.897,211.372,169.481,135.664,84.816,220.48,13348.082,6199.379,13211.42,6143.211,0.0656690162655005,0.1530697570704755,0.3823941132019375,0.1636553398659614,0.1050382171128426,90.596,83.038,75.302,74.767,78.476,76.82,73.762,72.761,69.711,63.211,64.415,63.252,0.0698287809021413,0.0681171439657371,0.0829730218126203,0.08126706492061,0.0842986783080968,0.0898873775047535,0.0844983618576305,0.0863262151173206,0.0841622469343577,0.0828931493915233,0.0829020812071027,0.0797148755226988,0.4038538460200693,0.3710497326905779,0.2571635115906725,0.1344042157636391,0.513791679286324,0.3154105134763427,0.3901228694696435,0.5131734948032558,0.2560116389141249,0.216849722186329,-0.1919356712383706,-0.1053116800762968,-0.1044911725285822,-0.0630003848295631,-0.0233671855674231,0.2691980013355131,Materials,15.0,2.0,97,7.164386216217231,1297.402,920.016,9.499202897419096,8.732365698197137,9.488912575287882,8.723265616685737
IFF,2019Q3,2019,Q3,0,0,1,0,1267.345,481.246,786.099,281.606,196.529,270.762,199.64,156.866,128.66,85.077,213.737,12984.724,6055.819,13348.082,6199.379,0.0671301026950041,0.1550714288532325,0.3797276984562214,0.1575261669079848,0.1015193179442061,84.816,90.596,83.038,75.302,74.767,78.476,76.82,73.762,72.761,69.711,63.211,64.415,0.0656690162655005,0.0698287809021413,0.0681171439657371,0.0829730218126203,0.08126706492061,0.0842986783080968,0.0898873775047535,0.0844983618576305,0.0863262151173206,0.0841622469343577,0.0828931493915233,0.0829020812071027,0.3964495541833599,0.3455906961178046,0.2158418242958164,0.1298106291997556,0.4982818249730238,0.1275528646303991,0.557724772099859,0.5361446842604083,0.3699696769021643,0.2873005206690529,-0.1909406066154205,-0.0189622870384894,-0.1293335153758292,-0.1925573958238762,-0.0364201183731965,0.2505236429164861,Materials,15.0,3.0,98,7.145468180008499,1291.568,907.548,9.471605879184784,8.708940023754193,9.499202897419096,8.732365698197137
IFF,2019Q4,2019,Q4,0,0,0,1,1283.769,451.714,832.055,280.613,194.976,219.774,171.101,96.527,79.352,85.637,164.989,13287.411,6217.304,12984.724,6055.819,0.0667074839788155,0.1518777910979311,0.3518654835877794,0.1332802085110327,0.0618117433899712,85.077,84.816,90.596,83.038,75.302,74.767,78.476,76.82,73.762,72.761,69.711,63.211,0.0671301026950041,0.0656690162655005,0.0698287809021413,0.0681171439657371,0.0829730218126203,0.08126706492061,0.0842986783080968,0.0898873775047535,0.0844983618576305,0.0863262151173206,0.0841622469343577,0.0828931493915233,0.0530922925859298,7.119512943824825,-0.0115797166776803,0.0312989233844747,23.1271270172357,0.0002513767260228,0.4559125188536954,0.0918769462535478,-0.0391010792962397,-0.0186572383790059,-0.0206946431522543,-0.0875453866021402,-0.0614115303273222,-0.0501769087400241,6.7101627283653205,0.777687989570202,Materials,15.0,4.0,99,7.158334214632415,1267.345,1219.047,9.494647580977356,8.735252479742037,9.471605879184784,8.708940023754193
IFF,2020Q1,2020,Q1,1,0,0,0,1347.317,513.746,833.571,296.052,210.143,266.027,217.694,153.508,130.213,85.909,216.122,12689.076,5827.85,13287.411,6217.304,0.0637630193933573,0.1559714603170597,0.3813104117293851,0.161575932018968,0.096646149347184,85.637,85.077,84.816,90.596,83.038,75.302,74.767,78.476,76.82,73.762,72.761,69.711,0.0667074839788155,0.0671301026950041,0.0656690162655005,0.0698287809021413,0.0681171439657371,0.0829730218126203,0.08126706492061,0.0842986783080968,0.0898873775047535,0.0844983618576305,0.0863262151173206,0.0841622469343577,0.0384730407383371,0.1935306464770527,0.0552297697270449,-0.0517351759459578,0.0527092640884503,0.1781317141017107,0.1406788729045298,0.0284080464378906,-0.0063315081188942,-0.0199484901250668,-0.0868662094686235,-0.0431446432402098,0.0161359306706645,0.1344846403177482,0.1493130776206501,0.0822604471819525,Materials,15.0,1.0,100,7.206612427030468,1283.769,1297.402,9.448575549658191,8.670575004312484,9.494647580977356,8.735252479742037
IFF,2020Q2,2020,Q2,0,1,0,0,1198.773,432.099,766.674,275.438,194.49,214.562,156.661,103.065,84.398,80.948,165.346,12989.13,5987.805,12689.076,5827.85,0.0675257117068869,0.1622408913113659,0.3604510612100873,0.1306844581918345,0.070403654403294,85.909,85.637,85.077,84.816,90.596,83.038,75.302,74.767,78.476,76.82,73.762,72.761,0.0637630193933573,0.0667074839788155,0.0671301026950041,0.0656690162655005,0.0698287809021413,0.0681171439657371,0.0829730218126203,0.08126706492061,0.0842986783080968,0.0898873775047535,0.0844983618576305,0.0863262151173206,-0.0718467784894021,-0.3778894916853402,-0.1251073117791887,-0.0456046029051123,-0.2194822060626343,-0.2588374997634503,-0.391878735669485,-0.0388702236485808,-0.0162367223065249,-0.0250534483002733,0.0282735382220402,0.0599147370219435,-0.0573833415167202,-0.2014653582408678,-0.3297329644536968,-0.2500634978229317,Materials,15.0,2.0,101,7.089887651215155,1347.317,1291.568,9.471945117312798,8.697647172041615,9.448575549658191,8.670575004312484
IFF,2020Q3,2020,Q3,0,0,1,0,1268.076,475.585,792.491,283.595,193.627,223.461,191.99,105.5,85.592,89.968,175.56,13085.374,6078.207,12989.13,5987.805,0.0709484289585166,0.1526935294099091,0.3750445556890912,0.1514025973206653,0.0674975316936839,80.948,85.909,85.637,85.077,84.816,90.596,83.038,75.302,74.767,78.476,76.82,73.762,0.0675257117068869,0.0637630193933573,0.0667074839788155,0.0671301026950041,0.0656690162655005,0.0698287809021413,0.0681171439657371,0.0829730218126203,0.08126706492061,0.0842986783080968,0.0898873775047535,0.0844983618576305,0.000576796373521,-0.334742732784082,-0.0117632146552906,0.0574890981111229,-0.1746958583553083,-0.0383189741534761,-0.3274514553823009,0.0081312913513436,-0.0147662685914037,0.0070630597359433,0.0568794938518204,-0.0153342202422983,-0.0123328974582826,-0.0388733485205439,-0.3351262295637189,-0.1786167111917918,Materials,15.0,3.0,102,7.146044355597984,1198.773,1267.345,9.479326815183285,8.712629538822211,9.471945117312798,8.697647172041615
IFF,2020Q4,2020,Q4,0,0,0,1,1270.073,465.267,804.806,310.456,210.418,193.624,154.811,79.298,63.928,100.038,163.966,13555.671,6311.153,13085.374,6078.207,0.0787655512714623,0.1656739415765865,0.3663309116877533,0.1218914188397044,0.0503341146532522,89.968,80.948,85.909,85.637,85.077,84.816,90.596,83.038,75.302,74.767,78.476,76.82,0.0709484289585166,0.0675257117068869,0.0637630193933573,0.0667074839788155,0.0671301026950041,0.0656690162655005,0.0698287809021413,0.0681171439657371,0.0829730218126203,0.08126706492061,0.0842986783080968,0.0898873775047535,-0.0106685860150852,-0.1943744329065431,0.0300034977884235,0.1681632939033361,-0.1189858673000445,-0.095206924565023,-0.1784889201984937,-0.0327490370227928,0.0791994912194322,0.1063493138236646,0.1807603371231354,0.0908371815189199,0.0411106765928783,-0.0854499688930597,-0.1856868631629835,-0.0062004133608907,Materials,15.0,4.0,103,7.147616704630602,1268.076,1283.769,9.51463402987904,8.750232101775664,9.479326815183285,8.712629538822211
IFF,2021Q1,2021,Q1,1,0,0,0,2465.0,600.0,1865.0,467.0,324.0,253.0,133.0,-54.0,-43.0,143.0,100.0,40817.0,21642.0,13555.671,6311.153,0.0580121703853955,0.1314401622718052,0.2434077079107505,0.0539553752535496,-0.0174442190669371,100.038,89.968,80.948,85.909,85.637,85.077,84.816,90.596,83.038,75.302,74.767,78.476,0.0787655512714623,0.0709484289585166,0.0675257117068869,0.0637630193933573,0.0667074839788155,0.0671301026950041,0.0656690162655005,0.0698287809021413,0.0681171439657371,0.0829730218126203,0.08126706492061,0.0842986783080968,0.8295620110189361,-1.33022816462258,0.1678923047576039,0.6645520259809798,-0.0489687137019926,-0.3890506858250572,-1.351773197488079,1.2373619043848691,0.5418072455423211,0.5774255873968086,-0.0901909768808861,-0.1572806845264326,-0.3616547032985392,-0.6660679930522346,-1.1804957485090468,-0.5372983777681125,Materials,15.0,1.0,104,7.81035268372429,1270.073,1347.317,10.616878439573116,9.982437355514529,9.51463402987904,8.750232101775664
IFF,2021Q2,2021,Q2,0,1,0,0,3089.0,708.0,2381.0,556.0,392.0,443.0,152.0,44.0,29.0,164.0,193.0,40864.0,21761.0,40817.0,21642.0,0.0530916154095176,0.1269019100032373,0.2292003884752347,0.0492068630624797,0.0093881515053415,143.0,100.038,89.968,80.948,85.909,85.637,85.077,84.816,90.596,83.038,75.302,74.767,0.0580121703853955,0.0787655512714623,0.0709484289585166,0.0675257117068869,0.0637630193933573,0.0667074839788155,0.0671301026950041,0.0656690162655005,0.0698287809021413,0.0681171439657371,0.0829730218126203,0.08126706492061,1.5768014461453506,-0.6563899618474371,0.6385133962355849,1.0259919948608984,1.064671283824722,-0.0297521399710202,-0.573084946393053,2.105622467959002,1.015527790631909,1.0186030976118037,-0.2137570405777326,-0.2178179682229895,-0.3641289674504627,-0.6234681327580058,-0.8666524971621035,0.1672492833210359,Materials,15.0,2.0,105,8.035926369891792,2465.0,1198.773,10.61802922995023,9.987920608510958,10.616878439573116,9.982437355514529
IFF,2021Q3,2021,Q3,0,0,1,0,3071.0,894.0,2177.0,568.0,412.0,621.0,326.0,250.0,193.0,156.0,349.0,40252.0,21426.0,40864.0,21761.0,0.0507977857375447,0.1341582546401823,0.2911103874959296,0.1061543471182025,0.0628459785086291,164.0,143.0,100.038,89.968,80.948,85.909,85.637,85.077,84.816,90.596,83.038,75.302,0.0530916154095176,0.0580121703853955,0.0787655512714623,0.0709484289585166,0.0675257117068869,0.0637630193933573,0.0667074839788155,0.0671301026950041,0.0656690162655005,0.0698287809021413,0.0681171439657371,0.0829730218126203,1.4217791362662804,1.2548836339844844,0.879790153179768,0.7339498488351412,1.7790084175762213,0.6980051044325224,1.3696682464454977,1.7470343511787516,1.1278024242486842,1.0028561857578588,-0.2840181737181795,-0.1213887375670548,-0.2237978579343577,-0.2988604621268722,-0.0689144190659364,0.987924356345409,Materials,15.0,3.0,106,8.030084094267563,3089.0,1268.076,10.602939814230668,9.972407088000725,10.61802922995023,9.987920608510958
IFF,2021Q4,2021,Q4,0,0,0,1,3031.0,800.0,2231.0,569.0,403.0,482.0,231.0,114.0,89.0,166.0,255.0,39658.0,21082.0,40252.0,21426.0,0.0547674034971956,0.1329594193335533,0.2639392939623886,0.0762124711316397,0.0293632464533157,156.0,164.0,143.0,100.038,89.968,80.948,85.909,85.637,85.077,84.816,90.596,83.038,0.0507977857375447,0.0530916154095176,0.0580121703853955,0.0787655512714623,0.0709484289585166,0.0675257117068869,0.0637630193933573,0.0667074839788155,0.0671301026950041,0.0656690162655005,0.0698287809021413,0.0681171439657371,1.3864769977788676,0.3921912151170066,0.719442814555943,0.659369439612947,1.4893608230384665,0.4921420312510092,0.4376150722590732,1.772096629498289,0.9152353886074384,0.8327878990903701,-0.3046782176583521,-0.1974632940564779,-0.2795058087061991,-0.374751136239834,-0.4166332981995043,0.555200468389788,Materials,15.0,4.0,107,8.016977746762262,3071.0,1270.073,10.588073187434166,9.956222307519994,10.602939814230668,9.972407088000725
IFF,2022Q1,2022,Q1,1,0,0,0,3226.0,959.0,2267.0,597.0,440.0,660.0,362.0,285.0,244.0,157.0,401.0,39747.0,20933.0,39658.0,21082.0,0.0486670799752014,0.1363918164910105,0.2972721636701798,0.1122132672039677,0.0756354618722876,166.0,156.0,164.0,143.0,100.038,89.968,80.948,85.909,85.637,85.077,84.816,90.596,0.0547674034971956,0.0507977857375447,0.0530916154095176,0.0580121703853955,0.0787655512714623,0.0709484289585166,0.0675257117068869,0.0637630193933573,0.0667074839788155,0.0671301026950041,0.0656690162655005,0.0698287809021413,0.3087221095334684,-6.674418604651163,0.5983333333333334,0.0979020979020979,1.608695652173913,1.7218045112781954,-6.277777777777778,0.2155495978552279,0.3580246913580247,0.2783725910064241,-0.1610884465813169,0.0376723075627807,0.2212931390783219,1.0797421327652672,-5.33584682593463,3.01,Materials,15.0,1.0,108,8.079308192051961,3031.0,2465.0,10.590314804351253,9.949129910414829,10.588073187434166,9.956222307519994
IFF,2022Q2,2022,Q2,0,1,0,0,3307.0,952.0,2355.0,584.0,426.0,508.0,368.0,130.0,109.0,158.0,267.0,39304.0,20260.0,39747.0,20933.0,0.0477774417901421,0.12881765951013,0.2878742062292108,0.1112791049289386,0.0329603870577562,157.0,166.0,156.0,164.0,143.0,100.038,89.968,80.948,85.909,85.637,85.077,84.816,0.0486670799752014,0.0547674034971956,0.0507977857375447,0.0530916154095176,0.0580121703853955,0.0787655512714623,0.0709484289585166,0.0675257117068869,0.0637630193933573,0.0667074839788155,0.0671301026950041,0.0656690162655005,0.070573000971188,2.7586206896551726,0.3446327683615819,-0.0365853658536585,0.1467268623024831,1.4210526315789471,1.9545454545454544,-0.0109197816043679,0.086734693877551,0.0503597122302157,-0.1000944043307987,0.0150963015989582,0.2559935353701017,1.2614549679308644,2.5108495041865213,0.383419689119171,Materials,15.0,2.0,109,8.104099056143582,3226.0,3089.0,10.579107016227857,9.91645313492615,10.590314804351253,9.949129910414829
IFF,2022Q3,2022,Q3,0,0,1,0,3063.0,819.0,2244.0,533.0,388.0,-1659.0,286.0,-2035.0,-2196.0,145.0,-2051.0,34537.0,16887.0,39304.0,20260.0,0.0473392099249102,0.1266731962128632,0.267384916748286,0.0933725106105125,-0.7169441723800196,158.0,157.0,166.0,156.0,164.0,143.0,100.038,89.968,80.948,85.909,85.637,85.077,0.0477774417901421,0.0486670799752014,0.0547674034971956,0.0507977857375447,0.0530916154095176,0.0580121703853955,0.0787655512714623,0.0709484289585166,0.0675257117068869,0.0637630193933573,0.0667074839788155,0.0671301026950041,-0.0026050146532073,-12.378238341968911,-0.0838926174496644,-0.0705128205128204,-3.671497584541063,-0.1226993865030674,-9.14,0.0307762976573267,-0.0582524271844659,-0.0616197183098591,-0.0680851687217994,-0.0557927534715948,-0.081499911259523,-0.1204080365494353,-12.407956235124562,-6.876790830945558,Materials,15.0,3.0,110,8.027476530860483,3307.0,3071.0,10.449815446144616,9.734358589528156,10.579107016227857,9.91645313492615
IFF,2022Q4,2022,Q4,0,0,0,1,2844.0,694.0,2150.0,542.0,399.0,381.0,152.0,-5.0,-25.0,143.0,118.0,35522.0,17655.0,34537.0,16887.0,0.05028129395218,0.140295358649789,0.2440225035161744,0.0534458509142053,-0.0087904360056258,145.0,158.0,157.0,166.0,156.0,164.0,143.0,100.038,89.968,80.948,85.909,85.637,0.0473392099249102,0.0477774417901421,0.0486670799752014,0.0547674034971956,0.0507977857375447,0.0530916154095176,0.0580121703853955,0.0787655512714623,0.0709484289585166,0.0675257117068869,0.0637630193933573,0.0667074839788155,-0.0616958099637083,-1.2808988764044944,-0.1324999999999999,-0.1385542168674698,-0.2095435684647303,-0.3419913419913419,-1.043859649122807,-0.0363065889735544,-0.009925558312655,-0.047451669595782,-0.0819120363309779,0.0551742731203734,-0.0754597398030941,-0.2987256531560328,-1.2993686689106971,-0.5372549019607843,Materials,15.0,4.0,111,7.953318346560431,3063.0,3031.0,10.477935652999067,9.778830947936573,10.449815446144616,9.734358589528156
IFF,2023Q1,2023,Q1,1,0,0,0,3027.0,793.0,2234.0,594.0,433.0,401.0,199.0,14.0,-9.0,161.0,152.0,35470.0,17758.0,35522.0,17655.0,0.0531879748926329,0.1430459200528576,0.2619755533531549,0.0657416584076643,-0.0029732408325074,143.0,145.0,158.0,157.0,166.0,156.0,164.0,143.0,100.038,89.968,80.948,85.909,0.05028129395218,0.0473392099249102,0.0477774417901421,0.0486670799752014,0.0547674034971956,0.0507977857375447,0.0530916154095176,0.0580121703853955,0.0787655512714623,0.0709484289585166,0.0675257117068869,0.0637630193933573,-0.0616862988220706,-1.036885245901639,-0.173096976016684,0.0254777070063694,-0.3924242424242424,-0.4502762430939226,-0.950877192982456,-0.0145566828407587,-0.0159090909090908,-0.0050251256281407,0.0928943121250569,0.0487866774784515,-0.1187349998777081,-0.4141364916488254,-1.0393101431379876,-0.6209476309226933,Materials,15.0,1.0,112,8.01565761455734,2844.0,3226.0,10.476470740209276,9.784647708654596,10.477935652999067,9.778830947936573
IFF,2023Q2,2023,Q2,0,1,0,0,2929.0,759.0,2170.0,561.0,400.0,453.0,198.0,50.0,27.0,161.0,188.0,34459.0,17623.0,35470.0,17758.0,0.0549675657220894,0.1365653806759986,0.2591328098327074,0.0675998634346193,0.0092181631956299,161.0,143.0,145.0,158.0,157.0,166.0,156.0,164.0,143.0,100.038,89.968,80.948,0.0531879748926329,0.05028129395218,0.0473392099249102,0.0477774417901421,0.0486670799752014,0.0547674034971956,0.0507977857375447,0.0530916154095176,0.0580121703853955,0.0787655512714623,0.0709484289585166,0.0675257117068869,-0.1143029936498336,-0.7522935779816513,-0.2027310924369747,0.018987341772152,-0.1082677165354331,-0.4619565217391305,-0.6153846153846154,-0.078556263269639,-0.0610328638497652,-0.0393835616438356,0.1504920243224672,0.0601448682993603,-0.0998401238269292,-0.3925197054937878,-0.7203260028628614,-0.295880149812734,Materials,15.0,2.0,113,7.982757702011113,3027.0,3307.0,10.44755451008192,9.777016888482178,10.476470740209276,9.784647708654596
IFF,2023Q3,2023,Q3,0,0,1,0,2820.0,756.0,2064.0,540.0,383.0,461.0,216.0,59.0,25.0,157.0,182.0,33395.0,16978.0,34459.0,17623.0,0.0556737588652482,0.1358156028368794,0.2680851063829787,0.076595744680851,0.0088652482269503,161.0,161.0,143.0,145.0,158.0,157.0,166.0,156.0,164.0,143.0,100.038,89.968,0.0549675657220894,0.0531879748926329,0.05028129395218,0.0473392099249102,0.0477774417901421,0.0486670799752014,0.0547674034971956,0.0507977857375447,0.0530916154095176,0.0580121703853955,0.0787655512714623,0.0709484289585166,-0.0793339862879529,-1.011384335154827,-0.0769230769230768,0.0827586206896551,-1.2778782399035564,-0.2447552447552448,-1.028992628992629,-0.0802139037433155,-0.0128865979381442,0.0131332082551594,0.1760601614086574,0.0721731739416537,0.0026186579378066,-0.1796756435054306,-1.0123653257373173,-1.0887372013651877,Materials,15.0,3.0,114,7.944846711001996,2929.0,3063.0,10.416191411313891,9.739732565316011,10.44755451008192,9.777016888482178
IFF,2023Q4,2023,Q4,0,0,0,1,2703.0,693.0,2010.0,524.0,367.0,-2311.0,169.0,-2641.0,-2607.0,157.0,-2450.0,30978.0,14611.0,33395.0,16978.0,0.0580836108028116,0.1357750647428783,0.2563817980022198,0.0625231224565297,-0.9644839067702552,157.0,161.0,161.0,143.0,145.0,158.0,157.0,166.0,156.0,164.0,143.0,100.038,0.0556737588652482,0.0549675657220894,0.0531879748926329,0.05028129395218,0.0473392099249102,0.0477774417901421,0.0486670799752014,0.0547674034971956,0.0507977857375447,0.0530916154095176,0.0580121703853955,0.0787655512714623,-0.0495780590717299,103.28,-0.0014409221902017,0.0979020979020979,-7.065616797900263,0.1118421052631579,527.2,-0.0651162790697674,-0.0802005012531328,-0.033210332103321,0.1551733505118633,-0.0322198392763262,0.0506481750984337,0.1698405280682282,108.71968923418424,-21.76271186440678,Materials,15.0,4.0,115,7.902487437162855,2820.0,2844.0,10.341064834560278,9.589598387915172,10.416191411313891,9.739732565316011
IFF,2024Q1,2024,Q1,1,0,0,0,2899.0,856.0,2043.0,598.0,432.0,476.0,258.0,115.0,60.0,166.0,226.0,30642.0,14291.0,30978.0,14611.0,0.0572611245256985,0.149016902380131,0.2952742324939634,0.0889962055881338,0.0206967919972404,157.0,157.0,161.0,161.0,143.0,145.0,158.0,157.0,166.0,156.0,164.0,143.0,0.0580836108028116,0.0556737588652482,0.0549675657220894,0.0531879748926329,0.05028129395218,0.0473392099249102,0.0477774417901421,0.0486670799752014,0.0547674034971956,0.0507977857375447,0.0530916154095176,0.0580121703853955,-0.0422860918401056,-7.666666666666667,0.0794451450189155,0.0310559006211179,0.1870324189526184,0.2964824120603015,7.2142857142857135,-0.0854968666069829,-0.0023094688221708,0.0067340067340067,0.076580272914841,0.0417417171008238,0.1271060551818756,0.3537262025893524,-7.96102104173853,0.4868421052631579,Materials,15.0,1.0,116,7.9724660159745655,2703.0,3027.0,10.33015953028869,9.5674552191433,10.341064834560278,9.589598387915172
IFF,2024Q2,2024,Q2,0,1,0,0,2889.0,915.0,1974.0,576.0,403.0,508.0,339.0,183.0,170.0,173.0,343.0,29543.0,14254.0,30642.0,14291.0,0.0598823122187608,0.1394946348217376,0.3167185877466251,0.1173416407061266,0.0588438906195915,166.0,157.0,157.0,161.0,161.0,143.0,145.0,158.0,157.0,166.0,156.0,164.0,0.0572611245256985,0.0580836108028116,0.0556737588652482,0.0549675657220894,0.0531879748926329,0.05028129395218,0.0473392099249102,0.0477774417901421,0.0486670799752014,0.0547674034971956,0.0507977857375447,0.0530916154095176,-0.0136565380675998,5.296296296296297,0.2055335968379446,0.0745341614906831,0.1214128035320087,0.7121212121212122,2.66,-0.0903225806451613,0.0075,0.0267379679144386,0.0894117545885118,0.0214494634821738,0.2222249585110209,0.7358265940820456,5.383472430547543,0.824468085106383,Materials,15.0,2.0,117,7.969011781106478,2899.0,2929.0,10.293635956532398,9.564863001346772,10.33015953028869,9.5674552191433
IFF,2024Q3,2024,Q3,0,0,1,0,2925.0,906.0,2019.0,586.0,424.0,417.0,320.0,95.0,59.0,162.0,221.0,29928.0,14775.0,29543.0,14254.0,0.0553846153846153,0.1449572649572649,0.3097435897435897,0.1094017094017094,0.0201709401709401,173.0,166.0,157.0,157.0,161.0,161.0,143.0,145.0,158.0,157.0,166.0,156.0,0.0598823122187608,0.0572611245256985,0.0580836108028116,0.0556737588652482,0.0549675657220894,0.0531879748926329,0.05028129395218,0.0473392099249102,0.0477774417901421,0.0486670799752014,0.0547674034971956,0.0507977857375447,0.0372340425531914,1.36,0.1984126984126983,0.0318471337579617,-0.0954446854663774,0.4814814814814814,0.6101694915254237,-0.0218023255813953,0.1070496083550913,0.0851851851851852,-0.0051935325820675,0.067309366003883,0.1553927553927554,0.4283000949667617,1.2752820512820509,0.2142857142857142,Materials,15.0,3.0,118,7.98139158158007,2889.0,2820.0,10.306583188995559,9.600759521879075,10.293635956532398,9.564863001346772
IFF,2024Q4,2024,Q4,0,0,0,1,2771.0,834.0,1937.0,609.0,439.0,241.0,225.0,-115.0,-46.0,170.0,124.0,28667.0,13876.0,29928.0,14775.0,0.0613496932515337,0.1584265608083724,0.3009743774810537,0.0811981234211476,-0.0166005052327679,162.0,173.0,166.0,157.0,157.0,161.0,161.0,143.0,145.0,158.0,157.0,166.0,0.0553846153846153,0.0598823122187608,0.0572611245256985,0.0580836108028116,0.0556737588652482,0.0549675657220894,0.0531879748926329,0.05028129395218,0.0473392099249102,0.0477774417901421,0.0486670799752014,0.0547674034971956,0.0251572327044025,-0.982355197545071,0.2034632034632035,0.0828025477707006,-1.104283859800952,0.331360946745562,-0.956455887921242,-0.036318407960199,0.1961852861035422,0.1622137404580153,0.0562307061076159,0.1668310459537618,0.1739303641144132,0.2986895124695974,-0.9827881988323084,-1.0506122448979591,Materials,15.0,4.0,119,7.927324360309794,2925.0,2703.0,10.26353679711381,9.53798807237101,10.306583188995559,9.600759521879075
IFF,2025Q1,2025,Q1,1,0,0,0,2843.0,892.0,1951.0,555.0,391.0,-687.0,337.0,-994.0,-1018.0,164.0,-854.0,28265.0,13177.0,28667.0,13876.0,0.0576855434400281,0.1375307773478719,0.3137530777347872,0.118536756946887,-0.3580724586704186,170.0,162.0,173.0,166.0,157.0,157.0,161.0,161.0,143.0,145.0,158.0,157.0,0.0613496932515337,0.0553846153846153,0.0598823122187608,0.0572611245256985,0.0580836108028116,0.0556737588652482,0.0549675657220894,0.0531879748926329,0.05028129395218,0.0473392099249102,0.0477774417901421,0.0486670799752014,-0.019317005864091,-17.966666666666665,0.0420560747663552,-0.0120481927710843,-2.44327731092437,0.306201550387597,-9.643478260869566,-0.045031815956926,-0.0949074074074074,-0.0719063545150501,0.0074119905580818,-0.0770793436771276,0.0625819770480702,0.3319304588721925,-18.30086762809239,-4.778761061946902,Materials,15.0,1.0,120,7.952966790923131,2771.0,2899.0,10.249414947928097,9.486304051473764,10.26353679711381,9.53798807237101
IFF,2025Q2,2025,Q2,0,1,0,0,2764.0,885.0,1879.0,629.0,447.0,837.0,256.0,534.0,612.0,182.0,794.0,26121.0,14404.0,28265.0,13177.0,0.0658465991316932,0.1617221418234442,0.3201881331403762,0.0926193921852387,0.2214182344428364,164.0,170.0,162.0,173.0,166.0,157.0,157.0,161.0,161.0,143.0,145.0,158.0,0.0576855434400281,0.0613496932515337,0.0553846153846153,0.0598823122187608,0.0572611245256985,0.0580836108028116,0.0556737588652482,0.0549675657220894,0.0531879748926329,0.05028129395218,0.0473392099249102,0.0477774417901421,-0.0432675666320526,2.6,-0.0327868852459016,0.0520231213872832,0.6476377952755905,-0.2448377581120944,1.918032786885246,-0.0481256332320162,0.1091811414392058,0.0920138888888888,0.0996001438812812,0.1593430960990831,0.0109546629973189,-0.2106860648284517,2.762807525325615,1.314868804664723,Materials,15.0,2.0,121,7.9247959139564355,2843.0,2889.0,10.170533150137466,9.575330647518628,10.249414947928097,9.486304051473764
