ticker,Year_Quarter,year,quarter,Q1,Q2,Q3,Q4,revenue,grossProfit,costOfRevenue,operatingExpenses,snaExpenses,ebitda,operatingIncome,incomeBeforeTax,netIncome,rnd,net_plus_rnd,totalAssets,totalEquity,totalAssets_lag1,totalEquity_lag1,rnd_to_rev_ratio,sna_to_rev_ratio,grossProfitRatio,operatingIncomeRatio,netIncomeRatio,rnd_lag1,rnd_lag2,rnd_lag3,rnd_lag4,rnd_lag5,rnd_lag6,rnd_lag7,rnd_lag8,rnd_lag9,rnd_lag10,rnd_lag11,rnd_lag12,rnd_to_rev_ratio_lag1,rnd_to_rev_ratio_lag2,rnd_to_rev_ratio_lag3,rnd_to_rev_ratio_lag4,rnd_to_rev_ratio_lag5,rnd_to_rev_ratio_lag6,rnd_to_rev_ratio_lag7,rnd_to_rev_ratio_lag8,rnd_to_rev_ratio_lag9,rnd_to_rev_ratio_lag10,rnd_to_rev_ratio_lag11,rnd_to_rev_ratio_lag12,revenue_yoy,netIncome_yoy,grossProfit_yoy,rnd_yoy,ebitda_yoy,operatingIncome_yoy,incomeBeforeTax_yoy,costOfRevenue_yoy,snaExpenses_yoy,operatingExpenses_yoy,rnd_to_rev_ratio_yoy,sna_to_rev_ratio_yoy,grossProfitRatio_yoy,operatingIncomeRatio_yoy,netIncomeRatio_yoy,net_plus_rnd_yoy,gics_sectors,gics_sector_code,quarter_int,time_idx,revenue_log,revenue_lag1,revenue_lag4,totalAssets_log,totalEquity_log,totalAssets_lag1_log,totalEquity_lag1_log
JNJ,1995Q2,1995,Q2,0,1,0,0,4762.0,3400.0,1362.0,2437.0,2237.0,1163.0,963.0,931.0,661.0,0.0,661.0,17389.0,8564.0,16639.0,7881.0,0.0,0.4697606047879042,0.7139857202855943,0.2022259554808904,0.1388072238555228,353.0,,,,,,,,,,,,0.0785142348754448,,,,,,,,,,,,,,,,,,,,,,,,,,,,Healthcare,35.0,2.0,1,8.46863300080086,4496.0,,9.763650607348328,9.05543941075822,9.719564714375199,8.97233695775495
JNJ,1995Q3,1995,Q3,0,0,1,0,4738.0,3395.0,1343.0,2514.0,2314.0,1081.0,881.0,872.0,623.0,0.0,623.0,17689.0,8912.0,17389.0,8564.0,0.0,0.4883917264668636,0.7165470662726889,0.1859434360489658,0.1314900802026171,0.0,353.0,,,,,,,,,,,0.0,0.0785142348754448,,,,,,,,,,,,,,,,,,,,,,,,,,,Healthcare,35.0,3.0,2,8.463581421967588,4762.0,,9.780754787153832,9.095266164130717,9.763650607348328,9.05543941075822
JNJ,1995Q4,1995,Q4,0,0,0,1,4846.0,3416.0,1430.0,2670.0,2417.0,999.0,746.0,593.0,465.0,0.0,465.0,17873.0,9045.0,17689.0,8912.0,0.0,0.4987618654560462,0.70491126702435,0.1539413949649195,0.0959554271564176,0.0,0.0,353.0,,,,,,,,,,0.0,0.0,0.0785142348754448,,,,,,,,,,,,,,,,,,,,,,,,,,Healthcare,35.0,4.0,3,8.486115235845377,4738.0,,9.791102421941337,9.11007795003779,9.780754787153832,9.095266164130717
JNJ,1996Q1,1996,Q1,1,0,0,0,5334.0,3859.0,1475.0,2668.0,2424.0,1435.0,1191.0,1124.0,790.0,0.0,790.0,18940.0,9828.0,17873.0,9045.0,0.0,0.4544431946006749,0.7234720659917511,0.2232845894263217,0.1481064866891638,0.0,0.0,0.0,353.0,,,,,,,,,0.0,0.0,0.0,0.0785142348754448,,,,,,,,,0.1863879003558719,0.2079510703363913,0.186289578850292,-1.0,0.2161016949152543,0.2202868852459016,0.2204125950054289,0.1866452131938858,0.4093023255813954,0.1717171717171717,-1.0,0.1878933737933921,-8.287466987000336e-05,0.0285732726032197,0.0181754803585332,-0.2154915590863952,Healthcare,35.0,1.0,4,8.582044163735853,4846.0,4496.0,9.849084163656741,9.19309247856663,9.791102421941337,9.11007795003779
JNJ,1996Q2,1996,Q2,0,1,0,0,5382.0,3898.0,1484.0,2723.0,2475.0,1423.0,1175.0,1119.0,791.0,0.0,791.0,19305.0,10240.0,18940.0,9828.0,0.0,0.459866220735786,0.7242660720921591,0.2183203270159792,0.1469713861018209,0.0,0.0,0.0,0.0,353.0,,,,,,,,0.0,0.0,0.0,0.0,0.0785142348754448,,,,,,,,0.130197396052079,0.1966717095310135,0.1464705882352941,,0.2235597592433362,0.2201453790238836,0.2019334049409238,0.0895741556534508,0.1063924899418864,0.1173574066475173,,-0.021062609233879,0.0143985397949593,0.079586082295008,0.0588165516140259,0.1966717095310135,Healthcare,35.0,2.0,5,8.591001118560957,5334.0,4762.0,9.86817120740856,9.234154550075438,9.849084163656741,9.19309247856663
JNJ,1996Q3,1996,Q3,0,0,1,0,5402.0,3953.0,1449.0,2799.0,2533.0,1420.0,1154.0,1059.0,750.0,0.0,750.0,19910.0,10678.0,19305.0,10240.0,0.0,0.4689004072565716,0.7317660125879304,0.2136245834875972,0.1388374676045909,0.0,0.0,0.0,0.0,0.0,353.0,,,,,,,0.0,0.0,0.0,0.0,0.0,0.0785142348754448,,,,,,,0.1401435204727732,0.203852327447833,0.164359351988218,,0.3135985198889917,0.3098751418842225,0.2144495412844036,0.078927773641102,0.0946413137424373,0.1133651551312648,,-0.0399091920563369,0.0212392835468671,0.1488686453623557,0.0558778836445452,0.203852327447833,Healthcare,35.0,3.0,6,8.594709633844065,5382.0,4738.0,9.899027621814035,9.276034475171546,9.86817120740856,9.234154550075438
JNJ,1996Q4,1996,Q4,0,0,0,1,5502.0,3901.0,1601.0,3118.0,2867.0,1034.0,783.0,731.0,556.0,0.0,556.0,20010.0,10836.0,19910.0,10678.0,0.0,0.5210832424572882,0.7090149036713922,0.1423118865866957,0.1010541621228644,0.0,0.0,0.0,0.0,0.0,0.0,353.0,,,,,,0.0,0.0,0.0,0.0,0.0,0.0,0.0785142348754448,,,,,,0.1353693768056127,0.1956989247311829,0.1419789227166277,,0.035035035035035,0.0495978552278819,0.2327150084317031,0.1195804195804195,0.1861812163839471,0.1677902621722846,,0.044753575899056,0.0058214939085381,-0.0755450369984884,0.0531364938653784,0.1956989247311829,Healthcare,35.0,4.0,7,8.613048677059759,5402.0,4846.0,9.904037401341563,9.290721483922995,9.899027621814035,9.276034475171546
JNJ,1997Q1,1997,Q1,1,0,0,0,5715.0,4223.0,1492.0,2896.0,2138.0,1607.0,1327.0,1302.0,909.0,478.0,1387.0,20620.0,11174.0,20010.0,10836.0,0.0836395450568679,0.3741032370953631,0.7389326334208224,0.2321959755030621,0.1590551181102362,0.0,0.0,0.0,0.0,0.0,0.0,0.0,353.0,,,,,0.0,0.0,0.0,0.0,0.0,0.0,0.0,0.0785142348754448,,,,,0.0714285714285714,0.1506329113924049,0.0943249546514641,,0.1198606271777003,0.1141897565071368,0.1583629893238434,0.0115254237288136,-0.1179867986798679,0.0854572713643178,,-0.1767876787678767,0.0213699576746997,0.0399104394066611,0.0739240506329115,0.7556962025316456,Healthcare,35.0,1.0,8,8.651024539049757,5502.0,5334.0,9.934065253000266,9.32143441948177,9.904037401341563,9.290721483922995
JNJ,1997Q2,1997,Q2,0,1,0,0,5698.0,4217.0,1481.0,2930.0,2142.0,1555.0,1287.0,1294.0,909.0,520.0,1429.0,21005.0,11722.0,20620.0,11174.0,0.0912600912600912,0.3759213759213759,0.7400842400842401,0.2258687258687258,0.1595296595296595,478.0,0.0,0.0,0.0,0.0,0.0,0.0,0.0,353.0,,,,0.0836395450568679,0.0,0.0,0.0,0.0,0.0,0.0,0.0,0.0785142348754448,,,,0.058714232627276,0.1491782553729457,0.081836839404823,,0.0927617709065355,0.0953191489361702,0.1563896336014298,-0.002021563342318,-0.1345454545454545,0.0760190965846492,,-0.1825418807236989,0.0218402719685428,0.0345748788301978,0.0854470639552813,0.806573957016435,Healthcare,35.0,2.0,9,8.648045999835,5715.0,5382.0,9.952563390182721,9.369308003071827,9.934065253000266,9.32143441948177
JNJ,1997Q3,1997,Q3,0,0,1,0,5586.0,4156.0,1430.0,2985.0,2149.0,1491.0,1171.0,1197.0,855.0,516.0,1371.0,21677.0,12182.0,21005.0,11722.0,0.0923737916219119,0.3847117794486215,0.7440028643036162,0.2096312209094164,0.1530612244897959,520.0,478.0,0.0,0.0,0.0,0.0,0.0,0.0,0.0,353.0,,,0.0912600912600912,0.0836395450568679,0.0,0.0,0.0,0.0,0.0,0.0,0.0,0.0785142348754448,,,0.0340614587189929,0.1399999999999999,0.0513534024791297,,0.05,0.0147313691507799,0.1303116147308782,-0.0131124913733609,-0.1515988945913936,0.0664523043944265,,-0.1795447956646452,0.0167223559241422,-0.0186933662455222,0.1024489795918366,0.8280000000000001,Healthcare,35.0,3.0,10,8.628197749459149,5698.0,5402.0,9.984053200375696,9.407796816354407,9.952563390182721,9.369308003071827
JNJ,1997Q4,1997,Q4,0,0,0,1,5630.0,3948.0,1682.0,3111.0,2286.0,1036.0,837.0,783.0,630.0,626.0,1256.0,21453.0,12359.0,21677.0,12182.0,0.111190053285968,0.4060390763765542,0.7012433392539964,0.1486678507992895,0.1119005328596802,516.0,520.0,478.0,0.0,0.0,0.0,0.0,0.0,0.0,0.0,353.0,,0.0923737916219119,0.0912600912600912,0.0836395450568679,0.0,0.0,0.0,0.0,0.0,0.0,0.0,0.0785142348754448,,0.0232642675390766,0.1330935251798561,0.0120481927710842,,0.0019342359767891,0.0689655172413792,0.0711354309165526,0.0505933791380386,-0.2026508545517963,-0.0022450288646568,,-0.2207788635424481,-0.0109610734233559,0.044662215961291,0.1073322514279873,1.2589928057553958,Healthcare,35.0,4.0,11,8.636042325254618,5586.0,5502.0,9.973666387157374,9.422220731011683,9.984053200375696,9.407796816354407
JNJ,1998Q1,1998,Q1,1,0,0,0,5783.0,4300.0,1483.0,2888.0,2100.0,1706.0,1412.0,1434.0,1010.0,494.0,1504.0,21915.0,12805.0,21453.0,12359.0,0.085422790938959,0.3631333218052914,0.7435587065536918,0.2441639287567006,0.174649835725402,626.0,516.0,520.0,478.0,0.0,0.0,0.0,0.0,0.0,0.0,0.0,353.0,0.111190053285968,0.0923737916219119,0.0912600912600912,0.0836395450568679,0.0,0.0,0.0,0.0,0.0,0.0,0.0,0.0785142348754448,0.0118985126859143,0.1111111111111111,0.0182334833057067,0.0334728033472804,0.0616054760423148,0.0640542577241898,0.1013824884792626,-0.0060321715817693,-0.0177736202057998,-0.0027624309392265,0.0213206071467588,-0.0293232300667725,0.0062604802165164,0.0515424663485639,0.0980459968874285,0.0843547224224945,Healthcare,35.0,1.0,12,8.6628507638386,5630.0,5715.0,9.994972242658307,9.457669090078747,9.973666387157374,9.422220731011683
JNJ,1998Q2,1998,Q2,0,1,0,0,5783.0,4299.0,1484.0,2965.0,2114.0,1653.0,1334.0,1371.0,1005.0,532.0,1537.0,22308.0,13312.0,21915.0,12805.0,0.0919937748573404,0.3655542106173266,0.7433857859242607,0.2306761196610755,0.1737852325782465,494.0,626.0,516.0,520.0,478.0,0.0,0.0,0.0,0.0,0.0,0.0,0.0,0.085422790938959,0.111190053285968,0.0923737916219119,0.0912600912600912,0.0836395450568679,0.0,0.0,0.0,0.0,0.0,0.0,0.0,0.0149175149175149,0.1056105610561055,0.0194451031539009,0.0230769230769229,0.0630225080385851,0.0365190365190364,0.0595054095826892,0.0020256583389601,-0.0130718954248365,0.0119453924914676,0.0080394791098579,-0.0275780148937782,0.0044610405967364,0.0212840169610013,0.0893600167556094,0.0755773268019595,Healthcare,35.0,2.0,13,8.6628507638386,5783.0,5698.0,10.01274546347265,9.496496280431916,9.994972242658307,9.457669090078747
JNJ,1998Q3,1998,Q3,0,0,1,0,5724.0,4259.0,1465.0,2955.0,2151.0,1597.0,1304.0,1317.0,961.0,511.0,1472.0,23333.0,13938.0,22308.0,13312.0,0.0892732354996505,0.3757861635220126,0.7440600978336828,0.2278127183787561,0.1678895877009084,532.0,494.0,626.0,516.0,520.0,478.0,0.0,0.0,0.0,0.0,0.0,0.0,0.0919937748573404,0.085422790938959,0.111190053285968,0.0923737916219119,0.0912600912600912,0.0836395450568679,0.0,0.0,0.0,0.0,0.0,0.0,0.0247046186895811,0.1239766081871345,0.0247834456207891,-0.0096899224806201,0.0710932260228034,0.1135781383432963,0.100250626566416,0.0244755244755243,0.0009306654257794,-0.0100502512562814,-0.0335653226723872,-0.0232007866756805,7.69264915669865e-05,0.0867308666641601,0.0968786396459351,0.073668854850474,Healthcare,35.0,3.0,14,8.65259782842244,5783.0,5586.0,10.057666803383801,9.542445945729886,10.01274546347265,9.496496280431916
JNJ,1998Q4,1998,Q4,0,0,0,1,6367.0,4609.0,1758.0,3614.0,2542.0,1335.0,995.0,147.0,83.0,732.0,815.0,27292.0,14077.0,23333.0,13938.0,0.1149678027328412,0.399246112768965,0.7238888016334223,0.1562745405999686,0.0130359667033139,511.0,532.0,494.0,626.0,516.0,520.0,478.0,0.0,0.0,0.0,0.0,0.0,0.0892732354996505,0.0919937748573404,0.085422790938959,0.111190053285968,0.0923737916219119,0.0912600912600912,0.0836395450568679,0.0,0.0,0.0,0.0,0.0,0.130905861456483,-0.8682539682539683,0.1674265450861196,0.1693290734824282,0.2886100386100385,0.1887694145758662,-0.8122605363984674,0.0451843043995243,0.1119860017497813,0.1616843458694954,0.0339756060477571,-0.0167298272575359,0.0322933012148347,0.0511656673570168,-0.8835039800957816,-0.3511146496815286,Healthcare,35.0,4.0,15,8.75904072752422,5724.0,5630.0,10.214385538037911,9.552368574168076,10.057666803383801,9.542445945729886
JNJ,1999Q1,1999,Q1,1,0,0,0,6739.0,5088.0,1651.0,3413.0,2437.0,2094.0,1675.0,1622.0,1138.0,557.0,1695.0,26746.0,14222.0,27292.0,14077.0,0.0826532126428253,0.3616263540584656,0.7550081614482861,0.2485531978038284,0.1688677845377652,732.0,511.0,532.0,494.0,626.0,516.0,520.0,478.0,0.0,0.0,0.0,0.0,0.1149678027328412,0.0892732354996505,0.0919937748573404,0.085422790938959,0.111190053285968,0.0923737916219119,0.0912600912600912,0.0836395450568679,0.0,0.0,0.0,0.0,0.165312121736123,0.1267326732673266,0.1832558139534883,0.1275303643724696,0.227432590855803,0.1862606232294616,0.1311018131101813,0.1132838840188805,0.1604761904761904,0.181786703601108,-0.0324220066529171,-0.0041499021332824,0.0153981855012648,0.0179767300988242,-0.0331065366515878,0.1269946808510638,Healthcare,35.0,1.0,16,8.815815203906352,6367.0,5783.0,10.194177596502213,9.562615651570228,10.214385538037911,9.552368574168076
JNJ,1999Q2,1999,Q2,0,1,0,0,6971.0,5164.0,1807.0,3500.0,2588.0,1992.0,1664.0,1629.0,1164.0,596.0,1760.0,27126.0,14744.0,26746.0,14222.0,0.0854970592454454,0.3712523310859274,0.740783244871611,0.2387031989671496,0.1669774781236551,557.0,732.0,511.0,532.0,494.0,626.0,516.0,520.0,478.0,0.0,0.0,0.0,0.0826532126428253,0.1149678027328412,0.0892732354996505,0.0919937748573404,0.085422790938959,0.111190053285968,0.0923737916219119,0.0912600912600912,0.0836395450568679,0.0,0.0,0.0,0.2054297077641362,0.1582089552238805,0.2012095836240985,0.1203007518796992,0.2050816696914701,0.2473763118440779,0.188183807439825,0.2176549865229111,0.2242194891201514,0.1804384485666104,-0.0706212526007314,0.0155876209413048,-0.0035009292643577,0.0347980506949221,-0.0391733771252758,0.1450878334417698,Healthcare,35.0,2.0,17,8.849657406639912,6739.0,5783.0,10.20828482084353,9.598659321249377,10.194177596502213,9.562615651570228
JNJ,1999Q3,1999,Q3,0,0,1,0,6884.0,5205.0,1679.0,3641.0,2617.0,1953.0,1564.0,1531.0,1111.0,635.0,1746.0,28108.0,15384.0,27126.0,14744.0,0.0922428820453224,0.3801568855316676,0.7561011040092969,0.2271934921557234,0.1613887274840209,596.0,557.0,732.0,511.0,532.0,494.0,626.0,516.0,520.0,478.0,0.0,0.0,0.0854970592454454,0.0826532126428253,0.1149678027328412,0.0892732354996505,0.0919937748573404,0.085422790938959,0.111190053285968,0.0923737916219119,0.0912600912600912,0.0836395450568679,0.0,0.0,0.2026554856743536,0.1560874089490114,0.2221178680441418,0.2426614481409001,0.2229179711959925,0.1993865030674846,0.1624905087319665,0.146075085324232,0.2166434216643422,0.2321489001692047,0.0332646904646298,0.0116308753060276,0.016182840889696,-0.0027181371937416,-0.038721044621711,0.1861413043478261,Healthcare,35.0,3.0,18,8.837100411162755,6971.0,5724.0,10.243845088739151,9.641148287756142,10.20828482084353,9.598659321249377
JNJ,1999Q4,1999,Q4,0,0,0,1,7230.0,5287.0,1943.0,4209.0,2987.0,1423.0,1078.0,1023.0,785.0,877.0,1662.0,29163.0,16213.0,28108.0,15384.0,0.1213001383125864,0.4131396957123098,0.7312586445366528,0.1491009681881051,0.1085753803596127,635.0,596.0,557.0,732.0,511.0,532.0,494.0,626.0,516.0,520.0,478.0,0.0,0.0922428820453224,0.0854970592454454,0.0826532126428253,0.1149678027328412,0.0892732354996505,0.0919937748573404,0.085422790938959,0.111190053285968,0.0923737916219119,0.0912600912600912,0.0836395450568679,0.0,0.1355426417465053,8.457831325301205,0.1471034931655457,0.1980874316939891,0.0659176029962547,0.0834170854271356,5.959183673469388,0.1052332195676906,0.1750590086546026,0.1646375207526287,0.0550792085194506,0.0347995446893298,0.0101809047005572,-0.0459036538154118,7.328908996983786,1.0392638036809818,Healthcare,35.0,4.0,19,8.886132618174951,6884.0,6367.0,10.28069035092632,9.693630345547652,10.243845088739151,9.641148287756142
JNJ,2000Q1,2000,Q1,1,0,0,0,7319.0,5509.0,1810.0,3677.0,2609.0,2263.0,1832.0,1892.0,1314.0,637.0,1951.0,29963.0,17150.0,29163.0,16213.0,0.0870337477797513,0.3564694630413991,0.752698456073234,0.2503074190463178,0.1795327230495969,877.0,635.0,596.0,557.0,732.0,511.0,532.0,494.0,626.0,516.0,520.0,478.0,0.1213001383125864,0.0922428820453224,0.0854970592454454,0.0826532126428253,0.1149678027328412,0.0892732354996505,0.0919937748573404,0.085422790938959,0.111190053285968,0.0923737916219119,0.0912600912600912,0.0836395450568679,0.0860661819261017,0.1546572934973638,0.0827437106918238,0.1436265709156194,0.0807067812798472,0.093731343283582,0.1664611590628852,0.0963052695336159,0.0705785802215839,0.0773513038382653,0.0529989699959501,-0.014260274338946,-0.0030591793479708,0.0070577295242602,0.063155554157499,0.1510324483775811,Healthcare,35.0,1.0,20,8.898365606955357,7230.0,6739.0,10.307751940067774,9.749811759932081,10.28069035092632,9.693630345547652
JNJ,2000Q2,2000,Q2,0,1,0,0,7670.0,5409.0,2261.0,3542.0,2829.0,2268.0,1867.0,1913.0,1363.0,713.0,2076.0,30305.0,17979.0,29963.0,17150.0,0.0929595827900912,0.3688396349413299,0.7052151238591916,0.2434159061277705,0.1777053455019556,637.0,877.0,635.0,596.0,557.0,732.0,511.0,532.0,494.0,626.0,516.0,520.0,0.0870337477797513,0.1213001383125864,0.0922428820453224,0.0854970592454454,0.0826532126428253,0.1149678027328412,0.0892732354996505,0.0919937748573404,0.085422790938959,0.111190053285968,0.0923737916219119,0.0912600912600912,0.1002725577392051,0.1709621993127148,0.047443841982959,0.1963087248322148,0.1385542168674698,0.1219951923076922,0.1743400859422958,0.2512451577199779,0.0931221020092736,0.012,0.087283979244507,-0.0064988040278166,-0.0480142082838062,0.0197429577023366,0.0642473913179835,0.1795454545454544,Healthcare,35.0,2.0,21,8.945202263959297,7319.0,6971.0,10.319100991696107,9.79701530802561,10.307751940067774,9.749811759932081
JNJ,2000Q3,2000,Q3,0,0,1,0,7438.0,5247.0,2191.0,3506.0,2767.0,2148.0,1741.0,1834.0,1323.0,739.0,2062.0,30784.0,18486.0,30305.0,17979.0,0.0993546652325894,0.3720086044635655,0.7054315676257058,0.2340682979295509,0.177870395267545,713.0,637.0,877.0,635.0,596.0,557.0,732.0,511.0,532.0,494.0,626.0,516.0,0.0929595827900912,0.0870337477797513,0.1213001383125864,0.0922428820453224,0.0854970592454454,0.0826532126428253,0.1149678027328412,0.0892732354996505,0.0919937748573404,0.085422790938959,0.111190053285968,0.0923737916219119,0.0804764671702498,0.1908190819081907,0.0080691642651296,0.1637795275590552,0.0998463901689707,0.1131713554987212,0.1979098628347484,0.304943418701608,0.0573175391669851,-0.0370777258994782,0.077098449545111,-0.0214339957481143,-0.0670142340950318,0.0302596949789186,0.1021240333229343,0.1809851088201604,Healthcare,35.0,3.0,22,8.914491710191342,7670.0,6884.0,10.33478283734531,9.824823061352445,10.319100991696107,9.79701530802561
JNJ,2000Q4,2000,Q4,0,0,0,1,7108.0,5255.0,1853.0,4108.0,2846.0,1479.0,1147.0,1118.0,891.0,930.0,1821.0,34245.0,20395.0,30784.0,18486.0,0.13083849184018,0.4003939223410242,0.7393078221722004,0.1613674732695554,0.1253517163759144,739.0,713.0,637.0,877.0,635.0,596.0,557.0,732.0,511.0,532.0,494.0,626.0,0.0993546652325894,0.0929595827900912,0.0870337477797513,0.1213001383125864,0.0922428820453224,0.0854970592454454,0.0826532126428253,0.1149678027328412,0.0892732354996505,0.0919937748573404,0.085422790938959,0.111190053285968,-0.0168741355463347,0.1350318471337579,-0.0060525818044259,0.0604332953249715,0.0393534785664089,0.0640074211502783,0.0928641251221895,-0.0463201235203294,-0.0472045530632742,-0.0239961986220004,0.0786343169948711,-0.030851001497956,0.0110072922839055,0.082269788254996,0.1545132603794414,0.0956678700361011,Healthcare,35.0,4.0,23,8.869116865929483,7438.0,7230.0,10.441325048548917,9.923094082175046,10.33478283734531,9.824823061352445
JNJ,2001Q1,2001,Q1,1,0,0,0,7855.0,5544.0,2311.0,3425.0,2666.0,2531.0,2119.0,2217.0,1552.0,759.0,2311.0,31875.0,20092.0,34245.0,20395.0,0.0966263526416295,0.3394016549968173,0.7057924888605983,0.2697644812221515,0.1975811584977721,930.0,739.0,713.0,637.0,877.0,635.0,596.0,557.0,732.0,511.0,532.0,494.0,0.13083849184018,0.0993546652325894,0.0929595827900912,0.0870337477797513,0.1213001383125864,0.0922428820453224,0.0854970592454454,0.0826532126428253,0.1149678027328412,0.0892732354996505,0.0919937748573404,0.085422790938959,0.0732340483672633,0.1811263318112632,0.0063532401524777,0.1915227629513343,0.1184268669907202,0.1566593886462881,0.1717758985200845,0.2767955801104973,0.0218474511307014,-0.0685341310851237,0.1102170721885189,-0.0478801406969314,-0.062317076425718,0.0777326626991958,0.1005300601561598,0.1845207585853407,Healthcare,35.0,1.0,24,8.969032850034301,7108.0,7319.0,10.36960865451764,9.908126774684552,10.441325048548917,9.923094082175046
JNJ,2001Q2,2001,Q2,0,1,0,0,8179.0,5807.0,2372.0,3631.0,2802.0,2568.0,2176.0,2129.0,1482.0,829.0,2311.0,36101.0,22711.0,31875.0,20092.0,0.101357134123976,0.3425846680523291,0.7099889962098056,0.2660471940335004,0.1811957452011248,759.0,930.0,739.0,713.0,637.0,877.0,635.0,596.0,557.0,732.0,511.0,532.0,0.0966263526416295,0.13083849184018,0.0993546652325894,0.0929595827900912,0.0870337477797513,0.1213001383125864,0.0922428820453224,0.0854970592454454,0.0826532126428253,0.1149678027328412,0.0892732354996505,0.0919937748573404,0.0663624511082139,0.0873074101247248,0.073581068589388,0.1626928471248248,0.1322751322751323,0.1655061596143545,0.1129116570831154,0.049093321539142,-0.009544008483563,0.0251270468661772,0.0903355101415093,-0.071182607295382,0.0067693845311904,0.0929737430299668,0.0196415008750019,0.1131984585741812,Healthcare,35.0,2.0,25,9.009447429596793,7855.0,7670.0,10.494103544448407,10.030648698152808,10.36960865451764,9.908126774684552
JNJ,2001Q3,2001,Q3,0,0,1,0,8058.0,5662.0,2396.0,3602.0,2703.0,2497.0,2060.0,2108.0,1529.0,899.0,2428.0,37053.0,23734.0,36101.0,22711.0,0.1115661454455199,0.3354430379746835,0.7026557458426409,0.2556465624224373,0.1897493174484983,829.0,759.0,930.0,739.0,713.0,637.0,877.0,635.0,596.0,557.0,732.0,511.0,0.101357134123976,0.0966263526416295,0.13083849184018,0.0993546652325894,0.0929595827900912,0.0870337477797513,0.1213001383125864,0.0922428820453224,0.0854970592454454,0.0826532126428253,0.1149678027328412,0.0892732354996505,0.0833557407905349,0.1557067271352985,0.0790928149418714,0.2165087956698241,0.1624767225325885,0.1832280298678921,0.1494002181025082,0.0935645823824737,-0.023129743404409,0.0273816314888761,0.12290796999158,-0.0982922600449236,-0.0039349270864182,0.0921878985055077,0.0667841445063726,0.177497575169738,Healthcare,35.0,3.0,26,8.994544758324512,8179.0,7438.0,10.520131587109958,10.074706030985418,10.494103544448407,10.030648698152808
JNJ,2001Q4,2001,Q4,0,0,0,1,8403.0,5914.0,2489.0,4384.0,3280.0,1894.0,1530.0,1444.0,1105.0,1104.0,2209.0,38488.0,24233.0,37053.0,23734.0,0.1313816494109246,0.3903367844817327,0.7037962632393193,0.1820778293466619,0.1315006545281447,899.0,829.0,759.0,930.0,739.0,713.0,637.0,877.0,635.0,596.0,557.0,732.0,0.1115661454455199,0.101357134123976,0.0966263526416295,0.13083849184018,0.0993546652325894,0.0929595827900912,0.0870337477797513,0.1213001383125864,0.0922428820453224,0.0854970592454454,0.0826532126428253,0.1149678027328412,0.1821890827236916,0.2401795735129068,0.1254043767840151,0.1870967741935483,0.2805949966193373,0.3339145597210113,0.2915921288014311,0.3432271991365354,0.1524947294448349,0.0671859785783837,0.004151359153605,-0.0251181081882797,-0.0480335225299559,0.1283428169102642,0.0490534819147616,0.2130697419000549,Healthcare,35.0,4.0,27,9.036463061964891,8058.0,7108.0,10.55812776516606,10.095511884791469,10.520131587109958,10.074706030985418
JNJ,2002Q1,2002,Q1,1,0,0,0,8743.0,6286.0,2457.0,3674.0,2843.0,3024.0,2612.0,2621.0,1834.0,831.0,2665.0,38296.0,23723.0,38488.0,24233.0,0.0950474665446643,0.3251744252544893,0.7189751801441153,0.2987532883449617,0.2097678142514011,1104.0,899.0,829.0,759.0,930.0,739.0,713.0,637.0,877.0,635.0,596.0,557.0,0.1313816494109246,0.1115661454455199,0.101357134123976,0.0966263526416295,0.13083849184018,0.0993546652325894,0.0929595827900912,0.0870337477797513,0.1213001383125864,0.0922428820453224,0.0854970592454454,0.0826532126428253,0.1130490133672819,0.181701030927835,0.1338383838383838,0.0948616600790512,0.194784670090873,0.2326569136385088,0.1822282363554352,0.0631761142362614,0.0663915978994749,0.0727007299270072,-0.0163401189613464,-0.0419185632505575,0.0186778571486339,0.1074596885085765,0.0616792402994561,0.1531804413673734,Healthcare,35.0,1.0,28,9.076123029856374,8403.0,7855.0,10.55312684311914,10.074242472958618,10.55812776516606,10.095511884791469
JNJ,2002Q3,2002,Q3,0,0,1,0,9073.0,6491.0,2582.0,3949.0,3017.0,2962.0,2542.0,2428.0,1654.0,932.0,2586.0,38351.0,21891.0,38296.0,23723.0,0.1027223630552187,0.3325250743965612,0.715419376171057,0.280171938719277,0.1822991292846908,831.0,1104.0,899.0,829.0,759.0,930.0,739.0,713.0,637.0,877.0,635.0,596.0,0.0950474665446643,0.1313816494109246,0.1115661454455199,0.101357134123976,0.0966263526416295,0.13083849184018,0.0993546652325894,0.0929595827900912,0.0870337477797513,0.1213001383125864,0.0922428820453224,0.0854970592454454,0.1093043159310429,0.1160593792172739,0.1177888754950922,0.1242460796139928,0.1534267912772586,0.1681985294117647,0.14044152184124,0.0885328836424956,0.0767309064953605,0.087579179289452,0.0134694902637326,-0.0293638174555767,0.0076485410199889,0.0530911244416205,0.0060894591224605,0.1189961055819992,Healthcare,35.0,3.0,29,9.113168460223909,8743.0,8179.0,10.554561956674165,9.993876552263808,10.55312684311914,10.074242472958618
JNJ,2002Q3,2002,Q3,0,0,1,0,9079.0,6468.0,2611.0,3958.0,3006.0,2952.0,2510.0,2393.0,1725.0,952.0,2677.0,38663.0,22085.0,38351.0,21891.0,0.1048573631457208,0.3310937327899548,0.7124132613723978,0.2764621654367221,0.1899988985571098,932.0,831.0,1104.0,899.0,829.0,759.0,930.0,739.0,713.0,637.0,877.0,635.0,0.1027223630552187,0.0950474665446643,0.1313816494109246,0.1115661454455199,0.101357134123976,0.0966263526416295,0.13083849184018,0.0993546652325894,0.0929595827900912,0.0870337477797513,0.1213001383125864,0.0922428820453224,0.1267063787540332,0.1281883584041856,0.1423525256093254,0.0589543937708565,0.1822186623948738,0.2184466019417474,0.1351992409867173,0.0897328881469115,0.1120976692563817,0.098833981121599,-0.0601327783890779,-0.0129658531922101,0.0138866231258885,0.0814233636354886,0.0013153201917532,0.1025535420098846,Healthcare,35.0,3.0,30,9.11382947159534,9073.0,8058.0,10.56266421352492,10.002699202607076,10.554561956674165,9.993876552263808
JNJ,2002Q4,2002,Q4,0,0,0,1,9403.0,6606.0,2797.0,4592.0,3350.0,2402.0,2014.0,1849.0,1384.0,1242.0,2626.0,40556.0,22697.0,38663.0,22085.0,0.1320855046261831,0.3562692757630543,0.702541741997235,0.2141869616079974,0.1471870679570349,952.0,932.0,831.0,1104.0,899.0,829.0,759.0,930.0,739.0,713.0,637.0,877.0,0.1048573631457208,0.1027223630552187,0.0950474665446643,0.1313816494109246,0.1115661454455199,0.101357134123976,0.0966263526416295,0.13083849184018,0.0993546652325894,0.0929595827900912,0.0870337477797513,0.1213001383125864,0.1190051172200403,0.2524886877828054,0.1170104835982415,0.125,0.2682154171066526,0.3163398692810457,0.2804709141274237,0.1237444756930494,0.021341463414634,0.0474452554744526,0.0053573327661384,-0.0872772182204434,-0.0017825062558732,0.1763483911058838,0.1192877213058505,0.1887732005432323,Healthcare,35.0,4.0,31,9.14889040965996,9079.0,8403.0,10.610463671032514,10.030032093861085,10.56266421352492,10.002699202607076
JNJ,2003Q1,2003,Q1,1,0,0,0,9821.0,7099.0,2722.0,4189.0,3253.0,3356.0,2910.0,2929.0,2070.0,936.0,3006.0,41994.0,24036.0,40556.0,22697.0,0.0953059769880867,0.3312289990835964,0.7228388147846452,0.296303838712962,0.2107728337236534,1242.0,952.0,932.0,831.0,1104.0,899.0,829.0,759.0,930.0,739.0,713.0,637.0,0.1320855046261831,0.1048573631457208,0.1027223630552187,0.0950474665446643,0.1313816494109246,0.1115661454455199,0.101357134123976,0.0966263526416295,0.13083849184018,0.0993546652325894,0.0929595827900912,0.0870337477797513,0.1232986389111288,0.1286804798255179,0.1293350302258988,0.1263537906137184,0.1097883597883597,0.1140888208269526,0.1175123998473866,0.1078551078551077,0.1442138586000703,0.1401741970604246,0.0027198036183424,0.0186194649974966,0.0053738080913383,-0.0081989043386573,0.004791104278027,0.1279549718574109,Healthcare,35.0,1.0,32,9.19238004659919,9403.0,8743.0,10.645305842559727,10.087349588848662,10.610463671032514,10.030032093861085
JNJ,2003Q2,2003,Q2,0,1,0,0,10332.0,7366.0,2966.0,4478.0,3396.0,3310.0,2888.0,2056.0,1210.0,1082.0,2292.0,45653.0,24437.0,41994.0,24036.0,0.1047231900890437,0.3286875725900116,0.7129307007355787,0.2795199380565234,0.1171118854045683,936.0,1242.0,952.0,932.0,831.0,1104.0,899.0,829.0,759.0,930.0,739.0,713.0,0.0953059769880867,0.1320855046261831,0.1048573631457208,0.1027223630552187,0.0950474665446643,0.1313816494109246,0.1115661454455199,0.101357134123976,0.0966263526416295,0.13083849184018,0.0993546652325894,0.0929595827900912,0.1387633638267387,-0.2684401451027811,0.1348020335849638,0.1609442060085837,0.1174881836596895,0.1361132966168372,-0.1532125205930807,0.1487219209914794,0.1256214782896918,0.1339579640415296,0.0194780082380836,-0.0115404885286125,-0.0034786245919109,-0.0023271447730774,-0.3575839563025099,-0.1136890951276101,Healthcare,35.0,2.0,33,9.243097936214355,9821.0,9073.0,10.728846505404578,10.103894576876467,10.645305842559727,10.087349588848662
JNJ,2003Q3,2003,Q3,0,0,1,0,10455.0,7475.0,2980.0,4605.0,3428.0,3349.0,2870.0,2949.0,2072.0,1177.0,3249.0,46659.0,25738.0,45653.0,24437.0,0.1125777140124342,0.3278813964610234,0.7149689143950263,0.2745098039215686,0.19818268770923,1082.0,936.0,1242.0,952.0,932.0,831.0,1104.0,899.0,829.0,759.0,930.0,739.0,0.1047231900890437,0.0953059769880867,0.1320855046261831,0.1048573631457208,0.1027223630552187,0.0950474665446643,0.1313816494109246,0.1115661454455199,0.101357134123976,0.0966263526416295,0.13083849184018,0.0993546652325894,0.1515585416896134,0.201159420289855,0.1556895485466913,0.2363445378151261,0.1344850948509486,0.1434262948207172,0.2323443376514835,0.1413251627728839,0.1403858948769127,0.1634663971702881,0.0736271696627002,-0.009702196117887,0.0035873181497285,-0.00706194828529,0.0430728241809272,0.2136720209189391,Healthcare,35.0,3.0,34,9.254931255304058,10332.0,9079.0,10.75064254557542,10.155762630356586,10.728846505404578,10.103894576876467
JNJ,2003Q4,2003,Q4,0,0,0,1,11254.0,7746.0,3508.0,5543.0,4054.0,2725.0,2203.0,2374.0,1845.0,1489.0,3334.0,48263.0,26869.0,46659.0,25738.0,0.1323085125288786,0.3602274746756709,0.6882886084947574,0.1957526212902079,0.1639417096143593,1177.0,1082.0,936.0,1242.0,952.0,932.0,831.0,1104.0,899.0,829.0,759.0,930.0,0.1125777140124342,0.1047231900890437,0.0953059769880867,0.1320855046261831,0.1048573631457208,0.1027223630552187,0.0950474665446643,0.1313816494109246,0.1115661454455199,0.101357134123976,0.0966263526416295,0.13083849184018,0.1968520684887802,0.3330924855491328,0.1725703905540418,0.1988727858293075,0.1344712739383846,0.0938430983118172,0.2839372633856138,0.2542009295673937,0.2101492537313432,0.2070993031358885,0.0016883601522108,0.0111101326493532,-0.0202879525164694,-0.0860665849097193,0.1138322944391769,0.2696115765422695,Healthcare,35.0,4.0,35,9.328567753340833,10455.0,9403.0,10.784441220120598,10.198765701609537,10.75064254557542,10.155762630356586
JNJ,2004Q1,2004,Q1,1,0,0,0,11559.0,8192.0,3367.0,4735.0,3640.0,3959.0,3457.0,3504.0,2493.0,1095.0,3588.0,48868.0,28494.0,48263.0,26869.0,0.0947313781468985,0.3149061337485941,0.7087118262825504,0.2990743143870577,0.2156760965481443,1489.0,1177.0,1082.0,936.0,1242.0,952.0,932.0,831.0,1104.0,899.0,829.0,759.0,0.1323085125288786,0.1125777140124342,0.1047231900890437,0.0953059769880867,0.1320855046261831,0.1048573631457208,0.1027223630552187,0.0950474665446643,0.1313816494109246,0.1115661454455199,0.101357134123976,0.0966263526416295,0.1769677222278789,0.2043478260869564,0.1539653472320046,0.1698717948717949,0.1796781883194278,0.1879725085910653,0.1963127347217479,0.2369581190301248,0.1189671072855824,0.1303413702554308,-0.0060289906189204,-0.0492796988795133,-0.0195437602590609,0.0093501173866989,0.0232632580673066,0.1936127744510978,Healthcare,35.0,1.0,36,9.355306142226368,11254.0,9821.0,10.79689852760344,10.2574839122691,10.784441220120598,10.198765701609537
JNJ,2004Q2,2004,Q2,0,1,0,0,11484.0,8322.0,3162.0,4893.0,3711.0,3954.0,3429.0,3435.0,2458.0,1182.0,3640.0,50171.0,30052.0,48868.0,28494.0,0.1029258098223615,0.3231452455590387,0.7246603970741902,0.2985893416927899,0.2140369209334726,1095.0,1489.0,1177.0,1082.0,936.0,1242.0,952.0,932.0,831.0,1104.0,899.0,829.0,0.0947313781468985,0.1323085125288786,0.1125777140124342,0.1047231900890437,0.0953059769880867,0.1320855046261831,0.1048573631457208,0.1027223630552187,0.0950474665446643,0.1313816494109246,0.1115661454455199,0.101357134123976,0.1114982578397212,1.031404958677686,0.1297855009503121,0.0924214417744917,0.1945619335347432,0.1873268698060941,0.6707198443579767,0.0660822656776802,0.092756183745583,0.0926753014738723,-0.0171631542655827,-0.0168619914263876,0.0164527861214407,0.0682219800449812,0.8276276587476359,0.588132635253054,Healthcare,35.0,2.0,37,9.3487971151232,11559.0,10332.0,10.823212381144565,10.31071776859096,10.79689852760344,10.2574839122691
JNJ,2004Q3,2004,Q3,0,0,1,0,11553.0,8366.0,3187.0,5052.0,3854.0,3793.0,3314.0,3274.0,2341.0,1198.0,3539.0,52089.0,31513.0,50171.0,30052.0,0.1036960096944516,0.3335930061455899,0.7241409157794513,0.2868518999394097,0.2026313511641997,1182.0,1095.0,1489.0,1177.0,1082.0,936.0,1242.0,952.0,932.0,831.0,1104.0,899.0,0.1029258098223615,0.0947313781468985,0.1323085125288786,0.1125777140124342,0.1047231900890437,0.0953059769880867,0.1320855046261831,0.1048573631457208,0.1027223630552187,0.0950474665446643,0.1313816494109246,0.1115661454455199,0.1050215208034432,0.1298262548262547,0.1191973244147157,0.0178419711129991,0.1325768886234697,0.1547038327526133,0.1102068497795862,0.0694630872483221,0.1242707117852974,0.0970684039087947,-0.0788939835552319,0.017419743072387,0.0128285317022291,0.0449604926364208,0.022447285917813,0.0892582333025546,Healthcare,35.0,3.0,38,9.354786976341211,11484.0,10455.0,10.860728270739237,10.35818717052199,10.823212381144565,10.31071776859096
JNJ,2004Q4,2004,Q4,0,0,0,1,12752.0,9046.0,3706.0,6382.0,4655.0,3282.0,2664.0,2625.0,1217.0,1727.0,2944.0,53317.0,31813.0,52089.0,31513.0,0.1354297365119197,0.3650407779171895,0.7093789209535759,0.2089084065244667,0.0954360100376411,1198.0,1182.0,1095.0,1489.0,1177.0,1082.0,936.0,1242.0,952.0,932.0,831.0,1104.0,0.1036960096944516,0.1029258098223615,0.0947313781468985,0.1323085125288786,0.1125777140124342,0.1047231900890437,0.0953059769880867,0.1320855046261831,0.1048573631457208,0.1027223630552187,0.0950474665446643,0.1313816494109246,0.133108228185534,-0.3403794037940379,0.1678285566744126,0.1598388179986567,0.2044036697247706,0.2092600998638221,0.1057287278854255,0.0564424173318129,0.1482486433152441,0.1513620782969511,0.0235905001377731,0.0133618437789959,0.0306416700763676,0.0672061765893548,-0.4178662021877433,-0.1169766046790642,Healthcare,35.0,4.0,39,9.4535218170269,11553.0,11254.0,10.884029264211806,10.367661723458307,10.860728270739237,10.35818717052199
JNJ,2005Q1,2005,Q1,1,0,0,0,12832.0,9336.0,3496.0,5511.0,4127.0,4340.0,3825.0,3927.0,2839.0,1384.0,4223.0,54446.0,33654.0,53317.0,31813.0,0.1078553615960099,0.3216178304239401,0.7275561097256857,0.2980829177057356,0.2212437655860349,1727.0,1198.0,1182.0,1095.0,1489.0,1177.0,1082.0,936.0,1242.0,952.0,932.0,831.0,0.1354297365119197,0.1036960096944516,0.1029258098223615,0.0947313781468985,0.1323085125288786,0.1125777140124342,0.1047231900890437,0.0953059769880867,0.1320855046261831,0.1048573631457208,0.1027223630552187,0.0950474665446643,0.1101306341379011,0.1387886081026874,0.1396484375,0.2639269406392694,0.096236423339227,0.1064506797801561,0.1207191780821916,0.0383130383130383,0.1337912087912087,0.1638859556494192,0.1385389266559626,0.0213133246896495,0.0265894863670901,-0.0033148840727226,0.0258149564416276,0.1769788182831662,Healthcare,35.0,1.0,40,9.459775257244461,12752.0,11559.0,10.90498303042451,10.423916912444813,10.884029264211806,10.367661723458307
JNJ,2005Q2,2005,Q2,0,1,0,0,12762.0,9240.0,3522.0,5803.0,4278.0,3985.0,3437.0,3266.0,2588.0,1525.0,4113.0,54553.0,35169.0,54446.0,33654.0,0.1194953769001723,0.3352139163140573,0.7240244475787494,0.2693151543645197,0.2027895314214073,1384.0,1727.0,1198.0,1182.0,1095.0,1489.0,1177.0,1082.0,936.0,1242.0,952.0,932.0,0.1078553615960099,0.1354297365119197,0.1036960096944516,0.1029258098223615,0.0947313781468985,0.1323085125288786,0.1125777140124342,0.1047231900890437,0.0953059769880867,0.1320855046261831,0.1048573631457208,0.1027223630552187,0.1112852664576802,0.0528885272579333,0.1103100216294159,0.2901861252115059,0.0078401618614061,0.0023330417031204,-0.0491994177583697,0.1138519924098671,0.1527890056588521,0.1859799713876966,0.1609855400351774,0.0373475114391361,-0.0008775827932758,-0.0980416352516347,-0.0525488287862321,0.1299450549450549,Healthcare,35.0,2.0,41,9.45430563898269,12832.0,11484.0,10.906946315795638,10.467948725468029,10.90498303042451,10.423916912444813
JNJ,2005Q3,2005,Q3,0,0,1,0,12310.0,8956.0,3354.0,5700.0,4161.0,3779.0,3256.0,3420.0,2538.0,1539.0,4077.0,56574.0,36847.0,54553.0,35169.0,0.1250203086921202,0.3380178716490658,0.7275385865150285,0.2645004061738424,0.2061738424045491,1525.0,1384.0,1727.0,1198.0,1182.0,1095.0,1489.0,1177.0,1082.0,936.0,1242.0,952.0,0.1194953769001723,0.1078553615960099,0.1354297365119197,0.1036960096944516,0.1029258098223615,0.0947313781468985,0.1323085125288786,0.1125777140124342,0.1047231900890437,0.0953059769880867,0.1320855046261831,0.1048573631457208,0.0655241062927378,0.0841520717642032,0.0705235476930432,0.2846410684474123,-0.0036910097548115,-0.0175015087507544,0.0445937690897983,0.0524003765296516,0.0796574987026466,0.1282660332541567,0.2056424259766818,0.0132642634046853,0.0046920021525367,-0.0779199781151475,0.0174824439554703,0.1520203447301498,Healthcare,35.0,3.0,42,9.418248450647615,12762.0,11553.0,10.943322470501737,10.514556622060466,10.906946315795638,10.467948725468029
JNJ,2005Q4,2005,Q4,0,0,0,1,12610.0,8986.0,3624.0,6538.0,4562.0,2955.0,2448.0,2638.0,2183.0,1976.0,4159.0,58864.0,38710.0,56574.0,36847.0,0.156701030927835,0.3617763679619349,0.712609040444092,0.1941316415543219,0.1731165741475019,1539.0,1525.0,1384.0,1727.0,1198.0,1182.0,1095.0,1489.0,1177.0,1082.0,936.0,1242.0,0.1250203086921202,0.1194953769001723,0.1078553615960099,0.1354297365119197,0.1036960096944516,0.1029258098223615,0.0947313781468985,0.1323085125288786,0.1125777140124342,0.1047231900890437,0.0953059769880867,0.1320855046261831,-0.0111355081555833,0.7937551355792933,-0.006632765863365,0.144180660104227,-0.09963436928702,-0.081081081081081,0.004952380952381,-0.0221262817053427,-0.0199785177228786,0.0244437480413663,0.1570651687271294,-0.0089425898494963,0.0045534472411077,-0.0707332233105428,0.8139544400402179,0.4127038043478261,Healthcare,35.0,4.0,43,9.442324727955874,12310.0,12752.0,10.983001965512297,10.563879076356082,10.943322470501737,10.514556622060466
JNJ,2006Q1,2006,Q1,1,0,0,0,12992.0,9380.0,3612.0,5627.0,4095.0,4274.0,3753.0,4615.0,3305.0,1532.0,4837.0,62133.0,41123.0,58864.0,38710.0,0.1179187192118226,0.3151939655172414,0.7219827586206896,0.2888700738916256,0.2543873152709359,1976.0,1539.0,1525.0,1384.0,1727.0,1198.0,1182.0,1095.0,1489.0,1177.0,1082.0,936.0,0.156701030927835,0.1250203086921202,0.1194953769001723,0.1078553615960099,0.1354297365119197,0.1036960096944516,0.1029258098223615,0.0947313781468985,0.1323085125288786,0.1125777140124342,0.1047231900890437,0.0953059769880867,0.0124688279301745,0.164142303628038,0.0047129391602398,0.106936416184971,-0.0152073732718893,-0.0188235294117646,0.1751973516679399,0.0331807780320365,-0.0077538163314756,0.0210488114679732,0.0933041943107719,-0.0199735969185264,-0.0076603728983837,-0.0309069834830483,0.1498055757508454,0.1453942694766754,Healthcare,35.0,1.0,44,9.472166029882736,12610.0,12832.0,11.03704862212169,10.62434717166261,10.983001965512297,10.563879076356082
JNJ,2006Q2,2006,Q2,0,1,0,0,13363.0,9575.0,3788.0,6179.0,4351.0,3942.0,3396.0,3603.0,2820.0,1828.0,4648.0,60990.0,40742.0,62133.0,41123.0,0.1367956297238644,0.3256005388011674,0.7165307191498915,0.2541345506248597,0.2110304572326573,1532.0,1976.0,1539.0,1525.0,1384.0,1727.0,1198.0,1182.0,1095.0,1489.0,1177.0,1082.0,0.1179187192118226,0.156701030927835,0.1250203086921202,0.1194953769001723,0.1078553615960099,0.1354297365119197,0.1036960096944516,0.1029258098223615,0.0947313781468985,0.1323085125288786,0.1125777140124342,0.1047231900890437,0.0470929321422974,0.089644513137558,0.0362554112554112,0.1986885245901639,-0.0107904642409033,-0.011929007855688,0.1031843233312921,0.0755252697331061,0.0170640486208508,0.0647940720317077,0.1447775911711197,-0.0286783365636983,-0.0103501041351822,-0.056367432332133,0.040637826585461,0.1300753707755895,Healthcare,35.0,2.0,45,9.500319803476646,12992.0,12762.0,11.0184815912866,10.615039324772178,11.03704862212169,10.62434717166261
JNJ,2006Q3,2006,Q3,0,0,1,0,13287.0,9637.0,3650.0,6010.0,4291.0,4166.0,3627.0,3661.0,2760.0,1719.0,4479.0,61238.0,40573.0,60990.0,40742.0,0.1293745766538722,0.3229472416647851,0.7252954015202829,0.2729735832016256,0.2077218333709641,1828.0,1532.0,1976.0,1539.0,1525.0,1384.0,1727.0,1198.0,1182.0,1095.0,1489.0,1177.0,0.1367956297238644,0.1179187192118226,0.156701030927835,0.1250203086921202,0.1194953769001723,0.1078553615960099,0.1354297365119197,0.1036960096944516,0.1029258098223615,0.0947313781468985,0.1323085125288786,0.1125777140124342,0.0793663688058488,0.0874704491725768,0.0760384100044662,0.1169590643274853,0.1024080444562054,0.1139434889434889,0.0704678362573099,0.0882528324388789,0.0312424897861092,0.0543859649122806,0.0348284851261642,-0.0445853052406862,-0.0030832522649975,0.0320346465638856,0.0075081831349754,0.0986019131714495,Healthcare,35.0,3.0,46,9.49461665129313,13363.0,12310.0,11.022539520441693,10.610882746361275,11.0184815912866,10.615039324772178
JNJ,2006Q4,2006,Q4,0,0,0,1,13682.0,9675.0,4007.0,6742.0,4696.0,3504.0,2933.0,2708.0,2168.0,2046.0,4214.0,70556.0,39318.0,61238.0,40573.0,0.1495395410027773,0.3432246747551528,0.7071334600204648,0.2143692442625347,0.1584563660283584,1719.0,1828.0,1532.0,1976.0,1539.0,1525.0,1384.0,1727.0,1198.0,1182.0,1095.0,1489.0,0.1293745766538722,0.1367956297238644,0.1179187192118226,0.156701030927835,0.1250203086921202,0.1194953769001723,0.1078553615960099,0.1354297365119197,0.1036960096944516,0.1029258098223615,0.0947313781468985,0.1323085125288786,0.0850118953211735,-0.0068712780577186,0.076674827509459,0.0354251012145749,0.1857868020304569,0.1981209150326797,0.0265352539802881,0.1056843267108167,0.0293730819815869,0.0312022025084124,-0.0457016133375391,-0.051279450095906,-0.0076838492256775,0.1042468015320927,-0.0846840239956024,0.0132243327723009,Healthcare,35.0,4.0,47,9.52390946537981,13287.0,12610.0,11.164176172769997,10.579463141587746,11.022539520441693,10.610882746361275
JNJ,2007Q1,2007,Q1,1,0,0,0,15037.0,10652.0,4385.0,6454.0,4802.0,4820.0,4198.0,3652.0,2573.0,1652.0,4225.0,73066.0,40928.0,70556.0,39318.0,0.1098623395624127,0.319345614151759,0.7083859812462592,0.2791780275320875,0.1711112588947263,2046.0,1719.0,1828.0,1532.0,1976.0,1539.0,1525.0,1384.0,1727.0,1198.0,1182.0,1095.0,0.1495395410027773,0.1293745766538722,0.1367956297238644,0.1179187192118226,0.156701030927835,0.1250203086921202,0.1194953769001723,0.1078553615960099,0.1354297365119197,0.1036960096944516,0.1029258098223615,0.0947313781468985,0.1574045566502462,-0.221482602118003,0.1356076759061832,0.0783289817232375,0.1277491810949929,0.1185718092192913,-0.2086673889490791,0.2140088593576965,0.1726495726495727,0.1469699662342278,-0.068321465016406,0.0131717262660935,-0.0188325513484648,-0.0335515764196958,-0.3273593114794902,-0.1265247053959065,Healthcare,35.0,1.0,48,9.618335609937972,13682.0,12992.0,11.199132107421278,10.619594137230983,11.164176172769997,10.579463141587746
JNJ,2007Q2,2007,Q2,0,1,0,0,15131.0,10773.0,4358.0,6895.0,5029.0,4561.0,3878.0,4031.0,3081.0,1866.0,4947.0,74683.0,43122.0,73066.0,40928.0,0.1233229793139911,0.3323640208842773,0.7119820236600357,0.2562950234617672,0.2036217037869275,1652.0,2046.0,1719.0,1828.0,1532.0,1976.0,1539.0,1525.0,1384.0,1727.0,1198.0,1182.0,0.1098623395624127,0.1495395410027773,0.1293745766538722,0.1367956297238644,0.1179187192118226,0.156701030927835,0.1250203086921202,0.1194953769001723,0.1078553615960099,0.1354297365119197,0.1036960096944516,0.1029258098223615,0.1323056199955099,0.0925531914893618,0.1251174934725849,0.0207877461706782,0.1570268899036022,0.1419316843345111,0.1187898973077989,0.1504751847940866,0.1558262468398068,0.1158763553973134,-0.0984874329470112,0.0207723307461726,-0.0063482211833882,0.0085012952060057,-0.0351075079061303,0.064328743545611,Healthcare,35.0,2.0,49,9.624566985752919,15037.0,13363.0,11.221021158085227,10.67181177644663,11.199132107421278,10.619594137230983
JNJ,2007Q3,2007,Q3,0,0,1,0,14970.0,10696.0,4274.0,6733.0,4899.0,4560.0,3963.0,3268.0,2548.0,1834.0,4382.0,78665.0,43573.0,74683.0,43122.0,0.1225116900467601,0.3272545090180361,0.7144956579826319,0.2647294589178356,0.1702070808283233,1866.0,1652.0,2046.0,1719.0,1828.0,1532.0,1976.0,1539.0,1525.0,1384.0,1727.0,1198.0,0.1233229793139911,0.1098623395624127,0.1495395410027773,0.1293745766538722,0.1367956297238644,0.1179187192118226,0.156701030927835,0.1250203086921202,0.1194953769001723,0.1078553615960099,0.1354297365119197,0.1036960096944516,0.1266651614359901,-0.0768115942028985,0.1098889695963474,0.0668993600930774,0.0945751320211234,0.0926385442514474,-0.1073477192024037,0.1709589041095891,0.1416919133069214,0.1202995008319467,-0.0530466401097715,0.0133373715503719,-0.0148901309935425,-0.0302011798617913,-0.1806009119688651,-0.0216566197812011,Healthcare,35.0,3.0,50,9.613870275449836,15131.0,13287.0,11.272966320727457,10.682215921186279,11.221021158085227,10.67181177644663
JNJ,2007Q4,2007,Q4,0,0,0,1,15957.0,11223.0,4734.0,8049.0,5721.0,4049.0,3174.0,2332.0,2374.0,2328.0,4702.0,80954.0,43319.0,78665.0,43573.0,0.1458920849783793,0.3585260387290844,0.7033276931754089,0.1989095694679451,0.1487748323619728,1834.0,1866.0,1652.0,2046.0,1719.0,1828.0,1532.0,1976.0,1539.0,1525.0,1384.0,1727.0,0.1225116900467601,0.1233229793139911,0.1098623395624127,0.1495395410027773,0.1293745766538722,0.1367956297238644,0.1179187192118226,0.156701030927835,0.1250203086921202,0.1194953769001723,0.1078553615960099,0.1354297365119197,0.1662768601081712,0.0950184501845019,0.1599999999999999,0.1378299120234605,0.1555365296803652,0.0821684282304806,-0.1388478581979321,0.1814324931370101,0.2182708688245316,0.1938593889053692,-0.0243912479598304,0.0445811886480691,-0.0053819640283261,-0.072117037347281,-0.0610990514868486,0.1158044613194115,Healthcare,35.0,4.0,51,9.677715549868227,14970.0,13682.0,11.301648723720852,10.676369701114927,11.272966320727457,10.682215921186279
JNJ,2008Q1,2008,Q1,1,0,0,0,16194.0,11580.0,4614.0,6835.0,5123.0,5511.0,4745.0,4747.0,3598.0,1712.0,5310.0,85995.0,45625.0,80954.0,43319.0,0.105718167222428,0.3163517352105718,0.7150796591330122,0.2930097567000123,0.2221810547116215,2328.0,1834.0,1866.0,1652.0,2046.0,1719.0,1828.0,1532.0,1976.0,1539.0,1525.0,1384.0,0.1458920849783793,0.1225116900467601,0.1233229793139911,0.1098623395624127,0.1495395410027773,0.1293745766538722,0.1367956297238644,0.1179187192118226,0.156701030927835,0.1250203086921202,0.1194953769001723,0.1078553615960099,0.0769435392698012,0.3983676642052078,0.0871197897108524,0.0363196125907989,0.1433609958506223,0.1303001429252024,0.2998357064622126,0.0522234891676167,0.0668471470220741,0.0590331577316391,-0.0377215008936738,-0.0093750432400315,0.0094491958677342,0.049544476297781,0.298459587912419,0.2568047337278105,Healthcare,35.0,1.0,52,9.692457831605429,15957.0,15037.0,11.362056062526039,10.72823300845282,11.301648723720852,10.676369701114927
JNJ,2008Q2,2008,Q2,0,1,0,0,16450.0,11699.0,4751.0,7443.0,5507.0,5163.0,4256.0,4375.0,3327.0,1936.0,5263.0,88113.0,46435.0,85995.0,45625.0,0.1176899696048632,0.3347720364741641,0.7111854103343465,0.2587234042553191,0.2022492401215805,1712.0,2328.0,1834.0,1866.0,1652.0,2046.0,1719.0,1828.0,1532.0,1976.0,1539.0,1525.0,0.105718167222428,0.1458920849783793,0.1225116900467601,0.1233229793139911,0.1098623395624127,0.1495395410027773,0.1293745766538722,0.1367956297238644,0.1179187192118226,0.156701030927835,0.1250203086921202,0.1194953769001723,0.0871720309298791,0.0798442064264848,0.085955629815279,0.037513397642015,0.1319885989914493,0.0974729241877256,0.0853386256512032,0.0901789811840294,0.0950487174388545,0.0794778825235678,-0.0456768863391289,0.0072451151104748,-0.0011188671893627,0.0094749432148617,-0.0067402621617542,0.0638770972306448,Healthcare,35.0,2.0,53,9.708141544619421,16194.0,15131.0,11.386386709628534,10.745830299457927,11.362056062526039,10.72823300845282
JNJ,2008Q3,2008,Q3,0,0,1,0,15921.0,11147.0,4774.0,7056.0,5195.0,5180.0,4091.0,4290.0,3310.0,1861.0,5171.0,87724.0,45734.0,88113.0,46435.0,0.1168896426103888,0.3262985993342127,0.7001444632874819,0.2569562213428805,0.2079015137240123,1936.0,1712.0,2328.0,1834.0,1866.0,1652.0,2046.0,1719.0,1828.0,1532.0,1976.0,1539.0,0.1176899696048632,0.105718167222428,0.1458920849783793,0.1225116900467601,0.1233229793139911,0.1098623395624127,0.1495395410027773,0.1293745766538722,0.1367956297238644,0.1179187192118226,0.156701030927835,0.1250203086921202,0.0635270541082164,0.2990580847723705,0.0421652954375466,0.014721919302072,0.1359649122807018,0.0322987635629574,0.3127294981640147,0.1169864295741693,0.060420493978363,0.0479726719144513,-0.045889885562966,-0.0029209977478743,-0.0200857689403884,-0.0293629489016096,0.2214621901289106,0.1800547695116385,Healthcare,35.0,3.0,54,9.675457079648524,16450.0,14970.0,11.381962200451415,10.730619148090465,11.386386709628534,10.745830299457927
JNJ,2008Q4,2008,Q4,0,0,0,1,15182.0,10810.0,4372.0,7773.0,5665.0,4947.0,3037.0,3517.0,2714.0,2108.0,4822.0,84912.0,42511.0,87724.0,45734.0,0.1388486365432749,0.3731392438413911,0.7120274008694507,0.2000395204847846,0.1787643261757344,1861.0,1936.0,1712.0,2328.0,1834.0,1866.0,1652.0,2046.0,1719.0,1828.0,1532.0,1976.0,0.1168896426103888,0.1176899696048632,0.105718167222428,0.1458920849783793,0.1225116900467601,0.1233229793139911,0.1098623395624127,0.1495395410027773,0.1293745766538722,0.1367956297238644,0.1179187192118226,0.156701030927835,-0.0485680265714106,0.1432181971356361,-0.036799429742493,-0.0945017182130584,0.2217831563348975,-0.0431632010081916,0.5081475128644939,-0.0764681030840727,-0.0097884985142457,-0.0342899739098024,-0.0482784822504132,0.0407591179823594,0.0123693518376393,0.0056807272765304,0.2015763912326007,0.025521054870268,Healthcare,35.0,4.0,55,9.627931659882188,15921.0,15957.0,11.349382481896765,10.657541667999595,11.381962200451415,10.730619148090465
JNJ,2009Q1,2009,Q1,1,0,0,0,15026.0,10775.0,4251.0,6126.0,4608.0,5425.0,4649.0,4643.0,3507.0,1518.0,5025.0,86100.0,43791.0,84912.0,42511.0,0.1010248901903367,0.3066684413682949,0.7170903766804206,0.3093970451217889,0.2333954478903234,2108.0,1861.0,1936.0,1712.0,2328.0,1834.0,1866.0,1652.0,2046.0,1719.0,1828.0,1532.0,0.1388486365432749,0.1168896426103888,0.1176899696048632,0.105718167222428,0.1458920849783793,0.1225116900467601,0.1233229793139911,0.1098623395624127,0.1495395410027773,0.1293745766538722,0.1367956297238644,0.1179187192118226,-0.0721254785723107,-0.0252918287937743,-0.0695164075993091,-0.1133177570093457,-0.0156051533297042,-0.020231822971549,-0.021908573836107,-0.0786736020806242,-0.1005270349404645,-0.1037307973664959,-0.0443942337953777,-0.0306092641971171,0.0028118790986815,0.0559274496738144,0.0504741198265419,-0.0536723163841807,Healthcare,35.0,1.0,56,9.617603862025726,15182.0,16194.0,11.363276304750233,10.68720643128046,11.349382481896765,10.657541667999595
JNJ,2009Q2,2009,Q2,0,1,0,0,15239.0,10789.0,4450.0,6435.0,4797.0,5052.0,4354.0,4263.0,3208.0,1638.0,4846.0,87438.0,46247.0,86100.0,43791.0,0.1074873679375287,0.3147844346741912,0.7079860883260056,0.2857142857142857,0.2105125008202638,1518.0,2108.0,1861.0,1936.0,1712.0,2328.0,1834.0,1866.0,1652.0,2046.0,1719.0,1828.0,0.1010248901903367,0.1388486365432749,0.1168896426103888,0.1176899696048632,0.105718167222428,0.1458920849783793,0.1225116900467601,0.1233229793139911,0.1098623395624127,0.1495395410027773,0.1293745766538722,0.1367956297238644,-0.0736170212765957,-0.0357679591223324,-0.0777844260193179,-0.1539256198347107,-0.0214991284137129,0.0230263157894736,-0.0255999999999999,-0.0633550831403915,-0.1289268204103868,-0.1354292623941958,-0.0866904945390768,-0.0597051116051489,-0.0044985765481841,0.1043233082706767,0.0408568195050613,-0.0792323769713091,Healthcare,35.0,2.0,57,9.631678829240638,15026.0,16450.0,11.378696686371484,10.741773498762312,11.363276304750233,10.68720643128046
JNJ,2009Q3,2009,Q3,0,0,1,0,15081.0,10647.0,4434.0,6384.0,4767.0,5062.0,4263.0,4245.0,3345.0,1617.0,4962.0,91558.0,50384.0,87438.0,46247.0,0.1072210065645514,0.3160930972747165,0.705987666600358,0.2826735627610901,0.2218022677541277,1638.0,1518.0,2108.0,1861.0,1936.0,1712.0,2328.0,1834.0,1866.0,1652.0,2046.0,1719.0,0.1074873679375287,0.1010248901903367,0.1388486365432749,0.1168896426103888,0.1176899696048632,0.105718167222428,0.1458920849783793,0.1225116900467601,0.1233229793139911,0.1098623395624127,0.1495395410027773,0.1293745766538722,-0.0527605049934049,0.0105740181268882,-0.0448551179689602,-0.1311123052122514,-0.0227799227799228,0.0420435101442189,-0.0104895104895105,-0.0712191034771679,-0.0823869104908565,-0.0952380952380952,-0.0827159347048773,-0.0312765732991796,0.0083457109486231,0.1000845252308275,0.0668622069224975,-0.0404177141752079,Healthcare,35.0,3.0,58,9.621257258762592,15239.0,15921.0,11.424738852206946,10.827448790714502,11.378696686371484,10.741773498762312
JNJ,2009Q4,2009,Q4,0,0,0,1,16551.0,11239.0,5312.0,7842.0,5629.0,3441.0,3397.0,2604.0,2206.0,2213.0,4419.0,94682.0,50588.0,91558.0,50384.0,0.1337079330554045,0.340100296054619,0.67905262521902,0.2052443961089964,0.1332849978853241,1617.0,1638.0,1518.0,2108.0,1861.0,1936.0,1712.0,2328.0,1834.0,1866.0,1652.0,2046.0,0.1072210065645514,0.1074873679375287,0.1010248901903367,0.1388486365432749,0.1168896426103888,0.1176899696048632,0.105718167222428,0.1458920849783793,0.1225116900467601,0.1233229793139911,0.1098623395624127,0.1495395410027773,0.0901725727835593,-0.187177597641857,0.0396854764107308,0.0498102466793168,-0.304426925409339,0.1185380309515968,-0.259596246801251,0.2150045745654163,-0.0063548102383054,0.0088768815129294,-0.037023795233799,-0.0885432136449733,-0.0463111048959148,0.0260192366568272,-0.2544094186090674,-0.0835752799668188,Healthcare,35.0,4.0,59,9.714262219425379,15081.0,15182.0,11.458289748804013,10.831489440338295,11.424738852206946,10.827448790714502
JNJ,2010Q1,2010,Q1,1,0,0,0,15631.0,11103.0,4528.0,6336.0,4779.0,7122.0,4767.0,6280.0,4526.0,1557.0,6083.0,93441.0,52914.0,94682.0,50588.0,0.0996097498560552,0.3057385963789905,0.7103192374128334,0.3049708911777877,0.2895528117202994,2213.0,1617.0,1638.0,1518.0,2108.0,1861.0,1936.0,1712.0,2328.0,1834.0,1866.0,1652.0,0.1337079330554045,0.1072210065645514,0.1074873679375287,0.1010248901903367,0.1388486365432749,0.1168896426103888,0.1176899696048632,0.105718167222428,0.1458920849783793,0.1225116900467601,0.1233229793139911,0.1098623395624127,0.0402635431918008,0.2905617336755062,0.0304408352668212,0.0256916996047431,0.3128110599078342,0.0253818025381802,0.3525737669610165,0.0651611385556338,0.037109375,0.0342801175318314,-0.0140078383813658,-0.0030320856790991,-0.0094425186667995,-0.014305740839441,0.2406103646732873,0.2105472636815919,Healthcare,35.0,1.0,60,9.657075374282565,16551.0,15026.0,11.445096201942578,10.876442131527824,11.458289748804013,10.831489440338295
JNJ,2010Q2,2010,Q2,0,1,0,0,15330.0,10700.0,4630.0,6404.0,4756.0,5032.0,4296.0,4220.0,3449.0,1648.0,5097.0,92300.0,52851.0,93441.0,52914.0,0.107501630789302,0.3102413568166993,0.6979778212654925,0.2802348336594912,0.2249836921069797,1557.0,2213.0,1617.0,1638.0,1518.0,2108.0,1861.0,1936.0,1712.0,2328.0,1834.0,1866.0,0.0996097498560552,0.1337079330554045,0.1072210065645514,0.1074873679375287,0.1010248901903367,0.1388486365432749,0.1168896426103888,0.1176899696048632,0.105718167222428,0.1458920849783793,0.1225116900467601,0.1233229793139911,0.0059715204409738,0.0751246882793017,-0.0082491426452868,0.006105006105006,-0.0039588281868566,-0.0133210840606339,-0.0100867933380248,0.0404494382022471,-0.0085470085470085,-0.0048174048174047,0.0001326932833782,-0.0144323459391951,-0.0141362481912281,-0.0191780821917807,0.0687426695817534,0.051795295088733,Healthcare,35.0,2.0,61,9.637632201310455,15631.0,15239.0,11.43281025466844,10.875250833534107,11.445096201942578,10.876442131527824
JNJ,2010Q3,2010,Q3,0,0,1,0,14982.0,10388.0,4594.0,6366.0,4709.0,5052.0,4022.0,4219.0,3417.0,1657.0,5074.0,98247.0,57291.0,92300.0,52851.0,0.1105993859297824,0.3143105059404619,0.6933653717794687,0.2684554799092244,0.2280736884261113,1648.0,1557.0,2213.0,1617.0,1638.0,1518.0,2108.0,1861.0,1936.0,1712.0,2328.0,1834.0,0.107501630789302,0.0996097498560552,0.1337079330554045,0.1072210065645514,0.1074873679375287,0.1010248901903367,0.1388486365432749,0.1168896426103888,0.1176899696048632,0.105718167222428,0.1458920849783793,0.1225116900467601,-0.0065645514223194,0.02152466367713,-0.0243261012491782,0.0247371675943104,-0.0019755037534571,-0.0565329580107905,-0.0061248527679622,0.0360847992783039,-0.0121669813299769,-0.0028195488721804,0.0315085585696033,-0.0056394503696022,-0.0178789168961992,-0.0502985942972054,0.0282748266529702,0.0225715437323659,Healthcare,35.0,3.0,62,9.614671504043145,15330.0,15081.0,11.49525017329022,10.955916276899755,11.43281025466844,10.875250833534107
JNJ,2010Q4,2010,Q4,0,0,0,1,15644.0,10604.0,5040.0,7162.0,5180.0,3135.0,3442.0,2228.0,1942.0,1982.0,3924.0,102908.0,56579.0,98247.0,57291.0,0.1266939401687548,0.331117361288673,0.6778317565839939,0.2200204551265661,0.1241370493479928,1657.0,1648.0,1557.0,2213.0,1617.0,1638.0,1518.0,2108.0,1861.0,1936.0,1712.0,2328.0,0.1105993859297824,0.107501630789302,0.0996097498560552,0.1337079330554045,0.1072210065645514,0.1074873679375287,0.1010248901903367,0.1388486365432749,0.1168896426103888,0.1176899696048632,0.105718167222428,0.1458920849783793,-0.054800314180412,-0.1196736174070716,-0.0564996885843935,-0.1043831902394939,-0.088927637314734,0.0132469826317338,-0.1443932411674346,-0.0512048192771084,-0.0797655000888257,-0.0867125733231318,-0.0524575672241027,-0.0264126049584604,-0.001797899882402,0.0719925089195747,-0.0686344951230146,-0.1120162932790224,Healthcare,35.0,4.0,63,9.657906656102982,14982.0,16551.0,11.541600381554279,10.943410844855558,11.49525017329022,10.955916276899755
JNJ,2011Q1,2011,Q1,1,0,0,0,16173.0,11395.0,4778.0,6794.0,5056.0,5390.0,4601.0,4510.0,3476.0,1738.0,5214.0,108150.0,59863.0,102908.0,56579.0,0.1074630557101341,0.3126197984294812,0.7045693439683423,0.2844864898287269,0.2149261114202683,1982.0,1657.0,1648.0,1557.0,2213.0,1617.0,1638.0,1518.0,2108.0,1861.0,1936.0,1712.0,0.1266939401687548,0.1105993859297824,0.107501630789302,0.0996097498560552,0.1337079330554045,0.1072210065645514,0.1074873679375287,0.1010248901903367,0.1388486365432749,0.1168896426103888,0.1176899696048632,0.105718167222428,0.0346746849209902,-0.2319929297392841,0.0262991984148428,0.1162491971740526,-0.2431901151361977,-0.0348227396685546,-0.2818471337579618,0.0552120141342755,0.0579619167189788,0.0722853535353535,0.078840734621135,0.0225068150766312,-0.0080948018040927,-0.0671683821034551,-0.2577308776822327,-0.1428571428571429,Healthcare,35.0,1.0,64,9.691160293655768,15644.0,15631.0,11.59128367775547,10.999830601760195,11.541600381554279,10.943410844855558
JNJ,2011Q2,2011,Q2,0,1,0,0,16597.0,11425.0,5172.0,7097.0,5215.0,4328.0,4328.0,3422.0,2776.0,1882.0,4658.0,112114.0,62132.0,108150.0,59863.0,0.1133939868650961,0.3142134120624209,0.6883774176055913,0.2607700186780743,0.1672591432186539,1738.0,1982.0,1657.0,1648.0,1557.0,2213.0,1617.0,1638.0,1518.0,2108.0,1861.0,1936.0,0.1074630557101341,0.1266939401687548,0.1105993859297824,0.107501630789302,0.0996097498560552,0.1337079330554045,0.1072210065645514,0.1074873679375287,0.1010248901903367,0.1388486365432749,0.1168896426103888,0.1176899696048632,0.0826484018264839,-0.1951290229051899,0.0677570093457944,0.141990291262136,-0.1399046104928457,0.0074487895716945,-0.1890995260663507,0.1170626349892007,0.0965096719932716,0.1082136164896938,0.0548117831565069,0.0128031133130599,-0.0137545970192788,-0.0694589417283798,-0.2565721468419931,-0.0861290955463998,Healthcare,35.0,2.0,65,9.717037485158393,16173.0,15330.0,11.62728040920763,11.03703252774426,11.59128367775547,10.999830601760195
JNJ,2011Q3,2011,Q3,0,0,1,0,16005.0,10933.0,5072.0,7013.0,5240.0,5028.0,3920.0,4111.0,3202.0,1773.0,4975.0,111821.0,61527.0,112114.0,62132.0,0.1107778819119025,0.3273976882224305,0.6830990315526398,0.2449234614183068,0.2000624804748516,1882.0,1738.0,1982.0,1657.0,1648.0,1557.0,2213.0,1617.0,1638.0,1518.0,2108.0,1861.0,0.1133939868650961,0.1074630557101341,0.1266939401687548,0.1105993859297824,0.107501630789302,0.0996097498560552,0.1337079330554045,0.1072210065645514,0.1074873679375287,0.1010248901903367,0.1388486365432749,0.1168896426103888,0.0682819383259911,-0.0629206906643254,0.0524643819792067,0.0700060350030176,-0.004750593824228,-0.0253605171556439,-0.0255984830528561,0.1040487592511971,0.1127627946485454,0.1016336789192584,0.001613896683237,0.0416377500421434,-0.0148065372813197,-0.0876570614199223,-0.122816481570317,-0.0195112337406385,Healthcare,35.0,3.0,66,9.680718930926991,16597.0,14982.0,11.62466360030872,11.02724763473689,11.62728040920763,11.03703252774426
JNJ,2011Q4,2011,Q4,0,0,0,1,16255.0,10917.0,5338.0,7613.0,5458.0,1344.0,3304.0,318.0,218.0,2155.0,2373.0,113644.0,57080.0,111821.0,61527.0,0.1325745924330975,0.3357736081205782,0.6716087357736081,0.2032605352199323,0.0134112580744386,1773.0,1882.0,1738.0,1982.0,1657.0,1648.0,1557.0,2213.0,1617.0,1638.0,1518.0,2108.0,0.1107778819119025,0.1133939868650961,0.1074630557101341,0.1266939401687548,0.1105993859297824,0.107501630789302,0.0996097498560552,0.1337079330554045,0.1072210065645514,0.1074873679375287,0.1010248901903367,0.1388486365432749,0.0390565072871389,-0.8877445932028836,0.0295171633345907,0.0872855701311805,-0.5712918660287081,-0.0400929692039512,-0.8572710951526032,0.0591269841269841,0.0536679536679536,0.0629712370846131,0.0464162078826324,0.0140622249880939,-0.0091807749488564,-0.0761743715919169,-0.8919640981892286,-0.3952599388379205,Healthcare,35.0,4.0,67,9.696217350378209,16005.0,15644.0,11.64083483359226,10.952226590708511,11.62466360030872,11.02724763473689
JNJ,2012Q1,2012,Q1,1,0,0,0,16139.0,11224.0,4915.0,6660.0,5015.0,5965.0,4564.0,5045.0,3910.0,1645.0,5555.0,116194.0,61366.0,113644.0,57080.0,0.101927009108371,0.3107379639382861,0.6954582068281802,0.282793233781523,0.2422702769688332,2155.0,1773.0,1882.0,1738.0,1982.0,1657.0,1648.0,1557.0,2213.0,1617.0,1638.0,1518.0,0.1325745924330975,0.1107778819119025,0.1133939868650961,0.1074630557101341,0.1266939401687548,0.1105993859297824,0.107501630789302,0.0996097498560552,0.1337079330554045,0.1072210065645514,0.1074873679375287,0.1010248901903367,-0.0021022692141222,0.1248561565017261,-0.0150065818341378,-0.0535097813578826,0.1066790352504638,-0.0080417300586829,0.1186252771618625,0.0286730849727918,-0.0081091772151898,-0.0197232852516926,-0.0515158122498937,-0.0060195627425037,-0.0129314981103854,-0.0059519734952027,0.1272258887850808,0.0654008438818565,Healthcare,35.0,1.0,68,9.68905594182394,16255.0,16173.0,11.663025093214266,11.024627510368834,11.64083483359226,10.952226590708511
JNJ,2012Q2,2012,Q2,0,1,0,0,16475.0,11332.0,5143.0,6731.0,4965.0,3030.0,4601.0,2035.0,1408.0,1766.0,3174.0,115750.0,60434.0,116194.0,61366.0,0.1071927162367223,0.3013657056145675,0.6878300455235205,0.2792716236722306,0.0854628224582701,1645.0,2155.0,1773.0,1882.0,1738.0,1982.0,1657.0,1648.0,1557.0,2213.0,1617.0,1638.0,0.101927009108371,0.1325745924330975,0.1107778819119025,0.1133939868650961,0.1074630557101341,0.1266939401687548,0.1105993859297824,0.107501630789302,0.0996097498560552,0.1337079330554045,0.1072210065645514,0.1074873679375287,-0.0073507260348255,-0.4927953890489913,-0.0081400437636761,-0.0616365568544101,-0.2999075785582255,0.0630776340110905,-0.4053185271770894,-0.0056071152358855,-0.0479386385426653,-0.0515710863745244,-0.0546878260462911,-0.0408884724669266,-0.0007951627523965,0.0709498932735701,-0.4890394580908109,-0.3185916702447402,Healthcare,35.0,2.0,69,9.709660055555972,16139.0,16597.0,11.659196611220016,11.009323686293557,11.663025093214266,11.024627510368834
JNJ,2012Q3,2012,Q3,0,0,1,0,17052.0,11455.0,5597.0,7151.0,5228.0,4735.0,4304.0,3595.0,2968.0,1923.0,4891.0,118951.0,63761.0,115750.0,60434.0,0.1127726952850105,0.3065916021581046,0.6717687074829932,0.252404410039878,0.174055829228243,1766.0,1645.0,2155.0,1773.0,1882.0,1738.0,1982.0,1657.0,1648.0,1557.0,2213.0,1617.0,0.1071927162367223,0.101927009108371,0.1325745924330975,0.1107778819119025,0.1133939868650961,0.1074630557101341,0.1266939401687548,0.1105993859297824,0.107501630789302,0.0996097498560552,0.1337079330554045,0.1072210065645514,0.0654170571696344,-0.0730793254216114,0.0477453580901856,0.0846023688663282,-0.0582736674622116,0.0979591836734694,-0.1255169058623205,0.1035094637223974,-0.0022900763358778,0.0196777413375159,0.0180073254577517,-0.0635498869197587,-0.0165866492943103,0.0305440261959815,-0.1299926462217271,-0.0168844221105527,Healthcare,35.0,3.0,70,9.744081420312915,16475.0,16005.0,11.686475329377059,11.06291268060075,11.659196611220016,11.009323686293557
JNJ,2012Q4,2012,Q4,0,0,0,1,17558.0,11555.0,6003.0,7992.0,5661.0,4243.0,3563.0,3100.0,2567.0,2331.0,4898.0,121347.0,64826.0,118951.0,63761.0,0.1327599954436724,0.3224171317917758,0.658104567718419,0.2029274404829707,0.146201161863538,1923.0,1766.0,1645.0,2155.0,1773.0,1882.0,1738.0,1982.0,1657.0,1648.0,1557.0,2213.0,0.1127726952850105,0.1071927162367223,0.101927009108371,0.1325745924330975,0.1107778819119025,0.1133939868650961,0.1074630557101341,0.1266939401687548,0.1105993859297824,0.107501630789302,0.0996097498560552,0.1337079330554045,0.0801599507843739,10.775229357798166,0.058440963634698,0.0816705336426915,2.1569940476190474,0.0783898305084744,8.748427672955975,0.1245784938179093,0.0371931110296812,0.0497832654669643,0.0013984807131761,-0.0397782196270948,-0.0201071953592653,-0.0016387575512442,9.901375624274358,1.064053940160135,Healthcare,35.0,4.0,71,9.773321917959331,17052.0,16255.0,11.706417729766354,11.079477462225583,11.686475329377059,11.06291268060075
JNJ,2013Q1,2013,Q1,1,0,0,0,17505.0,11951.0,5554.0,7007.0,5223.0,5422.0,4944.0,4261.0,3497.0,1784.0,5281.0,121536.0,66855.0,121347.0,64826.0,0.1019137389317337,0.2983718937446444,0.6827192230791203,0.2824335904027421,0.1997714938588974,2331.0,1923.0,1766.0,1645.0,2155.0,1773.0,1882.0,1738.0,1982.0,1657.0,1648.0,1557.0,0.1327599954436724,0.1127726952850105,0.1071927162367223,0.101927009108371,0.1325745924330975,0.1107778819119025,0.1133939868650961,0.1074630557101341,0.1266939401687548,0.1105993859297824,0.107501630789302,0.0996097498560552,0.0846396926699299,-0.1056265984654731,0.0647719173200285,0.0844984802431612,-0.0910310142497904,0.0832602979842243,-0.1554013875123885,0.1300101729399796,0.0414755732801594,0.0521021021021022,-0.0001301929366251,-0.039795813929249,-0.0183173965365358,-0.0012717538321967,-0.1754188901819064,-0.0493249324932493,Healthcare,35.0,1.0,72,9.770298958292383,17558.0,16139.0,11.707974022152852,11.110296331681273,11.706417729766354,11.079477462225583
JNJ,2013Q2,2013,Q2,0,1,0,0,17877.0,12388.0,5489.0,7322.0,5376.0,5901.0,5066.0,4793.0,3833.0,1946.0,5779.0,124325.0,69665.0,121536.0,66855.0,0.1088549532919393,0.3007215975834871,0.692957431336354,0.2833808804609274,0.2144095765508754,1784.0,2331.0,1923.0,1766.0,1645.0,2155.0,1773.0,1882.0,1738.0,1982.0,1657.0,1648.0,0.1019137389317337,0.1327599954436724,0.1127726952850105,0.1071927162367223,0.101927009108371,0.1325745924330975,0.1107778819119025,0.1133939868650961,0.1074630557101341,0.1266939401687548,0.1105993859297824,0.107501630789302,0.0850986342943853,1.7223011363636362,0.093187433815743,0.101925254813137,0.9475247524752476,0.1010649858726364,1.3552825552825554,0.0672759090025276,0.0827794561933534,0.0878027039072946,0.0155069963107028,-0.0021372970417018,0.0074544371043445,0.0147141937826082,1.508805236985563,0.820730938878387,Healthcare,35.0,2.0,73,9.791326185647797,17505.0,16475.0,11.730662426985138,11.15146767285506,11.707974022152852,11.110296331681273
JNJ,2013Q3,2013,Q3,0,0,1,0,17575.0,12231.0,5344.0,7356.0,5314.0,4748.0,4875.0,3667.0,2982.0,2042.0,5024.0,126933.0,69804.0,124325.0,69665.0,0.1161877667140825,0.3023613086770981,0.6959317211948791,0.2773826458036984,0.1696728307254623,1946.0,1784.0,2331.0,1923.0,1766.0,1645.0,2155.0,1773.0,1882.0,1738.0,1982.0,1657.0,0.1088549532919393,0.1019137389317337,0.1327599954436724,0.1127726952850105,0.1071927162367223,0.101927009108371,0.1325745924330975,0.1107778819119025,0.1133939868650961,0.1074630557101341,0.1266939401687548,0.1105993859297824,0.0306708890452733,0.0047169811320755,0.0677433435181142,0.0618824752990119,0.0027455121436112,0.132667286245353,0.0200278164116829,-0.0452027872074325,0.0164498852333587,0.028667319256048,0.0302827862758892,-0.0137978126316223,0.0359692457280731,0.0989611701311956,-0.0251815668697497,0.0271928031077488,Healthcare,35.0,3.0,74,9.774289614064447,17877.0,17052.0,11.751422545318286,11.153460919422749,11.730662426985138,11.15146767285506
JNJ,2013Q4,2013,Q4,0,0,0,1,18355.0,12400.0,5955.0,8328.0,5917.0,3986.0,4072.0,2750.0,3519.0,2411.0,5930.0,132683.0,74053.0,126933.0,69804.0,0.1313538545355489,0.3223644783437755,0.6755652410787252,0.2218469081994007,0.1917188776900027,2042.0,1946.0,1784.0,2331.0,1923.0,1766.0,1645.0,2155.0,1773.0,1882.0,1738.0,1982.0,0.1161877667140825,0.1088549532919393,0.1019137389317337,0.1327599954436724,0.1127726952850105,0.1071927162367223,0.101927009108371,0.1325745924330975,0.1107778819119025,0.1133939868650961,0.1074630557101341,0.1266939401687548,0.045392413714546,0.3708609271523178,0.0731285157940284,0.0343200343200342,-0.0605703511666273,0.1428571428571428,-0.1129032258064516,-0.0079960019990005,0.0452216922805157,0.0420420420420419,-0.010591601057414,-0.0001633084684665,0.0265317613898967,0.0932326730746779,0.3113362113288149,0.2106982441812985,Healthcare,35.0,4.0,75,9.817711775514724,17575.0,17558.0,11.795725640330403,11.212549835792755,11.751422545318286,11.153460919422749
JNJ,2014Q1,2014,Q1,1,0,0,0,18115.0,12660.0,5455.0,7014.0,5183.0,6573.0,5646.0,5424.0,4727.0,1831.0,6558.0,133330.0,76582.0,132683.0,74053.0,0.1010764559757107,0.2861164780568589,0.69886834115374,0.3116754071211703,0.2609439690863925,2411.0,2042.0,1946.0,1784.0,2331.0,1923.0,1766.0,1645.0,2155.0,1773.0,1882.0,1738.0,0.1313538545355489,0.1161877667140825,0.1088549532919393,0.1019137389317337,0.1327599954436724,0.1127726952850105,0.1071927162367223,0.101927009108371,0.1325745924330975,0.1107778819119025,0.1133939868650961,0.1074630557101341,0.0348471865181376,0.3517300543322847,0.0593255794494185,0.0263452914798205,0.2122832902987828,0.141990291262136,0.2729406242666041,-0.0178249909974792,-0.0076584338502776,0.000999000999001,-0.0082156043414707,-0.0410742966905387,0.0236541136219745,0.1035351945097262,0.3062122330160999,0.2418102632077259,Healthcare,35.0,1.0,76,9.804550804676104,18355.0,17505.0,11.800590037268883,11.246130398983224,11.795725640330403,11.212549835792755
JNJ,2014Q2,2014,Q2,0,1,0,0,19495.0,13456.0,6039.0,7486.0,5481.0,6706.0,5970.0,5626.0,4326.0,2005.0,6331.0,135200.0,78048.0,133330.0,76582.0,0.1028468838163631,0.2811490125673249,0.690228263657348,0.3062323672736599,0.2219030520646319,1831.0,2411.0,2042.0,1946.0,1784.0,2331.0,1923.0,1766.0,1645.0,2155.0,1773.0,1882.0,0.1010764559757107,0.1313538545355489,0.1161877667140825,0.1088549532919393,0.1019137389317337,0.1327599954436724,0.1127726952850105,0.1071927162367223,0.101927009108371,0.1325745924330975,0.1107778819119025,0.1133939868650961,0.0905073558203277,0.1286198799895643,0.0862124636745238,0.0303186022610482,0.1364175563463818,0.1784445321752863,0.1737951178802419,0.1002004008016033,0.01953125,0.0223982518437584,-0.055193349442382,-0.0650853984996152,-0.0039384348238287,0.0806387741317051,0.0349493508373142,0.0955182557535905,Healthcare,35.0,2.0,77,9.877964595305043,18115.0,17877.0,11.814517839013352,11.265092113561693,11.800590037268883,11.246130398983224
JNJ,2014Q3,2014,Q3,0,0,1,0,18467.0,13068.0,5399.0,7491.0,5468.0,7879.0,5577.0,6810.0,4749.0,2023.0,6772.0,132097.0,76591.0,135200.0,78048.0,0.109546759083771,0.2960957383440732,0.7076406563058428,0.3019981588779986,0.2571614230790058,2005.0,1831.0,2411.0,2042.0,1946.0,1784.0,2331.0,1923.0,1766.0,1645.0,2155.0,1773.0,0.1028468838163631,0.1010764559757107,0.1313538545355489,0.1161877667140825,0.1088549532919393,0.1019137389317337,0.1327599954436724,0.1127726952850105,0.1071927162367223,0.101927009108371,0.1325745924330975,0.1107778819119025,0.0507539118065434,0.5925553319919517,0.0684326710816776,-0.0093046033300685,0.6594355518112889,0.1439999999999999,0.8571038996454867,0.0102919161676646,0.0289800526910049,0.0183523654159869,-0.0571575460836061,-0.0207221299591481,0.0168248331759617,0.0887420804678615,0.5156311236128528,0.3479299363057324,Healthcare,35.0,3.0,78,9.82379478362688,19495.0,17575.0,11.791299350350386,11.24624791163229,11.814517839013352,11.265092113561693
JNJ,2014Q4,2014,Q4,0,0,0,1,18254.0,12401.0,5853.0,8457.0,5822.0,3833.0,3944.0,2703.0,2521.0,2635.0,5156.0,130358.0,69752.0,132097.0,76591.0,0.1443519228662211,0.3189437931412293,0.6793579489426975,0.216062232935247,0.1381067163361455,2023.0,2005.0,1831.0,2411.0,2042.0,1946.0,1784.0,2331.0,1923.0,1766.0,1645.0,2155.0,0.109546759083771,0.1028468838163631,0.1010764559757107,0.1313538545355489,0.1161877667140825,0.1088549532919393,0.1019137389317337,0.1327599954436724,0.1127726952850105,0.1071927162367223,0.101927009108371,0.1325745924330975,-0.0055025878507218,-0.2836032963910202,8.064516129024923e-05,0.0929075072583989,-0.0383843452082287,-0.0314341846758349,-0.017090909090909,-0.0171284634760705,-0.0160554334967044,0.0154899135446686,0.0989546014970916,-0.0106112348982144,0.0056141252292913,-0.026075077228276,-0.2796394491759163,-0.1305227655986509,Healthcare,35.0,4.0,79,9.812194294089737,18467.0,18355.0,11.778047461857332,11.152715709511364,11.791299350350386,11.24624791163229
JNJ,2015Q1,2015,Q1,1,0,0,0,17374.0,12092.0,5282.0,6746.0,4847.0,6608.0,5346.0,5575.0,4320.0,1899.0,6219.0,128590.0,67878.0,130358.0,69752.0,0.1093012547484747,0.2789800851847588,0.6959825025900771,0.3077011626568435,0.2486474041671463,2635.0,2023.0,2005.0,1831.0,2411.0,2042.0,1946.0,1784.0,2331.0,1923.0,1766.0,1645.0,0.1443519228662211,0.109546759083771,0.1028468838163631,0.1010764559757107,0.1313538545355489,0.1161877667140825,0.1088549532919393,0.1019137389317337,0.1327599954436724,0.1127726952850105,0.1071927162367223,0.101927009108371,-0.040905327077008,-0.0861011212185318,-0.044865718799368,0.0371381758601856,0.0053248136315229,-0.0531349628055259,0.0278392330383481,-0.0317140238313473,-0.0648273200848928,-0.0382092956943256,0.0813720533962969,-0.0249422644950982,-0.0041293021785744,-0.0127512289180444,-0.0471233919001786,-0.0516925892040256,Healthcare,35.0,1.0,80,9.762787670432992,18254.0,18115.0,11.76439210388873,11.12548198735986,11.778047461857332,11.152715709511364
JNJ,2015Q2,2015,Q2,0,1,0,0,17787.0,12430.0,5357.0,7513.0,5384.0,6761.0,4917.0,5741.0,4516.0,2129.0,6645.0,132036.0,71131.0,128590.0,67878.0,0.1196941586551976,0.3026929780176533,0.6988249845392702,0.2764378478664193,0.2538932928543318,1899.0,2635.0,2023.0,2005.0,1831.0,2411.0,2042.0,1946.0,1784.0,2331.0,1923.0,1766.0,0.1093012547484747,0.1443519228662211,0.109546759083771,0.1028468838163631,0.1010764559757107,0.1313538545355489,0.1161877667140825,0.1088549532919393,0.1019137389317337,0.1327599954436724,0.1127726952850105,0.1071927162367223,-0.0876122082585277,0.0439204808136846,-0.0762485136741973,0.0618453865336658,0.0082016104980613,-0.1763819095477387,0.0204408105225737,-0.1129326047358834,-0.0176975004561211,0.0036067325674593,0.1638092882708615,0.0766282806885882,0.0124548954810548,-0.0972938284496074,0.14416314012834,0.0495972200284315,Healthcare,35.0,2.0,81,9.786279351630586,17374.0,19495.0,11.790837465321257,11.172292584863552,11.76439210388873,11.12548198735986
JNJ,2015Q3,2015,Q3,0,0,1,0,17102.0,11878.0,5224.0,7235.0,5081.0,5174.0,4643.0,4122.0,3358.0,2154.0,5512.0,133266.0,71554.0,132036.0,71131.0,0.125950181265349,0.2970997544146883,0.6945386504502398,0.2714887147702023,0.1963513039410595,2129.0,1899.0,2635.0,2023.0,2005.0,1831.0,2411.0,2042.0,1946.0,1784.0,2331.0,1923.0,0.1196941586551976,0.1093012547484747,0.1443519228662211,0.109546759083771,0.1028468838163631,0.1010764559757107,0.1313538545355489,0.1161877667140825,0.1088549532919393,0.1019137389317337,0.1327599954436724,0.1127726952850105,-0.0739156332918178,-0.2929037692145715,-0.0910621365166819,0.0647553138902619,-0.3433176799086178,-0.1674735520889366,-0.3947136563876652,-0.0324134098907205,-0.0707754206291149,-0.0341743425443865,0.149739000211172,0.0033908494469732,-0.0185150552598272,-0.101025265257069,-0.2364667235461053,-0.1860602480803307,Healthcare,35.0,3.0,82,9.74700916569969,17787.0,18467.0,11.800109913627825,11.178221663744976,11.790837465321257,11.172292584863552
JNJ,2015Q4,2015,Q4,0,0,0,1,17811.0,12138.0,5673.0,8755.0,5891.0,4951.0,3383.0,3758.0,3215.0,2864.0,6079.0,133411.0,71150.0,133266.0,71554.0,0.1607995059233058,0.3307506597046769,0.6814889674919993,0.1899388018640166,0.1805064286115322,2154.0,2129.0,1899.0,2635.0,2023.0,2005.0,1831.0,2411.0,2042.0,1946.0,1784.0,2331.0,0.125950181265349,0.1196941586551976,0.1093012547484747,0.1443519228662211,0.109546759083771,0.1028468838163631,0.1010764559757107,0.1313538545355489,0.1161877667140825,0.1088549532919393,0.1019137389317337,0.1327599954436724,-0.02426865344582,0.2752875842919475,-0.0212079670994275,0.0869070208728652,0.2916775371771458,-0.1422413793103448,0.3903070662227155,-0.0307534597642235,0.0118515973892132,0.0352370817074612,0.1139408657017171,0.0370186434643029,0.0031368125634185,-0.1209069753484383,0.3070068813466517,0.1790147401086113,Healthcare,35.0,4.0,83,9.787627666441592,17102.0,18254.0,11.801197363440439,11.172559658233004,11.800109913627825,11.178221663744976
JNJ,2016Q1,2016,Q1,1,0,0,0,17482.0,12153.0,5329.0,6701.0,4688.0,6345.0,5452.0,5294.0,4457.0,2013.0,6470.0,136231.0,72647.0,133411.0,71150.0,0.1151470083514472,0.2681615375815124,0.6951721770964421,0.3118636311634824,0.2549479464592152,2864.0,2154.0,2129.0,1899.0,2635.0,2023.0,2005.0,1831.0,2411.0,2042.0,1946.0,1784.0,0.1607995059233058,0.125950181265349,0.1196941586551976,0.1093012547484747,0.1443519228662211,0.109546759083771,0.1028468838163631,0.1010764559757107,0.1313538545355489,0.1161877667140825,0.1088549532919393,0.1019137389317337,0.0062161851041786,0.0317129629629628,0.0050446576248759,0.0600315955766193,-0.0398002421307506,0.0198279087167976,-0.0504035874439462,0.0088981446421809,-0.0328037961625747,-0.0066706196264453,0.0534829505518923,-0.0387789242951935,-0.0011642900369182,0.0135276333397575,0.0253392643014827,0.0403601865251648,Healthcare,35.0,1.0,84,9.76898425919765,17811.0,17374.0,11.822114593706441,11.193381139369665,11.801197363440439,11.172559658233004
JNJ,2016Q2,2016,Q2,0,1,0,0,18482.0,13146.0,5336.0,7440.0,5176.0,5994.0,5706.0,4904.0,3997.0,2264.0,6261.0,139814.0,72473.0,136231.0,72647.0,0.1224975651985715,0.2800562709663456,0.7112866572881723,0.308732821123255,0.2162644735418245,2013.0,2864.0,2154.0,2129.0,1899.0,2635.0,2023.0,2005.0,1831.0,2411.0,2042.0,1946.0,0.1151470083514472,0.1607995059233058,0.125950181265349,0.1196941586551976,0.1093012547484747,0.1443519228662211,0.109546759083771,0.1028468838163631,0.1010764559757107,0.1313538545355489,0.1161877667140825,0.1088549532919393,0.0390734806319221,-0.1149247121346324,0.0576025744167336,0.0634100516674494,-0.1134447566927969,0.160463697376449,-0.1457934157812227,-0.003920104536121,-0.038632986627043,-0.0097164914148808,0.0234214148365394,-0.0747843811890063,0.0178323228628094,0.1168254401707011,-0.1482072207952984,-0.0577878103837471,Healthcare,35.0,2.0,85,9.82460666968268,17482.0,17787.0,11.848075399163367,11.190983155833333,11.822114593706441,11.193381139369665
JNJ,2016Q3,2016,Q3,0,0,1,0,17820.0,12334.0,5486.0,6950.0,4772.0,6381.0,5384.0,5281.0,4272.0,2178.0,6450.0,140369.0,72769.0,139814.0,72473.0,0.1222222222222222,0.2677890011223344,0.6921436588103255,0.3021324354657688,0.2397306397306397,2264.0,2013.0,2864.0,2154.0,2129.0,1899.0,2635.0,2023.0,2005.0,1831.0,2411.0,2042.0,0.1224975651985715,0.1151470083514472,0.1607995059233058,0.125950181265349,0.1196941586551976,0.1093012547484747,0.1443519228662211,0.109546759083771,0.1028468838163631,0.1010764559757107,0.1313538545355489,0.1161877667140825,0.0419833937551163,0.2721858248957713,0.0383903013975417,0.0111420612813371,0.2332817935833011,0.1595950893818651,0.2811741872877245,0.0501531393568146,-0.060814800236174,-0.0393918451969592,-0.0295986794594036,-0.0986562690033135,-0.0034483201739193,0.112872907890497,0.2209271592237645,0.1701741654571842,Healthcare,35.0,3.0,86,9.7881328161731,18482.0,17102.0,11.852037072528372,11.195059061341132,11.848075399163367,11.190983155833333
JNJ,2016Q4,2016,Q4,0,0,0,1,18106.0,12572.0,5534.0,7949.0,5309.0,5563.0,4623.0,4324.0,3814.0,2640.0,6454.0,141208.0,70418.0,140369.0,72769.0,0.1458080194410692,0.2932177178835745,0.694355462277698,0.2553297249530542,0.2106484038440296,2178.0,2264.0,2013.0,2864.0,2154.0,2129.0,1899.0,2635.0,2023.0,2005.0,1831.0,2411.0,0.1222222222222222,0.1224975651985715,0.1151470083514472,0.1607995059233058,0.125950181265349,0.1196941586551976,0.1093012547484747,0.1443519228662211,0.109546759083771,0.1028468838163631,0.1010764559757107,0.1313538545355489,0.0165627982707314,0.1863141524105753,0.035755478662053,-0.0782122905027933,0.123611391638053,0.3665385752290866,0.1506120276742948,-0.0245020271461308,-0.0987947716856221,-0.0920616790405483,-0.093230923790194,-0.1134780558098208,0.0188799751712043,0.344273642074741,0.1669856052460376,0.0616877775949991,Healthcare,35.0,4.0,87,9.804053882820643,17820.0,17811.0,11.857996341386782,11.162218392096998,11.852037072528372,11.195059061341132
JNJ,2017Q1,2017,Q1,1,0,0,0,17766.0,12357.0,5409.0,6833.0,4763.0,6691.0,5524.0,5575.0,4422.0,2070.0,6492.0,144918.0,70341.0,141208.0,70418.0,0.116514690982776,0.2680963638410447,0.6955420466058764,0.3109309917820556,0.248902397838568,2640.0,2178.0,2264.0,2013.0,2864.0,2154.0,2129.0,1899.0,2635.0,2023.0,2005.0,1831.0,0.1458080194410692,0.1222222222222222,0.1224975651985715,0.1151470083514472,0.1607995059233058,0.125950181265349,0.1196941586551976,0.1093012547484747,0.1443519228662211,0.109546759083771,0.1028468838163631,0.1010764559757107,0.0162452808603135,-0.0078528157953781,0.0167859787706738,0.0283159463487332,0.0545311268715524,0.0132061628760087,0.0530789573101624,0.015012197410396,0.0159982935153584,0.0196985524548574,0.0118777087734185,-0.0002430391064114,0.0005320545350062,-0.0029905358888671,-0.0237128743518405,0.0034003091190109,Healthcare,35.0,1.0,88,9.785098083035907,18106.0,17482.0,11.883930244626388,11.16112433894761,11.857996341386782,11.162218392096998
JNJ,2017Q2,2017,Q2,0,1,0,0,18839.0,12993.0,5846.0,7585.0,5289.0,6125.0,5408.0,4748.0,3827.0,2296.0,6123.0,152807.0,71922.0,144918.0,70341.0,0.121874834120707,0.280747385742343,0.6896862890811615,0.2870640692181113,0.2031424173257603,2070.0,2640.0,2178.0,2264.0,2013.0,2864.0,2154.0,2129.0,1899.0,2635.0,2023.0,2005.0,0.116514690982776,0.1458080194410692,0.1222222222222222,0.1224975651985715,0.1151470083514472,0.1607995059233058,0.125950181265349,0.1196941586551976,0.1093012547484747,0.1443519228662211,0.109546759083771,0.1028468838163631,0.0193160913321068,-0.0425318989241931,-0.0116385212231857,0.0141342756183746,0.0218551885218551,-0.0522257273045916,-0.0318107667210439,0.0955772113943027,0.0218315301391036,0.0194892473118279,-0.0050836200446521,0.0024677711147573,-0.0303680210864121,-0.0701860975658721,-0.0606759677221158,-0.0220412074748442,Healthcare,35.0,2.0,89,9.843737548130354,17766.0,18482.0,11.93693751036497,11.183351381289999,11.883930244626388,11.16112433894761
JNJ,2017Q3,2017,Q3,0,0,1,0,19650.0,12725.0,6925.0,8008.0,5423.0,6730.0,4717.0,4790.0,3764.0,2585.0,6349.0,155658.0,73979.0,152807.0,71922.0,0.1315521628498727,0.2759796437659033,0.6475826972010178,0.2400508905852417,0.1915521628498727,2296.0,2070.0,2640.0,2178.0,2264.0,2013.0,2864.0,2154.0,2129.0,1899.0,2635.0,2023.0,0.121874834120707,0.116514690982776,0.1458080194410692,0.1222222222222222,0.1224975651985715,0.1151470083514472,0.1607995059233058,0.125950181265349,0.1196941586551976,0.1093012547484747,0.1443519228662211,0.109546759083771,0.1026936026936027,-0.1189138576779026,0.0317009891357225,0.1868686868686868,0.0546936216893902,-0.1238855869242199,-0.0929748153758758,0.2623040466642363,0.1364207879295893,0.1522302158273381,0.0763358778625955,0.0305861801987419,-0.0643810877150853,-0.2054779215770787,-0.2009692083369071,-0.0156589147286821,Healthcare,35.0,3.0,90,9.885883506587767,18839.0,17820.0,11.955422996234745,11.211550065386445,11.93693751036497,11.183351381289999
JNJ,2017Q4,2017,Q4,0,0,0,1,20195.0,12952.0,7243.0,9660.0,6025.0,4703.0,3292.0,2560.0,-10713.0,3635.0,-7078.0,157303.0,60160.0,155658.0,73979.0,0.179995048279277,0.2983411735578113,0.6413468680366428,0.1630106461995543,-0.5304778410497648,2585.0,2296.0,2070.0,2640.0,2178.0,2264.0,2013.0,2864.0,2154.0,2129.0,1899.0,2635.0,0.1315521628498727,0.121874834120707,0.116514690982776,0.1458080194410692,0.1222222222222222,0.1224975651985715,0.1151470083514472,0.1607995059233058,0.125950181265349,0.1196941586551976,0.1093012547484747,0.1443519228662211,0.1153761184137855,-3.808862087047719,0.0302258988227808,0.3768939393939394,-0.1545928455869135,-0.2879082846636384,-0.4079555966697502,0.308818214672931,0.1348653230363534,0.2152472009057742,0.2344660394487083,0.0174732131169206,-0.0763421577575999,-0.3615680813131882,-3.5183093314229263,-2.0966842268360706,Healthcare,35.0,4.0,91,9.913239843978806,19650.0,18106.0,11.965935517839393,11.004779580825998,11.955422996234745,11.211550065386445
JNJ,2018Q1,2018,Q1,1,0,0,0,20009.0,13395.0,6614.0,7667.0,5263.0,7486.0,5728.0,5481.0,4367.0,2404.0,6771.0,156625.0,63255.0,157303.0,60160.0,0.1201459343295517,0.2630316357639062,0.6694487480633715,0.2862711779699135,0.2182517866959868,3635.0,2585.0,2296.0,2070.0,2640.0,2178.0,2264.0,2013.0,2864.0,2154.0,2129.0,1899.0,0.179995048279277,0.1315521628498727,0.121874834120707,0.116514690982776,0.1458080194410692,0.1222222222222222,0.1224975651985715,0.1151470083514472,0.1607995059233058,0.125950181265349,0.1196941586551976,0.1093012547484747,0.126252392209839,-0.0124378109452736,0.0840009711094926,0.1613526570048309,0.1188163204304288,0.0369297610427226,-0.0168609865470852,0.2227768533924941,0.1049758555532227,0.1220547343772866,0.0311655407240654,-0.0188914463612095,-0.0375150555884228,-0.0793096039439748,-0.1231430930708047,0.0429759704251386,Healthcare,35.0,1.0,92,9.903987427577778,20195.0,17766.0,11.961616076854764,11.054945263750763,11.965935517839393,11.004779580825998
JNJ,2018Q2,2018,Q2,0,1,0,0,20830.0,13903.0,6927.0,8382.0,5743.0,6943.0,5521.0,4973.0,3954.0,2639.0,6593.0,155365.0,62889.0,156625.0,63255.0,0.1266922707633221,0.2757081132981277,0.6674507921267403,0.2650504080652904,0.1898223715794527,2404.0,3635.0,2585.0,2296.0,2070.0,2640.0,2178.0,2264.0,2013.0,2864.0,2154.0,2129.0,0.1201459343295517,0.179995048279277,0.1315521628498727,0.121874834120707,0.116514690982776,0.1458080194410692,0.1222222222222222,0.1224975651985715,0.1151470083514472,0.1607995059233058,0.125950181265349,0.1196941586551976,0.1056850151281916,0.0331852626077868,0.0700377126144846,0.149390243902439,0.1335510204081633,0.0208949704142011,0.0473883740522325,0.1849127608621279,0.0858385328039326,0.1050758075148319,0.0395277390723978,-0.0179494901827513,-0.0322400159412252,-0.0766855329988891,-0.0655699874091167,0.0767597582884207,Healthcare,35.0,2.0,93,9.944197540783914,20009.0,18839.0,11.953538902758822,11.04914244753755,11.961616076854764,11.054945263750763
JNJ,2018Q3,2018,Q3,0,0,1,0,20348.0,13759.0,6589.0,8051.0,5543.0,6397.0,5708.0,4423.0,3934.0,2508.0,6442.0,155703.0,64626.0,155365.0,62889.0,0.1232553567918223,0.2724100648712404,0.6761843915863966,0.2805189699233339,0.1933359543935522,2639.0,2404.0,3635.0,2585.0,2296.0,2070.0,2640.0,2178.0,2264.0,2013.0,2864.0,2154.0,0.1266922707633221,0.1201459343295517,0.179995048279277,0.1315521628498727,0.121874834120707,0.116514690982776,0.1458080194410692,0.1222222222222222,0.1224975651985715,0.1151470083514472,0.1607995059233058,0.125950181265349,0.0355216284987276,0.045164718384697,0.0812573673870333,-0.0297872340425532,-0.049479940564636,0.2100911596353614,-0.0766179540709812,-0.0485198555956678,0.0221279734464319,0.0053696303696304,-0.0630685644257996,-0.012934210820602,0.0441668600921567,0.1685812505816222,0.0093123017623009,0.0146479760592219,Healthcare,35.0,3.0,94,9.920787049614189,20830.0,19650.0,11.955712047922411,11.076387559107486,11.953538902758822,11.04914244753755
JNJ,2018Q4,2018,Q4,0,0,0,1,20394.0,13433.0,6961.0,9215.0,5991.0,5107.0,4218.0,3122.0,3042.0,3224.0,6266.0,152954.0,59752.0,155703.0,64626.0,0.1580857114837697,0.2937628714327743,0.6586741198391683,0.2068255369226243,0.1491615180935569,2508.0,2639.0,2404.0,3635.0,2585.0,2296.0,2070.0,2640.0,2178.0,2264.0,2013.0,2864.0,0.1232553567918223,0.1266922707633221,0.1201459343295517,0.179995048279277,0.1315521628498727,0.121874834120707,0.116514690982776,0.1458080194410692,0.1222222222222222,0.1224975651985715,0.1151470083514472,0.1607995059233058,0.009853924238673,-1.2839540744889386,0.0371371216800493,-0.1130674002751032,0.0859026153519031,0.2812879708383962,0.2195312499999999,-0.0389341433107828,-0.0056431535269709,-0.0460662525879916,-0.1217218862682998,-0.0153458608157878,0.0270169742242127,0.2687854550888207,-1.2811833154017904,-1.8852783272110765,Healthcare,35.0,4.0,95,9.923045051751659,20348.0,20195.0,11.937899039466435,10.997974677738338,11.955712047922411,11.076387559107486
JNJ,2019Q1,2019,Q1,1,0,0,0,20021.0,13406.0,6615.0,8077.0,5219.0,6285.0,5329.0,4422.0,3749.0,2858.0,6607.0,150027.0,58955.0,152954.0,59752.0,0.1427501123819989,0.2606762898956096,0.6695969232306078,0.2661705209529993,0.1872533839468558,3224.0,2508.0,2639.0,2404.0,3635.0,2585.0,2296.0,2070.0,2640.0,2178.0,2264.0,2013.0,0.1580857114837697,0.1232553567918223,0.1266922707633221,0.1201459343295517,0.179995048279277,0.1315521628498727,0.121874834120707,0.116514690982776,0.1458080194410692,0.1222222222222222,0.1224975651985715,0.1151470083514472,0.0005997301214453,-0.1415159148156629,0.0008212019410227,0.1888519134775375,-0.1604328079080951,-0.0696578212290502,-0.1932129173508483,0.0001511944360448,-0.0083602508075242,0.053475935828877,0.1881393505205557,-0.0089546105792794,0.0002213390758665,-0.0702154410355159,-0.1420304649890913,-0.0242209422537291,Healthcare,35.0,1.0,96,9.904586947979428,20394.0,20009.0,11.918577222325005,10.98454668195665,11.937899039466435,10.997974677738338
JNJ,2019Q2,2019,Q2,0,1,0,0,20562.0,13622.0,6940.0,8212.0,5546.0,8829.0,5410.0,7041.0,5607.0,2666.0,8273.0,155117.0,60785.0,150027.0,58955.0,0.1296566481859741,0.2697208442758486,0.6624841941445385,0.2631067016827157,0.2726874817624745,2858.0,3224.0,2508.0,2639.0,2404.0,3635.0,2585.0,2296.0,2070.0,2640.0,2178.0,2264.0,0.1427501123819989,0.1580857114837697,0.1232553567918223,0.1266922707633221,0.1201459343295517,0.179995048279277,0.1315521628498727,0.121874834120707,0.116514690982776,0.1458080194410692,0.1222222222222222,0.1224975651985715,-0.012866058569371,0.4180576631259485,-0.0202114651514061,0.0102311481621826,0.2716405012242546,-0.0201050534323492,0.4158455660567062,0.0018767143063376,-0.0343026292878286,-0.0202815557146265,0.0233982499862983,-0.0217159696559416,-0.0074411447866836,-0.0073333461237152,0.4365402744340776,0.2548157136356741,Healthcare,35.0,2.0,97,9.931248623321519,20021.0,20830.0,11.951941396589474,11.015114778281733,11.918577222325005,10.98454668195665
JNJ,2019Q3,2019,Q3,0,0,1,0,20729.0,13862.0,6867.0,7973.0,5374.0,3422.0,5889.0,1647.0,1753.0,2599.0,4352.0,155521.0,58210.0,155117.0,60785.0,0.1253799025519803,0.2592503256307588,0.6687249746731632,0.284094746490424,0.0845675141106662,2666.0,2858.0,3224.0,2508.0,2639.0,2404.0,3635.0,2585.0,2296.0,2070.0,2640.0,2178.0,0.1296566481859741,0.1427501123819989,0.1580857114837697,0.1232553567918223,0.1266922707633221,0.1201459343295517,0.179995048279277,0.1315521628498727,0.121874834120707,0.116514690982776,0.1458080194410692,0.1222222222222222,0.0187241989384705,-0.5543975597356381,0.0074860091576423,0.0362838915470493,-0.4650617476942317,0.0317098808689557,-0.6276283065792448,0.0421915313401122,-0.0304889049251307,-0.0096882374860265,0.0172369446282676,-0.0483085646879521,-0.0110316313213514,0.012747004482682,-0.5625877536543376,-0.3244334057746041,Healthcare,35.0,3.0,98,9.939337205429826,20562.0,20348.0,11.954542479693881,10.971829619297056,11.951941396589474,11.015114778281733
JNJ,2019Q4,2019,Q4,0,0,0,1,20747.0,13613.0,7134.0,9271.0,6039.0,6119.0,4342.0,4218.0,4010.0,3232.0,7242.0,157728.0,59471.0,155521.0,58210.0,0.1557815587795825,0.2910782281775678,0.6561430568274931,0.2092832698703427,0.193280956282836,2599.0,2666.0,2858.0,3224.0,2508.0,2639.0,2404.0,3635.0,2585.0,2296.0,2070.0,2640.0,0.1253799025519803,0.1296566481859741,0.1427501123819989,0.1580857114837697,0.1232553567918223,0.1266922707633221,0.1201459343295517,0.179995048279277,0.1315521628498727,0.121874834120707,0.116514690982776,0.1458080194410692,0.0173090124546435,0.3182117028270874,0.013399836224224,0.0024813895781636,0.1981593890738202,0.0293978188715031,0.3510570147341447,0.024852751041517,0.0080120180270406,0.0060770482908301,-0.0145753381666231,-0.0091388106404075,-0.0038426635196981,0.0118831213218988,0.2957829791032738,0.1557612511969357,Healthcare,35.0,4.0,99,9.940205135471292,20729.0,20394.0,11.968633649513409,10.993260892537034,11.954542479693881,10.971829619297056
JNJ,2020Q1,2020,Q1,1,0,0,0,20691.0,13629.0,7062.0,7783.0,5203.0,8281.0,5846.0,6509.0,5796.0,2580.0,8376.0,155017.0,61294.0,157728.0,59471.0,0.1246918950268232,0.2514619883040935,0.6586921850079744,0.2825383016770577,0.2801217920835145,3232.0,2599.0,2666.0,2858.0,3224.0,2508.0,2639.0,2404.0,3635.0,2585.0,2296.0,2070.0,0.1557815587795825,0.1253799025519803,0.1296566481859741,0.1427501123819989,0.1580857114837697,0.1232553567918223,0.1266922707633221,0.1201459343295517,0.179995048279277,0.1315521628498727,0.121874834120707,0.116514690982776,0.0334648618950101,0.5460122699386503,0.016634342831568,-0.0972708187543737,0.3175815433571998,0.0970163257646838,0.4719583898688375,0.0675736961451247,-0.0030657214025675,-0.0363996533366348,-0.1265022986941817,-0.0353476781306271,-0.0162855261789752,0.0614935893932016,0.4959504932792864,0.2677463296503708,Healthcare,35.0,1.0,100,9.937502431123406,20747.0,20021.0,11.951296518191187,11.023453552529094,11.968633649513409,10.993260892537034
JNJ,2020Q2,2020,Q2,0,1,0,0,18336.0,11757.0,6579.0,7600.0,4893.0,5711.0,4157.0,3940.0,3626.0,2707.0,6333.0,158380.0,62978.0,155017.0,61294.0,0.1476330715532286,0.2668520942408377,0.6411976439790575,0.2267124781849912,0.1977530541012216,2580.0,3232.0,2599.0,2666.0,2858.0,3224.0,2508.0,2639.0,2404.0,3635.0,2585.0,2296.0,0.1246918950268232,0.1557815587795825,0.1253799025519803,0.1296566481859741,0.1427501123819989,0.1580857114837697,0.1232553567918223,0.1266922707633221,0.1201459343295517,0.179995048279277,0.1315521628498727,0.121874834120707,-0.1082579515611321,-0.3533083645443196,-0.1369108794596976,0.0153788447111777,-0.3531543776192094,-0.2316081330868761,-0.4404203948302798,-0.0520172910662823,-0.1177425171294627,-0.0745250852411105,0.1386463680710754,-0.0106359967940667,-0.0321314083469842,-0.1383249581442163,-0.2747996614179919,-0.2344977638099843,Healthcare,35.0,2.0,101,9.816676155549164,20691.0,20562.0,11.972758801672997,11.050556616472432,11.951296518191187,11.023453552529094
JNJ,2020Q3,2020,Q3,0,0,1,0,21082.0,14110.0,6972.0,8171.0,5331.0,6263.0,5939.0,4401.0,3554.0,2840.0,6394.0,170693.0,64473.0,158380.0,62978.0,0.1347120766530689,0.2528697467033488,0.6692913385826772,0.2817095152262593,0.1685798311355658,2707.0,2580.0,3232.0,2599.0,2666.0,2858.0,3224.0,2508.0,2639.0,2404.0,3635.0,2585.0,0.1476330715532286,0.1246918950268232,0.1557815587795825,0.1253799025519803,0.1296566481859741,0.1427501123819989,0.1580857114837697,0.1232553567918223,0.1266922707633221,0.1201459343295517,0.179995048279277,0.1315521628498727,0.0170292826474987,1.0273816314888764,0.0178906362718223,0.0927279722970373,0.8302162478082993,0.0084904058413992,1.6721311475409837,0.0152905198776758,-0.008001488649051,0.024833814122664,0.0744311800467361,-0.0246116525095426,0.0008469309969929,-0.0083959006410034,0.9934348657211324,0.4692095588235294,Healthcare,35.0,3.0,102,9.956222307519994,18336.0,20729.0,12.047627758779893,11.074017320741712,11.972758801672997,11.050556616472432
JNJ,2020Q4,2020,Q4,0,0,0,1,22475.0,14661.0,7814.0,10489.0,6457.0,3674.0,4172.0,1647.0,1738.0,4032.0,5770.0,174894.0,63278.0,170693.0,64473.0,0.1793993325917686,0.2872969966629588,0.6523248053392658,0.1856284760845383,0.0773303670745272,2840.0,2707.0,2580.0,3232.0,2599.0,2666.0,2858.0,3224.0,2508.0,2639.0,2404.0,3635.0,0.1347120766530689,0.1476330715532286,0.1246918950268232,0.1557815587795825,0.1253799025519803,0.1296566481859741,0.1427501123819989,0.1580857114837697,0.1232553567918223,0.1266922707633221,0.1201459343295517,0.179995048279277,0.0832891502385886,-0.5665835411471322,0.0769852347021229,0.2475247524752475,-0.3995750939696029,-0.0391524643021649,-0.6095305832147937,0.095318194561256,0.0692167577413478,0.1313774134397582,0.1516082776242029,-0.0129904305735375,-0.0058192362907698,-0.1130276385707238,-0.5999069511982003,-0.2032587682960508,Healthcare,35.0,4.0,103,10.02020335223209,21082.0,20747.0,12.071941072833619,11.05530879953538,12.047627758779893,11.074017320741712
JNJ,2021Q1,2021,Q1,1,0,0,0,22321.0,15258.0,7063.0,8410.0,5232.0,9386.0,6848.0,7429.0,6197.0,3178.0,9375.0,172557.0,65834.0,174894.0,63278.0,0.1423771336409659,0.2343981004435285,0.6835715245732719,0.3067962904887774,0.2776309305138659,4032.0,2840.0,2707.0,2580.0,3232.0,2599.0,2666.0,2858.0,3224.0,2508.0,2639.0,2404.0,0.1793993325917686,0.1347120766530689,0.1476330715532286,0.1246918950268232,0.1557815587795825,0.1253799025519803,0.1296566481859741,0.1427501123819989,0.1580857114837697,0.1232553567918223,0.1266922707633221,0.1201459343295517,0.0787782127495047,0.0691856452726018,0.1195245432533567,0.2317829457364342,0.1334379905808478,0.1713992473486143,0.1413427561837454,0.0001416029453411,0.0055737074764559,0.080560195297443,0.1418315008392345,-0.0678587168408516,0.0377708133352094,0.085857346305729,-0.0088920663798482,0.119269340974212,Healthcare,35.0,1.0,104,10.01332801821566,22475.0,20691.0,12.058488690824337,11.094906890790444,12.071941072833619,11.05530879953538
JNJ,2021Q2,2021,Q2,0,1,0,0,23312.0,15725.0,7587.0,9367.0,5973.0,8541.0,6358.0,6662.0,6278.0,3394.0,9672.0,176440.0,69580.0,172557.0,65834.0,0.1455902539464653,0.256219972546328,0.6745452985586822,0.2727350720658888,0.2693033630748112,3178.0,4032.0,2840.0,2707.0,2580.0,3232.0,2599.0,2666.0,2858.0,3224.0,2508.0,2639.0,0.1423771336409659,0.1793993325917686,0.1347120766530689,0.1476330715532286,0.1246918950268232,0.1557815587795825,0.1253799025519803,0.1296566481859741,0.1427501123819989,0.1580857114837697,0.1232553567918223,0.1266922707633221,0.2713787085514834,0.7313844456701599,0.3375010631963937,0.2537864794975988,0.495534932586237,0.5294683666105364,0.6908629441624365,0.1532147742818057,0.2207234825260575,0.2324999999999999,-0.0138371273134878,-0.0398427515615223,0.0520083860144593,0.2029998271349862,0.3618164548647926,0.5272382756987211,Healthcare,35.0,2.0,105,10.056766423877352,22321.0,18336.0,12.080741821851873,11.150246820548618,12.058488690824337,11.094906890790444
JNJ,2021Q3,2021,Q3,0,0,1,0,23338.0,16088.0,7250.0,9222.0,5800.0,5683.0,6866.0,3849.0,3667.0,3422.0,7089.0,179228.0,70272.0,176440.0,69580.0,0.1466278172936841,0.2485217242265832,0.6893478447167709,0.2941983031965035,0.1571257177136001,3394.0,3178.0,4032.0,2840.0,2707.0,2580.0,3232.0,2599.0,2666.0,2858.0,3224.0,2508.0,0.1455902539464653,0.1423771336409659,0.1793993325917686,0.1347120766530689,0.1476330715532286,0.1246918950268232,0.1557815587795825,0.1253799025519803,0.1296566481859741,0.1427501123819989,0.1580857114837697,0.1232553567918223,0.1070107200455365,0.0317951603826673,0.1401842664776753,0.2049295774647888,-0.0926073766565543,0.1560868833136892,-0.125426039536469,0.0398737808376361,0.0879759894954042,0.1286256272182107,0.0884533958399467,-0.0171947120343597,0.0299667797532929,0.0443321481711882,-0.0679447437146543,0.108695652173913,Healthcare,35.0,3.0,106,10.057881060021222,23312.0,21082.0,12.09641959678699,11.16014293574684,12.080741821851873,11.150246820548618
JNJ,2021Q4,2021,Q4,0,0,0,1,24804.0,16849.0,7955.0,12374.0,7654.0,6739.0,4475.0,4836.0,4736.0,4720.0,9456.0,182018.0,74023.0,179228.0,70272.0,0.1902918884050959,0.3085792614094501,0.6792855990969199,0.1804144492823738,0.1909369456539268,3422.0,3394.0,3178.0,4032.0,2840.0,2707.0,2580.0,3232.0,2599.0,2666.0,2858.0,3224.0,0.1466278172936841,0.1455902539464653,0.1423771336409659,0.1793993325917686,0.1347120766530689,0.1476330715532286,0.1246918950268232,0.1557815587795825,0.1253799025519803,0.1296566481859741,0.1427501123819989,0.1580857114837697,0.1036262513904338,1.7249712313003451,0.149239478889571,0.1706349206349207,0.8342406096897115,0.072627037392138,1.936247723132969,0.0180445354491938,0.1853802075267152,0.1797120793211937,0.0607168134683857,0.0740775747525772,0.0413303212402478,-0.028088507281555,1.4691069353118555,0.6388214904679377,Healthcare,35.0,4.0,107,10.11880052473515,23338.0,22475.0,12.111866356214486,11.212144643928866,12.09641959678699,11.16014293574684
JNJ,2022Q1,2022,Q1,1,0,0,0,23426.0,15828.0,7598.0,9710.0,5638.0,7641.0,6118.0,5862.0,5149.0,4072.0,9221.0,178355.0,74709.0,182018.0,74023.0,0.1738239562878852,0.2406727567659865,0.6756595236062495,0.2611628105523777,0.2197985144711005,4720.0,3422.0,3394.0,3178.0,4032.0,2840.0,2707.0,2580.0,3232.0,2599.0,2666.0,2858.0,0.1902918884050959,0.1466278172936841,0.1455902539464653,0.1423771336409659,0.1793993325917686,0.1347120766530689,0.1476330715532286,0.1246918950268232,0.1557815587795825,0.1253799025519803,0.1296566481859741,0.1427501123819989,0.0495049504950495,-0.169114087461675,0.0373574518285488,0.2813089993706734,-0.1859151928404006,-0.1066004672897196,-0.2109301386458473,0.0757468497805464,0.0775993883792049,0.154577883472057,0.2208698956267736,0.0267692285499971,-0.0115745034463826,-0.1487419546817139,-0.2083068191851809,-0.0164266666666667,Healthcare,35.0,1.0,108,10.061644482330784,24804.0,22321.0,12.091536831936896,11.221369230969847,12.111866356214486,11.212144643928866
JNJ,2022Q2,2022,Q2,0,1,0,0,24020.0,16101.0,7919.0,9629.0,5926.0,7622.0,6472.0,5840.0,4814.0,3703.0,8517.0,177724.0,76357.0,178355.0,74709.0,0.1541631973355537,0.2467110741049125,0.6703164029975021,0.2694421315570358,0.2004163197335553,4072.0,4720.0,3422.0,3394.0,3178.0,4032.0,2840.0,2707.0,2580.0,3232.0,2599.0,2666.0,0.1738239562878852,0.1902918884050959,0.1466278172936841,0.1455902539464653,0.1423771336409659,0.1793993325917686,0.1347120766530689,0.1476330715532286,0.1246918950268232,0.1557815587795825,0.1253799025519803,0.1296566481859741,0.0303706245710364,-0.2331952851226505,0.0239109697933226,0.0910430170889806,-0.1075986418452171,0.017930166719094,-0.1233863704593215,0.0437590615526559,-0.0078687426753725,0.0279705348564107,0.0588840472264076,-0.0371122451810275,-0.0062692536293946,-0.0120737699185878,-0.2557971892913916,-0.1194168734491315,Healthcare,35.0,2.0,109,10.086683726740743,23426.0,23312.0,12.087992690797684,11.243188085773259,12.091536831936896,11.221369230969847
JNJ,2022Q3,2022,Q3,0,0,1,0,19996.0,13824.0,6172.0,8160.0,4675.0,6908.0,5664.0,5172.0,4458.0,3485.0,7943.0,175124.0,74599.0,177724.0,76357.0,0.1742848569713943,0.2337967593518704,0.6913382676535307,0.283256651330266,0.2229445889177835,3703.0,4072.0,4720.0,3422.0,3394.0,3178.0,4032.0,2840.0,2707.0,2580.0,3232.0,2599.0,0.1541631973355537,0.1738239562878852,0.1902918884050959,0.1466278172936841,0.1455902539464653,0.1423771336409659,0.1793993325917686,0.1347120766530689,0.1476330715532286,0.1246918950268232,0.1557815587795825,0.1253799025519803,-0.1431999314422829,0.2157076629397327,-0.1407260069617105,0.0184102863822326,0.2155551645257787,-0.1750655403437226,0.3437256430241622,-0.1486896551724138,-0.1939655172413793,-0.1151594014313598,0.1886206873168905,-0.0592502121113877,0.0028873999563712,-0.0371914173105519,0.418893050494473,0.1204683312173791,Healthcare,35.0,3.0,110,9.903337541285003,24020.0,23338.0,12.073255283639309,11.219895786191852,12.087992690797684,11.243188085773259
JNJ,2022Q4,2022,Q4,0,0,0,1,23706.0,15941.0,7765.0,12036.0,7412.0,6150.0,3905.0,4201.0,3520.0,4624.0,8144.0,187378.0,76804.0,175124.0,74599.0,0.1950561039399308,0.312663460727242,0.6724457943136759,0.164726229646503,0.1484856154560027,3485.0,3703.0,4072.0,4720.0,3422.0,3394.0,3178.0,4032.0,2840.0,2707.0,2580.0,3232.0,0.1742848569713943,0.1541631973355537,0.1738239562878852,0.1902918884050959,0.1466278172936841,0.1455902539464653,0.1423771336409659,0.1793993325917686,0.1347120766530689,0.1476330715532286,0.1246918950268232,0.1557815587795825,-0.0442670537010159,-0.2567567567567568,-0.0538904386016974,-0.0203389830508474,-0.0874016916456447,-0.1273743016759776,-0.1313068651778329,-0.0238843494657448,-0.0316174549255291,-0.0273153386132212,0.0250363563826363,0.0132354951500537,-0.0100691149530288,-0.0869565586252827,-0.2223316710788238,-0.1387478849407784,Healthcare,35.0,4.0,111,10.073525642163233,19996.0,24804.0,12.140888582742086,11.249025021183247,12.073255283639309,11.219895786191852
JNJ,2023Q1,2023,Q1,1,0,0,0,20894.0,14207.0,6687.0,7961.0,4506.0,805.0,6246.0,-1287.0,-68.0,3455.0,3387.0,195969.0,70869.0,187378.0,76804.0,0.1653584761175457,0.2156599980855748,0.6799559682205418,0.2989374940174212,-0.0032545228295204,4624.0,3485.0,3703.0,4072.0,4720.0,3422.0,3394.0,3178.0,4032.0,2840.0,2707.0,2580.0,0.1950561039399308,0.1742848569713943,0.1541631973355537,0.1738239562878852,0.1902918884050959,0.1466278172936841,0.1455902539464653,0.1423771336409659,0.1793993325917686,0.1347120766530689,0.1476330715532286,0.1246918950268232,-0.1080850337232135,-1.0132064478539522,-0.1024134445286834,-0.1515225933202357,-0.8946472974741526,0.0209218698921216,-1.2195496417604912,-0.1198999736772834,-0.2007804185881518,-0.1801235839340885,-0.0487014583669878,-0.1039285003276559,0.006358890038818,0.1446403620222474,-1.014806846339939,-0.6326862596247695,Healthcare,35.0,1.0,112,9.947265174882016,23706.0,23426.0,12.1857168652731,11.168602491804302,12.140888582742086,11.249025021183247
JNJ,2023Q2,2023,Q2,0,1,0,0,21519.0,15057.0,6462.0,8699.0,4996.0,8457.0,6358.0,6306.0,5144.0,3703.0,8847.0,191686.0,75149.0,195969.0,70869.0,0.1720804870114782,0.2321669222547516,0.6997072354663321,0.2954598262001022,0.2390445652679027,3455.0,4624.0,3485.0,3703.0,4072.0,4720.0,3422.0,3394.0,3178.0,4032.0,2840.0,2707.0,0.1653584761175457,0.1950561039399308,0.1742848569713943,0.1541631973355537,0.1738239562878852,0.1902918884050959,0.1466278172936841,0.1455902539464653,0.1423771336409659,0.1793993325917686,0.1347120766530689,0.1476330715532286,-0.1041215653621981,0.0685500623182384,-0.0648406931246506,0.0,0.1095512988716871,-0.0176143386897403,0.0797945205479451,-0.1839878772572294,-0.1569355383057712,-0.096583238134801,0.1162228728100749,-0.0589521646035886,0.0438462080554808,0.0965613450751632,0.1927400203022486,0.0387460373370904,Healthcare,35.0,2.0,113,9.976738014275721,20894.0,24020.0,12.163619112441076,11.227241395181121,12.1857168652731,11.168602491804302
JNJ,2023Q3,2023,Q3,0,0,1,0,21351.0,14745.0,6606.0,8547.0,5100.0,7238.0,6198.0,5217.0,26028.0,3447.0,29475.0,166061.0,71228.0,191686.0,75149.0,0.1614444288323732,0.2388646901784459,0.6905999718982717,0.2902908528874526,1.2190529717577632,3703.0,3455.0,4624.0,3485.0,3703.0,4072.0,4720.0,3422.0,3394.0,3178.0,4032.0,2840.0,0.1720804870114782,0.1653584761175457,0.1950561039399308,0.1742848569713943,0.1541631973355537,0.1738239562878852,0.1902918884050959,0.1466278172936841,0.1455902539464653,0.1423771336409659,0.1793993325917686,0.1347120766530689,0.067763552710542,4.838492597577389,0.0666232638888888,-0.0109038737446197,0.0477707006369427,0.0942796610169491,0.0087006960556843,0.0703175631885937,0.0909090909090908,0.0474264705882352,-0.0736749500912096,0.0216766512958728,-0.0010679225927486,0.0248333146782313,4.467963935232891,2.7108145536950774,Healthcare,35.0,3.0,114,9.968900691084361,21519.0,19996.0,12.020116491583071,11.173655317845352,12.163619112441076,11.227241395181121
JNJ,2023Q4,2023,Q4,0,0,0,1,21395.0,14597.0,6798.0,9990.0,5510.0,6820.0,4607.0,4826.0,4049.0,4480.0,8529.0,167558.0,68774.0,166061.0,71228.0,0.2093947183921477,0.2575368076653423,0.6822622107969152,0.2153306847394251,0.1892498247254031,3447.0,3703.0,3455.0,4624.0,3485.0,3703.0,4072.0,4720.0,3422.0,3394.0,3178.0,4032.0,0.1614444288323732,0.1720804870114782,0.1653584761175457,0.1950561039399308,0.1742848569713943,0.1541631973355537,0.1738239562878852,0.1902918884050959,0.1466278172936841,0.1455902539464653,0.1423771336409659,0.1793993325917686,-0.0974858685564835,0.150284090909091,-0.0843108964305877,-0.0311418685121107,0.1089430894308942,0.1797695262483996,0.1487741014044274,-0.1245331616226658,-0.2566109012412304,-0.1699900299102692,0.0735102063590513,-0.1763130649602527,0.0145980784863979,0.3072033834655088,0.2745330525398883,0.0472740667976423,Healthcare,35.0,4.0,115,9.970959267651141,21351.0,23706.0,12.029090807031704,11.138595585792775,12.020116491583071,11.173655317845352
JNJ,2024Q1,2024,Q1,1,0,0,0,21383.0,14872.0,6511.0,8599.0,5057.0,5684.0,6273.0,3714.0,3255.0,3542.0,6797.0,171966.0,70020.0,167558.0,68774.0,0.1656456063227797,0.2364962820932516,0.6955057756161437,0.2933638872001122,0.1522237291306177,4480.0,3447.0,3703.0,3455.0,4624.0,3485.0,3703.0,4072.0,4720.0,3422.0,3394.0,3178.0,0.2093947183921477,0.1614444288323732,0.1720804870114782,0.1653584761175457,0.1950561039399308,0.1742848569713943,0.1541631973355537,0.1738239562878852,0.1902918884050959,0.1466278172936841,0.1455902539464653,0.1423771336409659,0.0234038479946396,-48.86764705882353,0.0468079115928767,0.0251808972503617,6.060869565217391,0.0043227665706051,-3.885780885780886,-0.0263197248392402,0.1222814025743452,0.0801406858434869,0.0017364105667614,0.0966163599770084,0.0228688446345959,-0.0186447231573574,-47.77297935963424,1.0067906702096252,Healthcare,35.0,1.0,116,9.970398257818754,21395.0,20894.0,12.0550578769229,11.156550476040493,12.029090807031704,11.138595585792775
JNJ,2024Q2,2024,Q2,0,1,0,0,22447.0,15578.0,6869.0,8921.0,5481.0,7800.0,6657.0,5748.0,4686.0,3440.0,8126.0,181088.0,71538.0,171966.0,70020.0,0.1532498774891967,0.2441751681739208,0.6939902882345079,0.2965652425713904,0.2087584086960395,3542.0,4480.0,3447.0,3703.0,3455.0,4624.0,3485.0,3703.0,4072.0,4720.0,3422.0,3394.0,0.1656456063227797,0.2093947183921477,0.1614444288323732,0.1720804870114782,0.1653584761175457,0.1950561039399308,0.1742848569713943,0.1541631973355537,0.1738239562878852,0.1902918884050959,0.1466278172936841,0.1455902539464653,0.0431246805148937,-0.0890357698289269,0.0346018463173274,-0.0710234944639481,-0.0776871230932955,0.0470273670965712,-0.08848715509039,0.0629835964097802,0.0970776621297038,0.0255201747327278,-0.1094290808290506,0.0517224667603286,-0.008170484657078,0.0037413423865602,-0.1266966958145264,-0.0814965525036736,Healthcare,35.0,2.0,117,10.018956802342242,21383.0,21519.0,12.106743902104066,11.177998034521295,12.0550578769229,11.156550476040493
JNJ,2024Q3,2024,Q3,0,0,1,0,22471.0,15508.0,6963.0,10230.0,5278.0,5377.0,5278.0,3338.0,2694.0,4952.0,7646.0,178287.0,70158.0,181088.0,71538.0,0.21795771962697646,0.2348805126607627,0.6901339504249923,0.2348805126607627,0.119887855458146,3440.0,3542.0,4480.0,3447.0,3703.0,3455.0,4624.0,3485.0,3703.0,4072.0,4720.0,3422.0,0.1532498774891967,0.1656456063227797,0.2093947183921477,0.1614444288323732,0.1720804870114782,0.1653584761175457,0.1950561039399308,0.1742848569713943,0.1541631973355537,0.1738239562878852,0.1902918884050959,0.1466278172936841,0.0524565594117372,-0.8964960811433841,0.0517463546965073,0.4366115462721207,-0.2571152252003316,-0.148434979025492,-0.3601686793176155,0.0540417801998183,0.0349019607843137,0.1969111969111969,0.3650079268593318,-0.016679641996089,-0.0006748066786022,-0.190878698641506,-0.90165492539239,-0.7405937234944868,Healthcare,35.0,3.0,118,10.02002536878408,22447.0,21351.0,12.091155499286835,11.158519373808797,12.106743902104066,11.177998034521295
JNJ,2024Q4,2024,Q4,0,0,0,1,22520.0,15392.0,7128.0,11551.0,6253.0,5920.0,3841.0,3887.0,3431.0,5298.0,8729.0,180104.0,71490.0,178287.0,70158.0,0.21795771962697646,0.277664298401421,0.68348134991119,0.1705595026642984,0.1523534635879218,4952.0,3440.0,3542.0,4480.0,3447.0,3703.0,3455.0,4624.0,3485.0,3703.0,4072.0,4720.0,0.21795771962697646,0.1532498774891967,0.1656456063227797,0.2093947183921477,0.1614444288323732,0.1720804870114782,0.1653584761175457,0.1950561039399308,0.1742848569713943,0.1541631973355537,0.1738239562878852,0.18885033078748126,0.0525823790605282,-0.1526302790812546,0.0544632458724394,0.1825892857142856,-0.1319648093841642,-0.1662687215107445,-0.1945710733526729,0.0485436893203883,0.1348457350272232,0.1562562562562561,0.1235123342742958,0.0781538410704902,0.0017869069911564,-0.2079182636199991,-0.194961137697311,0.0234494079024505,Healthcare,35.0,4.0,119,10.022203486241112,22471.0,21395.0,12.101295293132928,11.177326846633413,12.091155499286835,11.158519373808797
JNJ,2025Q1,2025,Q1,1,0,0,0,21893.0,14536.0,7357.0,8237.0,5012.0,15607.0,6299.0,13631.0,10999.0,3225.0,14224.0,193671.0,78109.0,180104.0,71490.0,0.1473073585164207,0.2289316219796281,0.6639565157813,0.287717535285251,0.5023980267665464,5298.0,4952.0,3440.0,3542.0,4480.0,3447.0,3703.0,3455.0,4624.0,3485.0,3703.0,4072.0,0.21795771962697646,0.21795771962697646,0.1532498774891967,0.1656456063227797,0.2093947183921477,0.1614444288323732,0.1720804870114782,0.1653584761175457,0.19424618729900886,0.1742848569713943,0.1541631973355537,0.1738239562878852,0.0238507225365944,2.3791090629800307,-0.0225927918235611,-0.0894974590626764,1.745777621393385,0.0041447473298261,2.6701669359181475,0.1299339579173706,-0.008898556456397,-0.0420979183626003,-0.1107077224289595,-0.0319863807019202,-0.0453616072517794,-0.01924692220556,2.3003923214590056,1.0926879505664262,Healthcare,35.0,1.0,120,9.993967905664503,22520.0,21383.0,12.173921285513089,11.265873368604343,12.101295293132928,11.177326846633413
JNJ,2025Q2,2025,Q2,0,1,0,0,23743.0,16115.0,7628.0,9305.0,5789.0,8742.0,6810.0,6491.0,5537.0,3516.0,9053.0,193389.0,78473.0,193671.0,78109.0,0.1480857515899423,0.2438192309312218,0.6787263614539022,0.286821378932738,0.2332055763804068,3225.0,5298.0,4952.0,3440.0,3542.0,4480.0,3447.0,3703.0,3455.0,4624.0,3485.0,3703.0,0.1473073585164207,0.21795771962697646,0.21795771962697646,0.1532498774891967,0.1656456063227797,0.2093947183921477,0.1614444288323732,0.1720804870114782,0.1653584761175457,0.19429382945435725,0.1742848569713943,0.1541631973355537,0.0577360003563951,0.1816047801963294,0.0344716908460649,0.0220930232558138,0.1207692307692307,0.0229833258224425,0.1292623521224774,0.1104964332508371,0.0561941251596425,0.0430445017374734,-0.0336974226920246,-0.0014577126960159,-0.0219944385957283,-0.0328557168539624,0.1171074632972668,0.1140782672901796,Healthcare,35.0,2.0,121,10.075085145967106,21893.0,22447.0,12.172464154356344,11.270522638717207,12.173921285513089,11.265873368604343
JNJ,2025Q3,2025,Q3,0,0,1,0,23993.0,16690.0,7303.0,9594.0,5922.0,7511.0,7096.0,7493.0,5152.0,3672.0,8824.0,192816.0,79277.0,193389.0,78473.0,0.1530446380194223,0.2468219897470095,0.6956195557037469,0.295752927937315,0.2147292960446797,3516.0,3225.0,5298.0,4952.0,3440.0,3542.0,4480.0,3447.0,3703.0,3455.0,4624.0,3485.0,0.1480857515899423,0.1473073585164207,0.21795771962697646,0.21795771962697646,0.1532498774891967,0.1656456063227797,0.2093947183921477,0.1614444288323732,0.1720804870114782,0.1653584761175457,0.19434147160970555,0.1742848569713943,0.067731743135597,0.9123979213066074,0.0762187258189321,-0.258481421647819,0.396875581179096,0.3444486547934824,1.2447573397243858,0.0488295275025132,0.1220159151193633,-0.0621700879765395,-0.3055197776788289,0.050840646382162,0.0079486095059901,0.2591633277149312,0.7910846367557527,0.1540674862673292,Healthcare,35.0,3.0,122,10.085559078074873,23743.0,22471.0,12.169496831545318,11.280715941642272,12.172464154356344,11.270522638717207
