ticker,Year_Quarter,year,quarter,Q1,Q2,Q3,Q4,revenue,grossProfit,costOfRevenue,operatingExpenses,snaExpenses,ebitda,operatingIncome,incomeBeforeTax,netIncome,rnd,net_plus_rnd,totalAssets,totalEquity,totalAssets_lag1,totalEquity_lag1,rnd_to_rev_ratio,sna_to_rev_ratio,grossProfitRatio,operatingIncomeRatio,netIncomeRatio,rnd_lag1,rnd_lag2,rnd_lag3,rnd_lag4,rnd_lag5,rnd_lag6,rnd_lag7,rnd_lag8,rnd_lag9,rnd_lag10,rnd_lag11,rnd_lag12,rnd_to_rev_ratio_lag1,rnd_to_rev_ratio_lag2,rnd_to_rev_ratio_lag3,rnd_to_rev_ratio_lag4,rnd_to_rev_ratio_lag5,rnd_to_rev_ratio_lag6,rnd_to_rev_ratio_lag7,rnd_to_rev_ratio_lag8,rnd_to_rev_ratio_lag9,rnd_to_rev_ratio_lag10,rnd_to_rev_ratio_lag11,rnd_to_rev_ratio_lag12,revenue_yoy,netIncome_yoy,grossProfit_yoy,rnd_yoy,ebitda_yoy,operatingIncome_yoy,incomeBeforeTax_yoy,costOfRevenue_yoy,snaExpenses_yoy,operatingExpenses_yoy,rnd_to_rev_ratio_yoy,sna_to_rev_ratio_yoy,grossProfitRatio_yoy,operatingIncomeRatio_yoy,netIncomeRatio_yoy,net_plus_rnd_yoy,gics_sectors,gics_sector_code,quarter_int,time_idx,revenue_log,revenue_lag1,revenue_lag4,totalAssets_log,totalEquity_log,totalAssets_lag1_log,totalEquity_lag1_log
LIN,1995Q2,1995,Q2,0,1,0,0,788.0,349.0,439.0,209.0,123.0,211.0,140.0,97.0,67.0,15.0,82.0,3850.0,977.0,3615.0,877.0,0.01900033521693318,0.1560913705583756,0.4428934010152284,0.1776649746192893,0.0850253807106599,14.0,,,,,,,,,,,,0.0185185185185185,,,,,,,,,,,,,,,,,,,,,,,,,,,,Materials,15.0,2.0,1,6.670766320845874,756.0,,8.25608813381491,6.885509670034818,8.193123721512068,6.777646593635117
LIN,1995Q3,1995,Q3,0,0,1,0,795.0,339.0,456.0,206.0,121.0,203.0,133.0,93.0,64.0,15.0,79.0,3929.0,1048.0,3850.0,977.0,0.0188679245283018,0.1522012578616352,0.4264150943396226,0.1672955974842767,0.080503144654088,15.0,14.0,,,,,,,,,,,0.01900033521693318,0.0185185185185185,,,,,,,,,,,,,,,,,,,,,,,,,,,Materials,15.0,3.0,2,6.679599185844383,788.0,,8.276394704863307,6.955592608396297,8.25608813381491,6.885509670034818
LIN,1995Q4,1995,Q4,0,0,0,1,807.0,347.0,460.0,221.0,136.0,194.0,126.0,100.0,66.0,17.0,83.0,4134.0,1121.0,3929.0,1048.0,0.01900033521693318,0.1685254027261462,0.4299876084262701,0.1561338289962825,0.0817843866171003,15.0,15.0,14.0,,,,,,,,,,0.0188679245283018,0.01900033521693318,0.0185185185185185,,,,,,,,,,,,,,,,,,,,,,,,,,Materials,15.0,4.0,3,6.694562058521095,795.0,,8.327242607457793,7.022868086082641,8.276394704863307,6.955592608396297
LIN,1996Q1,1996,Q1,1,0,0,0,1090.0,461.0,629.0,298.0,180.0,264.0,163.0,19.0,17.0,17.0,34.0,7099.0,1606.0,4134.0,1121.0,0.0155963302752293,0.1651376146788991,0.4229357798165137,0.1495412844036697,0.0155963302752293,17.0,15.0,15.0,14.0,,,,,,,,,0.01900033521693318,0.0188679245283018,0.01900033521693318,0.0185185185185185,,,,,,,,,0.4417989417989418,-0.7384615384615385,0.3802395209580838,0.2142857142857142,0.2941176470588236,0.2164179104477612,-0.7978723404255319,0.4905213270142179,0.5517241379310345,0.49,-0.1577981651376145,0.0762416956659286,-0.0426962588584299,-0.1563193208270572,-0.8186026817219477,-0.5696202531645569,Materials,15.0,1.0,4,6.994849985833071,807.0,756.0,8.867850063029406,7.382124365737512,8.327242607457793,7.022868086082641
LIN,1996Q2,1996,Q2,0,1,0,0,1093.0,462.0,631.0,291.0,168.0,276.0,171.0,116.0,81.0,18.0,99.0,7225.0,1691.0,7099.0,1606.0,0.0164684354986276,0.1537053979871912,0.4226898444647758,0.1564501372369625,0.0741079597438243,17.0,17.0,15.0,15.0,14.0,,,,,,,,0.0155963302752293,0.01900033521693318,0.0188679245283018,0.01900033521693318,0.0185185185185185,,,,,,,,0.3870558375634518,0.2089552238805969,0.3237822349570201,0.1999999999999999,0.3080568720379146,0.2214285714285715,0.1958762886597937,0.4373576309794988,0.3658536585365854,0.3923444976076555,-0.1348581884720953,-0.0152857429763684,-0.0456171993173543,-0.1194092275519539,-0.1284019062965138,0.2073170731707316,Materials,15.0,2.0,5,6.9975959829819265,1090.0,788.0,8.885440911707585,7.433666540166168,8.867850063029406,7.382124365737512
LIN,1996Q3,1996,Q3,0,0,1,0,1115.0,478.0,637.0,295.0,170.0,290.0,183.0,124.0,88.0,18.0,106.0,7459.0,1795.0,7225.0,1691.0,0.0161434977578475,0.1524663677130044,0.4286995515695067,0.1641255605381165,0.0789237668161434,18.0,17.0,17.0,15.0,15.0,14.0,,,,,,,0.0164684354986276,0.0155963302752293,0.01900033521693318,0.0188679245283018,0.0190020113015994,0.0185185185185185,,,,,,,0.4025157232704401,0.375,0.4100294985250736,0.1999999999999999,0.4285714285714286,0.3759398496240602,0.3333333333333332,0.3969298245614034,0.4049586776859504,0.4320388349514563,-0.1443946188340806,0.0017418374532112,0.0053573554506129,-0.0189487170841903,-0.0196188340807175,0.3417721518987342,Materials,15.0,3.0,6,7.017506142941256,1093.0,795.0,8.917310693197807,7.493317248862145,8.885440911707585,7.433666540166168
LIN,1996Q4,1996,Q4,0,0,0,1,1151.0,484.0,667.0,296.0,170.0,295.0,188.0,133.0,96.0,19.0,115.0,7538.0,1999.0,7459.0,1795.0,0.0165073848827106,0.1476976542137272,0.420503909643788,0.1633362293657689,0.0834057341442224,18.0,18.0,17.0,17.0,15.0,15.0,14.0,,,,,,0.0161434977578475,0.0164684354986276,0.0155963302752293,0.01900033521693318,0.0188679245283018,0.019003687386265622,0.0185185185185185,,,,,,0.4262701363073109,0.4545454545454546,0.3948126801152738,0.1176470588235294,0.5206185567010309,0.4920634920634921,0.33,0.4499999999999999,0.25,0.339366515837104,-0.2163847293913221,-0.1235881841876629,-0.0220557490416802,0.0461296595093292,0.0198246583998105,0.3855421686746987,Materials,15.0,4.0,7,7.049254841255837,1115.0,807.0,8.927844826211702,7.600902459542082,8.917310693197807,7.493317248862145
LIN,1997Q1,1997,Q1,1,0,0,0,1158.0,493.0,665.0,286.0,167.0,317.0,207.0,156.0,102.0,19.0,121.0,7638.0,2035.0,7538.0,1999.0,0.0164075993091537,0.1442141623488773,0.42573402417962,0.1787564766839378,0.0880829015544041,19.0,18.0,18.0,17.0,17.0,15.0,15.0,14.0,,,,,0.0165073848827106,0.0161434977578475,0.0164684354986276,0.0155963302752293,0.0190020113015994,0.0188679245283018,0.01900536347093184,0.0185185185185185,,,,,0.0623853211009173,5.0,0.06941431670282,0.1176470588235294,0.2007575757575757,0.2699386503067484,7.210526315789474,0.0572337042925277,-0.0722222222222221,-0.0402684563758389,0.0520166615869146,-0.1267031279984648,0.0066162393834834,0.1953653962300134,4.647668393782383,2.5588235294117645,Materials,15.0,1.0,8,7.055312843339752,1151.0,1090.0,8.94102198354136,7.618742377670413,8.927844826211702,7.600902459542082
LIN,1997Q2,1997,Q2,0,1,0,0,1178.0,497.0,681.0,284.0,165.0,323.0,213.0,161.0,107.0,20.0,127.0,7539.0,2130.0,7638.0,2035.0,0.0169779286926994,0.1400679117147708,0.4219015280135823,0.1808149405772496,0.0908319185059422,19.0,19.0,18.0,18.0,17.0,17.0,15.0,15.0,14.0,,,,0.0164075993091537,0.0165073848827106,0.0161434977578475,0.0164684354986276,0.0155963302752293,0.019003687386265622,0.0188679245283018,0.01900703955559806,0.0185185185185185,,,,0.0777676120768526,0.3209876543209877,0.0757575757575756,0.1111111111111111,0.1702898550724638,0.2456140350877194,0.3879310344827587,0.0792393026941362,-0.0178571428571429,-0.0240549828178694,0.0309375589511413,-0.088724836284259,-0.0018649997427587,0.1557352634557531,0.2256702089752458,0.2828282828282829,Materials,15.0,2.0,9,7.072421900537371,1158.0,1093.0,8.927977461002001,7.664346632098617,8.94102198354136,7.618742377670413
LIN,1997Q3,1997,Q3,0,0,1,0,1190.0,491.0,699.0,292.0,162.0,310.0,199.0,146.0,107.0,19.0,126.0,7740.0,2169.0,7539.0,2130.0,0.0159663865546218,0.1361344537815126,0.4126050420168067,0.1672268907563025,0.0899159663865546,20.0,19.0,19.0,18.0,18.0,17.0,17.0,15.0,15.0,14.0,,,0.0169779286926994,0.0164075993091537,0.0165073848827106,0.0161434977578475,0.0164684354986276,0.0155963302752293,0.01900536347093184,0.0188679245283018,0.01900871564026428,0.0185185185185185,,,0.0672645739910313,0.2159090909090908,0.0271966527196652,0.0555555555555555,0.0689655172413792,0.0874316939890711,0.1774193548387097,0.097331240188383,-0.0470588235294118,-0.0101694915254236,-0.0109710550887022,-0.1071181413741968,-0.0375426321156078,0.0188960830233733,0.1392761650114591,0.1886792452830188,Materials,15.0,3.0,10,7.0825485693553,1178.0,1115.0,8.954286157204713,7.682482446534506,8.927977461002001,7.664346632098617
LIN,1997Q4,1997,Q4,0,0,0,1,1209.0,490.0,719.0,283.0,168.0,320.0,207.0,148.0,89.0,21.0,110.0,7810.0,2197.0,7740.0,2169.0,0.0173697270471464,0.1389578163771712,0.4052936311000827,0.1712158808933002,0.0736145574855252,19.0,20.0,19.0,19.0,18.0,18.0,17.0,17.0,15.0,15.0,14.0,,0.0159663865546218,0.0169779286926994,0.0164075993091537,0.0165073848827106,0.0161434977578475,0.0164684354986276,0.0155963302752293,0.01900703955559806,0.0188679245283018,0.0190103917249305,0.0185185185185185,,0.0503909643788009,-0.0729166666666666,0.0123966942148761,0.1052631578947369,0.0847457627118644,0.1010638297872339,0.1127819548872179,0.0779610194902549,-0.0117647058823529,-0.0439189189189189,0.0522397805929215,-0.0591738432345642,-0.0361715508343074,0.0482419090861097,-0.1173921284808382,-0.0434782608695651,Materials,15.0,4.0,11,7.098375638590786,1190.0,1151.0,8.963288275610298,7.6953031349635665,8.954286157204713,7.682482446534506
LIN,1998Q1,1998,Q1,1,0,0,0,1201.0,504.0,697.0,290.0,167.0,329.0,214.0,149.0,102.0,19.0,121.0,7993.0,2218.0,7810.0,2197.0,0.015820149875104,0.1390507910074937,0.4196502914238135,0.1781848459616986,0.0849292256452955,21.0,19.0,20.0,19.0,19.0,18.0,18.0,17.0,17.0,15.0,15.0,14.0,0.0173697270471464,0.0159663865546218,0.0169779286926994,0.0164075993091537,0.0165073848827106,0.0161434977578475,0.0164684354986276,0.0155963302752293,0.01900871564026428,0.0188679245283018,0.01901206780959672,0.0185185185185185,0.03713298791019,0.0,0.0223123732251522,0.0,0.0378548895899053,0.0338164251207728,-0.0448717948717948,0.0481203007518797,0.0,0.0139860139860139,-0.0358034970857619,-0.0358034970857618,-0.0142899848503529,-0.0031978182432513,-0.0358034970857616,0.0,Materials,15.0,1.0,12,7.091742115095153,1209.0,1158.0,8.986446539271268,7.704811922932594,8.963288275610298,7.6953031349635665
LIN,1998Q2,1998,Q2,0,1,0,0,1234.0,523.0,711.0,296.0,165.0,346.0,227.0,160.0,108.0,18.0,126.0,8079.0,2274.0,7993.0,2218.0,0.0145867098865478,0.1337115072933549,0.4238249594813614,0.1839546191247974,0.0875202593192868,19.0,21.0,19.0,20.0,19.0,19.0,18.0,18.0,17.0,17.0,15.0,15.0,0.015820149875104,0.0173697270471464,0.0159663865546218,0.0169779286926994,0.0164075993091537,0.0165073848827106,0.0161434977578475,0.0164684354986276,0.0155963302752293,0.0190103917249305,0.0188679245283018,0.01901374389426294,0.0475382003395585,0.0093457943925232,0.0523138832997986,-0.0999999999999999,0.0712074303405572,0.0657276995305164,-0.0062111801242236,0.0440528634361232,0.0,0.0422535211267605,-0.1408427876823339,-0.0453808752025932,0.0045589582878144,0.0173640437981752,-0.0364592011390659,-0.0078740157480314,Materials,15.0,2.0,13,7.118826249062078,1201.0,1178.0,8.997147151515142,7.729735331385051,8.986446539271268,7.704811922932594
LIN,1998Q3,1998,Q3,0,0,1,0,1201.0,504.0,697.0,279.0,153.0,343.0,225.0,161.0,108.0,18.0,126.0,8037.0,2334.0,8079.0,2274.0,0.0149875104079933,0.1273938384679434,0.4196502914238135,0.1873438800999167,0.08992506244796,18.0,19.0,21.0,19.0,20.0,19.0,19.0,18.0,18.0,17.0,17.0,15.0,0.0145867098865478,0.015820149875104,0.0173697270471464,0.0159663865546218,0.0169779286926994,0.0164075993091537,0.0165073848827106,0.0161434977578475,0.0164684354986276,0.0155963302752293,0.01901206780959672,0.0188679245283018,0.0092436974789915,0.0093457943925232,0.0264765784114053,-0.0526315789473684,0.1064516129032258,0.1306532663316582,0.1027397260273972,-0.0028612303290415,-0.0555555555555555,-0.0445205479452054,-0.0613085586572591,-0.0642057544638725,0.0170750443876539,0.1202975744668388,0.0001011618044153,0.0,Materials,15.0,3.0,14,7.091742115095153,1234.0,1190.0,8.991935575009146,7.755767170102998,8.997147151515142,7.729735331385051
LIN,1998Q4,1998,Q4,0,0,0,1,1197.0,495.0,702.0,305.0,159.0,305.0,190.0,126.0,107.0,17.0,124.0,8096.0,2407.0,8037.0,2334.0,0.0142021720969089,0.1328320802005012,0.4135338345864661,0.1587301587301587,0.0893901420217209,18.0,18.0,19.0,21.0,19.0,20.0,19.0,19.0,18.0,18.0,17.0,17.0,0.0149875104079933,0.0145867098865478,0.015820149875104,0.0173697270471464,0.0159663865546218,0.0169779286926994,0.0164075993091537,0.0165073848827106,0.0161434977578475,0.0164684354986276,0.0155963302752293,0.01901374389426294,-0.009925558312655,0.202247191011236,0.0102040816326529,-0.1904761904761904,-0.046875,-0.0821256038647343,-0.1486486486486486,-0.0236439499304589,-0.0535714285714286,0.0777385159010601,-0.1823606635636712,-0.0440834228428214,0.0203314408470154,-0.0729238555325513,0.2142997944298947,0.1272727272727272,Materials,15.0,4.0,15,7.088408778675395,1201.0,1209.0,8.999248901686114,7.786551806428712,8.991935575009146,7.755767170102998
LIN,1999Q1,1999,Q1,1,0,0,0,1118.0,466.0,652.0,284.0,155.0,295.0,182.0,143.0,98.0,16.0,114.0,7451.0,2127.0,8096.0,2407.0,0.0143112701252236,0.1386404293381037,0.4168157423971377,0.1627906976744186,0.0876565295169946,17.0,18.0,18.0,19.0,21.0,19.0,20.0,19.0,19.0,18.0,18.0,17.0,0.0142021720969089,0.0149875104079933,0.0145867098865478,0.015820149875104,0.0173697270471464,0.0159663865546218,0.0169779286926994,0.0164075993091537,0.0165073848827106,0.0161434977578475,0.0164684354986276,0.0155963302752293,-0.0691090757701915,-0.0392156862745097,-0.0753968253968253,-0.1578947368421053,-0.1033434650455926,-0.1495327102803738,-0.0402684563758389,-0.0645624103299856,-0.0718562874251497,-0.0206896551724138,-0.0953770831371811,-0.0029511638619006,-0.0067545503592014,-0.086394262116931,0.0321126661755937,-0.0578512396694215,Materials,15.0,1.0,16,7.020190708311925,1197.0,1201.0,8.916237731721479,7.662937850461535,8.999248901686114,7.786551806428712
LIN,1999Q2,1999,Q2,0,1,0,0,1149.0,476.0,673.0,275.0,170.0,312.0,201.0,151.0,107.0,17.0,124.0,7437.0,2238.0,7451.0,2127.0,0.0147954743255004,0.1479547432550043,0.4142732811140122,0.1749347258485639,0.093124456048738,16.0,17.0,18.0,18.0,19.0,21.0,19.0,20.0,19.0,19.0,18.0,18.0,0.0143112701252236,0.0142021720969089,0.0149875104079933,0.0145867098865478,0.015820149875104,0.0173697270471464,0.0159663865546218,0.0169779286926994,0.0164075993091537,0.0165073848827106,0.0161434977578475,0.0164684354986276,-0.0688816855753646,-0.0092592592592593,-0.0898661567877628,-0.0555555555555555,-0.0982658959537572,-0.1145374449339207,-0.05625,-0.0534458509142053,0.0303030303030302,-0.0709459459459459,0.0143119620926408,0.1065221404646992,-0.0225368472376844,-0.0490332524355596,0.0640331367050253,-0.0158730158730159,Materials,15.0,2.0,17,7.047517221357296,1118.0,1234.0,8.914357274485015,7.713784616598755,8.916237731721479,7.662937850461535
LIN,1999Q3,1999,Q3,0,0,1,0,1169.0,478.0,691.0,270.0,155.0,319.0,208.0,161.0,112.0,16.0,128.0,7408.0,2230.0,7437.0,2238.0,0.0136869118905047,0.1325919589392643,0.408896492728828,0.1779298545765611,0.0958083832335329,17.0,16.0,17.0,18.0,18.0,19.0,21.0,19.0,20.0,19.0,19.0,18.0,0.0147954743255004,0.0143112701252236,0.0142021720969089,0.0149875104079933,0.0145867098865478,0.015820149875104,0.0173697270471464,0.0159663865546218,0.0169779286926994,0.0164075993091537,0.0165073848827106,0.0161434977578475,-0.0266444629475437,0.0370370370370369,-0.0515873015873016,-0.1111111111111111,-0.0699708454810495,-0.0755555555555556,0.0,-0.0086083213773314,0.0130718954248365,-0.032258064516129,-0.0867788233057694,0.040803546967689,-0.0256256195092807,-0.0502499762380002,0.0654247061432691,0.0158730158730158,Materials,15.0,3.0,18,7.064759027791802,1149.0,1201.0,8.910450756416656,7.7102051944325325,8.914357274485015,7.713784616598755
LIN,1999Q4,1999,Q4,0,0,0,1,1203.0,487.0,716.0,276.0,161.0,321.0,211.0,161.0,114.0,18.0,132.0,7722.0,2365.0,7408.0,2230.0,0.0149625935162094,0.1338320864505403,0.4048212801330008,0.1753948462177888,0.0947630922693266,16.0,17.0,16.0,17.0,18.0,18.0,19.0,21.0,19.0,20.0,19.0,19.0,0.0136869118905047,0.0147954743255004,0.0143112701252236,0.0142021720969089,0.0149875104079933,0.0145867098865478,0.015820149875104,0.0173697270471464,0.0159663865546218,0.0169779286926994,0.0164075993091537,0.0165073848827106,0.0050125313283209,0.0654205607476634,-0.0161616161616161,0.0588235294117647,0.0524590163934426,0.1105263157894735,0.2777777777777777,0.0199430199430199,0.0125786163522012,-0.0950819672131147,0.0535426140531025,0.0075283489389734,-0.0210685407692888,0.1049875311720698,0.0601067424895704,0.064516129032258,Materials,15.0,4.0,19,7.093404625868766,1169.0,1197.0,8.951958168569265,7.768956044538332,8.910450756416656,7.7102051944325325
LIN,2000Q1,2000,Q1,1,0,0,0,1230.0,508.0,722.0,295.0,167.0,331.0,213.0,161.0,114.0,16.0,130.0,7799.0,2391.0,7722.0,2365.0,0.0130081300813008,0.1357723577235772,0.4130081300813008,0.173170731707317,0.0926829268292682,18.0,16.0,17.0,16.0,17.0,18.0,18.0,19.0,21.0,19.0,20.0,19.0,0.0149625935162094,0.0136869118905047,0.0147954743255004,0.0143112701252236,0.0142021720969089,0.0149875104079933,0.0145867098865478,0.015820149875104,0.0173697270471464,0.0159663865546218,0.0169779286926994,0.0164075993091537,0.1001788908765652,0.1632653061224489,0.0901287553648069,0.0,0.1220338983050848,0.1703296703296704,0.1258741258741258,0.1073619631901841,0.0774193548387096,0.0387323943661972,-0.0910569105691057,-0.0206871230002622,-0.0091350012212568,0.0637630662020904,0.0573419611747136,0.1403508771929824,Materials,15.0,1.0,20,7.115582126184454,1203.0,1118.0,8.961879012677683,7.779885115070522,8.951958168569265,7.768956044538332
LIN,2000Q2,2000,Q2,0,1,0,0,1265.0,504.0,761.0,296.0,162.0,326.0,208.0,159.0,122.0,16.0,138.0,7872.0,2369.0,7799.0,2391.0,0.0126482213438735,0.1280632411067193,0.3984189723320158,0.1644268774703557,0.0964426877470355,16.0,18.0,16.0,17.0,16.0,17.0,18.0,18.0,19.0,21.0,19.0,20.0,0.0130081300813008,0.0149625935162094,0.0136869118905047,0.0147954743255004,0.0143112701252236,0.0142021720969089,0.0149875104079933,0.0145867098865478,0.015820149875104,0.0173697270471464,0.0159663865546218,0.0169779286926994,0.1009573542210617,0.1401869158878503,0.0588235294117647,-0.0588235294117647,0.0448717948717949,0.0348258706467661,0.0529801324503311,0.1307578008915304,-0.0470588235294118,0.0763636363636364,-0.1451290397581958,-0.1344431527551731,-0.0382701697279702,-0.0600672526694591,0.0356322263676998,0.1129032258064515,Materials,15.0,2.0,21,7.143617602704121,1230.0,1149.0,8.971194463184467,7.7706452341291765,8.961879012677683,7.779885115070522
LIN,2000Q3,2000,Q3,0,0,1,0,1275.0,499.0,776.0,281.0,161.0,335.0,218.0,160.0,122.0,17.0,139.0,7810.0,2423.0,7872.0,2369.0,0.0133333333333333,0.1262745098039215,0.3913725490196078,0.1709803921568627,0.0956862745098039,16.0,16.0,18.0,16.0,17.0,16.0,17.0,18.0,18.0,19.0,21.0,19.0,0.0126482213438735,0.0130081300813008,0.0149625935162094,0.0136869118905047,0.0147954743255004,0.0143112701252236,0.0142021720969089,0.0149875104079933,0.0145867098865478,0.015820149875104,0.0173697270471464,0.0159663865546218,0.0906757912745936,0.0892857142857141,0.0439330543933054,0.0625,0.0501567398119122,0.0480769230769231,-0.0062111801242236,0.1230101302460202,0.0387096774193549,0.0407407407407407,-0.0258333333333332,-0.0476457938013913,-0.0428566740503733,-0.0390573152337857,-0.0012745098039216,0.0859375,Materials,15.0,3.0,22,7.151485463904735,1265.0,1169.0,8.963288275610298,7.793174347189205,8.971194463184467,7.7706452341291765
LIN,2000Q4,2000,Q4,0,0,0,1,1273.0,457.0,816.0,400.0,193.0,175.0,57.0,0.0,5.0,16.0,21.0,7762.0,2377.0,7810.0,2423.0,0.0125687352710133,0.1516103692065986,0.3589945011783189,0.044776119402985,0.0039277297721916,17.0,16.0,16.0,18.0,16.0,17.0,16.0,17.0,18.0,18.0,19.0,21.0,0.0133333333333333,0.0126482213438735,0.0130081300813008,0.0149625935162094,0.0136869118905047,0.0147954743255004,0.0143112701252236,0.0142021720969089,0.0149875104079933,0.0145867098865478,0.015820149875104,0.0173697270471464,0.0581878636741479,-0.956140350877193,-0.0616016427104723,-0.1111111111111111,-0.4548286604361371,-0.7298578199052133,-1.0,0.1396648044692736,0.1987577639751552,0.4492753623188406,-0.1599895260539408,0.1328402121461993,-0.1132024950358979,-0.7447124566739761,-0.9585521147723984,-0.8409090909090909,Materials,15.0,4.0,23,7.149916836132109,1275.0,1203.0,8.95712413640568,7.774015077250727,8.963288275610298,7.793174347189205
LIN,2001Q1,2001,Q1,1,0,0,0,1335.0,526.0,809.0,302.0,168.0,346.0,224.0,168.0,124.0,16.0,140.0,7828.0,2363.0,7762.0,2377.0,0.0119850187265917,0.1258426966292135,0.3940074906367041,0.1677902621722846,0.0928838951310861,16.0,17.0,16.0,16.0,18.0,16.0,17.0,16.0,17.0,18.0,18.0,19.0,0.0125687352710133,0.0133333333333333,0.0126482213438735,0.0130081300813008,0.0149625935162094,0.0136869118905047,0.0147954743255004,0.0143112701252236,0.0142021720969089,0.0149875104079933,0.0145867098865478,0.015820149875104,0.0853658536585366,0.087719298245614,0.0354330708661416,0.0,0.0453172205438066,0.0516431924882629,0.0434782608695651,0.1204986149584488,0.0059880239520957,0.0237288135593221,-0.0786516853932584,-0.0731346296171701,-0.0460054852693976,-0.0310703170332857,0.0021683422038241,0.0769230769230768,Materials,15.0,1.0,24,7.197435354096591,1273.0,1230.0,8.965590066907914,7.768110378525988,8.95712413640568,7.774015077250727
LIN,2001Q2,2001,Q2,0,1,0,0,1314.0,530.0,784.0,310.0,176.0,345.0,220.0,165.0,126.0,16.0,142.0,7840.0,2434.0,7828.0,2363.0,0.0121765601217656,0.1339421613394216,0.4033485540334855,0.167427701674277,0.0958904109589041,16.0,16.0,17.0,16.0,16.0,18.0,16.0,17.0,16.0,17.0,18.0,18.0,0.0119850187265917,0.0125687352710133,0.0133333333333333,0.0126482213438735,0.0130081300813008,0.0149625935162094,0.0136869118905047,0.0147954743255004,0.0143112701252236,0.0142021720969089,0.0149875104079933,0.0145867098865478,0.0387351778656126,0.0327868852459016,0.0515873015873016,0.0,0.0582822085889571,0.0576923076923077,0.0377358490566037,0.0302233902759527,0.0864197530864196,0.0472972972972973,-0.0372907153729071,0.0459063832985697,0.0123728588340461,0.0182502048940405,-0.0057264765326746,0.0289855072463767,Materials,15.0,2.0,25,7.181591944611865,1335.0,1265.0,8.967121656230923,7.79770203551669,8.965590066907914,7.768110378525988
LIN,2001Q3,2001,Q3,0,0,1,0,1271.0,519.0,752.0,371.0,180.0,275.0,148.0,89.0,62.0,16.0,78.0,7696.0,2321.0,7840.0,2434.0,0.012588512981904,0.1416207710464201,0.4083398898505114,0.1164437450826121,0.048780487804878,16.0,16.0,16.0,17.0,16.0,16.0,18.0,16.0,17.0,16.0,17.0,18.0,0.0121765601217656,0.0119850187265917,0.0125687352710133,0.0133333333333333,0.0126482213438735,0.0130081300813008,0.0149625935162094,0.0136869118905047,0.0147954743255004,0.0143112701252236,0.0142021720969089,0.0149875104079933,-0.0031372549019608,-0.4918032786885246,0.0400801603206413,-0.0588235294117647,-0.1791044776119402,-0.3211009174311926,-0.44375,-0.0309278350515463,0.1180124223602483,0.3202846975088969,-0.0558615263571991,0.1215309508334514,0.0433534259707455,-0.3189643349526126,-0.4902039184326269,-0.4388489208633094,Materials,15.0,3.0,26,7.148345743900068,1314.0,1275.0,8.948585921534317,7.7501841622578365,8.967121656230923,7.79770203551669
LIN,2001Q4,2001,Q4,0,0,0,1,1238.0,523.0,715.0,315.0,175.0,333.0,208.0,154.0,118.0,18.0,136.0,7715.0,2477.0,7696.0,2321.0,0.0145395799676898,0.141357027463651,0.4224555735056542,0.1680129240710824,0.0953150242326332,16.0,16.0,16.0,16.0,17.0,16.0,16.0,18.0,16.0,17.0,16.0,17.0,0.012588512981904,0.0121765601217656,0.0119850187265917,0.0125687352710133,0.0133333333333333,0.0126482213438735,0.0130081300813008,0.0149625935162094,0.0136869118905047,0.0147954743255004,0.0143112701252236,0.0142021720969089,-0.0274941084053417,22.6,0.1444201312910285,0.125,0.9028571428571428,2.649122807017544,,-0.1237745098039215,-0.0932642487046632,-0.2125,0.1568053311793213,-0.0676295546050373,0.1767744968768005,2.7522886375875077,23.26720516962844,5.476190476190476,Materials,15.0,4.0,27,7.122059881629142,1271.0,1273.0,8.951051374025619,7.815207062189088,8.948585921534317,7.7501841622578365
LIN,2002Q1,2002,Q1,1,0,0,0,1232.0,533.0,699.0,316.0,184.0,338.0,217.0,166.0,127.0,17.0,144.0,7787.0,2567.0,7715.0,2477.0,0.0137987012987012,0.1493506493506493,0.4326298701298701,0.1761363636363636,0.1030844155844155,18.0,16.0,16.0,16.0,16.0,17.0,16.0,16.0,18.0,16.0,17.0,16.0,0.0145395799676898,0.012588512981904,0.0121765601217656,0.0119850187265917,0.0125687352710133,0.0133333333333333,0.0126482213438735,0.0130081300813008,0.0149625935162094,0.0136869118905047,0.0147954743255004,0.0143112701252236,-0.0771535580524345,0.0241935483870967,0.0133079847908745,0.0625,-0.0231213872832369,-0.03125,-0.0119047619047618,-0.1359703337453646,0.0952380952380953,0.0463576158940397,0.1513291396103895,0.1868042671614098,0.0980244802725791,0.0497412743506493,0.1098201193967323,0.0285714285714284,Materials,15.0,1.0,28,7.117205503164344,1238.0,1335.0,8.960339366492091,7.850882664809852,8.951051374025619,7.815207062189088
LIN,2002Q2,2002,Q2,0,1,0,0,1307.0,552.0,755.0,308.0,191.0,364.0,244.0,197.0,150.0,16.0,166.0,7626.0,2329.0,7787.0,2567.0,0.0122417750573833,0.1461361897475133,0.4223412394797246,0.1866870696250956,0.1147666411629686,17.0,18.0,16.0,16.0,16.0,16.0,17.0,16.0,16.0,18.0,16.0,17.0,0.0137987012987012,0.0145395799676898,0.012588512981904,0.0121765601217656,0.0119850187265917,0.0125687352710133,0.0133333333333333,0.0126482213438735,0.0130081300813008,0.0149625935162094,0.0136869118905047,0.0147954743255004,-0.0053272450532724,0.1904761904761904,0.0415094339622641,0.0,0.0550724637681159,0.1090909090909091,0.1939393939393938,-0.0369897959183673,0.0852272727272727,-0.0064516129032258,0.0053557765876053,0.091039507546776,0.0470875258044491,0.1150309522153438,0.1968521149852442,0.1690140845070422,Materials,15.0,2.0,29,7.176254532017144,1232.0,1314.0,8.939449862164238,7.753623546559746,8.960339366492091,7.850882664809852
LIN,2002Q3,2002,Q3,0,0,1,0,1292.0,543.0,749.0,308.0,187.0,355.0,235.0,172.0,131.0,16.0,147.0,7258.0,2204.0,7626.0,2329.0,0.0123839009287925,0.1447368421052631,0.4202786377708978,0.1818885448916408,0.1013931888544891,16.0,17.0,18.0,16.0,16.0,16.0,16.0,17.0,16.0,16.0,18.0,16.0,0.0122417750573833,0.0137987012987012,0.0145395799676898,0.012588512981904,0.0121765601217656,0.0119850187265917,0.0125687352710133,0.0133333333333333,0.0126482213438735,0.0130081300813008,0.0149625935162094,0.0136869118905047,0.016522423288749,1.1129032258064515,0.0462427745664739,0.0,0.290909090909091,0.5878378378378379,0.9325842696629214,-0.0039893617021277,0.0388888888888889,-0.1698113207547169,-0.0162538699690402,0.0220029239766081,0.0292372805526226,0.5620293280896995,1.0785603715170278,0.8846153846153846,Materials,15.0,3.0,30,7.164720378771857,1307.0,1271.0,8.889997357284841,7.6984827878809465,8.939449862164238,7.753623546559746
LIN,2002Q4,2002,Q4,0,0,0,1,1297.0,550.0,747.0,323.0,189.0,349.0,227.0,182.0,140.0,20.0,160.0,7401.0,2340.0,7258.0,2204.0,0.015420200462606,0.1457208943716268,0.4240555127216653,0.1750192752505782,0.1079414032382421,16.0,16.0,17.0,18.0,16.0,16.0,16.0,16.0,17.0,16.0,16.0,18.0,0.0123839009287925,0.0122417750573833,0.0137987012987012,0.0145395799676898,0.012588512981904,0.0121765601217656,0.0119850187265917,0.0125687352710133,0.0133333333333333,0.0126482213438735,0.0130081300813008,0.0149625935162094,0.0476575121163167,0.1864406779661016,0.0516252390057361,0.1111111111111111,0.048048048048048,0.0913461538461537,0.1818181818181818,0.0447552447552448,0.08,0.0253968253968253,0.0605671207059024,0.0308712413261371,0.003787236614573,0.0417012632702686,0.1324699763469805,0.1764705882352941,Materials,15.0,4.0,31,7.168579897264035,1292.0,1238.0,8.909505512946101,7.75833346749091,8.889997357284841,7.6984827878809465
LIN,2003Q1,2003,Q1,1,0,0,0,1337.0,533.0,804.0,318.0,185.0,337.0,215.0,173.0,130.0,17.0,147.0,7561.0,2477.0,7401.0,2340.0,0.012715033657442,0.1383694839192221,0.3986537023186238,0.1608077786088257,0.0972326103216155,20.0,16.0,16.0,17.0,18.0,16.0,16.0,16.0,16.0,17.0,16.0,16.0,0.015420200462606,0.0123839009287925,0.0122417750573833,0.0137987012987012,0.0145395799676898,0.012588512981904,0.0121765601217656,0.0119850187265917,0.0125687352710133,0.0133333333333333,0.0126482213438735,0.0130081300813008,0.0852272727272727,0.0236220472440944,0.0,0.0,-0.0029585798816568,-0.0092165898617511,0.0421686746987952,0.150214592274678,0.0054347826086955,0.0063291139240506,-0.0785340314136125,-0.0735260641930344,-0.0785340314136125,-0.0870268053176346,-0.0567671187698396,0.0208333333333332,Materials,15.0,1.0,32,7.198931240688173,1297.0,1232.0,8.930890984450878,7.815207062189088,8.909505512946101,7.75833346749091
LIN,2003Q2,2003,Q2,0,1,0,0,1401.0,568.0,833.0,345.0,192.0,350.0,223.0,188.0,150.0,19.0,169.0,8023.0,2880.0,7561.0,2477.0,0.0135617416131334,0.1370449678800856,0.4054246966452534,0.1591720199857244,0.1070663811563169,17.0,20.0,16.0,16.0,17.0,18.0,16.0,16.0,16.0,16.0,17.0,16.0,0.012715033657442,0.015420200462606,0.0123839009287925,0.0122417750573833,0.0137987012987012,0.0145395799676898,0.012588512981904,0.0121765601217656,0.0119850187265917,0.0125687352710133,0.0133333333333333,0.0126482213438735,0.0719204284621271,0.0,0.0289855072463767,0.1875,-0.0384615384615384,-0.0860655737704918,-0.0456852791878172,0.1033112582781456,0.0052356020942407,0.12012987012987,0.107824768022841,-0.0622106124645447,-0.0400542055881409,-0.1473859421256479,-0.0670949321912919,0.0180722891566265,Materials,15.0,2.0,33,7.2456550675945355,1337.0,1307.0,8.990192329641772,7.9658927350845286,8.930890984450878,7.815207062189088
LIN,2003Q3,2003,Q3,0,0,1,0,1414.0,582.0,832.0,342.0,191.0,373.0,240.0,199.0,150.0,18.0,168.0,8067.0,2874.0,8023.0,2880.0,0.0127298444130127,0.135077793493635,0.4115983026874116,0.1697312588401697,0.106082036775106,19.0,17.0,20.0,16.0,16.0,17.0,18.0,16.0,16.0,16.0,16.0,17.0,0.0135617416131334,0.012715033657442,0.015420200462606,0.0123839009287925,0.0122417750573833,0.0137987012987012,0.0145395799676898,0.012588512981904,0.0121765601217656,0.0119850187265917,0.0125687352710133,0.0133333333333333,0.0944272445820433,0.1450381679389312,0.0718232044198894,0.125,0.0507042253521126,0.0212765957446807,0.1569767441860465,0.1108144192256341,0.0213903743315508,0.1103896103896104,0.0279349363507779,-0.0667352449530668,-0.0206537622980925,-0.0668392067170242,0.046244210026237,0.1428571428571428,Materials,15.0,3.0,34,7.254884810077338,1401.0,1292.0,8.995660899074103,7.963807953231451,8.990192329641772,7.9658927350845286
LIN,2003Q4,2003,Q4,0,0,0,1,1461.0,602.0,859.0,358.0,198.0,379.0,244.0,216.0,155.0,21.0,176.0,8305.0,3088.0,8067.0,2874.0,0.0143737166324435,0.135523613963039,0.4120465434633812,0.1670088980150581,0.1060917180013689,18.0,19.0,17.0,20.0,16.0,16.0,17.0,18.0,16.0,16.0,16.0,16.0,0.0127298444130127,0.0135617416131334,0.012715033657442,0.015420200462606,0.0123839009287925,0.0122417750573833,0.0137987012987012,0.0145395799676898,0.012588512981904,0.0121765601217656,0.0119850187265917,0.0125687352710133,0.1264456437933694,0.1071428571428572,0.0945454545454544,0.05,0.0859598853868195,0.0748898678414096,0.1868131868131868,0.1499330655957162,0.0476190476190476,0.1083591331269349,-0.0678644763860369,-0.0699781623806263,-0.02831933295999,-0.0457685430593372,-0.0171360125158893,0.1,Materials,15.0,4.0,35,7.2875606403097235,1414.0,1297.0,9.024733424190698,8.035602692918582,8.995660899074103,7.963807953231451
LIN,2004Q1,2004,Q1,1,0,0,0,1531.0,623.0,908.0,363.0,204.0,399.0,260.0,223.0,164.0,19.0,183.0,8327.0,3136.0,8305.0,3088.0,0.0124101894186806,0.1332462442847811,0.4069235793598955,0.1698236446766819,0.1071195297191378,21.0,18.0,19.0,17.0,20.0,16.0,16.0,17.0,18.0,16.0,16.0,16.0,0.0143737166324435,0.0127298444130127,0.0135617416131334,0.012715033657442,0.015420200462606,0.0123839009287925,0.0122417750573833,0.0137987012987012,0.0145395799676898,0.012588512981904,0.0121765601217656,0.0119850187265917,0.1451009723261032,0.2615384615384615,0.1688555347091933,0.1176470588235294,0.1839762611275963,0.2093023255813952,0.2890173410404624,0.1293532338308458,0.1027027027027027,0.1415094339622642,-0.0239751027778845,-0.0370257913040408,0.0207445133286683,0.0560661066638312,0.1016831633422099,0.2448979591836735,Materials,15.0,1.0,36,7.3343293503005365,1461.0,1337.0,9.027378610294805,8.051022208190679,9.024733424190698,8.035602692918582
LIN,2004Q2,2004,Q2,0,1,0,0,1603.0,637.0,966.0,363.0,207.0,414.0,274.0,235.0,175.0,19.0,194.0,8538.0,3181.0,8327.0,3136.0,0.0118527760449157,0.1291328758577667,0.3973799126637554,0.1709295071740486,0.1091703056768559,19.0,21.0,18.0,19.0,17.0,20.0,16.0,16.0,17.0,18.0,16.0,16.0,0.0124101894186806,0.0143737166324435,0.0127298444130127,0.0135617416131334,0.012715033657442,0.015420200462606,0.0123839009287925,0.0122417750573833,0.0137987012987012,0.0145395799676898,0.012588512981904,0.0121765601217656,0.14418272662384,0.1666666666666667,0.1214788732394365,0.0,0.1828571428571428,0.2286995515695067,0.25,0.1596638655462186,0.078125,0.0521739130434781,-0.1260137242669994,-0.0577335464753586,-0.0198428562642228,0.0738665450710411,0.019650655021834,0.1479289940828403,Materials,15.0,2.0,37,7.38025578842646,1531.0,1401.0,9.052399183907607,8.065265208897733,9.027378610294805,8.051022208190679
LIN,2004Q3,2004,Q3,0,0,1,0,1674.0,655.0,1019.0,375.0,218.0,425.0,280.0,241.0,177.0,19.0,196.0,8679.0,3369.0,8538.0,3181.0,0.0113500597371565,0.1302270011947431,0.3912783751493429,0.1672640382317801,0.1057347670250896,19.0,19.0,21.0,18.0,19.0,17.0,20.0,16.0,16.0,17.0,18.0,16.0,0.0118527760449157,0.0124101894186806,0.0143737166324435,0.0127298444130127,0.0135617416131334,0.012715033657442,0.015420200462606,0.0123839009287925,0.0122417750573833,0.0137987012987012,0.0145395799676898,0.012588512981904,0.1838755304101837,0.1799999999999999,0.1254295532646048,0.0555555555555555,0.1394101876675604,0.1666666666666667,0.2110552763819095,0.2247596153846154,0.1413612565445026,0.0964912280701755,-0.1083897517589274,-0.0359111011027918,-0.0493683462866481,-0.0145360414177619,-0.0032735961768219,0.1666666666666667,Materials,15.0,3.0,38,7.423568444259167,1603.0,1414.0,9.068776807654396,8.122668023346407,9.052399183907607,8.065265208897733
LIN,2004Q4,2004,Q4,0,0,0,1,1786.0,692.0,1094.0,403.0,240.0,443.0,289.0,249.0,181.0,20.0,201.0,9878.0,3608.0,8679.0,3369.0,0.0111982082866741,0.1343784994400896,0.387458006718925,0.1618141097424412,0.1013437849944009,19.0,19.0,19.0,21.0,18.0,19.0,17.0,20.0,16.0,16.0,17.0,18.0,0.0113500597371565,0.0118527760449157,0.0124101894186806,0.0143737166324435,0.0127298444130127,0.0135617416131334,0.012715033657442,0.015420200462606,0.0123839009287925,0.0122417750573833,0.0137987012987012,0.0145395799676898,0.2224503764544831,0.1677419354838709,0.1495016611295681,-0.0476190476190476,0.1688654353562004,0.1844262295081966,0.1527777777777776,0.2735739231664726,0.2121212121212121,0.1256983240223463,-0.2209246520556711,-0.0084495571617632,-0.0596741730625425,-0.0311048592880875,-0.044753097568905,0.1420454545454545,Materials,15.0,4.0,39,7.488293515159428,1674.0,1461.0,9.198166571044474,8.19118600464279,9.068776807654396,8.122668023346407
LIN,2005Q1,2005,Q1,1,0,0,0,1827.0,718.0,1109.0,409.0,245.0,471.0,309.0,267.0,195.0,20.0,215.0,9832.0,3651.0,9878.0,3608.0,0.0109469074986316,0.1340996168582375,0.3929939792008757,0.1691297208538587,0.1067323481116584,20.0,19.0,19.0,19.0,21.0,18.0,19.0,17.0,20.0,16.0,16.0,17.0,0.0111982082866741,0.0113500597371565,0.0118527760449157,0.0124101894186806,0.0143737166324435,0.0127298444130127,0.0135617416131334,0.012715033657442,0.015420200462606,0.0123839009287925,0.0122417750573833,0.0137987012987012,0.1933376877857608,0.1890243902439023,0.1524879614767256,0.0526315789473683,0.1804511278195488,0.1884615384615384,0.1973094170403586,0.2213656387665199,0.2009803921568627,0.1267217630853994,-0.1179097168207876,0.0064044774998122,-0.0342314893153438,-0.0040861437413162,-0.0036144819576275,0.174863387978142,Materials,15.0,1.0,40,7.510977752014095,1786.0,1531.0,9.193499354780156,8.20303024171486,9.198166571044474,8.19118600464279
LIN,2005Q2,2005,Q2,0,1,0,0,1919.0,752.0,1167.0,430.0,247.0,485.0,322.0,281.0,209.0,19.0,228.0,9937.0,3821.0,9832.0,3651.0,0.0099009900990099,0.1287128712871287,0.3918707660239708,0.1677957269411151,0.1089108910891089,20.0,20.0,19.0,19.0,19.0,21.0,18.0,19.0,17.0,20.0,16.0,16.0,0.0109469074986316,0.0111982082866741,0.0113500597371565,0.0118527760449157,0.0124101894186806,0.0143737166324435,0.0127298444130127,0.0135617416131334,0.012715033657442,0.015420200462606,0.0123839009287925,0.0122417750573833,0.1971303805364941,0.1942857142857144,0.1805337519623233,0.0,0.1714975845410629,0.1751824817518248,0.1957446808510639,0.2080745341614907,0.1932367149758453,0.1845730027548209,-0.1646690984887963,-0.0032524991629598,-0.0138636767089085,-0.0183337580780743,-0.0023762376237623,0.1752577319587629,Materials,15.0,2.0,41,7.560080465021827,1827.0,1603.0,9.204121072162266,8.248529124800218,9.193499354780156,8.20303024171486
LIN,2005Q3,2005,Q3,0,0,1,0,1890.0,746.0,1144.0,429.0,243.0,482.0,317.0,277.0,108.0,19.0,127.0,10182.0,3873.0,9937.0,3821.0,0.01005291005291,0.1285714285714285,0.3947089947089947,0.1677248677248677,0.0571428571428571,19.0,20.0,20.0,19.0,19.0,19.0,21.0,18.0,19.0,17.0,20.0,16.0,0.0099009900990099,0.0109469074986316,0.0111982082866741,0.0113500597371565,0.0118527760449157,0.0124101894186806,0.0143737166324435,0.0127298444130127,0.0135617416131334,0.012715033657442,0.015420200462606,0.0123839009287925,0.1290322580645162,-0.3898305084745762,0.1389312977099237,0.0,0.1341176470588234,0.1321428571428571,0.1493775933609957,0.1226692836113836,0.1146788990825689,0.1439999999999999,-0.1142857142857143,-0.0127129750982961,0.0087677208287895,0.0027551020408163,-0.4595641646489103,-0.3520408163265306,Materials,15.0,3.0,42,7.544861068658458,1919.0,1674.0,9.228474942171665,8.262042843966942,9.204121072162266,8.248529124800218
LIN,2005Q4,2005,Q4,0,0,0,1,2020.0,799.0,1221.0,454.0,252.0,520.0,345.0,305.0,214.0,22.0,236.0,10491.0,3902.0,10182.0,3873.0,0.0108910891089108,0.1247524752475247,0.3955445544554455,0.1707920792079208,0.1059405940594059,19.0,19.0,20.0,20.0,19.0,19.0,19.0,21.0,18.0,19.0,17.0,20.0,0.01005291005291,0.0099009900990099,0.0109469074986316,0.0111982082866741,0.0113500597371565,0.0118527760449157,0.0124101894186806,0.0143737166324435,0.0127298444130127,0.0135617416131334,0.012715033657442,0.015420200462606,0.1310190369540873,0.1823204419889503,0.1546242774566473,0.1,0.1738148984198646,0.1937716262975779,0.2248995983935742,0.1160877513711151,0.05,0.1265508684863523,-0.0274257425742574,-0.0716336633663367,0.020870772048303,0.0554832299838981,0.0453585690060718,0.1741293532338308,Materials,15.0,4.0,43,7.611347717403621,1890.0,1786.0,9.258368340986765,8.269500767180615,9.228474942171665,8.262042843966942
LIN,2006Q1,2006,Q1,1,0,0,0,2026.0,819.0,1207.0,467.0,273.0,523.0,352.0,314.0,225.0,21.0,246.0,10616.0,4125.0,10491.0,3902.0,0.0103652517275419,0.1347482724580454,0.4042448173741362,0.173741362290227,0.111056268509378,22.0,19.0,19.0,20.0,20.0,19.0,19.0,19.0,21.0,18.0,19.0,17.0,0.0108910891089108,0.01005291005291,0.0099009900990099,0.0109469074986316,0.0111982082866741,0.0113500597371565,0.0118527760449157,0.0124101894186806,0.0143737166324435,0.0127298444130127,0.0135617416131334,0.012715033657442,0.1089217296113846,0.1538461538461537,0.1406685236768803,0.05,0.1104033970276008,0.1391585760517799,0.1760299625468164,0.0883678990081153,0.1142857142857143,0.1418092909535453,-0.0531342546890424,0.0048371174728529,0.0286285255467226,0.0272668896577503,0.0405118080340192,0.1441860465116278,Materials,15.0,1.0,44,7.614312146452,2020.0,1827.0,9.270211769013573,8.325063693631197,9.258368340986765,8.269500767180615
LIN,2006Q2,2006,Q2,0,1,0,0,2076.0,838.0,1238.0,456.0,271.0,556.0,382.0,341.0,247.0,22.0,269.0,10839.0,4269.0,10616.0,4125.0,0.0105973025048169,0.1305394990366088,0.4036608863198458,0.1840077071290944,0.1189788053949903,21.0,22.0,19.0,19.0,20.0,20.0,19.0,19.0,19.0,21.0,18.0,19.0,0.0103652517275419,0.0108910891089108,0.01005291005291,0.0099009900990099,0.0109469074986316,0.0111982082866741,0.0113500597371565,0.0118527760449157,0.0124101894186806,0.0143737166324435,0.0127298444130127,0.0135617416131334,0.081813444502345,0.1818181818181818,0.1143617021276595,0.1578947368421053,0.1463917525773195,0.1863354037267079,0.2135231316725978,0.0608397600685517,0.097165991902834,0.0604651162790697,0.0703275529865123,0.0141914925151918,0.0300867564465217,0.0966173601886093,0.0924417586267296,0.1798245614035087,Materials,15.0,2.0,45,7.638679823876112,2026.0,1919.0,9.290998274993637,8.35936910622267,9.270211769013573,8.325063693631197
LIN,2006Q3,2006,Q3,0,0,1,0,2099.0,840.0,1259.0,448.0,272.0,565.0,392.0,354.0,247.0,21.0,268.0,10925.0,4494.0,10839.0,4269.0,0.0100047641734159,0.1295855169128156,0.4001905669366365,0.1867555979037637,0.1176750833730347,22.0,21.0,22.0,19.0,19.0,20.0,20.0,19.0,19.0,19.0,21.0,18.0,0.0105973025048169,0.0103652517275419,0.0108910891089108,0.01005291005291,0.0099009900990099,0.0109469074986316,0.0111982082866741,0.0113500597371565,0.0118527760449157,0.0124101894186806,0.0143737166324435,0.0127298444130127,0.1105820105820105,1.2870370370370372,0.126005361930295,0.1052631578947369,0.1721991701244813,0.2365930599369086,0.2779783393501804,0.1005244755244756,0.1193415637860082,0.0442890442890442,-0.0047892480128381,0.0078873537663439,0.0138876293702989,0.1134639748836385,1.0593139590281089,1.1102362204724407,Materials,15.0,3.0,46,7.649692623711514,2076.0,1890.0,9.298900548955663,8.410720946905721,9.290998274993637,8.35936910622267
LIN,2006Q4,2006,Q4,0,0,0,1,2123.0,859.0,1264.0,466.0,270.0,571.0,393.0,355.0,269.0,23.0,292.0,11102.0,4554.0,10925.0,4494.0,0.0108337258596325,0.1271785209609043,0.4046161092793217,0.185115402731983,0.1267074894017899,21.0,22.0,21.0,22.0,19.0,19.0,20.0,20.0,19.0,19.0,19.0,21.0,0.0100047641734159,0.0105973025048169,0.0103652517275419,0.0108910891089108,0.01005291005291,0.0099009900990099,0.0109469074986316,0.0111982082866741,0.0113500597371565,0.0118527760449157,0.0124101894186806,0.0143737166324435,0.050990099009901,0.2570093457943925,0.0750938673341676,0.0454545454545454,0.0980769230769231,0.1391304347826087,0.1639344262295081,0.0352170352170351,0.0714285714285714,0.0264317180616739,-0.0052669892519162,0.019446874369154,0.0229343438601123,0.0838640971553787,0.1960239653813815,0.2372881355932203,Materials,15.0,4.0,47,7.66105638236183,2099.0,2020.0,9.314970621054266,8.423980809694058,9.298900548955663,8.410720946905721
LIN,2007Q1,2007,Q1,1,0,0,0,2175.0,893.0,1282.0,490.0,286.0,585.0,403.0,365.0,265.0,24.0,289.0,11748.0,4467.0,11102.0,4554.0,0.0110344827586206,0.1314942528735632,0.4105747126436782,0.185287356321839,0.1218390804597701,23.0,21.0,22.0,21.0,22.0,19.0,19.0,20.0,20.0,19.0,19.0,19.0,0.0108337258596325,0.0100047641734159,0.0105973025048169,0.0103652517275419,0.0108910891089108,0.01005291005291,0.0099009900990099,0.0109469074986316,0.0111982082866741,0.0113500597371565,0.0118527760449157,0.0124101894186806,0.073543928923988,0.1777777777777778,0.0903540903540902,0.1428571428571428,0.118546845124283,0.1448863636363635,0.1624203821656051,0.0621375310687655,0.0476190476190476,0.0492505353319057,0.0645648604269293,-0.0241488779419812,0.0156585687620169,0.066455067920585,0.0970932311621965,0.1747967479674796,Materials,15.0,1.0,48,7.685243607975833,2123.0,2026.0,9.371523409567573,8.404696160189092,9.314970621054266,8.423980809694058
LIN,2007Q2,2007,Q2,0,1,0,0,2332.0,944.0,1388.0,505.0,296.0,628.0,439.0,398.0,291.0,24.0,315.0,12251.0,4850.0,11748.0,4467.0,0.0102915951972555,0.1269296740994854,0.4048027444253859,0.1882504288164665,0.1247855917667238,24.0,23.0,21.0,22.0,21.0,22.0,19.0,19.0,20.0,20.0,19.0,19.0,0.0110344827586206,0.0108337258596325,0.0100047641734159,0.0105973025048169,0.0103652517275419,0.0108910891089108,0.01005291005291,0.0099009900990099,0.0109469074986316,0.0111982082866741,0.0113500597371565,0.0118527760449157,0.1233140655105973,0.1781376518218622,0.126491646778043,0.0909090909090908,0.1294964028776979,0.1492146596858639,0.1671554252199414,0.121163166397415,0.0922509225092251,0.1074561403508771,-0.0288476532044283,-0.0276531238725766,0.0028287558795956,0.0230573042486506,0.04880521663044,0.171003717472119,Materials,15.0,2.0,49,7.75491027202143,2175.0,2076.0,9.413444467952665,8.486940148245216,9.371523409567573,8.404696160189092
LIN,2007Q3,2007,Q3,0,0,1,0,2372.0,978.0,1394.0,518.0,294.0,656.0,460.0,416.0,305.0,24.0,329.0,12751.0,4862.0,12251.0,4850.0,0.0101180438448566,0.1239460370994941,0.4123102866779089,0.193929173693086,0.12858347386172,24.0,24.0,23.0,21.0,22.0,21.0,22.0,19.0,19.0,20.0,20.0,19.0,0.0102915951972555,0.0110344827586206,0.0108337258596325,0.0100047641734159,0.0105973025048169,0.0103652517275419,0.0108910891089108,0.01005291005291,0.0099009900990099,0.0109469074986316,0.0111982082866741,0.0113500597371565,0.1300619342544069,0.2348178137651821,0.1642857142857143,0.1428571428571428,0.1610619469026548,0.1734693877551021,0.1751412429378531,0.1072279586973787,0.0808823529411764,0.15625,0.011322572874006,-0.0435193681182423,0.0302848711153937,0.0384115703617029,0.0926992373917019,0.2276119402985075,Materials,15.0,3.0,50,7.771910256435763,2332.0,2099.0,9.453443401029997,8.489410810403786,9.413444467952665,8.486940148245216
LIN,2007Q4,2007,Q4,0,0,0,1,2523.0,1030.0,1493.0,546.0,314.0,691.0,484.0,434.0,316.0,26.0,342.0,13382.0,5142.0,12751.0,4862.0,0.0103051922314704,0.1244550138723741,0.4082441537851763,0.1918351169242964,0.1252477209671026,24.0,24.0,24.0,23.0,21.0,22.0,21.0,22.0,19.0,19.0,20.0,20.0,0.0101180438448566,0.0102915951972555,0.0110344827586206,0.0108337258596325,0.0100047641734159,0.0105973025048169,0.0103652517275419,0.0108910891089108,0.01005291005291,0.0099009900990099,0.0109469074986316,0.0111982082866741,0.1884126236457843,0.174721189591078,0.1990686845168801,0.1304347826086955,0.2101576182136602,0.2315521628498726,0.2225352112676055,0.1811708860759493,0.1629629629629629,0.1716738197424892,-0.0487859518516602,-0.0214148353664801,0.0089666338602205,0.0363001354460086,-0.0115207746722715,0.1712328767123287,Materials,15.0,4.0,51,7.8336002236611035,2372.0,2123.0,9.501740523796375,8.545391845774915,9.453443401029997,8.489410810403786
LIN,2008Q1,2008,Q1,1,0,0,0,2663.0,1068.0,1595.0,586.0,352.0,692.0,482.0,435.0,307.0,24.0,331.0,14000.0,5209.0,13382.0,5142.0,0.0090123920390536,0.1321817499061209,0.4010514457378896,0.1809988734509951,0.1152835148328952,26.0,24.0,24.0,24.0,23.0,21.0,22.0,21.0,22.0,19.0,19.0,20.0,0.0103051922314704,0.0101180438448566,0.0102915951972555,0.0110344827586206,0.0108337258596325,0.0100047641734159,0.0105973025048169,0.0103652517275419,0.0108910891089108,0.01005291005291,0.0099009900990099,0.0109469074986316,0.224367816091954,0.1584905660377358,0.1959686450167972,0.0,0.1829059829059829,0.1960297766749379,0.1917808219178083,0.2441497659906395,0.2307692307692308,0.1959183673469386,-0.1832519714607584,0.0052283428175279,-0.0231949669877828,-0.0231450378265152,-0.0538051141073693,0.1453287197231834,Materials,15.0,1.0,52,7.88758403166028,2523.0,2175.0,9.546884034617925,8.558335134747413,9.501740523796375,8.545391845774915
LIN,2008Q2,2008,Q2,0,1,0,0,2878.0,1130.0,1748.0,587.0,341.0,759.0,543.0,491.0,349.0,24.0,373.0,14428.0,5671.0,14000.0,5209.0,0.0083391243919388,0.1184850590687977,0.3926337734537873,0.1886726893676164,0.121264767199444,24.0,26.0,24.0,24.0,24.0,23.0,21.0,22.0,21.0,22.0,19.0,19.0,0.0090123920390536,0.0103051922314704,0.0101180438448566,0.0102915951972555,0.0110344827586206,0.0108337258596325,0.0100047641734159,0.0105973025048169,0.0103652517275419,0.0108910891089108,0.01005291005291,0.0099009900990099,0.2341337907375642,0.1993127147766322,0.1970338983050847,0.0,0.2085987261146495,0.2369020501138952,0.2336683417085427,0.2593659942363113,0.1520270270270269,0.1623762376237623,-0.1897150799166088,-0.0665298724714985,-0.0300614833747541,0.0022430788275205,-0.0282149927522215,0.1841269841269841,Materials,15.0,2.0,53,7.965198290612176,2663.0,2332.0,9.576995349297256,8.643297068211963,9.546884034617925,8.558335134747413
LIN,2008Q3,2008,Q3,0,0,1,0,2852.0,1118.0,1734.0,574.0,341.0,762.0,544.0,494.0,355.0,24.0,379.0,13878.0,4891.0,14428.0,5671.0,0.0084151472650771,0.1195652173913043,0.3920056100981767,0.1907433380084151,0.1244740532959326,24.0,24.0,26.0,24.0,24.0,24.0,23.0,21.0,22.0,21.0,22.0,19.0,0.0083391243919388,0.0090123920390536,0.0103051922314704,0.0101180438448566,0.0102915951972555,0.0110344827586206,0.0108337258596325,0.0100047641734159,0.0105973025048169,0.0103652517275419,0.0108910891089108,0.01005291005291,0.2023608768971332,0.1639344262295081,0.1431492842535786,0.0,0.1615853658536585,0.1826086956521739,0.1875,0.2439024390243902,0.1598639455782313,0.1081081081081081,-0.1683029453015427,-0.0353445726116533,-0.0492461072056491,-0.0164278309653028,-0.0319591658427792,0.1519756838905774,Materials,15.0,3.0,54,7.9561263512135,2878.0,2372.0,9.53813218535584,8.495356496807062,9.576995349297256,8.643297068211963
LIN,2008Q4,2008,Q4,0,0,0,1,2403.0,985.0,1418.0,671.0,295.0,537.0,314.0,265.0,200.0,25.0,225.0,13054.0,4009.0,13878.0,4891.0,0.0104036620890553,0.1227632126508531,0.4099042863087807,0.1306699958385351,0.0832292967124427,24.0,24.0,24.0,26.0,24.0,24.0,24.0,23.0,21.0,22.0,21.0,22.0,0.0084151472650771,0.0083391243919388,0.0090123920390536,0.0103051922314704,0.0101180438448566,0.0102915951972555,0.0110344827586206,0.0108337258596325,0.0100047641734159,0.0105973025048169,0.0103652517275419,0.0108910891089108,-0.0475624256837098,-0.3670886075949366,-0.0436893203883494,-0.0384615384615384,-0.2228654124457307,-0.3512396694214876,-0.3894009216589862,-0.0502344273275284,-0.0605095541401273,0.228937728937729,0.0095553634879477,-0.0135936766939415,0.004066518793256,-0.3188421497920987,-0.3354825455522369,-0.3421052631578947,Materials,15.0,4.0,55,7.784889295655098,2852.0,2523.0,9.47692648113323,8.296546520300614,9.53813218535584,8.495356496807062
LIN,2009Q1,2009,Q1,1,0,0,0,2123.0,928.0,1195.0,486.0,265.0,641.0,442.0,407.0,290.0,18.0,308.0,12857.0,4073.0,13054.0,4009.0,0.0084785680640602,0.124823363165332,0.4371172868582195,0.2081959491285916,0.1365991521431936,25.0,24.0,24.0,24.0,26.0,24.0,24.0,24.0,23.0,21.0,22.0,21.0,0.0104036620890553,0.0084151472650771,0.0083391243919388,0.0090123920390536,0.0103051922314704,0.0101180438448566,0.0102915951972555,0.0110344827586206,0.0108337258596325,0.0100047641734159,0.0105973025048169,0.0103652517275419,-0.2027788208787082,-0.0553745928338762,-0.1310861423220973,-0.25,-0.0736994219653178,-0.0829875518672199,-0.064367816091954,-0.2507836990595611,-0.2471590909090909,-0.1706484641638225,-0.0592322185586433,-0.0556687042350019,0.0899282162017214,0.1502610218453102,0.1848975314570833,-0.0694864048338368,Materials,15.0,1.0,56,7.66105638236183,2403.0,2663.0,9.461721464701633,8.31238059678675,9.47692648113323,8.296546520300614
LIN,2009Q2,2009,Q2,0,1,0,0,2138.0,948.0,1190.0,501.0,265.0,654.0,447.0,414.0,299.0,18.0,317.0,13586.0,4638.0,12857.0,4073.0,0.0084190832553788,0.1239476145930776,0.4434050514499532,0.2090739008419083,0.1398503274087932,18.0,25.0,24.0,24.0,24.0,26.0,24.0,24.0,24.0,23.0,21.0,22.0,0.0084785680640602,0.0104036620890553,0.0084151472650771,0.0083391243919388,0.0090123920390536,0.0103051922314704,0.0101180438448566,0.0102915951972555,0.0110344827586206,0.0108337258596325,0.0100047641734159,0.0105973025048169,-0.2571230020847811,-0.1432664756446992,-0.1610619469026548,-0.25,-0.1383399209486165,-0.1767955801104972,-0.1568228105906314,-0.3192219679633867,-0.2228739002932551,-0.1465076660988075,0.0095884003741817,0.0461033278559455,0.1293095027194384,0.108130177942932,0.1532643045344042,-0.1501340482573726,Materials,15.0,2.0,57,7.668093709082406,2123.0,2878.0,9.516868732224324,8.442254104751743,9.461721464701633,8.31238059678675
LIN,2009Q3,2009,Q3,0,0,1,0,2288.0,1011.0,1277.0,837.0,284.0,391.0,174.0,142.0,325.0,20.0,345.0,14171.0,5085.0,13586.0,4638.0,0.0087412587412587,0.1241258741258741,0.4418706293706294,0.076048951048951,0.1420454545454545,18.0,18.0,25.0,24.0,24.0,24.0,26.0,24.0,24.0,24.0,23.0,21.0,0.0084190832553788,0.0084785680640602,0.0104036620890553,0.0084151472650771,0.0083391243919388,0.0090123920390536,0.0103051922314704,0.0101180438448566,0.0102915951972555,0.0110344827586206,0.0108337258596325,0.0100047641734159,-0.1977559607293127,-0.0845070422535211,-0.0957066189624329,-0.1666666666666666,-0.4868766404199475,-0.6801470588235294,-0.7125506072874495,-0.2635524798154556,-0.1671554252199413,0.4581881533101044,0.0387529137529139,0.0381436745073109,0.1272048613282961,-0.6013021904566022,0.1411651728553138,-0.0897097625329815,Materials,15.0,3.0,58,7.735870319952567,2138.0,2852.0,9.559023465985362,8.534246945982066,9.516868732224324,8.442254104751743
LIN,2009Q4,2009,Q4,0,0,0,1,2407.0,1037.0,1370.0,525.0,274.0,735.0,512.0,479.0,340.0,18.0,358.0,14317.0,5315.0,14171.0,5085.0,0.0074781886165351,0.1138346489405899,0.4308267552970503,0.2127129206481096,0.1412546738678853,20.0,18.0,18.0,25.0,24.0,24.0,24.0,26.0,24.0,24.0,24.0,23.0,0.0087412587412587,0.0084190832553788,0.0084785680640602,0.0104036620890553,0.0084151472650771,0.0083391243919388,0.0090123920390536,0.0103051922314704,0.0101180438448566,0.0102915951972555,0.0110344827586206,0.0108337258596325,0.0016645859342487,0.7,0.0527918781725889,-0.28,0.3687150837988826,0.6305732484076434,0.8075471698113208,-0.0338504936530323,-0.071186440677966,-0.2175856929955291,-0.2811965101786455,-0.0727299613415672,0.0510423278972709,0.6278635296732724,0.6971749065226425,0.5911111111111111,Materials,15.0,4.0,59,7.786551806428712,2288.0,2403.0,9.56927276595613,8.578476419833136,9.559023465985362,8.534246945982066
LIN,2010Q1,2010,Q1,1,0,0,0,2428.0,1047.0,1381.0,568.0,294.0,707.0,479.0,447.0,314.0,18.0,332.0,14727.0,5398.0,14317.0,5315.0,0.0074135090609555,0.1210873146622734,0.4312191103789127,0.1972817133443163,0.129324546952224,18.0,20.0,18.0,18.0,25.0,24.0,24.0,24.0,26.0,24.0,24.0,24.0,0.0074781886165351,0.0087412587412587,0.0084190832553788,0.0084785680640602,0.0104036620890553,0.0084151472650771,0.0083391243919388,0.0090123920390536,0.0103051922314704,0.0101180438448566,0.0102915951972555,0.0110344827586206,0.1436646255299105,0.0827586206896551,0.1282327586206897,0.0,0.1029641185647425,0.0837104072398189,0.0982800982800982,0.1556485355648535,0.1094339622641509,0.1687242798353909,-0.1256177924217463,-0.0299306829131826,-0.0134933498551382,-0.0524229017421187,-0.0532551269669941,0.0779220779220779,Materials,15.0,1.0,60,7.795234929002173,2407.0,2123.0,9.597505722912913,8.593969030218288,9.56927276595613,8.578476419833136
LIN,2010Q2,2010,Q2,0,1,0,0,2527.0,1090.0,1437.0,543.0,302.0,777.0,547.0,518.0,371.0,19.0,390.0,14292.0,5452.0,14727.0,5398.0,0.0075187969924812,0.1195092995647012,0.4313415116739216,0.2164622081519588,0.1468144044321329,18.0,18.0,20.0,18.0,18.0,25.0,24.0,24.0,24.0,26.0,24.0,24.0,0.0074135090609555,0.0074781886165351,0.0087412587412587,0.0084190832553788,0.0084785680640602,0.0104036620890553,0.0084151472650771,0.0083391243919388,0.0090123920390536,0.0103051922314704,0.0101180438448566,0.0102915951972555,0.1819457436856875,0.2408026755852843,0.149789029535865,0.0555555555555555,0.1880733944954129,0.2237136465324385,0.251207729468599,0.2075630252100839,0.1396226415094339,0.0838323353293413,-0.1069340016708438,-0.0358079906817688,-0.0272065907607126,0.03533825733532,0.0497966444010042,0.2302839116719242,Materials,15.0,2.0,61,7.8351837552667485,2428.0,2138.0,9.567525185909115,8.60392119492606,9.597505722912913,8.593969030218288
LIN,2010Q3,2010,Q3,0,0,1,0,2538.0,1094.0,1444.0,543.0,299.0,778.0,551.0,522.0,377.0,19.0,396.0,15057.0,5991.0,14292.0,5452.0,0.0074862096138691,0.1178092986603625,0.4310480693459417,0.2171000788022064,0.148542159180457,19.0,18.0,18.0,20.0,18.0,18.0,25.0,24.0,24.0,24.0,26.0,24.0,0.0075187969924812,0.0074135090609555,0.0074781886165351,0.0087412587412587,0.0084190832553788,0.0084785680640602,0.0104036620890553,0.0084151472650771,0.0083391243919388,0.0090123920390536,0.0103051922314704,0.0101180438448566,0.1092657342657341,0.1599999999999999,0.0820969337289811,-0.05,0.989769820971867,2.1666666666666665,2.676056338028169,0.1307752545027407,0.0528169014084507,-0.3512544802867383,-0.1435776201733648,-0.0508884671306008,-0.0244925987502327,1.854741266088784,0.0457368006304175,0.1478260869565217,Materials,15.0,3.0,62,7.839525581704678,2527.0,2288.0,9.619664690410067,8.698180525197055,9.567525185909115,8.60392119492606
LIN,2010Q4,2010,Q4,0,0,0,1,2623.0,1131.0,1492.0,626.0,301.0,745.0,505.0,477.0,133.0,23.0,156.0,15274.0,5792.0,15057.0,5991.0,0.0087685855890202,0.1147540983606557,0.4311856652687762,0.192527640106748,0.0507052992756385,19.0,19.0,18.0,18.0,20.0,18.0,18.0,25.0,24.0,24.0,24.0,26.0,0.0074862096138691,0.0075187969924812,0.0074135090609555,0.0074781886165351,0.0087412587412587,0.0084190832553788,0.0084785680640602,0.0104036620890553,0.0084151472650771,0.0083391243919388,0.0090123920390536,0.0103051922314704,0.0897382633984211,-0.6088235294117648,0.0906460945033751,0.2777777777777777,0.0136054421768707,-0.013671875,-0.0041753653444676,0.089051094890511,0.0985401459854014,0.1923809523809523,0.1725547507095353,0.0080770611463443,0.0008330726151826,-0.0948944731700343,-0.6410363077751116,-0.5642458100558659,Materials,15.0,4.0,63,7.8724551500639794,2538.0,2407.0,9.633972784039797,8.664405571096625,9.619664690410067,8.698180525197055
LIN,2011Q1,2011,Q1,1,0,0,0,2702.0,1166.0,1536.0,575.0,308.0,844.0,591.0,565.0,398.0,22.0,420.0,15834.0,6165.0,15274.0,5792.0,0.0081421169504071,0.1139896373056994,0.4315321983715766,0.2187268689859363,0.1472982975573649,23.0,19.0,19.0,18.0,18.0,20.0,18.0,18.0,25.0,24.0,24.0,24.0,0.0087685855890202,0.0074862096138691,0.0075187969924812,0.0074135090609555,0.0074781886165351,0.0087412587412587,0.0084190832553788,0.0084785680640602,0.0104036620890553,0.0084151472650771,0.0083391243919388,0.0090123920390536,0.1128500823723228,0.2675159235668789,0.113658070678128,0.2222222222222223,0.1937765205091937,0.2338204592901878,0.2639821029082774,0.112237509051412,0.0476190476190476,0.0123239436619717,0.0982811086438029,-0.058616192591026,0.0007260531482216,0.1087032106427001,0.1389817403480318,0.2650602409638554,Materials,15.0,1.0,64,7.902117546276448,2623.0,2428.0,9.66997795897274,8.726805608446096,9.633972784039797,8.664405571096625
LIN,2011Q2,2011,Q2,0,1,0,0,2858.0,1218.0,1640.0,591.0,309.0,881.0,627.0,591.0,425.0,23.0,448.0,16410.0,6400.0,15834.0,6165.0,0.0080475857242827,0.1081175647305808,0.4261721483554933,0.2193841847445766,0.1487053883834849,22.0,23.0,19.0,19.0,18.0,18.0,20.0,18.0,18.0,25.0,24.0,24.0,0.0081421169504071,0.0087685855890202,0.0074862096138691,0.0075187969924812,0.0074135090609555,0.0074781886165351,0.0087412587412587,0.0084190832553788,0.0084785680640602,0.0104036620890553,0.0084151472650771,0.0083391243919388,0.1309853581321725,0.1455525606469003,0.1174311926605504,0.2105263157894736,0.1338481338481338,0.1462522851919561,0.1409266409266409,0.1412665274878217,0.0231788079470198,0.0883977900552486,0.0703289013296011,-0.0953209070391465,-0.0119843863354756,0.0134987840028246,0.0128800982346803,0.1487179487179486,Materials,15.0,2.0,65,7.958227192322312,2702.0,2527.0,9.705707120679628,8.764209507142004,9.66997795897274,8.726805608446096
LIN,2011Q3,2011,Q3,0,0,1,0,2896.0,1212.0,1684.0,580.0,307.0,888.0,632.0,596.0,429.0,22.0,451.0,15902.0,5753.0,16410.0,6400.0,0.0075966850828729,0.1060082872928176,0.4185082872928177,0.218232044198895,0.1481353591160221,23.0,22.0,23.0,19.0,19.0,18.0,18.0,20.0,18.0,18.0,25.0,24.0,0.0080475857242827,0.0081421169504071,0.0087685855890202,0.0074862096138691,0.0075187969924812,0.0074135090609555,0.0074781886165351,0.0087412587412587,0.0084190832553788,0.0084785680640602,0.0104036620890553,0.0084151472650771,0.1410559495665879,0.1379310344827586,0.1078610603290677,0.1578947368421053,0.1413881748071979,0.147005444646098,0.1417624521072797,0.1662049861495844,0.0267558528428093,0.0681399631675874,0.0147571968595521,-0.1001704576950793,-0.0290913773773571,0.0052140257292114,-0.0027386168794055,0.1388888888888888,Materials,15.0,3.0,66,7.9714309977693505,2858.0,2538.0,9.674263049655917,8.657650544111494,9.705707120679628,8.764209507142004
LIN,2011Q4,2011,Q4,0,0,0,1,2796.0,1198.0,1598.0,580.0,315.0,867.0,618.0,580.0,420.0,23.0,443.0,16356.0,5488.0,15902.0,5753.0,0.0082260371959942,0.1126609442060085,0.4284692417739628,0.2210300429184549,0.1502145922746781,22.0,23.0,22.0,23.0,19.0,19.0,18.0,18.0,20.0,18.0,18.0,25.0,0.0075966850828729,0.0080475857242827,0.0081421169504071,0.0087685855890202,0.0074862096138691,0.0075187969924812,0.0074135090609555,0.0074781886165351,0.0087412587412587,0.0084190832553788,0.0084785680640602,0.0104036620890553,0.0659550133434998,2.1578947368421053,0.0592396109637489,0.0,0.1637583892617449,0.2237623762376237,0.2159329140461217,0.0710455764075066,0.0465116279069768,-0.0734824281150159,-0.0618741058655221,-0.0182403433476394,-0.0062998928619767,0.1480431734160541,1.9625028235825612,1.8397435897435896,Materials,15.0,4.0,67,7.936302693201959,2896.0,2623.0,9.702411219258526,8.610501368549889,9.674263049655917,8.657650544111494
LIN,2012Q1,2012,Q1,1,0,0,0,2840.0,1224.0,1616.0,597.0,335.0,879.0,627.0,590.0,419.0,24.0,443.0,16987.0,5940.0,16356.0,5488.0,0.0084507042253521,0.1179577464788732,0.4309859154929577,0.2207746478873239,0.1475352112676056,23.0,22.0,23.0,22.0,23.0,19.0,19.0,18.0,18.0,20.0,18.0,18.0,0.0082260371959942,0.0075966850828729,0.0080475857242827,0.0081421169504071,0.0087685855890202,0.0074862096138691,0.0075187969924812,0.0074135090609555,0.0074781886165351,0.0087412587412587,0.0084190832553788,0.0084785680640602,0.0510732790525536,0.0527638190954773,0.0497427101200687,0.0909090909090908,0.0414691943127962,0.0609137055837563,0.0442477876106195,0.0520833333333332,0.0876623376623375,0.0382608695652173,0.0379001280409732,0.0348111395646606,-0.0012659145266108,0.0093622649603202,0.0016083940830913,0.0547619047619047,Materials,15.0,1.0,68,7.951911381854188,2796.0,2702.0,9.740262491433162,8.689632748355741,9.702411219258526,8.610501368549889
LIN,2012Q2,2012,Q2,0,1,0,0,2811.0,1209.0,1602.0,573.0,310.0,883.0,636.0,603.0,429.0,25.0,454.0,16688.0,5615.0,16987.0,5940.0,0.0088936321593738,0.1102810387762362,0.4300960512273212,0.2262540021344717,0.1526147278548559,24.0,23.0,22.0,23.0,22.0,23.0,19.0,19.0,18.0,18.0,20.0,18.0,0.0084507042253521,0.0082260371959942,0.0075966850828729,0.0080475857242827,0.0081421169504071,0.0087685855890202,0.0074862096138691,0.0075187969924812,0.0074135090609555,0.0074781886165351,0.0087412587412587,0.0084190832553788,-0.0164450664800559,0.0094117647058824,-0.0073891625615764,0.0869565217391303,0.0022701475595914,0.0143540669856458,0.0203045685279188,-0.023170731707317,0.0032362459546926,-0.0304568527918781,0.1051304657169813,0.0200103845387802,0.0092073188897243,0.03131409585378,0.0262891581392428,0.0133928571428572,Materials,15.0,2.0,69,7.941651252930556,2840.0,2858.0,9.722505098743403,8.633374945705647,9.740262491433162,8.689632748355741
LIN,2012Q3,2012,Q3,0,0,1,0,2774.0,1179.0,1595.0,621.0,306.0,806.0,558.0,522.0,430.0,24.0,454.0,17639.0,6015.0,16688.0,5615.0,0.0086517664023071,0.110310021629416,0.4250180245133381,0.2011535688536409,0.1550108147080028,25.0,24.0,23.0,22.0,23.0,22.0,23.0,19.0,19.0,18.0,18.0,20.0,0.0088936321593738,0.0084507042253521,0.0082260371959942,0.0075966850828729,0.0080475857242827,0.0081421169504071,0.0087685855890202,0.0074862096138691,0.0075187969924812,0.0074135090609555,0.0074781886165351,0.0087412587412587,-0.0421270718232044,0.0023310023310023,-0.0272277227722772,0.0909090909090908,-0.0923423423423422,-0.1170886075949366,-0.1241610738255033,-0.0528503562945368,-0.003257328990228,0.0706896551724138,0.1388870682309759,0.0405792268364453,0.0155546196292304,-0.078258330063063,0.0464133319216231,0.0066518847006651,Materials,15.0,3.0,70,7.928406026180535,2811.0,2896.0,9.777924329560783,8.702177865629675,9.722505098743403,8.633374945705647
LIN,2012Q4,2012,Q4,0,0,0,1,2799.0,1216.0,1583.0,600.0,319.0,885.0,616.0,581.0,414.0,25.0,439.0,18090.0,6064.0,17639.0,6015.0,0.0089317613433369,0.1139692747409789,0.4344408717399071,0.2200785994998213,0.1479099678456591,24.0,25.0,24.0,23.0,22.0,23.0,22.0,23.0,19.0,19.0,18.0,18.0,0.0086517664023071,0.0088936321593738,0.0084507042253521,0.0082260371959942,0.0075966850828729,0.0080475857242827,0.0081421169504071,0.0087685855890202,0.0074862096138691,0.0075187969924812,0.0074135090609555,0.0074781886165351,0.0010729613733906,-0.0142857142857142,0.0150250417362269,0.0869565217391303,0.0207612456747405,-0.0032362459546925,0.0017241379310344,-0.0093867334167709,0.0126984126984126,0.0344827586206897,0.0857915093899994,0.0116129910342128,0.0139371263645911,-0.0043045886707111,-0.0153422140560405,-0.0090293453724604,Materials,15.0,4.0,71,7.937374696163295,2774.0,2796.0,9.803169856021261,8.71028982137815,9.777924329560783,8.702177865629675
LIN,2013Q1,2013,Q1,1,0,0,0,2888.0,1250.0,1638.0,650.0,337.0,866.0,600.0,560.0,391.0,24.0,415.0,19586.0,6169.0,18090.0,6064.0,0.0083102493074792,0.1166897506925207,0.4328254847645429,0.2077562326869806,0.135387811634349,25.0,24.0,25.0,24.0,23.0,22.0,23.0,22.0,23.0,19.0,19.0,18.0,0.0089317613433369,0.0086517664023071,0.0088936321593738,0.0084507042253521,0.0082260371959942,0.0075966850828729,0.0080475857242827,0.0081421169504071,0.0087685855890202,0.0074862096138691,0.0075187969924812,0.0074135090609555,0.0169014084507042,-0.0668257756563246,0.0212418300653594,0.0,-0.0147895335608646,-0.0430622009569378,-0.0508474576271186,0.0136138613861385,0.0059701492537314,0.0887772194304856,-0.0166204986149582,-0.0107495762186298,0.0042682816432204,-0.0589669843205344,-0.0823355965595434,-0.0632054176072234,Materials,15.0,1.0,72,7.968665700466235,2799.0,2840.0,9.882621359854744,8.727454116899434,9.803169856021261,8.71028982137815
LIN,2013Q2,2013,Q2,0,1,0,0,3014.0,1304.0,1710.0,639.0,344.0,940.0,665.0,624.0,445.0,24.0,469.0,19771.0,5928.0,19586.0,6169.0,0.0079628400796284,0.1141340411413404,0.4326476443264764,0.2206370272063702,0.1476443264764432,24.0,25.0,24.0,25.0,24.0,23.0,22.0,23.0,22.0,23.0,19.0,19.0,0.0083102493074792,0.0089317613433369,0.0086517664023071,0.0088936321593738,0.0084507042253521,0.0082260371959942,0.0075966850828729,0.0080475857242827,0.0081421169504071,0.0087685855890202,0.0074862096138691,0.0075187969924812,0.0722162931341159,0.0372960372960373,0.0785773366418527,-0.04,0.0645526613816533,0.0455974842767294,0.0348258706467661,0.0674157303370786,0.1096774193548386,0.1151832460732984,-0.1046582614465824,0.0349380311235738,0.005932612242949,-0.0248259693756182,-0.0325682943466618,0.0330396475770924,Materials,15.0,2.0,73,8.011355109161286,2888.0,2811.0,9.89202207442685,8.687610843707368,9.882621359854744,8.727454116899434
LIN,2013Q3,2013,Q3,0,0,1,0,3013.0,1316.0,1697.0,646.0,336.0,951.0,670.0,629.0,445.0,24.0,469.0,20062.0,6210.0,19771.0,5928.0,0.0079654829074012,0.1115167607036176,0.4367739794225025,0.2223697311649518,0.147693328908065,24.0,24.0,25.0,24.0,25.0,24.0,23.0,22.0,23.0,22.0,23.0,19.0,0.0079628400796284,0.0083102493074792,0.0089317613433369,0.0086517664023071,0.0088936321593738,0.0084507042253521,0.0082260371959942,0.0075966850828729,0.0080475857242827,0.0081421169504071,0.0087685855890202,0.0074862096138691,0.0861571737563084,0.0348837209302326,0.1162001696352841,0.0,0.1799007444168734,0.2007168458781361,0.2049808429118773,0.0639498432601881,0.0980392156862746,0.040257648953301,-0.0793229339528708,0.01093952350273,0.0276598973011212,0.1054724628164454,-0.0472062921140175,0.0330396475770924,Materials,15.0,3.0,74,8.01102337918644,3014.0,2774.0,9.9066326016802,8.734077192559303,9.89202207442685,8.687610843707368
LIN,2013Q4,2013,Q4,0,0,0,1,3010.0,1311.0,1699.0,621.0,332.0,981.0,690.0,634.0,474.0,26.0,500.0,20255.0,6609.0,20062.0,6210.0,0.0086378737541528,0.1102990033222591,0.4355481727574751,0.2292358803986711,0.1574750830564784,24.0,24.0,24.0,25.0,24.0,25.0,24.0,23.0,22.0,23.0,22.0,23.0,0.0079654829074012,0.0079628400796284,0.0083102493074792,0.0089317613433369,0.0086517664023071,0.0088936321593738,0.0084507042253521,0.0082260371959942,0.0075966850828729,0.0080475857242827,0.0081421169504071,0.0087685855890202,0.0753840657377635,0.144927536231884,0.078125,0.04,0.1084745762711865,0.12012987012987,0.0912220309810671,0.0732785849652557,0.0407523510971787,0.0349999999999999,-0.0329036544850497,-0.0322040429498328,0.0025487956810632,0.0416091383699357,0.0646684963166257,0.1389521640091116,Materials,15.0,4.0,75,8.010027528481734,3013.0,2799.0,9.916206324943902,8.796338932845732,9.9066326016802,8.734077192559303
LIN,2014Q1,2014,Q1,1,0,0,0,3026.0,1300.0,1726.0,625.0,326.0,960.0,675.0,629.0,448.0,23.0,471.0,20538.0,6600.0,20255.0,6609.0,0.0076007931262392,0.1077329808327825,0.4296100462656972,0.2230667547918043,0.1480502313284864,26.0,24.0,24.0,24.0,25.0,24.0,25.0,24.0,23.0,22.0,23.0,22.0,0.0086378737541528,0.0079654829074012,0.0079628400796284,0.0083102493074792,0.0089317613433369,0.0086517664023071,0.0088936321593738,0.0084507042253521,0.0082260371959942,0.0075966850828729,0.0080475857242827,0.0081421169504071,0.0477839335180054,0.1457800511508951,0.04,-0.0416666666666666,0.1085450346420322,0.125,0.1232142857142857,0.0537240537240537,-0.0326409495548961,-0.0384615384615384,-0.0853712271425424,-0.076757125682267,-0.0074289491077329,0.0736946463978849,0.0935270283290763,0.1349397590361445,Materials,15.0,1.0,76,8.01532730902172,3010.0,2888.0,9.93008079680565,8.79497643168877,9.916206324943902,8.796338932845732
LIN,2014Q2,2014,Q2,0,1,0,0,3113.0,1346.0,1767.0,649.0,335.0,990.0,697.0,654.0,467.0,24.0,491.0,20925.0,6911.0,20538.0,6600.0,0.0077096048827497,0.1076132348217153,0.432380340507549,0.2238997751365242,0.150016061676839,23.0,26.0,24.0,24.0,24.0,25.0,24.0,25.0,24.0,23.0,22.0,23.0,0.0076007931262392,0.0086378737541528,0.0079654829074012,0.0079628400796284,0.0083102493074792,0.0089317613433369,0.0086517664023071,0.0088936321593738,0.0084507042253521,0.0082260371959942,0.0075966850828729,0.0080475857242827,0.032846715328467,0.049438202247191,0.0322085889570551,0.0,0.053191489361702,0.0481203007518797,0.0480769230769231,0.0333333333333334,-0.0261627906976744,0.0156494522691705,-0.0318021201413428,-0.0571328786260169,-0.000617832599883,0.0147878530247882,0.0160638424584111,0.046908315565032,Materials,15.0,2.0,77,8.043663352393944,3026.0,3014.0,9.948747683940992,8.841014310483892,9.93008079680565,8.79497643168877
LIN,2014Q3,2014,Q3,0,0,1,0,3144.0,1364.0,1780.0,653.0,327.0,1012.0,711.0,666.0,477.0,25.0,502.0,20384.0,6552.0,20925.0,6911.0,0.0079516539440203,0.1040076335877862,0.4338422391857506,0.2261450381679389,0.1517175572519083,24.0,23.0,26.0,24.0,24.0,24.0,25.0,24.0,25.0,24.0,23.0,22.0,0.0077096048827497,0.0076007931262392,0.0086378737541528,0.0079654829074012,0.0079628400796284,0.0083102493074792,0.0089317613433369,0.0086517664023071,0.0088936321593738,0.0084507042253521,0.0082260371959942,0.0075966850828729,0.0434782608695651,0.0719101123595504,0.0364741641337384,0.0416666666666667,0.064143007360673,0.0611940298507462,0.0588235294117647,0.0489098408956982,-0.0267857142857143,0.0108359133126934,-0.0017361111111111,-0.0673363095238094,-0.0067122593718338,0.0169776119402984,0.0272471910112359,0.070362473347548,Materials,15.0,3.0,78,8.05356916913454,3113.0,3013.0,9.922554615253354,8.787678239039497,9.948747683940992,8.841014310483892
LIN,2014Q4,2014,Q4,0,0,0,1,2990.0,1301.0,1689.0,776.0,320.0,816.0,525.0,446.0,302.0,24.0,326.0,19802.0,5623.0,20384.0,6552.0,0.0080267558528428,0.1070234113712374,0.4351170568561873,0.1755852842809364,0.1010033444816053,25.0,24.0,23.0,26.0,24.0,24.0,24.0,25.0,24.0,25.0,24.0,23.0,0.0079516539440203,0.0077096048827497,0.0076007931262392,0.0086378737541528,0.0079654829074012,0.0079628400796284,0.0083102493074792,0.0089317613433369,0.0086517664023071,0.0088936321593738,0.0084507042253521,0.0082260371959942,-0.0066445182724252,-0.3628691983122363,-0.0076277650648359,-0.0769230769230768,-0.1681957186544342,-0.2391304347826086,-0.2965299684542587,-0.0058858151854032,-0.036144578313253,0.249597423510467,-0.0707486493439671,-0.0296973848571544,-0.0009898236940322,-0.2340410062527265,-0.3586074538193415,-0.348,Materials,15.0,4.0,79,8.003363058629947,3144.0,3010.0,9.893588720356881,8.6347984334905,9.922554615253354,8.787678239039497
LIN,2015Q1,2015,Q1,1,0,0,0,2757.0,1227.0,1530.0,604.0,299.0,900.0,623.0,579.0,416.0,24.0,440.0,19123.0,5018.0,19802.0,5623.0,0.0087051142546245,0.1084512150888647,0.4450489662676822,0.2259702575262967,0.1508886470801596,24.0,25.0,24.0,23.0,26.0,24.0,24.0,24.0,25.0,24.0,25.0,24.0,0.0080267558528428,0.0079516539440203,0.0077096048827497,0.0076007931262392,0.0086378737541528,0.0079654829074012,0.0079628400796284,0.0083102493074792,0.0089317613433369,0.0086517664023071,0.0088936321593738,0.0084507042253521,-0.0888962326503635,-0.0714285714285714,-0.0561538461538461,0.0434782608695651,-0.0625,-0.077037037037037,-0.0794912559618441,-0.1135573580533024,-0.0828220858895705,-0.0335999999999999,0.1452902493258268,0.0066668001806888,0.0359370553276974,0.0130162952215908,0.0191719778226848,-0.0658174097664543,Materials,15.0,1.0,80,7.922261058353247,2990.0,3026.0,9.858699369745993,8.520985989654934,9.893588720356881,8.6347984334905
LIN,2015Q2,2015,Q2,0,1,0,0,2738.0,1222.0,1516.0,742.0,297.0,758.0,480.0,440.0,308.0,23.0,331.0,19067.0,4964.0,19123.0,5018.0,0.0084002921840759,0.1084733382030679,0.4463111760409057,0.1753104455807158,0.112490869247626,24.0,24.0,25.0,24.0,23.0,26.0,24.0,24.0,24.0,25.0,24.0,25.0,0.0087051142546245,0.0080267558528428,0.0079516539440203,0.0077096048827497,0.0076007931262392,0.0086378737541528,0.0079654829074012,0.0079628400796284,0.0083102493074792,0.0089317613433369,0.0086517664023071,0.0088936321593738,-0.1204625762929649,-0.3404710920770878,-0.0921248142644873,-0.0416666666666666,-0.2343434343434343,-0.3113342898134863,-0.327217125382263,-0.1420486700622524,-0.1134328358208954,0.1432973805855162,0.0895878987095204,0.0079925427646281,0.0322189383472062,-0.2170137487908631,-0.2501411649510497,-0.3258655804480651,Materials,15.0,2.0,81,7.915348169263078,2757.0,3113.0,9.855766816324715,8.510168576479273,9.858699369745993,8.520985989654934
LIN,2015Q3,2015,Q3,0,0,1,0,2686.0,1198.0,1488.0,604.0,281.0,870.0,594.0,559.0,401.0,23.0,424.0,18456.0,4264.0,19067.0,4964.0,0.0085629188384214,0.1046165301563663,0.4460163812360387,0.2211466865227103,0.1492926284437825,23.0,24.0,24.0,25.0,24.0,23.0,26.0,24.0,24.0,24.0,25.0,24.0,0.0084002921840759,0.0087051142546245,0.0080267558528428,0.0079516539440203,0.0077096048827497,0.0076007931262392,0.0086378737541528,0.0079654829074012,0.0079628400796284,0.0083102493074792,0.0089317613433369,0.0086517664023071,-0.1456743002544529,-0.1593291404612159,-0.1217008797653959,-0.0799999999999999,-0.1403162055335968,-0.1645569620253164,-0.1606606606606606,-0.1640449438202247,-0.1406727828746177,-0.0750382848392037,0.0768726731198807,0.0058543449896506,0.0280612189194322,-0.0221024157139221,-0.0159831785592191,-0.1553784860557768,Materials,15.0,3.0,82,7.8961806086154915,2738.0,3144.0,9.823198981307291,8.35819745992578,9.855766816324715,8.510168576479273
LIN,2015Q4,2015,Q4,0,0,0,1,2595.0,1169.0,1426.0,545.0,275.0,899.0,624.0,582.0,422.0,23.0,445.0,18319.0,4389.0,18456.0,4264.0,0.0088631984585741,0.1059730250481695,0.4504816955684008,0.2404624277456647,0.1626204238921001,23.0,23.0,24.0,24.0,25.0,24.0,23.0,26.0,24.0,24.0,24.0,25.0,0.0085629188384214,0.0084002921840759,0.0087051142546245,0.0080267558528428,0.0079516539440203,0.0077096048827497,0.0076007931262392,0.0086378737541528,0.0079654829074012,0.0079628400796284,0.0083102493074792,0.0089317613433369,-0.1321070234113712,0.3973509933774835,-0.1014604150653343,-0.0416666666666666,0.1017156862745098,0.1885714285714286,0.3049327354260089,-0.1557134399052694,-0.140625,-0.2976804123711341,0.1042068079640334,-0.0098145472061657,0.0353115063409057,0.3694907789705477,0.6100498921767536,0.3650306748466256,Materials,15.0,4.0,83,7.86172707782398,2686.0,2990.0,9.815748638228122,8.387084506069217,9.823198981307291,8.35819745992578
LIN,2016Q1,2016,Q1,1,0,0,0,2509.0,1128.0,1381.0,574.0,274.0,826.0,554.0,489.0,356.0,23.0,379.0,19025.0,4888.0,18319.0,4389.0,0.0091669988043045,0.1092068553208449,0.4495815065763252,0.2208051016341171,0.1418891988840175,23.0,23.0,23.0,24.0,24.0,25.0,24.0,23.0,26.0,24.0,24.0,24.0,0.0088631984585741,0.0085629188384214,0.0084002921840759,0.0087051142546245,0.0080267558528428,0.0079516539440203,0.0077096048827497,0.0076007931262392,0.0086378737541528,0.0079654829074012,0.0079628400796284,0.0083102493074792,-0.0899528472977874,-0.1442307692307692,-0.0806845965770171,-0.0416666666666666,-0.0822222222222222,-0.1107544141252006,-0.155440414507772,-0.0973856209150326,-0.0836120401337793,-0.0496688741721854,0.0530589876444798,0.0069675589283262,0.010184363187391,-0.0228576802483772,-0.059642977588374,-0.1386363636363636,Materials,15.0,1.0,84,7.828038032125829,2595.0,2757.0,9.853561743766402,8.494743062578646,9.815748638228122,8.387084506069217
LIN,2016Q2,2016,Q2,0,1,0,0,2665.0,1197.0,1468.0,609.0,308.0,869.0,588.0,544.0,399.0,24.0,423.0,19811.0,5140.0,19025.0,4888.0,0.0090056285178236,0.1155722326454033,0.449155722326454,0.2206378986866791,0.149718574108818,23.0,23.0,23.0,23.0,24.0,24.0,25.0,24.0,23.0,26.0,24.0,24.0,0.0091669988043045,0.0088631984585741,0.0085629188384214,0.0084002921840759,0.0087051142546245,0.0080267558528428,0.0079516539440203,0.0077096048827497,0.0076007931262392,0.0086378737541528,0.0079654829074012,0.0079628400796284,-0.0266617969320671,0.2954545454545454,-0.0204582651391161,0.0434782608695651,0.146437994722955,0.2250000000000001,0.2363636363636363,-0.0316622691292876,0.0370370370370369,-0.1792452830188678,0.0720613426870053,0.0654436800778264,0.0063734596807127,0.2585553470919326,0.3309397919154015,0.2779456193353473,Materials,15.0,2.0,85,7.888334500738654,2509.0,2738.0,9.89404309370813,8.545002892055505,9.853561743766402,8.494743062578646
LIN,2016Q3,2016,Q3,0,0,1,0,2716.0,899.0,1817.0,313.0,291.0,771.0,586.0,454.0,339.0,22.0,361.0,19886.0,5245.0,19811.0,5140.0,0.008100147275405,0.1071428571428571,0.33100147275405,0.2157584683357879,0.1248159057437408,24.0,23.0,23.0,23.0,23.0,24.0,24.0,25.0,24.0,23.0,26.0,24.0,0.0090056285178236,0.0091669988043045,0.0088631984585741,0.0085629188384214,0.0084002921840759,0.0087051142546245,0.0080267558528428,0.0079516539440203,0.0077096048827497,0.0076007931262392,0.0086378737541528,0.0079654829074012,0.011169024571854,-0.1546134663341646,-0.2495826377295492,-0.0434782608695651,-0.1137931034482758,-0.0134680134680135,-0.1878354203935599,0.2211021505376345,0.0355871886120997,-0.4817880794701986,-0.0540436703592238,0.0241484494153532,-0.2578714893010196,-0.0243649058082047,-0.1639513146441701,-0.1485849056603774,Materials,15.0,3.0,86,7.907283609426348,2665.0,2686.0,9.897821530909502,8.56522116042682,9.89404309370813,8.545002892055505
LIN,2016Q4,2016,Q4,0,0,0,1,2644.0,881.0,1763.0,295.0,272.0,846.0,586.0,561.0,406.0,23.0,429.0,19332.0,5021.0,19886.0,5245.0,0.0086989409984871,0.1028744326777609,0.3332072617246596,0.2216338880484115,0.1535552193645991,22.0,24.0,23.0,23.0,23.0,23.0,24.0,24.0,25.0,24.0,23.0,26.0,0.008100147275405,0.0090056285178236,0.0091669988043045,0.0088631984585741,0.0085629188384214,0.0084002921840759,0.0087051142546245,0.0080267558528428,0.0079516539440203,0.0077096048827497,0.0076007931262392,0.0086378737541528,0.0188824662813102,-0.0379146919431279,-0.2463644140290847,0.0,-0.0589543937708565,-0.0608974358974359,-0.0360824742268041,0.2363253856942495,-0.0109090909090908,-0.4587155963302752,-0.0185325264750378,-0.0292394443680372,-0.2603311854786214,-0.0783013790294425,-0.0557445633859368,-0.0359550561797752,Materials,15.0,4.0,87,7.8804263442924,2716.0,2595.0,9.869568759332502,8.52158353971753,9.897821530909502,8.56522116042682
LIN,2017Q1,2017,Q1,1,0,0,0,2728.0,896.0,1832.0,302.0,279.0,948.0,594.0,541.0,389.0,23.0,412.0,19665.0,5529.0,19332.0,5021.0,0.0084310850439882,0.1022727272727272,0.3284457478005865,0.2177419354838709,0.1425953079178885,23.0,22.0,24.0,23.0,23.0,23.0,23.0,24.0,24.0,25.0,24.0,23.0,0.0086989409984871,0.008100147275405,0.0090056285178236,0.0091669988043045,0.0088631984585741,0.0085629188384214,0.0084002921840759,0.0087051142546245,0.0080267558528428,0.0079516539440203,0.0077096048827497,0.0076007931262392,0.087285771223595,0.0926966292134832,-0.2056737588652482,0.0,0.1476997578692493,0.0722021660649818,0.1063394683026583,0.3265749456915279,0.0182481751824816,-0.4738675958188153,-0.0802785923753666,-0.0634953550099534,-0.2694411513903622,-0.0138727145685337,0.0049764819269169,0.0870712401055409,Materials,15.0,1.0,88,7.911690520708339,2644.0,2509.0,9.886646535340102,8.61794309451638,9.869568759332502,8.52158353971753
LIN,2017Q2,2017,Q2,0,1,0,0,2834.0,943.0,1891.0,328.0,305.0,928.0,615.0,577.0,406.0,23.0,429.0,19965.0,5807.0,19665.0,5529.0,0.0081157374735356,0.107621736062103,0.3327452364149612,0.2170077628793225,0.1432604093154552,23.0,23.0,22.0,24.0,23.0,23.0,23.0,23.0,24.0,24.0,25.0,24.0,0.0084310850439882,0.0086989409984871,0.008100147275405,0.0090056285178236,0.0091669988043045,0.0088631984585741,0.0085629188384214,0.0084002921840759,0.0087051142546245,0.0080267558528428,0.0079516539440203,0.0077096048827497,0.0634146341463415,0.0175438596491228,-0.2121971595655806,-0.0416666666666666,0.0678941311852703,0.0459183673469387,0.0606617647058822,0.2881471389645775,-0.0097402597402597,-0.4614121510673235,-0.09881498470948,-0.068792446086024,-0.2591762280318533,-0.0164529114398053,-0.0431353613391275,0.0141843971631205,Materials,15.0,2.0,89,7.949797216161852,2728.0,2665.0,9.90178610589637,8.666991556504632,9.886646535340102,8.61794309451638
LIN,2017Q3,2017,Q3,0,0,1,0,2922.0,972.0,1950.0,323.0,300.0,943.0,649.0,597.0,419.0,23.0,442.0,20375.0,6256.0,19965.0,5807.0,0.0078713210130047,0.1026694045174538,0.3326488706365503,0.2221081451060917,0.1433949349760438,23.0,23.0,23.0,22.0,24.0,23.0,23.0,23.0,23.0,24.0,24.0,25.0,0.0081157374735356,0.0084310850439882,0.0086989409984871,0.008100147275405,0.0090056285178236,0.0091669988043045,0.0088631984585741,0.0085629188384214,0.0084002921840759,0.0087051142546245,0.0080267558528428,0.0079516539440203,0.0758468335787923,0.2359882005899705,0.0812013348164626,0.0454545454545454,0.2230869001297017,0.1075085324232081,0.3149779735682818,0.0731975784259768,0.0309278350515462,0.0319488817891373,-0.0282496422126814,-0.0417522245037645,0.0049770107328928,0.0294295599115104,0.1488514554422859,0.2243767313019391,Materials,15.0,3.0,90,7.980365765111246,2834.0,2716.0,9.922113016659292,8.741456115998364,9.90178610589637,8.666991556504632
LIN,2017Q4,2017,Q4,0,0,0,1,2953.0,985.0,1968.0,336.0,312.0,936.0,649.0,607.0,33.0,24.0,57.0,20436.0,6018.0,20375.0,6256.0,0.0081273281408736,0.1056552658313579,0.3335590924483576,0.219776498476126,0.0111750761937013,23.0,23.0,23.0,23.0,22.0,24.0,23.0,23.0,23.0,23.0,24.0,24.0,0.0078713210130047,0.0081157374735356,0.0084310850439882,0.0086989409984871,0.008100147275405,0.0090056285178236,0.0091669988043045,0.0088631984585741,0.0085629188384214,0.0084002921840759,0.0087051142546245,0.0080267558528428,0.1168683812405446,-0.91871921182266,0.1180476730987514,0.0434782608695651,0.1063829787234043,0.1075085324232081,0.0819964349376114,0.1162790697674418,0.1470588235294117,0.1389830508474576,-0.0657106258926074,0.0270313340371703,0.0010558915249234,-0.0083804403227353,-0.927224380649886,-0.8671328671328671,Materials,15.0,4.0,91,7.9909154630913255,2922.0,2644.0,9.925102262508537,8.70267641154777,9.922113016659292,8.741456115998364
LIN,2018Q1,2018,Q1,1,0,0,0,2983.0,1011.0,1972.0,334.0,310.0,1023.0,677.0,620.0,462.0,24.0,486.0,20592.0,6368.0,20436.0,6018.0,0.0080455916862219,0.1039222259470332,0.3389205497820985,0.2269527321488434,0.154877639959772,24.0,23.0,23.0,23.0,23.0,22.0,24.0,23.0,23.0,23.0,23.0,24.0,0.0081273281408736,0.0078713210130047,0.0081157374735356,0.0084310850439882,0.0086989409984871,0.008100147275405,0.0090056285178236,0.0091669988043045,0.0088631984585741,0.0085629188384214,0.0084002921840759,0.0087051142546245,0.093475073313783,0.1876606683804627,0.1283482142857142,0.0434782608695651,0.0791139240506328,0.1397306397306397,0.1460258780036969,0.0764192139737991,0.1111111111111111,0.1059602649006623,-0.045722864347243,0.0161284314821021,0.0318920310329966,0.0423014365354292,0.0861341948849823,0.1796116504854368,Materials,15.0,1.0,92,8.001019961323651,2953.0,2728.0,9.932706491205348,8.759197750371365,9.925102262508537,8.70267641154777
LIN,2018Q2,2018,Q2,0,1,0,0,3044.0,1027.0,2017.0,331.0,307.0,955.0,696.0,657.0,480.0,24.0,504.0,19836.0,6027.0,20592.0,6368.0,0.0078843626806833,0.1008541392904073,0.3373850197109067,0.228646517739816,0.1576872536136662,24.0,24.0,23.0,23.0,23.0,23.0,22.0,24.0,23.0,23.0,23.0,23.0,0.0080455916862219,0.0081273281408736,0.0078713210130047,0.0081157374735356,0.0084310850439882,0.0086989409984871,0.008100147275405,0.0090056285178236,0.0091669988043045,0.0088631984585741,0.0085629188384214,0.0084002921840759,0.0741002117148905,0.1822660098522168,0.0890774125132556,0.0434782608695651,0.0290948275862068,0.1317073170731706,0.1386481802426342,0.0666314119513484,0.0065573770491802,0.0091463414634145,-0.0285093983888478,-0.0628831778720837,0.0139439510718022,0.0536328963815262,0.1007036372934238,0.1748251748251748,Materials,15.0,2.0,93,8.021256180143997,2983.0,2834.0,9.89530415972811,8.704170559746386,9.932706491205348,8.759197750371365
LIN,2018Q3,2018,Q3,0,0,1,0,3024.0,1004.0,2020.0,317.0,294.0,986.0,687.0,636.0,461.0,23.0,484.0,19979.0,6232.0,19836.0,6027.0,0.0076058201058201,0.0972222222222222,0.332010582010582,0.2271825396825396,0.1524470899470899,24.0,24.0,24.0,23.0,23.0,23.0,23.0,22.0,24.0,23.0,23.0,23.0,0.0078843626806833,0.0080455916862219,0.0081273281408736,0.0078713210130047,0.0081157374735356,0.0084310850439882,0.0086989409984871,0.008100147275405,0.0090056285178236,0.0091669988043045,0.0088631984585741,0.0085629188384214,0.0349075975359343,0.1002386634844869,0.0329218106995885,0.0,0.0455991516436904,0.0585516178736518,0.0653266331658291,0.0358974358974359,-0.02,-0.0185758513931888,-0.0337301587301587,-0.0530555555555555,-0.0019188059311514,0.0228465037787071,0.0631274387240974,0.0950226244343892,Materials,15.0,3.0,94,8.014666370464942,3044.0,2922.0,9.902487052202545,8.73761303680885,9.89530415972811,8.704170559746386
LIN,2018Q4,2018,Q4,0,0,0,1,5816.0,944.0,4872.0,760.0,718.0,4080.0,184.0,3192.0,2978.0,42.0,3020.0,93386.0,51596.0,19979.0,6232.0,0.0072214580467675,0.1234525447042641,0.1623108665749656,0.0316368638239339,0.5120357634112792,23.0,24.0,24.0,24.0,23.0,23.0,23.0,23.0,22.0,24.0,23.0,23.0,0.0076058201058201,0.0078843626806833,0.0080455916862219,0.0081273281408736,0.0078713210130047,0.0081157374735356,0.0084310850439882,0.0086989409984871,0.008100147275405,0.0090056285178236,0.0091669988043045,0.0088631984585741,0.9695225194717236,89.24242424242425,-0.0416243654822334,0.75,3.3589743589743586,-0.7164869029275809,4.258649093904448,1.475609756097561,1.301282051282051,1.261904761904762,-0.1114597661623107,0.1684466811272176,-0.5133969654864229,-0.8560498322464144,44.81944270768204,51.98245614035088,Materials,15.0,4.0,95,8.668539943910762,3024.0,2953.0,11.44450742823412,10.851218810244601,9.902487052202545,8.73761303680885
LIN,2019Q1,2019,Q1,1,0,0,0,6944.0,1605.0,5339.0,925.0,879.0,2038.0,680.0,605.0,517.0,46.0,563.0,91641.0,51175.0,93386.0,51596.0,0.0066244239631336,0.1265841013824885,0.2311347926267281,0.097926267281106,0.0744527649769585,42.0,23.0,24.0,24.0,24.0,23.0,23.0,23.0,23.0,22.0,24.0,23.0,0.0072214580467675,0.0076058201058201,0.0078843626806833,0.0080455916862219,0.0081273281408736,0.0078713210130047,0.0081157374735356,0.0084310850439882,0.0086989409984871,0.008100147275405,0.0090056285178236,0.0091669988043045,1.3278578612135434,0.119047619047619,0.5875370919881306,0.9166666666666669,0.9921798631476052,0.0044313146233383,-0.0241935483870967,1.7074036511156183,1.835483870967742,1.7694610778443112,-0.1766393049155146,0.2180657239482681,-0.3180266207660436,-0.5685169050228372,-0.5192800910686857,0.1584362139917694,Materials,15.0,1.0,96,8.845777255188445,5816.0,2983.0,11.425644960860053,10.843025951129974,11.44450742823412,10.851218810244601
LIN,2019Q2,2019,Q2,0,1,0,0,7204.0,1729.0,5475.0,929.0,884.0,1878.0,800.0,711.0,522.0,45.0,567.0,87189.0,50564.0,91641.0,51175.0,0.006246529705719,0.1227096057745696,0.2400055524708495,0.1110494169905608,0.0724597445863409,46.0,42.0,23.0,24.0,24.0,24.0,23.0,23.0,23.0,23.0,22.0,24.0,0.0066244239631336,0.0072214580467675,0.0076058201058201,0.0078843626806833,0.0080455916862219,0.0081273281408736,0.0078713210130047,0.0081157374735356,0.0084310850439882,0.0086989409984871,0.008100147275405,0.0090056285178236,1.3666228646517742,0.0874999999999999,0.6835443037974684,0.875,0.9664921465968586,0.1494252873563217,0.0821917808219179,1.7144273673772932,1.8794788273615637,1.806646525679758,-0.2077318156579677,0.2167037132827038,-0.2886300859578714,-0.5143183544263404,-0.5404844530816213,0.125,Materials,15.0,2.0,97,8.882530508433623,6944.0,3044.0,11.37584492442186,10.83101491633627,11.425644960860053,10.843025951129974
LIN,2019Q3,2019,Q3,0,0,1,0,7000.0,1844.0,5156.0,894.0,850.0,2328.0,950.0,1029.0,735.0,44.0,779.0,84394.0,48953.0,87189.0,50564.0,0.0062857142857142,0.1214285714285714,0.2634285714285714,0.1357142857142857,0.105,45.0,46.0,42.0,23.0,24.0,24.0,24.0,23.0,23.0,23.0,23.0,22.0,0.006246529705719,0.0066244239631336,0.0072214580467675,0.0076058201058201,0.0078843626806833,0.0080455916862219,0.0081273281408736,0.0078713210130047,0.0081157374735356,0.0084310850439882,0.0086989409984871,0.008100147275405,1.3148148148148149,0.594360086767896,0.8366533864541832,0.9130434782608696,1.3610547667342798,0.3828238719068413,0.6179245283018868,1.5524752475247523,1.891156462585034,1.820189274447949,-0.1735652173913042,0.2489795918367345,-0.2065657370517929,-0.4026200873362445,-0.311236442516269,0.609504132231405,Materials,15.0,3.0,98,8.853808274977197,7204.0,3024.0,11.343263437123028,10.798636360656856,11.37584492442186,10.83101491633627
LIN,2019Q4,2019,Q4,0,0,0,1,7080.0,1731.0,5349.0,893.0,844.0,1835.0,838.0,696.0,511.0,49.0,560.0,86612.0,49074.0,84394.0,48953.0,0.0069209039548022,0.1192090395480226,0.2444915254237288,0.1183615819209039,0.0721751412429378,44.0,45.0,46.0,42.0,23.0,24.0,24.0,24.0,23.0,23.0,23.0,23.0,0.0062857142857142,0.006246529705719,0.0066244239631336,0.0072214580467675,0.0076058201058201,0.0078843626806833,0.0080455916862219,0.0081273281408736,0.0078713210130047,0.0081157374735356,0.0084310850439882,0.0086989409984871,0.2173314993122421,-0.828408327736736,0.833686440677966,0.1666666666666667,-0.5502450980392157,3.554347826086956,-0.7819548872180451,0.0979064039408867,0.1754874651810585,0.175,-0.0416195856873823,-0.0343735738004186,0.5063164320597531,2.741255219847703,-0.859042773180347,-0.814569536423841,Materials,15.0,4.0,99,8.865170419651774,7000.0,5816.0,11.369205198757767,10.801105019144662,11.343263437123028,10.798636360656856
LIN,2020Q1,2020,Q1,1,0,0,0,6739.0,1754.0,4985.0,905.0,861.0,1937.0,849.0,771.0,573.0,44.0,617.0,84369.0,44776.0,86612.0,49074.0,0.0065291586288766,0.1277637631696097,0.2602760053420389,0.1259830835435524,0.085027452144235,49.0,44.0,45.0,46.0,42.0,23.0,24.0,24.0,24.0,23.0,23.0,23.0,0.0069209039548022,0.0062857142857142,0.006246529705719,0.0066244239631336,0.0072214580467675,0.0076058201058201,0.0078843626806833,0.0080455916862219,0.0081273281408736,0.0078713210130047,0.0081157374735356,0.0084310850439882,-0.0295218894009217,0.1083172147001934,0.0928348909657321,-0.0434782608695651,-0.049558390578999,0.2485294117647059,0.2743801652892561,-0.0663045514141225,-0.0204778156996586,-0.0216216216216216,-0.0143809235017452,0.0093191939132764,0.12607886672593,0.2865096060682766,0.1420321618753737,0.0959147424511546,Materials,15.0,1.0,100,8.815815203906352,7080.0,6944.0,11.342967167159673,10.709449893714698,11.369205198757767,10.801105019144662
LIN,2020Q2,2020,Q2,0,1,0,0,6377.0,1634.0,4743.0,794.0,760.0,1819.0,840.0,647.0,458.0,34.0,492.0,85856.0,45537.0,84369.0,44776.0,0.0053316606554806,0.1191782970048612,0.2562333385604516,0.1317233809001097,0.0718206053002979,44.0,49.0,44.0,45.0,46.0,42.0,23.0,24.0,24.0,24.0,23.0,23.0,0.0065291586288766,0.0069209039548022,0.0062857142857142,0.006246529705719,0.0066244239631336,0.0072214580467675,0.0076058201058201,0.0078843626806833,0.0080455916862219,0.0081273281408736,0.0078713210130047,0.0081157374735356,-0.1147973348139922,-0.1226053639846743,-0.0549450549450549,-0.2444444444444444,-0.031416400425985,0.05,-0.0900140646976089,-0.1336986301369863,-0.1402714932126696,-0.1453175457481162,-0.1464603697315003,-0.0287777696572169,0.0676142110986079,0.1861690450054884,-0.008820611909298,-0.1322751322751323,Materials,15.0,2.0,101,8.760609847570002,6739.0,7204.0,11.360438400567137,10.72630242121811,11.342967167159673,10.709449893714698
LIN,2020Q3,2020,Q3,0,0,1,0,6855.0,1852.0,5003.0,806.0,770.0,2140.0,1046.0,995.0,700.0,36.0,736.0,87209.0,46175.0,85856.0,45537.0,0.0052516411378555,0.112326768781911,0.2701677607585704,0.1525893508388038,0.1021152443471918,34.0,44.0,49.0,44.0,45.0,46.0,42.0,23.0,24.0,24.0,24.0,23.0,0.0053316606554806,0.0065291586288766,0.0069209039548022,0.0062857142857142,0.006246529705719,0.0066244239631336,0.0072214580467675,0.0076058201058201,0.0078843626806833,0.0080455916862219,0.0081273281408736,0.0078713210130047,-0.0207142857142856,-0.0476190476190476,0.0043383947939261,-0.1818181818181817,-0.0807560137457045,0.1010526315789472,-0.0330417881438289,-0.0296741660201707,-0.0941176470588235,-0.0984340044742729,-0.1645116371593395,-0.0749560217960269,0.025582605916482,0.1243425851280279,-0.0274738633600778,-0.0551989730423619,Materials,15.0,3.0,102,8.832879460277615,6377.0,7000.0,11.376074282221031,10.740215461573598,11.360438400567137,10.72630242121811
LIN,2020Q4,2020,Q4,0,0,0,1,7272.0,1994.0,5278.0,840.0,802.0,2373.0,1154.0,1056.0,770.0,38.0,808.0,88229.0,47317.0,87209.0,46175.0,0.0052255225522552,0.1102860286028602,0.2742024202420242,0.1586908690869087,0.1058855885588558,36.0,34.0,44.0,49.0,44.0,45.0,46.0,42.0,23.0,24.0,24.0,24.0,0.0052516411378555,0.0053316606554806,0.0065291586288766,0.0069209039548022,0.0062857142857142,0.006246529705719,0.0066244239631336,0.0072214580467675,0.0076058201058201,0.0078843626806833,0.0080455916862219,0.0081273281408736,0.0271186440677966,0.5068493150684932,0.1519352975158867,-0.2244897959183673,0.2931880108991826,0.3770883054892602,0.5172413793103448,-0.0132735090671153,-0.0497630331753554,-0.0593505039193729,-0.2449653128578163,-0.0748517979760061,0.1215211642481404,0.3407295383476294,0.4670645146706451,0.4428571428571428,Materials,15.0,4.0,103,8.89192414015454,6855.0,7080.0,11.38770232021615,10.764646051772234,11.376074282221031,10.740215461573598
LIN,2021Q1,2021,Q1,1,0,0,0,7243.0,2023.0,5220.0,822.0,787.0,2447.0,1201.0,1285.0,980.0,35.0,1015.0,84993.0,46210.0,88229.0,47317.0,0.0048322518293524,0.10865663399144,0.2793041557365732,0.1658152699157807,0.1353030512218694,38.0,36.0,34.0,44.0,49.0,44.0,45.0,46.0,42.0,23.0,24.0,24.0,0.0052255225522552,0.0052516411378555,0.0053316606554806,0.0065291586288766,0.0069209039548022,0.0062857142857142,0.006246529705719,0.0066244239631336,0.0072214580467675,0.0076058201058201,0.0078843626806833,0.0080455916862219,0.0747885442944056,0.7102966841186737,0.1533637400228049,-0.2045454545454545,0.263293753226639,0.4146054181389871,0.6666666666666667,0.0471414242728185,-0.0859465737514517,-0.0917127071823205,-0.2598967027725829,-0.1495504570635143,0.0731075858088752,0.3161709116165447,0.5912866704784954,0.6450567260940032,Materials,15.0,1.0,104,8.887928819003305,7272.0,6739.0,11.350335944745693,10.740973143967752,11.38770232021615,10.764646051772234
LIN,2021Q2,2021,Q2,0,1,0,0,7584.0,2219.0,5365.0,856.0,822.0,2372.0,1363.0,1210.0,841.0,34.0,875.0,84345.0,45777.0,84993.0,46210.0,0.0044831223628691,0.108386075949367,0.2925896624472573,0.1797204641350211,0.1108913502109704,35.0,38.0,36.0,34.0,44.0,49.0,44.0,45.0,46.0,42.0,23.0,24.0,0.0048322518293524,0.0052255225522552,0.0052516411378555,0.0053316606554806,0.0065291586288766,0.0069209039548022,0.0062857142857142,0.006246529705719,0.0066244239631336,0.0072214580467675,0.0076058201058201,0.0078843626806833,0.1892739532695624,0.8362445414847162,0.3580171358629131,0.0,0.3040131940626718,0.6226190476190476,0.8701700154559506,0.1311406282943283,0.0815789473684209,0.0780856423173803,-0.1591508438818565,-0.0905552548301132,0.1418875626843085,0.364377856891702,0.5440046731339707,0.7784552845528456,Materials,15.0,2.0,105,8.933927891782632,7243.0,6377.0,11.342682665391472,10.731558905352594,11.350335944745693,10.740973143967752
LIN,2021Q3,2021,Q3,0,0,1,0,7668.0,2137.0,5531.0,829.0,793.0,2492.0,1308.0,1330.0,979.0,36.0,1015.0,84191.0,44323.0,84345.0,45777.0,0.0046948356807511,0.1034167970787689,0.2786906624934794,0.1705790297339593,0.1276734480959833,34.0,35.0,38.0,36.0,34.0,44.0,49.0,44.0,45.0,46.0,42.0,23.0,0.0044831223628691,0.0048322518293524,0.0052255225522552,0.0052516411378555,0.0053316606554806,0.0065291586288766,0.0069209039548022,0.0062857142857142,0.006246529705719,0.0066244239631336,0.0072214580467675,0.0076058201058201,0.1185995623632385,0.3985714285714286,0.1538876889848812,0.0,0.1644859813084112,0.2504780114722753,0.3366834170854271,0.1055366779932041,0.0298701298701298,0.0285359801488833,-0.1060250391236307,-0.0793218909416092,0.0315467016159833,0.1178960313826873,0.2502878381399509,0.3790760869565217,Materials,15.0,3.0,106,8.94494150776486,7584.0,6855.0,11.34085518384002,10.699281570056216,11.342682665391472,10.731558905352594
LIN,2021Q4,2021,Q4,0,0,0,1,8298.0,2236.0,6062.0,825.0,787.0,2547.0,1411.0,1393.0,1026.0,38.0,1064.0,81605.0,44035.0,84191.0,44323.0,0.0045794167269221,0.0948421306338876,0.2694625210894191,0.1700409737286093,0.123644251626898,36.0,34.0,35.0,38.0,36.0,34.0,44.0,49.0,44.0,45.0,46.0,42.0,0.0046948356807511,0.0044831223628691,0.0048322518293524,0.0052255225522552,0.0052516411378555,0.0053316606554806,0.0065291586288766,0.0069209039548022,0.0062857142857142,0.006246529705719,0.0066244239631336,0.0072214580467675,0.141089108910891,0.3324675324675326,0.1213640922768304,0.0,0.0733249051833122,0.2227036395147312,0.3191287878787878,0.1485411140583554,-0.0187032418952618,-0.0178571428571429,-0.1236442516268979,-0.1400349451750233,-0.0172861317140139,0.0715233630454479,0.167715581598445,0.3168316831683169,Materials,15.0,4.0,107,9.023890304598448,7668.0,7272.0,11.30965806766081,10.692762760190293,11.34085518384002,10.699281570056216
LIN,2022Q1,2022,Q1,1,0,0,0,8211.0,2719.0,5492.0,814.0,802.0,2656.0,1905.0,1579.0,1174.0,35.0,1209.0,82767.0,42963.0,81605.0,44035.0,0.004263338366953821,0.0976738521495554,0.3311411521130191,0.2320058458165875,0.1429789307027158,38.0,36.0,34.0,35.0,38.0,36.0,34.0,44.0,49.0,44.0,45.0,46.0,0.0045794167269221,0.0046948356807511,0.0044831223628691,0.0048322518293524,0.0052255225522552,0.0052516411378555,0.0053316606554806,0.0065291586288766,0.0069209039548022,0.0062857142857142,0.006246529705719,0.0066244239631336,0.1336462791660915,0.1979591836734693,0.3440434997528423,0.0,0.0854107069881486,0.5861781848459617,0.2287937743190662,0.0521072796934865,0.0190597204574332,-0.0097323600973235,-0.1178906345146754,-0.1010778765956413,0.1855933587516547,0.3991826321811351,0.0567310153875213,0.1911330049261084,Materials,15.0,1.0,108,9.013351778138825,8298.0,7243.0,11.323796792243296,10.668117834717938,11.30965806766081,10.692762760190293
LIN,2022Q2,2022,Q2,0,1,0,0,8457.0,2827.0,5630.0,839.0,771.0,1751.0,1988.0,696.0,372.0,37.0,409.0,77885.0,39674.0,82767.0,42963.0,0.0043750739032753,0.0911670805250088,0.3342792952583658,0.2350715383705806,0.043987229514012,35.0,38.0,36.0,34.0,35.0,38.0,36.0,34.0,44.0,49.0,44.0,45.0,0.004263338366953821,0.0045794167269221,0.0046948356807511,0.0044831223628691,0.0048322518293524,0.0052255225522552,0.0052516411378555,0.0053316606554806,0.0065291586288766,0.0069209039548022,0.0062857142857142,0.006246529705719,0.1151107594936708,-0.5576694411414982,0.2739972960793151,0.0882352941176469,-0.2618043844856661,0.4585473220836391,-0.4247933884297521,0.049394221808015,-0.0620437956204379,-0.0198598130841121,-0.0241011622811593,-0.1588672278568524,0.1424849820817695,0.3079842604567007,-0.6033303821233442,-0.5325714285714286,Materials,15.0,2.0,109,9.042868018032435,8211.0,7584.0,11.26300149812105,10.58847654539461,11.323796792243296,10.668117834717938
LIN,2022Q3,2022,Q3,0,0,1,0,8797.0,2844.0,5953.0,834.0,770.0,2711.0,2010.0,1691.0,1273.0,35.0,1308.0,74323.0,37628.0,77885.0,39674.0,0.004263338366953821,0.0875298397180857,0.3232920313743321,0.2284869841991588,0.1447084233261339,37.0,35.0,38.0,36.0,34.0,35.0,38.0,36.0,34.0,44.0,49.0,44.0,0.0043750739032753,0.004263338366953821,0.0045794167269221,0.0046948356807511,0.0044831223628691,0.0048322518293524,0.0052255225522552,0.0052516411378555,0.0053316606554806,0.0065291586288766,0.0069209039548022,0.0062857142857142,0.1472352634324465,0.3003064351378959,0.330837622835751,-0.0277777777777777,0.0878812199036918,0.536697247706422,0.2714285714285713,0.0762972337732779,-0.0290037831021438,0.0060313630880579,-0.1525520063658065,-0.15362066713962,0.1600389782772011,0.339478742231766,0.1334261389834472,0.2886699507389163,Materials,15.0,3.0,110,9.082279701908664,8457.0,7668.0,11.216189193352646,10.535530308692785,11.26300149812105,10.58847654539461
LIN,2022Q4,2022,Q4,0,0,0,1,7899.0,2516.0,5383.0,800.0,764.0,2679.0,1716.0,1749.0,1328.0,36.0,1364.0,79658.0,40028.0,74323.0,37628.0,0.0045575389289783,0.0967211039372072,0.3185213318141537,0.2172426889479681,0.1681225471578681,35.0,37.0,35.0,38.0,36.0,34.0,35.0,38.0,36.0,34.0,44.0,49.0,0.004263338366953821,0.0043750739032753,0.004263338366953821,0.0045794167269221,0.0046948356807511,0.0044831223628691,0.0048322518293524,0.0052255225522552,0.0052516411378555,0.0053316606554806,0.0065291586288766,0.0069209039548022,-0.0480838756326825,0.2943469785575048,0.1252236135957065,-0.0526315789473684,0.0518256772673733,0.2161587526576895,0.2555635319454414,-0.1120092378752887,-0.0292249047013977,-0.0303030303030302,-0.0047774201930957,0.0198115889084442,0.1820617224480534,0.2775902430122179,0.3597279691188981,0.281954887218045,Materials,15.0,4.0,111,8.974618038455112,8797.0,8298.0,11.285510303305097,10.597359470410531,11.216189193352646,10.535530308692785
LIN,2023Q1,2023,Q1,1,0,0,0,8193.0,2814.0,5379.0,858.0,822.0,2925.0,1956.0,1982.0,1516.0,36.0,1552.0,80308.0,39970.0,79658.0,40028.0,0.0043939948736726,0.1003295496155254,0.3434639326254119,0.2387403881362138,0.1850360063468814,36.0,35.0,37.0,35.0,38.0,36.0,34.0,35.0,38.0,36.0,34.0,44.0,0.0045575389289783,0.004263338366953821,0.0043750739032753,0.004263338366953821,0.0045794167269221,0.0046948356807511,0.0044831223628691,0.0048322518293524,0.0052255225522552,0.0052516411378555,0.0053316606554806,0.0065291586288766,-0.0021921812203141,0.291311754684838,0.0349393159249724,0.0285714285714284,0.1012801204819278,0.0267716535433071,0.2552248258391387,-0.0205753823743627,0.0249376558603491,0.0540540540540539,0.030831197363603,0.0271894412631914,0.0372130749493406,0.0290274682343578,0.2941487633000372,0.2837055417700578,Materials,15.0,1.0,112,9.011157458106817,7899.0,8211.0,11.293636973355513,10.595909470156478,11.285510303305097,10.597359470410531
LIN,2023Q2,2023,Q2,0,1,0,0,8204.0,2928.0,5276.0,868.0,833.0,2972.0,2060.0,2050.0,1575.0,35.0,1610.0,78718.0,39911.0,80308.0,39970.0,0.0042662116040955,0.1015358361774744,0.3568990736226231,0.2510970258410531,0.1919795221843003,36.0,36.0,35.0,37.0,35.0,38.0,36.0,34.0,35.0,38.0,36.0,34.0,0.0043939948736726,0.0045575389289783,0.004263338366953821,0.0043750739032753,0.00426330199686342,0.0045794167269221,0.0046948356807511,0.0044831223628691,0.0048322518293524,0.0052255225522552,0.0052516411378555,0.0053316606554806,-0.0299160458791534,3.233870967741935,0.0357269189954014,-0.054054054054054,0.6973158195316962,0.0362173038229376,1.9454022988505744,-0.0628774422735346,0.08041504539559,0.0345649582836711,-0.0248823909233464,0.1137335493552542,0.0676673030161032,0.0681728106326893,3.3644376857866343,2.936430317848411,Materials,15.0,2.0,113,9.01249900352419,8193.0,8457.0,11.273639828393415,10.594432309540874,11.293636973355513,10.595909470156478
LIN,2023Q3,2023,Q3,0,0,1,0,8155.0,2882.0,5273.0,844.0,808.0,3079.0,2038.0,2088.0,1565.0,36.0,1601.0,77827.0,38898.0,78718.0,39911.0,0.0044144696505211,0.0990803188228081,0.35340282035561,0.2499080318822808,0.1919068056407112,35.0,36.0,36.0,35.0,37.0,35.0,38.0,36.0,34.0,35.0,38.0,36.0,0.0042662116040955,0.0043939948736726,0.0045575389289783,0.004263338366953821,0.0043750739032753,0.0042632656267730185,0.0045794167269221,0.0046948356807511,0.0044831223628691,0.0048322518293524,0.0052255225522552,0.0052516411378555,-0.0729794248039104,0.2293794186959936,0.0133614627285514,0.0285714285714284,0.1357432681667281,0.0139303482587065,0.2347723240685983,-0.1142281202754913,0.0493506493506492,0.0119904076738608,0.1095454147324166,0.1319604736158997,0.0931380487581932,0.093751719636032,0.3261619553977508,0.2240061162079509,Materials,15.0,3.0,114,9.006509131694346,8204.0,8797.0,11.262256542591267,10.568723822335235,11.273639828393415,10.594432309540874
LIN,2023Q4,2023,Q4,0,0,0,1,8302.0,2922.0,5380.0,871.0,832.0,3161.0,2051.0,2035.0,1543.0,39.0,1582.0,80811.0,39720.0,77827.0,38898.0,0.0046976632136834,0.1002168152252469,0.3519633823175138,0.2470489038785834,0.1858588291977836,36.0,35.0,36.0,36.0,35.0,37.0,35.0,38.0,36.0,34.0,35.0,38.0,0.0044144696505211,0.0042662116040955,0.0043939948736726,0.0045575389289783,0.00426330199686342,0.0043750739032753,0.004263229256682618,0.0045794167269221,0.0046948356807511,0.0044831223628691,0.0048322518293524,0.0052255225522552,0.0510191163438409,0.1618975903614457,0.1613672496025437,0.0833333333333332,0.1799178798058978,0.1952214452214451,0.1635220125786163,-0.0005573100501579,0.0890052356020942,0.0887500000000001,0.0307456034690436,0.0361421773091956,0.1049915568068529,0.1372023844620808,0.1054961534889253,0.1598240469208212,Materials,15.0,4.0,115,9.02437217426203,8155.0,7899.0,11.299880748333432,10.589635294075828,11.262256542591267,10.568723822335235
LIN,2024Q1,2024,Q1,1,0,0,0,8100.0,2935.0,5165.0,898.0,860.0,3086.0,2037.0,2128.0,1627.0,38.0,1665.0,80347.0,38829.0,80811.0,39720.0,0.0046913580246913,0.1061728395061728,0.3623456790123456,0.2514814814814815,0.2008641975308642,39.0,36.0,35.0,36.0,36.0,35.0,37.0,35.0,38.0,36.0,34.0,35.0,0.0046976632136834,0.0044144696505211,0.0042662116040955,0.0043939948736726,0.0045575389289783,0.0042632656267730185,0.0043750739032753,0.004263192886592217,0.0045794167269221,0.0046948356807511,0.0044831223628691,0.0048322518293524,-0.0113511534236543,0.0732189973614776,0.042999289267946,0.0555555555555555,0.0550427350427349,0.0414110429447853,0.0736629667003028,-0.0397843465328128,0.0462287104622871,0.0466200466200465,0.0676748971193414,0.0582409660268541,0.0549744662928741,0.053367984548966,0.0855411414052575,0.0728092783505154,Materials,15.0,1.0,116,8.999742789830492,8302.0,8193.0,11.294122479754439,10.566948422725712,11.299880748333432,10.589635294075828
LIN,2024Q2,2024,Q2,0,1,0,0,8267.0,3058.0,5209.0,876.0,840.0,3193.0,2182.0,2208.0,1663.0,36.0,1699.0,80215.0,38179.0,80347.0,38829.0,0.0043546631184226,0.1016088060965283,0.3699044393371235,0.2639409701221725,0.201161243498246,38.0,39.0,36.0,35.0,36.0,36.0,35.0,37.0,35.0,38.0,36.0,34.0,0.0046913580246913,0.0046976632136834,0.0044144696505211,0.0042662116040955,0.0043939948736726,0.0045575389289783,0.004263229256682618,0.0043750739032753,0.004263156516501816,0.0045794167269221,0.0046948356807511,0.0044831223628691,0.0076791808873719,0.0558730158730158,0.0443989071038251,0.0285714285714284,0.0743606998654105,0.0592233009708738,0.0770731707317073,-0.0126990144048522,0.0084033613445377,0.0092165898617511,0.0207330349582677,0.0007186617237919,0.0364398976508746,0.0511513198457782,0.0478265661330861,0.0552795031055901,Materials,15.0,2.0,117,9.020147920801659,8100.0,8204.0,11.292478275203761,10.550067097279738,11.294122479754439,10.566948422725712
LIN,2024Q3,2024,Q3,0,0,1,0,8356.0,3040.0,5316.0,860.0,823.0,3023.0,2180.0,2101.0,1550.0,37.0,1587.0,82546.0,39173.0,80215.0,38179.0,0.0044279559597893,0.0984921014839636,0.3638104356151269,0.2608903781713738,0.1854954523695548,36.0,38.0,39.0,36.0,35.0,36.0,36.0,35.0,37.0,35.0,38.0,36.0,0.0043546631184226,0.0046913580246913,0.0046976632136834,0.0044144696505211,0.0042662116040955,0.0043939948736726,0.0045575389289783,0.004263192886592217,0.0043750739032753,0.004263120146411415,0.0045794167269221,0.0046948356807511,0.024647455548743,-0.0095846645367412,0.0548230395558639,0.0277777777777776,-0.0181877232867814,0.0696761530912659,0.0062260536398468,0.0081547506163475,0.0185643564356434,0.0189573459715639,0.0030550236689539,-0.0059367727701444,0.0294497232620956,0.043945551514992,-0.0334086811030546,-0.0087445346658338,Materials,15.0,3.0,118,9.030854790001436,8267.0,8155.0,11.321123107076756,10.575768540414689,11.292478275203761,10.550067097279738
LIN,2024Q4,2024,Q4,0,0,0,1,8282.0,3049.0,5233.0,853.0,814.0,3408.0,2196.0,2302.0,1725.0,39.0,1764.0,80147.0,38092.0,82546.0,39173.0,0.0047090074861144,0.0982854382999275,0.3681477903887949,0.2651533446027529,0.2082830234242936,37.0,36.0,38.0,39.0,36.0,35.0,36.0,36.0,35.0,37.0,35.0,38.0,0.0044279559597893,0.0043546631184226,0.0046913580246913,0.0046976632136834,0.0044144696505211,0.0042662116040955,0.0043939948736726,0.0045575389289783,0.004263156516501816,0.0043750739032753,0.0042630837763210135,0.0045794167269221,-0.0024090580582991,0.1179520414776409,0.0434633812457221,0.0,0.0781398291679849,0.0706972208678693,0.1312039312039312,-0.0273234200743494,-0.0216346153846154,-0.0206659012629162,0.0024148756339048,-0.0192719846562517,0.0459832155399644,0.0732828214978329,0.1206517566224796,0.1150442477876105,Materials,15.0,4.0,119,9.021960500598263,8356.0,8302.0,11.291630204513636,10.547785817200792,11.321123107076756,10.575768540414689
LIN,2025Q1,2025,Q1,1,0,0,0,8112.0,3045.0,5067.0,824.0,786.0,3090.0,2221.0,2218.0,1673.0,38.0,1711.0,82704.0,38032.0,80147.0,38092.0,0.0046844181459566,0.0968934911242603,0.3753698224852071,0.2737919132149901,0.2062376725838264,39.0,37.0,36.0,38.0,39.0,36.0,35.0,36.0,36.0,35.0,37.0,35.0,0.0047090074861144,0.0044279559597893,0.0043546631184226,0.0046913580246913,0.0046976632136834,0.0044144696505211,0.0042662116040955,0.0043939948736726,0.0045575389289783,0.004263120146411415,0.0043750739032753,0.004263047406230613,0.0014814814814814,0.0282728948985864,0.0374787052810903,0.0,0.0012961762799741,0.090328915071183,0.0422932330827068,-0.018973862536302,-0.086046511627907,-0.0824053452115812,-0.0014792899408284,-0.0873985138296409,0.0359439734685445,0.088716002474924,0.0267517811487363,0.0276276276276277,Materials,15.0,1.0,120,9.001222992395064,8282.0,8100.0,11.323035338676322,10.546209482901759,11.291630204513636,10.547785817200792
LIN,2025Q2,2025,Q2,0,1,0,0,8495.0,4189.0,4306.0,1835.0,870.0,3355.0,2354.0,2346.0,1766.0,38.0,1804.0,86078.0,38515.0,82704.0,38032.0,0.0044732195409064,0.1024131842260153,0.4931135962330782,0.2771041789287816,0.2078869923484402,38.0,39.0,37.0,36.0,38.0,39.0,36.0,35.0,36.0,36.0,35.0,37.0,0.0046844181459566,0.0047090074861144,0.0044279559597893,0.0043546631184226,0.0046913580246913,0.0046976632136834,0.0044144696505211,0.0042662116040955,0.0043939948736726,0.0045575389289783,0.0042630837763210135,0.0043750739032753,0.0275795330833434,0.0619362597714971,0.3698495748855461,0.0555555555555555,0.0507359849671156,0.0788267644362969,0.0625,-0.1733538107122288,0.0357142857142858,1.0947488584474887,0.0272251651298149,0.0079164214243674,0.3330837475666637,0.0498717906527212,0.0334346156010556,0.0618010594467333,Materials,15.0,2.0,121,9.04735074348172,8112.0,8267.0,11.36302075822776,10.558829018360175,11.323035338676322,10.546209482901759
