ticker,Year_Quarter,year,quarter,Q1,Q2,Q3,Q4,revenue,grossProfit,costOfRevenue,operatingExpenses,snaExpenses,ebitda,operatingIncome,incomeBeforeTax,netIncome,rnd,net_plus_rnd,totalAssets,totalEquity,totalAssets_lag1,totalEquity_lag1,rnd_to_rev_ratio,sna_to_rev_ratio,grossProfitRatio,operatingIncomeRatio,netIncomeRatio,rnd_lag1,rnd_lag2,rnd_lag3,rnd_lag4,rnd_lag5,rnd_lag6,rnd_lag7,rnd_lag8,rnd_lag9,rnd_lag10,rnd_lag11,rnd_lag12,rnd_to_rev_ratio_lag1,rnd_to_rev_ratio_lag2,rnd_to_rev_ratio_lag3,rnd_to_rev_ratio_lag4,rnd_to_rev_ratio_lag5,rnd_to_rev_ratio_lag6,rnd_to_rev_ratio_lag7,rnd_to_rev_ratio_lag8,rnd_to_rev_ratio_lag9,rnd_to_rev_ratio_lag10,rnd_to_rev_ratio_lag11,rnd_to_rev_ratio_lag12,revenue_yoy,netIncome_yoy,grossProfit_yoy,rnd_yoy,ebitda_yoy,operatingIncome_yoy,incomeBeforeTax_yoy,costOfRevenue_yoy,snaExpenses_yoy,operatingExpenses_yoy,rnd_to_rev_ratio_yoy,sna_to_rev_ratio_yoy,grossProfitRatio_yoy,operatingIncomeRatio_yoy,netIncomeRatio_yoy,net_plus_rnd_yoy,gics_sectors,gics_sector_code,quarter_int,time_idx,revenue_log,revenue_lag1,revenue_lag4,totalAssets_log,totalEquity_log,totalAssets_lag1_log,totalEquity_lag1_log
MDT,1995Q2,1995,Q2,0,1,0,0,516.7,389.0,127.7,389.0,176.1,157.4,128.3,132.0,87.8,55.5,143.3,1946.7,1335.0,1716.9,1202.6,0.1074124250048383,0.3408167215018385,0.7528546545384168,0.2483065608670408,0.1699245209986452,46.8,,,,,,,,,,,,0.113125453226976,,,,,,,,,,,,,,,,,,,,,,,,,,,,Healthcare,35.0,2.0,1,6.249395923907856,413.7,,7.574404468235854,7.197435354096591,7.4488578936323995,7.09307234475589
MDT,1995Q3,1995,Q3,0,0,1,0,523.8,409.6,114.2,409.6,173.9,183.9,147.8,152.2,99.7,51.8,151.5,2027.9,1426.3,1946.7,1335.0,0.0988927071401298,0.3319969453990073,0.7819778541428027,0.2821687667048492,0.1903398243604429,55.5,46.8,,,,,,,,,,,0.1074124250048383,0.113125453226976,,,,,,,,,,,,,,,,,,,,,,,,,,,Healthcare,35.0,3.0,2,6.263017237629879,516.7,,7.615249053249004,7.263539826635723,7.574404468235854,7.197435354096591
MDT,1995Q4,1995,Q4,0,0,0,1,518.6,402.8,115.8,402.8,164.7,183.9,154.5,159.7,104.6,54.2,158.8,2074.8,1508.6,2027.9,1426.3,0.1045121480910142,0.3175858079444658,0.7767065175472425,0.2979174701118395,0.2016968762051677,51.8,55.5,46.8,,,,,,,,,,0.0988927071401298,0.1074124250048383,0.113125453226976,,,,,,,,,,,,,,,,,,,,,,,,,,Healthcare,35.0,4.0,3,6.253059284796445,523.8,,7.638101900531189,7.31959999405434,7.615249053249004,7.263539826635723
MDT,1996Q1,1996,Q1,1,0,0,0,529.2,412.1,117.1,412.1,163.0,187.9,161.8,166.4,109.0,61.2,170.2,2230.3,1655.6,2074.8,1508.6,0.1156462585034013,0.3080120937263794,0.7787226001511716,0.3057445200302343,0.2059712773998488,54.2,51.8,55.5,46.8,,,,,,,,,0.1045121480910142,0.0988927071401298,0.1074124250048383,0.113125453226976,,,,,,,,,0.2791878172588833,0.526610644257703,0.3336569579288027,0.3076923076923079,0.4453846153846155,0.5336492890995261,0.5493482309124766,0.1184336198662845,0.2329803328290469,0.3336569579288027,0.0222832722832722,-0.0361225175899911,0.0425810345713257,0.1989242458436773,0.193421813169712,0.4399323181049068,Healthcare,35.0,1.0,4,6.273254293854925,518.6,413.7,7.710339654240458,7.412522588164164,7.638101900531189,7.31959999405434
MDT,1996Q2,1996,Q2,0,1,0,0,596.1,466.4,129.7,466.4,192.7,204.9,184.7,191.5,125.4,68.8,194.2,2503.3,1789.3,2230.3,1655.6,0.1154168763630263,0.3232679080691159,0.7824190572051668,0.3098473410501593,0.2103673880221439,61.2,54.2,51.8,55.5,46.8,,,,,,,,0.1156462585034013,0.1045121480910142,0.0988927071401298,0.1074124250048383,0.113125453226976,,,,,,,,0.1536675053222371,0.428246013667426,0.1989717223650384,0.2396396396396396,0.3017789072426937,0.4395946999220574,0.4507575757575757,0.0156617071260767,0.0942646223736514,0.1989717223650384,0.0745207210229859,-0.0514904707591584,0.0392697348532382,0.2478419417039541,0.2380048905585625,0.3551988834612698,Healthcare,35.0,2.0,5,6.392084603552947,529.2,516.7,7.825764533350257,7.490138482557227,7.710339654240458,7.412522588164164
MDT,1996Q3,1996,Q3,0,0,1,0,600.9,484.1,116.8,484.1,191.7,226.7,187.9,194.5,127.4,65.7,193.1,2568.2,1919.0,2503.3,1789.3,0.109335996005991,0.3190214677983025,0.8056248959893494,0.3126976202363122,0.2120153103677816,68.8,61.2,54.2,51.8,55.5,46.8,,,,,,,0.1154168763630263,0.1156462585034013,0.1045121480910142,0.0988927071401298,0.1074124250048383,0.113125453226976,,,,,,,0.1471935853379153,0.2778335005015044,0.181884765625,0.2683397683397683,0.2327351821642196,0.2713125845737483,0.2779237844940867,0.0227670753064797,0.1023576768257619,0.181884765625,0.1056022144389594,-0.0390831234459411,0.0302400403301297,0.1081935959389734,0.1138778291940223,0.2745874587458747,Healthcare,35.0,3.0,6,6.400091318553725,596.1,523.8,7.851349845383638,7.560080465021827,7.825764533350257,7.490138482557227
MDT,1996Q4,1996,Q4,0,0,0,1,598.2,478.7,119.5,478.7,189.0,221.4,189.8,195.9,128.3,68.3,196.6,2672.5,2019.7,2568.2,1919.0,0.1141758609160815,0.3159478435305917,0.8002340354396522,0.3172851889000334,0.2144767636242059,65.7,68.8,61.2,54.2,51.8,55.5,46.8,,,,,,0.109335996005991,0.1154168763630263,0.1156462585034013,0.1045121480910142,0.0988927071401298,0.1074124250048383,0.113125453226976,,,,,,0.1534901658310836,0.2265774378585088,0.1884309831181727,0.2601476014760147,0.2039151712887439,0.2284789644012945,0.226675015654352,0.0319516407599309,0.1475409836065575,0.1884309831181727,0.0924649717911421,-0.0051575491501827,0.0302913872368513,0.0650103492786884,0.0633618510087306,0.2380352644836272,Healthcare,35.0,4.0,7,6.3955954322030095,600.9,518.6,7.891143754388787,7.611199265019451,7.851349845383638,7.560080465021827
MDT,1997Q1,1997,Q1,1,0,0,0,598.7,474.4,124.3,474.4,188.5,216.4,188.4,196.5,128.7,69.5,198.2,2695.2,2033.2,2672.5,2019.7,0.1160848505094371,0.3148488391514948,0.7923834975780858,0.3146818105896108,0.2149657591448137,68.3,65.7,68.8,61.2,54.2,51.8,55.5,46.8,,,,,0.1141758609160815,0.109335996005991,0.1154168763630263,0.1156462585034013,0.1045121480910142,0.0988927071401298,0.1074124250048383,0.113125453226976,,,,,0.1313303099017384,0.1807339449541283,0.151176898810968,0.1356209150326797,0.1516764236295902,0.1644004944375772,0.1808894230769231,0.0614859094790778,0.156441717791411,0.151176898810968,0.0037925308757209,0.0221963538587184,0.0175427006025794,0.0292312371076763,0.0436686214627104,0.1645123384253819,Healthcare,35.0,1.0,8,6.396429530174464,598.2,529.2,7.899598653256963,7.6178579001914954,7.891143754388787,7.611199265019451
MDT,1997Q2,1997,Q2,0,1,0,0,640.4,507.7,132.7,507.7,194.1,236.9,218.4,222.2,145.5,76.7,222.2,2409.2,1746.2,2695.2,2033.2,0.11869142145018945,0.3030918176139912,0.792785758900687,0.3410368519675203,0.2272017489069331,69.5,68.3,65.7,68.8,61.2,54.2,51.8,55.5,46.8,,,,0.1160848505094371,0.1141758609160815,0.109335996005991,0.1154168763630263,0.1156462585034013,0.1045121480910142,0.0988927071401298,0.1074124250048383,0.113125453226976,,,,0.0743163898674719,0.1602870813397128,0.0885506003430531,0.1148255813953489,0.1561737432894094,0.1824580400649702,0.1603133159268928,0.0231303006939089,0.007265179034769,0.0885506003430531,0.0377069473294309,-0.0624129087716647,0.0132495516310024,0.1006608958193768,0.0800236245886991,0.1441812564366633,Healthcare,35.0,2.0,9,6.463653287259055,598.7,596.1,7.787465010593292,7.465769785550586,7.899598653256963,7.6178579001914954
MDT,1997Q3,1997,Q3,0,0,1,0,646.3,520.1,126.2,520.1,194.9,254.5,220.5,223.7,146.5,70.7,217.2,2515.7,1840.8,2409.2,1746.2,0.1093919232554541,0.3015627417607922,0.8047346433544794,0.3411728299551292,0.2266749187683738,76.7,69.5,68.3,65.7,68.8,61.2,54.2,51.8,55.5,46.8,,,0.11869142145018945,0.1160848505094371,0.1141758609160815,0.109335996005991,0.1154168763630263,0.1156462585034013,0.1045121480910142,0.0988927071401298,0.1074124250048383,0.113125453226976,,,0.075553336661674,0.1499215070643642,0.0743648006610204,0.0761035007610351,0.1226290251433612,0.1734965407131452,0.1501285347043701,0.0804794520547946,0.0166927490871153,0.0743648006610204,0.0005115172633545,-0.05472586581085,-0.0011050460819941,0.0910630841939177,0.0691441027308934,0.124805800103573,Healthcare,35.0,3.0,10,6.472809865551464,640.4,600.9,7.830703798520359,7.518498633287266,7.787465010593292,7.465769785550586
MDT,1997Q4,1997,Q4,0,0,0,1,642.1,534.3,151.9,534.3,209.7,249.9,218.3,221.2,143.5,70.7,214.2,2609.3,1941.8,2515.7,1840.8,0.1101074598972122,0.3265846441364273,0.8321133779785079,0.3399781965425946,0.2234854384052328,70.7,76.7,69.5,68.3,65.7,68.8,61.2,54.2,51.8,55.5,46.8,,0.1093919232554541,0.11869142145018945,0.1160848505094371,0.1141758609160815,0.109335996005991,0.1154168763630263,0.1156462585034013,0.1045121480910142,0.0988927071401298,0.1074124250048383,0.113125453226976,,0.073386827148111,0.118472330475448,0.1161479005640275,0.0351390922401171,0.1287262872628727,0.1501580611169652,0.1291475242470647,0.2711297071129708,0.1095238095238093,0.1161479005640275,-0.0356327597289547,0.0336663181079937,0.0398375239330341,0.0715224297775558,0.0420030339361674,0.089521871820956,Healthcare,35.0,4.0,11,6.466300233140817,646.3,598.2,7.867220436240088,7.571885510471589,7.830703798520359,7.518498633287266
MDT,1998Q1,1998,Q1,1,0,0,0,631.4,614.7,192.0,614.7,249.3,288.3,241.5,53.4,33.3,74.3,107.6,2659.3,1891.8,2609.3,1941.8,0.1176750079189103,0.3948368704466266,0.973550839404498,0.3824833702882483,0.0527399429838454,70.7,70.7,76.7,69.5,68.3,65.7,68.8,61.2,54.2,51.8,55.5,46.8,0.1101074598972122,0.1093919232554541,0.11869142145018945,0.1160848505094371,0.1141758609160815,0.109335996005991,0.1154168763630263,0.1156462585034013,0.1045121480910142,0.0988927071401298,0.1074124250048383,0.113125453226976,0.0546183397360946,-0.7412587412587412,0.2957419898819562,0.0690647482014388,0.3322550831792976,0.2818471337579618,-0.7282442748091603,0.5446500402252614,0.3225464190981433,0.2957419898819562,0.0136982336841962,0.2540521715458639,0.228635934973594,0.2154606889149379,-0.7546588666322591,-0.457114026236125,Healthcare,35.0,1.0,12,6.449522105335317,642.1,598.7,7.886194177371226,7.545812493224123,7.867220436240088,7.571885510471589
MDT,1998Q2,1998,Q2,0,1,0,0,685.0,547.1,137.9,547.1,181.9,283.7,241.0,244.4,160.1,81.5,241.6,2774.7,2044.2,2659.3,1891.8,0.11869142145018945,0.2655474452554744,0.7986861313868614,0.3518248175182482,0.2337226277372262,74.3,70.7,70.7,76.7,69.5,68.3,65.7,68.8,61.2,54.2,51.8,55.5,0.1176750079189103,0.1101074598972122,0.1093919232554541,0.11869142145018945,0.1160848505094371,0.1141758609160815,0.109335996005991,0.1154168763630263,0.1156462585034013,0.1045121480910142,0.0988927071401298,0.1074124250048383,0.0696439725171769,0.1003436426116837,0.0776048847744732,0.0625814863102998,0.197551709582102,0.1034798534798535,0.0999099909990999,0.0391861341371515,-0.0628541988665635,0.0776048847744732,-0.0066026513385167,-0.1238712831447405,0.0074425813278433,0.0316328440416031,0.0287008302606164,0.0873087308730873,Healthcare,35.0,2.0,13,6.530877627725885,631.4,640.4,7.928658246622537,7.623250863205844,7.886194177371226,7.545812493224123
MDT,1998Q3,1998,Q3,0,0,1,0,653.2,784.7,207.0,784.7,99.9,395.1,353.6,352.0,228.5,74.6,303.1,2792.7,2072.9,2774.7,2044.2,0.1142069810165339,0.1529393753827311,1.201316595223515,0.541334966319657,0.3498162890385792,81.5,74.3,70.7,70.7,76.7,69.5,68.3,65.7,68.8,61.2,54.2,51.8,0.11869142145018945,0.1176750079189103,0.1101074598972122,0.1093919232554541,0.11870445239289815,0.1160848505094371,0.1141758609160815,0.109335996005991,0.1154168763630263,0.1156462585034013,0.1045121480910142,0.0988927071401298,0.0106761565836299,0.5597269624573378,0.5087483176312249,0.0551626591230549,0.5524557956777998,0.6036281179138323,0.5735359856951274,0.6402535657686212,-0.487429451000513,0.5087483176312249,0.0440165746956986,-0.4928439286307894,0.4928108354027256,0.5866883842738972,0.5432509734172952,0.3954880294659302,Healthcare,35.0,3.0,14,6.483413115104284,685.0,646.3,7.935122161110002,7.637186171619329,7.928658246622537,7.623250863205844
MDT,1998Q4,1998,Q4,0,0,0,1,728.4,774.4,210.1,774.4,296.4,371.7,322.2,211.4,117.0,80.8,197.8,3834.6,2910.1,2792.7,2072.9,0.1109280615046677,0.4069192751235584,1.0631521142229543,0.4423393739703459,0.1606260296540362,74.6,81.5,74.3,70.7,70.7,76.7,69.5,68.3,65.7,68.8,61.2,54.2,0.1142069810165339,0.11869142145018945,0.1176750079189103,0.1101074598972122,0.1093919232554541,0.11871748333560686,0.1160848505094371,0.1141758609160815,0.109335996005991,0.1154168763630263,0.1156462585034013,0.1045121480910142,0.1344027410060737,-0.1846689895470383,0.4493730114168071,0.1428571428571428,0.4873949579831931,0.4759505267979842,-0.0443037974683543,0.3831468071099406,0.413447782546495,0.4493730114168071,0.0074527339766219,0.2459841037522028,0.2776529525408182,0.3010815942572566,-0.2812684763703368,-0.0765639589169,Healthcare,35.0,4.0,15,6.59222227837458,653.2,642.1,8.252081155279527,7.976286295611792,7.935122161110002,7.637186171619329
MDT,1999Q1,1999,Q1,1,0,0,0,1038.9,760.0,304.8,760.0,348.6,380.2,302.7,18.5,-34.1,107.5,73.4,4910.2,3574.9,3834.6,2910.1,0.1034748291462123,0.3355472133987872,0.7315429781499663,0.2913658677447299,-0.0328231783617287,80.8,74.6,81.5,74.3,70.7,70.7,76.7,69.5,68.3,65.7,68.8,61.2,0.1109280615046677,0.1142069810165339,0.11869142145018945,0.1176750079189103,0.1101074598972122,0.1093919232554541,0.11873051427831557,0.1160848505094371,0.1141758609160815,0.109335996005991,0.1154168763630263,0.1156462585034013,0.6453911941716821,-2.0240240240240244,0.2363754677078249,0.4468371467025573,0.3187651751647589,0.2534161490683229,-0.6535580524344569,0.5875000000000001,0.398315282791817,0.2363754677078249,-0.1206728516430893,-0.1501624125952899,-0.2485826640574449,-0.2382260501282713,-1.6223590035313975,-0.3178438661710036,Healthcare,35.0,1.0,16,6.946879833666187,728.4,631.4,8.499273590113287,8.181972171696582,8.252081155279527,7.976286295611792
MDT,1999Q2,1999,Q2,0,1,0,0,1119.0,871.4,247.6,871.4,356.1,399.9,347.7,241.5,158.1,115.4,273.5,4870.3,3770.8,4910.2,3574.9,0.1031277926720286,0.318230563002681,0.7787310098302055,0.3107238605898123,0.1412868632707774,107.5,80.8,74.6,81.5,74.3,70.7,70.7,76.7,69.5,68.3,65.7,68.8,0.1034748291462123,0.1109280615046677,0.1142069810165339,0.11869142145018945,0.1176750079189103,0.1101074598972122,0.1093919232554541,0.11874354522102426,0.1160848505094371,0.1141758609160815,0.109335996005991,0.1154168763630263,0.6335766423357665,-0.0124921923797626,0.5927618351306889,0.4159509202453988,0.4095875925273176,0.4427385892116182,-0.0118657937806874,0.7955039883973893,0.9576690489279824,0.5927618351306889,-0.1332203928792689,0.1983943686467095,-0.0249849355991761,-0.1168222219750148,-0.3954934332262175,0.1320364238410596,Healthcare,35.0,2.0,17,7.02108396428914,1038.9,685.0,8.491116120906117,8.235307620078265,8.499273590113287,8.181972171696582
MDT,1999Q3,1999,Q3,0,0,1,0,1104.9,879.2,225.7,879.2,351.4,415.1,365.4,368.8,248.9,112.7,361.6,5002.6,3810.9,4870.3,3770.8,0.1020001810118562,0.3180378314779618,0.7957281201918726,0.3307086614173228,0.2252692551362114,115.4,107.5,80.8,74.6,81.5,74.3,70.7,70.7,76.7,69.5,68.3,65.7,0.1031277926720286,0.1034748291462123,0.1109280615046677,0.1142069810165339,0.11870445239289815,0.1176750079189103,0.1101074598972122,0.1093919232554541,0.11875657616373297,0.1160848505094371,0.1141758609160815,0.109335996005991,0.6915186772810777,0.0892778993435448,0.1204281891168599,0.5107238605898126,0.0506200961781826,0.0333710407239817,0.0477272727272728,0.0903381642512077,2.517517517517517,0.1204281891168599,-0.1068831335530223,1.0795026178318785,-0.3376199718244792,-0.3890868279474115,-0.3560355472430052,0.1930056087099967,Healthcare,35.0,3.0,18,7.008414762081315,1119.0,653.2,8.517912932340586,8.24588303148142,8.491116120906117,8.235307620078265
MDT,1999Q4,1999,Q4,0,0,0,1,1160.5,968.6,221.7,968.6,377.6,475.5,382.2,385.3,257.5,115.8,373.3,5177.0,3865.4,5002.6,3810.9,0.0997845756139595,0.3253769926755709,0.8346402412753123,0.3293408013787161,0.2218871176217147,112.7,115.4,107.5,80.8,74.6,81.5,74.3,70.7,70.7,76.7,69.5,68.3,0.1020001810118562,0.1031277926720286,0.1034748291462123,0.1109280615046677,0.1142069810165339,0.11871748333560686,0.1176750079189103,0.1101074598972122,0.1093919232554541,0.11876960710644169,0.1160848505094371,0.1141758609160815,0.593218012081274,1.200854700854701,0.2507747933884299,0.4331683168316831,0.2792574656981437,0.186219739292365,0.8226111636707663,0.0552118039029032,0.2739541160593794,0.2507747933884299,-0.1004568703315829,-0.200389333789184,-0.2149380788417646,-0.2554567358030515,0.3813895425269833,0.8872598584428715,Healthcare,35.0,4.0,19,7.057467552210464,1104.9,728.4,8.552174160311482,8.260079120530873,8.517912932340586,8.24588303148142
MDT,2000Q1,2000,Q1,1,0,0,0,1258.8,990.9,268.4,990.9,405.2,466.6,410.2,388.9,263.2,117.2,380.4,5421.7,4119.2,5177.0,3865.4,0.0931045440101684,0.3218938671750874,0.7871782650142993,0.3258659040355894,0.2090880203368287,115.8,112.7,115.4,107.5,80.8,74.6,81.5,74.3,70.7,70.7,76.7,69.5,0.0997845756139595,0.1020001810118562,0.1031277926720286,0.1034748291462123,0.1109280615046677,0.1142069810165339,0.11873051427831557,0.1176750079189103,0.1101074598972122,0.1093919232554541,0.11878263804915039,0.1160848505094371,0.2116661853883914,-8.718475073313783,0.3038157894736841,0.0902325581395349,0.2272488164124146,0.3551370994383878,20.02162162162162,-0.1194225721784778,0.1623637406769935,0.3038157894736841,-0.1002203649101024,-0.0406897917148643,0.0760519730570468,0.1184079540884504,-7.37013326474872,4.182561307901906,Healthcare,35.0,1.0,20,7.138708257187829,1160.5,1038.9,8.59834912537724,8.323656984854686,8.552174160311482,8.260079120530873
MDT,2000Q2,2000,Q2,0,1,0,0,1432.2,1124.6,307.6,1124.6,447.8,545.5,470.8,477.1,322.2,131.3,453.5,5669.4,4491.5,5421.7,4119.2,0.0916771400642368,0.312665828794861,0.7852255271610109,0.3287250384024577,0.2249685798072894,117.2,115.8,112.7,115.4,107.5,80.8,74.6,81.5,74.3,70.7,70.7,76.7,0.0931045440101684,0.0997845756139595,0.1020001810118562,0.1031277926720286,0.1034748291462123,0.1109280615046677,0.1142069810165339,0.11874354522102426,0.1176750079189103,0.1101074598972122,0.1093919232554541,0.1187956689918591,0.279892761394102,1.0379506641366223,0.2905669038329124,0.1377816291161178,0.364091022755689,0.3540408398044292,0.975569358178054,0.2423263327948304,0.2575119348497612,0.2905669038329124,-0.1110336245070968,-0.0174864857583558,0.00833987249618,0.0579330398974697,0.592282358028823,0.6581352833638026,Healthcare,35.0,2.0,21,7.267664985430799,1258.8,1119.0,8.643014940970707,8.410164618657713,8.59834912537724,8.323656984854686
MDT,2000Q3,2000,Q3,0,0,1,0,1309.9,993.8,316.6,993.8,400.7,527.0,454.4,422.7,289.0,135.9,424.9,5886.1,4739.1,5669.4,4491.5,0.1037483777387586,0.305901213833117,0.7586838689976333,0.346896709672494,0.2206275288189938,131.3,117.2,115.8,112.7,115.4,107.5,80.8,74.6,81.5,74.3,70.7,70.7,0.0916771400642368,0.0931045440101684,0.0997845756139595,0.1020001810118562,0.1031277926720286,0.1034748291462123,0.1109280615046677,0.1142069810165339,0.11875657616373297,0.1176750079189103,0.1101074598972122,0.1093919232554541,0.1855371526835008,0.1611088790678987,0.1303457688808005,0.2058562555456966,0.269573596723681,0.2435686918445538,0.1461496746203903,0.4027470093043865,0.1402959590210586,0.1303457688808005,0.0171391531814948,-0.0381609244046355,-0.0465539048504491,0.048949574485875,-0.0206052366729357,0.1750553097345131,Healthcare,35.0,3.0,22,7.178469203203764,1432.2,1104.9,8.680518795464593,8.463813511512996,8.643014940970707,8.410164618657713
MDT,2000Q4,2000,Q4,0,0,0,1,1361.4,1010.7,351.2,1010.7,422.3,513.5,443.0,459.8,314.1,143.1,457.2000000000001,6171.5,4964.1,5886.1,4739.1,0.1051123843102688,0.3101953871015131,0.7423975319524019,0.3254003231967092,0.2307183781401498,135.9,131.3,117.2,115.8,112.7,115.4,107.5,80.8,74.6,81.5,74.3,70.7,0.1037483777387586,0.0916771400642368,0.0931045440101684,0.0997845756139595,0.1020001810118562,0.1031277926720286,0.1034748291462123,0.1109280615046677,0.1142069810165339,0.11876960710644169,0.1176750079189103,0.1101074598972122,0.1731150366221456,0.2198058252427186,0.0434647945488333,0.2357512953367875,0.0799158780231334,0.1590790162218733,0.193355826628601,0.5841226883175463,0.1183792372881356,0.0434647945488333,0.0533931087397838,-0.046658509715821,-0.110517927079535,-0.0119647434071662,0.0398006906083256,0.2247522100187517,Healthcare,35.0,4.0,23,7.217003129348479,1309.9,1160.5,8.727859221219335,8.510188717263354,8.680518795464593,8.463813511512996
MDT,2001Q1,2001,Q1,1,0,0,0,1361.6,1091.2,270.4,1091.2,406.8,540.5,465.5,444.7,302.8,143.9,446.7000000000001,6512.2,5358.7,6171.5,4964.1,0.1056844888366627,0.2987661574618097,0.8014101057579319,0.3418772032902468,0.222385428907168,143.1,135.9,131.3,117.2,115.8,112.7,115.4,107.5,80.8,74.6,81.5,74.3,0.1051123843102688,0.1037483777387586,0.0916771400642368,0.0931045440101684,0.0997845756139595,0.1020001810118562,0.1031277926720286,0.1034748291462123,0.1109280615046677,0.1142069810165339,0.11878263804915039,0.1176750079189103,0.0816650778519223,0.1504559270516718,0.1012211121202948,0.227815699658703,0.1583797685383625,0.1348122866894199,0.1434816148110054,0.0074515648286139,0.0039486673247779,0.1012211121202948,0.1351163357302993,-0.0718488671941608,0.018079565171142,0.0491346257965934,0.0635971805028234,0.1742902208201895,Healthcare,35.0,1.0,24,7.217149918339568,1361.4,1258.8,8.781586165890065,8.586663282349207,8.727859221219335,8.510188717263354
MDT,2001Q2,2001,Q2,0,1,0,0,1517.9,1199.9,318.0,1199.9,455.4,594.9,515.5,222.2,150.0,149.6,299.6,7038.9,5509.5,6512.2,5358.7,0.0985572172079847,0.3000197641478357,0.7905000329402464,0.3396139403122735,0.098820739179129,143.9,143.1,135.9,131.3,117.2,115.8,112.7,115.4,107.5,80.8,74.6,81.5,0.1056844888366627,0.1051123843102688,0.1037483777387586,0.0916771400642368,0.0931045440101684,0.0997845756139595,0.1020001810118562,0.1031277926720286,0.1034748291462123,0.1109280615046677,0.1142069810165339,0.1187956689918591,0.0598380114509147,-0.5344506517690875,0.0669571403165572,0.1393754760091392,0.0905591200733271,0.0949447748513168,-0.5342695451687278,0.0338101430429127,0.0169718624385886,0.0669571403165572,0.0750468125306602,-0.0404459441435229,0.0067171858234225,0.0331246502022899,-0.560735373518471,-0.3393605292171995,Healthcare,35.0,2.0,25,7.325741667643973,1361.6,1432.2,8.859349244505747,8.614410642131597,8.781586165890065,8.586663282349207
MDT,2001Q3,2001,Q3,0,0,1,0,1455.7,1077.6,378.1,1077.6,444.8,547.5,481.8,440.3,301.5,151.0,452.5,7273.7,5772.5,7038.9,5509.5,0.1037301641821804,0.305557463763138,0.740262416706739,0.3309747887614206,0.2071168509995191,149.6,143.9,143.1,135.9,131.3,117.2,115.8,112.7,115.4,107.5,80.8,74.6,0.0985572172079847,0.1056844888366627,0.1051123843102688,0.1037483777387586,0.0916771400642368,0.0931045440101684,0.0997845756139595,0.1020001810118562,0.1031277926720286,0.1034748291462123,0.1109280615046677,0.1142069810165339,0.1113062065806549,0.0432525951557094,0.0843228013684844,0.1111111111111111,0.0388994307400378,0.0602992957746479,0.0416370948663356,0.1942514213518635,0.110057399550786,0.0843228013684844,-0.0001755550975857,-0.0011237290158859,-0.0242808013240516,-0.0458981606545225,-0.0612374978398958,0.0649564603436103,Healthcare,35.0,3.0,26,7.283928882454902,1517.9,1309.9,8.892157854076018,8.661033761391911,8.859349244505747,8.614410642131597
MDT,2001Q4,2001,Q4,0,0,0,1,1571.2,1166.2,405.0,1166.2,479.2,587.4,524.6,218.4,66.7,162.4,229.1,9718.4,5831.5,7273.7,5772.5,0.1033604887983706,0.304989816700611,0.742235234215886,0.3338849287169043,0.0424516293279022,151.0,149.6,143.9,143.1,135.9,131.3,117.2,115.8,112.7,115.4,107.5,80.8,0.1037301641821804,0.0985572172079847,0.1056844888366627,0.1051123843102688,0.1037483777387586,0.0916771400642368,0.0931045440101684,0.0997845756139595,0.1020001810118562,0.1031277926720286,0.1034748291462123,0.1109280615046677,0.1541060672836784,-0.7876472460999682,0.1538537647175224,0.1348707197763803,0.1439143135345666,0.1841986455981941,-0.525010874293171,0.1531890660592254,0.1347383376746387,0.1538537647175224,-0.0166668801530268,-0.0167815854695433,-0.0002186129796108,0.0260743610726716,-0.8160023936102958,-0.4989063867016623,Healthcare,35.0,4.0,27,7.360231191359656,1455.7,1361.4,9.181879167154147,8.671201003895584,8.892157854076018,8.661033761391911
MDT,2002Q1,2002,Q1,1,0,0,0,1592.4,1179.6,412.8,1179.6,493.5,612.5,522.7,443.1,314.9,163.4,478.3,10145.5,6163.2,9718.4,5831.5,0.1026124089424767,0.3099095704596835,0.7407686510926902,0.32824667169053,0.1977518211504647,162.4,151.0,149.6,143.9,143.1,135.9,131.3,117.2,115.8,112.7,115.4,107.5,0.1033604887983706,0.1037301641821804,0.0985572172079847,0.1056844888366627,0.1051123843102688,0.1037483777387586,0.0916771400642368,0.0931045440101684,0.0997845756139595,0.1020001810118562,0.1031277926720286,0.1034748291462123,0.169506462984724,0.0399603698811095,0.0810117302052784,0.1355107713690062,0.1332099907493062,0.1228786251342644,-0.0035979311895659,0.5266272189349115,0.2131268436578171,0.0810117302052784,-0.0290684085053762,0.0372981099751843,-0.0756684426981242,-0.0398696709477429,-0.1107698821714904,0.070740989478397,Healthcare,35.0,1.0,28,7.373625376946266,1571.2,1361.6,9.224884097417023,8.726513642376966,9.181879167154147,8.671201003895584
MDT,2002Q2,2002,Q2,0,1,0,0,1791.5,1334.7,456.8,1334.7,545.3,731.4,619.9,422.4,300.9,169.5,470.4,10904.5,6431.1,10145.5,6163.2,0.094613452414178,0.3043818029584147,0.7450181412224394,0.3460228858498465,0.1679598102149037,163.4,162.4,151.0,149.6,143.9,143.1,135.9,131.3,117.2,115.8,112.7,115.4,0.1026124089424767,0.1033604887983706,0.1037301641821804,0.0985572172079847,0.1056844888366627,0.1051123843102688,0.1037483777387586,0.0916771400642368,0.0931045440101684,0.0997845756139595,0.1020001810118562,0.1031277926720286,0.1802490282627313,1.0059999999999998,0.112342695224602,0.1330213903743315,0.2294503277861825,0.2025218234723569,0.9009900990099008,0.4364779874213838,0.1974088713219148,0.112342695224602,-0.0400149771425072,0.014539171520812,-0.0575355974985076,0.0188712675683453,0.6996413061680156,0.570093457943925,Healthcare,35.0,2.0,29,7.491366572473775,1592.4,1517.9,9.297022528111906,8.769056358001626,9.224884097417023,8.726513642376966
MDT,2002Q3,2002,Q3,0,0,1,0,1713.9,1299.7,414.2,1299.7,536.1,682.1,584.2,546.4,383.3,179.4,562.7,11191.6,6731.3,10904.5,6431.1,0.1046735515490985,0.312795378960266,0.7583289573487367,0.3408600268393722,0.2236419861135422,169.5,163.4,162.4,151.0,149.6,143.9,143.1,135.9,131.3,117.2,115.8,112.7,0.094613452414178,0.1026124089424767,0.1033604887983706,0.1037301641821804,0.0985572172079847,0.1056844888366627,0.1051123843102688,0.1037483777387586,0.0916771400642368,0.0931045440101684,0.0997845756139595,0.1020001810118562,0.1773717112042316,0.2713101160862354,0.2061061618411286,0.1880794701986754,0.2458447488584474,0.2125363221253633,0.2409720645014761,0.0954773869346732,0.2052607913669064,0.2061061618411286,0.0090946290729982,0.0236875745334066,0.0244055894697068,0.0298670424866629,0.0797865312951358,0.24353591160221,Healthcare,35.0,3.0,30,7.447110048862101,1791.5,1455.7,9.323008124629597,8.81467211759764,9.297022528111906,8.769056358001626
MDT,2002Q4,2002,Q4,0,0,0,1,1891.0,1430.3,460.7,1430.3,598.6,740.8,638.2,488.0,301.7,193.5,495.2,11449.9,7181.1,11191.6,6731.3,0.1023268112109994,0.3165520888418826,0.7563722897937599,0.3374933897408779,0.1595452141723955,179.4,169.5,163.4,162.4,151.0,149.6,143.9,143.1,135.9,131.3,117.2,115.8,0.1046735515490985,0.094613452414178,0.1026124089424767,0.1033604887983706,0.1037301641821804,0.0985572172079847,0.1056844888366627,0.1051123843102688,0.1037483777387586,0.0916771400642368,0.0931045440101684,0.0997845756139595,0.2035386965376782,3.5232383808095946,0.2264620133767791,0.191502463054187,0.2611508341845421,0.2165459397636295,1.2344322344322345,0.1375308641975308,0.2491652754590985,0.2264620133767791,-0.0100007033576209,0.0379103547336518,0.0190465972594371,0.0108074989722977,2.758282466381828,1.161501527717154,Healthcare,35.0,4.0,31,7.545389749611823,1713.9,1571.2,9.345823608513449,8.879347098387228,9.323008124629597,8.81467211759764
MDT,2003Q1,2003,Q1,1,0,0,0,1912.5,1437.7,474.8,1437.7,587.8,767.8,662.8,611.1,427.7,187.1,614.8,11913.2,7572.8,11449.9,7181.1,0.0978300653594771,0.3073464052287581,0.7517385620915032,0.3465620915032679,0.2236339869281045,193.5,179.4,169.5,163.4,162.4,151.0,149.6,143.9,143.1,135.9,131.3,117.2,0.1023268112109994,0.1046735515490985,0.094613452414178,0.1026124089424767,0.1033604887983706,0.1037301641821804,0.0985572172079847,0.1056844888366627,0.1051123843102688,0.1037483777387586,0.0916771400642368,0.0931045440101684,0.2010173323285606,0.3582089552238807,0.2188029840623941,0.1450428396572827,0.2535510204081632,0.2680313755500285,0.3791469194312795,0.1501937984496124,0.1910840932117528,0.2188029840623941,-0.0466058991528067,-0.0082706875658064,0.0148088218671667,0.0557977319873805,0.1308820602868012,0.2853857411666318,Healthcare,35.0,1.0,32,7.556689304865757,1891.0,1592.4,9.385486245021042,8.932450201986871,9.345823608513449,8.879347098387228
MDT,2003Q2,2003,Q2,0,1,0,0,2147.8,1607.2,540.6,1607.2,649.4,871.0,768.4,695.8,487.1,189.4,676.5,12320.8,7906.4,11913.2,7572.8,0.0881832572865257,0.3023558990595027,0.7483005866468013,0.3577614303007728,0.2267902039296023,187.1,193.5,179.4,169.5,163.4,162.4,151.0,149.6,143.9,143.1,135.9,131.3,0.0978300653594771,0.1023268112109994,0.1046735515490985,0.094613452414178,0.1026124089424767,0.1033604887983706,0.1037301641821804,0.0985572172079847,0.1056844888366627,0.1051123843102688,0.1037483777387586,0.0916771400642368,0.1988836170806587,0.6188102359587906,0.2041657301266202,0.1174041297935104,0.1908668307355756,0.2395547668978868,0.6472537878787878,0.1834500875656743,0.1909040894920228,0.2041657301266202,-0.0679627998300244,-0.0066557983401812,0.0044058597270881,0.0339241851650824,0.3502647070119065,0.4381377551020409,Healthcare,35.0,2.0,33,7.672664825768973,1912.5,1791.5,9.41912533031148,8.975554308877898,9.385486245021042,8.932450201986871
MDT,2003Q3,2003,Q3,0,0,1,0,2064.2,1550.2,514.0,1550.2,643.9,808.1,708.4,643.4,450.4,197.9,648.3,12626.9,8176.7,12320.8,7906.4,0.0958724929754868,0.3119368278267609,0.750993120821626,0.343183800019378,0.21819591124891,189.4,187.1,193.5,179.4,169.5,163.4,162.4,151.0,149.6,143.9,143.1,135.9,0.0881832572865257,0.0978300653594771,0.1023268112109994,0.1046735515490985,0.094613452414178,0.1026124089424767,0.1033604887983706,0.1037301641821804,0.0985572172079847,0.1056844888366627,0.1051123843102688,0.1037483777387586,0.2043876538887914,0.1750587007565873,0.1927367854120181,0.1031215161649943,0.1847236475590088,0.2125984251968502,0.1775256222547583,0.2409464027040078,0.2010818877075171,0.1927367854120181,-0.0840810161054237,-0.0027447692365498,-0.0096736864074903,0.0068173824943715,-0.0243517550495516,0.1521236893548958,Healthcare,35.0,3.0,34,7.632982353005494,2147.8,1713.9,9.44366393073617,9.009166216465955,9.41912533031148,8.975554308877898
MDT,2003Q4,2003,Q4,0,0,0,1,2163.8,1627.8,536.0,1627.8,745.7,796.8,679.7,681.5,476.1,202.4,678.5,12901.1,8301.9,12626.9,8176.7,0.0935391440983455,0.3446251964137166,0.7522876421111008,0.3141233015990387,0.2200295775949718,197.9,189.4,187.1,193.5,179.4,169.5,163.4,162.4,151.0,149.6,143.9,143.1,0.0958724929754868,0.0881832572865257,0.0978300653594771,0.1023268112109994,0.1046735515490985,0.094613452414178,0.1026124089424767,0.1033604887983706,0.1037301641821804,0.0985572172079847,0.1056844888366627,0.1051123843102688,0.1442622950819674,0.5780576731852836,0.1380829196672026,0.0459948320413436,0.0755939524838014,0.0650266374177372,0.396516393442623,0.1634469285869328,0.2457400601403274,0.1380829196672026,-0.0858784419122927,0.0886840067128933,-0.0054003137578888,-0.0692460618555591,0.379104843328113,0.3701534733441034,Healthcare,35.0,4.0,35,7.680083257416523,2064.2,1891.0,9.46514536779847,9.024360130349926,9.44366393073617,9.009166216465955
MDT,2004Q1,2004,Q1,1,0,0,0,2193.8,1655.4,538.4,1655.4,679.3,884.8,769.0,657.8,463.9,207.1,671.0,13437.7,8687.5,12901.1,8301.9,0.0944024067827513,0.3096453642082231,0.7545810921688394,0.3505333211778648,0.2114595678730969,202.4,197.9,189.4,187.1,193.5,179.4,169.5,163.4,162.4,151.0,149.6,143.9,0.0935391440983455,0.0958724929754868,0.0881832572865257,0.0978300653594771,0.1023268112109994,0.1046735515490985,0.094613452414178,0.1026124089424767,0.1033604887983706,0.1037301641821804,0.0985572172079847,0.1056844888366627,0.1470849673202614,0.0846387654898292,0.1514224107950199,0.1068947087119187,0.1523834331857254,0.1602293301146651,0.076419571264932,0.1339511373209772,0.1556651922422594,0.1514224107950199,-0.0350368627898876,0.0074800256009301,0.0037812747950931,0.0114589269050491,-0.0544390377430493,0.0914118412491868,Healthcare,35.0,1.0,36,7.69384620518482,2163.8,1912.5,9.505893883208385,9.06975559116231,9.46514536779847,9.024360130349926
MDT,2004Q2,2004,Q2,0,1,0,0,2665.4,2000.9,664.5,2000.9,804.9,1061.9,951.9,814.2,568.9,244.1,813.0,14110.8,9077.0,13437.7,8687.5,0.0915810009754633,0.3019809409469497,0.7506940796878517,0.3571321377654385,0.213438883469648,207.1,202.4,197.9,189.4,187.1,193.5,179.4,169.5,163.4,162.4,151.0,149.6,0.0944024067827513,0.0935391440983455,0.0958724929754868,0.0881832572865257,0.0978300653594771,0.1023268112109994,0.1046735515490985,0.094613452414178,0.1026124089424767,0.1033604887983706,0.1037301641821804,0.0985572172079847,0.2409907812645497,0.1679326626975978,0.2449601791936286,0.2888067581837381,0.2191733639494835,0.2388079125455491,0.1701638401839611,0.2291897891231964,0.2394518016630735,0.2449601791936286,0.0385304851906027,-0.0012401217033279,0.0031985716485614,-0.0017589725499622,-0.0588707987762058,0.2017738359201772,Healthcare,35.0,2.0,37,7.88848452699353,2193.8,2147.8,9.554766605810544,9.113609183016411,9.505893883208385,9.06975559116231
MDT,2004Q3,2004,Q3,0,0,1,0,2346.1,1795.8,550.3,1795.8,769.7,906.5,796.4,746.1,529.7,229.7,759.4000000000001,14557.0,9448.1,14110.8,9077.0,0.0979071650824773,0.3280763820809002,0.7654405183069776,0.3394569711436,0.2257789523038234,244.1,207.1,202.4,197.9,189.4,187.1,193.5,179.4,169.5,163.4,162.4,151.0,0.0915810009754633,0.0944024067827513,0.0935391440983455,0.0958724929754868,0.0881832572865257,0.0978300653594771,0.1023268112109994,0.1046735515490985,0.094613452414178,0.1026124089424767,0.1033604887983706,0.1037301641821804,0.1365662242030811,0.1760657193605685,0.1584311701715908,0.1606872157655381,0.1217671080311841,0.124223602484472,0.1596207646875971,0.0706225680933851,0.1953719521664856,0.1584311701715908,0.0212226890512865,0.0517398165730613,0.0192377228030335,-0.0108595710973755,0.0347533600034464,0.1713712787289836,Healthcare,35.0,3.0,38,7.760935802527496,2665.4,2064.2,9.585895949678203,9.153674777857114,9.554766605810544,9.113609183016411
MDT,2004Q4,2004,Q4,0,0,0,1,2399.8,1815.0,584.8,1815.0,772.0,923.9,810.3,754.5,535.7,232.7,768.4000000000001,15180.3,9925.3,14557.0,9448.1,0.0969664138678223,0.3216934744562046,0.7563130260855071,0.3376531377614801,0.2232269355779648,229.7,244.1,207.1,202.4,197.9,189.4,187.1,193.5,179.4,169.5,163.4,162.4,0.0979071650824773,0.0915810009754633,0.0944024067827513,0.0935391440983455,0.0958724929754868,0.0881832572865257,0.0978300653594771,0.1023268112109994,0.1046735515490985,0.094613452414178,0.1026124089424767,0.1033604887983706,0.1090673814585452,0.1251837849191346,0.1150018429782528,0.1497035573122529,0.1595130522088352,0.1921435927615122,0.107116654438738,0.0910447761194028,0.0352688748826606,0.1150018429782528,0.036639952209456,-0.0665410486410946,0.0053508575032683,0.0749063697047089,0.0145314917109857,0.1324981577008106,Healthcare,35.0,4.0,39,7.783557294126157,2346.1,2163.8,9.627819686281494,9.202943079345708,9.585895949678203,9.153674777857114
MDT,2005Q1,2005,Q1,1,0,0,0,2530.7,1925.1,605.6,1925.1,814.2,985.5,869.9,764.0,544.1,241.0,785.1,15695.4,10232.1,15180.3,9925.3,0.0952305686173786,0.3217291658434426,0.7606986209349192,0.3437388864740981,0.2149998024262062,232.7,229.7,244.1,207.1,202.4,197.9,189.4,187.1,193.5,179.4,169.5,163.4,0.0969664138678223,0.0979071650824773,0.0915810009754633,0.0944024067827513,0.0935391440983455,0.0958724929754868,0.0881832572865257,0.0978300653594771,0.1023268112109994,0.1046735515490985,0.094613452414178,0.1026124089424767,0.1535691494210955,0.1728820866566072,0.1629213483146065,0.1636890391115404,0.1138110307414106,0.1312093628088426,0.1614472484037701,0.1248142644873699,0.1985867805093479,0.1629213483146065,0.008772677126051,0.0390246489435366,0.0081071853370944,-0.0193831350495753,0.0167418981733373,0.1700447093889716,Healthcare,35.0,1.0,40,7.836646292832031,2399.8,2193.8,9.661186665680225,9.233382843344293,9.627819686281494,9.202943079345708
MDT,2005Q2,2005,Q2,0,1,0,0,2778.0,2072.3,705.7,2072.3,857.7,1090.7,966.7,278.9,194.4,247.9,442.3,16617.4,10449.5,15695.4,10232.1,0.0892368610511159,0.3087473002159827,0.7459683225341973,0.3479841612670986,0.0699784017278617,241.0,232.7,229.7,244.1,207.1,202.4,197.9,189.4,187.1,193.5,179.4,169.5,0.0952305686173786,0.0969664138678223,0.0979071650824773,0.0915810009754633,0.0944024067827513,0.0935391440983455,0.0958724929754868,0.0881832572865257,0.0978300653594771,0.1023268112109994,0.1046735515490985,0.094613452414178,0.042245066406543,-0.6582879240639832,0.0356839422259982,0.0155673904137649,0.0271211978529051,0.0155478516650908,-0.6574551707197249,0.0620015048908955,0.0655982109578829,0.0356839422259982,-0.0255963562243164,0.0224065772091943,-0.0062951837259985,-0.0256151030136309,-0.6721384567315121,-0.4559655596555966,Healthcare,35.0,2.0,41,7.929846429742503,2530.7,2665.4,9.718265794220475,9.254405103138284,9.661186665680225,9.233382843344293
MDT,2005Q3,2005,Q3,0,0,1,0,2690.4,2036.0,654.0,2036.0,882.0,1019.0,891.0,492.0,320.6,263.2,583.8,16917.3,10580.8,16617.4,10449.5,0.0978293190603627,0.3278322925958965,0.7567647933392804,0.3311775200713648,0.1191644365150163,247.9,241.0,232.7,229.7,244.1,207.1,202.4,197.9,189.4,187.1,193.5,179.4,0.0892368610511159,0.0952305686173786,0.0969664138678223,0.0979071650824773,0.0915810009754633,0.0944024067827513,0.0935391440983455,0.0958724929754868,0.0881832572865257,0.0978300653594771,0.1023268112109994,0.1046735515490985,0.1467541878010316,-0.3947517462714744,0.1337565430448826,0.1458424031345233,0.1241036955322669,0.1187845303867403,-0.3405709690390028,0.188442667635835,0.1459010003897622,0.1337565430448826,-0.0007951003590898,-0.0007440020017762,-0.0113342902030929,-0.0243902814673165,-0.4722075051767418,-0.2312351856728998,Healthcare,35.0,3.0,42,7.897816783307441,2778.0,2346.1,9.736151155299245,9.26689082326657,9.718265794220475,9.254405103138284
MDT,2005Q4,2005,Q4,0,0,0,1,2765.4,2070.0,695.0,2070.0,903.0,1033.0,892.0,765.0,816.5,275.4,1091.9,17767.5,11133.7,16917.3,10580.8,0.0995877630722499,0.3265350401388587,0.7485354740724669,0.3225573153974108,0.295255659217473,263.2,247.9,241.0,232.7,229.7,244.1,207.1,202.4,197.9,189.4,187.1,193.5,0.0978293190603627,0.0892368610511159,0.0952305686173786,0.0969664138678223,0.0979071650824773,0.0915810009754633,0.0944024067827513,0.0935391440983455,0.0958724929754868,0.0881832572865257,0.0978300653594771,0.1023268112109994,0.1523460288357363,0.5241739779727459,0.140495867768595,0.1834980661796303,0.1180863729840893,0.1008268542515118,0.0139165009940358,0.1884404924760603,0.1696891191709844,0.140495867768595,0.0270335789462201,0.0150502452399394,-0.0102835092677101,-0.0447080766497511,0.3226703957253907,0.4210046850598645,Healthcare,35.0,4.0,43,7.925302114929026,2690.4,2399.8,9.78518250565559,9.317821637253983,9.736151155299245,9.26689082326657
MDT,2006Q1,2006,Q1,1,0,0,0,2769.5,2071.0,699.0,2071.0,900.0,1028.0,891.0,905.0,669.6,280.3,949.9,18339.0,11737.6,17767.5,11133.7,0.1012096046217728,0.3249684058494313,0.7477884094601913,0.3217187217909369,0.2417764939519769,275.4,263.2,247.9,241.0,232.7,229.7,244.1,207.1,202.4,197.9,189.4,187.1,0.0995877630722499,0.0978293190603627,0.0892368610511159,0.0952305686173786,0.0969664138678223,0.0979071650824773,0.0915810009754633,0.0944024067827513,0.0935391440983455,0.0958724929754868,0.0881832572865257,0.0978300653594771,0.0943612439246059,0.23065612938798,0.0757882707391823,0.1630705394190872,0.0431253170979197,0.0242556615702955,0.1845549738219896,0.1542272126816379,0.105379513633014,0.0757882707391823,0.0627848399017454,0.0100682199498349,-0.0169715194946205,-0.0640607319964087,0.1245428657310565,0.2099095656604255,Healthcare,35.0,1.0,44,7.926783088307404,2765.4,2530.7,9.816839745810455,9.370637835845296,9.78518250565559,9.317821637253983
MDT,2006Q2,2006,Q2,0,1,0,0,3066.7,2298.7,768.0,2298.7,974.1,1167.1,1030.6,999.9,740.0,294.0,1034.0,19664.8,9382.5,18339.0,11737.6,0.0958685231682264,0.3176378517624809,0.7495679394789186,0.3360615645482114,0.2413017249812502,280.3,275.4,263.2,247.9,241.0,232.7,229.7,244.1,207.1,202.4,197.9,189.4,0.1012096046217728,0.0995877630722499,0.0978293190603627,0.0892368610511159,0.0952305686173786,0.0969664138678223,0.0979071650824773,0.0915810009754633,0.0944024067827513,0.0935391440983455,0.0958724929754868,0.0881832572865257,0.1039236861051116,2.8065843621399176,0.1092505911306276,0.1859620814844695,0.0700467589621343,0.0661011689252093,2.5851559698816784,0.0882811392943176,0.13571178733823,0.1092505911306276,0.074315277778673,0.0287955604479093,0.0048254286891067,-0.0342618947812854,2.4482314403184837,1.3377797874745645,Healthcare,35.0,2.0,45,8.028683374133662,2769.5,2778.0,9.886636365452123,9.146708106731328,9.816839745810455,9.370637835845296
MDT,2006Q3,2006,Q3,0,0,1,0,2897.0,2165.0,732.0,2165.0,984.0,1022.0,882.0,815.0,599.0,299.0,898.0,20181.0,9896.0,19664.8,9382.5,0.1032102174663445,0.3396617190196755,0.7473248187780462,0.3044528822920262,0.2067656196064894,294.0,280.3,275.4,263.2,247.9,241.0,232.7,229.7,244.1,207.1,202.4,197.9,0.0958685231682264,0.1012096046217728,0.0995877630722499,0.0978293190603627,0.0892368610511159,0.0952305686173786,0.0969664138678223,0.0979071650824773,0.0915810009754633,0.0944024067827513,0.0935391440983455,0.0958724929754868,0.076791555159084,0.8683718028696192,0.0633595284872299,0.1360182370820668,0.0029440628066732,-0.01010101010101,0.6565040650406504,0.1192660550458715,0.1156462585034012,0.0633595284872299,0.0550029220040015,0.0360837742069557,-0.0124741196264952,-0.0806958086212488,0.7351285807526491,0.538198013018157,Healthcare,35.0,3.0,46,7.971776122880628,3066.7,2690.4,9.912546397024474,9.199986959896691,9.886636365452123,9.146708106731328
MDT,2006Q4,2006,Q4,0,0,0,1,3075.0,2280.0,795.0,2280.0,1036.0,1061.0,924.0,911.0,681.0,320.0,1001.0,18896.0,10277.0,20181.0,9896.0,0.1040650406504065,0.336910569105691,0.7414634146341463,0.3004878048780487,0.2214634146341463,299.0,294.0,280.3,275.4,263.2,247.9,241.0,232.7,229.7,244.1,207.1,202.4,0.1032102174663445,0.0958685231682264,0.1012096046217728,0.0995877630722499,0.0978293190603627,0.0892368610511159,0.0952305686173786,0.0969664138678223,0.0979071650824773,0.0915810009754633,0.0944024067827513,0.0935391440983455,0.1119548709047515,-0.1659522351500306,0.1014492753623188,0.1619462599854757,0.0271055179090029,0.0358744394618835,0.1908496732026143,0.1438848920863309,0.1472868217054264,0.1014492753623188,0.0449581097118161,0.031774626583475,-0.009447861435136,-0.0684204309307666,-0.2499266052305347,-0.0832493818115213,Healthcare,35.0,4.0,47,8.031385330625534,2897.0,2765.4,9.846758458290038,9.237760967552175,9.912546397024474,9.199986959896691
MDT,2007Q1,2007,Q1,1,0,0,0,3048.0,2273.0,775.0,2273.0,1038.0,1080.0,942.0,934.0,710.0,293.0,1003.0,19572.0,10984.0,18896.0,10277.0,0.0961286089238845,0.3405511811023622,0.7457349081364829,0.3090551181102362,0.2329396325459317,320.0,299.0,294.0,280.3,275.4,263.2,247.9,241.0,232.7,229.7,244.1,207.1,0.1040650406504065,0.1032102174663445,0.0958685231682264,0.1012096046217728,0.0995877630722499,0.0978293190603627,0.0892368610511159,0.0952305686173786,0.0969664138678223,0.0979071650824773,0.0915810009754633,0.0944024067827513,0.1005596678100739,0.0603345280764635,0.09753742153549,0.0453085979307883,0.0505836575875486,0.0572390572390573,0.0320441988950275,0.1087267525035764,0.1533333333333333,0.09753742153549,-0.0502027027659717,0.0479516622922133,-0.0027460994283005,-0.0393623461208761,-0.0365497127599193,0.0559006211180124,Healthcare,35.0,1.0,48,8.022568946988255,3075.0,2769.5,9.881906344502523,9.30428598481871,9.846758458290038,9.237760967552175
MDT,2007Q2,2007,Q2,0,1,0,0,3280.0,2414.0,866.0,2414.0,1055.0,1200.0,1032.0,855.0,812.0,327.0,1139.0,19512.0,10977.0,19572.0,10984.0,0.0996951219512195,0.3216463414634146,0.7359756097560975,0.3146341463414634,0.2475609756097561,293.0,320.0,299.0,294.0,280.3,275.4,263.2,247.9,241.0,232.7,229.7,244.1,0.0961286089238845,0.1040650406504065,0.1032102174663445,0.0958685231682264,0.1012096046217728,0.0995877630722499,0.0978293190603627,0.0892368610511159,0.0952305686173786,0.0969664138678223,0.0979071650824773,0.0915810009754633,0.0695535918087848,0.0972972972972971,0.0501587854004437,0.1122448979591836,0.0281895296032903,0.0013584319813702,-0.1449144914491449,0.1276041666666667,0.0830510214557027,0.0501587854004437,0.039915069686411,0.0126196852128668,-0.0181335526867253,-0.0637603953179061,0.0259395187870796,0.1015473887814313,Healthcare,35.0,2.0,49,8.0959035329611,3048.0,3066.7,9.878836189094999,9.303648549109834,9.881906344502523,9.30428598481871
MDT,2007Q3,2007,Q3,0,0,1,0,3127.0,2335.0,792.0,2335.0,1096.0,1088.0,939.0,879.0,675.0,300.0,975.0,19660.0,11143.0,19512.0,10977.0,0.0959385992964502,0.3504956827630316,0.7467220978573713,0.3002878157978893,0.2158618484170131,327.0,293.0,320.0,299.0,294.0,280.3,275.4,263.2,247.9,241.0,232.7,229.7,0.0996951219512195,0.0961286089238845,0.1040650406504065,0.1032102174663445,0.0958685231682264,0.1012096046217728,0.0995877630722499,0.0978293190603627,0.0892368610511159,0.0952305686173786,0.0969664138678223,0.0979071650824773,0.079392474974111,0.1268781302170283,0.0785219399538106,0.0033444816053511,0.0645792563600782,0.064625850340136,0.0785276073619631,0.0819672131147541,0.113821138211382,0.0785219399538106,-0.0704544409303798,0.031896334313519,-0.000806504622261,-0.013680496183123,0.0439929463507295,0.0857461024498886,Healthcare,35.0,3.0,50,8.048149101665201,3280.0,2897.0,9.886392257107492,9.318656515459642,9.878836189094999,9.303648549109834
MDT,2007Q4,2007,Q4,0,0,0,1,3124.0,2284.0,840.0,2284.0,1107.0,1006.0,879.0,868.0,666.0,298.0,964.0,20586.0,11475.0,19660.0,11143.0,0.0953905249679897,0.3543533930857874,0.7311139564660691,0.2813700384122919,0.2131882202304737,300.0,327.0,293.0,320.0,299.0,294.0,280.3,275.4,263.2,247.9,241.0,232.7,0.0959385992964502,0.0996951219512195,0.0961286089238845,0.1040650406504065,0.1032102174663445,0.0958685231682264,0.1012096046217728,0.0995877630722499,0.0978293190603627,0.0892368610511159,0.0952305686173786,0.0969664138678223,0.0159349593495934,-0.0220264317180616,0.0017543859649122,-0.0687499999999999,-0.0518378887841658,-0.0487012987012986,-0.0472008781558727,0.0566037735849056,0.0685328185328184,0.0017543859649122,-0.0833566741357233,0.051772860751734,-0.0139581508187883,-0.0636224371019505,-0.0373659659196669,-0.0369630369630369,Healthcare,35.0,4.0,51,8.047189562170502,3127.0,3075.0,9.932415087609309,9.348013177101256,9.886392257107492,9.318656515459642
MDT,2008Q1,2008,Q1,1,0,0,0,3405.0,2535.0,870.0,2535.0,1207.0,1180.0,999.0,135.0,77.0,329.0,406.0,21412.0,10966.0,20586.0,11475.0,0.0966226138032305,0.3544787077826725,0.7444933920704846,0.2933920704845815,0.0226138032305433,298.0,300.0,327.0,293.0,320.0,299.0,294.0,280.3,275.4,263.2,247.9,241.0,0.0953905249679897,0.0959385992964502,0.0996951219512195,0.0961286089238845,0.1040650406504065,0.1032102174663445,0.0958685231682264,0.1012096046217728,0.0995877630722499,0.0978293190603627,0.0892368610511159,0.0952305686173786,0.1171259842519685,-0.8915492957746479,0.1152661680598328,0.1228668941979522,0.0925925925925925,0.0605095541401274,-0.8554603854389722,0.1225806451612903,0.1628131021194605,0.1152661680598328,0.0051389995639818,0.0408970147606799,-0.0016648222477618,-0.0506804343556216,-0.90291989824409,-0.5952143569292123,Healthcare,35.0,1.0,52,8.133293861222633,3124.0,3048.0,9.971753493206217,9.302646042760209,9.932415087609309,9.348013177101256
MDT,2008Q2,2008,Q2,0,1,0,0,3860.0,2916.0,944.0,2916.0,1297.0,1451.0,1271.0,1004.0,813.0,348.0,1161.0,22198.0,11536.0,21412.0,10966.0,0.0901554404145077,0.3360103626943005,0.755440414507772,0.3292746113989637,0.2106217616580311,329.0,298.0,300.0,327.0,293.0,320.0,299.0,294.0,280.3,275.4,263.2,247.9,0.0966226138032305,0.0953905249679897,0.0959385992964502,0.0996951219512195,0.0961286089238845,0.1040650406504065,0.1032102174663445,0.0958685231682264,0.1012096046217728,0.0995877630722499,0.0978293190603627,0.0892368610511159,0.1768292682926828,0.001231527093596,0.2079536039768019,0.0642201834862385,0.2091666666666667,0.2315891472868216,0.1742690058479532,0.090069284064665,0.2293838862559241,0.2079536039768019,-0.0956885487474449,0.0446578100827541,0.026447622032101,0.0465317106478693,-0.1492125883764261,0.0193151887620719,Healthcare,35.0,2.0,53,8.258681496264236,3405.0,3280.0,10.007802521800768,9.35331454092729,9.971753493206217,9.302646042760209
MDT,2008Q3,2008,Q3,0,0,1,0,3706.0,2851.0,855.0,2851.0,1318.0,1187.0,1058.0,915.0,723.0,324.0,1047.0,22733.0,12239.0,22198.0,11536.0,0.0874257960064759,0.3556395035078251,0.769293038316244,0.2854830005396654,0.1950890447922288,348.0,329.0,298.0,300.0,327.0,293.0,320.0,299.0,294.0,280.3,275.4,263.2,0.0901554404145077,0.0966226138032305,0.0953905249679897,0.0959385992964502,0.0996951219512195,0.0961286089238845,0.1040650406504065,0.1032102174663445,0.0958685231682264,0.1012096046217728,0.0995877630722499,0.0978293190603627,0.1851614966421491,0.0711111111111111,0.220985010706638,0.08,0.0909926470588236,0.126730564430245,0.0409556313993173,0.0795454545454545,0.2025547445255473,0.220985010706638,-0.0887317862924985,0.0146758462308111,0.0302266941391411,-0.0493020844648202,-0.0962319361995562,0.0738461538461539,Healthcare,35.0,3.0,54,8.217978203150732,3860.0,3127.0,10.031616880246656,9.412464556066316,10.007802521800768,9.35331454092729
MDT,2008Q4,2008,Q4,0,0,0,1,3570.0,2687.0,883.0,2687.0,1529.0,892.0,689.0,623.0,547.0,326.0,873.0,22033.0,12624.0,22733.0,12239.0,0.0913165266106442,0.4282913165266106,0.7526610644257703,0.1929971988795518,0.1532212885154061,324.0,348.0,329.0,298.0,300.0,327.0,293.0,320.0,299.0,294.0,280.3,275.4,0.0874257960064759,0.0901554404145077,0.0966226138032305,0.0953905249679897,0.0959385992964502,0.0996951219512195,0.0961286089238845,0.1040650406504065,0.1032102174663445,0.0958685231682264,0.1012096046217728,0.0995877630722499,0.142765685019206,-0.1786786786786787,0.1764448336252189,0.0939597315436242,-0.1133200795228628,-0.2161547212741752,-0.282258064516129,0.0511904761904762,0.3812104787714543,0.1764448336252189,-0.0427086270749912,0.2086558923479056,0.0294716135140571,-0.314080489988942,-0.2812863283451519,-0.0943983402489626,Healthcare,35.0,4.0,55,8.18060094759445,3706.0,3124.0,10.00034199390001,9.443434254143561,10.031616880246656,9.412464556066316
MDT,2009Q1,2009,Q1,1,0,0,0,3494.0,2646.0,848.0,2646.0,1257.0,1154.0,1002.0,893.0,698.0,337.0,1035.0,22764.0,13064.0,22033.0,12624.0,0.096451058958214,0.3597595878649113,0.7572982255294791,0.2867773325701202,0.1997710360618202,326.0,324.0,348.0,329.0,298.0,300.0,327.0,293.0,320.0,299.0,294.0,280.3,0.0913165266106442,0.0874257960064759,0.0901554404145077,0.0966226138032305,0.0953905249679897,0.0959385992964502,0.0996951219512195,0.0961286089238845,0.1040650406504065,0.1032102174663445,0.0958685231682264,0.1012096046217728,0.0261380323054332,8.064935064935066,0.0437869822485206,0.0243161094224924,-0.0220338983050847,0.003003003003003,5.614814814814815,-0.025287356321839,0.0414250207125104,0.0437869822485206,-0.0017755144294256,0.0148975945981963,0.0171993916875252,-0.0225457283270676,7.834030880396078,1.5492610837438423,Healthcare,35.0,1.0,56,8.15908865466791,3570.0,3405.0,10.032979547768882,9.477692177954713,10.00034199390001,9.443434254143561
MDT,2009Q2,2009,Q2,0,1,0,0,3829.0,2897.0,932.0,2897.0,1314.0,-371.0,819.0,48.0,128.0,368.0,496.0,23661.0,12851.0,22764.0,13064.0,0.096108644554714,0.3431705406111256,0.7565944110733873,0.2138939670932358,0.0334290937581614,337.0,326.0,324.0,348.0,329.0,298.0,300.0,327.0,293.0,320.0,299.0,294.0,0.096451058958214,0.0913165266106442,0.0874257960064759,0.0901554404145077,0.0966226138032305,0.0953905249679897,0.0959385992964502,0.0996951219512195,0.0961286089238845,0.1040650406504065,0.1032102174663445,0.0958685231682264,-0.0080310880829015,-0.8425584255842559,-0.0065157750342935,0.0574712643678161,-1.255685733976568,-0.3556254917387883,-0.952191235059761,-0.0127118644067796,0.013107170393215,-0.0065157750342935,0.0660326666126325,0.0213093961132959,0.00152758118768,-0.3504085657121241,-0.8412837614926162,-0.5727820844099913,Healthcare,35.0,2.0,57,8.250620082174692,3494.0,3860.0,10.071625664813608,9.461254720235749,10.032979547768882,9.477692177954713
MDT,2009Q3,2009,Q3,0,0,1,0,3933.0,2967.0,966.0,2967.0,1812.0,853.0,689.0,561.0,445.0,370.0,815.0,23574.0,13144.0,23661.0,12851.0,0.0940757691329773,0.4607170099160946,0.7543859649122807,0.1751843376557335,0.1131451817950673,368.0,337.0,326.0,324.0,348.0,329.0,298.0,300.0,327.0,293.0,320.0,299.0,0.096108644554714,0.096451058958214,0.0913165266106442,0.0874257960064759,0.0901554404145077,0.0966226138032305,0.0953905249679897,0.0959385992964502,0.0996951219512195,0.0961286089238845,0.1040650406504065,0.1032102174663445,0.0612520237452778,-0.3845089903181189,0.0406874780778674,0.1419753086419752,-0.2813816343723673,-0.3487712665406427,-0.3868852459016393,0.1298245614035087,0.3748103186646434,0.0406874780778674,0.0760641987864634,0.2954607274271976,-0.019377626809922,-0.3863580762267027,-0.4200331345331678,-0.221585482330468,Healthcare,35.0,3.0,58,8.277411998949004,3829.0,3706.0,10.067942107501658,9.483796737163981,10.071625664813608,9.461254720235749
MDT,2009Q4,2009,Q4,0,0,0,1,3838.0,2916.0,922.0,2916.0,1523.0,1387.0,1164.0,1110.0,868.0,369.0,1237.0,24284.0,13608.0,23574.0,13144.0,0.0961438249088066,0.3968212610734757,0.7597707139134966,0.3032829598749348,0.2261594580510682,370.0,368.0,337.0,326.0,324.0,348.0,329.0,298.0,300.0,327.0,293.0,320.0,0.0940757691329773,0.096108644554714,0.096451058958214,0.0913165266106442,0.0874257960064759,0.0901554404145077,0.0966226138032305,0.0953905249679897,0.0959385992964502,0.0996951219512195,0.0961286089238845,0.1040650406504065,0.0750700280112044,0.586837294332724,0.0852251581689615,0.1319018404907974,0.554932735426009,0.6894049346879536,0.781701444622793,0.044167610419026,-0.0039241334205363,0.0852251581689615,0.0528633586639257,-0.0734781543281173,0.0094460173692529,0.5714371070442923,0.4760315635142846,0.4169530355097366,Healthcare,35.0,4.0,59,8.252967195000798,3933.0,3570.0,10.097614154779846,9.518486617560317,10.067942107501658,9.483796737163981
MDT,2010Q1,2010,Q1,1,0,0,0,3851.0,2939.0,912.0,2939.0,1476.0,1354.0,1007.0,1063.0,831.0,344.0,1175.0,25168.0,14320.0,24284.0,13608.0,0.0893274474162555,0.3832770708906777,0.7631783952220202,0.2614905219423526,0.2157881069851986,369.0,370.0,368.0,337.0,326.0,324.0,348.0,329.0,298.0,300.0,327.0,293.0,0.0961438249088066,0.0940757691329773,0.096108644554714,0.096451058958214,0.0913165266106442,0.0874257960064759,0.0901554404145077,0.0966226138032305,0.0953905249679897,0.0959385992964502,0.0996951219512195,0.0961286089238845,0.1021751574127074,0.1905444126074498,0.1107331821617536,0.0207715133531156,0.173310225303293,0.0049900199600798,0.1903695408734602,0.0754716981132075,0.1742243436754176,0.1107331821617536,-0.0738572662540154,0.0653699965728147,0.0077646685206873,-0.0881757648038124,0.0801771429889457,0.1352657004830917,Healthcare,35.0,1.0,60,8.256347772918016,3838.0,3494.0,10.133368357503002,9.569482270478703,10.097614154779846,9.518486617560317
MDT,2010Q2,2010,Q2,0,1,0,0,4196.0,3184.0,1012.0,3184.0,1396.0,1548.0,1315.0,1234.0,954.0,377.0,1331.0,28090.0,14629.0,25168.0,14320.0,0.0898474737845567,0.332697807435653,0.7588179218303146,0.3133937082936129,0.2273593898951382,344.0,369.0,370.0,368.0,337.0,326.0,324.0,348.0,329.0,298.0,300.0,327.0,0.0893274474162555,0.0961438249088066,0.0940757691329773,0.096108644554714,0.096451058958214,0.0913165266106442,0.0874257960064759,0.0901554404145077,0.0966226138032305,0.0953905249679897,0.0959385992964502,0.0996951219512195,0.0958474797597284,6.453125,0.0990680013807387,0.0244565217391303,-5.172506738544475,0.6056166056166057,24.70833333333333,0.0858369098712446,0.0624048706240487,0.0990680013807387,-0.0651468013014464,-0.0305175763537933,0.0029388411074471,0.4651825507402247,5.801242999285034,1.683467741935484,Healthcare,35.0,2.0,61,8.34212526333359,3851.0,3829.0,10.24320451932223,9.59082949401417,10.133368357503002,9.569482270478703
MDT,2010Q3,2010,Q3,0,0,1,0,3773.0,2880.0,893.0,2880.0,1334.0,1334.0,1129.0,1040.0,830.0,385.0,1215.0,28660.0,14601.0,28090.0,14629.0,0.1020408163265306,0.3535648025443944,0.7633183143387225,0.2992313808640339,0.2199840975351179,377.0,344.0,369.0,370.0,368.0,337.0,326.0,324.0,348.0,329.0,298.0,300.0,0.0898474737845567,0.0893274474162555,0.0961438249088066,0.0940757691329773,0.096108644554714,0.096451058958214,0.0913165266106442,0.0874257960064759,0.0901554404145077,0.0966226138032305,0.0953905249679897,0.0959385992964502,-0.0406814136791253,0.8651685393258426,-0.0293225480283114,0.0405405405405405,0.5638921453692849,0.6386066763425253,0.8538324420677361,-0.0755693581780538,-0.2637969094922737,-0.0293225480283114,0.0846662989520132,-0.2325770593779784,0.011840556216446,0.7080943700119673,0.944263945181166,0.49079754601227,Healthcare,35.0,3.0,62,8.235890725928495,4196.0,3933.0,10.263292592608767,9.58891378461603,10.24320451932223,9.59082949401417
MDT,2010Q4,2010,Q4,0,0,0,1,3903.0,2942.0,961.0,2942.0,1371.0,1080.0,1098.0,752.0,566.0,397.0,963.0,29311.0,14825.0,28660.0,14601.0,0.1017166282346912,0.3512682551883166,0.7537791442480144,0.2813220599538816,0.1450166538560082,385.0,377.0,344.0,369.0,370.0,368.0,337.0,326.0,324.0,348.0,329.0,298.0,0.1020408163265306,0.0898474737845567,0.0893274474162555,0.0961438249088066,0.0940757691329773,0.096108644554714,0.096451058958214,0.0913165266106442,0.0874257960064759,0.0901554404145077,0.0966226138032305,0.0953905249679897,0.0169359041167274,-0.347926267281106,0.0089163237311384,0.075880758807588,-0.2213410237923576,-0.056701030927835,-0.3225225225225225,0.0422993492407808,-0.0998030203545633,0.0089163237311384,0.0579631955684147,-0.1147947712325939,-0.007886023448601,-0.0724105961314451,-0.3587858093325351,-0.221503637833468,Healthcare,35.0,4.0,63,8.269756947532983,3773.0,3838.0,10.285752267473857,9.604137675216665,10.263292592608767,9.58891378461603
MDT,2011Q1,2011,Q1,1,0,0,0,3961.0,2923.0,934.0,2923.0,1367.0,1299.0,1080.0,997.0,924.0,371.0,1295.0,30597.0,15358.0,29311.0,14825.0,0.0936632163595051,0.3451148699823277,0.7379449633930826,0.2726584195910124,0.2332744256500883,397.0,385.0,377.0,344.0,369.0,370.0,368.0,337.0,326.0,324.0,348.0,329.0,0.1017166282346912,0.1020408163265306,0.0898474737845567,0.0893274474162555,0.0961438249088066,0.0940757691329773,0.096108644554714,0.096451058958214,0.0913165266106442,0.0874257960064759,0.0901554404145077,0.0966226138032305,0.0285640093482213,0.111913357400722,-0.00544402858115,0.0784883720930231,-0.0406203840472673,0.0724925521350545,-0.0620884289746002,0.0241228070175438,-0.0738482384823848,-0.00544402858115,0.0485379250013209,-0.0995681813672466,-0.0330636087013402,0.0427086135501377,0.0810346728983035,0.102127659574468,Healthcare,35.0,1.0,64,8.284504227258497,3903.0,3851.0,10.328689926327325,9.639456900415627,10.285752267473857,9.604137675216665
MDT,2011Q2,2011,Q2,0,1,0,0,4295.0,3225.0,1070.0,3225.0,866.0,1249.0,1926.0,918.0,776.0,394.0,1170.0,30424.0,15968.0,30597.0,15358.0,0.0917345750873108,0.2016298020954598,0.7508731082654249,0.4484284051222351,0.1806752037252619,371.0,397.0,385.0,377.0,344.0,369.0,370.0,368.0,337.0,326.0,324.0,348.0,0.0936632163595051,0.1017166282346912,0.1020408163265306,0.0898474737845567,0.0893274474162555,0.0961438249088066,0.0940757691329773,0.096108644554714,0.096451058958214,0.0913165266106442,0.0874257960064759,0.0901554404145077,0.0235938989513821,-0.1865828092243187,0.0128768844221105,0.0450928381962865,-0.1931524547803618,0.4646387832699619,-0.2560777957860616,0.0573122529644267,-0.3796561604584527,0.0128768844221105,0.0210033874439157,-0.3939551220683743,-0.0104699867205645,0.4308787740630408,-0.2053321228184496,-0.1209616829451539,Healthcare,35.0,2.0,65,8.3654396361887,3961.0,4196.0,10.323019917855728,9.678404621840867,10.328689926327325,9.639456900415627
MDT,2011Q3,2011,Q3,0,0,1,0,4049.0,2995.0,951.0,2995.0,1380.0,1306.0,1167.0,1018.0,821.0,371.0,1192.0,31091.0,16340.0,30424.0,15968.0,0.0916275623610768,0.3408248950358113,0.7396888120523586,0.2882193134107187,0.2027661150901457,394.0,371.0,397.0,385.0,377.0,344.0,369.0,370.0,368.0,337.0,326.0,324.0,0.0917345750873108,0.0936632163595051,0.1017166282346912,0.1020408163265306,0.0898474737845567,0.0893274474162555,0.0961438249088066,0.0940757691329773,0.096108644554714,0.096451058958214,0.0913165266106442,0.0874257960064759,0.0731513384574609,-0.0108433734939759,0.0399305555555555,-0.0363636363636363,-0.0209895052473763,0.0336581045172719,-0.0211538461538461,0.0649496080627098,0.0344827586206897,0.0399305555555555,-0.1020498888614473,-0.0360327369039609,-0.0309562889327955,-0.036801178477731,-0.0782692141745544,-0.0189300411522633,Healthcare,35.0,3.0,66,8.306472160100585,4295.0,3773.0,10.34470583035011,9.701432566051784,10.323019917855728,9.678404621840867
MDT,2011Q4,2011,Q4,0,0,0,1,4132.0,3063.0,960.0,3063.0,1410.0,1341.0,1221.0,1043.0,871.0,379.0,1250.0,31753.0,16739.0,31091.0,16340.0,0.0917231364956437,0.3412391093901258,0.7412875121006777,0.2954985479186834,0.2107938044530493,371.0,394.0,371.0,397.0,385.0,377.0,344.0,369.0,370.0,368.0,337.0,326.0,0.0916275623610768,0.0917345750873108,0.0936632163595051,0.1017166282346912,0.1020408163265306,0.0898474737845567,0.0893274474162555,0.0961438249088066,0.0940757691329773,0.096108644554714,0.096451058958214,0.0913165266106442,0.0586728157827312,0.5388692579505301,0.0411284840244732,-0.0453400503778337,0.2416666666666667,0.1120218579234972,0.386968085106383,-0.0010405827263267,0.0284463894967177,0.0411284840244732,-0.0982483583312403,-0.0285512443839086,-0.0165720055306102,0.0503923793502927,0.4535834254068052,0.2980269989615784,Healthcare,35.0,4.0,67,8.326758814511733,4049.0,3903.0,10.365773980637456,9.725556344043467,10.34470583035011,9.701432566051784
MDT,2012Q1,2012,Q1,1,0,0,0,3918.0,2987.0,931.0,2987.0,1371.0,1351.0,1101.0,1053.0,935.0,364.0,1299.0,31911.0,17169.0,31753.0,16739.0,0.0929045431342521,0.3499234303215927,0.7623787646758551,0.281010719754977,0.2386421643695763,379.0,371.0,394.0,371.0,397.0,385.0,377.0,344.0,369.0,370.0,368.0,337.0,0.0917231364956437,0.0916275623610768,0.0917345750873108,0.0936632163595051,0.1017166282346912,0.1020408163265306,0.0898474737845567,0.0893274474162555,0.0961438249088066,0.0940757691329773,0.096108644554714,0.096451058958214,-0.0108558444837162,0.0119047619047618,0.0218953130345536,-0.0188679245283018,0.0400307929176289,0.0194444444444443,0.0561685055165497,-0.0032119914346895,0.0029261155815654,0.0218953130345536,-0.0081000125208278,0.0139332169011181,0.0331106010540751,0.0306328342124666,0.0230104037531295,0.0030888030888029,Healthcare,35.0,1.0,68,8.273591798199632,4132.0,3961.0,10.370737393585243,9.75091895389152,10.365773980637456,9.725556344043467
MDT,2012Q2,2012,Q2,0,1,0,0,4297.0,3250.0,1047.0,3250.0,1462.0,1300.0,1630.0,1031.0,991.0,393.0,1384.0,33083.0,17113.0,31911.0,17169.0,0.0914591575517803,0.3402373749127298,0.7563416336979288,0.3793344193623458,0.2306260181521992,364.0,379.0,371.0,394.0,371.0,397.0,385.0,377.0,344.0,369.0,370.0,368.0,0.0929045431342521,0.0917231364956437,0.0916275623610768,0.0917345750873108,0.0936632163595051,0.1017166282346912,0.1020408163265306,0.0898474737845567,0.0893274474162555,0.0961438249088066,0.0940757691329773,0.096108644554714,0.00046565774156,0.277061855670103,0.0077519379844961,-0.0025380710659898,0.0408326661329063,-0.1536863966770508,0.1230936819172112,-0.0214953271028037,0.6882217090069285,0.0077519379844961,-0.0030023307489936,0.6874359413974303,0.0072828889093348,-0.154080305731425,0.2764674587161024,0.1829059829059829,Healthcare,35.0,2.0,69,8.365905077202456,3918.0,4295.0,10.406805060811797,9.747652120978,10.370737393585243,9.75091895389152
MDT,2012Q3,2012,Q3,0,0,1,0,4008.0,3035.0,973.0,3035.0,1405.0,1374.0,1126.0,1088.0,864.0,385.0,1249.0,33252.0,17255.0,33083.0,17113.0,0.0960578842315369,0.3505489021956088,0.7572355289421158,0.280938123752495,0.2155688622754491,393.0,364.0,379.0,371.0,394.0,371.0,397.0,385.0,377.0,344.0,369.0,370.0,0.0914591575517803,0.0929045431342521,0.0917231364956437,0.0916275623610768,0.0917345750873108,0.0936632163595051,0.1017166282346912,0.1020408163265306,0.0898474737845567,0.0893274474162555,0.0961438249088066,0.0940757691329773,-0.0101259570264262,0.0523751522533495,0.0133555926544239,0.0377358490566037,0.0520673813169985,-0.0351328191945158,0.068762278978389,0.0231335436382755,0.0181159420289855,0.0133555926544239,0.0483514103867737,0.0285308007174058,0.0237217551541324,-0.025262670887873,0.0631404669345838,0.0478187919463086,Healthcare,35.0,3.0,70,8.296297112642508,4297.0,4049.0,10.41190026757783,9.755915188068993,10.406805060811797,9.747652120978
MDT,2012Q4,2012,Q4,0,0,0,1,4095.0,3075.0,1020.0,3075.0,1417.0,1148.0,1129.0,854.0,646.0,387.0,1033.0,33960.0,17175.0,33252.0,17255.0,0.0945054945054945,0.346031746031746,0.7509157509157509,0.2757020757020757,0.1577533577533577,385.0,393.0,364.0,379.0,371.0,394.0,371.0,397.0,385.0,377.0,344.0,369.0,0.0960578842315369,0.0914591575517803,0.0929045431342521,0.0917231364956437,0.0916275623610768,0.0917345750873108,0.0936632163595051,0.1017166282346912,0.1020408163265306,0.0898474737845567,0.0893274474162555,0.0961438249088066,-0.0089545014520813,-0.2583237657864523,0.0039177277179236,0.0211081794195251,-0.1439224459358687,-0.0753480753480753,-0.1812080536912751,0.0625,0.0049645390070922,0.0039177277179236,0.0303343094899821,0.0140448046831025,0.0129885350257534,-0.0669934669934669,-0.2516224176384911,-0.1735999999999999,Healthcare,35.0,4.0,71,8.317766166719343,4008.0,4132.0,10.432968086399285,9.751268339558617,10.41190026757783,9.755915188068993
MDT,2013Q1,2013,Q1,1,0,0,0,4027.0,3028.0,999.0,3028.0,1401.0,1467.0,1146.0,1155.0,988.0,376.0,1364.0,34949.0,17836.0,33960.0,17175.0,0.0933697541594238,0.3479016637695555,0.7519245095604669,0.2845790911348398,0.2453439284827415,387.0,385.0,393.0,364.0,379.0,371.0,394.0,371.0,397.0,385.0,377.0,344.0,0.0945054945054945,0.0960578842315369,0.0914591575517803,0.0929045431342521,0.0917231364956437,0.0916275623610768,0.0917345750873108,0.0936632163595051,0.1017166282346912,0.1020408163265306,0.0898474737845567,0.0893274474162555,0.0278203164880039,0.0566844919786095,0.0137261466354201,0.032967032967033,0.085862324204293,0.0408719346049046,0.0968660968660968,0.0730397422126745,0.0218818380743981,0.0137261466354201,0.0050074087819307,-0.005777739862058,-0.0137126787887816,0.0126983461092664,0.0280829003159157,0.0500384911470361,Healthcare,35.0,1.0,72,8.301025253838453,4095.0,3918.0,10.461673747661957,9.789030230558303,10.432968086399285,9.751268339558617
MDT,2013Q2,2013,Q2,0,1,0,0,4459.0,3326.0,1134.0,3326.0,1475.0,1469.0,1369.0,1154.0,969.0,409.0,1378.0,34794.0,18671.0,34949.0,17836.0,0.0917246019286835,0.3307916573222695,0.7459071540704194,0.3070195111011437,0.217313298945952,376.0,387.0,385.0,393.0,364.0,379.0,371.0,394.0,371.0,397.0,385.0,377.0,0.0933697541594238,0.0945054945054945,0.0960578842315369,0.0914591575517803,0.0929045431342521,0.0917231364956437,0.0916275623610768,0.0917345750873108,0.0936632163595051,0.1017166282346912,0.1020408163265306,0.0898474737845567,0.0377007214335582,-0.0221997981836529,0.0233846153846153,0.0407124681933841,0.1299999999999999,-0.160122699386503,0.1193016488845781,0.0830945558739255,0.008891928864569,0.0233846153846153,0.0029023269403389,-0.0277621398674471,-0.0137959873721255,-0.1906362949683345,-0.0577242728852112,-0.0043352601156069,Healthcare,35.0,2.0,73,8.40290404501411,4027.0,4297.0,10.45722897727895,9.834780354526337,10.461673747661957,9.789030230558303
MDT,2013Q3,2013,Q3,0,0,1,0,4083.0,3061.0,1022.0,3061.0,1416.0,1451.0,1155.0,1153.0,953.0,360.0,1313.0,34884.0,18519.0,34794.0,18671.0,0.0881704628949302,0.3468038207200588,0.7496938525593926,0.2828802351212344,0.2334068087190791,409.0,376.0,387.0,385.0,393.0,364.0,379.0,371.0,394.0,371.0,397.0,385.0,0.0917246019286835,0.0933697541594238,0.0945054945054945,0.0960578842315369,0.0914591575517803,0.0929045431342521,0.0917231364956437,0.0916275623610768,0.0917345750873108,0.0936632163595051,0.1017166282346912,0.1020408163265306,0.0187125748502994,0.1030092592592593,0.0085667215815485,-0.0649350649350649,0.0560407569141192,0.0257548845470692,0.0597426470588235,0.0503597122302157,0.0078291814946618,0.0085667215815485,-0.0821111291353758,-0.0106834779743804,-0.0099594856480904,0.006912950591392,0.0827482515579502,0.0512409927942354,Healthcare,35.0,3.0,74,8.314832179284556,4459.0,4008.0,10.459812216373336,9.82660650820017,10.45722897727895,9.834780354526337
MDT,2013Q4,2013,Q4,0,0,0,1,4194.0,3104.0,1090.0,3104.0,1438.0,1424.0,1173.0,1116.0,902.0,372.0,1274.0,36468.0,18744.0,34884.0,18519.0,0.0886981402002861,0.3428707677634716,0.7401049117787315,0.2796852646638054,0.2150691463996185,360.0,409.0,376.0,387.0,385.0,393.0,364.0,379.0,371.0,394.0,371.0,397.0,0.0881704628949302,0.0917246019286835,0.0933697541594238,0.0945054945054945,0.0960578842315369,0.0914591575517803,0.0929045431342521,0.0917231364956437,0.0916275623610768,0.0917345750873108,0.0936632163595051,0.1017166282346912,0.024175824175824,0.3962848297213621,0.0094308943089431,-0.0387596899224805,0.2404181184668989,0.0389725420726305,0.3067915690866509,0.0686274509803921,0.014820042342978,0.0094308943089431,-0.0614499118341815,-0.0091349371973067,-0.0143968735824697,0.0144474391481692,0.3633253165734331,0.2333010648596321,Healthcare,35.0,4.0,75,8.341648618901306,4083.0,4095.0,10.504217863629703,9.838682329170013,10.459812216373336,9.82660650820017
MDT,2014Q1,2014,Q1,1,0,0,0,4163.0,3113.0,1050.0,3113.0,1454.0,1261.0,1165.0,955.0,762.0,360.0,1122.0,37231.0,19354.0,36468.0,18744.0,0.086476098967091,0.3492673552726399,0.7477780446793179,0.2798462647129474,0.1830410761470093,372.0,360.0,409.0,376.0,387.0,385.0,393.0,364.0,379.0,371.0,394.0,371.0,0.0886981402002861,0.0881704628949302,0.0917246019286835,0.0933697541594238,0.0945054945054945,0.0960578842315369,0.0914591575517803,0.0929045431342521,0.0917231364956437,0.0916275623610768,0.0917345750873108,0.0936632163595051,0.0337720387385149,-0.228744939271255,0.0280713342140026,-0.0425531914893616,-0.1404226312201772,0.0165794066317626,-0.1731601731601731,0.0510510510510511,0.0378301213418985,0.0280713342140026,-0.0738317804774585,0.0039255101234267,-0.0055144696421357,-0.0166309703324265,-0.2539408768785357,-0.1774193548387096,Healthcare,35.0,1.0,76,8.33423142973486,4194.0,4027.0,10.524923885542073,9.870706063011749,10.504217863629703,9.838682329170013
MDT,2014Q2,2014,Q2,0,1,0,0,4566.0,3394.0,1171.0,3394.0,1539.0,799.0,1325.0,481.0,448.0,385.0,833.0,37943.0,19443.0,37231.0,19354.0,0.0843188786684187,0.3370565045992115,0.7433201927288655,0.2901883486640385,0.0981165133596145,360.0,372.0,360.0,409.0,376.0,387.0,385.0,393.0,364.0,379.0,371.0,394.0,0.086476098967091,0.0886981402002861,0.0881704628949302,0.0917246019286835,0.0933697541594238,0.0945054945054945,0.0960578842315369,0.0914591575517803,0.0929045431342521,0.0917231364956437,0.0916275623610768,0.0917345750873108,0.0239964117515139,-0.5376676986584108,0.0204449789536982,-0.058679706601467,-0.4560925799863853,-0.0321402483564645,-0.5831889081455806,0.0326278659611993,0.0433898305084745,0.0204449789536982,-0.0807386797494396,0.018938951869752,-0.003468208244735,-0.054821149238168,-0.5485020298549832,-0.395500725689405,Healthcare,35.0,2.0,77,8.426611813185,4163.0,4459.0,10.543866667557417,9.875293818165346,10.524923885542073,9.870706063011749
MDT,2014Q3,2014,Q3,0,0,1,0,4273.0,3168.0,1105.0,2080.0,1506.0,1395.0,1088.0,1083.0,871.0,365.0,1236.0,37554.0,19248.0,37943.0,19443.0,0.0854200795693891,0.3524455885794523,0.7413994851392465,0.2546220454013573,0.203838052890241,385.0,360.0,372.0,360.0,409.0,376.0,387.0,385.0,393.0,364.0,379.0,371.0,0.0843188786684187,0.086476098967091,0.0886981402002861,0.0881704628949302,0.0917246019286835,0.0933697541594238,0.0945054945054945,0.0960578842315369,0.0914591575517803,0.0929045431342521,0.0917231364956437,0.0916275623610768,0.0465344109723242,-0.0860440713536201,0.0349558967657628,0.0138888888888888,-0.0385940730530668,-0.0580086580086579,-0.0607111882046834,0.0812133072407044,0.0635593220338983,-0.3204835021234891,-0.0311939308838443,0.0162678941877851,-0.0110636727136415,-0.0998945356071497,-0.1266833473758087,-0.0586443259710586,Healthcare,35.0,3.0,78,8.360305435879093,4566.0,4083.0,10.533561804120112,9.865214390314636,10.543866667557417,9.875293818165346
MDT,2014Q4,2014,Q4,0,0,0,1,4366.0,3224.0,1142.0,2194.0,1507.0,1324.0,1030.0,1022.0,828.0,374.0,1202.0,38780.0,19438.0,37554.0,19248.0,0.0856619331195602,0.3451672010994044,0.7384333486028402,0.2359138799816766,0.1896472743930371,365.0,385.0,360.0,372.0,360.0,409.0,376.0,387.0,385.0,393.0,364.0,379.0,0.0854200795693891,0.0843188786684187,0.086476098967091,0.0886981402002861,0.0881704628949302,0.0917246019286835,0.0933697541594238,0.0945054945054945,0.0960578842315369,0.0914591575517803,0.0929045431342521,0.0917231364956437,0.0410109680495947,-0.0820399113082039,0.038659793814433,0.0053763440860215,-0.0702247191011236,-0.1219096334185848,-0.0842293906810035,0.0477064220183485,0.0479833101529902,-0.2931701030927834,-0.0342307862810871,0.0066976644025746,-0.0022585489560851,-0.1565022910118059,-0.1182032496625302,-0.0565149136577708,Healthcare,35.0,4.0,79,8.381831553485561,4273.0,4194.0,10.565685714952057,9.875036636362113,10.533561804120112,9.865214390314636
MDT,2015Q1,2015,Q1,1,0,0,0,4318.0,3190.0,1128.0,1915.0,1487.0,1576.0,1275.0,1194.0,977.0,373.0,1350.0,55233.0,20173.0,38780.0,19438.0,0.0863825845298749,0.3443723946271422,0.7387679481241315,0.2952755905511811,0.2262621584066697,374.0,365.0,385.0,360.0,372.0,360.0,409.0,376.0,387.0,385.0,393.0,364.0,0.0856619331195602,0.0854200795693891,0.0843188786684187,0.086476098967091,0.0886981402002861,0.0881704628949302,0.0917246019286835,0.0933697541594238,0.0945054945054945,0.0960578842315369,0.0914591575517803,0.0929045431342521,0.037232764833053,0.2821522309711286,0.0247349823321554,0.0361111111111112,0.2498017446471054,0.094420600858369,0.250261780104712,0.0742857142857142,0.0226960110041265,-0.3848377770639255,-0.0010813905614738,-0.0140149389045439,-0.0120491589975074,0.0551350072657226,0.236127776177121,0.2032085561497325,Healthcare,35.0,1.0,80,8.3707791729607,4366.0,4163.0,10.919333984679737,9.91214992561478,10.565685714952057,9.875036636362113
MDT,2015Q2,2015,Q2,0,1,0,0,7304.0,4370.0,2934.0,4370.0,2404.0,1163.0,990.0,187.0,-1.0,528.0,527.0,106685.0,53230.0,55233.0,20173.0,0.0723776836225057,0.3291347207009857,0.598302300109529,0.1355421686746988,-0.0001369112814895,373.0,374.0,365.0,385.0,360.0,372.0,360.0,409.0,376.0,387.0,385.0,393.0,0.0863825845298749,0.0856619331195602,0.0854200795693891,0.0843188786684187,0.086476098967091,0.0886981402002861,0.0881704628949302,0.0917246019286835,0.0933697541594238,0.0945054945054945,0.0960578842315369,0.0914591575517803,0.5996495838808584,-1.0022321428571428,0.2875662934590453,0.3714285714285714,0.4555694618272841,-0.2528301886792453,-0.6112266112266111,1.5055508112724167,0.5620532813515269,0.2875662934590453,-0.1426693788139572,-0.0235028364387906,-0.1950947842368563,-0.5329165719481701,-1.0013953948912533,-0.3673469387755101,Healthcare,35.0,2.0,81,8.8963143241848,4318.0,4566.0,11.577645219684003,10.882396212388988,10.919333984679737,9.91214992561478
MDT,2015Q3,2015,Q3,0,0,1,0,7274.0,4818.0,2456.0,3687.0,2449.0,1947.0,1131.0,940.0,820.0,558.0,1378.0,104626.0,52809.0,106685.0,53230.0,0.076711575474292,0.3366785812482815,0.662359087159747,0.155485290074237,0.1127302722023645,528.0,373.0,374.0,365.0,385.0,360.0,372.0,360.0,409.0,376.0,387.0,385.0,0.0723776836225057,0.0863825845298749,0.0856619331195602,0.0854200795693891,0.0843188786684187,0.086476098967091,0.0886981402002861,0.0881704628949302,0.0917246019286835,0.0933697541594238,0.0945054945054945,0.0960578842315369,0.7023168733910601,-0.0585533869115958,0.5208333333333333,0.5287671232876712,0.3956989247311828,0.0395220588235294,-0.1320406278855032,1.2226244343891404,0.6261620185922976,0.7725961538461539,-0.1019491452009596,-0.0447360042005928,-0.1066097287141417,-0.38934867234631,-0.446961592283922,0.1148867313915857,Healthcare,35.0,3.0,82,8.892199092039693,7304.0,4273.0,11.558156923499153,10.874455845700979,11.577645219684003,10.882396212388988
MDT,2015Q4,2015,Q4,0,0,0,1,7058.0,4876.0,2182.0,3576.0,2343.0,2103.0,1300.0,1083.0,520.0,545.0,1065.0,104945.0,52269.0,104626.0,52809.0,0.077217342023236,0.3319637291017285,0.69084726551431,0.1841881552847832,0.0736752621139132,558.0,528.0,373.0,374.0,365.0,385.0,360.0,372.0,360.0,409.0,376.0,387.0,0.076711575474292,0.0723776836225057,0.0863825845298749,0.0856619331195602,0.0854200795693891,0.0843188786684187,0.086476098967091,0.0886981402002861,0.0881704628949302,0.0917246019286835,0.0933697541594238,0.0945054945054945,0.6165826843792945,-0.3719806763285024,0.5124069478908189,0.4572192513368984,0.588368580060423,0.2621359223300972,0.0596868884540118,0.9106830122591943,0.5547445255474452,0.6298997265268915,-0.0985804404453245,-0.0382523946528553,-0.0644419475076063,-0.2192568097345985,-0.6115142579838824,-0.1139767054908486,Healthcare,35.0,4.0,83,8.862058677395472,7274.0,4366.0,11.561201211135119,10.864177871706968,11.558156923499153,10.874455845700979
MDT,2016Q1,2016,Q1,1,0,0,0,6934.0,4793.0,2141.0,3438.0,2317.0,2169.0,1355.0,1179.0,1095.0,546.0,1641.0,102706.0,50816.0,104945.0,52269.0,0.0787424286126334,0.3341505624459187,0.6912316123449669,0.1954139025093741,0.1579175079319296,545.0,558.0,528.0,373.0,374.0,365.0,385.0,360.0,372.0,360.0,409.0,376.0,0.077217342023236,0.076711575474292,0.0723776836225057,0.0863825845298749,0.0856619331195602,0.0854200795693891,0.0843188786684187,0.086476098967091,0.0886981402002861,0.0881704628949302,0.0917246019286835,0.0933697541594238,0.6058360352014822,0.1207778915046058,0.5025078369905955,0.4638069705093834,0.3762690355329949,0.0627450980392156,-0.0125628140703517,0.8980496453900708,0.5581708137188972,0.7953002610966058,-0.0884455583127318,-0.0296824958698878,-0.0643454225374398,-0.338198250168253,-0.3020595708801717,0.2155555555555555,Healthcare,35.0,1.0,84,8.844336332748933,7058.0,4318.0,11.539635553282297,10.835986223254492,11.561201211135119,10.864177871706968
MDT,2016Q2,2016,Q2,0,1,0,0,7567.0,5204.0,2363.0,3699.0,2360.0,2323.0,1505.0,1134.0,1104.0,575.0,1679.0,99547.0,51828.0,102706.0,50816.0,0.0759878419452887,0.3118805338971851,0.6877230077970133,0.1988899167437557,0.1458966565349544,546.0,545.0,558.0,528.0,373.0,374.0,365.0,385.0,360.0,372.0,360.0,409.0,0.0787424286126334,0.077217342023236,0.076711575474292,0.0723776836225057,0.0863825845298749,0.0856619331195602,0.0854200795693891,0.0843188786684187,0.086476098967091,0.0886981402002861,0.0881704628949302,0.0917246019286835,0.0360076670317635,-1105.0,0.1908466819221967,0.0890151515151516,0.9974204643164232,0.5202020202020201,5.064171122994653,-0.194614860259032,-0.0183028286189683,-0.1535469107551487,0.0511651469098277,-0.0524228703889184,0.1494574025055801,0.4673656079761539,-1066.629179331307,2.18595825426945,Healthcare,35.0,2.0,85,8.931684110731714,6934.0,7304.0,11.508395218883697,10.855705117152361,11.539635553282297,10.835986223254492
MDT,2016Q3,2016,Q3,0,0,1,0,7166.0,4905.0,2261.0,3738.0,2428.0,1997.0,1167.0,988.0,929.0,556.0,1485.0,98601.0,50824.0,99547.0,51828.0,0.0775886128942227,0.3388222160200949,0.6844822774211554,0.1628523583589171,0.1296399665085124,575.0,546.0,545.0,558.0,528.0,373.0,374.0,365.0,385.0,360.0,372.0,360.0,0.0759878419452887,0.0787424286126334,0.077217342023236,0.076711575474292,0.07237365966814208,0.0863825845298749,0.0856619331195602,0.0854200795693891,0.0843188786684187,0.086476098967091,0.0886981402002861,0.0881704628949302,-0.0148474017047016,0.1329268292682925,0.0180572851805729,-0.003584229390681,0.0256805341551105,0.0318302387267903,0.0510638297872341,-0.0793973941368078,-0.0085749285422621,0.0138323840520748,0.0114329214920718,0.0063670066680971,0.0334005989957419,0.0473811270581461,0.1500013614425845,0.0776487663280116,Healthcare,35.0,3.0,86,8.877242435993919,7567.0,7274.0,11.498846824360669,10.836143638496548,11.508395218883697,10.855705117152361
MDT,2016Q4,2016,Q4,0,0,0,1,7345.0,5019.0,2326.0,3634.0,2416.0,2208.0,1385.0,1212.0,1115.0,554.0,1669.0,98406.0,50186.0,98601.0,50824.0,0.0754254594962559,0.328931245745405,0.6833219877467666,0.1885636487406398,0.1518039482641252,556.0,575.0,546.0,545.0,558.0,528.0,373.0,374.0,365.0,385.0,360.0,372.0,0.0775886128942227,0.0759878419452887,0.0787424286126334,0.077217342023236,0.076711575474292,0.07236963571377845,0.0863825845298749,0.0856619331195602,0.0854200795693891,0.0843188786684187,0.086476098967091,0.0886981402002861,0.0406630773590253,1.1442307692307692,0.0293273174733388,0.0165137614678898,0.0499286733238231,0.0653846153846153,0.1191135734072021,0.0659945004582951,0.0311566367904396,0.0162192393736018,-0.023205700688854,-0.0091349840072263,-0.0108928241352176,0.0237555637011048,1.0604466670157615,0.5671361502347418,Healthcare,35.0,4.0,87,8.901911226379612,7166.0,7058.0,11.496867218721524,10.823511307999391,11.498846824360669,10.836143638496548
MDT,2017Q1,2017,Q1,1,0,0,0,7283.0,5015.0,2268.0,3868.0,2388.0,1965.0,1147.0,967.0,821.0,530.0,1351.0,97578.0,49387.0,98406.0,50186.0,0.0727722092544281,0.3278868598105176,0.6885898668131265,0.1574900453109982,0.112728271316765,554.0,556.0,575.0,546.0,545.0,558.0,528.0,373.0,374.0,365.0,385.0,360.0,0.0754254594962559,0.0775886128942227,0.0759878419452887,0.0787424286126334,0.077217342023236,0.076711575474292,0.07236561175941483,0.0863825845298749,0.0856619331195602,0.0854200795693891,0.0843188786684187,0.086476098967091,0.0503316988751081,-0.2502283105022831,0.0463175464218652,-0.0293040293040293,-0.0940525587828492,-0.1535055350553505,-0.179813401187447,0.0593180756655769,0.0306430729391453,0.1250727166957532,-0.0758195989556692,-0.0187451506576913,-0.0038217950172713,-0.1940693917443087,-0.2861572298534713,-0.1767215112736136,Healthcare,35.0,1.0,88,8.8934354408475,7345.0,6934.0,11.488417585315677,10.807462758687635,11.496867218721524,10.823511307999391
MDT,2017Q2,2017,Q2,0,1,0,0,7916.0,5480.0,2436.0,3849.0,2479.0,2443.0,1631.0,1435.0,1163.0,553.0,1716.0,99816.0,50294.0,97578.0,49387.0,0.0723776836225057,0.3131632137443153,0.6922688226376958,0.2060384032339565,0.1469176351692774,530.0,554.0,556.0,575.0,546.0,545.0,558.0,528.0,373.0,374.0,365.0,385.0,0.0727722092544281,0.0754254594962559,0.0775886128942227,0.0759878419452887,0.0787424286126334,0.077217342023236,0.076711575474292,0.07236158780505121,0.0863825845298749,0.0856619331195602,0.0854200795693891,0.0843188786684187,0.0461213162415752,0.0534420289855073,0.0530361260568792,-0.0382608695652173,0.0516573396470081,0.0837209302325581,0.2654320987654321,0.0308929327126534,0.0504237288135593,0.040551500405515,-0.0806619504800403,0.0041127281369637,0.006609950211269,0.0359419250972421,0.0069979577227556,0.0220369267421083,Healthcare,35.0,2.0,89,8.976767625171433,7283.0,7567.0,11.511093788474591,10.825660947568439,11.488417585315677,10.807462758687635
MDT,2017Q3,2017,Q3,0,0,1,0,7390.0,5038.0,2352.0,3656.0,2580.0,2026.0,1382.0,1195.0,1016.0,548.0,1564.0,100167.0,50672.0,99816.0,50294.0,0.0741542625169147,0.3491204330175913,0.6817320703653585,0.1870094722598105,0.1374830852503382,553.0,530.0,554.0,556.0,575.0,546.0,545.0,558.0,528.0,373.0,374.0,365.0,0.0723776836225057,0.0727722092544281,0.0754254594962559,0.0775886128942227,0.0759878419452887,0.0787424286126334,0.077217342023236,0.076711575474292,0.07235756385068759,0.0863825845298749,0.0856619331195602,0.0854200795693891,0.0312587217415574,0.093649085037675,0.0271151885830784,-0.0143884892086331,0.0145217826740109,0.1842330762639246,0.2095141700404859,0.0402476780185758,0.0626029654036244,-0.0219368646334938,-0.0442635877765988,0.0303941610395632,-0.0040179375661244,0.1483375134651261,0.060499234557507,0.0531986531986532,Healthcare,35.0,3.0,90,8.908018322784887,7916.0,7166.0,11.514604055348784,10.833148503348454,11.511093788474591,10.825660947568439
MDT,2017Q4,2017,Q4,0,0,0,1,7050.0,4927.0,2123.0,3033.0,2539.0,1883.0,1894.0,1728.0,2017.0,556.0,2573.0,94458.0,51469.0,100167.0,50672.0,0.0788652482269503,0.3601418439716312,0.6988652482269504,0.2686524822695035,0.2860992907801418,548.0,553.0,530.0,554.0,556.0,575.0,546.0,545.0,558.0,528.0,373.0,374.0,0.0741542625169147,0.0723776836225057,0.0727722092544281,0.0754254594962559,0.0775886128942227,0.0759878419452887,0.0787424286126334,0.077217342023236,0.076711575474292,0.07235353989632397,0.0863825845298749,0.0856619331195602,-0.0401633764465623,0.8089686098654709,-0.0183303446901773,0.0036101083032491,-0.1471920289855072,0.367509025270758,0.4257425742574257,-0.0872742906276869,0.0509105960264901,-0.1653824986241057,0.0456051412038815,0.0948848691935557,0.0227466125178223,0.4247310341296055,0.8846630410584233,0.5416417016177351,Healthcare,35.0,4.0,91,8.860924729719041,7390.0,7345.0,11.455921156902434,10.8487543926468,11.514604055348784,10.833148503348454
MDT,2018Q1,2018,Q1,1,0,0,0,7369.0,5175.0,2194.0,3739.0,2523.0,1963.0,1436.0,1027.0,-1389.0,559.0,-830.0,95800.0,50234.0,94458.0,51469.0,0.0758583254172886,0.3423802415524494,0.7022662505088886,0.1948704030397611,-0.1884923327452843,556.0,548.0,553.0,530.0,554.0,556.0,575.0,546.0,545.0,558.0,528.0,373.0,0.0788652482269503,0.0741542625169147,0.0723776836225057,0.0727722092544281,0.0754254594962559,0.0775886128942227,0.0759878419452887,0.0787424286126334,0.077217342023236,0.076711575474292,0.07234951594196035,0.0863825845298749,0.011808320746945,-2.6918392204628505,0.0319042871385841,0.0547169811320755,-0.0010178117048346,0.2519616390584132,0.0620475698035161,-0.0326278659611992,0.056532663316583,-0.0333505687693899,0.0424078943662511,0.0442023866107577,0.0198614361826989,0.2373506062236969,-2.672094591210604,-1.6143597335307178,Healthcare,35.0,1.0,92,8.905172985183382,7050.0,7283.0,11.470028402317833,10.824467273896415,11.455921156902434,10.8487543926468
MDT,2018Q2,2018,Q2,0,1,0,0,8144.0,5749.0,2395.0,3814.0,2552.0,2706.0,1935.0,1725.0,1460.0,592.0,2052.0,91393.0,50720.0,95800.0,50234.0,0.0726915520628683,0.3133595284872298,0.7059184675834971,0.2375982318271119,0.1792730844793713,559.0,556.0,548.0,553.0,530.0,554.0,556.0,575.0,546.0,545.0,558.0,528.0,0.0758583254172886,0.0788652482269503,0.0741542625169147,0.0723776836225057,0.0727722092544281,0.0754254594962559,0.0775886128942227,0.0759878419452887,0.0787424286126334,0.077217342023236,0.076711575474292,0.07234549198759671,0.0288024254674077,0.2553740326741187,0.0490875912408759,0.0705244122965642,0.1076545231273025,0.1863887185775596,0.2020905923344946,-0.016830870279146,0.0294473578055667,-0.0090932709794752,0.0405539351350199,0.0006268767668058,0.0197172608377669,0.1531744961026475,0.2202284924666409,0.1958041958041958,Healthcare,35.0,2.0,93,9.005159521036145,7369.0,7916.0,11.422935109773258,10.834095305005077,11.470028402317833,10.824467273896415
MDT,2018Q3,2018,Q3,0,0,1,0,7384.0,5180.0,2204.0,3944.0,2597.0,2088.0,1236.0,1180.0,1075.0,585.0,1660.0,89721.0,50224.0,91393.0,50720.0,0.079225352112676,0.3517063921993499,0.7015167930660888,0.1673889490790899,0.1455850487540628,592.0,559.0,556.0,548.0,553.0,530.0,554.0,556.0,575.0,546.0,545.0,558.0,0.0726915520628683,0.0758583254172886,0.0788652482269503,0.0741542625169147,0.07237365966814208,0.0727722092544281,0.0754254594962559,0.0775886128942227,0.0759878419452887,0.0787424286126334,0.077217342023236,0.076711575474292,-0.0008119079837618,0.0580708661417321,0.0281857880111155,0.0675182481751823,0.0306021717670286,-0.105643994211288,-0.0125523012552301,-0.0629251700680272,0.0065891472868218,0.0787746170678336,0.0683856790377301,0.0074070691291459,0.0290212585864224,-0.1049172693961834,0.0589306203666579,0.0613810741687979,Healthcare,35.0,3.0,94,8.90720619496548,8144.0,7390.0,11.404471279959477,10.824268189683135,11.422935109773258,10.834095305005077
MDT,2018Q4,2018,Q4,0,0,0,1,7481.0,5278.0,2203.0,3734.0,2605.0,2247.0,1544.0,1355.0,1115.0,590.0,1705.0,88150.0,49607.0,89721.0,50224.0,0.0788664617029808,0.3482154792140088,0.7055206523192087,0.2063895201176313,0.149044245421735,585.0,592.0,559.0,556.0,548.0,553.0,530.0,554.0,556.0,575.0,546.0,545.0,0.079225352112676,0.0726915520628683,0.0758583254172886,0.0788652482269503,0.0741542625169147,0.07236963571377845,0.0727722092544281,0.0754254594962559,0.0775886128942227,0.0759878419452887,0.0787424286126334,0.077217342023236,0.0611347517730496,-0.4471988101140307,0.0712401055408971,0.0611510791366907,0.1933085501858735,-0.1847940865892291,-0.2158564814814815,0.0376825247291567,0.0259944860181173,0.2311242993735576,1.5386701466058028e-05,-0.0331157430253004,0.00952315787506,-0.2317602339866415,-0.479047134247282,-0.3373493975903614,Healthcare,35.0,4.0,95,8.920255414908091,7384.0,7050.0,11.38680653206116,10.811907390029713,11.404471279959477,10.824268189683135
MDT,2019Q1,2019,Q1,1,0,0,0,7546.0,5281.0,2265.0,3739.0,2596.0,2288.0,1542.0,1370.0,1269.0,561.0,1830.0,88730.0,49829.0,88150.0,49607.0,0.0743440233236151,0.3440233236151603,0.6998409753511794,0.2043466737344288,0.1681685661277498,590.0,585.0,592.0,559.0,556.0,548.0,553.0,530.0,554.0,556.0,575.0,546.0,0.0788664617029808,0.079225352112676,0.0726915520628683,0.0758583254172886,0.0788652482269503,0.0741542625169147,0.07236561175941483,0.0727722092544281,0.0754254594962559,0.0775886128942227,0.0759878419452887,0.0787424286126334,0.0240195413217532,-1.913606911447084,0.0204830917874396,0.0035778175313059,0.1655629139072847,0.0738161559888579,0.3339824732229794,0.0323609845031904,0.0289338089575901,0.0,-0.0199622399432556,0.0047989979072995,-0.0034534980941369,0.0486285785160209,-1.8921772237547796,-3.2048192771084336,Healthcare,35.0,1.0,96,8.928905412284868,7481.0,7369.0,11.39336459991126,10.81637249127545,11.38680653206116,10.811907390029713
MDT,2019Q2,2019,Q2,0,1,0,0,8146.0,5663.0,2483.0,3717.0,2620.0,2677.0,1946.0,1292.0,1172.0,594.0,1766.0,89694.0,50091.0,88730.0,49829.0,0.0729192241590964,0.321630247974466,0.6951878222440462,0.2388902528848514,0.1438742941320893,561.0,590.0,585.0,592.0,559.0,556.0,548.0,553.0,530.0,554.0,556.0,575.0,0.0743440233236151,0.0788664617029808,0.079225352112676,0.0726915520628683,0.0758583254172886,0.0788652482269503,0.0741542625169147,0.07236158780505121,0.0727722092544281,0.0754254594962559,0.0775886128942227,0.0759878419452887,0.00024557956778,-0.1972602739726027,-0.0149591233257957,0.0033783783783782,-0.0107169253510717,0.0056847545219638,-0.2510144927536232,0.0367432150313151,0.0266457680250784,-0.0254326166754064,0.0031320296481112,0.0263937067022144,-0.0152009698459711,0.0054378395319019,-0.1974573620467562,-0.1393762183235867,Healthcare,35.0,2.0,97,9.005405040310642,7546.0,8144.0,11.40417030513319,10.821616593683924,11.39336459991126,10.81637249127545
MDT,2019Q3,2019,Q3,0,0,1,0,7493.0,5127.0,2366.0,3642.0,2543.0,2243.0,1485.0,977.0,864.0,587.0,1451.0,91268.0,50363.0,89694.0,50091.0,0.0783397837982116,0.3393834245295609,0.6842386227145336,0.1981849726411317,0.1153076204457493,594.0,561.0,590.0,585.0,592.0,559.0,556.0,548.0,553.0,530.0,554.0,556.0,0.0729192241590964,0.0743440233236151,0.0788664617029808,0.079225352112676,0.0726915520628683,0.0758583254172886,0.0788652482269503,0.0741542625169147,0.07235756385068759,0.0727722092544281,0.0754254594962559,0.0775886128942227,0.0147616468039002,-0.1962790697674418,-0.0102316602316602,0.0034188034188034,0.0742337164750956,0.2014563106796116,-0.1720338983050847,0.0735027223230491,-0.0207932229495572,-0.0765720081135902,-0.0111778400581284,-0.0350376562471013,-0.024629731636271,0.1839788333188647,-0.2079707261661271,-0.1259036144578312,Healthcare,35.0,3.0,98,8.921857979353632,8146.0,7384.0,11.421566468948216,10.82703191312159,11.40417030513319,10.821616593683924
MDT,2019Q4,2019,Q4,0,0,0,1,7706.0,5312.0,2394.0,3961.0,2620.0,2130.0,1351.0,1294.0,1364.0,603.0,1967.0,91053.0,50578.0,91268.0,50363.0,0.0782507137295613,0.3399948092395536,0.6893329872826369,0.1753179340773423,0.177004931222424,587.0,594.0,561.0,590.0,585.0,592.0,559.0,556.0,548.0,553.0,530.0,554.0,0.0783397837982116,0.0729192241590964,0.0743440233236151,0.0788664617029808,0.079225352112676,0.0726915520628683,0.0758583254172886,0.0788652482269503,0.0741542625169147,0.07235353989632397,0.0727722092544281,0.0754254594962559,0.0300761930223232,0.2233183856502241,0.0064418340280409,0.0220338983050847,-0.0520694259012015,-0.125,-0.0450184501845017,0.0866999546073536,0.0057581573896352,0.0607927155865024,-0.0078074755748326,-0.0236079969592704,-0.0229442823301616,-0.1505482740721515,0.1875999017712597,0.15366568914956,Healthcare,35.0,4.0,99,8.949884285777994,7493.0,7481.0,11.419208016096322,10.831291749368175,11.421566468948216,10.82703191312159
MDT,2020Q1,2020,Q1,1,0,0,0,7717.0,5317.0,2400.0,3678.0,2587.0,2398.0,1639.0,1579.0,1915.0,573.0,2488.0,92822.0,51808.0,91053.0,50578.0,0.0742516521964494,0.3352338991836205,0.6889983154075418,0.2123882337695996,0.2481534274977322,603.0,587.0,594.0,561.0,590.0,585.0,592.0,559.0,556.0,548.0,553.0,530.0,0.0782507137295613,0.0783397837982116,0.0729192241590964,0.0743440233236151,0.0788664617029808,0.079225352112676,0.0726915520628683,0.0758583254172886,0.0788652482269503,0.0741542625169147,0.07234951594196035,0.0727722092544281,0.0226610124569308,0.5090622537431049,0.00681689074039,0.0213903743315508,0.0480769230769231,0.062905317769131,0.1525547445255475,0.0596026490066226,-0.0034668721109398,-0.0163145225996255,-0.0012424822203079,-0.0255489201696453,-0.0154930338827286,0.0393525369814518,0.4756231393994388,0.3595628415300547,Healthcare,35.0,1.0,100,8.951310542097564,7706.0,7546.0,11.438449732893423,10.855319158329374,11.419208016096322,10.831291749368175
MDT,2020Q2,2020,Q2,0,1,0,0,5998.0,3733.0,2264.0,3417.0,2359.0,1039.0,316.0,205.0,646.0,567.0,1213.0,90689.0,50737.0,92822.0,51808.0,0.0945315105035011,0.393297765921974,0.622374124708236,0.0526842280760253,0.1077025675225075,573.0,603.0,587.0,594.0,561.0,590.0,585.0,592.0,559.0,556.0,548.0,553.0,0.0742516521964494,0.0782507137295613,0.0783397837982116,0.0729192241590964,0.0743440233236151,0.0788664617029808,0.079225352112676,0.0726915520628683,0.0758583254172886,0.0788652482269503,0.0741542625169147,0.07234549198759671,-0.2636876994844095,-0.4488054607508532,-0.3408087586085113,-0.0454545454545454,-0.6118789689951438,-0.8376156217882836,-0.8413312693498451,-0.0881997583568264,-0.0996183206106869,-0.0807102502017755,0.2963866743459942,0.2228258019848856,-0.1047396044723131,-0.7794626300579124,-0.2514120178853702,-0.3131370328425821,Healthcare,35.0,2.0,101,8.699348067653093,7717.0,8146.0,11.415202376441613,10.834430415742597,11.438449732893423,10.855319158329374
MDT,2020Q3,2020,Q3,0,0,1,0,6507.0,4002.0,2505.0,3329.0,2417.0,1424.0,673.0,584.0,487.0,621.0,1108.0,93906.0,50296.0,90689.0,50737.0,0.0954356846473029,0.3714461349316121,0.6150299677270632,0.1034270785308129,0.0748424773321038,567.0,573.0,603.0,587.0,594.0,561.0,590.0,585.0,592.0,559.0,556.0,548.0,0.0945315105035011,0.0742516521964494,0.0782507137295613,0.0783397837982116,0.0729192241590964,0.0743440233236151,0.0788664617029808,0.079225352112676,0.0726915520628683,0.0758583254172886,0.0788652482269503,0.0741542625169147,-0.13158948351795,-0.4363425925925925,-0.2194265652428321,0.0579216354344123,-0.3651359786000892,-0.5468013468013468,-0.4022517911975435,0.058748943364328,-0.049547778214707,-0.085941790225151,0.218227572508076,0.0944734129148916,-0.101146957640163,-0.4781285525714602,-0.3509320802668351,-0.2363886974500344,Healthcare,35.0,3.0,102,8.780787468338929,5998.0,7493.0,11.450060209808678,10.82570071216205,11.415202376441613,10.834430415742597
MDT,2020Q4,2020,Q4,0,0,0,1,7647.0,4942.0,2705.0,4012.0,2600.0,1666.0,930.0,525.0,489.0,639.0,1128.0,95886.0,50164.0,93906.0,50296.0,0.083562181247548,0.3400026154047338,0.6462665097423826,0.1216163201255394,0.0639466457434288,621.0,567.0,573.0,603.0,587.0,594.0,561.0,590.0,585.0,592.0,559.0,556.0,0.0954356846473029,0.0945315105035011,0.0742516521964494,0.0782507137295613,0.0783397837982116,0.0729192241590964,0.0743440233236151,0.0788664617029808,0.079225352112676,0.0726915520628683,0.0758583254172886,0.0788652482269503,-0.007656371658448,-0.6414956011730205,-0.0696536144578313,0.0597014925373133,-0.2178403755868544,-0.311621021465581,-0.5942812982998454,0.1299081035923142,-0.0076335877862595,0.0128755364806867,0.0678775600225627,2.295965987753057e-05,-0.0624755790521835,-0.3063098720300468,-0.6387295805726816,-0.4265378749364514,Healthcare,35.0,4.0,103,8.942199454731238,6507.0,7706.0,11.470925693809946,10.823072851359713,11.450060209808678,10.82570071216205
MDT,2021Q1,2021,Q1,1,0,0,0,7775.0,5154.0,2621.0,3877.0,2537.0,2041.0,1277.0,1220.0,1270.0,601.0,1871.0,97270.0,50758.0,95886.0,50164.0,0.0772990353697749,0.3263022508038585,0.6628938906752412,0.1642443729903537,0.1633440514469453,639.0,621.0,567.0,573.0,603.0,587.0,594.0,561.0,590.0,585.0,592.0,559.0,0.083562181247548,0.0954356846473029,0.0945315105035011,0.0742516521964494,0.0782507137295613,0.0783397837982116,0.0729192241590964,0.0743440233236151,0.0788664617029808,0.079225352112676,0.0726915520628683,0.0758583254172886,0.0075158740443177,-0.3368146214099217,-0.0306563851796125,0.0488656195462477,-0.1488740617180983,-0.2208663819402074,-0.2273590880303989,0.0920833333333333,-0.0193274062620796,0.0541054921152801,0.0410412843779284,-0.0266430346140795,-0.0378875015345426,-0.226678568415766,-0.3417618563884714,-0.2479903536977492,Healthcare,35.0,1.0,104,8.958797346140274,7647.0,7717.0,11.485256176472715,10.83484422108265,11.470925693809946,10.823072851359713
MDT,2021Q2,2021,Q2,0,1,0,0,8188.0,5535.0,2653.0,3930.0,2595.0,2392.0,1605.0,1566.0,1361.0,632.0,1993.0,93083.0,51428.0,97270.0,50758.0,0.0771861260381045,0.3169272105520274,0.6759892525647289,0.1960185637518319,0.1662188568637029,601.0,639.0,621.0,567.0,573.0,603.0,587.0,594.0,561.0,590.0,585.0,592.0,0.0772990353697749,0.083562181247548,0.0954356846473029,0.0945315105035011,0.0742516521964494,0.0782507137295613,0.0783397837982116,0.0729192241590964,0.0743440233236151,0.0788664617029808,0.079225352112676,0.0726915520628683,0.3651217072357453,1.1068111455108358,0.4827216715778195,0.1146384479717812,1.302213666987488,4.079113924050633,6.639024390243902,0.1718197879858658,0.1000423908435776,0.1501316944688322,-0.1834878589478817,-0.1941799877528358,0.0861461389989937,2.7206308398211645,0.5433137824589633,0.6430338004946414,Healthcare,35.0,2.0,105,9.010547069270189,7775.0,5998.0,11.441257590278871,10.84795749467559,11.485256176472715,10.83484422108265
MDT,2021Q3,2021,Q3,0,0,1,0,7987.0,5389.0,2598.0,4530.0,2547.0,1641.0,859.0,833.0,763.0,750.0,1513.0,91802.0,51486.0,93083.0,51428.0,0.0939025917115312,0.3188932014523601,0.6747214223112558,0.1075497683736071,0.0955302366345311,632.0,601.0,639.0,621.0,567.0,573.0,603.0,587.0,594.0,561.0,590.0,585.0,0.0771861260381045,0.0772990353697749,0.083562181247548,0.0954356846473029,0.0945315105035011,0.0742516521964494,0.0782507137295613,0.0783397837982116,0.0729192241590964,0.0743440233236151,0.0788664617029808,0.079225352112676,0.2274473643768249,0.5667351129363449,0.3465767116441778,0.2077294685990338,0.1523876404494382,0.276374442793462,0.4263698630136987,0.0371257485029941,0.0537856847331401,0.3607689996996095,-0.016064147718303,-0.1414819768926325,0.0970545464715995,0.0398608362660646,0.2764173506794536,0.3655234657039712,Healthcare,35.0,3.0,106,8.985695694535705,8188.0,6507.0,11.427400255813174,10.849084627602258,11.441257590278871,10.84795749467559
MDT,2021Q4,2021,Q4,0,0,0,1,7847.0,5350.0,2497.0,3787.0,2615.0,2305.0,1563.0,1493.0,1311.0,676.0,1987.0,91756.0,51991.0,91802.0,51486.0,0.086147572320632,0.3332483751752262,0.6817892188097362,0.1991844016821715,0.1670702179176755,750.0,632.0,601.0,639.0,621.0,567.0,573.0,603.0,587.0,594.0,561.0,590.0,0.0939025917115312,0.0771861260381045,0.0772990353697749,0.083562181247548,0.0954356846473029,0.0945315105035011,0.0742516521964494,0.0782507137295613,0.0783397837982116,0.0729192241590964,0.0743440233236151,0.0788664617029808,0.0261540473388257,1.6809815950920246,0.0825576689599352,0.057902973395931,0.3835534213685474,0.6806451612903226,1.843809523809524,-0.0768946395563771,0.0057692307692307,-0.0560817547357925,0.0309397269731979,-0.0198652596288634,0.0549660372800591,0.6378098060898556,1.6126502176205824,0.7615248226950355,Healthcare,35.0,4.0,107,8.9680140012452,7987.0,7647.0,11.426899057284485,10.858845139574186,11.427400255813174,10.849084627602258
MDT,2022Q1,2022,Q1,1,0,0,0,7763.0,5304.0,2459.0,3645.0,2561.0,2398.0,1659.0,1589.0,1480.0,657.0,2137.0,91804.0,52542.0,91756.0,51991.0,0.0846322298080639,0.3298982352183434,0.6832410150714929,0.2137060414788097,0.1906479453819399,676.0,750.0,632.0,601.0,639.0,621.0,567.0,573.0,603.0,587.0,594.0,561.0,0.086147572320632,0.0939025917115312,0.0771861260381045,0.0772990353697749,0.083562181247548,0.0954356846473029,0.0945315105035011,0.0742516521964494,0.0782507137295613,0.0783397837982116,0.0729192241590964,0.0743440233236151,-0.0015434083601285,0.1653543307086613,0.0291036088474971,0.0931780366056571,0.1749142577168054,0.2991386061080658,0.3024590163934426,-0.0618084700495994,0.0094599921166731,-0.0598400825380448,0.0948678648214589,0.0110204094689083,0.0306943911875936,0.3011468069676943,0.167155728617782,0.142169962586852,Healthcare,35.0,1.0,108,8.957252944288902,7847.0,7775.0,11.427422041356287,10.8693871609623,11.426899057284485,10.858845139574186
MDT,2022Q2,2022,Q2,0,1,0,0,8089.0,5498.0,2591.0,3827.0,2569.0,2433.0,1671.0,1602.0,1485.0,652.0,2137.0,90981.0,52551.0,91804.0,52542.0,0.0806032884163679,0.3175917913215478,0.6796884658177772,0.206576832735814,0.1835826430955618,657.0,676.0,750.0,632.0,601.0,639.0,621.0,567.0,573.0,603.0,587.0,594.0,0.0846322298080639,0.086147572320632,0.0939025917115312,0.0771861260381045,0.0772990353697749,0.083562181247548,0.0954356846473029,0.0945315105035011,0.0742516521964494,0.0782507137295613,0.0783397837982116,0.0729192241590964,-0.0120908646800195,0.0911094783247612,-0.0066847335140017,0.0316455696202531,0.0171404682274247,0.0411214953271028,0.0229885057471264,-0.023369770071617,-0.0100192678227359,-0.0262086513994911,0.0442717176475007,0.002096950805716,0.0054722959559097,0.053863617720153,0.10446339578726,0.0722528850978425,Healthcare,35.0,2.0,109,8.998384010052538,7763.0,8188.0,11.41841696373575,10.869558434572308,11.427422041356287,10.8693871609623
MDT,2022Q3,2022,Q3,0,0,1,0,7371.0,4855.0,2516.0,3730.0,2567.0,1876.0,1125.0,1044.0,929.0,692.0,1621.0,89914.0,52672.0,90981.0,52551.0,0.0938814272147605,0.3482566815900149,0.658662325328992,0.1526251526251526,0.1260344593677927,652.0,657.0,676.0,750.0,632.0,601.0,639.0,621.0,567.0,573.0,603.0,587.0,0.0806032884163679,0.0846322298080639,0.086147572320632,0.0939025917115312,0.0771861260381045,0.0772990353697749,0.083562181247548,0.0954356846473029,0.0945315105035011,0.0742516521964494,0.0782507137295613,0.0783397837982116,-0.0771253286590709,0.2175622542595019,-0.0990907403971051,-0.0773333333333333,0.1432053625837903,0.3096623981373689,0.2533013205282113,-0.031562740569669,0.0078523753435413,-0.1766004415011037,-0.0002253877809433,0.0920793544795639,-0.0238010776762553,0.4191118673074436,0.3193148453087291,0.0713813615333773,Healthcare,35.0,3.0,110,8.905444318789714,8089.0,7987.0,11.406620058599298,10.87185826927572,11.41841696373575,10.869558434572308
MDT,2022Q4,2022,Q4,0,0,0,1,7585.0,5050.0,2535.0,3646.0,2617.0,2184.0,1404.0,1395.0,427.0,676.0,1103.0,93241.0,51880.0,89914.0,52672.0,0.0891232696110744,0.3450230718523401,0.6657877389584707,0.1851021753460777,0.0562953197099538,692.0,652.0,657.0,676.0,750.0,632.0,601.0,639.0,621.0,567.0,573.0,603.0,0.0938814272147605,0.0806032884163679,0.0846322298080639,0.086147572320632,0.0939025917115312,0.0771861260381045,0.0772990353697749,0.083562181247548,0.0954356846473029,0.0945315105035011,0.0742516521964494,0.0782507137295613,-0.0333885561361029,-0.6742944317315027,-0.0560747663551401,0.0,-0.0524945770065076,-0.1017274472168906,-0.0656396517079704,0.015218261914297,0.0007648183556405,-0.0372326379720094,0.0345418589321029,0.0353330955354926,-0.0234698340921272,-0.0706994434160764,-0.6630439559389718,-0.4448917966784096,Healthcare,35.0,4.0,111,8.934059722248843,7371.0,7847.0,11.442953542941096,10.856707913495192,11.406620058599298,10.87185826927572
MDT,2023Q1,2023,Q1,1,0,0,0,7727.0,5038.0,2689.0,3646.0,2615.0,2221.0,1392.0,1375.0,1222.0,688.0,1910.0,94134.0,51441.0,93241.0,51880.0,0.0890384366507053,0.3384237090720849,0.6519994823346706,0.1801475346188689,0.1581467581208748,676.0,692.0,652.0,657.0,676.0,750.0,632.0,601.0,639.0,621.0,567.0,573.0,0.0891232696110744,0.0938814272147605,0.0806032884163679,0.0846322298080639,0.086147572320632,0.0939025917115312,0.0771861260381045,0.0772990353697749,0.083562181247548,0.0954356846473029,0.0945315105035011,0.0742516521964494,-0.0046373824552363,-0.1743243243243243,-0.0501508295625943,0.0471841704718416,-0.0738115095913261,-0.1609403254972875,-0.1346758967904342,0.093533956893046,0.0210855134713001,0.0002743484224965,0.0520629889184556,0.0258427385890649,-0.0457254937096439,-0.1570311565724657,-0.1704775112889516,-0.1062236780533457,Healthcare,35.0,1.0,112,8.952605375892354,7585.0,7763.0,11.452485201158812,10.848210238404517,11.442953542941096,10.856707913495192
MDT,2023Q2,2023,Q2,0,1,0,0,8544.0,5566.0,2979.0,4001.0,2616.0,2417.0,1565.0,1551.0,1179.0,639.0,1818.0,90948.0,51483.0,94134.0,51441.0,0.0747893258426966,0.3061797752808989,0.6514513108614233,0.1831694756554307,0.1379915730337078,688.0,676.0,692.0,652.0,657.0,676.0,750.0,632.0,601.0,639.0,621.0,567.0,0.0890384366507053,0.0891232696110744,0.0938814272147605,0.0806032884163679,0.0846322298080639,0.086147572320632,0.0939025917115312,0.0771861260381045,0.0772990353697749,0.083562181247548,0.0954356846473029,0.0945315105035011,0.0562492273457782,-0.206060606060606,0.0123681338668606,-0.0199386503067484,-0.0065762433210029,-0.0634350688210652,-0.0318352059925093,0.1497491316094172,0.0182950564421953,0.0454664227854717,-0.0721305878196733,-0.0359329691525142,-0.0415442609025002,-0.1133106591401681,-0.2483408523436613,-0.1492746841366401,Healthcare,35.0,2.0,113,9.053101595549691,7727.0,8089.0,11.418054188833596,10.849026358769269,11.452485201158812,10.848210238404517
MDT,2023Q3,2023,Q3,0,0,1,0,7702.0,5074.0,2628.0,3806.0,2613.0,2016.0,1268.0,1196.0,791.0,668.0,1459.0,90776.0,51178.0,90948.0,51483.0,0.0867307192936899,0.3392625292131914,0.6587899246948844,0.1646325629706569,0.1027005972474681,639.0,688.0,676.0,692.0,652.0,657.0,676.0,750.0,632.0,601.0,639.0,621.0,0.0747893258426966,0.0890384366507053,0.0891232696110744,0.0938814272147605,0.0806032884163679,0.0846322298080639,0.086147572320632,0.0939025917115312,0.0771861260381045,0.0772990353697749,0.083562181247548,0.0954356846473029,0.0449057115723783,-0.1485468245425188,0.0451081359423275,-0.0346820809248554,0.0746268656716417,0.1271111111111111,0.1455938697318006,0.0445151033386328,0.0179197506817296,0.0203753351206434,-0.0761674394309412,-0.0258262162717438,0.000193725010503,0.0786725525837443,-0.185138748857817,-0.0999383096853794,Healthcare,35.0,3.0,114,8.949365142352965,8544.0,7371.0,11.416161228537758,10.843084570640517,11.418054188833596,10.849026358769269
MDT,2023Q4,2023,Q4,0,0,0,1,7984.0,5223.0,2761.0,3883.0,2686.0,2165.0,1340.0,1313.0,909.0,698.0,1607.0,90087.0,51460.0,90776.0,51178.0,0.0874248496993988,0.3364228456913827,0.6541833667334669,0.1678356713426853,0.1138527054108216,668.0,639.0,688.0,676.0,692.0,652.0,657.0,676.0,750.0,632.0,601.0,639.0,0.0867307192936899,0.0747893258426966,0.0890384366507053,0.0891232696110744,0.0938814272147605,0.0806032884163679,0.0846322298080639,0.086147572320632,0.0939025917115312,0.0771861260381045,0.0772990353697749,0.083562181247548,0.0526038233355306,1.1288056206088992,0.0342574257425742,0.0325443786982249,-0.0086996336996336,-0.0455840455840456,-0.0587813620071684,0.0891518737672583,0.0263660680168131,0.0650027427317607,-0.0190569748965385,-0.0249265248111815,-0.0174295372924065,-0.0932809350895522,1.0224186663725576,0.456935630099728,Healthcare,35.0,4.0,115,8.985320060649112,7702.0,7585.0,11.408542249376861,10.84857951821591,11.416161228537758,10.843084570640517
MDT,2024Q1,2024,Q1,1,0,0,0,8089.0,5307.0,2782.0,3824.0,2673.0,2309.0,1483.0,1472.0,1322.0,695.0,2017.0,90836.0,51792.0,90087.0,51460.0,0.0859191494622326,0.3304487575720113,0.6560761528000989,0.1833353937445914,0.1634318209914698,698.0,668.0,639.0,688.0,676.0,692.0,652.0,657.0,676.0,750.0,632.0,601.0,0.0874248496993988,0.0867307192936899,0.0747893258426966,0.0890384366507053,0.0891232696110744,0.0938814272147605,0.0806032884163679,0.0846322298080639,0.086147572320632,0.0939025917115312,0.0771861260381045,0.0772990353697749,0.0468487123074932,0.0818330605564647,0.0533942040492259,0.010174418604651,0.0396217919855921,0.0653735632183907,0.0705454545454544,0.0345853477129043,0.0221797323135755,0.0488206253428413,-0.0350330408507678,-0.0235649905319572,0.006252567027861,0.0176958243279152,0.0334187240598098,0.056020942408377,Healthcare,35.0,1.0,116,8.998384010052538,7984.0,7727.0,11.416821970575079,10.855010283980864,11.408542249376861,10.84857951821591
MDT,2024Q2,2024,Q2,0,1,0,0,8589.0,5545.0,3044.0,4492.0,2765.0,1711.0,1053.0,856.0,654.0,675.0,1329.0,89981.0,50214.0,90836.0,51792.0,0.0785888927698218,0.321923390383048,0.6455932006054256,0.1225986727209221,0.0761439049947607,695.0,698.0,668.0,639.0,688.0,676.0,692.0,652.0,657.0,676.0,750.0,632.0,0.0859191494622326,0.0874248496993988,0.0867307192936899,0.0747893258426966,0.0890384366507053,0.0891232696110744,0.0938814272147605,0.0806032884163679,0.0846322298080639,0.086147572320632,0.0939025917115312,0.0771861260381045,0.0052668539325841,-0.44529262086514,-0.0037729069349622,0.056338028169014,-0.2920976417045925,-0.3271565495207668,-0.4480980012894906,0.021819402484055,0.0569571865443425,0.1227193201699574,0.0508035991007167,0.051419513544634,-0.0089923992143808,-0.330681750972806,-0.4481988767809705,-0.2689768976897689,Healthcare,35.0,2.0,117,9.0583540149783,8089.0,8544.0,11.407364929309734,10.82406906582744,11.416821970575079,10.855010283980864
MDT,2024Q3,2024,Q3,0,0,1,0,7915.0,5154.0,2761.0,3876.0,2655.0,2097.0,1278.0,1268.0,1042.0,676.0,1718.0,89749.0,47947.0,89981.0,50214.0,0.0854074542008844,0.3354390397978521,0.651168667087808,0.1614655716993051,0.1316487681617182,675.0,695.0,698.0,668.0,639.0,688.0,676.0,692.0,652.0,657.0,676.0,750.0,0.0785888927698218,0.0859191494622326,0.0874248496993988,0.0867307192936899,0.0747893258426966,0.0890384366507053,0.0891232696110744,0.0938814272147605,0.0806032884163679,0.0846322298080639,0.086147572320632,0.0939025917115312,0.0276551545053231,0.3173198482932995,0.0157666535277887,0.0119760479041917,0.0401785714285714,0.0078864353312302,0.060200668896321,0.0506088280060883,0.0160734787600458,0.0183920126116658,-0.0152571672826172,-0.0112700020960362,-0.0115685703763702,-0.0192367245835584,0.2818695478907129,0.1775188485263878,Healthcare,35.0,3.0,118,8.976641306722456,8589.0,7702.0,11.404783306350526,10.77787236932699,11.407364929309734,10.82406906582744
MDT,2024Q4,2024,Q4,0,0,0,1,8403.0,5457.0,2946.0,3862.0,2757.0,2443.0,1595.0,1559.0,1270.0,697.0,1967.0,90042.0,48494.0,89749.0,47947.0,0.0829465667023682,0.3280971081756516,0.6494109246697608,0.1898131619659645,0.1511364988694513,676.0,675.0,695.0,698.0,668.0,639.0,688.0,676.0,692.0,652.0,657.0,676.0,0.0854074542008844,0.0785888927698218,0.0859191494622326,0.0874248496993988,0.0867307192936899,0.0747893258426966,0.0890384366507053,0.0891232696110744,0.0938814272147605,0.0806032884163679,0.0846322298080639,0.086147572320632,0.0524799599198397,0.3971397139713972,0.0448018380241239,-0.0014326647564469,0.128406466512702,0.1902985074626866,0.1873571972581873,0.0670047084389713,0.0264333581533879,-0.0054081895441668,-0.0512243717024244,-0.0247478363088599,-0.0072952665970954,0.1309464814449707,0.3274739350645763,0.2240199128811451,Healthcare,35.0,4.0,119,9.036463061964891,7915.0,7984.0,11.40804261299072,10.789215978827643,11.404783306350526,10.77787236932699
MDT,2025Q1,2025,Q1,1,0,0,0,8292.0,5513.0,2779.0,3867.0,2717.0,2403.0,1646.0,1540.0,1294.0,675.0,1969.0,89973.0,49387.0,90042.0,48494.0,0.0814037626628075,0.3276652194886638,0.6648576941630487,0.1985045827303425,0.1560540279787747,697.0,676.0,675.0,695.0,698.0,668.0,639.0,688.0,676.0,692.0,652.0,657.0,0.0829465667023682,0.0854074542008844,0.0785888927698218,0.0859191494622326,0.0874248496993988,0.0867307192936899,0.0747893258426966,0.0890384366507053,0.0891232696110744,0.0938814272147605,0.0806032884163679,0.0846322298080639,0.0250958091235009,-0.021180030257186,0.0388166572451478,-0.0287769784172662,0.0407102641836292,0.1099123398516521,0.046195652173913,-0.0010783608914449,0.0164609053497941,0.011244769874477,-0.0525539047777696,-0.0084235089997002,0.0133849421678728,0.0827401009479031,-0.045142940756196,-0.0237977193852255,Healthcare,35.0,1.0,120,9.023167064451204,8403.0,8089.0,11.40727601868708,10.807462758687635,11.40804261299072,10.789215978827643
MDT,2025Q2,2025,Q2,0,1,0,0,8927.0,5780.0,3147.0,4344.0,2720.0,2275.0,1436.0,1261.0,1057.0,684.0,1741.0,91680.0,48024.0,89973.0,49387.0,0.0766214853814271,0.3046936260781898,0.6474739554161533,0.160860311414809,0.1184048392517083,675.0,697.0,676.0,675.0,695.0,698.0,668.0,639.0,688.0,676.0,692.0,652.0,0.0814037626628075,0.0829465667023682,0.0854074542008844,0.0785888927698218,0.0859191494622326,0.0874248496993988,0.0867307192936899,0.0747893258426966,0.0890384366507053,0.0891232696110744,0.0938814272147605,0.0806032884163679,0.0393526603795553,0.6162079510703364,0.042380522993688,0.0133333333333334,0.3296317942723554,0.3637226970560303,0.4731308411214954,0.0338370565045991,-0.0162748643761302,-0.0329474621549421,-0.0250341660132183,-0.0535213184862306,0.002913219669854,0.3120885230216472,0.5550140127414718,0.3100075244544771,Healthcare,35.0,2.0,121,9.096947684621092,8292.0,8589.0,11.426070439393444,10.779476987636757,11.40727601868708,10.807462758687635
MDT,2025Q3,2025,Q3,0,0,1,0,8578.0,4946.0,3632.0,3501.0,2806.0,2225.0,1445.0,1302.0,1040.0,726.0,1766.0,90972.0,47893.0,91680.0,48024.0,0.084635113079972,0.3271158778269993,0.5765912800186523,0.1684541851247377,0.1212403823735136,684.0,675.0,697.0,676.0,675.0,695.0,698.0,668.0,639.0,688.0,676.0,692.0,0.0766214853814271,0.0814037626628075,0.0829465667023682,0.0854074542008844,0.0785888927698218,0.0859191494622326,0.0874248496993988,0.0867307192936899,0.0747893258426966,0.0890384366507053,0.0891232696110744,0.0938814272147605,0.0837650031585597,-0.0019193857965451,-0.0403570042685292,0.0739644970414201,0.0610395803528851,0.1306729264475743,0.026813880126183,0.3154654110829409,0.0568738229755179,-0.0967492260061919,-0.0090430177100908,-0.0248127408660265,-0.1145285251556784,0.0432823750096236,-0.0790617788038766,0.0279394644935973,Healthcare,35.0,3.0,122,9.057072635572965,8927.0,7915.0,11.418318038177151,10.776745514592863,11.426070439393444,10.779476987636757
