ticker,Year_Quarter,year,quarter,Q1,Q2,Q3,Q4,revenue,grossProfit,costOfRevenue,operatingExpenses,snaExpenses,ebitda,operatingIncome,incomeBeforeTax,netIncome,rnd,net_plus_rnd,totalAssets,totalEquity,totalAssets_lag1,totalEquity_lag1,rnd_to_rev_ratio,sna_to_rev_ratio,grossProfitRatio,operatingIncomeRatio,netIncomeRatio,rnd_lag1,rnd_lag2,rnd_lag3,rnd_lag4,rnd_lag5,rnd_lag6,rnd_lag7,rnd_lag8,rnd_lag9,rnd_lag10,rnd_lag11,rnd_lag12,rnd_to_rev_ratio_lag1,rnd_to_rev_ratio_lag2,rnd_to_rev_ratio_lag3,rnd_to_rev_ratio_lag4,rnd_to_rev_ratio_lag5,rnd_to_rev_ratio_lag6,rnd_to_rev_ratio_lag7,rnd_to_rev_ratio_lag8,rnd_to_rev_ratio_lag9,rnd_to_rev_ratio_lag10,rnd_to_rev_ratio_lag11,rnd_to_rev_ratio_lag12,revenue_yoy,netIncome_yoy,grossProfit_yoy,rnd_yoy,ebitda_yoy,operatingIncome_yoy,incomeBeforeTax_yoy,costOfRevenue_yoy,snaExpenses_yoy,operatingExpenses_yoy,rnd_to_rev_ratio_yoy,sna_to_rev_ratio_yoy,grossProfitRatio_yoy,operatingIncomeRatio_yoy,netIncomeRatio_yoy,net_plus_rnd_yoy,gics_sectors,gics_sector_code,quarter_int,time_idx,revenue_log,revenue_lag1,revenue_lag4,totalAssets_log,totalEquity_log,totalAssets_lag1_log,totalEquity_lag1_log
MMM,1995Q2,1995,Q2,0,1,0,0,4135.0,1643.0,2492.0,1054.0,1054.0,870.0,589.0,565.0,353.0,0.0,353.0,14751.0,7294.0,14203.0,7126.0,0.0,0.2548972188633615,0.3973397823458283,0.1424425634824667,0.0853688029020556,0.0,,,,,,,,,,,,0.0,,,,,,,,,,,,,,,,,,,,,,,,,,,,Industrials,20.0,2.0,1,8.327484416188264,4087.0,,9.599133945796375,8.894944460956886,9.561278894062978,8.871645667501872
MMM,1995Q3,1995,Q3,0,0,1,0,4069.0,1595.0,2474.0,1009.0,1009.0,859.0,586.0,547.0,344.0,0.0,344.0,14525.0,7268.0,14751.0,7294.0,0.0,0.2479724748095355,0.3919882034898009,0.1440157286802654,0.0845416564266404,0.0,0.0,,,,,,,,,,,0.0,0.0,,,,,,,,,,,,,,,,,,,,,,,,,,,Industrials,20.0,3.0,2,8.311398278436641,4135.0,,9.583695426166113,8.891374009484636,9.599133945796375,8.894944460956886
MMM,1995Q4,1995,Q4,0,0,0,1,1169.0,834.0,335.0,355.0,355.0,432.0,400.0,372.0,-97.0,0.0,-97.0,14183.0,6884.0,14525.0,7268.0,0.0,0.3036783575705731,0.7134302822925578,0.3421727972626176,-0.0829769033361847,0.0,0.0,0.0,,,,,,,,,,0.0,0.0,0.0,,,,,,,,,,,,,,,,,,,,,,,,,,Industrials,20.0,4.0,3,7.064759027791802,4069.0,,9.559869847754044,8.837100411162755,9.583695426166113,8.891374009484636
MMM,1996Q1,1996,Q1,1,0,0,0,3468.0,1478.0,1990.0,882.0,882.0,813.0,596.0,580.0,362.0,0.0,362.0,14123.0,6973.0,14183.0,6884.0,0.0,0.2543252595155709,0.4261822376009227,0.1718569780853517,0.1043829296424452,0.0,0.0,0.0,0.0,,,,,,,,,0.0,0.0,0.0,0.0,,,,,,,,,-0.1514558355762172,-0.0372340425531915,-0.1139088729016786,,-0.1153427638737758,-0.0773993808049535,-0.0444810543657331,-0.177346010748243,-0.136986301369863,-0.136986301369863,,0.0170521875148124,0.0442486840977045,0.0872747204873571,0.1346091315124296,-0.0372340425531915,Industrials,20.0,1.0,4,8.15162164696975,1169.0,4087.0,9.555630757048277,8.849944227235596,9.559869847754044,8.837100411162755
MMM,1996Q2,1996,Q2,0,1,0,0,3522.0,1536.0,1986.0,908.0,908.0,851.0,628.0,612.0,381.0,0.0,381.0,13211.0,6095.0,14123.0,6973.0,0.0,0.2578080636002271,0.4361158432708688,0.1783077796706416,0.1081771720613287,0.0,0.0,0.0,0.0,0.0,,,,,,,,0.0,0.0,0.0,0.0,0.0,,,,,,,,-0.1482466747279323,0.0793201133144476,-0.0651247717589774,,-0.0218390804597701,0.066213921901528,0.0831858407079646,-0.2030497592295345,-0.1385199240986717,-0.1385199240986717,,0.0114196802532631,0.0975891734175549,0.2517872138168138,0.2671745225880866,0.0793201133144476,Industrials,20.0,2.0,5,8.167068178341237,3468.0,4135.0,9.48888078651068,8.715388097366482,9.555630757048277,8.849944227235596
MMM,1996Q3,1996,Q3,0,0,1,0,3623.0,1554.0,2069.0,916.0,916.0,857.0,638.0,619.0,398.0,0.0,398.0,13689.0,6295.0,13211.0,6095.0,0.0,0.25282914711565,0.4289263041678167,0.1760971570521667,0.1098537123930444,0.0,0.0,0.0,0.0,0.0,0.0,,,,,,,0.0,0.0,0.0,0.0,0.0,0.0,,,,,,,-0.1096092405996559,0.1569767441860465,-0.025705329153605,,-0.0023282887077997,0.0887372013651877,0.1316270566727604,-0.1637025060630558,-0.0921704658077304,-0.0921704658077304,,0.0195855298449751,0.0942326844256089,0.2227633652649598,0.2994033596723773,0.1569767441860465,Industrials,20.0,3.0,6,8.19533366716287,3522.0,4069.0,9.524420918282495,8.74766979009724,9.48888078651068,8.715388097366482
MMM,1996Q4,1996,Q4,0,0,0,1,3623.0,1569.0,2054.0,940.0,940.0,853.0,629.0,591.0,385.0,0.0,385.0,13364.0,6284.0,13689.0,6295.0,0.0,0.2594534915815622,0.4330665194590118,0.1736130278774496,0.1062655258073419,0.0,0.0,0.0,0.0,0.0,0.0,0.0,,,,,,0.0,0.0,0.0,0.0,0.0,0.0,0.0,,,,,,2.0992301112061598,-4.969072164948454,0.881294964028777,,0.974537037037037,0.5725,0.5887096774193548,5.13134328358209,1.647887323943662,1.647887323943662,,-0.1456306150455035,-0.3929799025808335,-0.4926159260281535,-2.2806639141111624,-4.969072164948454,Industrials,20.0,4.0,7,8.19533366716287,3623.0,1169.0,9.50039462857302,8.745921121024347,9.524420918282495,8.74766979009724
MMM,1997Q1,1997,Q1,1,0,0,0,3714.0,1625.0,2089.0,937.0,937.0,905.0,688.0,677.0,410.0,0.0,410.0,13296.0,6236.0,13364.0,6284.0,0.0,0.2522886375875067,0.4375336564351104,0.1852450188476036,0.1103931071620893,0.0,0.0,0.0,0.0,0.0,0.0,0.0,0.0,,,,,0.0,0.0,0.0,0.0,0.0,0.0,0.0,0.0,,,,,0.0709342560553634,0.132596685082873,0.0994587280108254,,0.1131611316113161,0.1543624161073826,0.1672413793103448,0.049748743718593,0.0623582766439909,0.0623582766439909,,-0.0080079420028646,0.0266351289018693,0.0779022237642441,0.0575781647462043,0.132596685082873,Industrials,20.0,1.0,8,8.220133957151859,3623.0,3468.0,9.495293724856706,8.738254576526122,9.50039462857302,8.745921121024347
MMM,1997Q2,1997,Q2,0,1,0,0,3817.0,1661.0,2156.0,972.0,972.0,906.0,689.0,680.0,418.0,0.0,418.0,13594.0,6349.0,13296.0,6236.0,0.0,0.2546502488865601,0.4351585014409221,0.180508252554362,0.1095100864553314,0.0,0.0,0.0,0.0,0.0,0.0,0.0,0.0,0.0,,,,0.0,0.0,0.0,0.0,0.0,0.0,0.0,0.0,0.0,,,,0.0837592277115275,0.0971128608923883,0.0813802083333332,,0.0646298472385429,0.0971337579617834,0.1111111111111111,0.0855991943605236,0.0704845814977974,0.0704845814977974,,-0.0122487042087391,-0.0021951548991355,0.0123408686249413,0.0123215866028274,0.0971128608923883,Industrials,20.0,2.0,9,8.247482004285693,3714.0,3522.0,9.51745735706657,8.756210091886738,9.495293724856706,8.738254576526122
MMM,1997Q3,1997,Q3,0,0,1,0,3826.0,1653.0,2173.0,952.0,952.0,921.0,701.0,1494.0,927.0,0.0,927.0,13421.0,6324.0,13594.0,6349.0,0.0,0.2488238369053842,0.4320439100888656,0.1832200731834814,0.242289597490852,0.0,0.0,0.0,0.0,0.0,0.0,0.0,0.0,0.0,0.0,,,0.0,0.0,0.0,0.0,0.0,0.0,0.0,0.0,0.0,0.0,,,0.0560309136075076,1.329145728643216,0.0637065637065636,,0.0746791131855308,0.0987460815047021,1.4135702746365104,0.0502658289028516,0.0393013100436681,0.0393013100436681,,-0.0158419638556692,0.0072683952715317,0.0404487854917761,1.205565858566224,1.329145728643216,Industrials,20.0,3.0,10,8.249836485425702,3817.0,3623.0,9.504650430718184,8.752265313595721,9.51745735706657,8.756210091886738
MMM,1997Q4,1997,Q4,0,0,0,1,3713.0,1551.0,2162.0,954.0,954.0,813.0,597.0,589.0,366.0,0.0,366.0,13238.0,5926.0,13421.0,6324.0,0.0,0.2569350929167789,0.4177215189873418,0.1607864260705629,0.098572582817129,0.0,0.0,0.0,0.0,0.0,0.0,0.0,0.0,0.0,0.0,0.0,,0.0,0.0,0.0,0.0,0.0,0.0,0.0,0.0,0.0,0.0,0.0,,0.0248412917471707,-0.0493506493506493,-0.011472275334608,,-0.0468933177022273,-0.0508744038155802,-0.0033840947546531,0.0525803310613437,0.0148936170212765,0.0148936170212765,,-0.0097065514494786,-0.0354333567296754,-0.0738804107255176,-0.0723935907884197,-0.0493506493506493,Industrials,20.0,4.0,11,8.219864741912652,3826.0,3623.0,9.490922297937656,8.687273461787838,9.504650430718184,8.752265313595721
MMM,1998Q1,1998,Q1,1,0,0,0,3700.0,1604.0,2096.0,924.0,924.0,893.0,680.0,657.0,400.0,0.0,400.0,13657.0,6013.0,13238.0,5926.0,0.0,0.2497297297297297,0.4335135135135135,0.1837837837837838,0.1081081081081081,0.0,0.0,0.0,0.0,0.0,0.0,0.0,0.0,0.0,0.0,0.0,0.0,0.0,0.0,0.0,0.0,0.0,0.0,0.0,0.0,0.0,0.0,0.0,0.0,-0.003769520732364,-0.024390243902439,-0.0129230769230769,,-0.0132596685082873,-0.0116279069767442,-0.0295420974889216,0.0033508855911918,-0.0138740661686233,-0.0138740661686233,,-0.0101427788514235,-0.0091881912681912,-0.0078881206788182,-0.0206987475280157,-0.024390243902439,Industrials,20.0,1.0,12,8.216358332386156,3713.0,3714.0,9.522080709521035,8.701845363548474,9.490922297937656,8.687273461787838
MMM,1998Q2,1998,Q2,0,1,0,0,3770.0,1608.0,2162.0,967.0,967.0,855.0,641.0,617.0,386.0,0.0,386.0,13878.0,6044.0,13657.0,6013.0,0.0,0.256498673740053,0.426525198938992,0.170026525198939,0.1023872679045092,0.0,0.0,0.0,0.0,0.0,0.0,0.0,0.0,0.0,0.0,0.0,0.0,0.0,0.0,0.0,0.0,0.0,0.0,0.0,0.0,0.0,0.0,0.0,0.0,-0.0123133350799057,-0.0765550239234449,-0.0319084888621312,,-0.0562913907284767,-0.06966618287373,-0.0926470588235294,0.0027829313543599,-0.0051440329218106,-0.0051440329218106,,0.0072586807261136,-0.0198394434978129,-0.0580678567716254,-0.0650425799246127,-0.0765550239234449,Industrials,20.0,2.0,13,8.235095497258357,3700.0,3817.0,9.53813218535584,8.706986763048892,9.522080709521035,8.701845363548474
MMM,1998Q3,1998,Q3,0,0,1,0,3766.0,1576.0,2190.0,947.0,947.0,514.0,297.0,281.0,178.0,0.0,178.0,13965.0,5884.0,13878.0,6044.0,0.0,0.2514604354753054,0.4184811471056824,0.0788635156664896,0.0472650026553372,0.0,0.0,0.0,0.0,0.0,0.0,0.0,0.0,0.0,0.0,0.0,0.0,0.0,0.0,0.0,0.0,0.0,0.0,0.0,0.0,0.0,0.0,0.0,0.0,-0.0156821745948771,-0.807982740021575,-0.0465819721718088,,-0.4419109663409337,-0.5763195435092725,-0.8119143239625167,0.0078232857800275,-0.0052521008403361,-0.0052521008403361,,0.0105962459333177,-0.031392093873962,-0.5695694565763346,-0.8049235165487376,-0.807982740021575,Industrials,20.0,3.0,14,8.23403420769204,3770.0,3826.0,9.54438108340598,8.680162019694377,9.53813218535584,8.706986763048892
MMM,1998Q4,1998,Q4,0,0,0,1,3785.0,1528.0,2257.0,946.0,946.0,643.0,421.0,397.0,211.0,0.0,211.0,14153.0,5936.0,13965.0,5884.0,0.0,0.2499339498018494,0.4036988110964333,0.111228533685601,0.0557463672391017,0.0,0.0,0.0,0.0,0.0,0.0,0.0,0.0,0.0,0.0,0.0,0.0,0.0,0.0,0.0,0.0,0.0,0.0,0.0,0.0,0.0,0.0,0.0,0.0,0.0193913277673041,-0.4234972677595628,-0.0148291424887169,,-0.2091020910209102,-0.2948073701842546,-0.3259762308998302,0.0439407955596669,-0.0083857442348008,-0.0083857442348008,,-0.0272486838424876,-0.0335695128297506,-0.3082218667091513,-0.4344637662328288,-0.4234972677595628,Industrials,20.0,4.0,15,8.239065331769268,3766.0,3713.0,9.55775254863573,8.688959234270676,9.54438108340598,8.680162019694377
MMM,1999Q1,1999,Q1,1,0,0,0,3776.0,1614.0,2162.0,965.0,965.0,872.0,649.0,626.0,384.0,0.0,384.0,13746.0,5969.0,14153.0,5936.0,0.0,0.2555614406779661,0.4274364406779661,0.171875,0.1016949152542373,0.0,0.0,0.0,0.0,0.0,0.0,0.0,0.0,0.0,0.0,0.0,0.0,0.0,0.0,0.0,0.0,0.0,0.0,0.0,0.0,0.0,0.0,0.0,0.0,0.0205405405405405,-0.04,0.0062344139650871,,-0.0235162374020156,-0.0455882352941175,-0.0471841704718417,0.0314885496183205,0.0443722943722943,0.0443722943722943,,0.0233520892948859,-0.014018185468532,-0.064797794117647,-0.059322033898305,-0.04,Industrials,20.0,1.0,16,8.236685322712457,3785.0,3700.0,9.52857589747142,8.694502206386648,9.55775254863573,8.688959234270676
MMM,1999Q2,1999,Q2,0,1,0,0,3863.0,1675.0,2188.0,871.0,871.0,1030.0,804.0,785.0,476.0,0.0,476.0,13367.0,6173.0,13746.0,5969.0,0.0,0.2254724307533005,0.4336008283717318,0.2081283976184312,0.1232202951074294,0.0,0.0,0.0,0.0,0.0,0.0,0.0,0.0,0.0,0.0,0.0,0.0,0.0,0.0,0.0,0.0,0.0,0.0,0.0,0.0,0.0,0.0,0.0,0.0,0.0246684350132626,0.2331606217616579,0.0416666666666667,,0.2046783625730994,0.2542901716068642,0.2722852512155591,0.0120259019426456,-0.0992761116856256,-0.0992761116856256,,-0.1209606370838231,0.016589006816809,0.2240936958213508,0.2034728304533914,0.2331606217616579,Industrials,20.0,2.0,17,8.259458195332408,3776.0,3770.0,9.50061907027523,8.728102205062104,9.52857589747142,8.694502206386648
MMM,1999Q3,1999,Q3,0,0,1,0,3997.0,1744.0,2253.0,1009.0,1009.0,981.0,761.0,742.0,459.0,0.0,459.0,13905.0,6370.0,13367.0,6173.0,0.0,0.2524393294971228,0.4363272454340756,0.1903927945959469,0.1148361270953215,0.0,0.0,0.0,0.0,0.0,0.0,0.0,0.0,0.0,0.0,0.0,0.0,0.0,0.0,0.0,0.0,0.0,0.0,0.0,0.0,0.0,0.0,0.0,0.0,0.0613382899628252,1.5786516853932584,0.1065989847715735,,0.9085603112840468,1.5622895622895625,1.6405693950177938,0.0287671232876711,0.0654699049630411,0.0654699049630411,,0.003892835149065,0.0426449278583302,1.4142062776038258,1.4296227788819142,1.5786516853932584,Industrials,20.0,3.0,18,8.293549515060345,3863.0,3766.0,9.540075680658964,8.759511722116487,9.50061907027523,8.728102205062104
MMM,1999Q4,1999,Q4,0,0,0,1,4023.0,1774.0,2249.0,1034.0,1034.0,973.0,742.0,727.0,444.0,0.0,444.0,13896.0,6289.0,13905.0,6370.0,0.0,0.2570221227939349,0.4409644543872731,0.184439473030077,0.1103653989560029,0.0,0.0,0.0,0.0,0.0,0.0,0.0,0.0,0.0,0.0,0.0,0.0,0.0,0.0,0.0,0.0,0.0,0.0,0.0,0.0,0.0,0.0,0.0,0.0,0.0628797886393659,1.104265402843602,0.1609947643979057,,0.5132192846034214,0.7624703087885987,0.8312342569269522,-0.003544528134692,0.0930232558139534,0.0930232558139534,,0.0283601847516317,0.0923105103768513,0.6582028632276524,0.9797774172913334,1.104265402843602,Industrials,20.0,4.0,19,8.300031711779575,3997.0,3785.0,9.539428268486581,8.746716349694486,9.540075680658964,8.759511722116487
MMM,2000Q1,2000,Q1,1,0,0,0,4052.0,1786.0,2266.0,971.0,1021.0,1043.0,815.0,795.0,487.0,0.0,487.0,13969.0,6259.0,13896.0,6289.0,0.0,0.2519743336623889,0.4407699901283317,0.2011352418558736,0.1201875616979269,0.0,0.0,0.0,0.0,0.0,0.0,0.0,0.0,0.0,0.0,0.0,0.0,0.0,0.0,0.0,0.0,0.0,0.0,0.0,0.0,0.0,0.0,0.0,0.0,0.0730932203389831,0.2682291666666667,0.1065675340768277,,0.1961009174311927,0.2557781201848998,0.2699680511182107,0.0481036077705827,0.0580310880829015,0.0062176165803109,,-0.0140361824775331,0.0311942272147338,0.1702414071614466,0.1818443566962815,0.2682291666666667,Industrials,20.0,1.0,20,8.307212626628308,4023.0,3776.0,9.544667452251007,8.741935464094144,9.539428268486581,8.746716349694486
MMM,2000Q2,2000,Q2,0,1,0,0,4224.0,1845.0,2379.0,1068.0,1068.0,1006.0,777.0,757.0,470.0,0.0,470.0,14933.0,6423.0,13969.0,6259.0,0.0,0.2528409090909091,0.4367897727272727,0.1839488636363636,0.1112689393939393,0.0,0.0,0.0,0.0,0.0,0.0,0.0,0.0,0.0,0.0,0.0,0.0,0.0,0.0,0.0,0.0,0.0,0.0,0.0,0.0,0.0,0.0,0.0,0.0,0.0934506859953403,-0.0126050420168066,0.1014925373134327,,-0.0233009708737863,-0.0335820895522388,-0.0356687898089171,0.0872943327239488,0.2261768082663604,0.2261768082663604,,0.1213828149462479,0.0073545624151967,-0.1161760444934418,-0.096991779666412,-0.0126050420168066,Industrials,20.0,2.0,21,8.348774539791274,4052.0,3863.0,9.611395771595648,8.767796255626598,9.544667452251007,8.741935464094144
MMM,2000Q3,2000,Q3,0,0,1,0,4252.0,1773.0,2479.0,954.0,1073.0,1099.0,819.0,773.0,499.0,0.0,499.0,14682.0,6437.0,14933.0,6423.0,0.0,0.252351834430856,0.4169802445907808,0.1926152398871119,0.1173565380997177,0.0,0.0,0.0,0.0,0.0,0.0,0.0,0.0,0.0,0.0,0.0,0.0,0.0,0.0,0.0,0.0,0.0,0.0,0.0,0.0,0.0,0.0,0.0,0.0,0.0637978483862897,0.0871459694989107,0.0166284403669725,,0.1202854230377166,0.076215505913272,0.0417789757412399,0.1003106968486462,0.0634291377601585,-0.0545094152626363,,-0.0003465983943193,-0.0443405747538125,0.0116729485266577,0.0219478927768452,0.0871459694989107,Industrials,20.0,3.0,22,8.355379895253634,4224.0,3997.0,9.594445640962938,8.769973211858753,9.611395771595648,8.767796255626598
MMM,2000Q4,2000,Q4,0,0,0,1,4196.0,2533.0,1663.0,1886.0,801.0,935.0,647.0,697.0,326.0,0.0,326.0,14522.0,6531.0,14682.0,6437.0,0.0,0.1908960915157292,0.603670162059104,0.1541944709246901,0.0776930409914204,0.0,0.0,0.0,0.0,0.0,0.0,0.0,0.0,0.0,0.0,0.0,0.0,0.0,0.0,0.0,0.0,0.0,0.0,0.0,0.0,0.0,0.0,0.0,0.0,0.043002734277902,-0.2657657657657657,0.4278466741826381,,-0.0390544707091469,-0.128032345013477,-0.0412654745529573,-0.2605602489995553,-0.225338491295938,0.8239845261121856,,-0.257277585911239,0.3689769233166715,-0.1639833469945705,-0.2960380542601706,-0.2657657657657657,Industrials,20.0,4.0,23,8.34212526333359,4252.0,4023.0,9.583488878607804,8.784468454090355,9.594445640962938,8.769973211858753
MMM,2001Q1,2001,Q1,1,0,0,0,4170.0,1974.0,2196.0,1237.0,959.0,984.0,737.0,711.0,453.0,278.0,731.0,15364.0,6473.0,14522.0,6531.0,0.0666666666666666,0.2299760191846522,0.4733812949640287,0.1767386091127098,0.1086330935251798,0.0,0.0,0.0,0.0,0.0,0.0,0.0,0.0,0.0,0.0,0.0,0.0,0.0,0.0,0.0,0.0,0.0,0.0,0.0,0.0,0.0,0.0,0.0,0.0,0.0291214215202368,-0.0698151950718686,0.1052631578947369,,-0.0565675934803451,-0.0957055214723926,-0.1056603773584905,-0.0308914386584289,-0.0607247796278158,0.2739443872296601,,-0.0873037906599303,0.0739871260886027,-0.1212946697856438,-0.0961369713264296,0.5010266940451746,Industrials,20.0,1.0,24,8.335911094196945,4196.0,4052.0,9.639847474564585,8.775549434486189,9.583488878607804,8.784468454090355
MMM,2001Q2,2001,Q2,0,1,0,0,4079.0,1813.0,2266.0,1479.0,1196.0,590.0,334.0,310.0,202.0,283.0,485.0,15317.0,6121.0,15364.0,6473.0,0.06904679621183422,0.2932091198823241,0.4444716842363324,0.0818828144152978,0.0495219416523657,278.0,0.0,0.0,0.0,0.0,0.0,0.0,0.0,0.0,0.0,0.0,0.0,0.0666666666666666,0.0,0.0,0.0,0.0,0.0,0.0,0.0,0.0,0.0,0.0,0.0,-0.0343276515151514,-0.5702127659574467,-0.0173441734417344,,-0.4135188866799204,-0.5701415701415702,-0.5904887714663144,-0.0474989491382934,0.1198501872659176,0.3848314606741574,,0.159658541557057,0.0175872055361887,-0.5548609934488826,-0.5549347201285254,0.0319148936170212,Industrials,20.0,2.0,25,8.313852267398207,4170.0,4224.0,9.636783886469539,8.719644119505357,9.639847474564585,8.775549434486189
MMM,2001Q3,2001,Q3,0,0,1,0,3967.0,1811.0,2156.0,1191.0,930.0,915.0,620.0,599.0,394.0,261.0,655.0,15205.0,6166.0,15317.0,6121.0,0.0657927905218049,0.2344340811696496,0.4565162591378875,0.156289387446433,0.0993193849256365,283.0,278.0,0.0,0.0,0.0,0.0,0.0,0.0,0.0,0.0,0.0,0.0,0.06904679621183422,0.0666666666666666,0.0,0.0,0.0,0.0,0.0,0.0,0.0,0.0,0.0,0.0,-0.0670272812793979,-0.2104208416833667,0.0214326001128031,,-0.1674249317561419,-0.242979242979243,-0.2250970245795601,-0.1302944735780556,-0.1332712022367195,0.2484276729559749,,-0.0710030632494407,0.0948150783160168,-0.1885928261022792,-0.1536953412749371,0.3126252505010021,Industrials,20.0,3.0,26,8.286017468404763,4079.0,4252.0,9.629445365788381,8.726967774991493,9.636783886469539,8.719644119505357
MMM,2001Q4,2001,Q4,0,0,0,1,3863.0,1732.0,2131.0,1150.0,976.0,873.0,582.0,566.0,381.0,262.0,643.0,14606.0,6086.0,15205.0,6166.0,0.0678229355423246,0.2526533782034688,0.4483561998446803,0.1506601087237898,0.0986280093191819,261.0,283.0,278.0,0.0,0.0,0.0,0.0,0.0,0.0,0.0,0.0,0.0,0.0657927905218049,0.06904679621183422,0.0666666666666666,0.0,0.0,0.0,0.0,0.0,0.0,0.0,0.0,0.0,-0.0793612964728313,0.1687116564417177,-0.3162258191867351,,-0.0663101604278074,-0.1004636785162287,-0.187948350071736,0.2814191220685509,0.2184769038701624,-0.3902439024390244,,0.3235125779547503,-0.2572828209442249,-0.0229214587248501,0.2694574451021094,0.9723926380368098,Industrials,20.0,4.0,27,8.259458195332408,3967.0,4196.0,9.589256144850811,8.713910628493924,9.629445365788381,8.726967774991493
MMM,2002Q1,2002,Q1,1,0,0,0,3890.0,1854.0,2036.0,1141.0,877.0,963.0,713.0,703.0,452.0,264.0,716.0,14431.0,6002.0,14606.0,6086.0,0.067866323907455,0.2254498714652956,0.4766066838046272,0.1832904884318766,0.1161953727506426,262.0,261.0,283.0,278.0,0.0,0.0,0.0,0.0,0.0,0.0,0.0,0.0,0.0678229355423246,0.0657927905218049,0.06904679621183422,0.0666666666666666,0.0,0.0,0.0,0.0,0.0,0.0,0.0,0.0,-0.0671462829736211,-0.0022075055187638,-0.060790273556231,-0.0503597122302158,-0.0213414634146341,-0.0325644504748982,-0.0112517580872011,-0.0728597449908925,-0.0855057351407716,-0.0776071139854486,0.017994858611825,-0.0196809551509042,0.0068135113805956,0.0370710132441323,0.0696130339297571,-0.0205198358413132,Industrials,20.0,1.0,28,8.266421472984554,3863.0,4170.0,9.577203242302405,8.700014623251842,9.589256144850811,8.713910628493924
MMM,2002Q2,2002,Q2,0,1,0,0,4161.0,1930.0,2231.0,1244.0,975.0,932.0,686.0,675.0,466.0,269.0,735.0,14961.0,6380.0,14431.0,6002.0,0.064647921172795,0.2343186733958183,0.4638308099014659,0.1648642153328526,0.1119923095409757,264.0,262.0,261.0,283.0,278.0,0.0,0.0,0.0,0.0,0.0,0.0,0.0,0.067866323907455,0.0678229355423246,0.0657927905218049,0.06904679621183422,0.0666666666666666,0.0,0.0,0.0,0.0,0.0,0.0,0.0,0.0201029664133365,1.3069306930693068,0.0645339216767788,-0.0494699646643109,0.5796610169491525,1.053892215568862,1.1774193548387095,-0.0154457193292144,-0.1847826086956522,-0.1588911426639621,-0.0682018711525414,-0.2008479358013856,0.0435553632587311,1.0134165698883415,1.261468468404158,0.5154639175257731,Industrials,20.0,2.0,29,8.33375100695358,3890.0,4079.0,9.61326893243235,8.761080103868347,9.577203242302405,8.700014623251842
MMM,2002Q3,2002,Q3,0,0,1,0,4143.0,2028.0,2115.0,1177.0,913.0,1083.0,851.0,841.0,545.0,264.0,809.0,15719.0,6643.0,14961.0,6380.0,0.0637219406227371,0.2203717113202993,0.4895003620564808,0.2054067101134443,0.131547188027999,269.0,264.0,262.0,261.0,283.0,278.0,0.0,0.0,0.0,0.0,0.0,0.0,0.064647921172795,0.067866323907455,0.0678229355423246,0.0657927905218049,0.06906193047214676,0.0666666666666666,0.0,0.0,0.0,0.0,0.0,0.0,0.0443660196622133,0.383248730964467,0.1198233020430701,0.0114942528735633,0.1836065573770491,0.3725806451612903,0.4040066777963271,-0.0190166975881261,-0.0182795698924731,-0.0117548278757346,-0.0314753316076695,-0.0599843238627663,0.0722517594025726,0.3142716435806998,0.3244865352971375,0.2351145038167938,Industrials,20.0,3.0,30,8.329416783939319,4161.0,3967.0,9.662689065983198,8.801469470733185,9.61326893243235,8.761080103868347
MMM,2002Q4,2002,Q4,0,0,0,1,4138.0,2024.0,2114.0,1228.0,955.0,1022.0,796.0,786.0,511.0,273.0,784.0,15329.0,5993.0,15719.0,6643.0,0.0659739004349927,0.2307878202029966,0.4891251812469792,0.1923634606089898,0.1234896085065248,264.0,269.0,264.0,262.0,261.0,283.0,278.0,0.0,0.0,0.0,0.0,0.0,0.0637219406227371,0.064647921172795,0.067866323907455,0.0678229355423246,0.0657927905218049,0.06907706473245932,0.0666666666666666,0.0,0.0,0.0,0.0,0.0,0.0711881957028215,0.3412073490813647,0.1685912240184757,0.0419847328244273,0.1706758304696449,0.3676975945017182,0.3886925795053004,-0.0079774753636789,-0.0215163934426229,0.0678260869565217,-0.0272626817542862,-0.0865436993399835,0.0909298932777602,0.2768042067569205,0.2520744295556578,0.2192846034214619,Industrials,20.0,4.0,31,8.328209491748732,4143.0,3863.0,9.63756697186586,8.69851424787661,9.662689065983198,8.801469470733185
MMM,2003Q1,2003,Q1,1,0,0,0,4318.0,2107.0,2211.0,1326.0,963.0,1015.0,781.0,764.0,502.0,270.0,772.0,15845.0,6316.0,15329.0,5993.0,0.0625289485873089,0.2230199166280685,0.4879573876794812,0.1808707735062528,0.1162575266327003,273.0,264.0,269.0,264.0,262.0,261.0,283.0,278.0,0.0,0.0,0.0,0.0,0.0659739004349927,0.0637219406227371,0.064647921172795,0.067866323907455,0.0678229355423246,0.0657927905218049,0.06909219899277189,0.0666666666666666,0.0,0.0,0.0,0.0,0.1100257069408741,0.1106194690265487,0.1364617044228695,0.0227272727272727,0.0539979231568017,0.0953716690042076,0.0867709815078237,0.0859528487229861,0.09806157354618,0.1621384750219106,-0.0786454166491219,-0.0107782489359331,0.0238156623911445,-0.0132015302393777,0.0005349084097439,0.0782122905027933,Industrials,20.0,1.0,32,8.3707791729607,4138.0,3890.0,9.670672381525188,8.7509996908987,9.63756697186586,8.69851424787661
MMM,2003Q2,2003,Q2,0,1,0,0,4580.0,2257.0,2323.0,1297.0,1021.0,1201.0,960.0,941.0,619.0,276.0,895.0,16566.0,6955.0,15845.0,6316.0,0.0602620087336244,0.2229257641921397,0.4927947598253275,0.2096069868995633,0.1351528384279476,270.0,273.0,264.0,269.0,264.0,262.0,261.0,283.0,278.0,0.0,0.0,0.0,0.0625289485873089,0.0659739004349927,0.0637219406227371,0.064647921172795,0.067866323907455,0.0678229355423246,0.0657927905218049,0.06910733325308442,0.0666666666666666,0.0,0.0,0.0,0.1006969478490746,0.3283261802575108,0.1694300518134714,0.0260223048327137,0.28862660944206,0.3994169096209912,0.394074074074074,0.0412371134020619,0.0471794871794872,0.042604501607717,-0.0678430544958685,-0.0486214309707758,0.0624450754576102,0.2713916508587215,0.2068046366924676,0.217687074829932,Industrials,20.0,2.0,33,8.429672593886743,4318.0,4161.0,9.715168043938537,8.847359875474174,9.670672381525188,8.7509996908987
MMM,2003Q3,2003,Q3,0,0,1,0,4616.0,2294.0,2322.0,1264.0,994.0,1272.0,1030.0,1014.0,663.0,270.0,933.0,16797.0,7508.0,16566.0,6955.0,0.0584922010398613,0.2153379549393414,0.4969670710571924,0.2231369150779896,0.143630849220104,276.0,270.0,273.0,264.0,269.0,264.0,262.0,261.0,283.0,278.0,0.0,0.0,0.0602620087336244,0.0625289485873089,0.0659739004349927,0.0637219406227371,0.064647921172795,0.067866323907455,0.0678229355423246,0.0657927905218049,0.06912246751339698,0.0666666666666666,0.0,0.0,0.1141684769490707,0.2165137614678898,0.1311637080867849,0.0227272727272727,0.1745152354570638,0.2103407755581667,0.2057074910820451,0.0978723404255319,0.0887185104052574,0.0739167374681393,-0.0820712541358121,-0.0228421168524738,0.0152537353993826,0.0863175548391432,0.091857996915396,0.1532756489493201,Industrials,20.0,3.0,34,8.43750042250699,4580.0,4143.0,9.729015110685573,8.923857580099885,9.715168043938537,8.847359875474174
MMM,2003Q4,2003,Q4,0,0,0,1,4718.0,2289.0,2429.0,1254.0,1061.0,1217.0,942.0,938.0,619.0,286.0,905.0,17600.0,7885.0,16797.0,7508.0,0.0606189063162356,0.224883425180161,0.4851632047477744,0.1996608732513777,0.1311996608732513,270.0,276.0,270.0,273.0,264.0,269.0,264.0,262.0,261.0,283.0,278.0,0.0,0.0584922010398613,0.0602620087336244,0.0625289485873089,0.0659739004349927,0.0637219406227371,0.064647921172795,0.067866323907455,0.0678229355423246,0.0657927905218049,0.06913760177370955,0.0666666666666666,0.0,0.1401643305944901,0.2113502935420743,0.1309288537549406,0.0476190476190476,0.1908023483365948,0.1834170854271357,0.193384223918575,0.1490066225165562,0.1109947643979056,0.021172638436482,-0.0811683723934678,-0.0255836508947575,-0.0081001278427417,0.0379355446158304,0.0624348271888732,0.1543367346938775,Industrials,20.0,4.0,35,8.459352191726387,4616.0,4138.0,9.77571099759397,8.972844314437573,9.729015110685573,8.923857580099885
MMM,2004Q1,2004,Q1,1,0,0,0,4939.0,2503.0,2436.0,1386.0,1104.0,1117.0,1117.0,1108.0,722.0,282.0,1004.0,17978.0,8101.0,17600.0,7885.0,0.0570965782547074,0.2235270297631099,0.5067827495444422,0.2261591415266248,0.1461834379429034,286.0,270.0,276.0,270.0,273.0,264.0,269.0,264.0,262.0,261.0,283.0,278.0,0.0606189063162356,0.0584922010398613,0.0602620087336244,0.0625289485873089,0.0659739004349927,0.0637219406227371,0.064647921172795,0.067866323907455,0.0678229355423246,0.0657927905218049,0.06915273603402208,0.0666666666666666,0.1438165817508105,0.4382470119521913,0.1879449454200283,0.0444444444444445,0.1004926108374384,0.4302176696542894,0.4502617801047119,0.101763907734057,0.1464174454828659,0.0452488687782806,-0.0868776855413826,0.0022738468505802,0.0385799300108693,0.2503907466222357,0.2574105279630616,0.3005181347150258,Industrials,20.0,1.0,36,8.505120610181969,4718.0,4318.0,9.796959689126295,8.999866223762636,9.77571099759397,8.972844314437573
MMM,2004Q2,2004,Q2,0,1,0,0,5012.0,2560.0,2452.0,1374.0,1084.0,1186.0,1186.0,1180.0,773.0,290.0,1063.0,18362.0,8457.0,17978.0,8101.0,0.0578611332801276,0.2162809257781325,0.5107741420590582,0.236632083000798,0.1542298483639265,282.0,286.0,270.0,276.0,270.0,273.0,264.0,269.0,264.0,262.0,261.0,283.0,0.0570965782547074,0.0606189063162356,0.0584922010398613,0.0602620087336244,0.0625289485873089,0.0659739004349927,0.0637219406227371,0.064647921172795,0.067866323907455,0.0678229355423246,0.0657927905218049,0.06916787029433465,0.0943231441048035,0.2487883683360259,0.134249003101462,0.0507246376811594,-0.0124895920066611,0.2354166666666666,0.2539851222104143,0.0555316401205336,0.0617042115572967,0.0593677717810332,-0.0398406144094751,-0.0298074044428533,0.036484523983379,0.1289322293163075,0.1411513820788106,0.1877094972067039,Industrials,20.0,2.0,37,8.519789817263504,4939.0,4580.0,9.81809304951918,9.042868018032435,9.796959689126295,8.999866223762636
MMM,2004Q3,2004,Q3,0,0,1,0,4969.0,2512.0,2457.0,1329.0,1047.0,1183.0,1183.0,1178.0,775.0,282.0,1057.0,18064.0,8696.0,18362.0,8457.0,0.0567518615415576,0.21070637955323,0.5055343127389816,0.238076071644194,0.155966995371302,290.0,282.0,286.0,270.0,276.0,270.0,273.0,264.0,269.0,264.0,262.0,261.0,0.0578611332801276,0.0570965782547074,0.0606189063162356,0.0584922010398613,0.0602620087336244,0.0625289485873089,0.0659739004349927,0.0637219406227371,0.064647921172795,0.067866323907455,0.0678229355423246,0.0657927905218049,0.0764731369150779,0.1689291101055807,0.0950305143853531,0.0444444444444445,-0.0699685534591194,0.1485436893203884,0.1617357001972386,0.058139534883721,0.0533199195171025,0.0514240506329113,-0.0297533597191475,-0.0215084023966701,0.017239053009215,0.0669506278733975,0.0858878591763654,0.1329046087888532,Industrials,20.0,3.0,38,8.511175119090675,5012.0,4616.0,9.801731643581741,9.070733417589766,9.81809304951918,9.042868018032435
MMM,2004Q4,2004,Q4,0,0,0,1,5091.0,2478.0,2613.0,1386.0,1097.0,1351.0,1092.0,1089.0,720.0,289.0,1009.0,20708.0,10378.0,18064.0,8696.0,0.0567668434492241,0.2154782950304458,0.4867413081909251,0.2144961697112551,0.1414260459634649,282.0,290.0,282.0,286.0,270.0,276.0,270.0,273.0,264.0,269.0,264.0,262.0,0.0567518615415576,0.0578611332801276,0.0570965782547074,0.0606189063162356,0.0584922010398613,0.0602620087336244,0.0625289485873089,0.0659739004349927,0.0637219406227371,0.064647921172795,0.067866323907455,0.0678229355423246,0.0790589232725731,0.1631663974151858,0.0825688073394494,0.0104895104895104,0.1101068200493016,0.1592356687898088,0.1609808102345415,0.0757513379991765,0.0339302544769086,0.1052631578947369,-0.0635455685544076,-0.0418222469805431,0.0032527269745674,0.0743024720782397,0.07794520978292,0.1149171270718232,Industrials,20.0,4.0,39,8.535425959677298,4969.0,4718.0,9.938323667371586,9.24753981296529,9.801731643581741,9.070733417589766
MMM,2005Q1,2005,Q1,1,0,0,0,5166.0,2629.0,2537.0,1405.0,1114.0,1466.0,1224.0,1220.0,809.0,291.0,1100.0,20755.0,10290.0,20708.0,10378.0,0.0563298490127758,0.2156407278358497,0.5089043747580333,0.2369337979094076,0.1566008517228029,289.0,282.0,290.0,282.0,286.0,270.0,276.0,270.0,273.0,264.0,269.0,264.0,0.0567668434492241,0.0567518615415576,0.0578611332801276,0.0570965782547074,0.0606189063162356,0.0584922010398613,0.0602620087336244,0.0625289485873089,0.0659739004349927,0.0637219406227371,0.064647921172795,0.067866323907455,0.0459607207936829,0.1204986149584488,0.050339592489013,0.0319148936170212,0.3124440465532676,0.0957923008057295,0.1010830324909748,0.0414614121510672,0.0090579710144926,0.0137085137085137,-0.0134286373258869,-0.0352812003792916,0.0041864590211451,0.0476419228957603,0.0712626131010023,0.095617529880478,Industrials,20.0,1.0,40,8.550047528287184,5091.0,4939.0,9.94059064048763,9.239025005836092,9.938323667371586,9.24753981296529
MMM,2005Q2,2005,Q2,0,1,0,0,5294.0,2700.0,2594.0,1417.0,1121.0,1520.0,1283.0,1280.0,776.0,296.0,1072.0,19557.0,10100.0,20755.0,10290.0,0.0559123536078579,0.2117491499811107,0.5100113335851908,0.2423498299962221,0.146581035134114,291.0,289.0,282.0,290.0,282.0,286.0,270.0,276.0,270.0,273.0,264.0,269.0,0.0563298490127758,0.0567668434492241,0.0567518615415576,0.0578611332801276,0.0570965782547074,0.0606189063162356,0.0584922010398613,0.0602620087336244,0.0625289485873089,0.0659739004349927,0.0637219406227371,0.064647921172795,0.0562649640861931,0.0038809831824062,0.0546875,0.0206896551724138,0.281618887015177,0.081787521079258,0.0847457627118644,0.0579119086460031,0.0341328413284132,0.0312954876273654,-0.0336802886807446,-0.0209531921537575,-0.0014934359652436,0.0241630252454176,-0.0495935988458218,0.0084666039510818,Industrials,20.0,2.0,41,8.574518258035507,5166.0,5012.0,9.88113968887222,9.220389707829185,9.94059064048763,9.239025005836092
MMM,2005Q3,2005,Q3,0,0,1,0,5382.0,2750.0,2632.0,1460.0,1165.0,1545.0,1290.0,1283.0,853.0,295.0,1148.0,21366.0,10247.0,19557.0,10100.0,0.054812337421033,0.216462281679673,0.5109624674842066,0.2396878483835005,0.1584912671869193,296.0,291.0,289.0,282.0,290.0,282.0,286.0,270.0,276.0,270.0,273.0,264.0,0.0559123536078579,0.0563298490127758,0.0567668434492241,0.0567518615415576,0.0578611332801276,0.0570965782547074,0.0606189063162356,0.0584922010398613,0.0602620087336244,0.0625289485873089,0.0659739004349927,0.0637219406227371,0.0831153149527068,0.1006451612903225,0.0947452229299363,0.0460992907801418,0.3060016906170753,0.0904480135249365,0.0891341256366722,0.0712250712250712,0.1127029608404965,0.0985703536493605,-0.0341755154428605,0.027317170645936,0.0107374605609167,0.0067700072845429,0.0161846537442611,0.086092715231788,Industrials,20.0,3.0,42,8.591001118560957,5294.0,4969.0,9.969602954742989,9.234837843576571,9.88113968887222,9.220389707829185
MMM,2005Q4,2005,Q4,0,0,0,1,5325.0,2707.0,2618.0,1495.0,1135.0,1464.0,1212.0,1200.0,761.0,360.0,1121.0,20513.0,10395.0,21366.0,10247.0,0.0676056338028169,0.2131455399061033,0.5083568075117371,0.2276056338028169,0.1429107981220657,295.0,296.0,291.0,289.0,282.0,290.0,282.0,286.0,270.0,276.0,270.0,273.0,0.054812337421033,0.0559123536078579,0.0563298490127758,0.0567668434492241,0.0567518615415576,0.0578611332801276,0.0570965782547074,0.0606189063162356,0.0584922010398613,0.0602620087336244,0.0625289485873089,0.0659739004349927,0.0459634649381262,0.0569444444444444,0.092413236481033,0.245674740484429,0.0836417468541821,0.1098901098901099,0.1019283746556474,0.0019135093761959,0.0346399270738377,0.0786435786435786,0.1909352307617329,-0.0108259401440548,0.0444085984835567,0.0611174740752205,0.0104984350547729,0.1110009910802776,Industrials,20.0,4.0,43,8.580355766373877,5382.0,5091.0,9.928862858867356,9.249176395761381,9.969602954742989,9.234837843576571
MMM,2006Q1,2006,Q1,1,0,0,0,5595.0,2874.0,2721.0,1505.0,1183.0,1369.0,1369.0,1355.0,899.0,322.0,1221.0,21613.0,10989.0,20513.0,10395.0,0.0575513851653261,0.2114387846291331,0.5136729222520108,0.2446827524575514,0.1606791778373547,360.0,295.0,296.0,291.0,289.0,282.0,290.0,282.0,286.0,270.0,276.0,270.0,0.0676056338028169,0.054812337421033,0.0559123536078579,0.0563298490127758,0.0567668434492241,0.0567518615415576,0.0578611332801276,0.0570965782547074,0.0606189063162356,0.0584922010398613,0.0602620087336244,0.0625289485873089,0.0830429732868758,0.1112484548825711,0.0931913275009508,0.1065292096219931,-0.0661664392905866,0.1184640522875817,0.1106557377049179,0.0725266062278282,0.0619389587073608,0.0711743772241992,0.0216854149968215,-0.0194858515313268,0.0093702230330496,0.0327051464017242,0.0260428092803148,0.1100000000000001,Industrials,20.0,1.0,44,8.629807335785372,5325.0,5166.0,9.98109653186311,9.304741047397666,9.928862858867356,9.249176395761381
MMM,2006Q2,2006,Q2,0,1,0,0,5688.0,2848.0,2840.0,1673.0,1322.0,1175.0,1175.0,1164.0,882.0,351.0,1233.0,22033.0,11522.0,21613.0,10989.0,0.0617088607594936,0.2324191279887482,0.5007032348804501,0.2065752461322081,0.1550632911392405,322.0,360.0,295.0,296.0,291.0,289.0,282.0,290.0,282.0,286.0,270.0,276.0,0.0575513851653261,0.0676056338028169,0.054812337421033,0.0559123536078579,0.0563298490127758,0.0567668434492241,0.0567518615415576,0.0578611332801276,0.0570965782547074,0.0606189063162356,0.0584922010398613,0.0602620087336244,0.0744238760861353,0.1365979381443298,0.0548148148148148,0.1858108108108107,-0.2269736842105263,-0.0841777084957131,-0.0906249999999999,0.0948342328450269,0.1793041926851026,0.1806633733239238,0.1036713137187821,0.0976154001538209,-0.0182507683492212,-0.1476154691941466,0.0578673496019837,0.1501865671641791,Industrials,20.0,2.0,45,8.646289764750648,5595.0,5294.0,10.00034199390001,9.352100317014015,9.98109653186311,9.304741047397666
MMM,2006Q3,2006,Q3,0,0,1,0,5858.0,2868.0,2990.0,1526.0,1186.0,1342.0,1342.0,1318.0,894.0,340.0,1234.0,22683.0,10983.0,22033.0,11522.0,0.0580402867872994,0.2024581768521679,0.4895868897234551,0.2290884260839877,0.1526118129054284,351.0,322.0,360.0,295.0,296.0,291.0,289.0,282.0,290.0,282.0,286.0,270.0,0.0617088607594936,0.0575513851653261,0.0676056338028169,0.054812337421033,0.0559123536078579,0.0563298490127758,0.0567668434492241,0.0567518615415576,0.0578611332801276,0.0570965782547074,0.0606189063162356,0.0584922010398613,0.0884429580081753,0.0480656506447831,0.042909090909091,0.1525423728813559,-0.1313915857605178,0.0403100775193798,0.0272798129384255,0.1360182370820668,0.0180257510729613,0.0452054794520548,0.058890927082188,-0.0646953580958215,-0.0418339489121325,-0.0442217758263395,-0.037096392664694,0.0749128919860626,Industrials,20.0,3.0,46,8.675734219544788,5688.0,5382.0,10.029415109133918,9.304194947447806,10.00034199390001,9.352100317014015
MMM,2006Q4,2006,Q4,0,0,0,1,5782.0,2620.0,3162.0,1884.0,1375.0,2161.0,1810.0,1788.0,1176.0,509.0,1685.0,21294.0,9959.0,22683.0,10983.0,0.06904679621183422,0.2378069872016603,0.4531304047042546,0.3130404704254583,0.2033898305084746,340.0,351.0,322.0,360.0,295.0,296.0,291.0,289.0,282.0,290.0,282.0,286.0,0.0580402867872994,0.0617088607594936,0.0575513851653261,0.0676056338028169,0.054812337421033,0.0559123536078579,0.0563298490127758,0.0567668434492241,0.0567518615415576,0.0578611332801276,0.0570965782547074,0.0606189063162356,0.0858215962441315,0.5453350854139289,-0.0321388991503509,0.413888888888889,0.4760928961748634,0.4933993399339933,0.49,0.2077922077922078,0.2114537444933921,0.260200668896321,0.3021373803758793,0.1157023848888467,-0.1086370871628534,0.3753634529831398,0.423194280496225,0.5031222123104371,Industrials,20.0,4.0,47,8.662677858158219,5858.0,5325.0,9.966227582357314,9.206332350578643,10.029415109133918,9.304194947447806
MMM,2007Q1,2007,Q1,1,0,0,0,5937.0,2915.0,3022.0,1600.0,1281.0,2355.0,2101.0,2091.0,1368.0,319.0,1687.0,22739.0,10054.0,21294.0,9959.0,0.0537308404918308,0.2157655381505811,0.4909887148391443,0.3538824322048172,0.2304194037392622,509.0,340.0,351.0,322.0,360.0,295.0,296.0,291.0,289.0,282.0,290.0,282.0,0.06904679621183422,0.0580402867872994,0.0617088607594936,0.0575513851653261,0.0676056338028169,0.054812337421033,0.0559123536078579,0.0563298490127758,0.0567668434492241,0.0567518615415576,0.0578611332801276,0.0570965782547074,0.0611260053619302,0.521690767519466,0.0142658315935977,-0.0093167701863353,0.7202337472607743,0.5346968590211834,0.5431734317343173,0.1106210951855934,0.0828402366863905,0.0631229235880399,-0.0663849299633732,0.0204633862658507,-0.0441608004436282,0.4462908752271384,0.4340339976876222,0.3816543816543816,Industrials,20.0,1.0,48,8.689127655323706,5782.0,5595.0,10.031880767304527,9.215825302206753,9.966227582357314,9.206332350578643
MMM,2007Q2,2007,Q2,0,1,0,0,6142.0,2967.0,3175.0,1638.0,1286.0,1608.0,1397.0,1378.0,917.0,352.0,1269.0,22816.0,10272.0,22739.0,10054.0,0.0573103223705633,0.2093780527515467,0.4830674047541517,0.2274503419081732,0.1492999023119505,319.0,509.0,340.0,351.0,322.0,360.0,295.0,296.0,291.0,289.0,282.0,290.0,0.0537308404918308,0.06904679621183422,0.0580402867872994,0.0617088607594936,0.0575513851653261,0.0676056338028169,0.054812337421033,0.0559123536078579,0.0563298490127758,0.0567668434492241,0.0567518615415576,0.0578611332801276,0.0798171589310829,0.0396825396825397,0.0417837078651686,0.0028490028490029,0.3685106382978724,0.1889361702127658,0.1838487972508591,0.1179577464788732,-0.027231467473525,-0.0209205020920502,-0.0712788785077942,-0.0991358819585493,-0.0352221214039273,0.1010532295946293,-0.037167976927013,0.0291970802919707,Industrials,20.0,2.0,49,8.723068501163928,5937.0,5688.0,10.035261151145571,9.237274373216264,10.031880767304527,9.215825302206753
MMM,2007Q3,2007,Q3,0,0,1,0,6177.0,2937.0,3240.0,1512.0,1174.0,1425.0,1425.0,1409.0,960.0,338.0,1298.0,24355.0,10970.0,22816.0,10272.0,0.0547191193135826,0.1900598996276509,0.4754735308402137,0.23069451189898,0.1554152501214181,352.0,319.0,509.0,340.0,351.0,322.0,360.0,295.0,296.0,291.0,289.0,282.0,0.0573103223705633,0.0537308404918308,0.06904679621183422,0.0580402867872994,0.0617088607594936,0.0575513851653261,0.0676056338028169,0.054812337421033,0.0559123536078579,0.0563298490127758,0.0567668434492241,0.0567518615415576,0.0544554455445545,0.0738255033557047,0.0240585774058577,-0.0058823529411764,0.0618479880774962,0.0618479880774962,0.0690440060698027,0.0836120401337792,-0.0101180438448567,-0.0091743119266054,-0.0572217619442143,-0.0612387082472348,-0.0288270768263696,0.0070107680359352,0.0183697261871003,0.0518638573743921,Industrials,20.0,3.0,50,8.728749873478527,6142.0,5858.0,10.100533504728464,9.30301070681749,10.035261151145571,9.237274373216264
MMM,2007Q4,2007,Q4,0,0,0,1,6206.0,2908.0,3298.0,1633.0,1274.0,1546.0,1270.0,1237.0,851.0,359.0,1210.0,24694.0,11747.0,24355.0,10970.0,0.057847244601998,0.205285207863358,0.4685787947147921,0.2046406703190461,0.1371253625523686,338.0,352.0,319.0,509.0,340.0,351.0,322.0,360.0,295.0,296.0,291.0,289.0,0.0547191193135826,0.0573103223705633,0.0537308404918308,0.06904679621183422,0.0580402867872994,0.0617088607594936,0.0575513851653261,0.0676056338028169,0.054812337421033,0.0559123536078579,0.0563298490127758,0.0567668434492241,0.0733310273261846,-0.2763605442176871,0.1099236641221375,-0.2946954813359528,-0.2845904673762147,-0.2983425414364641,-0.308165548098434,0.043010752688172,-0.0734545454545454,-0.1332271762208068,-0.342882577035849,-0.1367570386429554,0.0340925920003543,-0.3462804664172793,-0.3258003007841874,-0.2818991097922848,Industrials,20.0,4.0,51,8.733432966413652,6177.0,5782.0,10.114356072974726,9.37143829231851,10.100533504728464,9.30301070681749
MMM,2008Q1,2008,Q1,1,0,0,0,6463.0,3127.0,3336.0,1626.0,1275.0,1799.0,1501.0,1476.0,988.0,351.0,1339.0,26769.0,12435.0,24694.0,11747.0,0.0543091443602042,0.1972768064366393,0.483831038217546,0.2322450874207024,0.1528701841250193,359.0,338.0,352.0,319.0,509.0,340.0,351.0,322.0,360.0,295.0,296.0,291.0,0.057847244601998,0.0547191193135826,0.0573103223705633,0.0537308404918308,0.06906193047214676,0.0580402867872994,0.0617088607594936,0.0575513851653261,0.0676056338028169,0.054812337421033,0.0559123536078579,0.0563298490127758,0.0885969344786929,-0.2777777777777778,0.0727272727272727,0.1003134796238245,-0.2360934182590233,-0.2855782960495002,-0.2941176470588235,0.1039046988749172,-0.0046838407494145,0.01625,0.0107629782649922,-0.0856889931191821,-0.014578087856751,-0.3437224731000902,-0.3365568105626901,-0.2062833432128038,Industrials,20.0,1.0,52,8.774003600200931,6206.0,5937.0,10.195037136514399,9.428350771178645,10.114356072974726,9.37143829231851
MMM,2008Q2,2008,Q2,0,1,0,0,6739.0,3229.0,3510.0,1757.0,1394.0,1752.0,1449.0,1416.0,945.0,363.0,1308.0,27358.0,12535.0,26769.0,12435.0,0.0538655586882326,0.2068556165603205,0.479151209378246,0.2150170648464164,0.1402285205520106,351.0,359.0,338.0,352.0,319.0,509.0,340.0,351.0,322.0,360.0,295.0,296.0,0.0543091443602042,0.057847244601998,0.0547191193135826,0.0573103223705633,0.0537308404918308,0.06907706473245932,0.0580402867872994,0.0617088607594936,0.0575513851653261,0.0676056338028169,0.054812337421033,0.0559123536078579,0.097199609247802,0.0305343511450382,0.0883046848668689,0.03125,0.0895522388059701,0.0372226198997851,0.0275761973875181,0.1055118110236219,0.0839813374805598,0.0726495726495726,-0.0601072117524855,-0.0120472807826681,-0.0081069336025658,-0.0546636991505443,-0.0607594621260091,0.0307328605200944,Industrials,20.0,2.0,53,8.815815203906352,6463.0,6142.0,10.216800821360927,9.436359784035856,10.195037136514399,9.428350771178645
MMM,2008Q3,2008,Q3,0,0,1,0,6558.0,3126.0,3432.0,1613.0,1269.0,1513.0,1513.0,1489.0,991.0,344.0,1335.0,27609.0,12201.0,27358.0,12535.0,0.0524550167734065,0.1935041171088746,0.4766697163769441,0.230710582494663,0.1511131442512961,363.0,351.0,359.0,338.0,352.0,319.0,509.0,340.0,351.0,322.0,360.0,295.0,0.0538655586882326,0.0543091443602042,0.057847244601998,0.0547191193135826,0.0573103223705633,0.0537308404918308,0.06909219899277189,0.0580402867872994,0.0617088607594936,0.0575513851653261,0.0676056338028169,0.054812337421033,0.0616804273919378,0.0322916666666666,0.0643513789581204,0.0177514792899409,0.0617543859649123,0.0617543859649123,0.056777856635912,0.0592592592592593,0.0809199318568993,0.0667989417989418,-0.0413768088481297,0.0181217473437127,0.0025157773443595,6.966180318146442e-05,-0.0276813624580664,0.0285053929121725,Industrials,20.0,3.0,54,8.788593431293735,6739.0,6177.0,10.225933304924201,9.409355151711798,10.216800821360927,9.436359784035856
MMM,2008Q4,2008,Q4,0,0,0,1,5509.0,2408.0,3101.0,1653.0,1307.0,1144.0,755.0,727.0,536.0,346.0,882.0,25547.0,9880.0,27609.0,12201.0,0.062806316935923,0.237248139408241,0.4371029224904701,0.137048466146306,0.0972953349065166,344.0,363.0,351.0,359.0,338.0,352.0,319.0,509.0,340.0,351.0,322.0,360.0,0.0524550167734065,0.0538655586882326,0.0543091443602042,0.057847244601998,0.0547191193135826,0.0573103223705633,0.0537308404918308,0.06910733325308442,0.0580402867872994,0.0617088607594936,0.0575513851653261,0.0676056338028169,-0.1123106670963584,-0.3701527614571093,-0.1719394773039889,-0.0362116991643454,-0.260025873221216,-0.405511811023622,-0.412287793047696,-0.0597331716191631,0.0259026687598116,0.0122473974280465,0.0857270275886861,0.1557001202257015,-0.0671730615626349,-0.3302970229102556,-0.2904643379202796,-0.2710743801652893,Industrials,20.0,4.0,55,8.61431990214696,6558.0,6206.0,10.14831431468148,9.198369000194964,10.225933304924201,9.409355151711798
MMM,2009Q1,2009,Q1,1,0,0,0,5089.0,2317.0,2772.0,1514.0,1191.0,1085.0,803.0,759.0,518.0,323.0,841.0,24372.0,9737.0,25547.0,9880.0,0.0634702299076439,0.234034191393201,0.4552957359009628,0.1577913146001179,0.1017881705639614,346.0,344.0,363.0,351.0,359.0,338.0,352.0,319.0,509.0,340.0,351.0,322.0,0.062806316935923,0.0524550167734065,0.0538655586882326,0.0543091443602042,0.057847244601998,0.0547191193135826,0.0573103223705633,0.0537308404918308,0.06912246751339698,0.0580402867872994,0.0617088607594936,0.0575513851653261,-0.212594770230543,-0.4757085020242915,-0.2590342181004157,-0.0797720797720797,-0.3968871595330739,-0.4650233177881412,-0.4857723577235772,-0.1690647482014388,-0.0658823529411765,-0.068880688806888,0.1686840338834836,0.1863239050778495,-0.0589778250310448,-0.3205827673147489,-0.3341528883047742,-0.3719193427931292,Industrials,20.0,1.0,56,8.53503310954457,5509.0,6463.0,10.101231241217606,9.183791036742646,10.14831431468148,9.198369000194964
MMM,2009Q2,2009,Q2,0,1,0,0,5719.0,2742.0,2977.0,1551.0,1242.0,1496.0,1191.0,1143.0,783.0,309.0,1092.0,26095.0,10803.0,24372.0,9737.0,0.0540304248994579,0.2171708340618989,0.4794544500786851,0.2082531911173282,0.1369120475607623,323.0,346.0,344.0,363.0,351.0,359.0,338.0,352.0,319.0,509.0,340.0,351.0,0.0634702299076439,0.062806316935923,0.0524550167734065,0.0538655586882326,0.0543091443602042,0.057847244601998,0.0547191193135826,0.0573103223705633,0.0537308404918308,0.06913760177370955,0.0580402867872994,0.0617088607594936,-0.1513577682148686,-0.1714285714285713,-0.1508206875193558,-0.1487603305785123,-0.1461187214611872,-0.1780538302277432,-0.1927966101694915,-0.1518518518518519,-0.1090387374461979,-0.1172453044963005,0.0030606980645926,0.0498667508917767,0.0006328705730129,-0.0314573809940132,-0.0236504883471136,-0.1651376146788991,Industrials,20.0,2.0,57,8.651724084373843,5089.0,6739.0,10.169537324860794,9.287671714912506,10.101231241217606,9.183791036742646
MMM,2009Q3,2009,Q3,0,0,1,0,6193.0,3022.0,3171.0,1544.0,1209.0,1776.0,1478.0,1431.0,957.0,335.0,1292.0,27633.0,12360.0,26095.0,10803.0,0.0540933311803649,0.1952204101404812,0.4879702890360084,0.2386565477151623,0.1545293072824156,309.0,323.0,346.0,344.0,363.0,351.0,359.0,338.0,352.0,319.0,509.0,340.0,0.0540304248994579,0.0634702299076439,0.062806316935923,0.0524550167734065,0.0538655586882326,0.0543091443602042,0.057847244601998,0.0547191193135826,0.0573103223705633,0.0537308404918308,0.06915273603402208,0.0580402867872994,-0.0556572125648063,-0.0343087790110998,-0.0332693538067818,-0.0261627906976744,0.1738268341044282,-0.023132848645076,-0.0389523169912693,-0.076048951048951,-0.0472813238770685,-0.0427774333539987,0.0312327496535849,0.008869542711801,0.0237073434095147,0.0344412689464865,0.0226066570717271,-0.0322097378277153,Industrials,20.0,3.0,58,8.731336360533149,5719.0,6558.0,10.226802177616614,9.422301633887823,10.169537324860794,9.287671714912506
MMM,2009Q4,2009,Q4,0,0,0,1,6122.0,2933.0,3189.0,1591.0,1265.0,1640.0,1342.0,1299.0,935.0,326.0,1261.0,27250.0,12764.0,27633.0,12360.0,0.0532505717085919,0.2066318196667755,0.4790918000653381,0.2192094086899706,0.1527278667102254,335.0,309.0,323.0,346.0,344.0,363.0,351.0,359.0,338.0,352.0,319.0,509.0,0.0540933311803649,0.0540304248994579,0.0634702299076439,0.062806316935923,0.0524550167734065,0.0538655586882326,0.0543091443602042,0.057847244601998,0.0547191193135826,0.0573103223705633,0.0537308404918308,0.06916787029433465,0.1112724632419677,0.7444029850746268,0.2180232558139534,-0.0578034682080924,0.4335664335664335,0.7774834437086093,0.7867950481430537,0.0283779425991614,-0.0321346595256312,-0.0375075620084695,-0.1521462440964359,-0.1290476705858709,0.096061763521573,0.599502824467613,0.5697347345272983,0.4297052154195011,Industrials,20.0,4.0,59,8.719807451477955,6193.0,5509.0,10.21284549666577,9.454462329675584,10.226802177616614,9.422301633887823
MMM,2010Q1,2010,Q1,1,0,0,0,6348.0,3110.0,3238.0,1665.0,1323.0,1738.0,1445.0,1403.0,930.0,342.0,1272.0,28022.0,13566.0,27250.0,12764.0,0.053875236294896,0.2084120982986767,0.4899180844360428,0.22763074984247,0.1465028355387523,326.0,335.0,309.0,323.0,346.0,344.0,363.0,351.0,359.0,338.0,352.0,319.0,0.0532505717085919,0.0540933311803649,0.0540304248994579,0.0634702299076439,0.062806316935923,0.0524550167734065,0.0538655586882326,0.0543091443602042,0.057847244601998,0.0547191193135826,0.0573103223705633,0.0537308404918308,0.2473963450579681,0.7953667953667953,0.3422529132498921,0.0588235294117647,0.6018433179723501,0.7995018679950188,0.8484848484848484,0.1681096681096681,0.1108312342569268,0.0997357992073977,-0.1511731346602912,-0.1094801274206835,0.0760436476888313,0.4426063336840975,0.439291370765851,0.5124851367419738,Industrials,20.0,1.0,60,8.75605259917045,6122.0,5089.0,10.240780880540958,9.515395652485308,10.21284549666577,9.454462329675584
MMM,2010Q2,2010,Q2,0,1,0,0,6731.0,3296.0,3435.0,1700.0,1350.0,1878.0,1596.0,1554.0,1121.0,350.0,1471.0,28496.0,14263.0,28022.0,13566.0,0.0519982172039815,0.2005645520725003,0.4896746397266379,0.237111870450156,0.1665428613876095,342.0,326.0,335.0,309.0,323.0,346.0,344.0,363.0,351.0,359.0,338.0,352.0,0.053875236294896,0.0532505717085919,0.0540933311803649,0.0540304248994579,0.0634702299076439,0.062806316935923,0.0524550167734065,0.0538655586882326,0.0543091443602042,0.057847244601998,0.0547191193135826,0.0573103223705633,0.176954012939325,0.4316730523627075,0.2020423048869437,0.1326860841423949,0.2553475935828877,0.3400503778337531,0.3595800524934383,0.1538461538461537,0.0869565217391303,0.0960670535138621,-0.0376122841761467,-0.0764664466162402,0.0213162890578564,0.1385749681817314,0.2164222532257205,0.3470695970695971,Industrials,20.0,2.0,61,8.814627555310697,6348.0,5719.0,10.257554097558293,9.565494159542977,10.240780880540958,9.515395652485308
MMM,2010Q3,2010,Q3,0,0,1,0,6874.0,3291.0,3583.0,1715.0,1361.0,1865.0,1576.0,1536.0,1106.0,354.0,1460.0,30065.0,15833.0,28496.0,14263.0,0.0514983997672388,0.197992435263311,0.4787605469886529,0.229269711958103,0.1608961303462321,350.0,342.0,326.0,335.0,309.0,323.0,346.0,344.0,363.0,351.0,359.0,338.0,0.0519982172039815,0.053875236294896,0.0532505717085919,0.0540933311803649,0.0540304248994579,0.0634702299076439,0.062806316935923,0.0524550167734065,0.0538655586882326,0.0543091443602042,0.057847244601998,0.0547191193135826,0.1099628612950105,0.1556948798328108,0.0890138980807413,0.0567164179104477,0.0501126126126125,0.0663058186738836,0.0733752620545074,0.1299274676758119,0.1257237386269645,0.1107512953367875,-0.047971373855193,0.0141994636771589,-0.0188735713101498,-0.0393319850091123,0.0412013952290657,0.1300309597523219,Industrials,20.0,3.0,62,8.835646922534773,6731.0,6193.0,10.311150244187779,9.669914805731379,10.257554097558293,9.565494159542977
MMM,2010Q4,2010,Q4,0,0,0,1,6709.0,3134.0,3575.0,1833.0,1445.0,1595.0,1301.0,1262.0,928.0,388.0,1316.0,30156.0,15663.0,30065.0,15833.0,0.0578327619615441,0.215382322253689,0.4671337009986585,0.1939186167834252,0.1383216574750335,354.0,350.0,342.0,326.0,335.0,309.0,323.0,346.0,344.0,363.0,351.0,359.0,0.0514983997672388,0.0519982172039815,0.053875236294896,0.0532505717085919,0.0540933311803649,0.0540304248994579,0.0634702299076439,0.062806316935923,0.0524550167734065,0.0538655586882326,0.0543091443602042,0.057847244601998,0.0958836981378634,-0.0074866310160427,0.0685305148312307,0.1901840490797546,-0.0274390243902439,-0.0305514157973174,-0.0284834488067744,0.1210410787080589,0.1422924901185771,0.1521055939660591,0.0860495973269126,0.0423482820846516,-0.0249599326581018,-0.1153727481757604,-0.0943260031420799,0.0436161776367962,Industrials,20.0,4.0,63,8.811354229965728,6874.0,6122.0,10.314172347678452,9.659120364770292,10.311150244187779,9.669914805731379
MMM,2011Q1,2011,Q1,1,0,0,0,7311.0,3509.0,3802.0,1931.0,1533.0,1877.0,1578.0,1545.0,1081.0,398.0,1479.0,31129.0,16494.0,30156.0,15663.0,0.0544385173026945,0.2096840377513336,0.4799617015456162,0.215839146491588,0.1478593899603337,388.0,354.0,350.0,342.0,326.0,335.0,309.0,323.0,346.0,344.0,363.0,351.0,0.0578327619615441,0.0514983997672388,0.0519982172039815,0.053875236294896,0.0532505717085919,0.0540933311803649,0.0540304248994579,0.0634702299076439,0.062806316935923,0.0524550167734065,0.0538655586882326,0.0543091443602042,0.1517013232514177,0.1623655913978494,0.1282958199356914,0.1637426900584795,0.0799769850402762,0.0920415224913495,0.1012116892373484,0.1741815935762816,0.1587301587301588,0.1597597597597597,0.0104552860745763,0.0061030019995962,-0.0203225461699126,-0.0518014519525253,0.0092595779227939,0.1627358490566037,Industrials,20.0,1.0,64,8.897272113133987,6709.0,6348.0,10.345927263435653,9.710812583662682,10.314172347678452,9.659120364770292
MMM,2011Q2,2011,Q2,0,1,0,0,7680.0,3640.0,4040.0,1985.0,1581.0,1983.0,1655.0,1614.0,1160.0,404.0,1564.0,32282.0,17330.0,31129.0,16494.0,0.0526041666666666,0.205859375,0.4739583333333333,0.2154947916666666,0.1510416666666666,398.0,388.0,354.0,350.0,342.0,326.0,335.0,309.0,323.0,346.0,344.0,363.0,0.0544385173026945,0.0578327619615441,0.0514983997672388,0.0519982172039815,0.053875236294896,0.0532505717085919,0.0540933311803649,0.0540304248994579,0.0634702299076439,0.062806316935923,0.0524550167734065,0.0538655586882326,0.1409894517902243,0.0347903657448707,0.104368932038835,0.1542857142857143,0.0559105431309903,0.0369674185463659,0.0386100386100385,0.1761280931586608,0.1711111111111112,0.1676470588235294,0.0116532738095238,0.0263995949074073,-0.0320954060477346,-0.091168268979741,-0.0930763083556349,0.0632222977566281,Industrials,20.0,2.0,65,8.946505025998682,7311.0,6731.0,10.382296054868503,9.760252084449375,10.345927263435653,9.710812583662682
MMM,2011Q3,2011,Q3,0,0,1,0,7531.0,3504.0,4027.0,1923.0,1534.0,1902.0,1581.0,1543.0,1088.0,389.0,1477.0,32115.0,16968.0,32282.0,17330.0,0.0516531669101049,0.203691408843447,0.4652768556632585,0.2099322799097065,0.1444695259593679,404.0,398.0,388.0,354.0,350.0,342.0,326.0,335.0,309.0,323.0,346.0,344.0,0.0526041666666666,0.0544385173026945,0.0578327619615441,0.0514983997672388,0.0519982172039815,0.053875236294896,0.0532505717085919,0.0540933311803649,0.0540304248994579,0.0634702299076439,0.062806316935923,0.0524550167734065,0.0955775385510619,-0.0162748643761302,0.0647219690063809,0.0988700564971751,0.0198391420911527,0.0031725888324873,0.0045572916666667,0.1239185040468879,0.1271124173401909,0.1212827988338192,0.0030052806216416,0.0287837945553675,-0.0281637478489094,-0.0843435963836783,-0.1020944652398777,0.0116438356164383,Industrials,20.0,3.0,66,8.926915889777042,7680.0,6874.0,10.377109627304575,9.739143428972826,10.382296054868503,9.760252084449375
MMM,2011Q4,2011,Q4,0,0,0,1,7089.0,3265.0,3824.0,1901.0,1522.0,1691.0,1364.0,1329.0,954.0,379.0,1333.0,31616.0,15420.0,32115.0,16968.0,0.0534631118634504,0.2146988291719565,0.4605727182959515,0.1924107772605445,0.1345746931866271,389.0,404.0,398.0,388.0,354.0,350.0,342.0,326.0,335.0,309.0,323.0,346.0,0.0516531669101049,0.0526041666666666,0.0544385173026945,0.0578327619615441,0.0514983997672388,0.0519982172039815,0.053875236294896,0.0532505717085919,0.0540933311803649,0.0540304248994579,0.0634702299076439,0.062806316935923,0.0566403338798628,0.0280172413793102,0.0417996171027441,-0.0231958762886598,0.0601880877742946,0.0484242890084549,0.0530903328050713,0.0696503496503495,0.0532871972318338,0.0370976541189307,-0.07555665594874,-0.0031733945227291,-0.0140451923907024,-0.0077756305603435,-0.0270887752272824,0.012917933130699,Industrials,20.0,4.0,67,8.866440619526173,7531.0,6709.0,10.361450229602047,9.643485495857657,10.377109627304575,9.739143428972826
MMM,2012Q1,2012,Q1,1,0,0,0,7486.0,3597.0,3889.0,1963.0,1552.0,1956.0,1634.0,1603.0,1125.0,411.0,1536.0,32015.0,16182.0,31616.0,15420.0,0.0549024846379909,0.2073203312850654,0.4804969275981833,0.2182741116751269,0.1502805236441357,379.0,389.0,404.0,398.0,388.0,354.0,350.0,342.0,326.0,335.0,309.0,323.0,0.0534631118634504,0.0516531669101049,0.0526041666666666,0.0544385173026945,0.0578327619615441,0.0514983997672388,0.0519982172039815,0.053875236294896,0.0532505717085919,0.0540933311803649,0.0540304248994579,0.0634702299076439,0.0239365339898782,0.0407030527289546,0.025078369905956,0.0326633165829146,0.0420884389984017,0.035487959442332,0.0375404530744336,0.0228826933193055,0.0123939986953685,0.0165717244950802,0.0085227768551547,-0.0112727057892279,0.0011151432517293,0.0112813881222133,0.0163745683277301,0.0385395537525354,Industrials,20.0,1.0,68,8.920923462230686,7089.0,7311.0,10.373991056823515,9.691716587516886,10.361450229602047,9.643485495857657
MMM,2012Q2,2012,Q2,0,1,0,0,7534.0,3664.0,3870.0,1936.0,1528.0,2059.0,1728.0,1695.0,1167.0,408.0,1575.0,33339.0,16406.0,32015.0,16182.0,0.0541544996018051,0.2028139102734271,0.4863286434828776,0.2293602336076453,0.1548977966551632,411.0,379.0,389.0,404.0,398.0,388.0,354.0,350.0,342.0,326.0,335.0,309.0,0.0549024846379909,0.0534631118634504,0.0516531669101049,0.0526041666666666,0.0544385173026945,0.0578327619615441,0.0514983997672388,0.0519982172039815,0.053875236294896,0.0532505717085919,0.0540933311803649,0.0540304248994579,-0.0190104166666666,0.0060344827586207,0.0065934065934065,0.0099009900990099,0.0383257690368128,0.0441087613293051,0.0501858736059479,-0.0420792079207921,-0.0335230866540164,-0.0246851385390428,0.0294716755986721,-0.0147939083491965,0.0260999950407967,0.0643423529345719,0.0255302399238395,0.0070332480818413,Industrials,20.0,2.0,69,8.927314111060596,7486.0,7680.0,10.414513156304785,9.705463352014883,10.373991056823515,9.691716587516886
MMM,2012Q3,2012,Q3,0,0,1,0,7497.0,3562.0,3935.0,1884.0,1487.0,2010.0,1678.0,1644.0,1161.0,397.0,1558.0,34479.0,17644.0,33339.0,16406.0,0.052954515139389,0.1983460050686941,0.4751233826864079,0.2238228624783246,0.1548619447779111,408.0,411.0,379.0,389.0,404.0,398.0,388.0,354.0,350.0,342.0,326.0,335.0,0.0541544996018051,0.0549024846379909,0.0534631118634504,0.0516531669101049,0.0526041666666666,0.0544385173026945,0.0578327619615441,0.0514983997672388,0.0519982172039815,0.053875236294896,0.0532505717085919,0.0540933311803649,-0.0045146726862302,0.0670955882352941,0.0165525114155251,0.0205655526992287,0.0567823343848581,0.0613535736875394,0.0654569021386908,-0.0228457909113484,-0.030638852672751,-0.0202808112324492,0.0251939679042139,-0.0262426569932622,0.0211627268867973,0.0661669685795465,0.0719350240096039,0.054840893703453,Industrials,20.0,3.0,70,8.922391597295857,7534.0,7531.0,10.44813472477763,9.77820773610937,10.414513156304785,9.705463352014883
MMM,2012Q4,2012,Q4,0,0,0,1,7387.0,3396.0,3991.0,1953.0,1535.0,1785.0,1443.0,1409.0,991.0,418.0,1409.0,33876.0,17575.0,34479.0,17644.0,0.0565858941383511,0.2077974820630838,0.4597265466359821,0.1953431704345472,0.1341545959117368,397.0,408.0,411.0,379.0,389.0,404.0,398.0,388.0,354.0,350.0,342.0,326.0,0.052954515139389,0.0541544996018051,0.0549024846379909,0.0534631118634504,0.0516531669101049,0.0526041666666666,0.0544385173026945,0.0578327619615441,0.0514983997672388,0.0519982172039815,0.053875236294896,0.0532505717085919,0.0420369586683593,0.0387840670859538,0.0401225114854517,0.1029023746701847,0.0555884092253105,0.0579178885630498,0.0601956358164033,0.0436715481171547,0.0085413929040736,0.0273540241977905,0.05841003574346,-0.03214431646176,-0.0018372162013852,0.0152402750810154,-0.0031216662281945,0.0570142535633908,Industrials,20.0,4.0,71,8.90761234131913,7497.0,7089.0,10.430491597029581,9.774289614064447,10.44813472477763,9.77820773610937
MMM,2013Q1,2013,Q1,1,0,0,0,7634.0,3665.0,3969.0,2019.0,1589.0,1992.0,1646.0,1617.0,1129.0,430.0,1559.0,34029.0,18082.0,33876.0,17575.0,0.0563269583442494,0.2081477600209588,0.4800890751899397,0.2156143568247314,0.1478910138852502,418.0,397.0,408.0,411.0,379.0,389.0,404.0,398.0,388.0,354.0,350.0,342.0,0.0565858941383511,0.052954515139389,0.0541544996018051,0.0549024846379909,0.0534631118634504,0.0516531669101049,0.0526041666666666,0.0544385173026945,0.0578327619615441,0.0514983997672388,0.0519982172039815,0.053875236294896,0.019770237777184,0.0035555555555555,0.0189046427578538,0.0462287104622871,0.01840490797546,0.0073439412484699,0.0087336244541484,0.0205708408331191,0.0238402061855669,0.0285277636271013,0.0259455235159393,0.0039910641217126,-0.000848813769283,-0.0121853885006488,-0.0159003289377929,0.0149739583333332,Industrials,20.0,1.0,72,8.940498217652733,7387.0,7486.0,10.434997767494952,9.80272754938498,10.430491597029581,9.774289614064447
MMM,2013Q2,2013,Q2,0,1,0,0,7752.0,3739.0,4013.0,2037.0,1610.0,2047.0,1702.0,1671.0,1197.0,427.0,1624.0,34130.0,17876.0,34029.0,18082.0,0.0550825593395252,0.207688338493292,0.4823271413828689,0.2195562435500516,0.1544117647058823,430.0,418.0,397.0,408.0,411.0,379.0,389.0,404.0,398.0,388.0,354.0,350.0,0.0563269583442494,0.0565858941383511,0.052954515139389,0.0541544996018051,0.0549024846379909,0.0534631118634504,0.0516531669101049,0.0526041666666666,0.0544385173026945,0.0578327619615441,0.0514983997672388,0.0519982172039815,0.0289354924342979,0.025706940874036,0.0204694323144105,0.0465686274509804,-0.0058280718795531,-0.0150462962962962,-0.0141592920353982,0.0369509043927649,0.0536649214659685,0.0521694214876033,0.017137259960744,0.0240339935919255,-0.008227979481841,-0.0427449427626801,-0.0031377589596249,0.031111111111111,Industrials,20.0,2.0,73,8.955835144218959,7634.0,7534.0,10.437961341207826,9.791270249415089,10.434997767494952,9.80272754938498
MMM,2013Q3,2013,Q3,0,0,1,0,7916.0,3768.0,4148.0,2029.0,1609.0,2092.0,1739.0,1716.0,1230.0,420.0,1650.0,33604.0,17796.0,34130.0,17876.0,0.0530570995452248,0.2032592218292066,0.4759979787771601,0.2196816574027286,0.1553815058110156,427.0,430.0,418.0,397.0,408.0,411.0,379.0,389.0,404.0,398.0,388.0,354.0,0.0550825593395252,0.0563269583442494,0.0565858941383511,0.052954515139389,0.0541544996018051,0.0549024846379909,0.0534631118634504,0.0516531669101049,0.0526041666666666,0.0544385173026945,0.0578327619615441,0.0514983997672388,0.0558890222755767,0.0594315245478036,0.0578326782706344,0.0579345088161209,0.0407960199004975,0.0363528009535161,0.0437956204379561,0.0541296060991105,0.082044384667115,0.0769639065817409,0.001937217356551,0.0247709388389794,0.0018407767805641,-0.0185021540236849,0.0033549948881865,0.0590500641848523,Industrials,20.0,3.0,74,8.976767625171433,7752.0,7497.0,10.422430144404066,9.786785182749986,10.437961341207826,9.791270249415089
MMM,2013Q4,2013,Q4,0,0,0,1,7569.0,3593.0,3976.0,2014.0,1576.0,1947.0,1579.0,1558.0,1103.0,438.0,1541.0,33550.0,17502.0,33604.0,17796.0,0.0578676179151803,0.2082177302153521,0.4746994318932487,0.2086140837627163,0.1457259875809221,420.0,427.0,430.0,418.0,397.0,408.0,411.0,379.0,389.0,404.0,398.0,388.0,0.0530570995452248,0.0550825593395252,0.0563269583442494,0.0565858941383511,0.052954515139389,0.0541544996018051,0.0549024846379909,0.0534631118634504,0.0516531669101049,0.0526041666666666,0.0544385173026945,0.0578327619615441,0.0246378773521049,0.1130171543895055,0.0580094228504122,0.0478468899521531,0.0907563025210083,0.0942480942480943,0.1057487579843861,-0.0037584565271862,0.0267100977198697,0.0312339989759344,0.0226509414819071,0.0020223928995477,0.0325691117183242,0.0679364080077515,0.0862541576793864,0.0936834634492547,Industrials,20.0,4.0,75,8.931948346431495,7916.0,7387.0,10.420821948214945,9.770127573790836,10.422430144404066,9.786785182749986
MMM,2014Q1,2014,Q1,1,0,0,0,7831.0,3800.0,4031.0,2084.0,1632.0,2075.0,1716.0,1688.0,1207.0,452.0,1659.0,33547.0,17448.0,33550.0,17502.0,0.0577193206487038,0.2084025028731962,0.4852509258076874,0.2191291022857872,0.154131017749968,438.0,420.0,427.0,430.0,418.0,397.0,408.0,411.0,379.0,389.0,404.0,398.0,0.0578676179151803,0.0530570995452248,0.0550825593395252,0.0563269583442494,0.0565858941383511,0.052954515139389,0.0541544996018051,0.0549024846379909,0.0534631118634504,0.0516531669101049,0.0526041666666666,0.0544385173026945,0.0258056064972491,0.0690876882196633,0.0368349249658936,0.0511627906976743,0.0416666666666667,0.0425273390036451,0.043908472479901,0.0156210632401108,0.0270610446821899,0.032194155522536,0.0247192879818727,0.001223855842656,0.0107518601953302,0.0163010734202309,0.0421932590817151,0.0641436818473379,Industrials,20.0,1.0,76,8.965973184210347,7569.0,7634.0,10.420732528104303,9.76703761939823,10.420821948214945,9.770127573790836
MMM,2014Q2,2014,Q2,0,1,0,0,8134.0,3950.0,4184.0,2094.0,1646.0,2223.0,1856.0,1820.0,1267.0,448.0,1715.0,33970.0,17354.0,33547.0,17448.0,0.0550774526678141,0.202360462257192,0.485615933120236,0.2281780181952299,0.1557659208261617,452.0,438.0,420.0,427.0,430.0,418.0,397.0,408.0,411.0,379.0,389.0,404.0,0.0577193206487038,0.0578676179151803,0.0530570995452248,0.0550825593395252,0.0563269583442494,0.0565858941383511,0.052954515139389,0.0541544996018051,0.0549024846379909,0.0534631118634504,0.0516531669101049,0.0526041666666666,0.0492776057791537,0.0584795321637428,0.0564322011232949,0.0491803278688525,0.0859794821690278,0.0904817861339599,0.0891681627767804,0.0426115125841015,0.0223602484472049,0.027982326951399,-9.270941242389696e-05,-0.0256532276908367,0.0068185914811633,0.0392690934485442,0.0087697729694287,0.0560344827586207,Industrials,20.0,2.0,77,9.003931019653137,7831.0,7752.0,10.433262498460529,9.761635928295886,10.420732528104303,9.76703761939823
MMM,2014Q3,2014,Q3,0,0,1,0,8137.0,3932.0,4205.0,2031.0,1597.0,2258.0,1901.0,1880.0,1303.0,434.0,1737.0,32776.0,16173.0,33970.0,17354.0,0.0533366105444266,0.1962639793535701,0.4832247757158658,0.233624185817869,0.160132727049281,448.0,452.0,438.0,420.0,427.0,430.0,418.0,397.0,408.0,411.0,379.0,389.0,0.0550774526678141,0.0577193206487038,0.0578676179151803,0.0530570995452248,0.0550825593395252,0.0563269583442494,0.0565858941383511,0.052954515139389,0.0541544996018051,0.0549024846379909,0.0534631118634504,0.0516531669101049,0.0279181404749873,0.0593495934959349,0.0435244161358812,0.0333333333333334,0.0793499043977055,0.093156986774008,0.0955710955710955,0.0137415621986498,-0.0074580484773151,0.0009857072449481,0.0052681168325754,-0.0344153756601236,0.0151824109784484,0.06346696660969,0.0305777783106575,0.0527272727272727,Industrials,20.0,3.0,78,9.004299728561636,8134.0,7916.0,10.397482328890645,9.691160293655768,10.433262498460529,9.761635928295886
MMM,2014Q4,2014,Q4,0,0,0,1,7719.0,3692.0,4027.0,2030.0,1594.0,2020.0,1662.0,1638.0,1179.0,436.0,1615.0,31269.0,13109.0,32776.0,16173.0,0.0564840005182018,0.2065034330871874,0.4783002979660578,0.2153128643606685,0.1527399922269724,434.0,448.0,452.0,438.0,420.0,427.0,430.0,418.0,397.0,408.0,411.0,379.0,0.0533366105444266,0.0550774526678141,0.0577193206487038,0.0578676179151803,0.0530570995452248,0.0550825593395252,0.0563269583442494,0.0565858941383511,0.052954515139389,0.0541544996018051,0.0549024846379909,0.0534631118634504,0.0198176773682123,0.0689029918404351,0.0275535763985528,-0.0045662100456621,0.0374935798664612,0.0525649145028499,0.0513478818998716,0.0128269617706238,0.0114213197969543,0.0079443892750745,-0.0239100458395666,-0.0082331947735266,0.0075855706387675,0.0321108741899303,0.0481314607125604,0.0480207657365348,Industrials,20.0,4.0,79,8.951569643018821,8137.0,7569.0,10.350414450451886,9.481130576757746,10.397482328890645,9.691160293655768
MMM,2015Q1,2015,Q1,1,0,0,0,7578.0,3757.0,3821.0,2027.0,1564.0,2073.0,1730.0,1703.0,1199.0,463.0,1662.0,30643.0,13917.0,31269.0,13109.0,0.0610979150171549,0.2063869094747954,0.4957772499340195,0.2282924254420691,0.1582211665347057,436.0,434.0,448.0,452.0,438.0,420.0,427.0,430.0,418.0,397.0,408.0,411.0,0.0564840005182018,0.0533366105444266,0.0550774526678141,0.0577193206487038,0.0578676179151803,0.0530570995452248,0.0550825593395252,0.0563269583442494,0.0565858941383511,0.052954515139389,0.0541544996018051,0.0549024846379909,-0.0323074958498276,-0.0066280033140017,-0.0113157894736841,0.0243362831858406,-0.0009638554216867,0.008158508158508,0.0088862559241706,-0.0520962540312577,-0.0416666666666666,-0.0273512476007677,0.0585348949100446,-0.0096716371953902,0.0216925379561332,0.0418170067813774,0.0265368310963385,0.0018083182640145,Industrials,20.0,1.0,80,8.93313654381203,7719.0,7831.0,10.330192163636712,9.540938245404796,10.350414450451886,9.481130576757746
MMM,2015Q2,2015,Q2,0,1,0,0,7686.0,3828.0,3858.0,1988.0,1550.0,2191.0,1840.0,1812.0,1300.0,438.0,1738.0,31388.0,13093.0,30643.0,13917.0,0.0569867291178766,0.2016653655997918,0.4980483996877439,0.2393963049700754,0.1691386937288576,463.0,436.0,434.0,448.0,452.0,438.0,420.0,427.0,430.0,418.0,397.0,408.0,0.0610979150171549,0.0564840005182018,0.0533366105444266,0.0550774526678141,0.0577193206487038,0.0578676179151803,0.0530570995452248,0.0550825593395252,0.0563269583442494,0.0565858941383511,0.052954515139389,0.0541544996018051,-0.0550774526678141,0.0260457774269928,-0.030886075949367,-0.0223214285714286,-0.0143949617633828,-0.0086206896551723,-0.0043956043956043,-0.0779158699808795,-0.0583232077764277,-0.0506208213944603,0.0346653005464481,-0.0034349430202267,0.0256014387493948,0.0491646253376043,0.0858517243808432,0.0134110787172012,Industrials,20.0,2.0,81,8.947285869349132,7578.0,8134.0,10.354212792049157,9.479909389001037,10.330192163636712,9.540938245404796
MMM,2015Q3,2015,Q3,0,0,1,0,7712.0,3835.0,3877.0,1959.0,1530.0,2238.0,1876.0,1845.0,1296.0,429.0,1725.0,33258.0,12186.0,31388.0,13093.0,0.0556275933609958,0.1983921161825726,0.4972769709543568,0.2432572614107883,0.1680497925311203,438.0,463.0,436.0,434.0,448.0,452.0,438.0,420.0,427.0,430.0,418.0,397.0,0.0569867291178766,0.0610979150171549,0.0564840005182018,0.0533366105444266,0.0550774526678141,0.0577193206487038,0.0578676179151803,0.0530570995452248,0.0550825593395252,0.0563269583442494,0.0565858941383511,0.052954515139389,-0.0522305518004178,-0.0053722179585571,-0.0246693794506612,-0.0115207373271889,-0.0088573959255978,-0.0131509731720147,-0.0186170212765957,-0.0780023781212841,-0.0419536631183469,-0.035450516986706,0.0429532884295467,0.01084323693024,0.0290800388239067,0.041233212046073,0.0494406460673264,-0.006908462867012,Industrials,20.0,3.0,82,8.950662495933999,7686.0,8137.0,10.412080686149404,9.408125088823502,10.354212792049157,9.479909389001037
MMM,2015Q4,2015,Q4,0,0,0,1,7298.0,3471.0,3827.0,1971.0,1538.0,1905.0,1500.0,1463.0,1038.0,433.0,1471.0,32718.0,11429.0,33258.0,12186.0,0.0593313236503151,0.210742669224445,0.4756097560975609,0.2055357632228007,0.1422307481501781,429.0,438.0,463.0,436.0,434.0,448.0,452.0,438.0,420.0,427.0,430.0,418.0,0.0556275933609958,0.0569867291178766,0.0610979150171549,0.0564840005182018,0.0533366105444266,0.0550774526678141,0.0577193206487038,0.0578676179151803,0.0530570995452248,0.0550825593395252,0.0563269583442494,0.0565858941383511,-0.0545407436196399,-0.1195928753180661,-0.0598591549295774,-0.0068807339449541,-0.0569306930693069,-0.0974729241877256,-0.1068376068376067,-0.0496647628507573,-0.0351317440401505,-0.029064039408867,0.050409374442162,0.020528647266933,-0.0056252147028512,-0.0454088108803856,-0.0688047964620652,-0.0891640866873064,Industrials,20.0,4.0,83,8.895492631451633,7712.0,7719.0,10.395711227902456,9.343996756788856,10.412080686149404,9.408125088823502
MMM,2016Q1,2016,Q1,1,0,0,0,7409.0,3731.0,3678.0,1943.0,1493.0,2149.0,1788.0,1746.0,1275.0,450.0,1725.0,32982.0,11733.0,32718.0,11429.0,0.0607369415575651,0.2015116749898771,0.5035767310028344,0.2413281144553921,0.1720880010797678,433.0,429.0,438.0,463.0,436.0,434.0,448.0,452.0,438.0,420.0,427.0,430.0,0.0593313236503151,0.0556275933609958,0.0569867291178766,0.0610979150171549,0.0564840005182018,0.0533366105444266,0.0550774526678141,0.0577193206487038,0.0578676179151803,0.0530570995452248,0.0550825593395252,0.0563269583442494,-0.0223013987859593,0.0633861551292744,-0.0069204152249134,-0.0280777537796976,0.0366618427399902,0.0335260115606936,0.0252495596007047,-0.0374247579167756,-0.0453964194373401,-0.0414405525407005,-0.00590811420469,-0.0236218202856206,0.0157318252700238,0.0571008389265672,0.0876420952314269,0.0379061371841156,Industrials,20.0,1.0,84,8.910585718290132,7298.0,7578.0,10.403747556197336,9.370245889485805,10.395711227902456,9.343996756788856
MMM,2016Q2,2016,Q2,0,1,0,0,7662.0,3863.0,3799.0,1997.0,1560.0,2239.0,1866.0,1835.0,1291.0,437.0,1728.0,33235.0,11894.0,32982.0,11733.0,0.0570347167841294,0.2036021926389976,0.5041764552336204,0.2435395458104933,0.1684938658313756,450.0,433.0,429.0,438.0,463.0,436.0,434.0,448.0,452.0,438.0,420.0,427.0,0.0607369415575651,0.0593313236503151,0.0556275933609958,0.0569867291178766,0.0610979150171549,0.0564840005182018,0.0533366105444266,0.0550774526678141,0.0577193206487038,0.0578676179151803,0.0530570995452248,0.0550825593395252,-0.0031225604996096,-0.0069230769230769,0.0091431556948797,-0.002283105022831,0.0219078046554084,0.0141304347826087,0.0126931567328918,-0.0152928978745463,0.0064516129032257,0.0045271629778671,0.0008420849379431,0.0096041629827972,0.0123041366054352,0.0173070375540498,-0.0038124209384976,-0.005753739930955,Industrials,20.0,2.0,85,8.944158830970403,7409.0,7686.0,10.411388904784872,9.383873422737057,10.403747556197336,9.370245889485805
MMM,2016Q3,2016,Q3,0,0,1,0,7709.0,3839.0,3870.0,1958.0,1531.0,2301.0,1881.0,1862.0,1329.0,427.0,1756.0,34051.0,12002.0,33235.0,11894.0,0.0553898041250486,0.1985990400830198,0.4979893630821118,0.2440005188740433,0.1723959008950577,437.0,450.0,433.0,429.0,438.0,463.0,436.0,434.0,448.0,452.0,438.0,420.0,0.0570347167841294,0.0607369415575651,0.0593313236503151,0.0556275933609958,0.0569867291178766,0.0610979150171549,0.0564840005182018,0.0533366105444266,0.0550774526678141,0.0577193206487038,0.0578676179151803,0.0530570995452248,-0.0003890041493775,0.025462962962963,0.0010430247718382,-0.0046620046620046,0.0281501340482572,0.0026652452025586,0.0092140921409213,-0.0018055197317513,0.0006535947712418,-0.0005104645227156,-0.0042746633744168,0.0010430046537575,0.0014325862031934,0.0030554379299692,0.025862027548368,0.0179710144927536,Industrials,20.0,3.0,86,8.950273466557375,7662.0,7712.0,10.435644047003947,9.392911897525345,10.411388904784872,9.383873422737057
MMM,2016Q4,2016,Q4,0,0,0,1,7329.0,3619.0,3710.0,2019.0,1598.0,2004.0,1600.0,1610.0,1155.0,421.0,1576.0,32906.0,10298.0,34051.0,12002.0,0.0574430345203984,0.2180379315049802,0.4937917860553963,0.2183108200300177,0.157593123209169,427.0,437.0,450.0,433.0,429.0,438.0,463.0,436.0,434.0,448.0,452.0,438.0,0.0553898041250486,0.0570347167841294,0.0607369415575651,0.0593313236503151,0.0556275933609958,0.0569867291178766,0.0610979150171549,0.0564840005182018,0.0533366105444266,0.0550774526678141,0.0577193206487038,0.0578676179151803,0.0042477391066044,0.1127167630057803,0.0426390089311436,-0.0277136258660508,0.0519685039370079,0.0666666666666666,0.1004784688995215,-0.030572249804024,0.0390117035110533,0.0243531202435312,-0.0318261756815989,0.0346169207564015,0.0382288835010897,0.0621549097193796,0.1080102246440419,0.071380013596193,Industrials,20.0,4.0,87,8.899730794880696,7709.0,7298.0,10.401440680079444,9.239802082125802,10.435644047003947,9.392911897525345
MMM,2017Q1,2017,Q1,1,0,0,0,7685.0,3797.0,3888.0,2071.0,1600.0,2262.0,1726.0,1737.0,1323.0,471.0,1794.0,33292.0,10989.0,32906.0,10298.0,0.0612882238126219,0.2081977878985035,0.4940793754066363,0.2245933636955107,0.1721535458685751,421.0,427.0,437.0,450.0,433.0,429.0,438.0,463.0,436.0,434.0,448.0,452.0,0.0574430345203984,0.0553898041250486,0.0570347167841294,0.0607369415575651,0.0593313236503151,0.0556275933609958,0.0569867291178766,0.0610979150171549,0.0564840005182018,0.0533366105444266,0.0550774526678141,0.0577193206487038,0.0372519908219732,0.0376470588235293,0.0176896274457249,0.0466666666666666,0.0525825965565378,-0.0346756152125279,-0.0051546391752577,0.0570962479608483,0.071667782987274,0.0658775090066907,0.0090765560615919,0.0331797793302162,-0.0188597983415255,-0.0693443894742511,0.0003808794825672,0.04,Industrials,20.0,1.0,88,8.94715577112479,7329.0,7409.0,10.413102443661062,9.304741047397666,10.401440680079444,9.239802082125802
MMM,2017Q2,2017,Q2,0,1,0,0,7810.0,3776.0,4034.0,2098.0,1620.0,2522.0,1678.0,2142.0,1583.0,478.0,2061.0,33957.0,11591.0,33292.0,10989.0,0.0612035851472471,0.2074263764404609,0.4834827144686299,0.2148527528809219,0.2026888604353393,471.0,421.0,427.0,437.0,450.0,433.0,429.0,438.0,463.0,436.0,434.0,448.0,0.0612882238126219,0.0574430345203984,0.0553898041250486,0.0570347167841294,0.0607369415575651,0.0593313236503151,0.0556275933609958,0.0569867291178766,0.0610979150171549,0.0564840005182018,0.0533366105444266,0.0550774526678141,0.0193161054554946,0.2261812548412083,-0.0225213564587108,0.0938215102974828,0.1263957123715944,-0.1007502679528402,0.1673024523160762,0.0618583837852066,0.0384615384615385,0.0505758637956934,0.0730935226503604,0.0187826258248793,-0.0410446393324765,-0.1177911079455392,0.202945041561247,0.1927083333333332,Industrials,20.0,2.0,89,8.963288275610298,7685.0,7662.0,10.432879745875956,9.358070484000518,10.413102443661062,9.304741047397666
MMM,2017Q3,2017,Q3,0,0,1,0,8172.0,4111.0,4061.0,2105.0,1637.0,2374.0,2006.0,1997.0,1429.0,468.0,1897.0,35237.0,12146.0,33957.0,11591.0,0.0572687224669603,0.2003181595692608,0.5030592266275086,0.2454723445912873,0.1748653940283896,478.0,471.0,421.0,427.0,437.0,450.0,433.0,429.0,438.0,463.0,436.0,434.0,0.0612035851472471,0.0612882238126219,0.0574430345203984,0.0553898041250486,0.0570347167841294,0.0607369415575651,0.0593313236503151,0.0556275933609958,0.0569867291178766,0.0610979150171549,0.0564840005182018,0.0533366105444266,0.0600596705149825,0.0752445447705041,0.0708517843188329,0.0960187353629977,0.0317253368100824,0.0664540138224347,0.0725026852846402,0.0493540051679586,0.0692357935989549,0.0750766087844738,0.0339217365287993,0.0086562326057688,0.0101806663379691,0.0060320597842817,0.0143245467004182,0.0802961275626423,Industrials,20.0,3.0,90,9.00859131751613,7810.0,7709.0,10.469880324750575,9.404837504700271,10.432879745875956,9.358070484000518
MMM,2017Q4,2017,Q4,0,0,0,1,7990.0,3905.0,4085.0,2274.0,1826.0,2011.0,1631.0,1672.0,523.0,448.0,971.0,37987.0,11563.0,35237.0,12146.0,0.0560700876095118,0.2285356695869837,0.4887359198998748,0.2041301627033792,0.0654568210262828,468.0,478.0,471.0,421.0,427.0,437.0,450.0,433.0,429.0,438.0,463.0,436.0,0.0572687224669603,0.0612035851472471,0.0612882238126219,0.0574430345203984,0.0553898041250486,0.0570347167841294,0.0607369415575651,0.0593313236503151,0.0556275933609958,0.0569867291178766,0.0610979150171549,0.0564840005182018,0.090189657524901,-0.5471861471861472,0.0790273556231002,0.0641330166270783,0.0034930139720559,0.0193749999999999,0.0385093167701864,0.1010781671159029,0.1426783479349187,0.1263001485884101,-0.0239010164130341,0.0481463844824805,-0.0102388624077969,-0.0649562734668335,-0.5846467174877688,-0.3838832487309644,Industrials,20.0,4.0,91,8.986071187374463,8172.0,7329.0,10.545025599362843,9.355652103136237,10.469880324750575,9.404837504700271
MMM,2018Q1,2018,Q1,1,0,0,0,8278.0,4082.0,4196.0,2162.0,1676.0,1452.0,1920.0,965.0,602.0,486.0,1088.0,38575.0,10977.0,37987.0,11563.0,0.0587098332930659,0.2024643633727953,0.4931142788113071,0.2319400821454457,0.0727228799226866,448.0,468.0,478.0,471.0,421.0,427.0,437.0,450.0,433.0,429.0,438.0,463.0,0.0560700876095118,0.0572687224669603,0.0612035851472471,0.0612882238126219,0.0574430345203984,0.0553898041250486,0.0570347167841294,0.0607369415575651,0.0593313236503151,0.0556275933609958,0.0569867291178766,0.0610979150171549,0.0771633051398827,-0.544973544973545,0.0750592573084014,0.0318471337579617,-0.3580901856763926,0.1123986095017381,-0.4444444444444444,0.0792181069958848,0.0475000000000001,0.0439401255432159,-0.0420699175006117,-0.0275383546750422,-0.0019533229747445,0.0327112000508404,-0.5775696657552178,-0.3935340022296544,Industrials,20.0,1.0,92,9.021477467138807,7990.0,7685.0,10.560385600420952,9.303648549109834,10.545025599362843,9.355652103136237
MMM,2018Q2,2018,Q2,0,1,0,0,8390.0,4186.0,4204.0,2268.0,1800.0,2730.0,1918.0,2350.0,1857.0,468.0,2325.0,36778.0,10365.0,38575.0,10977.0,0.0557806912991656,0.2145411203814064,0.4989272943980929,0.2286054827175208,0.2213349225268176,486.0,448.0,468.0,478.0,471.0,421.0,427.0,437.0,450.0,433.0,429.0,438.0,0.0587098332930659,0.0560700876095118,0.0572687224669603,0.0612035851472471,0.0612882238126219,0.0574430345203984,0.0553898041250486,0.0570347167841294,0.0607369415575651,0.0593313236503151,0.0556275933609958,0.0569867291178766,0.0742637644046095,0.1730890713834492,0.1085805084745763,-0.0209205020920502,0.0824742268041236,0.1430274135876044,0.0971055088702148,0.0421417947446702,0.1111111111111111,0.0810295519542421,-0.088604186095222,0.0343000927029533,0.0319444304155471,0.0640100238521084,0.0919935217526504,0.1280931586608442,Industrials,20.0,2.0,93,9.03491498187007,8278.0,7810.0,10.512682309099187,9.246286498749653,10.560385600420952,9.303648549109834
MMM,2018Q3,2018,Q3,0,0,1,0,8152.0,4018.0,4134.0,1977.0,1547.0,2320.0,2041.0,1965.0,1543.0,430.0,1973.0,37275.0,10248.0,36778.0,10365.0,0.0527477919528949,0.1897693817468106,0.4928851815505397,0.2503680078508341,0.189278704612365,468.0,486.0,448.0,468.0,478.0,471.0,421.0,427.0,437.0,450.0,433.0,429.0,0.0557806912991656,0.0587098332930659,0.0560700876095118,0.0572687224669603,0.0612035851472471,0.0612882238126219,0.0574430345203984,0.0553898041250486,0.0570347167841294,0.0607369415575651,0.0593313236503151,0.0556275933609958,-0.0024473813020068,0.0797760671798459,-0.0226222330333252,-0.0811965811965812,-0.0227464195450716,0.0174476570289132,-0.016024036054081,0.0179758680128048,-0.0549786194257788,-0.0608076009501187,-0.0789424020532951,-0.0526601175107291,-0.0202243484234952,0.0199438485329095,0.0824251743122794,0.0400632577754349,Industrials,20.0,3.0,94,9.006141236662911,8390.0,8172.0,10.526104966905546,9.234935418831563,10.512682309099187,9.246286498749653
MMM,2018Q4,2018,Q4,0,0,0,1,7945.0,3892.0,4053.0,2102.0,1666.0,2175.0,1790.0,1720.0,1347.0,436.0,1783.0,36500.0,9796.0,37275.0,10248.0,0.0548772813089993,0.2096916299559471,0.4898678414096916,0.2252989301447451,0.1695405915670232,430.0,468.0,486.0,448.0,468.0,478.0,471.0,421.0,427.0,437.0,450.0,433.0,0.0527477919528949,0.0557806912991656,0.0587098332930659,0.0560700876095118,0.0572687224669603,0.0612035851472471,0.0612882238126219,0.0574430345203984,0.0553898041250486,0.0570347167841294,0.0607369415575651,0.0593313236503151,-0.0056320400500625,1.575525812619503,-0.0033290653008962,-0.0267857142857143,0.0815514669318746,0.0974862047823421,0.0287081339712917,-0.0078335373317013,-0.0876232201533406,-0.0756376429199647,-0.0212734873685157,-0.0824555731938567,0.0023160186590105,0.10370230034121,1.590113435220872,0.8362512873326469,Industrials,20.0,4.0,95,8.980423936374544,8152.0,7990.0,10.505094936455558,9.189831495344642,10.526104966905546,9.234935418831563
MMM,2019Q1,2019,Q1,1,0,0,0,7863.0,3766.0,4097.0,2100.0,1623.0,1559.0,1666.0,1088.0,891.0,477.0,1368.0,39140.0,9703.0,36500.0,9796.0,0.0606638687523845,0.2064097672644029,0.4789520539234388,0.2118784179066514,0.1133155284242655,436.0,430.0,468.0,486.0,448.0,468.0,478.0,471.0,421.0,427.0,437.0,450.0,0.0548772813089993,0.0527477919528949,0.0557806912991656,0.0587098332930659,0.0560700876095118,0.0572687224669603,0.0612035851472471,0.0612882238126219,0.0574430345203984,0.0553898041250486,0.0570347167841294,0.0607369415575651,-0.0501328823387291,0.4800664451827243,-0.0774130328270455,-0.0185185185185184,0.0736914600550964,-0.1322916666666667,0.1274611398963729,-0.0235938989513823,-0.0316229116945107,-0.0286771507863089,0.0332829331939086,0.0194869053787156,-0.0287199651204735,-0.0864950294628852,0.558182631721047,0.2573529411764705,Industrials,20.0,1.0,96,8.970050661827003,7945.0,8278.0,10.574925789933857,9.180293450623886,10.505094936455558,9.189831495344642
MMM,2019Q2,2019,Q2,0,1,0,0,8171.0,3848.0,4323.0,2062.0,1597.0,1922.0,1786.0,1446.0,1127.0,465.0,1592.0,38969.0,10083.0,39140.0,9703.0,0.0569085791212825,0.1954473136702973,0.4709337902337535,0.2185778974421735,0.1379268143434096,477.0,436.0,430.0,468.0,486.0,448.0,468.0,478.0,471.0,421.0,427.0,437.0,0.0606638687523845,0.0548772813089993,0.0527477919528949,0.0557806912991656,0.0587098332930659,0.0560700876095118,0.0572687224669603,0.0612035851472471,0.0612882238126219,0.0574430345203984,0.0553898041250486,0.0570347167841294,-0.0261025029797378,-0.3931071620893914,-0.0807453416149068,-0.0064102564102563,-0.2959706959706959,-0.0688216892596454,-0.3846808510638297,0.0283063748810656,-0.1127777777777777,-0.0908289241622575,0.0202200402298309,-0.0889983546145583,-0.0561073817340678,-0.0438641503963315,-0.376841156520621,-0.3152688172043011,Industrials,20.0,2.0,97,9.008468955937513,7863.0,8390.0,10.570547398332755,9.218705288307811,10.574925789933857,9.180293450623886
MMM,2019Q3,2019,Q3,0,0,1,0,7991.0,3774.0,4217.0,1898.0,1455.0,2445.0,1876.0,1966.0,1583.0,443.0,2026.0,42550.0,10702.0,38969.0,10083.0,0.0554373670379176,0.1820798398197972,0.4722813164810411,0.2347641096233262,0.1980978600926042,465.0,477.0,436.0,430.0,468.0,486.0,448.0,468.0,478.0,471.0,421.0,427.0,0.0569085791212825,0.0606638687523845,0.0548772813089993,0.0527477919528949,0.0557806912991656,0.0587098332930659,0.0560700876095118,0.0572687224669603,0.0612035851472471,0.0612882238126219,0.0574430345203984,0.0553898041250486,-0.0197497546614328,0.0259235255994816,-0.0607267297162767,0.0302325581395348,0.0538793103448276,-0.080842724154826,0.0005089058524172,0.0200774068698597,-0.059469941822883,-0.0399595346484572,0.0509893397514062,-0.0405204562307773,-0.0418025654670364,-0.0623238502452936,0.0465934902624169,0.0268626457171818,Industrials,20.0,3.0,98,8.98619632032839,8171.0,8152.0,10.65845863548799,9.278279354984376,10.570547398332755,9.218705288307811
MMM,2019Q4,2019,Q4,0,0,0,1,8111.0,3901.0,4210.0,2272.0,1783.0,1810.0,1629.0,1212.0,969.0,489.0,1458.0,44659.0,10063.0,42550.0,10702.0,0.0602884971027,0.2198249291086179,0.4809517938601899,0.2008383676488719,0.119467389964246,443.0,465.0,477.0,436.0,430.0,468.0,486.0,448.0,468.0,478.0,471.0,421.0,0.0554373670379176,0.0569085791212825,0.0606638687523845,0.0548772813089993,0.0527477919528949,0.0557806912991656,0.0587098332930659,0.0560700876095118,0.0572687224669603,0.0612035851472471,0.0612882238126219,0.0574430345203984,0.0208936438011326,-0.2806236080178174,0.0023124357656731,0.121559633027523,-0.167816091954023,-0.0899441340782123,-0.2953488372093023,0.0387367382186034,0.0702280912364945,0.0808753568030447,0.0986057556902564,0.0483247669675686,-0.0182009244041088,-0.1085693681730238,-0.2953463895575834,-0.182277061132922,Industrials,20.0,4.0,99,9.001099725830965,7991.0,7945.0,10.70683352539415,9.216719978940223,10.65845863548799,9.278279354984376
MMM,2020Q1,2020,Q1,1,0,0,0,8075.0,3939.0,4136.0,2305.0,1768.0,2133.0,1634.0,1588.0,1308.0,537.0,1845.0,46212.0,10147.0,44659.0,10063.0,0.0665015479876161,0.2189473684210526,0.4878018575851393,0.2023529411764706,0.1619814241486068,489.0,443.0,465.0,477.0,436.0,430.0,468.0,486.0,448.0,468.0,478.0,471.0,0.0602884971027,0.0554373670379176,0.0569085791212825,0.0606638687523845,0.0548772813089993,0.0527477919528949,0.0557806912991656,0.0587098332930659,0.0560700876095118,0.0572687224669603,0.0612035851472471,0.0612882238126219,0.0269617194455042,0.468013468013468,0.0459373340414233,0.1257861635220125,0.3681847338037203,-0.0192076830732292,0.4595588235294117,0.0095191603612398,0.0893407270486752,0.0976190476190477,0.0962299199719609,0.0607413172487596,0.0184774312777351,-0.0449572770284584,0.4294724333114426,0.3486842105263157,Industrials,20.0,1.0,100,8.996651979432729,8111.0,7863.0,10.741016422769802,9.225031920719173,10.70683352539415,9.216719978940223
MMM,2020Q2,2020,Q2,0,1,0,0,7176.0,3340.0,3836.0,2018.0,1594.0,2266.0,1322.0,1650.0,1306.0,424.0,1730.0,45079.0,10857.0,46212.0,10147.0,0.0590858416945373,0.2221293199554069,0.4654403567447046,0.1842251950947603,0.1819955406911928,537.0,489.0,443.0,465.0,477.0,436.0,430.0,468.0,486.0,448.0,468.0,478.0,0.0665015479876161,0.0602884971027,0.0554373670379176,0.0569085791212825,0.0606638687523845,0.0548772813089993,0.0527477919528949,0.0557806912991656,0.0587098332930659,0.0560700876095118,0.0572687224669603,0.0612035851472471,-0.1217721209154326,0.1588287488908606,-0.132016632016632,-0.0881720430107526,0.1789802289281998,-0.2597984322508399,0.1410788381742738,-0.1126532500578302,-0.0018785222291797,-0.0213385063045586,0.0382589515829348,0.1365176414249405,-0.0116649805194956,-0.1571645749612057,0.3195080416927569,0.0866834170854271,Industrials,20.0,2.0,101,8.878636747430072,8075.0,8171.0,10.716193968153712,9.292657414465397,10.741016422769802,9.225031920719173
MMM,2020Q3,2020,Q3,0,0,1,0,8350.0,4023.0,4327.0,2138.0,1677.0,2462.0,1885.0,1825.0,1430.0,461.0,1891.0,45390.0,11880.0,45079.0,10857.0,0.0552095808383233,0.2008383233532934,0.4817964071856287,0.2257485029940119,0.1712574850299401,424.0,537.0,489.0,443.0,465.0,477.0,436.0,430.0,468.0,486.0,448.0,468.0,0.0590858416945373,0.0665015479876161,0.0602884971027,0.0554373670379176,0.0569085791212825,0.0606638687523845,0.0548772813089993,0.0527477919528949,0.0557806912991656,0.0587098332930659,0.0560700876095118,0.0572687224669603,0.044925541233888,-0.0966519267214149,0.0659777424483307,0.0406320541760722,0.0069529652351738,0.0047974413646054,-0.0717192268565615,0.0260848944747451,0.1525773195876287,0.1264488935721812,-0.004108892823833,0.103023396505957,0.0201470826233065,-0.0384028318629265,-0.1354904846024943,-0.0666337611056268,Industrials,20.0,3.0,102,9.03013657115323,7176.0,7991.0,10.72306912649225,9.382695764458287,10.716193968153712,9.292657414465397
MMM,2020Q4,2020,Q4,0,0,0,1,8583.0,4190.0,4393.0,2346.0,1890.0,2408.0,1844.0,1727.0,1405.0,456.0,1861.0,47344.0,12867.0,45390.0,11880.0,0.0531282768262845,0.2202027263194687,0.4881742980309915,0.2148432948852382,0.1636956775020389,461.0,424.0,537.0,489.0,443.0,465.0,477.0,436.0,430.0,468.0,486.0,448.0,0.0552095808383233,0.0590858416945373,0.0665015479876161,0.0602884971027,0.0554373670379176,0.0569085791212825,0.0606638687523845,0.0548772813089993,0.0527477919528949,0.0557806912991656,0.0587098332930659,0.0560700876095118,0.0581925779805203,0.4499484004127967,0.0740835683158165,-0.0674846625766871,0.3303867403314917,0.1319828115408226,0.4249174917491749,0.0434679334916865,0.0600112170499158,0.0325704225352112,-0.1187659440940824,0.0017186276933318,0.0150171062110668,0.0697323295360146,0.3702122190082948,0.2764060356652948,Industrials,20.0,4.0,103,9.057655284310535,8350.0,8111.0,10.765216496417601,9.462498888358917,10.72306912649225,9.382695764458287
MMM,2021Q1,2021,Q1,1,0,0,0,8851.0,4335.0,4516.0,2319.0,1799.0,2546.0,2016.0,1946.0,1624.0,520.0,2144.0,47180.0,13760.0,47344.0,12867.0,0.05875042368094,0.203253869619252,0.4897751666478364,0.2277708733476443,0.1834820924189357,456.0,461.0,424.0,537.0,489.0,443.0,465.0,477.0,436.0,430.0,468.0,486.0,0.0531282768262845,0.0552095808383233,0.0590858416945373,0.0665015479876161,0.0602884971027,0.0554373670379176,0.0569085791212825,0.0606638687523845,0.0548772813089993,0.0527477919528949,0.0557806912991656,0.0587098332930659,0.0960990712074303,0.2415902140672783,0.1005331302361005,-0.031657355679702,0.193624003750586,0.233782129742962,0.2254408060453401,0.0918762088974856,0.0175339366515836,0.0060737527114966,-0.1165555470696636,-0.0716770377966853,0.0040453086268796,0.1256118741017307,0.1327353947117018,0.1620596205962059,Industrials,20.0,1.0,104,9.08839870117094,8583.0,8075.0,10.761746548158834,9.529593783265282,10.765216496417601,9.462498888358917
MMM,2021Q2,2021,Q2,0,1,0,0,8950.0,4251.0,4699.0,2228.0,1723.0,2535.0,2023.0,1940.0,1524.0,505.0,2029.0,48307.0,14448.0,47180.0,13760.0,0.0564245810055865,0.1925139664804469,0.4749720670391061,0.2260335195530726,0.1702793296089385,520.0,456.0,461.0,424.0,537.0,489.0,443.0,465.0,477.0,436.0,430.0,468.0,0.05875042368094,0.0531282768262845,0.0552095808383233,0.0590858416945373,0.0665015479876161,0.0602884971027,0.0554373670379176,0.0569085791212825,0.0606638687523845,0.0548772813089993,0.0527477919528949,0.0557806912991656,0.2472129319955407,0.1669218989280245,0.272754491017964,0.1910377358490567,0.118711385701677,0.5302571860816945,0.1757575757575757,0.2249739311783107,0.0809284818067754,0.1040634291377602,-0.0450405818488457,-0.1333248284418524,0.0204789081055765,0.2269414041700825,-0.0643763634963683,0.1728323699421965,Industrials,20.0,2.0,105,9.099520536870939,8851.0,7176.0,10.785352457395266,9.57838048699361,10.761746548158834,9.529593783265282
MMM,2021Q3,2021,Q3,0,0,1,0,8942.0,4110.0,4832.0,2257.0,1777.0,2312.0,1853.0,1761.0,1434.0,480.0,1914.0,48278.0,14460.0,48307.0,14448.0,0.0536792663833594,0.1987251174233952,0.4596287184075151,0.2072243346007604,0.1603668083202863,505.0,520.0,456.0,461.0,424.0,537.0,489.0,443.0,465.0,477.0,436.0,430.0,0.0564245810055865,0.05875042368094,0.0531282768262845,0.0552095808383233,0.0590858416945373,0.0665015479876161,0.0602884971027,0.0554373670379176,0.0569085791212825,0.0606638687523845,0.0548772813089993,0.0527477919528949,0.0708982035928142,0.0027972027972027,0.0216256524981357,0.0412147505422992,-0.0609260763606823,-0.0169761273209548,-0.0350684931506849,0.1167090362837994,0.0596302921884317,0.0556594948550046,-0.0277182770042272,-0.010521925769022,-0.0460104900067731,-0.0820566610523343,-0.0635924129549716,0.0121628767847699,Industrials,20.0,3.0,106,9.09862638234618,8950.0,8350.0,10.784751962486604,9.579210649614792,10.785352457395266,9.57838048699361
MMM,2021Q4,2021,Q4,0,0,0,1,8612.0,3921.0,4691.0,2282.0,1810.0,2183.0,1639.0,1567.0,1339.0,472.0,1811.0,47072.0,15046.0,48278.0,14460.0,0.0548072457036693,0.2101718532280538,0.4552949372967951,0.190315838365072,0.1554807245703669,480.0,505.0,520.0,456.0,461.0,424.0,537.0,489.0,443.0,465.0,477.0,436.0,0.0536792663833594,0.0564245810055865,0.05875042368094,0.0531282768262845,0.0552095808383233,0.0590858416945373,0.0665015479876161,0.0602884971027,0.0554373670379176,0.0569085791212825,0.0606638687523845,0.0548772813089993,0.0033787719911453,-0.0469750889679715,-0.0642004773269689,0.0350877192982457,-0.09343853820598,-0.1111713665943601,-0.0926462072958888,0.0678351923514681,-0.0423280423280423,-0.0272804774083545,0.0316021707776175,-0.0455529014516473,-0.0673516833368991,-0.1141644030979323,-0.0501842996530538,-0.0268672756582482,Industrials,20.0,4.0,107,9.061027968789174,8942.0,8583.0,10.759454867227179,9.618933914758879,10.784751962486604,9.579210649614792
MMM,2022Q1,2022,Q1,1,0,0,0,8829.0,4014.0,4815.0,2344.0,1870.0,2198.0,1670.0,1605.0,1299.0,474.0,1773.0,45855.0,14930.0,47072.0,15046.0,0.0536867142371729,0.2118020160833616,0.454638124362895,0.1891493940423604,0.1471287801563031,472.0,480.0,505.0,520.0,456.0,461.0,424.0,537.0,489.0,443.0,465.0,477.0,0.0548072457036693,0.0536792663833594,0.0564245810055865,0.05875042368094,0.0531282768262845,0.0552095808383233,0.0590858416945373,0.0665015479876161,0.0602884971027,0.0554373670379176,0.0569085791212825,0.0606638687523845,-0.0024855948480397,-0.2001231527093596,-0.0740484429065744,-0.0884615384615384,-0.1366849960722702,-0.171626984126984,-0.1752312435765672,0.0662090345438441,0.0394663702056699,0.0107805088400172,-0.0861901774745812,0.0420565004746158,-0.0717411675349517,-0.1695628538348552,-0.1981300288402471,-0.1730410447761193,Industrials,20.0,1.0,108,9.085910293598007,8612.0,8851.0,10.733261330627899,9.611194867526663,10.759454867227179,9.618933914758879
MMM,2022Q2,2022,Q2,0,1,0,0,8702.0,3638.0,5064.0,3499.0,3023.0,647.0,139.0,59.0,78.0,476.0,554.0,45634.0,13742.0,45855.0,14930.0,0.0547000689496667,0.3473914042748793,0.4180648126867387,0.0159733394621926,0.008963456676626,474.0,472.0,480.0,505.0,520.0,456.0,461.0,424.0,537.0,489.0,443.0,465.0,0.0536867142371729,0.0548072457036693,0.0536792663833594,0.0564245810055865,0.05875042368094,0.0531282768262845,0.0552095808383233,0.0590858416945373,0.0665015479876161,0.0602884971027,0.0554373670379176,0.0569085791212825,-0.0277094972067039,-0.9488188976377953,-0.1442013643848506,-0.0574257425742574,-0.7447731755424063,-0.9312901631240732,-0.9695876288659794,0.0776761012981486,0.7544979686593152,0.5704667863554758,-0.0305631344564012,0.8044997494255195,-0.1198117916851774,-0.92933198804418,-0.9473602773912052,-0.7269590931493346,Industrials,20.0,2.0,109,9.071423072789514,8829.0,8950.0,10.728430244950978,9.528284882554852,10.733261330627899,9.611194867526663
MMM,2022Q3,2022,Q3,0,0,1,0,8619.0,3902.0,4717.0,2459.0,1998.0,4664.0,1443.0,4134.0,3859.0,461.0,4320.0,46176.0,14080.0,45634.0,13742.0,0.0534864833507367,0.2318134354333449,0.4527207332637197,0.167420814479638,0.4477317554240631,476.0,474.0,472.0,480.0,505.0,520.0,456.0,461.0,424.0,537.0,489.0,443.0,0.0547000689496667,0.0536867142371729,0.0548072457036693,0.0536792663833594,0.0564245810055865,0.05875042368094,0.0531282768262845,0.0552095808383233,0.0590858416945373,0.0665015479876161,0.0602884971027,0.0554373670379176,-0.0361216730038023,1.6910739191073918,-0.0506082725060826,-0.0395833333333333,1.0173010380622838,-0.2212628170534268,1.3475298126064734,-0.0237996688741721,0.124366910523354,0.0894993354009747,-0.0035913872452334,0.166502948590304,-0.015029489818934,-0.1920793723276184,1.7919228430976095,1.25705329153605,Industrials,20.0,3.0,110,9.061840363657739,8702.0,8942.0,10.74023711761076,9.552581649917311,10.728430244950978,9.528284882554852
MMM,2022Q4,2022,Q4,0,0,0,1,8079.0,3412.0,4667.0,2591.0,2146.0,1212.0,821.0,605.0,541.0,445.0,986.0,46455.0,14722.0,46176.0,14080.0,0.0550810743903948,0.2656269340264884,0.4223294962247803,0.101621487807897,0.066963733135289,461.0,476.0,474.0,472.0,480.0,505.0,520.0,456.0,461.0,424.0,537.0,489.0,0.0534864833507367,0.0547000689496667,0.0536867142371729,0.0548072457036693,0.0536792663833594,0.0564245810055865,0.05875042368094,0.0531282768262845,0.0552095808383233,0.0590858416945373,0.0665015479876161,0.0602884971027,-0.0618903855085927,-0.5959671396564601,-0.1298138230043356,-0.0572033898305084,-0.4448007329363261,-0.49908480780964,-0.6139119336311423,-0.0051161799189938,0.185635359116022,0.1354075372480281,0.0049962132416958,0.2638558872022751,-0.0724045851854608,-0.4660376735804703,-0.5693116730686265,-0.4555494202098288,Industrials,20.0,4.0,111,8.997147151515142,8619.0,8612.0,10.746260907051886,9.597166175865409,10.74023711761076,9.552581649917311
MMM,2023Q1,2023,Q1,1,0,0,0,8031.0,3393.0,4638.0,2141.0,1673.0,1786.0,1252.0,1191.0,976.0,468.0,1444.0,46886.0,15298.0,46455.0,14722.0,0.058274187523347,0.2083177686464948,0.422487859544266,0.1558959033744241,0.1215290748350143,445.0,461.0,476.0,474.0,472.0,480.0,505.0,520.0,456.0,461.0,424.0,537.0,0.0550810743903948,0.0534864833507367,0.0547000689496667,0.0536867142371729,0.0548072457036693,0.0536792663833594,0.0564245810055865,0.05875042368094,0.0531282768262845,0.0552095808383233,0.0590858416945373,0.0665015479876161,-0.0903839619435949,-0.2486528098537336,-0.1547085201793722,-0.0126582278481012,-0.1874431301182894,-0.2502994011976047,-0.2579439252336448,-0.0367601246105918,-0.1053475935828877,-0.0866040955631399,0.0854489486152552,-0.0164504923102123,-0.0707161654418724,-0.1758054306031194,-0.1739952257749488,-0.1855611957134799,Industrials,20.0,1.0,112,8.99118884193151,8079.0,8829.0,10.755495730510303,9.63554274576738,10.746260907051886,9.597166175865409
MMM,2023Q2,2023,Q2,0,1,0,0,6283.0,2558.0,3725.0,1455.0,1175.0,-8800.0,1103.0,-9427.0,-6841.0,280.0,-6561.0,48880.0,7798.0,46886.0,15298.0,0.0445646983924876,0.1870125736113321,0.407130351742798,0.1755530797389781,-1.0888110775107434,468.0,445.0,461.0,476.0,474.0,472.0,480.0,505.0,520.0,456.0,461.0,424.0,0.058274187523347,0.0550810743903948,0.0534864833507367,0.0547000689496667,0.0536867142371729,0.0548072457036693,0.0536792663833594,0.0564245810055865,0.05875042368094,0.0531282768262845,0.0552095808383233,0.0590858416945373,-0.2779820730866468,-88.7051282051282,-0.296866410115448,-0.4117647058823529,-14.601236476043276,6.935251798561152,-160.77966101694915,-0.2644154818325435,-0.6113132649685742,-0.5841669048299514,-0.185289904597841,-0.4616660881356889,-0.02615494203798,9.990380574738044,-122.4722307243396,-12.842960288808664,Industrials,20.0,2.0,113,8.745761999375512,8031.0,8702.0,10.797144051901348,8.961750799330497,10.755495730510303,9.63554274576738
MMM,2023Q3,2023,Q3,0,0,1,0,6270.0,2511.0,3759.0,5630.0,5366.0,-2463.0,-3119.0,-3300.0,-2075.0,264.0,-1811.0,49621.0,4672.0,48880.0,7798.0,0.0421052631578947,0.8558213716108453,0.4004784688995215,-0.4974481658692185,-0.3309409888357257,280.0,468.0,445.0,461.0,476.0,474.0,472.0,480.0,505.0,520.0,456.0,461.0,0.0445646983924876,0.058274187523347,0.0550810743903948,0.0534864833507367,0.0547000689496667,0.0536867142371729,0.0548072457036693,0.0536792663833594,0.0564245810055865,0.05875042368094,0.0531282768262845,0.0552095808383233,-0.2725374173337974,-1.5377040684115055,-0.3564838544336237,-0.4273318872017353,-1.5280874785591767,-3.161469161469161,-1.7982583454281569,-0.2030951876192495,1.685685685685686,1.2895485969906466,-0.2127868478136774,2.69185405501195,-0.1153962266927277,-3.971244450191819,-1.7391501380604093,-1.419212962962963,Industrials,20.0,3.0,114,8.74369111054302,6283.0,8619.0,10.812189562761608,8.449556542700426,10.797144051901348,8.961750799330497
MMM,2023Q4,2023,Q4,0,0,0,1,6002.0,2219.0,3783.0,-2969.0,-3255.0,1417.0,5188.0,662.0,945.0,286.0,1231.0,50580.0,4807.0,49621.0,4672.0,0.0476507830723092,-0.5423192269243585,0.3697100966344552,0.8643785404865045,0.1574475174941686,264.0,280.0,468.0,445.0,461.0,476.0,474.0,472.0,480.0,505.0,520.0,456.0,0.0421052631578947,0.0445646983924876,0.058274187523347,0.0550810743903948,0.0534864833507367,0.0547000689496667,0.0536867142371729,0.0548072457036693,0.0536792663833594,0.0564245810055865,0.05875042368094,0.0531282768262845,-0.2570862730535957,0.7467652495378927,-0.3496483001172332,-0.3573033707865168,0.1691419141914192,5.319123020706456,0.0942148760330578,-0.1894150417827298,-2.516775396085741,-2.145889617908144,-0.1348973563119408,-3.0416575183233423,-0.1245932383617339,7.5058638594281,1.3512356632816784,0.2484787018255578,Industrials,20.0,4.0,115,8.700014623251842,6270.0,8079.0,10.83133129068886,8.478036476215044,10.812189562761608,8.449556542700426
MMM,2024Q1,2024,Q1,1,0,0,0,6016.0,2509.0,3507.0,1281.0,1037.0,1698.0,1228.0,930.0,928.0,244.0,1172.0,55243.0,4866.0,50580.0,4807.0,0.0405585106382978,0.1723736702127659,0.4170545212765957,0.2041223404255319,0.1542553191489361,286.0,264.0,280.0,468.0,445.0,461.0,476.0,474.0,472.0,480.0,505.0,520.0,0.0476507830723092,0.0421052631578947,0.0445646983924876,0.058274187523347,0.0550810743903948,0.0534864833507367,0.0547000689496667,0.0536867142371729,0.0548072457036693,0.0536792663833594,0.0564245810055865,0.05875042368094,-0.250902751836633,-0.0491803278688525,-0.2605363984674329,-0.4786324786324786,-0.0492721164613662,-0.0191693290734824,-0.2191435768261964,-0.2438551099611902,-0.3801554094441124,-0.4016814572629612,-0.3040055578286961,-0.1725445633719525,-0.012860341770604,0.309350252362178,0.2692873648412974,-0.188365650969529,Industrials,20.0,1.0,116,8.702344075220351,6002.0,8031.0,10.919515016197819,8.490233009833455,10.83133129068886,8.478036476215044
MMM,2024Q2,2024,Q2,0,1,0,0,6255.0,2656.0,3599.0,1379.0,1100.0,2027.0,1277.0,1413.0,1145.0,279.0,1424.0,43377.0,3916.0,55243.0,4866.0,0.0446043165467625,0.17585931254996,0.4246203037569944,0.2041566746602718,0.1830535571542765,244.0,286.0,264.0,280.0,468.0,445.0,461.0,476.0,474.0,472.0,480.0,505.0,0.0405585106382978,0.0476507830723092,0.0421052631578947,0.0445646983924876,0.058274187523347,0.0550810743903948,0.0534864833507367,0.0547000689496667,0.0536867142371729,0.0548072457036693,0.0536792663833594,0.0564245810055865,-0.0044564698392487,-1.1673731910539396,0.0383111806098515,-0.0035714285714285,-1.2303409090909092,0.1577515865820489,-1.1498886177999363,-0.0338255033557046,-0.0638297872340425,-0.052233676975945,0.0008890030832475,-0.0596390972328519,0.0429590963663781,0.1629341676251021,-1.1681224235638532,-1.2170400853528425,Industrials,20.0,2.0,117,8.741296282225147,6016.0,6283.0,10.677707679122552,8.27308133366583,10.919515016197819,8.490233009833455
MMM,2024Q3,2024,Q3,0,0,1,0,6294.0,2643.0,3651.0,1310.0,1044.0,2305.0,1333.0,1724.0,1372.0,266.0,1638.0,40875.0,4642.0,43377.0,3916.0,0.0422624721957419,0.1658722592945662,0.4199237368922783,0.2117890054019701,0.2179853829043533,279.0,244.0,286.0,264.0,280.0,468.0,445.0,461.0,476.0,474.0,472.0,480.0,0.0446043165467625,0.0405585106382978,0.0476507830723092,0.0421052631578947,0.0445646983924876,0.058274187523347,0.0550810743903948,0.0534864833507367,0.0547000689496667,0.0536867142371729,0.0548072457036693,0.0536792663833594,0.0038277511961721,-1.6612048192771085,0.0525686977299879,0.0075757575757575,-1.935850588712952,-1.427380570695736,-1.5224242424242425,-0.028731045490822,-0.8054416697726425,-0.7673179396092362,0.0037337146488718,-0.8061835509174561,0.0485550897310176,-1.425750902170681,-1.6586835425591784,-1.904472667034788,Industrials,20.0,3.0,118,8.747510946478448,6255.0,6270.0,10.6182983727321,8.443115988019922,10.677707679122552,8.27308133366583
MMM,2024Q4,2024,Q4,0,0,0,1,6010.0,2272.0,3738.0,1179.0,898.0,1330.0,1093.0,761.0,728.0,281.0,1009.0,39868.0,3842.0,40875.0,4642.0,0.0467554076539101,0.1494176372712146,0.3780366056572379,0.1818635607321131,0.1211314475873544,266.0,279.0,244.0,286.0,264.0,280.0,468.0,445.0,461.0,476.0,474.0,472.0,0.0422624721957419,0.0446043165467625,0.0405585106382978,0.0476507830723092,0.0421052631578947,0.0445646983924876,0.058274187523347,0.0550810743903948,0.0534864833507367,0.0547000689496667,0.0536867142371729,0.0548072457036693,0.0013328890369876,-0.2296296296296296,0.0238846327174402,-0.0174825174825175,-0.0613973182780521,-0.7893215111796453,0.1495468277945619,-0.0118953211736716,-1.275883256528418,-1.3971034018187942,-0.0187903610532562,-1.2755160242401935,0.0225217247204787,-0.7896019484359786,-0.2306550810377765,-0.1803411860276198,Industrials,20.0,4.0,119,8.701346403039162,6294.0,6002.0,10.59335435854593,8.254008590564844,10.6182983727321,8.443115988019922
MMM,2025Q1,2025,Q1,1,0,0,0,5954.0,2436.0,3518.0,1218.0,933.0,1928.0,1218.0,1387.0,1116.0,285.0,1401.0,39951.0,4464.0,39868.0,3842.0,0.0478669801813906,0.1567013772253947,0.4091367148135707,0.2045683574067853,0.1874370171313402,281.0,266.0,279.0,244.0,286.0,264.0,280.0,468.0,445.0,461.0,476.0,474.0,0.0467554076539101,0.0422624721957419,0.0446043165467625,0.0405585106382978,0.0476507830723092,0.0421052631578947,0.0445646983924876,0.058274187523347,0.0550810743903948,0.0534864833507367,0.0547000689496667,0.0536867142371729,-0.0103058510638297,0.2025862068965518,-0.0290952570745316,0.1680327868852458,0.1354534746760896,-0.00814332247557,0.4913978494623656,0.0031365839749073,-0.1002892960462873,-0.0491803278688525,0.180195708078878,-0.0909204576779415,-0.0189850632449416,0.0021850473609288,0.2151089386445508,0.1953924914675768,Industrials,20.0,1.0,120,8.691986481789401,6010.0,6016.0,10.595434012519554,8.4040244933106,10.59335435854593,8.254008590564844
MMM,2025Q2,2025,Q2,0,1,0,0,6344.0,2649.0,3695.0,1547.0,1259.0,1448.0,1102.0,970.0,723.0,288.0,1011.0,37989.0,4290.0,39951.0,4464.0,0.0453972257250945,0.1984552332912988,0.4175598991172761,0.1737074401008827,0.1139659520807061,285.0,281.0,266.0,279.0,244.0,286.0,264.0,280.0,468.0,445.0,461.0,476.0,0.0478669801813906,0.0467554076539101,0.0422624721957419,0.0446043165467625,0.0405585106382978,0.0476507830723092,0.0421052631578947,0.0445646983924876,0.058274187523347,0.0550810743903948,0.0534864833507367,0.0547000689496667,0.0142286171063148,-0.3685589519650655,-0.0026355421686746,0.032258064516129,-0.2856438085841144,-0.1370399373531715,-0.3135173389950459,0.026674076132259,0.1445454545454545,0.1218274111675126,0.0177765122238946,0.1284886220337038,-0.0166275719207219,-0.1491464073367099,-0.3774174408167535,-0.2900280898876404,Industrials,20.0,2.0,121,8.755422380148488,5954.0,6255.0,10.54507824618167,8.364275084991524,10.595434012519554,8.4040244933106
MMM,2025Q3,2025,Q3,0,0,1,0,6517.0,2725.0,3792.0,1278.0,820.0,1679.0,1447.0,1149.0,834.0,297.0,1131.0,37611.0,4628.0,37989.0,4290.0,0.0455731164646309,0.1258247659966242,0.4181371796839036,0.2220346785330673,0.1279729937087617,288.0,285.0,281.0,266.0,279.0,244.0,286.0,264.0,280.0,468.0,445.0,461.0,0.0453972257250945,0.0478669801813906,0.0467554076539101,0.0422624721957419,0.0446043165467625,0.0405585106382978,0.0476507830723092,0.0421052631578947,0.0445646983924876,0.058274187523347,0.0550810743903948,0.0534864833507367,0.0354305687956784,-0.3921282798833819,0.0310253499810821,0.1165413533834587,-0.2715835140997831,0.0855213803450862,-0.3335266821345708,0.038619556285949,-0.2145593869731801,-0.0244274809160305,0.0783353196555913,-0.2414357498249495,-0.0042544801625087,0.0483767942138979,-0.4129285550998934,-0.3095238095238095,Industrials,20.0,3.0,122,8.782322859397507,6344.0,6294.0,10.535078427396968,8.44009614103127,10.54507824618167,8.364275084991524
