ticker,Year_Quarter,year,quarter,Q1,Q2,Q3,Q4,revenue,grossProfit,costOfRevenue,operatingExpenses,snaExpenses,ebitda,operatingIncome,incomeBeforeTax,netIncome,rnd,net_plus_rnd,totalAssets,totalEquity,totalAssets_lag1,totalEquity_lag1,rnd_to_rev_ratio,sna_to_rev_ratio,grossProfitRatio,operatingIncomeRatio,netIncomeRatio,rnd_lag1,rnd_lag2,rnd_lag3,rnd_lag4,rnd_lag5,rnd_lag6,rnd_lag7,rnd_lag8,rnd_lag9,rnd_lag10,rnd_lag11,rnd_lag12,rnd_to_rev_ratio_lag1,rnd_to_rev_ratio_lag2,rnd_to_rev_ratio_lag3,rnd_to_rev_ratio_lag4,rnd_to_rev_ratio_lag5,rnd_to_rev_ratio_lag6,rnd_to_rev_ratio_lag7,rnd_to_rev_ratio_lag8,rnd_to_rev_ratio_lag9,rnd_to_rev_ratio_lag10,rnd_to_rev_ratio_lag11,rnd_to_rev_ratio_lag12,revenue_yoy,netIncome_yoy,grossProfit_yoy,rnd_yoy,ebitda_yoy,operatingIncome_yoy,incomeBeforeTax_yoy,costOfRevenue_yoy,snaExpenses_yoy,operatingExpenses_yoy,rnd_to_rev_ratio_yoy,sna_to_rev_ratio_yoy,grossProfitRatio_yoy,operatingIncomeRatio_yoy,netIncomeRatio_yoy,net_plus_rnd_yoy,gics_sectors,gics_sector_code,quarter_int,time_idx,revenue_log,revenue_lag1,revenue_lag4,totalAssets_log,totalEquity_log,totalAssets_lag1_log,totalEquity_lag1_log
ORCL,1995Q2,1995,Q2,0,1,0,0,1017.9,825.2,192.7,555.8,429.4,314.9,269.4,271.2,181.7,80.9,262.6,2424.5,1211.4,1910.4,943.0,0.07974331589924087,0.4218489046075253,0.8106886727576383,0.2646625405246094,0.1785047647116612,67.4,,,,,,,,,,,,0.0933259484907227,,,,,,,,,,,,,,,,,,,,,,,,,,,,Information Technology,45.0,2.0,1,6.926478892980239,722.2,,7.793792967685271,7.100357145183648,7.555591236832079,6.8501261661455
ORCL,1995Q3,1995,Q3,0,0,1,0,771.803,540.294,231.509,415.172,330.731,175.461,74.191,81.459,53.763,84.441,138.204,2349.408,1305.902,2424.5,1211.4,0.1094074524198532,0.428517380730575,0.7000413317906253,0.0961268613882039,0.0696589673789814,80.9,67.4,,,,,,,,,,,0.07974331589924087,0.0933259484907227,,,,,,,,,,,,,,,,,,,,,,,,,,,Information Technology,45.0,3.0,2,6.650024164878351,1017.9,,7.7623442090897905,7.1754147299407895,7.793792967685271,7.100357145183648
ORCL,1995Q4,1995,Q4,0,0,0,1,967.184,711.762,255.422,507.15,413.878,259.12,204.612,207.426,136.901,93.272,230.173,2530.293,1461.696,2349.408,1305.902,0.0964366656189515,0.4279206438485334,0.7359116776125328,0.2115543681450478,0.1415459726380916,84.441,80.9,67.4,,,,,,,,,,0.1094074524198532,0.07974331589924087,0.0933259484907227,,,,,,,,,,,,,,,,,,,,,,,,,,Information Technology,45.0,4.0,3,6.875422151857788,771.803,,7.836485518364881,7.28803658722054,7.7623442090897905,7.1754147299407895
ORCL,1996Q1,1996,Q1,1,0,0,0,1020.239,733.396,286.843,513.454,420.649,274.81,219.942,221.651,146.29,92.805,239.095,2763.032,1591.153,2530.293,1461.696,0.0909639800086058,0.4123043718187601,0.7188472504971873,0.2155788986698215,0.1433879708578088,93.272,84.441,80.9,67.4,,,,,,,,,0.0964366656189515,0.1094074524198532,0.07974331589924087,0.0933259484907227,,,,,,,,,0.4126820825256161,0.3958969465648854,0.3033516971743377,0.3769287833827892,0.4313020833333334,0.4208139534883721,0.4172058823529412,0.7983887147335424,0.3869073524563138,0.2587742093650405,-0.025308807682268,-0.0182452445515708,-0.0773920662714258,0.0057563347502913,-0.0118817504436115,0.388472706155633,Information Technology,45.0,1.0,4,6.928771875002373,967.184,722.2,7.924445762244566,7.372842467314126,7.836485518364881,7.28803658722054
ORCL,1996Q2,1996,Q2,0,1,0,0,1464.074,1141.835,322.239,735.689,617.114,465.925,406.146,408.974,266.325,118.575,384.9,3357.243,1870.449,2763.032,1591.153,0.0809897587143819,0.4215046507212067,0.7799025185885413,0.2774081091529526,0.1819067888644972,92.805,93.272,84.441,80.9,67.4,,,,,,,,0.0909639800086058,0.0964366656189515,0.1094074524198532,0.07974331589924087,0.0933259484907227,,,,,,,,0.4383279300520681,0.4657402311502476,0.38370698012603,0.4656983930778737,0.4795966973642427,0.5075946547884189,0.5080162241887907,0.6722314478463933,0.4371541686073592,0.3236577905721483,0.0190293621182862,-0.0008160596899945,-0.0379753106261802,0.0481578110868246,0.0190584501110169,0.4657273419649654,Information Technology,45.0,2.0,5,7.289661032120875,1020.239,1017.9,8.119173199521981,7.534468276104884,7.924445762244566,7.372842467314126
ORCL,1996Q3,1996,Q3,0,0,1,0,1052.3,716.193,336.107,547.318,430.129,231.64,168.875,176.205,112.771,117.2,229.971,3330.617,1995.853,3357.243,1870.449,0.1113750831511926,0.4087513066615984,0.6805977382875606,0.1604818017675567,0.1071662073553169,118.575,92.805,93.272,84.441,80.9,67.4,,,,,,,0.0809897587143819,0.0909639800086058,0.0964366656189515,0.1094074524198532,0.07973894527453032,0.0933259484907227,,,,,,,0.363430823668734,1.09755779997396,0.3255616386633944,0.3879513506471974,0.3201794130889484,1.2762194875389197,1.1631127315582073,0.4518096488689427,0.3005403182646926,0.3182921776998448,0.0179844305650089,-0.0461266566020673,-0.0277749221654244,0.669479263652001,0.5384409414551956,0.6639967005296517,Information Technology,45.0,3.0,6,6.959683371842496,1464.074,771.803,8.111213050701547,7.5993277202908125,8.119173199521981,7.534468276104884
ORCL,1996Q4,1996,Q4,0,0,0,1,1311.373,933.89,377.483,659.702,524.402,338.103,274.188,280.463,179.496,135.3,314.79600000000005,3460.895,2135.936,3330.617,1995.853,0.1031743066236684,0.3998877512347745,0.7121467347581504,0.2090846768997074,0.1368763883349741,117.2,118.575,92.805,93.272,84.441,80.9,67.4,,,,,,0.1113750831511926,0.0809897587143819,0.0909639800086058,0.0964366656189515,0.1094074524198532,0.07973457464981976,0.0933259484907227,,,,,,0.3558671359327698,0.3111372451625627,0.3120818475838833,0.4505961060125225,0.3048124421117628,0.3400387074071902,0.352111114325109,0.4778797441097477,0.2670448779592056,0.300802523908114,0.0698659681094666,-0.0655095588790556,-0.0322931998191432,-0.0116740262420258,-0.0329898775365147,0.367649550555452,Information Technology,45.0,4.0,7,7.179592227879282,1052.3,967.184,8.149571405986784,7.66712830634471,8.111213050701547,7.5993277202908125
ORCL,1997Q1,1997,Q1,1,0,0,0,1372.612,971.171,401.441,674.244,535.717,362.674,260.127,264.457,169.253,138.527,307.78,3740.414,2067.897,3460.895,2135.936,0.1009221833992417,0.3902901912557955,0.7075349771093361,0.1895124040879724,0.123307241959126,135.3,117.2,118.575,92.805,93.272,84.441,80.9,67.4,,,,,0.1031743066236684,0.1113750831511926,0.0809897587143819,0.0909639800086058,0.0964366656189515,0.1094074524198532,0.0797302040251092,0.0933259484907227,,,,,0.3453827975601795,0.1569690341103287,0.3242109310658909,0.4926674209363717,0.3197263563916888,0.1827072591865128,0.193123423760777,0.3995147171100566,0.2735487306519211,0.3131536612822183,0.1094741389909916,-0.0533930321084287,-0.0157366858954071,-0.1209139426107388,-0.1400447246624044,0.2872707501202449,Information Technology,45.0,1.0,8,7.2251990457128406,1311.373,1020.239,8.227218893822595,7.634770894002728,8.149571405986784,7.66712830634471
ORCL,1997Q2,1997,Q2,0,1,0,0,1948.031,1512.596,435.435,952.801,788.361,632.141,559.795,562.402,359.937,164.44,524.377,4624.3,2369.712,3740.414,2067.897,0.0844134410592028,0.404696331834555,0.7764742963536001,0.2873645234598422,0.1847696468896029,138.527,135.3,117.2,118.575,92.805,93.272,84.441,80.9,67.4,,,,0.1009221833992417,0.1031743066236684,0.1113750831511926,0.0809897587143819,0.0909639800086058,0.0964366656189515,0.1094074524198532,0.07972583340039864,0.0933259484907227,,,,0.3305550129296741,0.3514953534215714,0.324706284182916,0.3868016023613745,0.3567441111766913,0.3783097703781397,0.3751534327365555,0.3512796402670068,0.2774965403474885,0.2951138320676265,0.0422730280861174,-0.0398769476395864,-0.0043957060699657,0.0358908553080543,0.0157380493766958,0.3623720446869316,Information Technology,45.0,2.0,9,7.57508760497368,1372.612,1464.074,8.439296512707756,7.77094561095247,8.227218893822595,7.634770894002728
ORCL,1997Q3,1997,Q3,0,0,1,0,1368.829,900.662,468.167,684.632,524.965,287.167,48.976,88.95,8.471,159.7,168.171,4597.065,2445.292,4624.3,2369.712,0.1166690653105683,0.383513937825689,0.657979922985267,0.0357794874304971,0.0061885012664109,164.44,138.527,135.3,117.2,118.575,92.805,93.272,84.441,80.9,67.4,,,0.0844134410592028,0.1009221833992417,0.1031743066236684,0.1113750831511926,0.0809897587143819,0.0909639800086058,0.0964366656189515,0.1094074524198532,0.07972146277568809,0.0933259484907227,,,0.3007973011498621,-0.9248831703186102,0.257568839684275,0.3626279863481227,0.2397124848903471,-0.7099866765358993,-0.4951902613433216,0.3929105909725174,0.2204826924015819,0.2508852257736818,0.0475329131937807,-0.0617426010011589,-0.0332322810228578,-0.7770495655182107,-0.9422532399052574,-0.2687295354631671,Information Technology,45.0,3.0,10,7.222441193513568,1948.031,1052.3,8.433390841804329,7.802328687699331,8.439296512707756,7.77094561095247
ORCL,1997Q4,1997,Q4,0,0,0,1,1613.727,1065.096,548.631,793.09,609.873,356.563,272.006,288.254,187.324,183.217,370.54100000000005,4762.717,2668.575,4597.065,2445.292,0.1135365523412572,0.3779282369322692,0.660022420149133,0.1685576308756065,0.1160815924874529,159.7,164.44,138.527,135.3,117.2,118.575,92.805,93.272,84.441,80.9,67.4,,0.1166690653105683,0.0844134410592028,0.1009221833992417,0.1031743066236684,0.1113750831511926,0.0809897587143819,0.0909639800086058,0.0964366656189515,0.1094074524198532,0.07971709215097753,0.0933259484907227,,0.2305629290827247,0.0436109996880154,0.140494062469884,0.3541537324464154,0.0545987465358188,-0.0079580433862898,0.0277790653312557,0.4533926031106035,0.1629875553487592,0.2021943241039137,0.1004343625529304,-0.0549141958829663,-0.0731932227797395,-0.1938307800697447,-0.1519239081369576,0.1770829362507782,Information Technology,45.0,4.0,11,7.386921181120166,1368.829,1311.373,8.46878352484841,7.889674562694484,8.433390841804329,7.802328687699331
ORCL,1998Q1,1998,Q1,1,0,0,0,1748.757,1162.359,586.398,844.086,659.98,403.214,318.273,330.888,215.077,184.106,399.183,4749.756,2577.034,4762.717,2668.575,0.1052782061773019,0.3773994900377811,0.6646772536149962,0.1819995573999132,0.1229884998315946,183.217,159.7,164.44,138.527,135.3,117.2,118.575,92.805,93.272,84.441,80.9,67.4,0.1135365523412572,0.1166690653105683,0.0844134410592028,0.1009221833992417,0.1031743066236684,0.1113750831511926,0.0809897587143819,0.0909639800086058,0.0964366656189515,0.1094074524198532,0.07971272152626697,0.0933259484907227,0.2740359256658109,0.2707426160836146,0.1968633742152512,0.3290261104333452,0.1117808279611993,0.2235292760843741,0.2511977372502902,0.4607327104107455,0.2319564247541146,0.2518999056721305,0.0431621932001615,-0.0330285041920662,-0.0605732930256492,-0.0396430340494847,-0.002584942477564,0.2969751120930535,Information Technology,45.0,1.0,12,7.467232200133157,1613.727,1372.612,8.46605904225915,7.854782371930396,8.46878352484841,7.889674562694484
ORCL,1998Q2,1998,Q2,0,1,0,0,2412.553,1742.142,670.411,1137.197,945.044,692.873,604.945,619.727,402.823,192.153,594.976,5819.011,2957.558,4749.756,2577.034,0.07974331589924087,0.3917194772508625,0.7221155348711511,0.25074889546468,0.1669695961083549,184.106,183.217,159.7,164.44,138.527,135.3,117.2,118.575,92.805,93.272,84.441,80.9,0.1052782061773019,0.1135365523412572,0.1166690653105683,0.0844134410592028,0.1009221833992417,0.1031743066236684,0.1113750831511926,0.0809897587143819,0.0909639800086058,0.0964366656189515,0.1094074524198532,0.07970835090155641,0.2384571908763257,0.1191486287878156,0.1517563182766581,0.1685295548528338,0.0960735025888213,0.0806545253173038,0.1019288693852438,0.5396350775661118,0.1987452448814692,0.1935304433979392,-0.0564635068039869,-0.0320656590210894,-0.0700071615219243,-0.1274187486830785,-0.0963364442206421,0.1346340514553461,Information Technology,45.0,2.0,13,7.78885521466884,1748.757,1948.031,8.669057430758063,7.992457266453905,8.46605904225915,7.854782371930396
ORCL,1998Q3,1998,Q3,0,0,1,0,1749.11,1069.82,679.29,791.983,604.36,359.243,277.837,300.003,195.002,187.623,382.625,5691.463,3081.199,5819.011,2957.558,0.1072676961426096,0.345524295212994,0.6116367752742824,0.1588447839186786,0.1114864130900858,192.153,184.106,183.217,159.7,164.44,138.527,135.3,117.2,118.575,92.805,93.272,84.441,0.07974331589924087,0.1052782061773019,0.1135365523412572,0.1166690653105683,0.0844134410592028,0.1009221833992417,0.1031743066236684,0.1113750831511926,0.0809897587143819,0.0909639800086058,0.0964366656189515,0.1094074524198532,0.2778148329703709,22.019950419076853,0.1878151848307132,0.1748465873512836,0.2509898421476007,4.672921430904933,2.372715008431703,0.4509566030924863,0.151238654005505,0.1568010259526286,-0.0805815075567173,-0.0990567457028422,-0.070432464718262,3.439548895920879,17.01509093893154,1.275213919165611,Information Technology,45.0,3.0,14,7.4674339220849895,2412.553,1368.829,8.646898298136358,8.033398582257645,8.669057430758063,7.992457266453905
ORCL,1998Q4,1998,Q4,0,0,0,1,2055.944,1276.097,779.847,894.03,693.352,470.925,382.067,410.721,274.076,200.678,474.754,5646.591,3015.31,5691.463,3081.199,0.0976086897308487,0.337242648632453,0.6206866529438545,0.1858353145805527,0.1333090784573899,187.623,192.153,184.106,183.217,159.7,164.44,138.527,135.3,117.2,118.575,92.805,93.272,0.1072676961426096,0.07974331589924087,0.1052782061773019,0.1135365523412572,0.1166690653105683,0.0844134410592028,0.1009221833992417,0.1031743066236684,0.1113750831511926,0.0809897587143819,0.0909639800086058,0.0964366656189515,0.2740345795788257,0.463112041169311,0.1981051473294426,0.0953022918178989,0.3207343442813752,0.4046271038138866,0.424857937790976,0.4214417340616918,0.1368793174972493,0.1272743320430214,-0.140288411810622,-0.1076542695779244,-0.0595976227540733,0.102503123799224,0.1484084220484745,0.281245530184244,Information Technology,45.0,4.0,15,7.6289766651695885,1749.11,1613.727,8.63898436153682,8.011789508991704,8.646898298136358,8.033398582257645
ORCL,1999Q1,1999,Q1,1,0,0,0,2078.919,1286.896,792.023,880.217,670.419,506.053,406.679,444.335,293.261,209.798,503.059,6102.328,3341.649,5646.591,3015.31,0.1009168707390716,0.3224844258001394,0.6190217127266623,0.1956204161874512,0.1410641780656197,200.678,187.623,192.153,184.106,183.217,159.7,164.44,138.527,135.3,117.2,118.575,92.805,0.0976086897308487,0.1072676961426096,0.07974331589924087,0.1052782061773019,0.1135365523412572,0.1166690653105683,0.0844134410592028,0.1009221833992417,0.1031743066236684,0.1113750831511926,0.0809897587143819,0.0909639800086058,0.1887981005937358,0.3635163220614015,0.1071415973894469,0.1395500418237321,0.2550481878109392,0.2777678282480762,0.3428561930320835,0.3506577443988554,0.0158171459741203,0.0428048800714617,-0.0414267643474591,-0.1455091108685499,-0.0686882853896775,0.0748400654492171,0.146970474953151,0.2602215024186902,Information Technology,45.0,1.0,16,7.6400842296294,2055.944,1748.757,8.716589475160633,8.114518885394672,8.63898436153682,8.011789508991704
ORCL,1999Q2,1999,Q2,0,1,0,0,2943.278,2130.29,812.988,1323.992,1080.685,912.044,806.298,827.02,527.42,243.307,770.727,7259.654,3695.267,6102.328,3341.649,0.0826653139798551,0.3671705492991148,0.7237814436828598,0.2739455804038898,0.1791947617588281,209.798,200.678,187.623,192.153,184.106,183.217,159.7,164.44,138.527,135.3,117.2,118.575,0.1009168707390716,0.0976086897308487,0.1072676961426096,0.07974331589924087,0.1052782061773019,0.1135365523412572,0.1166690653105683,0.0844134410592028,0.1009221833992417,0.1031743066236684,0.1113750831511926,0.0809897587143819,0.2199848044789067,0.3093095478659362,0.2227992896101465,0.2662149433003908,0.3163220388151939,0.3328451346816652,0.3344908322535569,0.2126710331423562,0.1435287669145564,0.1642591389178833,0.0378940283942557,-0.0626696638217614,0.0023069837598854,0.0925096196185528,0.0732179147306533,0.2953917468939924,Information Technology,45.0,2.0,17,7.987618904738422,2078.919,2412.553,8.890225186406273,8.215078670412113,8.716589475160633,8.114518885394672
ORCL,1999Q3,1999,Q3,0,0,1,0,1984.517,1227.767,756.75,881.904,645.963,440.984,345.863,364.21,236.736,235.941,472.677,6579.399,3500.475,7259.654,3695.267,0.1188908938547767,0.3255013688469285,0.6186729566942485,0.1742806939925432,0.1192914951093893,243.307,209.798,200.678,187.623,192.153,184.106,183.217,159.7,164.44,138.527,135.3,117.2,0.0826653139798551,0.1009168707390716,0.0976086897308487,0.1072676961426096,0.07973894527453032,0.1052782061773019,0.1135365523412572,0.1166690653105683,0.0844134410592028,0.1009221833992417,0.1031743066236684,0.1113750831511926,0.1345867326811922,0.2140183177608434,0.1476388551345087,0.2575270622471659,0.227536792644533,0.2448413998135599,0.214021193121402,0.1140308263039351,0.0688381097359189,0.113539053237254,0.1083569250589135,-0.0579494022373237,0.0115038560538005,0.0971760588737185,0.0700092666269267,0.2353531525645213,Information Technology,45.0,3.0,18,7.593634612609696,2943.278,1749.11,8.791850660778808,8.160939587272853,8.890225186406273,8.215078670412113
ORCL,1999Q4,1999,Q4,0,0,0,1,2321.883,1568.713,753.17,992.648,744.488,672.487,576.065,591.515,384.484,248.16,632.644,6376.229,3400.556,6579.399,3500.475,0.1068787703773187,0.3206397566113366,0.6756210368911785,0.2481025099025231,0.1655914617575476,235.941,243.307,209.798,200.678,187.623,192.153,184.106,183.217,159.7,164.44,138.527,135.3,0.1188908938547767,0.0826653139798551,0.1009168707390716,0.0976086897308487,0.1072676961426096,0.07973457464981976,0.1052782061773019,0.1135365523412572,0.1166690653105683,0.0844134410592028,0.1009221833992417,0.1031743066236684,0.1293512858326879,0.402837169252324,0.2293054524851951,0.2366078992216387,0.4280129532303445,0.5077591103131127,0.4401868908577842,-0.0342079920804978,0.0737518605268321,0.1103072603827612,0.0949718787541546,-0.049231294109575,0.0885058244555054,0.3350665370708097,0.2421619268073802,0.3325722374113751,Information Technology,45.0,4.0,19,7.7505643655958485,1984.517,2055.944,8.760488955973162,8.1319882529746,8.791850660778808,8.160939587272853
ORCL,2000Q1,2000,Q1,1,0,0,0,2449.418,1742.157,707.261,972.436,716.884,871.213,769.721,1209.33,763.176,255.552,1018.728,7349.367,3984.288,6376.229,3400.556,0.1043317228827419,0.2926752395875265,0.7112534487784444,0.314246486308176,0.3115744229853786,248.16,235.941,243.307,209.798,200.678,187.623,192.153,184.106,183.217,159.7,164.44,138.527,0.1068787703773187,0.1188908938547767,0.0826653139798551,0.1009168707390716,0.0976086897308487,0.1072676961426096,0.0797302040251092,0.1052782061773019,0.1135365523412572,0.1166690653105683,0.0844134410592028,0.1009221833992417,0.1782171407351611,1.602378086414491,0.3537667379492981,0.2180859684077063,0.7215844980664079,0.8926991558452737,1.7216627094422,-0.1070196193797402,0.0693074032806349,0.1047684832262954,0.0338382682564513,-0.09243604908563,0.1489959627514849,0.6064094557852926,1.2087423416626837,1.0250666422825154,Information Technology,45.0,1.0,20,7.804013901231057,2321.883,2078.919,8.902505522933112,8.290364859629202,8.760488955973162,8.1319882529746
ORCL,2000Q2,2000,Q2,0,1,0,0,3374.31,2648.812,725.498,1260.301,990.072,1486.401,1388.511,7958.379,4912.407,270.229,5182.636,13076.779,6461.463,7349.367,3984.288,0.0800842246266644,0.2934146536625265,0.7849936727805091,0.4114947944913182,1.4558256354632504,255.552,248.16,235.941,243.307,209.798,200.678,187.623,192.153,184.106,183.217,159.7,164.44,0.1043317228827419,0.1068787703773187,0.1188908938547767,0.0826653139798551,0.1009168707390716,0.0976086897308487,0.1072676961426096,0.07972583340039864,0.1052782061773019,0.1135365523412572,0.1166690653105683,0.0844134410592028,0.1464462412317151,8.314032459899133,0.243404419116646,0.1106503306522213,0.6297470297485648,0.7220816621149997,8.6229583323257,-0.1076153645564264,-0.0838477447174708,-0.0481052755605774,-0.0312233659914447,-0.2008763932112189,0.0845728080374368,0.502104154718005,7.124264466070692,5.724347272120999,Information Technology,45.0,2.0,21,8.12424245094036,2449.418,2943.278,9.47866980937009,8.773765793461804,8.902505522933112,8.290364859629202
ORCL,2000Q3,2000,Q3,0,0,1,0,2261.875,1587.997,673.878,929.956,678.929,750.198,658.041,776.243,500.677,251.027,751.704,9512.527,5370.898,13076.779,6461.463,0.1109818181818181,0.3001620337109699,0.7020710693561758,0.2909272174633877,0.2213548494059132,270.229,255.552,248.16,235.941,243.307,209.798,200.678,187.623,192.153,184.106,183.217,159.7,0.0800842246266644,0.1043317228827419,0.1068787703773187,0.1188908938547767,0.0826653139798551,0.1009168707390716,0.0976086897308487,0.1072676961426096,0.07972146277568809,0.1052782061773019,0.1135365523412572,0.1166690653105683,0.1397609594677193,1.114917038388754,0.2934025755701204,0.0639397137419948,0.7011909729151171,0.9026059451285626,1.1313061146042125,-0.1095104063429137,0.0510338827456062,0.0544866561439794,-0.066523813696105,-0.0778470923969439,0.1348016132910479,0.6693026106255651,0.855579471134406,0.5903122005090156,Information Technology,45.0,3.0,22,7.724391407696108,3374.31,1984.517,9.16046995954864,8.588936570121094,9.47866980937009,8.773765793461804
ORCL,2000Q4,2000,Q4,0,0,0,1,2659.546,1964.548,694.998,1018.547,752.267,1029.887,946.001,965.881,622.812,266.28,889.092,8923.767,4926.463,9512.527,5370.898,0.1001223517096527,0.2828554196844123,0.7386779548088284,0.3557001834147633,0.2341798186607789,251.027,270.229,255.552,248.16,235.941,243.307,209.798,200.678,187.623,192.153,184.106,183.217,0.1109818181818181,0.0800842246266644,0.1043317228827419,0.1068787703773187,0.1188908938547767,0.0826653139798551,0.1009168707390716,0.0976086897308487,0.1072676961426096,0.07971709215097753,0.1052782061773019,0.1135365523412572,0.1454263629993415,0.619864545728821,0.2523310509953063,0.0730174081237911,0.5314600877042976,0.6421775320493346,0.6328935022780486,-0.0772362149315558,0.0104487916527868,0.0260908197064819,-0.0632157222974552,-0.1178404616016614,0.0933317858304143,0.4336823257230011,0.4142022552083972,0.4053590961109248,Information Technology,45.0,4.0,23,7.88628664387004,2261.875,2321.883,9.096585499864483,8.502579530119942,9.16046995954864,8.588936570121094
ORCL,2001Q1,2001,Q1,1,0,0,0,2674.367,1965.753,708.614,1087.63,786.175,961.57,878.123,903.431,582.713,301.455,884.1679999999999,9450.74,5324.072,8923.767,4926.463,0.1127201315301901,0.2939667592368586,0.7350348699337076,0.3283479791666588,0.2178881955991828,266.28,251.027,270.229,255.552,248.16,235.941,243.307,209.798,200.678,187.623,192.153,184.106,0.1001223517096527,0.1109818181818181,0.0800842246266644,0.1043317228827419,0.1068787703773187,0.1188908938547767,0.0826653139798551,0.1009168707390716,0.0976086897308487,0.1072676961426096,0.07971272152626697,0.1052782061773019,0.0918377345148928,-0.2364631487363335,0.1283443455440582,0.1796229338842974,0.1037140171232524,0.1408328472264626,-0.2529491536635988,0.0019130137247778,0.0966558048442982,0.1184592096549286,0.0804013239278707,0.0044128080364853,0.033435930885266,0.0448739873726184,-0.3006865149216441,-0.1320862879983667,Information Technology,45.0,1.0,24,7.891841846181243,2659.546,2449.418,9.153954130522623,8.580181511612977,9.096585499864483,8.502579530119942
ORCL,2001Q2,2001,Q2,0,1,0,0,3263.884,2545.334,718.55,1250.408,930.579,1382.332,1294.926,1325.675,854.894,319.829,1174.723,11030.16,6277.771,9450.74,5324.072,0.0979903084791003,0.2851139930218108,0.7798481808789772,0.3967438793780661,0.2619253625435218,301.455,266.28,251.027,270.229,255.552,248.16,235.941,243.307,209.798,200.678,187.623,192.153,0.1127201315301901,0.1001223517096527,0.1109818181818181,0.0800842246266644,0.1043317228827419,0.1068787703773187,0.1188908938547767,0.0826653139798551,0.1009168707390716,0.0976086897308487,0.1072676961426096,0.07970835090155641,-0.0327255053625777,-0.8259724815146627,-0.0390658151654402,0.1835480277838426,-0.0700140809916032,-0.0673995380663171,-0.833423992498975,-0.0095768699569125,-0.0600895692434489,-0.0078497120925874,0.2235906501674993,-0.0282898639761286,-0.0065548195863874,-0.0358471487628097,-0.8200846611275835,-0.773334843504348,Information Technology,45.0,2.0,25,8.090979512748603,2674.367,3374.31,9.308479274442199,8.744929539673434,9.153954130522623,8.580181511612977
ORCL,2001Q3,2001,Q3,0,0,1,0,2242.045,1632.172,609.873,886.394,633.095,827.0,745.778,785.611,510.647,253.299,763.946,11185.94,6219.323,11030.16,6277.771,0.112976768976537,0.2823739041812274,0.7279836042541519,0.3326329310963875,0.227759478511805,319.829,301.455,266.28,251.027,270.229,255.552,248.16,235.941,243.307,209.798,200.678,187.623,0.0979903084791003,0.1127201315301901,0.1001223517096527,0.1109818181818181,0.0800842246266644,0.1043317228827419,0.1068787703773187,0.1188908938547767,0.0826653139798551,0.1009168707390716,0.0976086897308487,0.1072676961426096,-0.0087670627245095,0.0199130377468905,0.0278180626285817,0.0090508192345843,0.1023756394978392,0.1333305979414656,0.0120683858018686,-0.0949801002555358,-0.067509268274002,-0.0468430764466275,0.0179754740677486,-0.0592617570910746,0.0369087062962711,0.1433544581927894,0.028933764600509,0.0162856656343455,Information Technology,45.0,3.0,26,7.715589596735367,3263.884,2261.875,9.322502305464353,8.735577113645398,9.308479274442199,8.744929539673434
ORCL,2001Q4,2001,Q4,0,0,0,1,2357.335,1747.497,609.838,927.553,670.069,899.838,819.944,845.326,549.462,257.484,806.9459999999999,10285.46,5705.132,11185.94,6219.323,0.1092267327299683,0.2842485264079988,0.7413019362967079,0.3478266771587406,0.2330860908610783,253.299,319.829,301.455,266.28,251.027,270.229,255.552,248.16,235.941,243.307,209.798,200.678,0.112976768976537,0.0979903084791003,0.1127201315301901,0.1001223517096527,0.1109818181818181,0.0800842246266644,0.1043317228827419,0.1068787703773187,0.1188908938547767,0.0826653139798551,0.1009168707390716,0.0976086897308487,-0.1136325523228399,-0.1177722972582416,-0.1104839382901308,-0.0330328977016673,-0.1262750185214494,-0.1332525018472496,-0.1248135122235554,-0.1225327267128827,-0.1092670554470688,-0.0893370654471517,0.0909325526703337,0.0049251547845214,0.0035522672238927,-0.0221352324883165,-0.0046704613828615,-0.0923931381679287,Information Technology,45.0,4.0,27,7.76571114055686,2242.045,2659.546,9.23858374631488,8.649296665049507,9.322502305464353,8.735577113645398
ORCL,2002Q1,2002,Q1,1,0,0,0,2229.343,1681.876,547.467,903.137,619.906,852.106,778.739,781.5,507.975,283.231,791.206,10374.922,5989.701,10285.46,5705.132,0.1270468474344235,0.2780666770434159,0.7544267526351934,0.349313228157354,0.2278586112590122,257.484,253.299,319.829,301.455,266.28,251.027,270.229,255.552,248.16,235.941,243.307,209.798,0.1092267327299683,0.112976768976537,0.0979903084791003,0.1127201315301901,0.1001223517096527,0.1109818181818181,0.0800842246266644,0.1043317228827419,0.1068787703773187,0.1188908938547767,0.0826653139798551,0.1009168707390716,-0.1664034891247163,-0.1282586796587684,-0.1444113273641194,-0.060453467350019,-0.1138388260865044,-0.1131777666682229,-0.1349643747004475,-0.2274115385809482,-0.2114910802302286,-0.1696284582072948,0.127099886326838,-0.0540880276216246,0.02638226225,0.0638507020628071,0.0457593199687167,-0.1051406520027866,Information Technology,45.0,1.0,28,7.709910664285557,2357.335,2674.367,9.247243208620299,8.697963712642842,9.23858374631488,8.649296665049507
ORCL,2002Q2,2002,Q2,0,1,0,0,2844.277,2205.455,638.822,978.916,696.93,1356.097,1226.539,995.563,655.916,281.986,937.902,10800.0,6117.0,10374.922,5989.701,0.0991415393085835,0.2450288772858621,0.7754009191087928,0.4312305025143472,0.2306090440558356,283.231,257.484,253.299,319.829,301.455,266.28,251.027,270.229,255.552,248.16,235.941,243.307,0.1270468474344235,0.1092267327299683,0.112976768976537,0.0979903084791003,0.1127201315301901,0.1001223517096527,0.1109818181818181,0.0800842246266644,0.1043317228827419,0.1068787703773187,0.1188908938547767,0.0826653139798551,-0.1285606351206109,-0.232751662779245,-0.1335302164666798,-0.1183226036413208,-0.0189787981468996,-0.0528115120091804,-0.2490142757463178,-0.1109567879757844,-0.2510791668412891,-0.2171227311405555,0.0117484151989242,-0.1405932950224657,-0.0057027276324115,0.0869241466064763,-0.1195619934762238,-0.201597312728192,Information Technology,45.0,2.0,29,7.953415705617018,2229.343,3263.884,9.287394001418473,8.718990524710849,9.247243208620299,8.697963712642842
ORCL,2002Q3,2002,Q3,0,0,1,0,2028.0,1439.0,589.0,859.0,573.0,664.0,580.0,522.0,343.0,286.0,629.0,10412.0,5735.0,10800.0,6117.0,0.141025641025641,0.2825443786982248,0.7095660749506904,0.2859960552268245,0.1691321499013806,281.986,283.231,257.484,253.299,319.829,301.455,266.28,251.027,270.229,255.552,248.16,235.941,0.0991415393085835,0.1270468474344235,0.1092267327299683,0.112976768976537,0.0979903084791003,0.1127201315301901,0.1001223517096527,0.1109818181818181,0.0800842246266644,0.1043317228827419,0.1068787703773187,0.1188908938547767,-0.0954686458121938,-0.3283031135011074,-0.1183527226297228,0.1291003912372335,-0.1970979443772672,-0.222288670354985,-0.3355490185346182,-0.0342251583526407,-0.094922562964484,-0.0309049925879462,0.2482711472739067,0.0006037190918606,-0.0252993737713791,-0.1402052277741826,-0.2574089517305672,-0.1766433753171036,Information Technology,45.0,3.0,30,7.615298339825815,2844.277,2242.045,9.250810304529896,8.654517382279456,9.287394001418473,8.718990524710849
ORCL,2002Q4,2002,Q4,0,0,0,1,2309.0,1710.0,599.0,916.0,621.0,876.0,794.0,800.0,535.0,295.0,830.0,9752.0,5298.0,10412.0,5735.0,0.1277609354699004,0.2689475963620615,0.7405803378085751,0.3438718059766132,0.2317020355132091,286.0,281.986,283.231,257.484,253.299,319.829,301.455,266.28,251.027,270.229,255.552,248.16,0.141025641025641,0.0991415393085835,0.1270468474344235,0.1092267327299683,0.112976768976537,0.0979903084791003,0.1127201315301901,0.1001223517096527,0.1109818181818181,0.0800842246266644,0.1043317228827419,0.1068787703773187,-0.0205040861820657,-0.0263202914851253,-0.0214575475666053,0.1457022572276336,-0.026491435124989,-0.0316411852516756,-0.0536195503273293,-0.0177719328739762,-0.0732297718593159,-0.0124553529555723,0.1696855913996118,-0.0538294085084367,-0.0009734204819936,-0.0113702353552441,-0.0059379576994752,0.0285694457869549,Information Technology,45.0,4.0,31,7.745002803515839,2028.0,2357.335,9.185330208972015,8.575273402492762,9.250810304529896,8.654517382279456
ORCL,2003Q1,2003,Q1,1,0,0,0,2307.0,1733.0,574.0,937.0,636.0,888.0,796.0,829.0,571.0,301.0,872.0,9948.0,5584.0,9752.0,5298.0,0.1304724750758561,0.2756827048114434,0.7511920242739488,0.3450368443866493,0.247507585609016,295.0,286.0,281.986,283.231,257.484,253.299,319.829,301.455,266.28,251.027,270.229,255.552,0.1277609354699004,0.141025641025641,0.0991415393085835,0.1270468474344235,0.1092267327299683,0.112976768976537,0.0979903084791003,0.1127201315301901,0.1001223517096527,0.1109818181818181,0.0800842246266644,0.1043317228827419,0.0348340295773239,0.1240710664894926,0.0303970090541751,0.0627367766946414,0.0421238672183976,0.0221653211152901,0.0607805502239282,0.0484650216360074,0.0259620006904273,0.0374948651201314,0.026963499768861,-0.0085733833960992,-0.0042876639116332,-0.0122422611741983,0.0862331875079689,0.1021149991279135,Information Technology,45.0,1.0,32,7.744136627627991,2309.0,2229.343,9.20522732258936,8.6278397115033,9.185330208972015,8.575273402492762
ORCL,2003Q2,2003,Q2,0,1,0,0,2832.0,2252.0,580.0,981.0,683.0,1340.0,1271.0,1274.0,858.0,298.0,1156.0,11064.0,6320.0,9948.0,5584.0,0.1052259887005649,0.2411723163841808,0.7951977401129944,0.4487994350282486,0.3029661016949153,301.0,295.0,286.0,281.986,283.231,257.484,253.299,319.829,301.455,266.28,251.027,270.229,0.1304724750758561,0.1277609354699004,0.141025641025641,0.0991415393085835,0.1270468474344235,0.1092267327299683,0.112976768976537,0.0979903084791003,0.1127201315301901,0.1001223517096527,0.1109818181818181,0.0800842246266644,-0.0043163869060572,0.3080943291519036,0.021104488642933,0.0567900534069067,-0.0118700948383485,0.0362491531047932,0.2796779309797572,-0.0920788576473571,-0.0199876601667311,0.0021288854201995,0.061371342773318,-0.0157392097796785,0.0255310775578587,0.0407413956375148,0.3137650474001372,0.2325381543061002,Information Technology,45.0,2.0,33,7.949091499830517,2307.0,2844.277,9.31154225248515,8.751632702472298,9.20522732258936,8.6278397115033
ORCL,2003Q3,2003,Q3,0,0,1,0,2072.0,1509.0,563.0,893.0,595.0,677.0,616.0,664.0,440.0,298.0,738.0,11215.0,6502.0,11064.0,6320.0,0.1438223938223938,0.2871621621621621,0.7282818532818532,0.2972972972972973,0.2123552123552123,298.0,301.0,295.0,286.0,281.986,283.231,257.484,253.299,319.829,301.455,266.28,251.027,0.1052259887005649,0.1304724750758561,0.1277609354699004,0.141025641025641,0.0991415393085835,0.1270468474344235,0.1092267327299683,0.112976768976537,0.0979903084791003,0.1127201315301901,0.1001223517096527,0.1109818181818181,0.0216962524654833,0.282798833819242,0.0486448922863098,0.0419580419580418,0.019578313253012,0.0620689655172412,0.2720306513409962,-0.0441426146010186,0.0383944153577662,0.0395809080325959,0.0198315198315197,0.0163435686995896,0.026376371407643,0.0395153774464118,0.2555579319427714,0.1732909379968203,Information Technology,45.0,3.0,34,7.636752112435779,2832.0,2028.0,9.325096609274372,8.780018887869153,9.31154225248515,8.751632702472298
ORCL,2003Q4,2003,Q4,0,0,0,1,2498.0,2043.0,455.0,1128.0,805.0,975.0,915.0,916.0,617.0,323.0,940.0,11777.0,7199.0,11215.0,6502.0,0.1293034427542033,0.322257806244996,0.8178542834267414,0.366293034427542,0.2469975980784627,298.0,298.0,301.0,295.0,286.0,281.986,283.231,257.484,253.299,319.829,301.455,266.28,0.1438223938223938,0.1052259887005649,0.1304724750758561,0.1277609354699004,0.141025641025641,0.0991415393085835,0.1270468474344235,0.1092267327299683,0.112976768976537,0.0979903084791003,0.1127201315301901,0.1001223517096527,0.0818536162841057,0.1532710280373832,0.1947368421052631,0.0949152542372882,0.1130136986301368,0.1523929471032745,0.145,-0.2404006677796327,0.2962962962962963,0.2314410480349344,0.0120733875235781,0.19821783352608,0.1043424213054653,0.0652022877748041,0.0660139326414404,0.1325301204819278,Information Technology,45.0,4.0,35,7.823645930834952,2072.0,2309.0,9.373988663504516,8.881836305004146,9.325096609274372,8.780018887869153
ORCL,2004Q1,2004,Q1,1,0,0,0,2509.0,1927.0,319.0,1000.0,655.0,1000.0,927.0,947.0,635.0,330.0,965.0,11715.0,7406.0,11777.0,7199.0,0.1315265045834994,0.2610601833399761,0.7680350737345556,0.369469908330012,0.2530888800318852,323.0,298.0,298.0,301.0,295.0,286.0,281.986,283.231,257.484,253.299,319.829,301.455,0.1293034427542033,0.1438223938223938,0.1052259887005649,0.1304724750758561,0.1277609354699004,0.141025641025641,0.0991415393085835,0.1270468474344235,0.1092267327299683,0.112976768976537,0.0979903084791003,0.1127201315301901,0.0875596012136974,0.1120840630472854,0.1119446047316792,0.0963455149501661,0.1261261261261261,0.164572864321608,0.1423401688781664,-0.4442508710801394,0.029874213836478,0.0672358591248665,0.0080785583858242,-0.0530411274130111,0.0224217628999536,0.070812912710223,0.0225499934037816,0.1066513761467891,Information Technology,45.0,1.0,36,7.828038032125829,2498.0,2307.0,9.368710707947624,8.91018077801329,9.373988663504516,8.881836305004146
ORCL,2004Q2,2004,Q2,0,1,0,0,3076.0,2096.0,980.0,689.0,362.0,1462.0,1407.0,1419.0,990.0,327.0,1317.0,12763.0,7995.0,11715.0,7406.0,0.1063068920676202,0.1176853055916775,0.6814044213263979,0.4574122236671001,0.3218465539661898,330.0,323.0,298.0,298.0,301.0,295.0,286.0,281.986,283.231,257.484,253.299,319.829,0.1315265045834994,0.1293034427542033,0.1438223938223938,0.1052259887005649,0.1304724750758561,0.1277609354699004,0.141025641025641,0.0991415393085835,0.1270468474344235,0.1092267327299683,0.112976768976537,0.0979903084791003,0.0861581920903955,0.1538461538461537,-0.0692717584369448,0.0973154362416106,0.091044776119403,0.107002360346184,0.1138147566718994,0.6896551724137931,-0.4699853587115666,-0.2976554536187563,0.0102722091795324,-0.5120281325979053,-0.1431006566623629,0.0191907296815323,0.0623186956086825,0.1392733564013841,Information Technology,45.0,2.0,37,8.031710375322042,2509.0,2832.0,9.454383987398135,8.98669669562029,9.368710707947624,8.91018077801329
ORCL,2004Q3,2004,Q3,0,0,1,0,2215.0,1660.0,555.0,945.0,582.0,797.0,715.0,738.0,509.0,312.0,821.0,12688.0,8016.0,12763.0,7995.0,0.1408577878103837,0.2627539503386004,0.7494356659142212,0.3227990970654628,0.2297968397291196,327.0,330.0,323.0,298.0,298.0,301.0,295.0,286.0,281.986,283.231,257.484,253.299,0.1063068920676202,0.1315265045834994,0.1293034427542033,0.1438223938223938,0.1052259887005649,0.1304724750758561,0.1277609354699004,0.141025641025641,0.0991415393085835,0.1270468474344235,0.1092267327299683,0.112976768976537,0.069015444015444,0.1568181818181817,0.1000662690523526,0.0469798657718121,0.1772525849335302,0.1607142857142858,0.1114457831325301,-0.0142095914742451,-0.0218487394957983,0.0582306830907055,-0.0206129652915599,-0.0849980082326384,0.0290461893798981,0.0857787810383747,0.082134208906218,0.1124661246612466,Information Technology,45.0,3.0,38,7.703459047867175,3076.0,2072.0,9.448490755396914,8.989319566042951,9.454383987398135,8.98669669562029
ORCL,2004Q4,2004,Q4,0,0,0,1,2756.0,2166.0,590.0,1035.0,686.0,1183.0,1131.0,1154.0,815.0,327.0,1142.0,13137.0,8599.0,12688.0,8016.0,0.1186502177068214,0.2489114658925979,0.785921625544267,0.410377358490566,0.2957184325108853,312.0,327.0,330.0,323.0,298.0,298.0,301.0,295.0,286.0,281.986,283.231,257.484,0.1408577878103837,0.1063068920676202,0.1315265045834994,0.1293034427542033,0.1438223938223938,0.1052259887005649,0.1304724750758561,0.1277609354699004,0.141025641025641,0.0991415393085835,0.1270468474344235,0.1092267327299683,0.1032826261008807,0.3209076175040519,0.0602055800293686,0.0123839009287924,0.2133333333333333,0.2360655737704917,0.259825327510917,0.2967032967032967,-0.1478260869565217,-0.0824468085106383,-0.0823893379825384,-0.2276014387581245,-0.0390444343565447,0.1203526136715127,0.1972522599873445,0.2148936170212765,Information Technology,45.0,4.0,39,7.921898411023797,2215.0,2498.0,9.483264073452418,9.0595174822416,9.448490755396914,8.989319566042951
ORCL,2005Q1,2005,Q1,1,0,0,0,2950.0,2234.0,716.0,1464.0,814.0,1062.0,770.0,771.0,540.0,411.0,951.0,23767.0,9870.0,13137.0,8599.0,0.139322033898305,0.2759322033898305,0.7572881355932204,0.2610169491525423,0.1830508474576271,327.0,312.0,327.0,330.0,323.0,298.0,298.0,301.0,295.0,286.0,281.986,283.231,0.1186502177068214,0.1408577878103837,0.1063068920676202,0.1315265045834994,0.1293034427542033,0.1438223938223938,0.1052259887005649,0.1304724750758561,0.1277609354699004,0.141025641025641,0.0991415393085835,0.1270468474344235,0.1757672379434036,-0.1496062992125983,0.1593149974052932,0.2454545454545453,0.062,-0.1693635382955771,-0.1858500527983104,1.2445141065830725,0.2427480916030533,0.4639999999999999,0.0592696456086285,0.0569677836718849,-0.0139927700034302,-0.29353665002834,-0.2767329507540371,-0.0145077720207253,Information Technology,45.0,1.0,40,7.989899374942939,2756.0,2509.0,10.076095417142444,9.197356444417888,9.483264073452418,9.0595174822416
ORCL,2005Q2,2005,Q2,0,1,0,0,3878.0,3088.0,790.0,1681.0,957.0,1738.0,1407.0,1388.0,1022.0,457.0,1479.0,20687.0,10837.0,23767.0,9870.0,0.1178442496132026,0.2467766890149561,0.7962867457452295,0.3628158844765343,0.2635379061371841,411.0,327.0,312.0,327.0,330.0,323.0,298.0,298.0,301.0,295.0,286.0,281.986,0.139322033898305,0.1186502177068214,0.1408577878103837,0.1063068920676202,0.1315265045834994,0.1293034427542033,0.1438223938223938,0.1052259887005649,0.1304724750758561,0.1277609354699004,0.141025641025641,0.0991415393085835,0.2607282184655397,0.0323232323232323,0.4732824427480915,0.3975535168195718,0.188782489740082,0.0,-0.0218463706835799,-0.1938775510204081,1.6436464088397789,1.4397677793904209,0.1085287822942246,1.0969201530663129,0.1685963883169494,-0.2068076328004126,-0.1811690916384055,0.1230068337129841,Information Technology,45.0,2.0,41,8.263332667439967,2950.0,3076.0,9.937309101011639,9.29081375612606,10.076095417142444,9.197356444417888
ORCL,2005Q3,2005,Q3,0,0,1,0,2768.0,2045.0,723.0,1333.0,771.0,943.0,712.0,733.0,519.0,400.0,919.0,19596.0,11331.0,20687.0,10837.0,0.1445086705202312,0.2785404624277456,0.7388005780346821,0.2572254335260115,0.1875,457.0,411.0,327.0,312.0,327.0,330.0,323.0,298.0,298.0,301.0,295.0,286.0,0.1178442496132026,0.139322033898305,0.1186502177068214,0.1408577878103837,0.1063068920676202,0.1315265045834994,0.1293034427542033,0.1438223938223938,0.1052259887005649,0.1304724750758561,0.1277609354699004,0.141025641025641,0.2496613995485328,0.0196463654223968,0.2319277108433735,0.2820512820512821,0.1831869510664994,-0.0041958041958042,-0.0067750677506774,0.3027027027027027,0.324742268041237,0.4105820105820106,0.0259189269304878,0.0600809695488946,-0.0141907949717945,-0.2031407898459921,-0.1840618860510805,0.1193666260657735,Information Technology,45.0,3.0,42,7.926241523170962,3878.0,2215.0,9.883131772279054,9.335385860950407,9.937309101011639,9.29081375612606
ORCL,2005Q4,2005,Q4,0,0,0,1,3292.0,2535.0,757.0,1419.0,815.0,1293.0,1116.0,1122.0,798.0,468.0,1266.0,19346.0,12115.0,19596.0,11331.0,0.1421628189550425,0.2475698663426488,0.770048602673147,0.339003645200486,0.2424058323207776,400.0,457.0,411.0,327.0,312.0,327.0,330.0,323.0,298.0,298.0,301.0,295.0,0.1445086705202312,0.1178442496132026,0.139322033898305,0.1186502177068214,0.1408577878103837,0.1063068920676202,0.1315265045834994,0.1293034427542033,0.1438223938223938,0.1052259887005649,0.1304724750758561,0.1277609354699004,0.1944847605224964,-0.0208588957055214,0.1703601108033241,0.4311926605504588,0.0929839391377853,-0.013262599469496,-0.0277296360485268,0.2830508474576272,0.1880466472303206,0.3710144927536232,0.1981673670950983,-0.0053898664134981,-0.0201966994611296,-0.1739221519252525,-0.1802816271459347,0.1085814360770578,Information Technology,45.0,4.0,43,8.099554282376364,2768.0,2756.0,9.870292647678488,9.402282172147128,9.883131772279054,9.335385860950407
ORCL,2006Q1,2006,Q1,1,0,0,0,3470.0,2680.0,790.0,1628.0,902.0,1395.0,1052.0,1078.0,765.0,467.0,1232.0,28464.0,15043.0,19346.0,12115.0,0.1345821325648415,0.2599423631123919,0.7723342939481268,0.3031700288184438,0.2204610951008645,468.0,400.0,457.0,411.0,327.0,312.0,327.0,330.0,323.0,298.0,298.0,301.0,0.1421628189550425,0.1445086705202312,0.1178442496132026,0.139322033898305,0.1186502177068214,0.1408577878103837,0.1063068920676202,0.1315265045834994,0.1293034427542033,0.1438223938223938,0.1052259887005649,0.1304724750758561,0.176271186440678,0.4166666666666667,0.1996418979409131,0.1362530413625304,0.3135593220338983,0.3662337662337662,0.398184176394293,0.1033519553072626,0.1081081081081081,0.1120218579234972,-0.0340211896197507,-0.0579484383518964,0.0198684723128799,0.1614955649537781,0.2043707973102786,0.2954784437434279,Information Technology,45.0,1.0,44,8.152198015861787,3292.0,2950.0,10.256430541385182,9.618734519590227,9.870292647678488,9.402282172147128
ORCL,2006Q2,2006,Q2,0,1,0,0,4851.0,3887.0,964.0,2030.0,1246.0,2183.0,1857.0,1879.0,1300.0,537.0,1837.0,29029.0,15012.0,28464.0,15043.0,0.1106988249845392,0.2568542568542568,0.8012780869923727,0.3828076685219542,0.2679859822716965,467.0,468.0,400.0,457.0,411.0,327.0,312.0,327.0,330.0,323.0,298.0,298.0,0.1345821325648415,0.1421628189550425,0.1445086705202312,0.1178442496132026,0.139322033898305,0.1186502177068214,0.1408577878103837,0.1063068920676202,0.1315265045834994,0.1293034427542033,0.1438223938223938,0.1052259887005649,0.2509025270758123,0.2720156555772994,0.2587435233160622,0.175054704595186,0.2560414269275028,0.3198294243070363,0.3537463976945245,0.2202531645569621,0.3019853709508882,0.2076145151695418,-0.0606344785775857,0.0408367900530908,0.0062682711646442,0.0551017331401126,0.016878316291232,0.2420554428668018,Information Technology,45.0,2.0,45,8.48714627006394,3470.0,3878.0,10.276085057018676,9.616671771412305,10.256430541385182,9.618734519590227
ORCL,2006Q3,2006,Q3,0,0,1,0,3591.0,2611.0,980.0,1668.0,907.0,1257.0,943.0,962.0,670.0,506.0,1176.0,28848.0,14899.0,29029.0,15012.0,0.1409078251183514,0.2525758841548315,0.7270955165692008,0.2626009468114731,0.1865775549986076,537.0,467.0,468.0,400.0,457.0,411.0,327.0,312.0,327.0,330.0,323.0,298.0,0.1106988249845392,0.1345821325648415,0.1421628189550425,0.1445086705202312,0.1178442496132026,0.139322033898305,0.1186502177068214,0.1408577878103837,0.1063068920676202,0.1315265045834994,0.1293034427542033,0.1438223938223938,0.2973265895953756,0.2909441233140655,0.2767726161369193,0.2649999999999999,0.3329798515376458,0.324438202247191,0.3124147339699863,0.355463347164592,0.1763942931258106,0.2513128282070518,-0.0249178501810082,-0.0932165404143013,-0.0158433301400744,0.0208980628850528,-0.0049197066740926,0.279651795429815,Information Technology,45.0,3.0,46,8.18646442942209,4851.0,2768.0,10.269830609290443,9.60911649193355,10.276085057018676,9.616671771412305
ORCL,2006Q4,2006,Q4,0,0,0,1,4163.0,3138.0,1025.0,1781.0,1085.0,1600.0,1357.0,1354.0,967.0,519.0,1486.0,28927.0,15514.0,28848.0,14899.0,0.1246697093442229,0.2606293538313716,0.7537833293298102,0.3259668508287293,0.2322844102810473,506.0,537.0,467.0,468.0,400.0,457.0,411.0,327.0,312.0,327.0,330.0,323.0,0.1409078251183514,0.1106988249845392,0.1345821325648415,0.1421628189550425,0.1445086705202312,0.1178442496132026,0.139322033898305,0.1186502177068214,0.1408577878103837,0.1063068920676202,0.1315265045834994,0.1293034427542033,0.2645808019441069,0.2117794486215538,0.2378698224852071,0.108974358974359,0.2374323279195669,0.2159498207885304,0.2067736185383244,0.3540290620871862,0.3312883435582823,0.2551092318534178,-0.1230498223051669,0.0527507151078223,-0.0211223983614456,-0.038456207053605,-0.0417540367854538,0.1737756714060032,Information Technology,45.0,4.0,47,8.33423142973486,3591.0,3292.0,10.272565263191902,9.64956257688248,10.269830609290443,9.60911649193355
ORCL,2007Q1,2007,Q1,1,0,0,0,4414.0,3384.0,1030.0,1990.0,1142.0,1732.0,1394.0,1406.0,1033.0,570.0,1603.0,29369.0,15791.0,28927.0,15514.0,0.129134571816946,0.2587222473946534,0.7666515632079747,0.3158133212505664,0.2340280924331672,519.0,506.0,537.0,467.0,468.0,400.0,457.0,411.0,327.0,312.0,327.0,330.0,0.1246697093442229,0.1409078251183514,0.1106988249845392,0.1345821325648415,0.1421628189550425,0.1445086705202312,0.1178442496132026,0.139322033898305,0.1186502177068214,0.1408577878103837,0.1063068920676202,0.1315265045834994,0.2720461095100865,0.350326797385621,0.2626865671641791,0.2205567451820129,0.2415770609318996,0.3250950570342206,0.3042671614100185,0.3037974683544304,0.2660753880266076,0.2223587223587224,-0.0404775927092015,-0.0046937932822093,-0.0073578640553462,0.0417036356839024,0.0615391905138433,0.3011363636363635,Information Technology,45.0,1.0,48,8.392763113038061,4163.0,3470.0,10.287729024192666,9.667258761673263,10.272565263191902,9.64956257688248
ORCL,2007Q2,2007,Q2,0,1,0,0,5829.0,4670.0,1159.0,2389.0,1464.0,2672.0,2281.0,2264.0,1604.0,599.0,2203.0,34572.0,16919.0,29369.0,15791.0,0.1027620518099159,0.2511580030880082,0.8011665808886601,0.3913192657402642,0.2751758449133642,570.0,519.0,506.0,537.0,467.0,468.0,400.0,457.0,411.0,327.0,312.0,327.0,0.129134571816946,0.1246697093442229,0.1409078251183514,0.1106988249845392,0.1345821325648415,0.1421628189550425,0.1445086705202312,0.1178442496132026,0.139322033898305,0.1186502177068214,0.1408577878103837,0.1063068920676202,0.2016079158936301,0.2338461538461538,0.201440699768459,0.1154562383612662,0.2240036646816308,0.2283252557889068,0.2048962213943586,0.2022821576763485,0.174959871589085,0.1768472906403941,-0.0716969956612622,-0.0221769879775858,-0.0001391603059196,0.0222346570307063,0.0268292489805612,0.1992378878606424,Information Technology,45.0,2.0,49,8.670772279344538,4414.0,4851.0,10.450828309595938,9.736251633160215,10.287729024192666,9.667258761673263
ORCL,2007Q3,2007,Q3,0,0,1,0,4529.0,3370.0,1159.0,2153.0,1169.0,1616.0,1217.0,1200.0,840.0,652.0,1492.0,34315.0,17785.0,34572.0,16919.0,0.1439611393243541,0.2581143740340031,0.7440936189004195,0.2687127401192316,0.1854714064914992,599.0,570.0,519.0,506.0,537.0,467.0,468.0,400.0,457.0,411.0,327.0,312.0,0.1027620518099159,0.129134571816946,0.1246697093442229,0.1409078251183514,0.1106988249845392,0.1345821325648415,0.1421628189550425,0.1445086705202312,0.1178442496132026,0.139322033898305,0.1186502177068214,0.1408577878103837,0.2612085769980508,0.2537313432835821,0.2906932209881272,0.2885375494071147,0.2856006364359587,0.2905620360551431,0.2474012474012474,0.1826530612244898,0.2888643880926129,0.290767386091127,0.0216688761141419,0.021928023325364,0.0233780871204161,0.0232740718644335,-0.0059286258045166,0.2687074829931972,Information Technology,45.0,3.0,50,8.41847721847708,5829.0,3591.0,10.443366996692856,9.786166909959585,10.450828309595938,9.736251633160215
ORCL,2007Q4,2007,Q4,0,0,0,1,5313.0,4075.0,1238.0,2293.0,1301.0,2170.0,1782.0,1815.0,1303.0,674.0,1977.0,35653.0,19295.0,34315.0,17785.0,0.126858648597779,0.2448710709580275,0.766986636551854,0.3354037267080745,0.2452475061170713,652.0,599.0,570.0,519.0,506.0,537.0,467.0,468.0,400.0,457.0,411.0,327.0,0.1439611393243541,0.1027620518099159,0.129134571816946,0.1246697093442229,0.1409078251183514,0.1106988249845392,0.1345821325648415,0.1421628189550425,0.1445086705202312,0.1178442496132026,0.139322033898305,0.1186502177068214,0.2762430939226519,0.3474663908996898,0.298597833014659,0.2986512524084779,0.3562499999999999,0.3131908621960206,0.3404726735598227,0.2078048780487804,0.1990783410138248,0.287478944413251,0.0175579077313181,-0.0604624254393838,0.0175160509768541,0.0289504158332456,0.05580699893006,0.3304172274562584,Information Technology,45.0,4.0,51,8.57810012631976,4529.0,4163.0,10.481616621511806,9.867653099526912,10.443366996692856,9.786166909959585
ORCL,2008Q1,2008,Q1,1,0,0,0,5349.0,4106.0,1243.0,2231.0,1289.0,2200.0,1875.0,1877.0,1340.0,682.0,2022.0,37316.0,20815.0,35653.0,19295.0,0.1275004673770798,0.2409796223593195,0.7676201159095158,0.3505328098710039,0.2505141147878108,674.0,652.0,599.0,570.0,519.0,506.0,537.0,467.0,468.0,400.0,457.0,411.0,0.126858648597779,0.1439611393243541,0.1027620518099159,0.129134571816946,0.1246697093442229,0.1409078251183514,0.1106988249845392,0.1345821325648415,0.1421628189550425,0.1445086705202312,0.1178442496132026,0.139322033898305,0.2118260081558676,0.297192642787996,0.2133569739952718,0.1964912280701753,0.2702078521939954,0.3450502152080343,0.3349928876244665,0.2067961165048544,0.1287215411558668,0.1211055276381909,-0.0126542754343327,-0.0685778869579367,0.0012633544989961,0.1099367451726049,0.0704446298871219,0.2613849033063007,Information Technology,45.0,1.0,52,8.584851839890053,5313.0,4414.0,10.527204265878074,9.943477200752287,10.481616621511806,9.867653099526912
ORCL,2008Q2,2008,Q2,0,1,0,0,7239.0,5898.0,1341.0,2928.0,1726.0,3504.0,2970.0,2941.0,2037.0,734.0,2771.0,47268.0,23025.0,37316.0,20815.0,0.1013952203343003,0.23843072247548,0.8147534189805222,0.4102776626605884,0.2813924575217571,682.0,674.0,652.0,599.0,570.0,519.0,506.0,537.0,467.0,468.0,400.0,457.0,0.1275004673770798,0.126858648597779,0.1439611393243541,0.1027620518099159,0.129134571816946,0.1246697093442229,0.1409078251183514,0.1106988249845392,0.1345821325648415,0.1421628189550425,0.1445086705202312,0.1178442496132026,0.2418939783839424,0.2699501246882794,0.2629550321199143,0.2253756260434056,0.311377245508982,0.3020604997807978,0.2990282685512366,0.1570319240724762,0.1789617486338797,0.2256174131435746,-0.0133009360122928,-0.0506743980125866,0.0169588178238682,0.0484473895872732,0.0225914182632931,0.2578302315024965,Information Technology,45.0,2.0,53,8.887376485379763,5349.0,5829.0,10.763609968496873,10.044379291233609,10.527204265878074,9.943477200752287
ORCL,2008Q3,2008,Q3,0,0,1,0,5331.0,4305.0,1026.0,2784.0,1600.0,2080.0,1521.0,1444.0,1077.0,708.0,1785.0,47253.0,23816.0,47268.0,23025.0,0.132808103545301,0.300131307447008,0.8075407990996061,0.285312324141812,0.2020258863252673,734.0,682.0,674.0,652.0,599.0,570.0,519.0,506.0,537.0,467.0,468.0,400.0,0.1013952203343003,0.1275004673770798,0.126858648597779,0.1439611393243541,0.1027620518099159,0.129134571816946,0.1246697093442229,0.1409078251183514,0.1106988249845392,0.1345821325648415,0.1421628189550425,0.1445086705202312,0.1770810333406933,0.2821428571428572,0.2774480712166172,0.0858895705521471,0.2871287128712871,0.2497945768282663,0.2033333333333333,-0.1147540983606557,0.3686911890504705,0.2930794240594518,-0.0774725445449869,0.1627841671749352,0.0852677386119038,0.0617744585359627,0.0892562371037328,0.1963806970509383,Information Technology,45.0,3.0,54,8.5814816812986,7239.0,4529.0,10.763292585423422,10.078154890393224,10.763609968496873,10.044379291233609
ORCL,2008Q4,2008,Q4,0,0,0,1,5607.0,4668.0,939.0,2693.0,1320.0,2479.0,1975.0,1826.0,1296.0,651.0,1947.0,44802.0,22821.0,47253.0,23816.0,0.1161048689138576,0.2354200107009095,0.8325307651150348,0.3522382735865882,0.2311396468699839,708.0,734.0,682.0,674.0,652.0,599.0,570.0,519.0,506.0,537.0,467.0,468.0,0.132808103545301,0.1013952203343003,0.1275004673770798,0.126858648597779,0.1439611393243541,0.1027620518099159,0.129134571816946,0.1246697093442229,0.1409078251183514,0.1106988249845392,0.1345821325648415,0.1421628189550425,0.0553359683794465,-0.0053722179585571,0.1455214723926381,-0.0341246290801187,0.1423963133640553,0.1083052749719415,0.0060606060606061,-0.2415185783521809,0.0146041506533436,0.1744439598778893,-0.0847697796152435,-0.0385960669839104,0.085456676087406,0.0501918897674202,-0.0575249855562357,-0.015174506828528,Information Technology,45.0,4.0,55,8.631949428714426,5331.0,5313.0,10.710030380446783,10.035480261994625,10.763292585423422,10.078154890393224
ORCL,2009Q1,2009,Q1,1,0,0,0,5453.0,4342.0,1111.0,2402.0,1246.0,2465.0,1940.0,1810.0,1329.0,677.0,2006.0,44949.0,23077.0,44802.0,22821.0,0.1241518430221896,0.2284980744544287,0.7962589400330093,0.3557674674491106,0.2437190537318907,651.0,708.0,734.0,682.0,674.0,652.0,599.0,570.0,519.0,506.0,537.0,467.0,0.1161048689138576,0.132808103545301,0.1013952203343003,0.1275004673770798,0.126858648597779,0.1439611393243541,0.1027620518099159,0.129134571816946,0.1246697093442229,0.1409078251183514,0.1106988249845392,0.1345821325648415,0.0194428865208449,-0.0082089552238805,0.0574768631271309,-0.0073313782991202,0.1204545454545453,0.0346666666666666,-0.0356952583910495,-0.1061946902654867,-0.0333591931730022,0.0766472433886149,-0.0262636241558763,-0.0517950347116062,0.0373085899261,0.0149334311388227,-0.0271244638717288,-0.0079129574678535,Information Technology,45.0,1.0,56,8.604104563405533,5607.0,5349.0,10.713306039899766,10.046635061754612,10.710030380446783,10.035480261994625
ORCL,2009Q2,2009,Q2,0,1,0,0,6861.0,5682.0,1179.0,2797.0,1540.0,3386.0,2885.0,2755.0,1891.0,730.0,2621.0,47416.0,25090.0,44949.0,23077.0,0.1063984841859787,0.2244570762279551,0.8281591604722344,0.4204926395569159,0.2756157994461449,677.0,651.0,708.0,734.0,682.0,674.0,652.0,599.0,570.0,519.0,506.0,537.0,0.1241518430221896,0.1161048689138576,0.132808103545301,0.1013952203343003,0.1275004673770798,0.126858648597779,0.1439611393243541,0.1027620518099159,0.129134571816946,0.1246697093442229,0.1409078251183514,0.1106988249845392,-0.052217157065893,-0.071674030436917,-0.0366225839267548,-0.0054495912806539,-0.0336757990867579,-0.0286195286195286,-0.0632437946276777,-0.1208053691275168,-0.1077636152954808,-0.0447404371584699,0.0493441785044959,-0.0586067353336228,0.0164537407016791,0.0248977164149879,-0.0205288305396941,-0.054132082280765,Information Technology,45.0,2.0,57,8.833754223418396,5453.0,7239.0,10.766736093172735,10.13026449508276,10.713306039899766,10.046635061754612
ORCL,2009Q3,2009,Q3,0,0,1,0,5054.0,4046.0,1008.0,2306.0,1161.0,2233.0,1740.0,1562.0,1124.0,660.0,1784.0,52998.0,26143.0,47416.0,25090.0,0.1305896319746735,0.2297190344281757,0.8005540166204986,0.3442817570241393,0.222398100514444,730.0,677.0,651.0,708.0,734.0,682.0,674.0,652.0,599.0,570.0,519.0,506.0,0.1063984841859787,0.1241518430221896,0.1161048689138576,0.132808103545301,0.1013952203343003,0.1275004673770798,0.126858648597779,0.1439611393243541,0.1027620518099159,0.129134571816946,0.1246697093442229,0.1409078251183514,-0.0519602326017633,0.0436397400185701,-0.0601626016260162,-0.0677966101694915,0.0735576923076923,0.1439842209072979,0.0817174515235457,-0.0175438596491228,-0.274375,-0.1716954022988506,-0.0167043389025641,-0.234604892164622,-0.0086519250629782,0.2066837913844093,0.100839622880688,-0.0005602240896358,Information Technology,45.0,3.0,58,8.528133131454572,6861.0,5331.0,10.878028324431728,10.17137499765973,10.766736093172735,10.13026449508276
ORCL,2009Q4,2009,Q4,0,0,0,1,5858.0,4762.0,1096.0,2584.0,1316.0,2709.0,2178.0,2023.0,1458.0,708.0,2166.0,53833.0,27531.0,52998.0,26143.0,0.1208603618982587,0.2246500512120177,0.8129054284738819,0.3717992488904063,0.2488904062820075,660.0,730.0,677.0,651.0,708.0,734.0,682.0,674.0,652.0,599.0,570.0,519.0,0.1305896319746735,0.1063984841859787,0.1241518430221896,0.1161048689138576,0.132808103545301,0.1013952203343003,0.1275004673770798,0.126858648597779,0.1439611393243541,0.1027620518099159,0.129134571816946,0.1246697093442229,0.0447654717317638,0.125,0.0201371036846615,0.0875576036866359,0.0927793465106898,0.1027848101265822,0.1078860898138007,0.1671991480298189,-0.003030303030303,-0.0404753063497957,0.0409586008656481,-0.0457478506471336,-0.0235731068009734,0.0555333612802571,0.0767966882895185,0.1124807395993836,Information Technology,45.0,4.0,59,8.675734219544788,5054.0,5607.0,10.893660516800988,10.223104243518256,10.878028324431728,10.17137499765973
ORCL,2010Q1,2010,Q1,1,0,0,0,6404.0,4985.0,1419.0,3142.0,1477.0,2343.0,1843.0,1582.0,1189.0,823.0,2012.0,59386.0,28476.0,53833.0,27531.0,0.1285134291068082,0.2306371018113679,0.77841973766396,0.287788881948782,0.1856652092442223,708.0,660.0,730.0,677.0,651.0,708.0,734.0,682.0,674.0,652.0,599.0,570.0,0.1208603618982587,0.1305896319746735,0.1063984841859787,0.1241518430221896,0.1161048689138576,0.132808103545301,0.1013952203343003,0.1275004673770798,0.126858648597779,0.1439611393243541,0.1027620518099159,0.129134571816946,0.1743994131670641,-0.1053423626787057,0.1480884385076002,0.2156573116691285,-0.0494929006085193,-0.05,-0.1259668508287292,0.2772277227722772,0.1853932584269662,0.3080766028309742,0.0351310619193874,0.0093612489385144,-0.0224037702714017,-0.191075890068707,-0.2381998600385669,0.0029910269192423,Information Technology,45.0,1.0,60,8.764834214330834,5858.0,5453.0,10.991830626179583,10.25685202289892,10.893660516800988,10.223104243518256
ORCL,2010Q2,2010,Q2,0,1,0,0,9505.0,7263.0,2242.0,3963.0,2037.0,3982.0,3300.0,3075.0,2363.0,1063.0,3426.0,61578.0,30798.0,59386.0,28476.0,0.1118358758548132,0.214308258811152,0.7641241451867438,0.3471856917411888,0.2486059968437664,823.0,708.0,660.0,730.0,677.0,651.0,708.0,734.0,682.0,674.0,652.0,599.0,0.1285134291068082,0.1208603618982587,0.1305896319746735,0.1063984841859787,0.1241518430221896,0.1161048689138576,0.132808103545301,0.1013952203343003,0.1275004673770798,0.126858648597779,0.1439611393243541,0.1027620518099159,0.3853665646407229,0.2496033844526706,0.2782470960929251,0.4561643835616438,0.1760189013585351,0.143847487001733,0.116152450090744,0.9016115351993216,0.3227272727272727,0.4168752234537003,0.0511040332053065,-0.0452149586342115,-0.0773221119101991,-0.1743358644588226,-0.0979980199127015,0.3071346814193056,Information Technology,45.0,2.0,61,9.159678457173955,6404.0,6861.0,11.028076182307988,10.335237500902117,10.991830626179583,10.25685202289892
ORCL,2010Q3,2010,Q3,0,0,1,0,7502.0,5440.0,2062.0,3523.0,1605.0,2693.0,1917.0,1795.0,1352.0,1103.0,2455.0,65255.0,32106.0,61578.0,30798.0,0.1470274593441748,0.2139429485470541,0.7251399626766196,0.2555318581711543,0.180218608371101,1063.0,823.0,708.0,660.0,730.0,677.0,651.0,708.0,734.0,682.0,674.0,652.0,0.1118358758548132,0.1285134291068082,0.1208603618982587,0.1305896319746735,0.1063984841859787,0.1241518430221896,0.1161048689138576,0.132808103545301,0.1013952203343003,0.1275004673770798,0.126858648597779,0.1439611393243541,0.4843688167787892,0.2028469750889678,0.3445378151260505,0.6712121212121211,0.2060008956560681,0.1017241379310345,0.1491677336747758,1.0456349206349205,0.3824289405684755,0.5277536860364267,0.1258739083719089,-0.0686755710966309,-0.094202330358963,-0.2577827521856241,-0.1896576096907966,0.3761210762331839,Information Technology,45.0,3.0,62,8.923058219545728,9505.0,5054.0,11.086073274980416,10.376829353880446,11.028076182307988,10.335237500902117
ORCL,2010Q4,2010,Q4,0,0,0,1,8582.0,6425.0,2157.0,3655.0,1686.0,3569.0,2770.0,2646.0,1870.0,1119.0,2989.0,67243.0,34412.0,65255.0,32106.0,0.1303891866697739,0.1964577021673269,0.7486599860172454,0.322768585411326,0.2178979258914006,1103.0,1063.0,823.0,708.0,660.0,730.0,677.0,651.0,708.0,734.0,682.0,674.0,0.1470274593441748,0.1118358758548132,0.1285134291068082,0.1208603618982587,0.1305896319746735,0.1063984841859787,0.1241518430221896,0.1161048689138576,0.132808103545301,0.1013952203343003,0.1275004673770798,0.126858648597779,0.4650051212017754,0.2825788751714677,0.3492230155396891,0.5805084745762712,0.3174603174603174,0.2718089990817263,0.3079584775086506,0.9680656934306568,0.2811550151975683,0.4144736842105263,0.0788416038298529,-0.1254945142126129,-0.0790318777637498,-0.1318740250966262,-0.1245225995392148,0.3799630655586334,Information Technology,45.0,4.0,63,9.05753878171822,7502.0,5858.0,11.11608307415295,10.446189678949377,11.086073274980416,10.376829353880446
ORCL,2011Q1,2011,Q1,1,0,0,0,8764.0,6752.0,2012.0,3765.0,1904.0,3704.0,2987.0,2799.0,2116.0,1127.0,3243.0,67666.0,36617.0,67243.0,34412.0,0.1285942492012779,0.2172523961661341,0.7704244637151986,0.3408261068005477,0.241442263806481,1119.0,1103.0,1063.0,823.0,708.0,660.0,730.0,677.0,651.0,708.0,734.0,682.0,0.1303891866697739,0.1470274593441748,0.1118358758548132,0.1285134291068082,0.1208603618982587,0.1305896319746735,0.1063984841859787,0.1241518430221896,0.1161048689138576,0.132808103545301,0.1013952203343003,0.1275004673770798,0.3685196752029982,0.7796467619848613,0.3544633901705114,0.3693803159173754,0.5808792146820316,0.6207270754205101,0.7692793931731985,0.4178999295278365,0.2890995260663507,0.1982813494589432,0.0006288844288993,-0.0580336187894899,-0.0102711603546375,0.1842921258549688,0.3004173737735112,0.6118290258449304,Information Technology,45.0,1.0,64,9.078521797355334,8582.0,6404.0,11.122353895452056,10.50829520177255,11.11608307415295,10.446189678949377
ORCL,2011Q2,2011,Q2,0,1,0,0,10775.0,8606.0,2169.0,4247.0,2353.0,5049.0,4359.0,4170.0,3209.0,1170.0,4379.0,73535.0,39776.0,67666.0,36617.0,0.108584686774942,0.2183758700696055,0.7987006960556845,0.4045475638051044,0.2978190255220417,1127.0,1119.0,1103.0,1063.0,823.0,708.0,660.0,730.0,677.0,651.0,708.0,734.0,0.1285942492012779,0.1303891866697739,0.1470274593441748,0.1118358758548132,0.1285134291068082,0.1208603618982587,0.1305896319746735,0.1063984841859787,0.1241518430221896,0.1161048689138576,0.132808103545301,0.1013952203343003,0.1336138874276695,0.3580194667795175,0.1849098168800771,0.1006585136406397,0.2679558011049723,0.3209090909090908,0.3560975609756098,-0.0325602140945584,0.155130093274423,0.0716628816553115,-0.0290710745100436,0.0189801890091314,0.0452499127095251,0.1652195739295507,0.1979559194189619,0.2781669585522475,Information Technology,45.0,2.0,65,9.2850767180902,8764.0,9505.0,11.205530361208428,10.591044134782829,11.122353895452056,10.50829520177255
ORCL,2011Q3,2011,Q3,0,0,1,0,8374.0,6386.0,1988.0,3703.0,1941.0,3372.0,2683.0,2471.0,1840.0,1050.0,2890.0,73859.0,40892.0,73535.0,39776.0,0.1253881060425125,0.2317888703128731,0.7625985192261763,0.320396465249582,0.2197277286840219,1170.0,1127.0,1119.0,1103.0,1063.0,823.0,708.0,660.0,730.0,677.0,651.0,708.0,0.108584686774942,0.1285942492012779,0.1303891866697739,0.1470274593441748,0.1118358758548132,0.1285134291068082,0.1208603618982587,0.1305896319746735,0.1063984841859787,0.1241518430221896,0.1161048689138576,0.132808103545301,0.1162356704878699,0.3609467455621302,0.1738970588235293,-0.0480507706255666,0.2521351652432231,0.399582681272822,0.3766016713091922,-0.0358874878758487,0.2093457943925234,0.0510928186204939,-0.1471789922657034,0.0834143956929436,0.0516570020652158,0.2538415661462516,0.2192288613813111,0.1771894093686354,Information Technology,45.0,3.0,66,9.033006356693267,10775.0,7502.0,11.209926688406554,10.618714178238953,11.205530361208428,10.591044134782829
ORCL,2011Q4,2011,Q4,0,0,0,1,8792.0,6836.0,1956.0,3725.0,1974.0,3853.0,3111.0,2960.0,2192.0,1102.0,3294.0,72910.0,41920.0,73859.0,40892.0,0.1253412192902638,0.2245222929936305,0.7775250227479527,0.3538444040036396,0.2493175614194722,1050.0,1170.0,1127.0,1119.0,1103.0,1063.0,823.0,708.0,660.0,730.0,677.0,651.0,0.1253881060425125,0.108584686774942,0.1285942492012779,0.1303891866697739,0.1470274593441748,0.1118358758548132,0.1285134291068082,0.1208603618982587,0.1305896319746735,0.1063984841859787,0.1241518430221896,0.1161048689138576,0.0244698205546491,0.1721925133689839,0.0639688715953308,-0.0151921358355674,0.0795741103950686,0.1231046931407942,0.1186696900982615,-0.0931849791376911,0.1708185053380781,0.0191518467852256,-0.0387146166675205,0.1428530951787292,0.0385556023693276,0.0962789441008069,0.1441942845464763,0.1020408163265305,Information Technology,45.0,4.0,67,9.081711229379001,8374.0,8582.0,11.196994798246125,10.64354217367223,11.209926688406554,10.618714178238953
ORCL,2012Q1,2012,Q1,1,0,0,0,9039.0,7131.0,1908.0,3814.0,1961.0,4068.0,3317.0,3148.0,2498.0,1145.0,3643.0,74361.0,42873.0,72910.0,41920.0,0.1266733045690895,0.2169487775196371,0.7889147029538666,0.3669653722756942,0.2763580042040048,1102.0,1050.0,1170.0,1127.0,1119.0,1103.0,1063.0,823.0,708.0,660.0,730.0,677.0,0.1253412192902638,0.1253881060425125,0.108584686774942,0.1285942492012779,0.1303891866697739,0.1470274593441748,0.1118358758548132,0.1285134291068082,0.1208603618982587,0.1305896319746735,0.1063984841859787,0.1241518430221896,0.0313783660429027,0.1805293005671078,0.0561315165876776,0.0159716060337178,0.0982721382289417,0.1104787412119183,0.1246873883529831,-0.05168986083499,0.0299369747899158,0.0130146082337316,-0.014938029065217,-0.0013975387699055,0.0240000676373943,0.0766938475474334,0.1446132083383262,0.1233425840271353,Information Technology,45.0,1.0,68,9.109414453386222,8792.0,8764.0,11.216700337654427,10.666020860581082,11.196994798246125,10.64354217367223
ORCL,2012Q2,2012,Q2,0,1,0,0,10916.0,8910.0,2006.0,4315.0,2378.0,5351.0,4595.0,4383.0,3452.0,1226.0,4678.0,78327.0,43688.0,74361.0,42873.0,0.1123122022718944,0.2178453646024184,0.8162330524001465,0.4209417368999633,0.3162330524001466,1145.0,1102.0,1050.0,1170.0,1127.0,1119.0,1103.0,1063.0,823.0,708.0,660.0,730.0,0.1266733045690895,0.1253412192902638,0.1253881060425125,0.108584686774942,0.1285942492012779,0.1303891866697739,0.1470274593441748,0.1118358758548132,0.1285134291068082,0.1208603618982587,0.1305896319746735,0.1063984841859787,0.0130858468677494,0.0757245247740729,0.0353241924238902,0.0478632478632479,0.0598138245197068,0.0541408579949529,0.0510791366906475,-0.0751498386353157,0.0106247343816403,0.0160113020955969,0.0343281875894554,-0.0024293227407314,0.0219510968639993,0.0405247109651536,0.061829585419626,0.0682804293217629,Information Technology,45.0,2.0,69,9.29807648628027,9039.0,10775.0,11.268660417033907,10.68485163315069,11.216700337654427,10.666020860581082
ORCL,2012Q3,2012,Q3,0,0,1,0,8181.0,6406.0,1775.0,3527.0,1820.0,3636.0,2879.0,2702.0,2034.0,1201.0,3235.0,76558.0,43329.0,78327.0,43688.0,0.1468035692458134,0.2224666911135558,0.7830338589414497,0.3519129690746852,0.2486248624862486,1226.0,1145.0,1102.0,1050.0,1170.0,1127.0,1119.0,1103.0,1063.0,823.0,708.0,660.0,0.1123122022718944,0.1266733045690895,0.1253412192902638,0.1253881060425125,0.108584686774942,0.1285942492012779,0.1303891866697739,0.1470274593441748,0.1118358758548132,0.1285134291068082,0.1208603618982587,0.1305896319746735,-0.0230475280630523,0.1054347826086956,0.003131850923896,0.1438095238095238,0.0782918149466191,0.0730525531121879,0.093484419263456,-0.1071428571428571,-0.0623390005151983,-0.047529030515798,0.1707934179661352,-0.0402184073235877,0.0267969832094738,0.0983672020243808,0.1315133687281773,0.1193771626297577,Information Technology,45.0,3.0,70,9.009691898489343,10916.0,8374.0,11.245816964390539,10.676600514733956,11.268660417033907,10.68485163315069
ORCL,2012Q4,2012,Q4,0,0,0,1,9094.0,7300.0,1794.0,3829.0,2036.0,3886.0,3481.0,3280.0,2581.0,1199.0,3780.0,79657.0,42983.0,76558.0,43329.0,0.1318451726413019,0.2238838794809764,0.8027270727952496,0.3827798548493512,0.283813503408841,1201.0,1226.0,1145.0,1102.0,1050.0,1170.0,1127.0,1119.0,1103.0,1063.0,823.0,708.0,0.1468035692458134,0.1123122022718944,0.1266733045690895,0.1253412192902638,0.1253881060425125,0.108584686774942,0.1285942492012779,0.1303891866697739,0.1470274593441748,0.1118358758548132,0.1285134291068082,0.1208603618982587,0.0343494085532301,0.177463503649635,0.0678759508484494,0.0880217785843919,0.0085647547365688,0.1189328190292511,0.1081081081081081,-0.0828220858895705,0.0314083080040525,0.0279194630872483,0.0518899799113674,-0.0028434303967856,0.0324131691070559,0.0817745046080027,0.1383614607529788,0.1475409836065573,Information Technology,45.0,4.0,71,9.115480090952223,8181.0,8792.0,11.285497749716967,10.668583232408658,11.245816964390539,10.676600514733956
ORCL,2013Q1,2013,Q1,1,0,0,0,8958.0,7242.0,1716.0,3908.0,2062.0,4020.0,3408.0,3090.0,2504.0,1186.0,3690.0,79450.0,43348.0,79657.0,42983.0,0.1323956240232194,0.2301853092208082,0.8084393837910248,0.3804420629604823,0.2795266800625139,1199.0,1201.0,1226.0,1145.0,1102.0,1050.0,1170.0,1127.0,1119.0,1103.0,1063.0,823.0,0.1318451726413019,0.1468035692458134,0.1123122022718944,0.1266733045690895,0.1253412192902638,0.1253881060425125,0.108584686774942,0.1285942492012779,0.1303891866697739,0.1470274593441748,0.1118358758548132,0.1285134291068082,-0.0089611682708263,0.0024019215372297,0.0155658392932267,0.0358078602620086,-0.0117994100294985,0.0274344287006331,-0.0184243964421855,-0.10062893081761,0.0515043345232024,0.0246460409019402,0.0451738389046993,0.0610122437770961,0.02474878559628,0.0367246931262585,0.0114658371037084,0.012901454844908,Information Technology,45.0,1.0,72,9.100413892597578,9094.0,9039.0,11.282895758418062,10.677038913891867,11.285497749716967,10.668583232408658
ORCL,2013Q2,2013,Q2,0,1,0,0,10947.0,9119.0,1828.0,4119.0,2482.0,5777.0,4777.0,4826.0,3806.0,1264.0,5070.0,81812.0,44648.0,79450.0,43348.0,0.1154654243171645,0.226728784141774,0.8330136110349867,0.4363752626290307,0.3476751621448798,1186.0,1199.0,1201.0,1226.0,1145.0,1102.0,1050.0,1170.0,1127.0,1119.0,1103.0,1063.0,0.1323956240232194,0.1318451726413019,0.1468035692458134,0.1123122022718944,0.1266733045690895,0.1253412192902638,0.1253881060425125,0.108584686774942,0.1285942492012779,0.1303891866697739,0.1470274593441748,0.1118358758548132,0.002839868083547,0.1025492468134414,0.0234567901234568,0.030995106035889,0.0796112876097925,0.0396082698585418,0.1010723248916267,-0.0887337986041874,0.0437342304457526,-0.045422943221321,0.0280755072154712,0.0407785566407086,0.0205585385025719,0.0366642800562568,0.0994270191116768,0.0837964942283027,Information Technology,45.0,2.0,73,9.30091207016057,8958.0,10916.0,11.312191434169105,10.706587189637268,11.282895758418062,10.677038913891867
ORCL,2013Q3,2013,Q3,0,0,1,0,8372.0,6651.0,1721.0,3778.0,1880.0,3625.0,2939.0,2663.0,2191.0,1237.0,3428.0,86406.0,43541.0,81812.0,44648.0,0.1477544194935499,0.2245580506450071,0.7944338270425227,0.3510511227902532,0.2617056856187291,1264.0,1186.0,1199.0,1201.0,1226.0,1145.0,1102.0,1050.0,1170.0,1127.0,1119.0,1103.0,0.1154654243171645,0.1323956240232194,0.1318451726413019,0.1468035692458134,0.1123122022718944,0.1266733045690895,0.1253412192902638,0.1253881060425125,0.108584686774942,0.1285942492012779,0.1303891866697739,0.1470274593441748,0.0233467791223567,0.0771878072763028,0.0382453949422416,0.0299750208159865,-0.003025302530253,0.0208405696422369,-0.0144337527757216,-0.0304225352112675,0.032967032967033,0.0711652962857953,0.0064770240439067,0.0094007760037382,0.0145587166773146,-0.0024490324602076,0.0526126912717908,0.059659969088099,Information Technology,45.0,3.0,74,9.032767522204432,10947.0,8181.0,11.366823970028843,10.681481268506191,11.312191434169105,10.706587189637268
ORCL,2013Q4,2013,Q4,0,0,0,1,9275.0,7468.0,1807.0,4058.0,2139.0,3915.0,3410.0,3203.0,2553.0,1273.0,3826.0,85238.0,43563.0,86406.0,43541.0,0.1372506738544474,0.2306199460916442,0.8051752021563342,0.367654986522911,0.2752560646900269,1237.0,1264.0,1186.0,1199.0,1201.0,1226.0,1145.0,1102.0,1050.0,1170.0,1127.0,1119.0,0.1477544194935499,0.1154654243171645,0.1323956240232194,0.1318451726413019,0.1468035692458134,0.1123122022718944,0.1266733045690895,0.1253412192902638,0.1253881060425125,0.108584686774942,0.1285942492012779,0.1303891866697739,0.0199032329008137,-0.0108485083301046,0.023013698630137,0.061718098415346,0.007462686567164,-0.0203964378052283,-0.0234756097560975,0.0072463768115942,0.050589390962672,0.0598067380517106,0.0409988557400708,0.0300873230635621,0.0030497655355758,-0.0395132296928029,-0.0301516263885682,0.0121693121693122,Information Technology,45.0,4.0,75,9.135185698375423,8372.0,9094.0,11.35321435456232,10.681986400195576,11.366823970028843,10.681481268506191
ORCL,2014Q1,2014,Q1,1,0,0,0,9307.0,7532.0,1775.0,3965.0,2080.0,4187.0,3567.0,3249.0,2565.0,1292.0,3857.0,86562.0,44707.0,85238.0,43563.0,0.1388202428279789,0.2234876974320404,0.8092833351241001,0.3832599118942731,0.2755990114967229,1273.0,1237.0,1264.0,1186.0,1199.0,1201.0,1226.0,1145.0,1102.0,1050.0,1170.0,1127.0,0.1372506738544474,0.1477544194935499,0.1154654243171645,0.1323956240232194,0.1318451726413019,0.1468035692458134,0.1123122022718944,0.1266733045690895,0.1253412192902638,0.1253881060425125,0.108584686774942,0.1285942492012779,0.0389595891940164,0.0243610223642172,0.0400441866887599,0.0893760539629004,0.0415422885572138,0.0466549295774647,0.0514563106796117,0.0343822843822843,0.0087293889427739,0.0145854657113613,0.0485259150531496,-0.0290966083432503,0.0010439265453865,0.0074067754544888,-0.0140511401806535,0.0452574525745257,Information Technology,45.0,1.0,76,9.138629524422182,9275.0,8958.0,11.368627751520398,10.707907735505502,11.35321435456232,10.681986400195576
ORCL,2014Q2,2014,Q2,0,1,0,0,11320.0,9113.0,2207.0,4204.0,2231.0,5552.0,4909.0,4588.0,3646.0,1348.0,4994.0,90344.0,46878.0,86562.0,44707.0,0.1190812720848056,0.1970848056537102,0.805035335689046,0.4336572438162544,0.3220848056537102,1292.0,1273.0,1237.0,1264.0,1186.0,1199.0,1201.0,1226.0,1145.0,1102.0,1050.0,1170.0,0.1388202428279789,0.1372506738544474,0.1477544194935499,0.1154654243171645,0.1323956240232194,0.1318451726413019,0.1468035692458134,0.1123122022718944,0.1266733045690895,0.1253412192902638,0.1253881060425125,0.108584686774942,0.0340732620809354,-0.0420388859695217,-0.0006579668823335,0.0664556962025315,-0.0389475506318158,0.0276324052752774,-0.0493162038955656,0.2073304157549234,-0.1011281224818694,0.0206360767176498,0.0313154157534554,-0.1307464272799491,-0.0335868165601506,-0.0062286271600298,-0.0736042124300667,-0.0149901380670611,Information Technology,45.0,2.0,77,9.334414687078109,9307.0,10947.0,11.411390954145931,10.755325092965364,11.368627751520398,10.707907735505502
ORCL,2014Q3,2014,Q3,0,0,1,0,8596.0,6915.0,1681.0,3952.0,1982.0,3488.0,2963.0,2718.0,2184.0,1329.0,3513.0,99726.0,47354.0,90344.0,46878.0,0.1546067938576082,0.2305723592368543,0.8044439274080968,0.3446952070730572,0.254071661237785,1348.0,1292.0,1273.0,1237.0,1264.0,1186.0,1199.0,1201.0,1226.0,1145.0,1102.0,1050.0,0.1190812720848056,0.1388202428279789,0.1372506738544474,0.1477544194935499,0.1154654243171645,0.1323956240232194,0.1318451726413019,0.1468035692458134,0.1123122022718944,0.1266733045690895,0.1253412192902638,0.1253881060425125,0.0267558528428093,-0.0031948881789137,0.0396932792061344,0.074373484236055,-0.0377931034482759,0.0081660428717251,0.0206533984228314,-0.0232423009877977,0.0542553191489361,0.046056114346215,0.04637678106378,0.0267828678356087,0.0126002947317074,-0.0181053849555512,-0.029170265685652,0.0247957992998832,Information Technology,45.0,3.0,78,9.059168584174444,11320.0,8372.0,11.510191731724172,10.765427689660202,11.411390954145931,10.755325092965364
ORCL,2014Q4,2014,Q4,0,0,0,1,9598.0,7699.0,1899.0,4157.0,2169.0,4284.0,3542.0,3269.0,2502.0,1389.0,3891.0,98305.0,47543.0,99726.0,47354.0,0.1447176495103146,0.2259845801208585,0.802146280475099,0.3690352156699312,0.2606793081892061,1329.0,1348.0,1292.0,1273.0,1237.0,1264.0,1186.0,1199.0,1201.0,1226.0,1145.0,1102.0,0.1546067938576082,0.1190812720848056,0.1388202428279789,0.1372506738544474,0.1477544194935499,0.1154654243171645,0.1323956240232194,0.1318451726413019,0.1468035692458134,0.1123122022718944,0.1266733045690895,0.1253412192902638,0.0348247978436657,-0.0199764982373678,0.0309319764327797,0.0911233307148469,0.0942528735632184,0.0387096774193549,0.0206056821729627,0.0509131156613171,0.0140252454417952,0.0243962543124691,0.0544039271077521,-0.0200995883024952,-0.0037618168978919,0.0037541423280387,-0.0529570765942473,0.0169890224777835,Information Technology,45.0,4.0,79,9.169414205363537,8596.0,9275.0,11.495840341912414,10.769410877046496,11.510191731724172,10.765427689660202
ORCL,2015Q1,2015,Q1,1,0,0,0,9327.0,7427.0,1900.0,4044.0,2091.0,3870.0,3383.0,3150.0,2495.0,1370.0,3865.0,98816.0,48095.0,98305.0,47543.0,0.1468853865122762,0.2241878417497587,0.7962903398734856,0.3627104106357885,0.2675029484292913,1389.0,1329.0,1348.0,1292.0,1273.0,1237.0,1264.0,1186.0,1199.0,1201.0,1226.0,1145.0,0.1447176495103146,0.1546067938576082,0.1190812720848056,0.1388202428279789,0.1372506738544474,0.1477544194935499,0.1154654243171645,0.1323956240232194,0.1318451726413019,0.1468035692458134,0.1123122022718944,0.1266733045690895,0.0021489201676156,-0.0272904483430799,-0.0139405204460966,0.0603715170278638,-0.0757105326009075,-0.0515839641155032,-0.0304709141274238,0.0704225352112675,0.0052884615384616,0.0199243379571247,0.0580977494347945,0.0031328092139446,-0.0160549398297223,-0.0536176642031722,-0.0293762413132888,0.0020741508944774,Information Technology,45.0,1.0,80,9.140775908590273,9598.0,9307.0,11.501024933711841,10.780954292552702,11.495840341912414,10.769410877046496
ORCL,2015Q2,2015,Q2,0,1,0,0,10706.0,8653.0,2053.0,4671.0,2490.0,4675.0,3982.0,3697.0,2758.0,1436.0,4194.0,110903.0,48663.0,98816.0,48095.0,0.1341303941714926,0.2325798617597609,0.808238371006912,0.3719409676816738,0.257612553708201,1370.0,1389.0,1329.0,1348.0,1292.0,1273.0,1237.0,1264.0,1186.0,1199.0,1201.0,1226.0,0.1468853865122762,0.1447176495103146,0.1546067938576082,0.1190812720848056,0.1388202428279789,0.1372506738544474,0.1477544194935499,0.1154654243171645,0.1323956240232194,0.1318451726413019,0.1468035692458134,0.1123122022718944,-0.0542402826855124,-0.2435545803620405,-0.0504773400636453,0.0652818991097923,-0.1579610951008645,-0.1888368303116724,-0.1942022667829119,-0.069777979157227,0.116091438816674,0.1110846812559467,0.1263769006092703,0.1801004191485851,0.0039787512123607,-0.1423157966680489,-0.2001716653930785,-0.1601922306768122,Information Technology,45.0,2.0,81,9.27865301215827,9327.0,11320.0,11.616420241218211,10.792694816000541,11.501024933711841,10.780954292552702
ORCL,2015Q3,2015,Q3,0,0,1,0,8448.0,6598.0,1850.0,3944.0,1988.0,3229.0,2654.0,2310.0,1747.0,1390.0,3137.0,109706.0,47097.0,110903.0,48663.0,0.1645359848484848,0.2353219696969697,0.7810132575757576,0.3141571969696969,0.2067945075757575,1436.0,1370.0,1389.0,1329.0,1348.0,1292.0,1273.0,1237.0,1264.0,1186.0,1199.0,1201.0,0.1341303941714926,0.1468853865122762,0.1447176495103146,0.1546067938576082,0.1190812720848056,0.1388202428279789,0.1372506738544474,0.1477544194935499,0.1154654243171645,0.1323956240232194,0.1318451726413019,0.1468035692458134,-0.0172173103769195,-0.200091575091575,-0.0458423716558207,0.0458991723100075,-0.0742545871559633,-0.1042861964225446,-0.1501103752759381,0.1005353955978585,0.0030272452068618,-0.0020242914979756,0.0642222165218779,0.0205992187261108,-0.029126541992594,-0.0885942405833564,-0.1860780278749029,-0.1070310276117278,Information Technology,45.0,3.0,82,9.041803370152845,10706.0,8596.0,11.605568454619503,10.759985816257926,11.616420241218211,10.792694816000541
ORCL,2015Q4,2015,Q4,0,0,0,1,8993.0,7140.0,1853.0,4185.0,2230.0,3486.0,2955.0,2668.0,2197.0,1444.0,3641.0,106483.0,45924.0,109706.0,47097.0,0.1605693317024352,0.2479706438340931,0.7939508506616257,0.3285889024797064,0.2443011230957411,1390.0,1436.0,1370.0,1389.0,1329.0,1348.0,1292.0,1273.0,1237.0,1264.0,1186.0,1199.0,0.1645359848484848,0.1341303941714926,0.1468853865122762,0.1447176495103146,0.1546067938576082,0.1190812720848056,0.1388202428279789,0.1372506738544474,0.1477544194935499,0.1154654243171645,0.1323956240232194,0.1318451726413019,-0.0630339654094602,-0.1219024780175859,-0.0726068320561111,0.0395968322534197,-0.1862745098039215,-0.165725578769057,-0.1838482716427042,-0.0242232754081095,0.028123559243891,0.0067356266538369,0.1095352380705352,0.0972901058181772,-0.0102168769125491,-0.109600145115691,-0.0628288651187357,-0.0642508352608584,Information Technology,45.0,4.0,83,9.104312967330653,8448.0,9598.0,11.575750018103463,10.734764910083326,11.605568454619503,10.759985816257926
ORCL,2016Q1,2016,Q1,1,0,0,0,9012.0,7173.0,1839.0,4146.0,2193.0,3588.0,3027.0,2732.0,2142.0,1419.0,3561.0,104894.0,45870.0,106483.0,45924.0,0.15745672436751,0.2433422103861518,0.7959387483355526,0.3358854860186418,0.2376830892143808,1444.0,1390.0,1436.0,1370.0,1389.0,1329.0,1348.0,1292.0,1273.0,1237.0,1264.0,1186.0,0.1605693317024352,0.1645359848484848,0.1341303941714926,0.1468853865122762,0.1447176495103146,0.1546067938576082,0.1190812720848056,0.1388202428279789,0.1372506738544474,0.1477544194935499,0.1154654243171645,0.1323956240232194,-0.0337729173367642,-0.1414829659318637,-0.0341995422108523,0.0357664233576642,-0.0728682170542636,-0.10523204256577,-0.1326984126984126,-0.0321052631578947,0.048780487804878,0.0252225519287834,0.0719699767706316,0.0854389269591764,-0.0004415368620306,-0.0739568642932686,-0.1114748805200279,-0.0786545924967658,Information Technology,45.0,1.0,84,9.10642325855641,8993.0,9327.0,11.560715128806077,10.73358838809481,11.575750018103463,10.734764910083326
ORCL,2016Q2,2016,Q2,0,1,0,0,10594.0,8658.0,1936.0,4690.0,2629.0,5310.0,3968.0,3732.0,2814.0,1534.0,4348.0,112180.0,47289.0,104894.0,45870.0,0.14479894279781,0.2481593354729092,0.8172550500283179,0.3745516329998112,0.265622050217104,1419.0,1444.0,1390.0,1436.0,1370.0,1389.0,1329.0,1348.0,1292.0,1273.0,1237.0,1264.0,0.15745672436751,0.1605693317024352,0.1645359848484848,0.1341303941714926,0.1468853865122762,0.1447176495103146,0.1546067938576082,0.1190812720848056,0.1388202428279789,0.1372506738544474,0.1477544194935499,0.1154654243171645,-0.0104614235008406,0.0203045685279188,0.0005778342771294,0.0682451253481895,0.1358288770053475,-0.0035158211953791,0.0094671355152826,-0.0569897710667316,0.0558232931726907,0.0040676514664954,0.0795386362070715,0.0669854801497853,0.0111559650529493,0.0070190313651377,0.0310912507702376,0.0367191225560323,Information Technology,45.0,2.0,85,9.2681374707024,9012.0,10706.0,11.62786891726756,10.764054135637922,11.560715128806077,10.73358838809481
ORCL,2016Q3,2016,Q3,0,0,1,0,8595.0,6819.0,1776.0,4178.0,2234.0,3322.0,2641.0,2373.0,1832.0,1520.0,3352.0,123223.0,47435.0,112180.0,47289.0,0.1768470040721349,0.2599185573007562,0.7933682373472949,0.3072716695753344,0.2131471785922047,1534.0,1419.0,1444.0,1390.0,1436.0,1370.0,1389.0,1329.0,1348.0,1292.0,1273.0,1237.0,0.14479894279781,0.15745672436751,0.1605693317024352,0.1645359848484848,0.1341303941714926,0.1468853865122762,0.1447176495103146,0.1546067938576082,0.1190812720848056,0.1388202428279789,0.1372506738544474,0.1477544194935499,0.0174005681818181,0.048654836863194,0.0334949984843893,0.0935251798561151,0.028801486528337,-0.0048982667671438,0.0272727272727273,-0.04,0.1237424547283703,0.0593306288032453,0.074822654965033,0.104523124787117,0.0158191677947783,-0.021917458714233,0.0307197279604727,0.0685368186165125,Information Technology,45.0,3.0,86,9.059052257762401,10594.0,8448.0,11.721759116304293,10.767136713084685,11.62786891726756,10.764054135637922
ORCL,2016Q4,2016,Q4,0,0,0,1,9035.0,7238.0,1797.0,4201.0,2263.0,3477.0,3037.0,2685.0,2032.0,1510.0,3542.0,123600.0,48462.0,123223.0,47435.0,0.1671278361925844,0.2504703929164361,0.8011068068622026,0.3361372440509131,0.2249031543995572,1520.0,1534.0,1419.0,1444.0,1390.0,1436.0,1370.0,1389.0,1329.0,1348.0,1292.0,1273.0,0.1768470040721349,0.14479894279781,0.15745672436751,0.1605693317024352,0.1645359848484848,0.1341303941714926,0.1468853865122762,0.1447176495103146,0.1546067938576082,0.1190812720848056,0.1388202428279789,0.1372506738544474,0.004670299121539,-0.0751024123805188,0.0137254901960783,0.0457063711911356,-0.0025817555938038,0.0277495769881557,0.0063718140929536,-0.0302212628170533,0.0147982062780269,0.0038231780167263,0.040845312243706,0.0100808266804977,0.0090130972145361,0.0229719917935233,-0.0794018809671285,-0.0271903323262839,Information Technology,45.0,4.0,87,9.108971877587894,8595.0,8993.0,11.724813914587886,10.788555899181572,11.721759116304293,10.767136713084685
ORCL,2017Q1,2017,Q1,1,0,0,0,9205.0,7313.0,1892.0,4362.0,2245.0,3521.0,2959.0,2698.0,2239.0,1521.0,3760.0,125382.0,50615.0,123600.0,48462.0,0.1652362846279196,0.2438891906572514,0.7944595328625746,0.3214557305812058,0.2432373709940249,1510.0,1520.0,1534.0,1419.0,1444.0,1390.0,1436.0,1370.0,1389.0,1329.0,1348.0,1292.0,0.1671278361925844,0.1768470040721349,0.14479894279781,0.15745672436751,0.1605693317024352,0.1645359848484848,0.1341303941714926,0.1468853865122762,0.1447176495103146,0.1546067938576082,0.1190812720848056,0.1388202428279789,0.0214158899245451,0.0452847805788982,0.0195176355778614,0.0718816067653276,-0.0186733556298773,-0.0224644862900561,-0.0124450951683747,0.0288200108754757,0.0237118103055176,0.0520984081041968,0.0494076089265762,0.0022477821263795,-0.0018584539024782,-0.0429603422537736,0.023368434826402,0.0558831788823364,Information Technology,45.0,1.0,88,9.127610724377186,9035.0,9012.0,11.739128331802833,10.83202301082672,11.724813914587886,10.788555899181572
ORCL,2017Q2,2017,Q2,0,1,0,0,10892.0,8889.0,2003.0,4816.0,2631.0,4982.0,4074.0,3761.0,3231.0,1608.0,4839.0,134991.0,53860.0,125382.0,50615.0,0.1476312890194638,0.2415534337128167,0.8161035622475211,0.3740359897172236,0.296639735585751,1521.0,1510.0,1520.0,1534.0,1419.0,1444.0,1390.0,1436.0,1370.0,1389.0,1329.0,1348.0,0.1652362846279196,0.1671278361925844,0.1768470040721349,0.14479894279781,0.15745672436751,0.1605693317024352,0.1645359848484848,0.1341303941714926,0.1468853865122762,0.1447176495103146,0.1546067938576082,0.1190812720848056,0.0281291296960544,0.14818763326226,0.0266805266805267,0.0482398956975227,-0.0617702448210922,0.0267137096774192,0.007770632368703,0.0346074380165288,0.0007607455306199,0.0268656716417909,0.0195605448971314,-0.0266195980397183,-0.0014089699179673,-0.0013766947922713,0.1167737593445084,0.1129254829806807,Information Technology,45.0,2.0,89,9.295875660082446,9205.0,10594.0,11.812970796405407,10.89416193284752,11.739128331802833,10.83202301082672
ORCL,2017Q3,2017,Q3,0,0,1,0,9187.0,7259.0,1928.0,4427.0,2308.0,3665.0,2749.0,2500.0,2144.0,1572.0,3716.0,133597.0,55959.0,134991.0,53860.0,0.1711113529988026,0.2512245564384456,0.7901382388157179,0.2992271688255143,0.2333732448024382,1608.0,1521.0,1510.0,1520.0,1534.0,1419.0,1444.0,1390.0,1436.0,1370.0,1389.0,1329.0,0.1476312890194638,0.1652362846279196,0.1671278361925844,0.1768470040721349,0.14479894279781,0.15745672436751,0.1605693317024352,0.1645359848484848,0.1341303941714926,0.1468853865122762,0.1447176495103146,0.1546067938576082,0.0688772542175684,0.1703056768558952,0.0645255902625019,0.0342105263157894,0.1032510535821793,0.0408936009087466,0.0535187526337967,0.0855855855855856,0.0331244404655326,0.0595978937290568,-0.0324328427469021,-0.0334489424402684,-0.004071247599194,-0.0261804180025385,0.0948924885791246,0.1085918854415275,Information Technology,45.0,3.0,90,9.125653563808989,10892.0,8595.0,11.80259056991275,10.932392428779417,11.812970796405407,10.89416193284752
ORCL,2017Q4,2017,Q4,0,0,0,1,9621.0,7661.0,1960.0,4609.0,2408.0,3989.0,3039.0,2826.0,2214.0,1473.0,3687.0,138762.0,55868.0,133597.0,55959.0,0.1531025880885562,0.250285833073485,0.7962789730797214,0.3158715310258809,0.2301216089803554,1572.0,1608.0,1521.0,1510.0,1520.0,1534.0,1419.0,1444.0,1390.0,1436.0,1370.0,1389.0,0.1711113529988026,0.1476312890194638,0.1652362846279196,0.1671278361925844,0.1768470040721349,0.14479894279781,0.15745672436751,0.1605693317024352,0.1645359848484848,0.1341303941714926,0.1468853865122762,0.1447176495103146,0.064858882125069,0.0895669291338583,0.0584415584415585,-0.024503311258278,0.1472533793500143,0.0006585446163978,0.0525139664804468,0.0907067334446298,0.0640742377375165,0.0971197333968103,-0.0839192825297311,-0.0007368529302087,-0.0060264545765014,-0.0602899957791129,0.0232031186700352,0.040937323546019,Information Technology,45.0,4.0,91,9.171807422259398,9187.0,9035.0,11.840522720913395,10.930764943599616,11.80259056991275,10.932392428779417
ORCL,2018Q1,2018,Q1,1,0,0,0,9771.0,7775.0,1996.0,4365.0,2381.0,3532.0,3315.0,3191.0,-4047.0,1496.0,-2551.0,138201.0,47789.0,138762.0,55868.0,0.1531061303858356,0.2436802783747825,0.7957220345921605,0.3392692661958857,-0.4141848326680994,1473.0,1572.0,1608.0,1521.0,1510.0,1520.0,1534.0,1419.0,1444.0,1390.0,1436.0,1370.0,0.1531025880885562,0.1711113529988026,0.1476312890194638,0.1652362846279196,0.1671278361925844,0.1768470040721349,0.14479894279781,0.15745672436751,0.1605693317024352,0.1645359848484848,0.1341303941714926,0.1468853865122762,0.0614883215643671,-2.807503349709692,0.0631751675099139,-0.0164365548980933,0.0031241124680487,0.1203109158499493,0.1827279466271312,0.054968287526427,0.0605790645879733,0.0006877579092159,-0.0734109597622504,-0.0008565868864707,0.0015891328347925,0.0554152062633079,-2.702800975752504,-1.6784574468085105,Information Technology,45.0,1.0,92,9.187276432377631,9621.0,9205.0,11.83647166199102,10.774571691572204,11.840522720913395,10.930764943599616
ORCL,2018Q2,2018,Q2,0,1,0,0,11251.0,9078.0,2173.0,4693.0,2632.0,5390.0,4380.0,4140.0,3276.0,1544.0,4820.0,137264.0,46224.0,138201.0,47789.0,0.1372322460225757,0.2339347613545462,0.8068616123011287,0.3892987290018665,0.2911741178561906,1496.0,1473.0,1572.0,1608.0,1521.0,1510.0,1520.0,1534.0,1419.0,1444.0,1390.0,1436.0,0.1531061303858356,0.1531025880885562,0.1711113529988026,0.1476312890194638,0.1652362846279196,0.1671278361925844,0.1768470040721349,0.14479894279781,0.15745672436751,0.1605693317024352,0.1645359848484848,0.1341303941714926,0.0329599706206389,0.0139275766016713,0.0212622342220722,-0.0398009950248756,0.0818948213568848,0.0751104565537554,0.100771071523531,0.0848726909635546,0.000380083618396,-0.0255398671096345,-0.0704392887575277,-0.0315403190141702,-0.0113244818107892,0.0408055366441655,-0.0184251031601275,-0.0039264310808018,Information Technology,45.0,2.0,93,9.328301169609748,9771.0,10892.0,11.829668643017587,10.741276056255325,11.83647166199102,10.774571691572204
ORCL,2018Q3,2018,Q3,0,0,1,0,9193.0,7240.0,1953.0,4462.0,2360.0,3789.0,2778.0,2540.0,2265.0,1564.0,3829.0,128358.0,38067.0,137264.0,46224.0,0.1701294463178505,0.256717067333841,0.7875557489394104,0.3021864462090721,0.2463831175894702,1544.0,1496.0,1473.0,1572.0,1608.0,1521.0,1510.0,1520.0,1534.0,1419.0,1444.0,1390.0,0.1372322460225757,0.1531061303858356,0.1531025880885562,0.1711113529988026,0.1476312890194638,0.1652362846279196,0.1671278361925844,0.1768470040721349,0.14479894279781,0.15745672436751,0.1605693317024352,0.1645359848484848,0.0006530967671709,0.0564365671641791,-0.0026174404187904,-0.005089058524173,0.0338335607094133,0.0105492906511459,0.016,0.012966804979253,0.0225303292894281,0.0079060311723515,-0.0057384075559204,0.0218629538977455,-0.0032684026027878,0.0098897349300639,0.055747062170925,0.0304090419806242,Information Technology,45.0,3.0,94,9.126306376366173,11251.0,9187.0,11.762586304604477,10.547129313192235,11.829668643017587,10.741276056255325
ORCL,2018Q4,2018,Q4,0,0,0,1,9562.0,7561.0,2001.0,4460.0,2400.0,3997.0,3101.0,2774.0,2333.0,1475.0,3808.0,118318.0,30572.0,128358.0,38067.0,0.1542564317088475,0.2509935160008366,0.7907341560343024,0.3243045387994143,0.2439866136791466,1564.0,1544.0,1496.0,1473.0,1572.0,1608.0,1521.0,1510.0,1520.0,1534.0,1419.0,1444.0,0.1701294463178505,0.1372322460225757,0.1531061303858356,0.1531025880885562,0.1711113529988026,0.1476312890194638,0.1652362846279196,0.1671278361925844,0.1768470040721349,0.14479894279781,0.15745672436751,0.1605693317024352,-0.0061324186674981,0.0537488708220414,-0.0130531262237305,0.001357773251867,0.0020055151667084,0.0204014478446856,-0.0184005661712668,0.0209183673469388,-0.0033222591362126,-0.0323280538077673,0.0075364083304967,0.0028274989385588,-0.0069634101023333,0.0266975872948882,0.0602507724512508,0.0328180092215892,Information Technology,45.0,4.0,95,9.165656764349542,9193.0,9621.0,11.681139645692442,10.327872545496803,11.762586304604477,10.547129313192235
ORCL,2019Q1,2019,Q1,1,0,0,0,9614.0,7638.0,1976.0,4239.0,2367.0,4338.0,3399.0,3088.0,2745.0,1426.0,4171.0,109438.0,23714.0,118318.0,30572.0,0.1483253588516746,0.2462034532972748,0.7944664031620553,0.3535469107551487,0.2855211150405658,1475.0,1564.0,1544.0,1496.0,1473.0,1572.0,1608.0,1521.0,1510.0,1520.0,1534.0,1419.0,0.1542564317088475,0.1701294463178505,0.1372322460225757,0.1531061303858356,0.1531025880885562,0.1711113529988026,0.1476312890194638,0.1652362846279196,0.1671278361925844,0.1768470040721349,0.14479894279781,0.15745672436751,-0.0160679561969092,-1.6782802075611565,-0.017620578778135,-0.0467914438502673,0.2281993204983012,0.025339366515837,-0.0322782826700094,-0.0100200400801603,-0.0058798824023519,-0.0288659793814433,-0.0312252130082133,0.0103544486214499,-0.0015779774538338,0.0420835188502439,-1.6893567618140275,-2.635045080360643,Information Technology,45.0,1.0,96,9.17107965802288,9562.0,9771.0,11.603122595387731,10.073863038311682,11.681139645692442,10.327872545496803
ORCL,2019Q2,2019,Q2,0,1,0,0,11136.0,9073.0,2063.0,4817.0,2648.0,5145.0,4257.0,3866.0,3740.0,1562.0,5302.0,108709.0,21785.0,109438.0,23714.0,0.1402658045977011,0.2377873563218391,0.8147449712643678,0.3822737068965517,0.3358477011494253,1426.0,1475.0,1564.0,1544.0,1496.0,1473.0,1572.0,1608.0,1521.0,1510.0,1520.0,1534.0,0.1483253588516746,0.1542564317088475,0.1701294463178505,0.1372322460225757,0.1531061303858356,0.1531025880885562,0.1711113529988026,0.1476312890194638,0.1652362846279196,0.1671278361925844,0.1768470040721349,0.14479894279781,-0.0102213136610078,0.1416361416361415,-0.000550782110597,0.0116580310880829,-0.0454545454545454,-0.0280821917808219,-0.0661835748792271,-0.0506212609295904,0.006079027355623,0.0264223311314724,0.0221052898502174,0.0164686724836669,0.0097703978514434,-0.0180453250472367,0.1534256671648912,0.1,Information Technology,45.0,2.0,97,9.3180281773931,9614.0,11251.0,11.596439065198046,9.989022840642392,11.603122595387731,10.073863038311682
ORCL,2019Q3,2019,Q3,0,0,1,0,9218.0,7261.0,1957.0,4384.0,2310.0,3726.0,2877.0,2482.0,2137.0,1557.0,3694.0,106229.0,18433.0,108709.0,21785.0,0.1689086569754827,0.2505966587112171,0.7876979822087221,0.3121067476676069,0.2318290301583857,1562.0,1426.0,1475.0,1564.0,1544.0,1496.0,1473.0,1572.0,1608.0,1521.0,1510.0,1520.0,0.1402658045977011,0.1483253588516746,0.1542564317088475,0.1701294463178505,0.1372322460225757,0.1531061303858356,0.1531025880885562,0.1711113529988026,0.1476312890194638,0.1652362846279196,0.1671278361925844,0.1768470040721349,0.002719460459045,-0.0565121412803532,0.0029005524861878,-0.0044757033248081,-0.0166270783847981,0.0356371490280778,-0.0228346456692913,0.002048131080389,-0.0211864406779661,-0.0174809502465261,-0.0071756498877155,-0.023841066299907,0.0001806008901632,0.0328284129979516,-0.0590709605977747,-0.0352572473230609,Information Technology,45.0,3.0,98,9.129021850798594,11136.0,9193.0,11.57336183377406,9.82195206455361,11.596439065198046,9.989022840642392
ORCL,2019Q4,2019,Q4,0,0,0,1,9614.0,7566.0,2048.0,4383.0,2391.0,4023.0,3183.0,2810.0,2311.0,1531.0,3842.0,98443.0,15563.0,106229.0,18433.0,0.1592469315581443,0.2486998127730393,0.7869773247347618,0.3310796754732681,0.2403786145204909,1557.0,1562.0,1426.0,1475.0,1564.0,1544.0,1496.0,1473.0,1572.0,1608.0,1521.0,1510.0,0.1689086569754827,0.1402658045977011,0.1483253588516746,0.1542564317088475,0.1701294463178505,0.1372322460225757,0.1531061303858356,0.1531025880885562,0.1711113529988026,0.1476312890194638,0.1652362846279196,0.1671278361925844,0.0054381928466848,-0.0094299185597942,0.000661288189393,0.0379661016949153,0.0065048786589942,0.0264430828764914,0.0129776496034608,0.0234882558720639,-0.00375,-0.0172645739910314,0.0323519725823571,-0.0091384959434157,-0.0047510674363453,0.0208912792245696,-0.0147876930797538,0.0089285714285713,Information Technology,45.0,4.0,99,9.17107965802288,9218.0,9562.0,11.497243137568121,9.652715834104445,11.57336183377406,9.82195206455361
ORCL,2020Q1,2020,Q1,1,0,0,0,9796.0,7832.0,1964.0,4304.0,2337.0,4280.0,3528.0,3076.0,2571.0,1500.0,4071.0,96704.0,14235.0,98443.0,15563.0,0.1531237239689669,0.2385667619436504,0.7995100040832993,0.3601469987750102,0.2624540628828093,1531.0,1557.0,1562.0,1426.0,1475.0,1564.0,1544.0,1496.0,1473.0,1572.0,1608.0,1521.0,0.1592469315581443,0.1689086569754827,0.1402658045977011,0.1483253588516746,0.1542564317088475,0.1701294463178505,0.1372322460225757,0.1531061303858356,0.1531025880885562,0.1711113529988026,0.1476312890194638,0.1652362846279196,0.0189307260245474,-0.0633879781420765,0.0253993191935062,0.0518934081346422,-0.0133702166897187,0.0379523389232128,-0.0038860103626943,-0.0060728744939271,-0.0126742712294043,0.0153338051427223,0.0323502680488414,-0.0310178076357179,0.0063484130998743,0.0186682101273751,-0.0807893039871296,-0.0239750659314312,Information Technology,45.0,1.0,100,9.189831495344642,9614.0,9614.0,11.47942038641283,9.563529246630083,11.497243137568121,9.652715834104445
ORCL,2020Q2,2020,Q2,0,1,0,0,10439.0,8470.0,1969.0,4162.0,2237.0,4997.0,4308.0,3696.0,3116.0,1479.0,4595.0,115438.0,12074.0,96704.0,14235.0,0.1416802375706485,0.2142925567583102,0.8113804004214963,0.4126832072037552,0.2984960245234218,1500.0,1531.0,1557.0,1562.0,1426.0,1475.0,1564.0,1544.0,1496.0,1473.0,1572.0,1608.0,0.1531237239689669,0.1592469315581443,0.1689086569754827,0.1402658045977011,0.1483253588516746,0.1542564317088475,0.1701294463178505,0.1372322460225757,0.1531061303858356,0.1531025880885562,0.1711113529988026,0.1476312890194638,-0.0625897988505747,-0.1668449197860962,-0.0664609280282155,-0.0531370038412292,-0.0287657920310981,0.0119802677942213,-0.0439730988101396,-0.0455647115850702,-0.1552114803625377,-0.1359767490139091,0.0100839472386313,-0.0988059244484357,-0.004129600011707,0.0795490240594356,-0.1112161152158223,-0.1333459072048284,Information Technology,45.0,2.0,101,9.25339986143663,9796.0,11136.0,11.65649753090157,9.398892478520773,11.47942038641283,9.563529246630083
ORCL,2020Q3,2020,Q3,0,0,1,0,9367.0,7487.0,1880.0,4276.0,2149.0,3910.0,3211.0,2595.0,2251.0,1589.0,3840.0,113546.0,9491.0,115438.0,12074.0,0.1696380911711327,0.2294224404825451,0.7992953987402583,0.3427991886409736,0.2403117326785523,1479.0,1500.0,1531.0,1557.0,1562.0,1426.0,1475.0,1564.0,1544.0,1496.0,1473.0,1572.0,0.1416802375706485,0.1531237239689669,0.1592469315581443,0.1689086569754827,0.1402658045977011,0.1483253588516746,0.1542564317088475,0.1701294463178505,0.1372322460225757,0.1531061303858356,0.1531025880885562,0.1711113529988026,0.0161640269038836,0.0533458118858212,0.0311251893678556,0.0205523442517661,0.0493827160493827,0.116093152589503,0.0455278001611603,-0.0393459376596831,-0.0696969696969697,-0.0246350364963503,0.004318512790945,-0.0844952136934629,0.0147231766406419,0.0983395623540128,0.0365903377776768,0.0395235517054683,Information Technology,45.0,3.0,102,9.145054905277552,10439.0,9218.0,11.639972127105429,9.158204617555654,11.65649753090157,9.398892478520773
ORCL,2020Q4,2020,Q4,0,0,0,1,9800.0,7861.0,1939.0,4278.0,2160.0,4303.0,3583.0,2972.0,2442.0,1601.0,4043.0,110014.0,7917.0,113546.0,9491.0,0.1633673469387755,0.2204081632653061,0.8021428571428572,0.3656122448979592,0.2491836734693877,1589.0,1479.0,1500.0,1531.0,1557.0,1562.0,1426.0,1475.0,1564.0,1544.0,1496.0,1473.0,0.1696380911711327,0.1416802375706485,0.1531237239689669,0.1592469315581443,0.1689086569754827,0.1402658045977011,0.1483253588516746,0.1542564317088475,0.1701294463178505,0.1372322460225757,0.1531061303858356,0.1531025880885562,0.0193467859371749,0.0566854175681523,0.0389902194025906,0.0457217504898759,0.0695998011434253,0.1256676091737354,0.0576512455516013,-0.05322265625,-0.096612296110414,-0.0239561943874059,0.0258743784907822,-0.1137582260005632,0.01927060911597,0.1043028974077848,0.0366299596428791,0.0523165018219677,Information Technology,45.0,4.0,103,9.19023970026918,9367.0,9614.0,11.608371999114242,8.976893927666076,11.639972127105429,9.158204617555654
ORCL,2021Q1,2021,Q1,1,0,0,0,10085.0,8170.0,1915.0,4292.0,2245.0,4593.0,3878.0,3276.0,5021.0,1621.0,6642.0,118109.0,8900.0,110014.0,7917.0,0.1607337630143777,0.2226078334159643,0.8101140307387209,0.3845314823996034,0.4978681209717402,1601.0,1589.0,1479.0,1500.0,1531.0,1557.0,1562.0,1426.0,1475.0,1564.0,1544.0,1496.0,0.1633673469387755,0.1696380911711327,0.1416802375706485,0.1531237239689669,0.1592469315581443,0.1689086569754827,0.1402658045977011,0.1483253588516746,0.1542564317088475,0.1701294463178505,0.1372322460225757,0.1531061303858356,0.0295018374846876,0.9529366005445352,0.0431562819203268,0.0806666666666666,0.0731308411214952,0.0992063492063493,0.0650195058517555,-0.024949083503055,-0.0393667094565682,-0.0027881040892193,0.0496986283258964,-0.0668950209059536,0.013263156935203,0.0677070299281503,0.8969724282532738,0.6315401621223287,Information Technology,45.0,1.0,104,9.21890360263667,9800.0,9796.0,11.679371672605892,9.093918908958932,11.608371999114242,8.976893927666076
ORCL,2021Q2,2021,Q2,0,1,0,0,11227.0,9105.0,2122.0,4564.0,2382.0,5605.0,4541.0,4156.0,4033.0,1715.0,5748.0,131107.0,5238.0,118109.0,8900.0,0.1527567471274606,0.2121670971764496,0.8109913601140109,0.4044713636768504,0.3592233009708738,1621.0,1601.0,1589.0,1479.0,1500.0,1531.0,1557.0,1562.0,1426.0,1475.0,1564.0,1544.0,0.1607337630143777,0.1633673469387755,0.1696380911711327,0.1416802375706485,0.1531237239689669,0.1592469315581443,0.1689086569754827,0.1402658045977011,0.1483253588516746,0.1542564317088475,0.1701294463178505,0.1372322460225757,0.0754861576779384,0.2942875481386393,0.0749704840613931,0.1595672751859365,0.1216730038022813,0.0540854224698235,0.1244588744588743,0.0777044184865414,0.0648189539561914,0.0965881787602114,0.0781796370950378,-0.0099184946692187,-0.000479479547797,-0.0198986616939086,0.203444171641512,0.2509249183895539,Information Technology,45.0,2.0,105,9.326165937481774,10085.0,10439.0,11.783776690010535,8.56388591940822,11.679371672605892,9.093918908958932
ORCL,2021Q3,2021,Q3,0,0,1,0,9728.0,7625.0,2103.0,4198.0,2152.0,4143.0,3427.0,2681.0,2457.0,1684.0,4141.0,122924.0,-1541.0,131107.0,5238.0,0.1731085526315789,0.2212171052631578,0.7838199013157895,0.3522820723684211,0.2525699013157895,1715.0,1621.0,1601.0,1589.0,1479.0,1500.0,1531.0,1557.0,1562.0,1426.0,1475.0,1564.0,0.1527567471274606,0.1607337630143777,0.1633673469387755,0.1696380911711327,0.1416802375706485,0.1531237239689669,0.1592469315581443,0.1689086569754827,0.1402658045977011,0.1483253588516746,0.1542564317088475,0.1701294463178505,0.0385395537525354,0.0915148822745446,0.0184319487110993,0.0597860289490246,0.0595907928388745,0.0672687636250388,0.0331406551059729,0.1186170212765957,0.001395998138669,-0.0182413470533208,0.0204580317809943,-0.035765181479758,-0.0193614243856016,0.027663086849891,0.0510094471901378,0.0783854166666666,Information Technology,45.0,3.0,106,9.182866394975427,11227.0,9367.0,11.71932969228014,0.0,11.783776690010535,8.56388591940822
ORCL,2021Q4,2021,Q4,0,0,0,1,10360.0,8201.0,2159.0,9039.0,2273.0,-58.0,-824.0,-1496.0,-1247.0,1754.0,507.0,106897.0,-10101.0,122924.0,-1541.0,0.1693050193050193,0.2194015444015444,0.7916023166023166,-0.0795366795366795,-0.1203667953667953,1684.0,1715.0,1621.0,1601.0,1589.0,1479.0,1500.0,1531.0,1557.0,1562.0,1426.0,1475.0,0.1731085526315789,0.1527567471274606,0.1607337630143777,0.1633673469387755,0.1696380911711327,0.1416802375706485,0.1531237239689669,0.1592469315581443,0.1689086569754827,0.1402658045977011,0.1483253588516746,0.1542564317088475,0.0571428571428571,-1.510647010647011,0.0432514947207733,0.0955652717051842,-1.0134789681617475,-1.2299748813843148,-1.503364737550471,0.113460546673543,0.0523148148148149,1.1129032258064515,0.0363455272886878,-0.0045670670670669,-0.0131404779668359,-1.2175438067148925,-1.483044469530956,-0.8745980707395499,Information Technology,45.0,4.0,107,9.245804036251752,9728.0,9800.0,11.579630387764219,0.0,11.71932969228014,0.0
ORCL,2022Q1,2022,Q1,1,0,0,0,10513.0,8295.0,2218.0,4473.0,2339.0,4282.0,3822.0,2840.0,2319.0,1816.0,4135.0,108644.0,-8696.0,106897.0,-10101.0,0.1727385142204889,0.222486445353372,0.789023114239513,0.3635498906116237,0.2205840388090935,1754.0,1684.0,1715.0,1621.0,1601.0,1589.0,1479.0,1500.0,1531.0,1557.0,1562.0,1426.0,0.1693050193050193,0.1731085526315789,0.1527567471274606,0.1607337630143777,0.1633673469387755,0.1696380911711327,0.1416802375706485,0.1531237239689669,0.1592469315581443,0.1689086569754827,0.1402658045977011,0.1483253588516746,0.0424392662369856,-0.5381398127862975,0.0152998776009791,0.1202961135101789,-0.0677117352492924,-0.0144404332129963,-0.133089133089133,0.1582245430809399,0.0418708240534522,0.0421714818266543,0.0746871782317277,-0.0005453000495515,-0.0260345034142609,-0.054564041563119,-0.5569428338200144,-0.3774465522433002,Information Technology,45.0,1.0,108,9.260462981379394,10360.0,10085.0,11.595840965297537,0.0,11.579630387764219,0.0
ORCL,2022Q2,2022,Q2,0,1,0,0,11840.0,9444.0,2397.0,4941.0,2602.0,5159.0,4503.0,3624.0,3189.0,1965.0,5154.0,109297.0,-6220.0,108644.0,-8696.0,0.1659628378378378,0.2197635135135135,0.7976351351351352,0.3803209459459459,0.2693412162162162,1816.0,1754.0,1684.0,1715.0,1621.0,1601.0,1589.0,1479.0,1500.0,1531.0,1557.0,1562.0,0.1727385142204889,0.1693050193050193,0.1731085526315789,0.1527567471274606,0.1607337630143777,0.1633673469387755,0.1696380911711327,0.1416802375706485,0.1531237239689669,0.1592469315581443,0.1689086569754827,0.1402658045977011,0.0546005166117395,-0.2092734936771634,0.0372322899505765,0.1457725947521866,-0.07957181088314,-0.0083682008368201,-0.1280076997112608,0.1295947219604147,0.0923593618807725,0.0826029798422436,0.0864517670002362,0.0358039320806953,-0.0164690101963577,-0.0597085971955217,-0.2502122899926954,-0.103340292275574,Information Technology,45.0,2.0,109,9.379323364330956,10513.0,11227.0,11.60183337573555,0.0,11.595840965297537,0.0
ORCL,2022Q3,2022,Q3,0,0,1,0,11445.0,8408.0,3037.0,5785.0,2588.0,3909.0,2623.0,1656.0,1548.0,2093.0,3641.0,130309.0,-5875.0,109297.0,-6220.0,0.17770662998283668,0.2261249453910004,0.7346439493228484,0.2291830493665356,0.1352555701179554,1965.0,1816.0,1754.0,1684.0,1715.0,1621.0,1601.0,1589.0,1479.0,1500.0,1531.0,1557.0,0.1659628378378378,0.1727385142204889,0.1693050193050193,0.1731085526315789,0.1527567471274606,0.1607337630143777,0.1633673469387755,0.1696380911711327,0.1416802375706485,0.1531237239689669,0.1592469315581443,0.1689086569754827,0.176500822368421,-0.36996336996337,0.1026885245901638,0.2428741092636579,-0.056480811006517,-0.2346075284505397,-0.3823200298396121,0.4441274369947694,0.2026022304832713,0.378037160552644,0.0564158440294333,0.0221856267489091,-0.0627388407852237,-0.3494331181098167,-0.4644826267368862,-0.1207437816952426,Information Technology,45.0,3.0,110,9.345395602969047,11840.0,9728.0,11.777671506138951,0.0,11.60183337573555,0.0
ORCL,2022Q4,2022,Q4,0,0,0,1,12275.0,8917.0,3358.0,5846.0,2582.0,4498.0,3071.0,2144.0,1741.0,2158.0,3899.0,128469.0,-4246.0,130309.0,-5875.0,0.1758044806517311,0.210346232179226,0.7264358452138493,0.250183299389002,0.1418329938900203,2093.0,1965.0,1816.0,1754.0,1684.0,1715.0,1621.0,1601.0,1589.0,1479.0,1500.0,1531.0,0.17770662998283668,0.1659628378378378,0.1727385142204889,0.1693050193050193,0.1731085526315789,0.1527567471274606,0.1607337630143777,0.1633673469387755,0.1696380911711327,0.1416802375706485,0.1531237239689669,0.1592469315581443,0.1848455598455598,-2.3961507618283884,0.0873064260456042,0.2303306727480045,-78.55172413793103,-4.726941747572816,-2.433155080213904,0.555349698934692,0.1359436867575891,-0.3532470406018365,0.0383890647388451,-0.0412727825003158,-0.0823222343110012,-4.145508472900559,-2.1783398690462,6.6903353057199215,Information Technology,45.0,4.0,111,9.415401415739627,11445.0,10360.0,11.763450693025655,0.0,11.777671506138951,0.0
ORCL,2023Q1,2023,Q1,1,0,0,0,12398.0,8959.0,3439.0,5699.0,2552.0,4684.0,3260.0,2218.0,1896.0,2146.0,4042.0,131620.0,-2421.0,128469.0,-4246.0,0.1730924342635909,0.2058396515567027,0.722616551056622,0.2629456363929666,0.1529278915954186,2158.0,2093.0,1965.0,1816.0,1754.0,1684.0,1715.0,1621.0,1601.0,1589.0,1479.0,1500.0,0.1758044806517311,0.17770662998283668,0.1659628378378378,0.1727385142204889,0.1693050193050193,0.1731085526315789,0.1527567471274606,0.1607337630143777,0.1633673469387755,0.1696380911711327,0.1416802375706485,0.1531237239689669,0.1793018167982498,-0.1824062095730918,0.0800482218203737,0.1817180616740088,0.0938813638486688,-0.1470434327577184,-0.2190140845070423,0.5504959422903517,0.0910645575032065,0.2740889783143303,0.0020488774301381,-0.0748216088860129,-0.0841630137120834,-0.2767275051283993,-0.3067137023102044,-0.0224909310761789,Information Technology,45.0,1.0,112,9.425371103179842,12275.0,10513.0,11.787681859610787,0.0,11.763450693025655,0.0
ORCL,2023Q2,2023,Q2,0,1,0,0,13836.0,10106.0,3730.0,5966.0,2689.0,5650.0,4140.0,3109.0,3319.0,2226.0,5545.0,134384.0,1073.0,131620.0,-2421.0,0.1608846487424111,0.1943480774790401,0.7304134142815842,0.2992194275802255,0.2398814686325527,2146.0,2158.0,2093.0,1965.0,1816.0,1754.0,1684.0,1715.0,1621.0,1601.0,1589.0,1479.0,0.1730924342635909,0.1758044806517311,0.17770662998283668,0.1659628378378378,0.1727385142204889,0.1693050193050193,0.1731085526315789,0.1527567471274606,0.1607337630143777,0.1633673469387755,0.1696380911711327,0.1416802375706485,0.168581081081081,0.0407651301348384,0.0700974163490046,0.132824427480916,0.0951734832331847,-0.0806129247168554,-0.1421081677704194,0.5561118064246975,0.0334358186010761,0.2074478850435135,-0.0305983505800776,-0.1156490248455666,-0.0842762785796318,-0.2132449428048256,-0.1093770496677877,0.0758634070624757,Information Technology,45.0,2.0,113,9.535101442669385,12398.0,11840.0,11.808464093699788,6.97914527506881,11.787681859610787,0.0
ORCL,2023Q3,2023,Q3,0,0,1,0,12453.0,8843.0,3610.0,5547.0,2419.0,4722.0,3296.0,2375.0,2420.0,2216.0,4636.0,136662.0,2370.0,134384.0,1073.0,0.17770662998283668,0.1942503814341925,0.710110013651329,0.264675178671806,0.1943306833694692,2226.0,2146.0,2158.0,2093.0,1965.0,1816.0,1754.0,1684.0,1715.0,1621.0,1601.0,1589.0,0.1608846487424111,0.1730924342635909,0.1758044806517311,0.17770662998283668,0.1659628378378378,0.1727385142204889,0.1693050193050193,0.1731085526315789,0.1527567471274606,0.1607337630143777,0.1633673469387755,0.1696380911711327,0.0880733944954128,0.5633074935400517,0.0517364414843006,0.0587673196368847,0.2079815809669991,0.2565764391917651,0.4341787439613527,0.1886730325979584,-0.0653013910355486,-0.0411408815903198,-0.0269339136558142,-0.1409599630933795,-0.0333956819410727,0.1548636751425161,0.436766583439002,0.2732765723702279,Information Technology,45.0,3.0,114,9.429797135432397,13836.0,11445.0,11.825273320384177,7.771067086065406,11.808464093699788,6.97914527506881
ORCL,2023Q4,2023,Q4,0,0,0,1,12941.0,9201.0,3740.0,5579.0,2468.0,5161.0,3622.0,2720.0,2503.0,2226.0,4729.0,134324.0,3866.0,136662.0,2370.0,0.1720114365195889,0.1907116915230662,0.7109960590371687,0.2798856348041109,0.1934162738582799,2216.0,2226.0,2146.0,2158.0,2093.0,1965.0,1816.0,1754.0,1684.0,1715.0,1621.0,1601.0,0.17770662998283668,0.1608846487424111,0.1730924342635909,0.1758044806517311,0.17771765082784566,0.1659628378378378,0.1727385142204889,0.1693050193050193,0.1731085526315789,0.1527567471274606,0.1607337630143777,0.1633673469387755,0.0542566191446027,0.4376794945433659,0.0318492766625546,0.0315106580166821,0.1473988439306357,0.1794203842396613,0.2686567164179105,0.1137581893984513,-0.0441518202943455,-0.045672254533014,-0.021575355292885,-0.0933439142348421,-0.0212541634315077,0.1187222947640709,0.3636902708847707,0.2128750961785073,Information Technology,45.0,4.0,115,9.468233115617211,12453.0,12275.0,11.808017515597022,8.260234291607297,11.825273320384177,7.771067086065406
ORCL,2024Q1,2024,Q1,1,0,0,0,13280.0,9411.0,3869.0,5661.0,2419.0,5298.0,3750.0,2865.0,2401.0,2248.0,4649.0,137082.0,5623.0,134324.0,3866.0,0.1692771084337349,0.1821536144578313,0.7086596385542169,0.2823795180722891,0.1807981927710843,2226.0,2216.0,2226.0,2146.0,2158.0,2093.0,1965.0,1816.0,1754.0,1684.0,1715.0,1621.0,0.1720114365195889,0.17770662998283668,0.1608846487424111,0.1730924342635909,0.1758044806517311,0.17772867167285467,0.1659628378378378,0.1727385142204889,0.1693050193050193,0.1731085526315789,0.1527567471274606,0.1607337630143777,0.0711405065333117,0.2663502109704641,0.0504520593816273,0.0475302889095992,0.1310845431255336,0.1503067484662577,0.2917042380522994,0.1250363477755161,-0.052115987460815,-0.0066678364625373,-0.0220421293749086,-0.115070332269517,-0.0193144102248933,0.0739083635154114,0.1822447225611305,0.1501731815932707,Information Technology,45.0,1.0,116,9.49408972140025,12941.0,12398.0,11.82834186077971,8.6347984334905,11.808017515597022,8.260234291607297
ORCL,2024Q2,2024,Q2,0,1,0,0,14287.0,10363.0,3924.0,5677.0,2515.0,6214.0,4686.0,3782.0,3144.0,2226.0,5370.0,140976.0,8704.0,137082.0,5623.0,0.1558059774620284,0.1760341569258766,0.7253447189752922,0.3279904808567229,0.2200601945824875,2248.0,2226.0,2216.0,2226.0,2146.0,2158.0,2093.0,1965.0,1816.0,1754.0,1684.0,1715.0,0.1692771084337349,0.1720114365195889,0.17770662998283668,0.1608846487424111,0.1730924342635909,0.1758044806517311,0.17773969251786365,0.1659628378378378,0.1727385142204889,0.1693050193050193,0.1731085526315789,0.1527567471274606,0.0325961260479907,-0.0527267249171437,0.0254304373639422,0.0,0.0998230088495575,0.1318840579710145,0.2164683177870698,0.0520107238605898,-0.0647080699144663,-0.0484411666107944,-0.0315671589556938,-0.094232578941454,-0.0069394882503321,0.0961536939936273,-0.0826294509661651,-0.0315599639314697,Information Technology,45.0,2.0,117,9.567175303116281,13280.0,13836.0,11.856352035487323,9.07165285220229,11.82834186077971,8.6347984334905
ORCL,2024Q3,2024,Q3,0,0,1,0,13307.0,9401.0,3906.0,5410.0,2394.0,5439.0,3991.0,3169.0,2929.0,2306.0,5235.0,144214.0,10816.0,140976.0,8704.0,0.1732922521980912,0.1799053129931614,0.7064702788006313,0.2999173367400616,0.2201097166904636,2226.0,2248.0,2226.0,2216.0,2226.0,2146.0,2158.0,2093.0,1965.0,1816.0,1754.0,1684.0,0.1558059774620284,0.1692771084337349,0.1720114365195889,0.17770662998283668,0.1608846487424111,0.1730924342635909,0.1758044806517311,0.17775071336287265,0.1659628378378378,0.1727385142204889,0.1693050193050193,0.1731085526315789,0.0685778527262506,0.2103305785123967,0.063100757661427,0.0406137184115522,0.1518424396442186,0.2108616504854368,0.3343157894736841,0.0819944598337949,-0.0103348491112029,-0.0246980349738596,-0.0261694870835604,-0.0738483411724515,-0.0051255929091641,0.1331524861723261,0.132655496672043,0.1292062122519413,Information Technology,45.0,3.0,118,9.496120637138368,14287.0,12453.0,11.879060520614454,9.28887424963029,11.856352035487323,9.07165285220229
ORCL,2024Q4,2024,Q4,0,0,0,1,14059.0,9974.0,4085.0,5754.0,2577.0,5755.0,4220.0,3390.0,3151.0,2471.0,5622.0,148483.0,13746.0,144214.0,10816.0,0.1757593000924674,0.18329895440643,0.7094387936553098,0.3001635962728501,0.2241268938046803,2306.0,2226.0,2248.0,2226.0,2216.0,2226.0,2146.0,2158.0,2093.0,1965.0,1816.0,1754.0,0.1732922521980912,0.1558059774620284,0.1692771084337349,0.1720114365195889,0.17771765082784566,0.1608846487424111,0.1730924342635909,0.1758044806517311,0.17776173420788166,0.1659628378378378,0.1727385142204889,0.1693050193050193,0.0863920871648249,0.2588893328006392,0.0840126073252907,0.110062893081761,0.1150939740360394,0.1651021535063501,0.2463235294117647,0.0922459893048128,0.0441653160453807,0.0313676286072772,0.0217884557487066,-0.0388688132197685,-0.0021902588095462,0.0724508833150066,0.1587799171899191,0.1888348488052442,Information Technology,45.0,4.0,119,9.551089165364656,13307.0,12941.0,11.908232487312334,9.52857589747142,11.879060520614454,9.28887424963029
ORCL,2025Q1,2025,Q1,1,0,0,0,14130.0,9935.0,4195.0,5577.0,2509.0,5891.0,4358.0,3448.0,2936.0,2429.0,5365.0,161378.0,16730.0,148483.0,13746.0,0.1719037508846426,0.1775654635527247,0.7031139419674451,0.3084217975937721,0.2077848549186128,2471.0,2306.0,2226.0,2248.0,2226.0,2216.0,2226.0,2146.0,2158.0,2093.0,1965.0,1816.0,0.1757593000924674,0.1732922521980912,0.1558059774620284,0.1692771084337349,0.1720114365195889,0.17772867167285467,0.1608846487424111,0.1730924342635909,0.1758044806517311,0.17777275505289064,0.1659628378378378,0.1727385142204889,0.0640060240963855,0.2228238234069137,0.0556795239613219,0.0805160142348755,0.1119290298225745,0.1621333333333332,0.2034904013961604,0.0842594985784439,0.0372054568003306,-0.0148383677795442,0.0155168201726216,-0.0251883604877287,-0.0078256137150493,0.0922243925454116,0.1492640038813739,0.1540116154011614,Information Technology,45.0,1.0,120,9.556126244582746,14059.0,13280.0,11.991510914828583,9.725018565057663,11.908232487312334,9.52857589747142
ORCL,2025Q2,2025,Q2,0,1,0,0,15903.0,11162.0,4740.0,6053.0,2773.0,6826.0,5109.0,4151.0,3427.0,2654.0,6081.0,168361.0,20451.0,161378.0,16730.0,0.1668867509274979,0.1743696157957618,0.701880148399673,0.3212601395963025,0.2154939319625227,2429.0,2471.0,2306.0,2226.0,2248.0,2226.0,2216.0,2226.0,2146.0,2158.0,2093.0,1965.0,0.1719037508846426,0.1757593000924674,0.1732922521980912,0.1558059774620284,0.1692771084337349,0.1720114365195889,0.17773969251786365,0.1608846487424111,0.1730924342635909,0.1758044806517311,0.17778377589789965,0.1659628378378378,0.1131098201161895,0.0900127226463103,0.0771012255138472,0.1922731356693621,0.0984872867718056,0.0902688860435338,0.097567424643046,0.2079510703363913,0.1025844930417494,0.0662321648758146,0.0711190523365512,-0.009455784940736,-0.0323495435505037,-0.0205199286358568,-0.0207500617211949,0.1324022346368716,Information Technology,45.0,2.0,121,9.674325928896355,14130.0,14287.0,12.033871702120196,9.92583595619989,11.991510914828583,9.725018565057663
ORCL,2025Q3,2025,Q3,0,0,1,0,14926.0,10042.0,4884.0,5765.0,2439.0,4697.0,4277.0,3427.0,2927.0,2491.0,5418.0,180449.0,24154.0,168361.0,20451.0,0.1668899906203939,0.1634061369422484,0.672785742998794,0.2865469650274688,0.1961007637679217,2654.0,2429.0,2471.0,2306.0,2226.0,2248.0,2226.0,2216.0,2226.0,2146.0,2158.0,2093.0,0.1668867509274979,0.1719037508846426,0.1757593000924674,0.1732922521980912,0.1558059774620284,0.1692771084337349,0.1720114365195889,0.17775071336287265,0.1608846487424111,0.1730924342635909,0.1758044806517311,0.17779479674290863,0.1216652889456677,-0.0006828269033799,0.0681842357196043,0.080225498699046,-0.1364221364221364,0.0716612377850163,0.0814136951719786,0.250384024577573,0.018796992481203,0.0656192236598891,-0.0369448806654022,-0.0917103323765664,-0.0476800465817518,-0.0445801895212908,-0.1090772060567653,0.0349570200573066,Information Technology,45.0,3.0,122,9.61092693263324,15903.0,13307.0,12.103209010070934,10.092246676988507,12.033871702120196,9.92583595619989
