ticker,Year_Quarter,year,quarter,Q1,Q2,Q3,Q4,revenue,grossProfit,costOfRevenue,operatingExpenses,snaExpenses,ebitda,operatingIncome,incomeBeforeTax,netIncome,rnd,net_plus_rnd,totalAssets,totalEquity,totalAssets_lag1,totalEquity_lag1,rnd_to_rev_ratio,sna_to_rev_ratio,grossProfitRatio,operatingIncomeRatio,netIncomeRatio,rnd_lag1,rnd_lag2,rnd_lag3,rnd_lag4,rnd_lag5,rnd_lag6,rnd_lag7,rnd_lag8,rnd_lag9,rnd_lag10,rnd_lag11,rnd_lag12,rnd_to_rev_ratio_lag1,rnd_to_rev_ratio_lag2,rnd_to_rev_ratio_lag3,rnd_to_rev_ratio_lag4,rnd_to_rev_ratio_lag5,rnd_to_rev_ratio_lag6,rnd_to_rev_ratio_lag7,rnd_to_rev_ratio_lag8,rnd_to_rev_ratio_lag9,rnd_to_rev_ratio_lag10,rnd_to_rev_ratio_lag11,rnd_to_rev_ratio_lag12,revenue_yoy,netIncome_yoy,grossProfit_yoy,rnd_yoy,ebitda_yoy,operatingIncome_yoy,incomeBeforeTax_yoy,costOfRevenue_yoy,snaExpenses_yoy,operatingExpenses_yoy,rnd_to_rev_ratio_yoy,sna_to_rev_ratio_yoy,grossProfitRatio_yoy,operatingIncomeRatio_yoy,netIncomeRatio_yoy,net_plus_rnd_yoy,gics_sectors,gics_sector_code,quarter_int,time_idx,revenue_log,revenue_lag1,revenue_lag4,totalAssets_log,totalEquity_log,totalAssets_lag1_log,totalEquity_lag1_log
PCAR,1995Q2,1995,Q2,0,1,0,0,1268.4,228.1,1040.3,97.3,97.3,122.7,130.8,103.5,65.1,0.0,65.1,4092.0,1267.8,3977.1,1207.5,0.0,0.0767108167770419,0.1798328602964364,0.1031220435193945,0.0513245033112582,0.0,,,,,,,,,,,,0.0,,,,,,,,,,,,,,,,,,,,,,,,,,,,Industrials,20.0,2.0,1,7.14629962687237,1183.6,,8.317033476492403,7.145826850880583,8.28855959735839,7.097135200143538
PCAR,1995Q3,1995,Q3,0,0,1,0,1212.1,219.8,992.3,95.8,95.8,115.7,124.0,109.0,68.3,0.0,68.3,4308.6,1326.0,4092.0,1267.8,0.0,0.0790363831367049,0.1813381734180348,0.1023017902813299,0.0563484860985067,0.0,0.0,,,,,,,,,,,0.0,0.0,,,,,,,,,,,,,,,,,,,,,,,,,,,Industrials,20.0,3.0,2,7.100934345776873,1268.4,,8.368600371366323,7.190676034332207,8.317033476492403,7.145826850880583
PCAR,1995Q4,1995,Q4,0,0,0,1,1165.8,298.8,867.0,173.7,101.3,108.0,125.1,103.9,65.1,0.0,65.1,4390.5,1251.2,4308.6,1326.0,0.0,0.0868931206038771,0.2563046834791559,0.1073082861554297,0.0558414822439526,0.0,0.0,0.0,,,,,,,,,,0.0,0.0,0.0,,,,,,,,,,,,,,,,,,,,,,,,,,Industrials,20.0,4.0,3,7.062020237993567,1212.1,,8.387426133357172,7.13265728331121,8.368600371366323,7.190676034332207
PCAR,1996Q1,1996,Q1,1,0,0,0,1094.6,199.6,895.0,112.6,112.6,80.3,87.0,55.8,35.7,0.0,35.7,4333.5,1276.5,4390.5,1251.2,0.0,0.1028686278092453,0.182349716791522,0.0794810889822766,0.0326146537547962,0.0,0.0,0.0,0.0,,,,,,,,,0.0,0.0,0.0,0.0,,,,,,,,,-0.0751943224062183,-0.3425414364640883,-0.0258662762323085,,-0.1243184296619411,-0.1642651296829971,-0.3293269230769231,-0.0855216102993767,0.117063492063492,0.117063492063492,,0.2078899590776075,0.0533388228133013,-0.0963129978921938,-0.2890846374921386,-0.3425414364640883,Industrials,20.0,1.0,4,6.999057437388923,1165.8,1183.6,8.374361542308694,7.1526603220778595,8.387426133357172,7.13265728331121
PCAR,1996Q2,1996,Q2,0,1,0,0,1100.5,203.1,897.4,95.2,95.2,96.0,107.9,82.5,51.7,0.0,51.7,4375.2,1321.1,4333.5,1276.5,0.0,0.0865061335756474,0.1845524761472058,0.0980463425715583,0.0469786460699682,0.0,0.0,0.0,0.0,0.0,,,,,,,,0.0,0.0,0.0,0.0,0.0,,,,,,,,-0.1323714916430148,-0.2058371735791089,-0.1096010521701008,,-0.2176039119804401,-0.1750764525993884,-0.2028985507246377,-0.1373642218590791,-0.0215827338129496,-0.0215827338129496,,0.1276914679070011,0.0262444574533795,-0.0492203293748878,-0.0846741217335227,-0.2058371735791089,Industrials,20.0,2.0,5,7.0044281662423975,1094.6,1268.4,8.383936046896551,7.186976660516051,8.374361542308694,7.1526603220778595
PCAR,1996Q3,1996,Q3,0,0,1,0,1113.6,205.2,908.4,96.6,96.6,98.9,108.6,80.8,51.1,0.0,51.1,4440.1,1362.2,4375.2,1321.1,0.0,0.0867456896551724,0.1842672413793103,0.0975215517241379,0.0458872126436781,0.0,0.0,0.0,0.0,0.0,0.0,,,,,,,0.0,0.0,0.0,0.0,0.0,0.0,,,,,,,-0.081263922118637,-0.2518301610541726,-0.0664240218380346,,-0.1452031114952463,-0.1241935483870968,-0.2587155963302753,-0.0845510430313413,0.0083507306889352,0.0083507306889352,,0.0975412362320926,0.0161525171786263,-0.0467268318965519,-0.1856531413557496,-0.2518301610541726,Industrials,20.0,3.0,6,7.0162508751354355,1100.5,1212.1,8.398657372489613,7.217590156075051,8.383936046896551,7.186976660516051
PCAR,1996Q4,1996,Q4,0,0,0,1,1276.0,320.6,955.4,204.5,123.4,101.0,116.1,93.7,62.5,0.0,62.5,5298.8,1358.0,4440.1,1362.2,0.0,0.0967084639498432,0.2512539184952978,0.090987460815047,0.0489811912225705,0.0,0.0,0.0,0.0,0.0,0.0,0.0,,,,,,0.0,0.0,0.0,0.0,0.0,0.0,0.0,,,,,,0.0945273631840797,-0.0399385560675882,0.072958500669344,,-0.0648148148148147,-0.0719424460431654,-0.0981713185755533,0.1019607843137255,0.2181638696939782,0.1773172135866436,,0.1129588082204076,-0.0197060971157356,-0.1520928711576192,-0.1228529534981147,-0.0399385560675882,Industrials,20.0,4.0,7,7.152268856032539,1113.6,1165.8,8.575424362979142,7.214504414151143,8.398657372489613,7.217590156075051
PCAR,1997Q1,1997,Q1,1,0,0,0,1511.5,256.5,1255.0,138.0,138.0,107.7,118.5,88.7,57.9,0.0,57.9,5206.8,1385.0,5298.8,1358.0,0.0,0.0913000330797221,0.1696989745286139,0.0783989414488918,0.0383063182269268,0.0,0.0,0.0,0.0,0.0,0.0,0.0,0.0,,,,,0.0,0.0,0.0,0.0,0.0,0.0,0.0,0.0,,,,,0.380869724100128,0.6218487394957981,0.2850701402805611,,0.3412204234122042,0.3620689655172413,0.5896057347670252,0.4022346368715084,0.2255772646536413,0.2255772646536413,,-0.112459891571369,-0.0693762649347654,-0.0136151573568162,0.1745124910698647,0.6218487394957981,Industrials,20.0,1.0,8,7.321519189904997,1276.0,1094.6,8.557912780693254,7.234177179749849,8.575424362979142,7.214504414151143
PCAR,1997Q2,1997,Q2,0,1,0,0,1658.1,291.4,1366.7,145.1,145.1,140.2,146.3,110.8,71.5,0.0,71.5,5277.3,1440.2,5206.8,1385.0,0.0,0.0875098003739219,0.1757433206682347,0.0882335202943127,0.043121645256619,0.0,0.0,0.0,0.0,0.0,0.0,0.0,0.0,0.0,,,,0.0,0.0,0.0,0.0,0.0,0.0,0.0,0.0,0.0,,,,0.5066787823716492,0.3829787234042552,0.434761201378631,,0.4604166666666665,0.355885078776645,0.343030303030303,0.5229552039224428,0.5241596638655461,0.5241596638655461,,0.0116022616754318,-0.047732523902549,-0.1000835117340944,-0.082101148841214,0.3829787234042552,Industrials,20.0,2.0,9,7.41403056564931,1511.5,1100.5,8.571359355159966,7.2732313788739384,8.557912780693254,7.234177179749849
PCAR,1997Q3,1997,Q3,0,0,1,0,1709.1,307.0,1402.1,146.5,146.5,150.3,160.5,128.0,82.5,0.0,82.5,5420.4,1504.6,5277.3,1440.2,0.0,0.085717629161547,0.179626704113276,0.0939090749517289,0.0482710198350008,0.0,0.0,0.0,0.0,0.0,0.0,0.0,0.0,0.0,0.0,,,0.0,0.0,0.0,0.0,0.0,0.0,0.0,0.0,0.0,0.0,,,0.5347521551724139,0.6144814090019568,0.4961013645224172,,0.5197168857431749,0.4779005524861879,0.5841584158415842,0.5434830471158079,0.5165631469979297,0.5165631469979297,,-0.0118514302867623,-0.0251837344028063,-0.0370428557435966,0.0519492698289036,0.6144814090019568,Industrials,20.0,3.0,10,7.444307127319008,1658.1,1113.6,8.59810936366235,7.316946768831115,8.571359355159966,7.2732313788739384
PCAR,1997Q4,1997,Q4,0,0,0,1,1873.2,459.7,1413.5,276.7,164.7,114.5,183.0,207.2,132.7,0.0,132.7,5599.4,1497.8,5420.4,1504.6,0.0,0.0879244074311338,0.2454089259021994,0.0976937860345932,0.0708413410207132,0.0,0.0,0.0,0.0,0.0,0.0,0.0,0.0,0.0,0.0,0.0,,0.0,0.0,0.0,0.0,0.0,0.0,0.0,0.0,0.0,0.0,0.0,,0.468025078369906,1.1231999999999998,0.4338739862757328,,0.1336633663366335,0.5762273901808785,1.2113127001067232,0.4794850324471427,0.3346839546191247,0.3530562347188264,,-0.0908302764819545,-0.0232632892975469,0.0737060377273119,0.4462968182788809,1.1231999999999998,Industrials,20.0,4.0,11,7.535937180689723,1709.1,1276.0,8.63059330274377,7.3124200669195325,8.59810936366235,7.316946768831115
PCAR,1998Q1,1998,Q1,1,0,0,0,1819.5,341.1,1478.4,157.1,157.1,166.5,184.0,157.1,100.4,0.0,100.4,5747.7,1589.0,5599.4,1497.8,0.0,0.0863424017587249,0.1874690849134377,0.1011266831547128,0.0551799945039846,0.0,0.0,0.0,0.0,0.0,0.0,0.0,0.0,0.0,0.0,0.0,0.0,0.0,0.0,0.0,0.0,0.0,0.0,0.0,0.0,0.0,0.0,0.0,0.0,0.203771088322858,0.7340241796200346,0.3298245614035089,,0.5459610027855153,0.5527426160337552,0.7711386696730551,0.1780079681274902,0.1384057971014491,0.1384057971014491,,-0.0543004329107774,0.1047154847823048,0.2898985788046282,0.4404932934848489,0.7340241796200346,Industrials,20.0,1.0,12,7.506866467615488,1873.2,1511.5,8.656729021273366,7.371489295214277,8.63059330274377,7.3124200669195325
PCAR,1998Q2,1998,Q2,0,1,0,0,1923.7,364.7,1559.0,165.1,165.1,188.1,199.6,164.2,104.9,0.0,104.9,6024.5,1681.0,5747.7,1589.0,0.0,0.0858241929614804,0.1895825752456204,0.1037583822841399,0.0545303321723761,0.0,0.0,0.0,0.0,0.0,0.0,0.0,0.0,0.0,0.0,0.0,0.0,0.0,0.0,0.0,0.0,0.0,0.0,0.0,0.0,0.0,0.0,0.0,0.0,0.1601833423798324,0.4671328671328671,0.251544269045985,,0.3416547788873039,0.3643198906356799,0.4819494584837545,0.1407038852710909,0.1378359751895244,0.1378359751895244,,-0.0192619272954461,0.078746973283333,0.1759519731054846,0.2645698430072292,0.4671328671328671,Industrials,20.0,2.0,13,7.5625253904210785,1819.5,1658.1,8.703755742467447,7.427738840532894,8.656729021273366,7.371489295214277
PCAR,1998Q3,1998,Q3,0,0,1,0,1938.7,367.1,1571.6,174.9,174.9,182.6,192.2,151.9,96.6,0.0,96.6,6392.3,1784.5,6024.5,1681.0,0.0,0.0902150925878165,0.189353690617424,0.0991385980296074,0.0498272037963583,0.0,0.0,0.0,0.0,0.0,0.0,0.0,0.0,0.0,0.0,0.0,0.0,0.0,0.0,0.0,0.0,0.0,0.0,0.0,0.0,0.0,0.0,0.0,0.0,0.1343397109589843,0.1709090909090909,0.1957654723127035,,0.2149035262807717,0.1975077881619937,0.18671875,0.1208900934312817,0.1938566552901024,0.1938566552901024,,0.0524683600125415,0.054151116072441,0.0556870896722871,0.0322384728285589,0.1709090909090909,Industrials,20.0,3.0,14,7.570288600924246,1923.7,1709.1,8.76300584599139,7.487453767034503,8.703755742467447,7.427738840532894
PCAR,1998Q4,1998,Q4,0,0,0,1,2203.9,505.8,1698.1,283.1,159.2,214.8,222.7,179.9,114.9,0.0,114.9,6794.8,1764.2,6392.3,1784.5,0.0,0.0722355823766958,0.2295022460184219,0.1010481419302146,0.0521348518535323,0.0,0.0,0.0,0.0,0.0,0.0,0.0,0.0,0.0,0.0,0.0,0.0,0.0,0.0,0.0,0.0,0.0,0.0,0.0,0.0,0.0,0.0,0.0,0.0,0.176542814435191,-0.1341371514694799,0.1002827931259517,,0.8759825327510917,0.2169398907103825,-0.1317567567567567,0.2013441811107179,-0.0333940497874923,0.0231297434044093,,-0.1784353800362679,-0.0648170388477095,0.0343354069053443,-0.2640617596681474,-0.1341371514694799,Industrials,20.0,4.0,15,7.698437435378614,1938.7,1873.2,8.824060053282851,7.476019277395392,8.76300584599139,7.487453767034503
PCAR,1999Q1,1999,Q1,1,0,0,0,2153.1,397.3,1755.8,167.8,167.8,221.0,229.5,187.4,119.5,0.0,119.5,6964.4,1843.3,6794.8,1764.2,0.0,0.0779341414704379,0.1845246388927593,0.1065904974223213,0.0555013701175049,0.0,0.0,0.0,0.0,0.0,0.0,0.0,0.0,0.0,0.0,0.0,0.0,0.0,0.0,0.0,0.0,0.0,0.0,0.0,0.0,0.0,0.0,0.0,0.0,0.1833470733718054,0.190239043824701,0.1647610671357373,,0.3273273273273274,0.2472826086956521,0.192870782940802,0.1876352813852813,0.0681094844048377,0.0681094844048377,,-0.0973827472599495,-0.0157063017725724,0.0540294024995304,0.0058241327569754,0.190239043824701,Industrials,20.0,1.0,16,7.675128281894054,2203.9,1819.5,8.848710314572045,7.51985508068876,8.824060053282851,7.476019277395392
PCAR,1999Q2,1999,Q2,0,1,0,0,2270.5,427.9,1842.6,160.3,160.3,261.2,267.6,219.2,139.5,0.0,139.5,7244.5,1961.5,6964.4,1843.3,0.0,0.070601189165382,0.188460691477648,0.117859502312266,0.061440211407179,0.0,0.0,0.0,0.0,0.0,0.0,0.0,0.0,0.0,0.0,0.0,0.0,0.0,0.0,0.0,0.0,0.0,0.0,0.0,0.0,0.0,0.0,0.0,0.0,0.1802775900608202,0.3298379408960914,0.1732931176309295,,0.3886230728335991,0.340681362725451,0.3349573690621195,0.1819114817190505,-0.0290732889158085,-0.0290732889158085,,-0.1773742725775559,-0.0059176523291702,0.1359034298502315,0.126716250562348,0.3298379408960914,Industrials,20.0,2.0,17,7.728195685199458,2153.1,1923.7,8.888135865485978,7.581974449656563,8.848710314572045,7.51985508068876
PCAR,1999Q3,1999,Q3,0,0,1,0,2270.1,446.4,1823.7,172.7,172.7,260.7,273.7,227.8,144.7,0.0,144.7,7654.9,2103.7,7244.5,1961.5,0.0,0.0760759437910224,0.1966433196775472,0.1205673758865248,0.0637416853883088,0.0,0.0,0.0,0.0,0.0,0.0,0.0,0.0,0.0,0.0,0.0,0.0,0.0,0.0,0.0,0.0,0.0,0.0,0.0,0.0,0.0,0.0,0.0,0.0,0.1709392892144219,0.4979296066252587,0.2160174339417051,,0.4277108433734939,0.4240374609781479,0.499670836076366,0.1604097734792569,-0.0125786163522013,-0.0125786163522013,,-0.1567270884639499,0.038497422661021,0.2161496963122042,0.2792547149307911,0.4979296066252587,Industrials,20.0,3.0,18,7.728019574601547,2270.5,1938.7,8.943231871396494,7.651928218145126,8.888135865485978,7.581974449656563
PCAR,1999Q4,1999,Q4,0,0,0,1,2327.3,613.9,1713.4,309.5,162.6,261.1,304.4,288.8,179.9,0.0,179.9,7933.0,2110.6,7654.9,2103.7,0.0,0.0698663687534911,0.2637820650539251,0.130795342242083,0.0772998753920852,0.0,0.0,0.0,0.0,0.0,0.0,0.0,0.0,0.0,0.0,0.0,0.0,0.0,0.0,0.0,0.0,0.0,0.0,0.0,0.0,0.0,0.0,0.0,0.0,0.0559916511638458,0.5657093124456047,0.2137208382759983,,0.2155493482309125,0.3668612483161202,0.6053362979433019,0.0090100700783228,0.021356783919598,0.0932532673966795,,-0.0327984290463619,0.1493659414241706,0.2943864156593037,0.4826909954448797,0.5657093124456047,Industrials,20.0,4.0,19,7.752893666528203,2270.1,2203.9,8.978912601074276,7.655201232949461,8.943231871396494,7.651928218145126
PCAR,2000Q1,2000,Q1,1,0,0,0,2331.3,433.0,1898.3,133.2,133.2,289.0,299.8,242.8,154.9,0.0,154.9,8209.7,2137.0,7933.0,2110.6,0.0,0.0571355037961652,0.1857332818599064,0.1285977780637412,0.0664436151503453,0.0,0.0,0.0,0.0,0.0,0.0,0.0,0.0,0.0,0.0,0.0,0.0,0.0,0.0,0.0,0.0,0.0,0.0,0.0,0.0,0.0,0.0,0.0,0.0,0.0827643862338025,0.296234309623431,0.0898565315882204,,0.3076923076923077,0.3063180827886711,0.295624332977588,0.0811595853741884,-0.2061978545887963,-0.2061978545887963,,-0.266874533828824,0.0065500356721988,0.2064656904097659,0.1971527010896105,0.296234309623431,Industrials,20.0,1.0,20,7.754610184136298,2327.3,2153.1,9.013193460687647,7.6676260915849905,8.978912601074276,7.655201232949461
PCAR,2000Q2,2000,Q2,0,1,0,0,2140.9,382.7,1758.2,125.7,125.7,245.9,257.0,204.3,131.1,0.0,131.1,8382.9,2227.1,8209.7,2137.0,0.0,0.0587136251109346,0.1787565976925592,0.1200429725816245,0.0612359288149843,0.0,0.0,0.0,0.0,0.0,0.0,0.0,0.0,0.0,0.0,0.0,0.0,0.0,0.0,0.0,0.0,0.0,0.0,0.0,0.0,0.0,0.0,0.0,0.0,-0.0570799383395727,-0.0602150537634409,-0.1056321570460387,,-0.0585758039816232,-0.039611360239163,-0.0679744525547444,-0.0458048409855638,-0.2158452900810979,-0.2158452900810979,,-0.1683762581760628,-0.0514913412924615,0.0185260435223411,-0.003324900541778,-0.0602150537634409,Industrials,20.0,2.0,21,7.669448564577097,2331.3,2270.5,9.034068479008774,7.70890448334336,9.013193460687647,7.6676260915849905
PCAR,2000Q3,2000,Q3,0,0,1,0,1775.3,313.2,1462.1,119.0,119.0,194.2,194.2,124.2,93.1,0.0,93.1,8279.0,2258.0,8382.9,2227.1,0.0,0.0670309243508139,0.1764208866107136,0.1093899622598997,0.0524418408156367,0.0,0.0,0.0,0.0,0.0,0.0,0.0,0.0,0.0,0.0,0.0,0.0,0.0,0.0,0.0,0.0,0.0,0.0,0.0,0.0,0.0,0.0,0.0,0.0,-0.2179639663450949,-0.3565998617829993,-0.2983870967741935,,-0.2550824702723436,-0.2904640116916331,-0.4547848990342406,-0.1982782255853485,-0.3109438332368268,-0.3109438332368268,,-0.1188946070134177,-0.1028381391241463,-0.0927067836090668,-0.17727558510313,-0.3565998617829993,Industrials,20.0,3.0,22,7.48228782820584,2140.9,2270.1,9.021598247379305,7.7226775164680035,9.034068479008774,7.70890448334336
PCAR,2000Q4,2000,Q4,0,0,0,1,1671.9,198.1,1473.8,24.6,119.7,241.6,181.2,93.8,62.7,0.0,62.7,8270.9,2249.1,8279.0,2258.0,0.0,0.0715951910999461,0.1184879478437705,0.1083796877803696,0.0375022429571146,0.0,0.0,0.0,0.0,0.0,0.0,0.0,0.0,0.0,0.0,0.0,0.0,0.0,0.0,0.0,0.0,0.0,0.0,0.0,0.0,0.0,0.0,0.0,0.0,-0.2816138873372578,-0.651473040578099,-0.677309007981756,,-0.0746840291076217,-0.40473061760841,-0.675207756232687,-0.1398389167736664,-0.2638376383763837,-0.9205169628432956,,0.0247447001654659,-0.5508112053806691,-0.1713796078473907,-0.5148473038682994,-0.651473040578099,Industrials,20.0,4.0,23,7.422313926337235,1775.3,2327.3,9.020619507700284,7.718729938655285,9.021598247379305,7.7226775164680035
PCAR,2001Q1,2001,Q1,1,0,0,0,1537.8,270.8,1267.0,132.3,132.3,128.9,138.5,65.6,44.3,0.0,44.3,7903.5,2195.5,8270.9,2249.1,0.0,0.0860319937573156,0.1760957211600988,0.0900637274027832,0.0288073871764858,0.0,0.0,0.0,0.0,0.0,0.0,0.0,0.0,0.0,0.0,0.0,0.0,0.0,0.0,0.0,0.0,0.0,0.0,0.0,0.0,0.0,0.0,0.0,0.0,-0.3403680350019303,-0.7140090380890898,-0.37459584295612,,-0.5539792387543252,-0.5380253502334891,-0.729818780889621,-0.3325607122161934,-0.0067567567567565,-0.0067567567567565,,0.5057536565047298,-0.051889250021851,-0.2996478729349283,-0.5664385944187118,-0.7140090380890898,Industrials,20.0,1.0,24,7.33875817087814,1671.9,2331.3,8.975187496536243,7.694620463415834,9.020619507700284,7.718729938655285
PCAR,2001Q2,2001,Q2,0,1,0,0,1532.9,257.7,1275.2,129.8,129.8,127.4,127.9,57.1,39.5,0.0,39.5,7800.3,2206.0,7903.5,2195.5,0.0,0.0846761041163807,0.1681127275099484,0.0834366233935677,0.0257681518690064,0.0,0.0,0.0,0.0,0.0,0.0,0.0,0.0,0.0,0.0,0.0,0.0,0.0,0.0,0.0,0.0,0.0,0.0,0.0,0.0,0.0,0.0,0.0,0.0,-0.283992713344855,-0.6987032799389779,-0.3266266004703423,,-0.4819032126880845,-0.5023346303501945,-0.7205090553108174,-0.2747127744283927,0.0326173428798728,0.0326173428798728,,0.4421883158532973,-0.0595439291192876,-0.3049437080805868,-0.5791988075030059,-0.6987032799389779,Industrials,20.0,2.0,25,7.335568790754063,1537.8,2140.9,8.962045665457003,7.699389406256737,8.975187496536243,7.694620463415834
PCAR,2001Q3,2001,Q3,0,0,1,0,1501.1,245.2,1255.9,129.2,129.2,107.5,116.0,58.5,39.4,0.0,39.4,7922.6,2248.4,7800.3,2206.0,0.0,0.0860702151755379,0.1633468789554326,0.0772766637798947,0.0262474185597228,0.0,0.0,0.0,0.0,0.0,0.0,0.0,0.0,0.0,0.0,0.0,0.0,0.0,0.0,0.0,0.0,0.0,0.0,0.0,0.0,0.0,0.0,0.0,0.0,-0.1544527685461612,-0.5767991407089151,-0.2171136653895274,,-0.4464469618949536,-0.4026776519052523,-0.5289855072463768,-0.1410300253060664,0.0857142857142856,0.0857142857142856,,0.2840374201775839,-0.0741069150396562,-0.2935671410481608,-0.4994947135437593,-0.5767991407089151,Industrials,20.0,3.0,26,7.314619408004009,1532.9,1775.3,8.977600926988526,7.7184187929699215,8.962045665457003,7.699389406256737
PCAR,2001Q4,2001,Q4,0,0,0,1,1536.2,261.7,1274.5,133.1,133.1,120.6,128.6,74.1,50.4,0.0,50.4,7913.9,2252.6,7922.6,2248.4,0.0,0.0866423642754849,0.1703554224710324,0.0837130581955474,0.0328082280953,0.0,0.0,0.0,0.0,0.0,0.0,0.0,0.0,0.0,0.0,0.0,0.0,0.0,0.0,0.0,0.0,0.0,0.0,0.0,0.0,0.0,0.0,0.0,0.0,-0.0811651414558287,-0.1961722488038277,0.321049974760222,,-0.5008278145695364,-0.2902869757174393,-0.2100213219616205,-0.135228660605238,0.1119465329991644,4.4105691056910565,,0.2101701656824002,0.4377447290727871,-0.2275945805897583,-0.1251662431813042,-0.1961722488038277,Industrials,20.0,4.0,27,7.337717858690689,1501.1,1671.9,8.976502337996513,7.720284216562163,8.977600926988526,7.7184187929699215
PCAR,2002Q1,2002,Q1,1,0,0,0,1501.5,245.7,1255.8,123.4,123.4,112.9,122.3,69.4,47.2,0.0,47.2,7900.0,2299.6,7913.9,2252.6,0.0,0.0821844821844821,0.1636363636363636,0.0814518814518814,0.0314352314352314,0.0,0.0,0.0,0.0,0.0,0.0,0.0,0.0,0.0,0.0,0.0,0.0,0.0,0.0,0.0,0.0,0.0,0.0,0.0,0.0,0.0,0.0,0.0,0.0,-0.0236051502145921,0.0654627539503387,-0.0926883308714919,,-0.1241272304111714,-0.1169675090252707,0.0579268292682928,-0.0088397790055249,-0.0672713529856386,-0.0672713529856386,,-0.0447218692116652,-0.0707533234859676,-0.0956194707819257,0.0912211941557314,0.0654627539503387,Industrials,20.0,1.0,28,7.314885666409363,1536.2,1537.8,8.974744612722734,7.7409252374619095,8.976502337996513,7.720284216562163
PCAR,2002Q2,2002,Q2,0,1,0,0,1801.8,301.8,1500.0,123.5,123.5,178.3,114.6,114.6,73.7,0.0,73.7,8308.7,2444.7,7900.0,2299.6,0.0,0.0685425685425685,0.1674991674991675,0.0636030636030636,0.0409035409035409,0.0,0.0,0.0,0.0,0.0,0.0,0.0,0.0,0.0,0.0,0.0,0.0,0.0,0.0,0.0,0.0,0.0,0.0,0.0,0.0,0.0,0.0,0.0,0.0,0.1754191401917932,0.8658227848101268,0.171129220023283,,0.3995290423861852,-0.1039874902267397,1.0070052539404553,0.1762860727728983,-0.0485362095531587,-0.0485362095531587,,-0.1905323319036723,-0.0036496939872955,-0.2377080828996388,0.587368046861718,0.8658227848101268,Industrials,20.0,2.0,29,7.4970962908164935,1501.5,1532.9,9.025178786114802,7.802086659501865,8.974744612722734,7.7409252374619095
PCAR,2002Q3,2002,Q3,0,0,1,0,1996.3,372.4,1623.9,114.1,114.1,258.3,204.5,204.5,128.9,0.0,128.9,8601.2,2545.8,8308.7,2444.7,0.0,0.0571557381155137,0.1865451084506336,0.1024395130992335,0.0645694534889545,0.0,0.0,0.0,0.0,0.0,0.0,0.0,0.0,0.0,0.0,0.0,0.0,0.0,0.0,0.0,0.0,0.0,0.0,0.0,0.0,0.0,0.0,0.0,0.0,0.3298914129638266,2.271573604060914,0.5187601957585644,,1.4027906976744189,0.7629310344827587,2.495726495726496,0.2930169599490404,-0.1168730650154799,-0.1168730650154799,,-0.3359405690000184,0.1420181985939894,0.3256202854591337,1.46003062518451,2.271573604060914,Industrials,20.0,3.0,30,7.599551547471126,1801.8,1501.1,9.059773263480277,7.842592948142871,9.025178786114802,7.802086659501865
PCAR,2002Q4,2002,Q4,0,0,0,1,1919.0,351.5,1567.5,116.2,116.2,226.1,235.3,185.6,122.2,0.0,122.2,8702.5,2600.7,8601.2,2545.8,0.0,0.0605523710265763,0.1831683168316831,0.1226159458051068,0.0636789994788952,0.0,0.0,0.0,0.0,0.0,0.0,0.0,0.0,0.0,0.0,0.0,0.0,0.0,0.0,0.0,0.0,0.0,0.0,0.0,0.0,0.0,0.0,0.0,0.0,0.2491863038666839,1.4246031746031749,0.3431410011463509,,0.8747927031509122,0.8297045101088649,1.50472334682861,0.2298940761082777,-0.1269722013523665,-0.1269722013523665,,-0.3011228221560736,0.0752127180620241,0.4647170757838657,0.9409460118944226,1.4246031746031749,Industrials,20.0,4.0,31,7.560080465021827,1996.3,1536.2,9.071480522592763,7.863920356499154,9.059773263480277,7.842592948142871
PCAR,2003Q1,2003,Q1,1,0,0,0,1916.8,339.7,1577.1,114.5,114.5,214.5,225.2,172.3,110.8,0.0,110.8,8976.5,2750.2,8702.5,2600.7,0.0,0.0597349749582637,0.1772224540901502,0.1174874791318864,0.057804674457429,0.0,0.0,0.0,0.0,0.0,0.0,0.0,0.0,0.0,0.0,0.0,0.0,0.0,0.0,0.0,0.0,0.0,0.0,0.0,0.0,0.0,0.0,0.0,0.0,0.2765900765900766,1.347457627118644,0.3825803825803826,,0.8999114260407439,0.8413736713000817,1.4827089337175794,0.2558528428093645,-0.0721231766612642,-0.0721231766612642,,-0.2731599278781761,0.083026108328696,0.442415780184199,0.8388499724116465,1.347457627118644,Industrials,20.0,1.0,32,7.558933974719581,1919.0,1501.5,9.102476726100237,7.919792459118057,9.071480522592763,7.863920356499154
PCAR,2003Q2,2003,Q2,0,1,0,0,2012.2,355.8,1656.4,113.1,113.1,231.7,242.7,191.1,124.1,0.0,124.1,9310.1,2950.1,8976.5,2750.2,0.0,0.0562071364675479,0.1768213895239042,0.1206142530563562,0.0616737898817214,0.0,0.0,0.0,0.0,0.0,0.0,0.0,0.0,0.0,0.0,0.0,0.0,0.0,0.0,0.0,0.0,0.0,0.0,0.0,0.0,0.0,0.0,0.0,0.0,0.1167721167721167,0.6838534599728627,0.1789264413518887,,0.2994952327537856,1.1178010471204187,0.6675392670157068,0.1042666666666667,-0.0842105263157895,-0.0842105263157895,,-0.1799674616418792,0.0556553334796903,0.8963591723991504,0.5077860869591015,0.6838534599728627,Industrials,20.0,2.0,33,7.607480774902205,1916.8,1801.8,9.138962515815821,7.989933261186822,9.102476726100237,7.919792459118057
PCAR,2003Q3,2003,Q3,0,0,1,0,2058.5,362.6,1695.9,108.6,108.6,244.5,254.0,202.3,132.5,0.0,132.5,9486.0,3092.1,9310.1,2950.1,0.0,0.0527568617925674,0.1761476803497692,0.1233908185572018,0.0643672577119261,0.0,0.0,0.0,0.0,0.0,0.0,0.0,0.0,0.0,0.0,0.0,0.0,0.0,0.0,0.0,0.0,0.0,0.0,0.0,0.0,0.0,0.0,0.0,0.0,0.0311576416370285,0.0279286268425136,-0.026315789473684,,-0.0534262485481997,0.2420537897310513,-0.0107579462102689,0.044337705523739,-0.0482033304119193,-0.0482033304119193,,-0.0769629868842918,-0.0557368037533715,0.2045236727909145,-0.0031314463125045,0.0279286268425136,Industrials,20.0,3.0,34,7.630218513876136,2012.2,1996.3,9.157677719392877,8.03692910323259,9.138962515815821,7.989933261186822
PCAR,2003Q4,2003,Q4,0,0,0,1,2207.4,405.7,1801.7,110.3,110.3,295.4,295.4,239.8,159.1,0.0,159.1,9939.6,3246.4,9486.0,3092.1,0.0,0.0499682884841895,0.1837908852043127,0.1338225967201232,0.0720757452206215,0.0,0.0,0.0,0.0,0.0,0.0,0.0,0.0,0.0,0.0,0.0,0.0,0.0,0.0,0.0,0.0,0.0,0.0,0.0,0.0,0.0,0.0,0.0,0.0,0.1502866076081292,0.3019639934533551,0.1541963015647225,,0.3065015479876161,0.2554186145346364,0.2920258620689655,0.1494098883572567,-0.0507745266781411,-0.0507745266781411,,-0.1747922065304671,0.0033988867911127,0.0913963582911874,0.1318605161896298,0.3019639934533551,Industrials,20.0,4.0,35,7.70002355040989,2058.5,1919.0,9.204382660001935,8.085609955153014,9.157677719392877,8.03692910323259
PCAR,2004Q1,2004,Q1,1,0,0,0,2501.3,457.8,2043.5,119.6,119.6,402.3,326.7,278.6,182.2,0.0,182.2,10107.1,3390.6,9939.6,3246.4,0.0,0.0478151361292128,0.1830248270899132,0.1306120817175068,0.0728421220965098,0.0,0.0,0.0,0.0,0.0,0.0,0.0,0.0,0.0,0.0,0.0,0.0,0.0,0.0,0.0,0.0,0.0,0.0,0.0,0.0,0.0,0.0,0.0,0.0,0.3049353088480802,0.6444043321299637,0.3476596997350605,,0.8755244755244755,0.4507104795737122,0.6169471851421939,0.295732673895124,0.0445414847161571,0.0445414847161571,,-0.1995453892360253,0.0327406198585389,0.1117106493610886,0.260142415474639,0.6444043321299637,Industrials,20.0,1.0,36,7.824965587915676,2207.4,1916.8,9.221092361613085,8.129057065429848,9.204382660001935,8.085609955153014
PCAR,2004Q2,2004,Q2,0,1,0,0,2786.8,531.6,2255.2,116.2,116.2,472.3,396.5,362.6,236.5,0.0,236.5,10520.4,3462.5,10107.1,3390.6,0.0,0.0416965695421271,0.1907564231376489,0.1422778814410793,0.0848643605569111,0.0,0.0,0.0,0.0,0.0,0.0,0.0,0.0,0.0,0.0,0.0,0.0,0.0,0.0,0.0,0.0,0.0,0.0,0.0,0.0,0.0,0.0,0.0,0.0,0.3849517940562568,0.9057211925866238,0.4940978077571669,,1.038411739318084,0.6337041615162753,0.8974358974358976,0.3615068823955565,0.0274093722369586,0.0274093722369586,,-0.2581623586855146,0.0788085290544606,0.1796108489317673,0.3760198735907865,0.9057211925866238,Industrials,20.0,2.0,37,7.933008033295786,2501.3,2012.2,9.261166557285271,8.15003491746266,9.221092361613085,8.129057065429848
PCAR,2004Q3,2004,Q3,0,0,1,0,2917.8,538.9,2378.9,119.7,119.7,481.8,403.1,360.4,246.7,0.0,246.7,11178.3,3722.0,10520.4,3462.5,0.0,0.041024059222702,0.1846939474946877,0.1381520323531427,0.0845500034272396,0.0,0.0,0.0,0.0,0.0,0.0,0.0,0.0,0.0,0.0,0.0,0.0,0.0,0.0,0.0,0.0,0.0,0.0,0.0,0.0,0.0,0.0,0.0,0.0,0.4174398834102502,0.8618867924528302,0.4862107004964147,,0.9705521472392638,0.587007874015748,0.7815126050420167,0.4027360103779704,0.1022099447513813,0.1022099447513813,,-0.2223938682326691,0.04851762525597,0.1196297582635605,0.3135560909809276,0.8618867924528302,Industrials,20.0,3.0,38,7.9789278518914655,2786.8,2058.5,9.32181913294209,8.222285073872717,9.261166557285271,8.15003491746266
PCAR,2004Q4,2004,Q4,0,0,0,1,3190.4,599.4,2591.0,133.0,133.0,537.9,453.0,366.6,241.4,0.0,241.4,12228.0,3762.4,11178.3,3722.0,0.0,0.0416875626880641,0.1878761283851554,0.1419884653961885,0.0756644934804413,0.0,0.0,0.0,0.0,0.0,0.0,0.0,0.0,0.0,0.0,0.0,0.0,0.0,0.0,0.0,0.0,0.0,0.0,0.0,0.0,0.0,0.0,0.0,0.0,0.4453202863096857,0.5172847265870522,0.4774463889573577,,0.8209207853757619,0.5335138794854435,0.5287739783152627,0.4380862518732307,0.2058023572076155,0.2058023572076155,,-0.1657196203297107,0.0222276701932271,0.0610201033024599,0.0497913444923079,0.5172847265870522,Industrials,20.0,4.0,39,8.068214970976326,2917.8,2207.4,9.41156545918937,8.233078083110545,9.32181913294209,8.222285073872717
PCAR,2005Q1,2005,Q1,1,0,0,0,3326.0,636.3,2689.7,134.9,134.9,581.1,489.6,416.1,274.0,0.0,274.0,12348.8,3931.0,12228.0,3762.4,0.0,0.0405592303066746,0.1913108839446782,0.1472038484666266,0.0823812387251954,0.0,0.0,0.0,0.0,0.0,0.0,0.0,0.0,0.0,0.0,0.0,0.0,0.0,0.0,0.0,0.0,0.0,0.0,0.0,0.0,0.0,0.0,0.0,0.0,0.3297085515531923,0.5038419319429199,0.3899082568807337,,0.4444444444444444,0.4986225895316805,0.4935391241923905,0.316222167849278,0.1279264214046824,0.1279264214046824,,-0.1517491407517942,0.0452728571665002,0.1270308728790117,0.1309560506220162,0.5038419319429199,Industrials,20.0,1.0,40,8.109826276018477,3190.4,2501.3,9.42139514759301,8.276903481267057,9.41156545918937,8.233078083110545
PCAR,2005Q2,2005,Q2,0,1,0,0,3555.4,679.0,2876.4,136.0,136.0,633.4,467.1,452.7,241.5,0.0,241.5,12656.1,3881.3,12348.8,3931.0,0.0,0.038251673510716,0.1909771052483546,0.1313776227709962,0.0679248467120436,0.0,0.0,0.0,0.0,0.0,0.0,0.0,0.0,0.0,0.0,0.0,0.0,0.0,0.0,0.0,0.0,0.0,0.0,0.0,0.0,0.0,0.0,0.0,0.0,0.275800200947323,0.0211416490486258,0.2772761474793077,,0.3410967605335591,0.1780580075662043,0.2484831770546054,0.2754522880454062,0.1703958691910498,0.1703958691910498,,-0.0826182122232047,0.0011568790558966,-0.0766124611898806,-0.1996069225491618,0.0211416490486258,Industrials,20.0,2.0,41,8.176504076246983,3326.0,2786.8,9.445973601527612,8.264183040495734,9.42139514759301,8.276903481267057
PCAR,2005Q3,2005,Q3,0,0,1,0,3541.0,698.5,2842.5,138.8,138.8,651.4,468.7,455.0,304.8,0.0,304.8,13043.5,4028.0,12656.1,3881.3,0.0,0.0391979666760802,0.1972606608302739,0.1323637390567636,0.0860773792713922,0.0,0.0,0.0,0.0,0.0,0.0,0.0,0.0,0.0,0.0,0.0,0.0,0.0,0.0,0.0,0.0,0.0,0.0,0.0,0.0,0.0,0.0,0.0,0.0,0.2135855781753375,0.2355087150385084,0.2961588420857302,,0.3520132835201328,0.1627387744976431,0.2624861265260823,0.1948799865484047,0.1595655806182123,0.1595655806182123,,-0.0445127220763004,0.0680407425692584,-0.0418979959815803,0.018064763834894,0.2355087150385084,Industrials,20.0,3.0,42,8.17244681834278,3555.4,2917.8,9.476121867974626,8.301273485191347,9.445973601527612,8.264183040495734
PCAR,2005Q4,2005,Q4,0,0,0,1,3635.0,703.1,2931.9,145.5,145.5,637.1,540.6,449.8,312.9,0.0,312.9,13715.4,3901.1,13043.5,4028.0,0.0,0.0400275103163686,0.1934250343878954,0.1487207702888583,0.086079779917469,0.0,0.0,0.0,0.0,0.0,0.0,0.0,0.0,0.0,0.0,0.0,0.0,0.0,0.0,0.0,0.0,0.0,0.0,0.0,0.0,0.0,0.0,0.0,0.0,0.1393555667001003,0.2961888980944489,0.1730063396730063,,0.1844208960773379,0.1933774834437087,0.2269503546099289,0.1315708220764184,0.0939849624060149,0.0939849624060149,,-0.0398212863658459,0.0295349177696724,0.0474144492926569,0.1376509107236669,0.2961888980944489,Industrials,20.0,4.0,43,8.19863945529737,3541.0,3190.4,9.526347476178866,8.269270148737805,9.476121867974626,8.301273485191347
PCAR,2006Q1,2006,Q1,1,0,0,0,3851.7,624.9,3226.8,139.4,139.4,570.1,469.9,500.7,342.0,0.0,342.0,14142.4,4075.7,13715.4,3901.1,0.0,0.0361918114079497,0.162240049848119,0.121998078770413,0.0887919619908092,0.0,0.0,0.0,0.0,0.0,0.0,0.0,0.0,0.0,0.0,0.0,0.0,0.0,0.0,0.0,0.0,0.0,0.0,0.0,0.0,0.0,0.0,0.0,0.0,0.1580577269993985,0.2481751824817517,-0.0179160773220178,,-0.0189296162450525,-0.0402369281045752,0.2033165104542176,0.1996876975127339,0.033358042994811,0.033358042994811,,-0.1076800241449901,-0.1519559864924659,-0.1712303717516466,0.0778177575964655,0.2481751824817517,Industrials,20.0,1.0,44,8.256529480188105,3635.0,3326.0,9.557003363163156,8.313043116594562,9.526347476178866,8.269270148737805
PCAR,2006Q2,2006,Q2,0,1,0,0,4168.0,814.1,3353.9,145.4,145.4,776.7,566.8,548.2,369.9,0.0,369.9,14741.9,4421.1,14142.4,4075.7,0.0,0.0348848368522072,0.1953214971209213,0.1359884836852207,0.0887476007677543,0.0,0.0,0.0,0.0,0.0,0.0,0.0,0.0,0.0,0.0,0.0,0.0,0.0,0.0,0.0,0.0,0.0,0.0,0.0,0.0,0.0,0.0,0.0,0.0,0.1723012881813579,0.5316770186335402,0.1989690721649484,,0.2262393432270288,0.2134446585313636,0.2109564833222885,0.1660061187595605,0.0691176470588235,0.0691176470588235,,-0.0880180224681043,0.0227482339671922,0.0350962425485628,0.3065557754437835,0.5316770186335402,Industrials,20.0,2.0,45,8.335431477880796,3851.7,3555.4,9.598516889946804,8.394369975363412,9.557003363163156,8.313043116594562
PCAR,2006Q3,2006,Q3,0,0,1,0,4205.4,840.5,3364.9,142.2,142.2,811.5,592.1,570.4,403.6,0.0,403.6,15457.9,4713.8,14741.9,4421.1,0.0,0.0338136681409616,0.1998620820849384,0.1407951681171826,0.0959718457221667,0.0,0.0,0.0,0.0,0.0,0.0,0.0,0.0,0.0,0.0,0.0,0.0,0.0,0.0,0.0,0.0,0.0,0.0,0.0,0.0,0.0,0.0,0.0,0.0,0.1876306128212368,0.3241469816272966,0.203292770221904,,0.2457783236106847,0.2632814166844464,0.2536263736263735,0.1837818821459982,0.0244956772334292,0.0244956772334292,,-0.1373616794874272,0.013187734663947,0.0636989338658926,0.1149485095216289,0.3241469816272966,Industrials,20.0,3.0,46,8.344362453975616,4168.0,3541.0,9.645940168251691,8.458461776352415,9.598516889946804,8.394369975363412
PCAR,2006Q4,2006,Q4,0,0,0,1,4229.0,273.3,3955.7,160.0,160.0,201.1,87.9,556.0,380.5,0.0,380.5,16107.4,4456.2,15457.9,4713.8,0.0,0.0378340033104752,0.0646252069047056,0.0207850555686923,0.089973989122724,0.0,0.0,0.0,0.0,0.0,0.0,0.0,0.0,0.0,0.0,0.0,0.0,0.0,0.0,0.0,0.0,0.0,0.0,0.0,0.0,0.0,0.0,0.0,0.0,0.1634112792297111,0.2160434643656121,-0.6112928459678566,,-0.684350965311568,-0.8374028856825749,0.2361049355269007,0.349193355844333,0.0996563573883162,0.0996563573883162,,-0.0547999860235211,-0.6658901619988553,-0.8602410710466208,0.0452395348708913,0.2160434643656121,Industrials,20.0,4.0,47,8.349957272040324,4205.4,3635.0,9.687096154044452,8.402276045172899,9.645940168251691,8.458461776352415
PCAR,2007Q1,2007,Q1,1,0,0,0,3984.5,645.6,3338.9,152.3,152.3,589.3,471.3,537.7,365.6,0.0,365.6,16109.7,4757.0,16107.4,4456.2,0.0,0.0382231145689547,0.1620278579495545,0.1182833479733969,0.091755552766972,0.0,0.0,0.0,0.0,0.0,0.0,0.0,0.0,0.0,0.0,0.0,0.0,0.0,0.0,0.0,0.0,0.0,0.0,0.0,0.0,0.0,0.0,0.0,0.0,0.0344782823168989,0.0690058479532165,0.0331253000480078,,0.0336783020522715,0.002979357310066,0.0738965448372279,0.0347402999876038,0.0925394548063127,0.0925394548063127,,0.0561260429357448,-0.0013078885192845,-0.0304490925960142,0.0333767912062752,0.0690058479532165,Industrials,20.0,1.0,48,8.290418053867977,4229.0,3851.7,9.687238926499543,8.467582690862903,9.687096154044452,8.402276045172899
PCAR,2007Q2,2007,Q2,0,1,0,0,3716.2,745.5,2970.7,157.7,157.7,693.3,564.1,430.1,298.3,0.0,298.3,16464.1,5092.9,16109.7,4757.0,0.0,0.0424358215381303,0.2006081481082826,0.1517948441956838,0.0802701684516441,0.0,0.0,0.0,0.0,0.0,0.0,0.0,0.0,0.0,0.0,0.0,0.0,0.0,0.0,0.0,0.0,0.0,0.0,0.0,0.0,0.0,0.0,0.0,0.0,-0.1083973128598848,-0.1935658286023248,-0.0842648323301805,,-0.1073773657782929,-0.0047635850388142,-0.2154323239693543,-0.1142550463639345,0.0845942228335625,0.0845942228335625,,0.216454636663874,0.0270664062342735,0.1162330815236594,-0.0955229464545746,-0.1935658286023248,Industrials,20.0,2.0,49,8.220725975683184,3984.5,4168.0,9.70899826828124,8.535799024408353,9.687238926499543,8.467582690862903
PCAR,2007Q3,2007,Q3,0,0,1,0,3761.7,763.3,2998.4,161.0,161.0,708.9,578.2,425.1,302.3,0.0,302.3,17014.8,5195.8,16464.1,5092.9,0.0,0.0427997979636866,0.2029135763085839,0.1537071005130659,0.0803626020150464,0.0,0.0,0.0,0.0,0.0,0.0,0.0,0.0,0.0,0.0,0.0,0.0,0.0,0.0,0.0,0.0,0.0,0.0,0.0,0.0,0.0,0.0,0.0,0.0,-0.1055072050221144,-0.2509910802775025,-0.0918500892325997,,-0.1264325323475046,-0.0234757642290153,-0.2547335203366058,-0.1089185414128205,0.1322081575246132,0.1322081575246132,,0.265754362563205,0.0152679997717055,0.0917072124601374,-0.1626439878243903,-0.2509910802775025,Industrials,20.0,3.0,50,8.232892063790572,3716.2,4205.4,9.741897603167368,8.555798330527304,9.70899826828124,8.535799024408353
PCAR,2007Q4,2007,Q4,0,0,0,1,3759.3,983.8,2775.5,386.8,131.3,760.9,612.4,371.4,261.1,0.0,261.1,17310.2,5013.1,17014.8,5195.8,0.0,0.0349267150799351,0.2616976564785997,0.1629026680499029,0.0694544197057963,0.0,0.0,0.0,0.0,0.0,0.0,0.0,0.0,0.0,0.0,0.0,0.0,0.0,0.0,0.0,0.0,0.0,0.0,0.0,0.0,0.0,0.0,0.0,0.0,-0.1110664459683139,-0.3137976346911957,2.5997072813757773,,2.783689706613625,5.967007963594994,-0.3320143884892087,-0.2983542735798973,-0.1793749999999999,1.4175,,-0.0768432620434654,3.049467212762525,6.8374901386011295,-0.2280611276325557,-0.3137976346911957,Industrials,20.0,4.0,51,8.232254020435152,3761.7,4229.0,9.759108969857573,8.52000922267572,9.741897603167368,8.555798330527304
PCAR,2008Q1,2008,Q1,1,0,0,0,3938.4,859.1,3079.3,255.5,172.6,729.8,578.9,423.6,292.3,82.9,375.2000000000001,17578.8,5201.1,17310.2,5013.1,0.0210491570180784,0.0438249035141174,0.2181342677229331,0.1469886248222628,0.0742179565305708,0.0,0.0,0.0,0.0,0.0,0.0,0.0,0.0,0.0,0.0,0.0,0.0,0.0,0.0,0.0,0.0,0.0,0.0,0.0,0.0,0.0,0.0,0.0,0.0,-0.0115698331032751,-0.2004923413566739,0.3307001239157372,,0.2384184625827252,0.228304689157649,-0.2122001115863865,-0.0777501572374135,0.1332895600787917,0.6776099803020352,,0.1465550101904187,0.3462763162051228,0.2426823161559648,-0.1911338955250018,0.0262582056892779,Industrials,20.0,1.0,52,8.278783706431595,3759.3,3984.5,9.774505794610176,8.556817669199456,9.759108969857573,8.52000922267572
PCAR,2008Q2,2008,Q2,0,1,0,0,4112.5,910.3,3202.2,248.2,157.5,712.3,444.2,446.0,313.5,90.7,404.2,18010.5,5416.6,17578.8,5201.1,0.0220547112462006,0.0382978723404255,0.2213495440729483,0.1080121580547112,0.0762310030395136,82.9,0.0,0.0,0.0,0.0,0.0,0.0,0.0,0.0,0.0,0.0,0.0,0.0210491570180784,0.0,0.0,0.0,0.0,0.0,0.0,0.0,0.0,0.0,0.0,0.0,0.1066411926161132,0.0509554140127388,0.2210596914822267,,0.0274051637097938,-0.2125509661407552,0.0369681469425713,0.0779277611337394,-0.0012682308180087,0.5738744451490172,,-0.0975107597242271,0.1033925897838905,-0.2884332888443222,-0.0503196329351635,0.3550117331545424,Industrials,20.0,2.0,53,8.322029526608985,3938.4,3716.2,9.79876572176457,8.597408191938817,9.774505794610176,8.556817669199456
PCAR,2008Q3,2008,Q3,0,0,1,0,4004.9,891.4,3113.5,269.5,181.4,697.8,450.8,428.6,299.0,88.1,387.1,17231.8,5339.3,18010.5,5416.6,0.0219980523858273,0.0452945142200804,0.2225773427551249,0.1125621114135184,0.0746585432844765,90.7,82.9,0.0,0.0,0.0,0.0,0.0,0.0,0.0,0.0,0.0,0.0,0.0220547112462006,0.0210491570180784,0.0,0.0,0.0,0.0,0.0,0.0,0.0,0.0,0.0,0.0,0.0646516202780658,-0.0109163083030102,0.1678239224420281,,-0.0156580617858654,-0.2203389830508475,0.0082333568572101,0.0383871398078974,0.1267080745341615,0.673913043478261,,0.0582880381470585,0.096907101063741,-0.2676843747764921,-0.0709790199364364,0.2805160436652332,Industrials,20.0,3.0,54,8.295523553358027,4112.5,3761.7,9.75456982357389,8.583037110151498,9.79876572176457,8.597408191938817
PCAR,2008Q4,2008,Q4,0,0,0,1,2916.7,574.8,2341.9,125.6,45.5,704.2,537.0,13341.8,113.1,80.1,193.2,16249.8,4846.7,17231.8,5339.3,0.0274625432852195,0.0155998217163232,0.1970720334624747,0.1841121815750677,0.0387766996948606,88.1,90.7,82.9,0.0,0.0,0.0,0.0,0.0,0.0,0.0,0.0,0.0,0.0219980523858273,0.0220547112462006,0.0210491570180784,0.0,0.0,0.0,0.0,0.0,0.0,0.0,0.0,0.0,-0.224137472401777,-0.5668326311757947,-0.4157349054685911,,-0.0745170193192271,-0.1231221423905943,34.92299407646742,-0.1562241037650873,-0.6534653465346535,-0.6752843846949328,,-0.5533555995569386,-0.2469476566421211,0.1301974594956763,-0.4416957213217558,-0.2600536193029491,Industrials,20.0,4.0,55,7.978550913653471,4004.9,3759.3,9.69589741731532,8.486259644646312,9.75456982357389,8.583037110151498
PCAR,2009Q1,2009,Q1,1,0,0,0,1985.2,424.1,1561.1,187.0,109.7,298.0,229.1,36.6,26.3,52.3,78.6,15068.1,4731.3,16249.8,4846.7,0.026344952649607,0.0552589159782389,0.213630868426355,0.1154039895224662,0.0132480354624219,80.1,88.1,90.7,82.9,0.0,0.0,0.0,0.0,0.0,0.0,0.0,0.0,0.0274625432852195,0.0219980523858273,0.0220547112462006,0.0210491570180784,0.0,0.0,0.0,0.0,0.0,0.0,0.0,0.0,-0.4959374365224457,-0.9100239479986316,-0.5063438482132464,-0.3691194209891436,-0.5916689503973691,-0.6042494385904301,-0.913597733711048,-0.4930341311336993,-0.3644264194669756,-0.2681017612524462,0.2515918156237944,0.260902170849921,-0.020645079489749,-0.2148780923557071,-0.8214982454149761,-0.7905117270788913,Industrials,20.0,1.0,56,7.593978544469258,2916.7,3938.4,9.620401568536556,8.462166621229022,9.69589741731532,8.486259644646312
PCAR,2009Q2,2009,Q2,0,1,0,0,1845.8,353.0,1492.8,182.4,100.5,165.7,66.1,27.9,26.5,52.8,79.3,14922.5,4916.0,15068.1,4731.3,0.0275828571390361,0.054447935854372,0.1912449886228193,0.0358110304475024,0.0143569184093617,52.3,80.1,88.1,90.7,82.9,0.0,0.0,0.0,0.0,0.0,0.0,0.0,0.026344952649607,0.0274625432852195,0.0219980523858273,0.0220547112462006,0.0210491570180784,0.0,0.0,0.0,0.0,0.0,0.0,0.0,-0.5511732522796353,-0.9154704944178628,-0.6122157530484456,-0.4178610804851158,-0.7673732977677945,-0.8511931562359298,-0.9374439461883408,-0.5338204984073449,-0.3619047619047619,-0.2651087832393231,0.2970236788953089,0.4216961028641601,-0.1360045966040374,-0.6684537084300906,-0.8116656237368409,-0.8038099950519545,Industrials,20.0,2.0,57,7.521209690632833,1985.2,4112.5,9.610692430697524,8.50045386741194,9.620401568536556,8.462166621229022
PCAR,2009Q3,2009,Q3,0,0,1,0,2000.2,353.7,1646.5,178.5,108.5,262.2,65.8,16.8,13.0,43.4,56.4,14797.4,5032.9,14922.5,4916.0,0.0216978302169783,0.0542445755424457,0.1768323167683231,0.0328967103289671,0.0064993500649935,52.8,52.3,80.1,88.1,90.7,82.9,0.0,0.0,0.0,0.0,0.0,0.0,0.0275828571390361,0.026344952649607,0.0274625432852195,0.0219980523858273,0.0220547112462006,0.0210491570180784,0.0,0.0,0.0,0.0,0.0,0.0,-0.5005618117805688,-0.9565217391304348,-0.6032084361678258,-0.5073779795686719,-0.6242476354256234,-0.8540372670807453,-0.9608026131591229,-0.4711739200256946,-0.4018743109151047,-0.3376623376623376,-0.0136476704202451,0.1975970264054078,-0.2055241805862044,-0.7077461508507534,-0.9129456619555436,-0.8543012141565487,Industrials,20.0,3.0,58,7.60150227961405,1845.8,4004.9,9.602274345799996,8.523950310579398,9.610692430697524,8.50045386741194
PCAR,2009Q4,2009,Q4,0,0,0,1,2132.0,349.0,1783.0,317.3,116.2,310.4,155.0,93.7,46.1,50.7,96.8,14569.0,5103.7,14797.4,5032.9,0.023780487804878,0.0545028142589118,0.1636960600375234,0.072701688555347,0.0216228893058161,43.4,52.8,52.3,80.1,88.1,90.7,82.9,0.0,0.0,0.0,0.0,0.0,0.0216978302169783,0.0275828571390361,0.026344952649607,0.0274625432852195,0.0219980523858273,0.0220547112462006,0.0210491570180784,0.0,0.0,0.0,0.0,0.0,-0.2690369252922823,-0.5923961096374889,-0.3928322894919972,-0.3670411985018725,-0.5592161317807441,-0.7113594040968343,-0.9929769596306346,-0.2386523762756736,1.553846153846154,1.5262738853503186,-0.1340755458116378,2.493810073603694,-0.1693592583308198,-0.6051228770775031,-0.442374171191212,-0.4989648033126292,Industrials,20.0,4.0,59,7.665284718471351,2000.2,2916.7,9.58671989918925,8.537916962956213,9.602274345799996,8.523950310579398
PCAR,2010Q1,2010,Q1,1,0,0,0,1984.3,216.5,1767.8,192.1,115.6,186.5,152.8,96.0,68.3,54.8,123.1,13990.0,5092.6,14569.0,5103.7,0.0275828571390361,0.0582573199616993,0.1091064859144282,0.0770044852088897,0.0344201985586856,50.7,43.4,52.8,52.3,80.1,88.1,90.7,82.9,0.0,0.0,0.0,0.0,0.023780487804878,0.0216978302169783,0.0275828571390361,0.026344952649607,0.0274625432852195,0.0219980523858273,0.0220547112462006,0.0210491570180784,0.0,0.0,0.0,0.0,-0.0004533548257102,1.5969581749049429,-0.4895071917000707,0.0478011472275334,-0.3741610738255033,-0.3330423395896987,1.622950819672131,0.1324066363461662,0.0537830446672742,0.0272727272727273,0.0482763883868866,0.0542609989787195,-0.489275652352457,-0.3327398339734264,1.5981360524221602,0.5661577608142494,Industrials,20.0,1.0,60,7.593525315203033,2132.0,1985.2,9.546169544733285,8.535740128702816,9.58671989918925,8.537916962956213
PCAR,2010Q2,2010,Q2,0,1,0,0,2224.8,269.9,1954.9,202.3,119.8,-27.4,144.3,148.6,99.6,58.4,158.0,13422.3,4994.4,13990.0,5092.6,0.0262495505213951,0.0538475368572455,0.121314275440489,0.0648597626752966,0.0447680690399136,54.8,50.7,43.4,52.8,52.3,80.1,88.1,90.7,82.9,0.0,0.0,0.0,0.0275828571390361,0.023780487804878,0.0216978302169783,0.0275828571390361,0.026344952649607,0.0274625432852195,0.0219980523858273,0.0220547112462006,0.0210491570180784,0.0,0.0,0.0,0.2053310217791744,2.7584905660377355,-0.2354107648725213,0.1060606060606061,-1.1653590826795412,1.1830559757942516,4.326164874551972,0.309552518756699,0.1920398009950248,0.1091008771929824,-0.0823594630228934,-0.0110270295412546,-0.3656603693822815,0.8111671701371037,2.118222710712177,0.9924337957124842,Industrials,20.0,2.0,61,7.707871680539325,1984.3,1845.8,9.504747281936165,8.516272767956496,9.546169544733285,8.535740128702816
PCAR,2010Q3,2010,Q3,0,0,1,0,2542.5,523.3,2019.2,189.8,116.2,381.2,224.1,176.8,119.9,59.9,179.8,13983.5,5316.0,13422.3,4994.4,0.023559488692232,0.0457030481809242,0.2058210422812192,0.0881415929203539,0.0471583087512291,58.4,54.8,50.7,43.4,52.8,52.3,80.1,88.1,90.7,82.9,0.0,0.0,0.0262495505213951,0.0275828571390361,0.023780487804878,0.0216978302169783,0.02758439962434144,0.026344952649607,0.0274625432852195,0.0219980523858273,0.0220547112462006,0.0210491570180784,0.0,0.0,0.2711228877112288,8.223076923076924,0.4795024031665251,0.3801843317972351,0.4538520213577421,2.405775075987842,9.523809523809524,0.2263589432128758,0.0709677419354839,0.0633053221288515,0.0857992922166486,-0.1574632537190344,0.1639334146759818,1.6793436802324018,6.255849935708344,2.187943262411348,Industrials,20.0,3.0,62,7.84129636426282,2224.8,2000.2,9.545704852404858,8.57866451350434,9.504747281936165,8.516272767956496
PCAR,2010Q4,2010,Q4,0,0,0,1,2950.8,493.9,2456.9,316.8,129.9,450.4,281.9,238.9,169.8,65.4,235.2,14234.1,5357.8,13983.5,5316.0,0.0221634810898739,0.0440219601464009,0.1673783380778093,0.0955334146672088,0.057543716958113,59.9,58.4,54.8,50.7,43.4,52.8,52.3,80.1,88.1,90.7,82.9,0.0,0.023559488692232,0.0262495505213951,0.0275828571390361,0.023780487804878,0.0216978302169783,0.02758594210964678,0.026344952649607,0.0274625432852195,0.0219980523858273,0.0220547112462006,0.0210491570180784,0.0,0.3840525328330206,2.683297180043384,0.415186246418338,0.289940828402367,0.4510309278350515,0.8187096774193547,1.5496264674493063,0.3779584969153113,0.1179001721170396,-0.0015757957768672,-0.0679972054514551,-0.1922993198612145,0.022494603959569,0.3140467101321893,1.6612408797114324,1.4297520661157024,Industrials,20.0,4.0,63,7.990170432747676,2542.5,2132.0,9.563466024625995,8.586495348402831,9.545704852404858,8.57866451350434
PCAR,2011Q1,2011,Q1,1,0,0,0,3283.6,651.3,2632.3,212.0,133.1,499.2,328.8,286.3,193.3,68.4,261.70000000000005,15133.7,5648.9,14234.1,5357.8,0.0208307954683883,0.0405347789012059,0.1983493726397855,0.1001339992690949,0.0588683152637349,65.4,59.9,58.4,54.8,50.7,43.4,52.8,52.3,80.1,88.1,90.7,82.9,0.0221634810898739,0.023559488692232,0.0262495505213951,0.0275828571390361,0.023780487804878,0.0216978302169783,0.02758748459495212,0.026344952649607,0.0274625432852195,0.0219980523858273,0.0220547112462006,0.0210491570180784,0.6547901023030791,1.8301610541727675,2.008314087759815,0.2481751824817519,1.676675603217158,1.1518324607329844,1.9822916666666668,0.4890259079081345,0.1513840830449826,0.103591879229568,-0.2457199370816968,-0.3042114033420151,0.8179430029058963,0.3003658033355039,0.7102840113884221,1.1259138911454103,Industrials,20.0,1.0,64,8.09700015790346,2950.8,1984.3,9.624745399653818,8.63939312486881,9.563466024625995,8.586495348402831
PCAR,2011Q2,2011,Q2,0,1,0,0,3960.7,729.6,3231.1,221.7,133.2,568.3,389.4,353.2,239.7,77.5,317.2,16301.0,5914.0,15133.7,5648.9,0.0195672482136996,0.033630418865352,0.1842098618930997,0.0983159542505112,0.060519605120307,68.4,65.4,59.9,58.4,54.8,50.7,43.4,52.8,52.3,80.1,88.1,90.7,0.0208307954683883,0.0221634810898739,0.023559488692232,0.0262495505213951,0.02758439962434144,0.023780487804878,0.0216978302169783,0.027589027080257462,0.026344952649607,0.0274625432852195,0.0219980523858273,0.0220547112462006,0.7802499101042788,1.4066265060240966,1.70322341608003,0.327054794520548,-21.74087591240876,1.698544698544698,1.3768506056527592,0.6528211161696249,0.1118530884808013,0.0958971824023726,-0.2545682564068686,-0.3754511194354313,0.5184516514996973,0.5158235274881324,0.3518475649764967,1.0075949367088608,Industrials,20.0,2.0,65,8.284428505057972,3283.6,2224.8,9.699043078654404,8.685246776412487,9.624745399653818,8.63939312486881
PCAR,2011Q3,2011,Q3,0,0,1,0,4257.1,773.1,3484.0,217.8,137.1,617.6,432.3,394.7,281.6,70.0,351.6,16354.3,5593.9,16301.0,5914.0,0.0164431185548847,0.03220502219821,0.1816024993540203,0.1015480021610955,0.066148316929365,77.5,68.4,65.4,59.9,58.4,54.8,50.7,43.4,52.8,52.3,80.1,88.1,0.0195672482136996,0.0208307954683883,0.0221634810898739,0.023559488692232,0.0262495505213951,0.02758594210964678,0.023780487804878,0.0216978302169783,0.027590569565562804,0.026344952649607,0.0274625432852195,0.0219980523858273,0.6743756145526059,1.3486238532110093,0.477355245557042,0.1686143572621035,0.6201469045120673,0.92904953145917,1.232466063348416,0.7254358161648178,0.1798623063683304,0.1475237091675447,-0.3020596172655333,-0.2953419196303869,-0.1176679636774378,0.1521008277313054,0.4026863702494632,0.9555061179087876,Industrials,20.0,3.0,66,8.356578330381973,3960.7,2542.5,9.702307282818621,8.629610747485316,9.699043078654404,8.685246776412487
PCAR,2011Q4,2011,Q4,0,0,0,1,4744.1,749.7,3994.4,348.3,143.5,688.5,511.1,472.7,327.7,72.3,400.0,17172.7,5364.4,16354.3,5593.9,0.0152399822937965,0.0302480976370649,0.1580278661916907,0.1077338167407938,0.0690752724436668,70.0,77.5,68.4,65.4,59.9,58.4,54.8,50.7,43.4,52.8,52.3,80.1,0.0164431185548847,0.0195672482136996,0.0208307954683883,0.0221634810898739,0.023559488692232,0.0262495505213951,0.02758748459495212,0.023780487804878,0.0216978302169783,0.027592112050868145,0.026344952649607,0.0274625432852195,0.6077334960010845,0.9299175500588924,0.5179186070054669,0.1055045871559632,0.5286412078152753,0.813054274565449,0.9786521557136876,0.6257885953844275,0.1046959199384141,0.0994318181818181,-0.3123831842120073,-0.3128861700735077,-0.0558642892114981,0.1277082172356667,0.200396430664147,0.7006802721088434,Industrials,20.0,4.0,67,8.464867785637553,4257.1,2950.8,9.751134422813875,8.587726209601477,9.702307282818621,8.629610747485316
PCAR,2012Q1,2012,Q1,1,0,0,0,4514.7,594.8,3919.9,198.1,125.8,638.6,509.8,479.0,327.3,72.3,399.6,18157.8,5719.1,17172.7,5364.4,0.0160143531131636,0.0278645314195849,0.1317474029282122,0.1129200168338981,0.072496511396106,72.3,70.0,77.5,68.4,65.4,59.9,58.4,54.8,50.7,43.4,52.8,52.3,0.0152399822937965,0.0164431185548847,0.0195672482136996,0.0208307954683883,0.0221634810898739,0.023559488692232,0.0262495505213951,0.027589027080257462,0.023780487804878,0.0216978302169783,0.027593654536173486,0.026344952649607,0.3749238640516505,0.6932229694774961,-0.0867495777675418,0.0570175438596489,0.2792467948717949,0.5504866180048662,0.6730702060775409,0.4891539718117235,-0.0548459804658151,-0.0655660377358491,-0.2312173993803479,-0.3125771948208188,-0.3357810958773563,0.1276890732231994,0.231503077187035,0.5269392434084827,Industrials,20.0,1.0,68,8.415315492593509,4744.1,3283.6,9.806910570676797,8.651741566738508,9.751134422813875,8.587726209601477
PCAR,2012Q2,2012,Q2,0,1,0,0,4457.2,824.7,3632.5,225.4,146.6,615.3,477.8,446.3,297.2,73.8,371.0,18244.8,5712.1,18157.8,5719.1,0.0165574800323072,0.0328906039666158,0.1850264740195638,0.1071973436237997,0.0666786323252266,72.3,72.3,70.0,77.5,68.4,65.4,59.9,58.4,54.8,50.7,43.4,52.8,0.0160143531131636,0.0152399822937965,0.0164431185548847,0.0195672482136996,0.0208307954683883,0.0221634810898739,0.023559488692232,0.0262495505213951,0.027590569565562804,0.023780487804878,0.0216978302169783,0.027595197021478828,0.1253566288787335,0.2398831873174802,0.130345394736842,-0.0477419354838709,0.0827027978180539,0.2270159219311762,0.2635900339750849,0.1242301383429791,0.1006006006006006,0.0166892196662156,-0.1538166301424589,-0.0219983849055912,0.0044330532473775,0.0903351794832652,0.1017691241156653,0.169609079445145,Industrials,20.0,2.0,69,8.402500376106833,4514.7,3960.7,9.811690195538755,8.650517062509657,9.806910570676797,8.651741566738508
PCAR,2012Q3,2012,Q3,0,0,1,0,3820.2,711.7,3108.5,206.0,136.5,514.1,378.5,345.4,233.6,66.8,300.4,18692.5,5862.1,18244.8,5712.1,0.0174859954976179,0.0357311135542641,0.1862991466415371,0.0990785822731794,0.0611486309617297,73.8,72.3,72.3,70.0,77.5,68.4,65.4,59.9,58.4,54.8,50.7,43.4,0.0165574800323072,0.0160143531131636,0.0152399822937965,0.0164431185548847,0.0195672482136996,0.0208307954683883,0.0221634810898739,0.023559488692232,0.0262495505213951,0.027592112050868145,0.023780487804878,0.0216978302169783,-0.1026285499518452,-0.1704545454545455,-0.0794205148105031,-0.0457142857142857,-0.1675841968911917,-0.1244506130002313,-0.1249049911325057,-0.1077784156142365,-0.0043763676148795,-0.054178145087236,0.0634233061844182,0.1094888658778852,0.0258622392545435,-0.0243177594375384,-0.0755829656705264,-0.1456200227531287,Industrials,20.0,3.0,70,8.248319788395854,4457.2,4257.1,9.835931148835138,8.676433752933379,9.811690195538755,8.650517062509657
PCAR,2012Q4,2012,Q4,0,0,0,1,3997.0,559.7,3437.3,209.8,138.6,384.9,198.2,358.2,253.5,66.4,319.9,18627.8,5846.9,18692.5,5862.1,0.0166124593445083,0.0346760070052539,0.1400300225168876,0.0495871903927945,0.0634225669251939,66.8,73.8,72.3,72.3,70.0,77.5,68.4,65.4,59.9,58.4,54.8,50.7,0.0174859954976179,0.0165574800323072,0.0160143531131636,0.0152399822937965,0.0164431185548847,0.0195672482136996,0.0208307954683883,0.0221634810898739,0.023559488692232,0.0262495505213951,0.027593654536173486,0.023780487804878,-0.1574798170358973,-0.2264266097039975,-0.2534347072162198,-0.0816044260027661,-0.4409586056644881,-0.6122089610643711,-0.242225513010366,-0.1394702583617063,-0.0341463414634146,-0.397645707723227,0.0900576538904871,0.1463863751472141,-0.1138903163633896,-0.5397249267414267,-0.0818339952706366,-0.20025,Industrials,20.0,4.0,71,8.293549515060345,3820.2,4744.1,9.832464049282752,8.673837901420208,9.835931148835138,8.676433752933379
PCAR,2013Q1,2013,Q1,1,0,0,0,3924.3,552.0,3372.3,219.8,141.2,415.6,325.7,337.2,236.1,72.1,308.2,18834.1,5947.9,18627.8,5846.9,0.0183727034120734,0.0359809392757944,0.1406620288968733,0.0829956934994776,0.0601635960553474,66.4,66.8,73.8,72.3,72.3,70.0,77.5,68.4,65.4,59.9,58.4,54.8,0.0166124593445083,0.0174859954976179,0.0165574800323072,0.0160143531131636,0.0152399822937965,0.0164431185548847,0.0195672482136996,0.0208307954683883,0.0221634810898739,0.023559488692232,0.0262495505213951,0.027595197021478828,-0.1307728088245064,-0.2786434463794685,-0.0719569603227975,-0.0027662517289073,-0.3492013780144065,-0.3611220086308356,-0.2960334029227558,-0.1396974412612566,0.1224165341812399,0.1095406360424029,0.1472647869223813,0.2912809741528537,0.0676645290193578,-0.2650045950527824,-0.1701173629359087,-0.2287287287287288,Industrials,20.0,1.0,72,8.275198060416665,3997.0,4514.7,9.843477429376714,8.690961607498801,9.832464049282752,8.673837901420208
PCAR,2013Q2,2013,Q2,0,1,0,0,4300.5,627.6,3672.9,203.1,136.0,516.3,416.5,432.9,291.6,61.8,353.40000000000003,19202.0,6111.6,18834.1,5947.9,0.0143704220439483,0.0316242297407278,0.1459365190094175,0.0968492035809789,0.067806069061737,72.1,66.4,66.8,73.8,72.3,72.3,70.0,77.5,68.4,65.4,59.9,58.4,0.0183727034120734,0.0166124593445083,0.0174859954976179,0.0165574800323072,0.0160143531131636,0.0152399822937965,0.0164431185548847,0.0195672482136996,0.0208307954683883,0.0221634810898739,0.023559488692232,0.0262495505213951,-0.0351566005564031,-0.0188425302826378,-0.2389959985449254,-0.1626016260162601,-0.1608971233544612,-0.1282963583089158,-0.0300246470983643,0.0111218169304887,-0.0723055934515688,-0.0989352262644188,-0.1320888193186082,-0.0385026139128782,-0.2112668212334477,-0.0965335491813743,0.0169085162246778,-0.0474393530997303,Industrials,20.0,2.0,73,8.366719078061402,3924.3,4457.2,9.862821795810113,8.718107493567507,9.843477429376714,8.690961607498801
PCAR,2013Q3,2013,Q3,0,0,1,0,4300.1,630.9,3669.2,194.9,134.7,532.1,428.7,440.0,309.4,56.6,366.0,20311.6,6480.9,19202.0,6111.6,0.0131624845933815,0.0313248529103974,0.1467175181972512,0.0996953559219552,0.071951815074068,61.8,72.1,66.4,66.8,73.8,72.3,72.3,70.0,77.5,68.4,65.4,59.9,0.0143704220439483,0.0183727034120734,0.0166124593445083,0.0174859954976179,0.0165574800323072,0.0160143531131636,0.0152399822937965,0.0164431185548847,0.0195672482136996,0.0208307954683883,0.0221634810898739,0.023559488692232,0.1256216951992044,0.3244863013698629,-0.1135309821554027,-0.152694610778443,0.0350126434545807,0.1326287978863936,0.2738853503184715,0.1803763873250763,-0.0131868131868132,-0.053883495145631,-0.2472556340773025,-0.1233171934923059,-0.2124627469198552,0.0062250956223344,0.1766709073028882,0.218375499334221,Industrials,20.0,3.0,74,8.366626082920332,4300.5,3820.2,9.918996662136898,8.776768956245249,9.862821795810113,8.718107493567507
PCAR,2013Q4,2013,Q4,0,0,0,1,4598.9,685.0,3913.9,206.0,147.6,583.0,472.2,484.9,334.2,60.9,395.1,20725.5,6634.3,20311.6,6480.9,0.0132422970710387,0.032094631324882,0.1489486616364783,0.1026767270434234,0.0726695514144686,56.6,61.8,72.1,66.4,66.8,73.8,72.3,72.3,70.0,77.5,68.4,65.4,0.0131624845933815,0.0143704220439483,0.0183727034120734,0.0166124593445083,0.0174859954976179,0.0165574800323072,0.0160143531131636,0.0152399822937965,0.0164431185548847,0.0195672482136996,0.0208307954683883,0.0221634810898739,0.1505879409557167,0.3183431952662721,0.2238699303198141,-0.0828313253012049,0.5146791374382957,1.3824419778002015,0.3537130094919039,0.1386553399470513,0.0649350649350648,-0.0181124880838894,-0.202869557335214,-0.0744427027016341,0.0636909068447448,1.070630060507384,0.1457995937026877,0.2350734604563926,Industrials,20.0,4.0,75,8.433789843110453,4300.1,3997.0,9.93916835374151,8.80015916051431,9.918996662136898,8.776768956245249
PCAR,2014Q1,2014,Q1,1,0,0,0,4379.9,603.5,3776.4,201.4,145.0,507.1,396.3,406.5,273.9,52.7,326.6,20597.6,6863.5,20725.5,6634.3,0.0120322381789538,0.0331057786707459,0.1377885339847941,0.0904815178428731,0.0625356743304641,60.9,56.6,61.8,72.1,66.4,66.8,73.8,72.3,72.3,70.0,77.5,68.4,0.0132422970710387,0.0131624845933815,0.0143704220439483,0.0183727034120734,0.0166124593445083,0.0174859954976179,0.0165574800323072,0.0160143531131636,0.0152399822937965,0.0164431185548847,0.0195672482136996,0.0208307954683883,0.1160971383431439,0.1601016518424396,0.0932971014492753,-0.2690707350901524,0.2201636188642926,0.2167638931532085,0.2055160142348755,0.1198291966906859,0.0269121813031161,-0.083712465878071,-0.3451024648312255,-0.0799078807534829,-0.0204283624700583,0.0901953345741082,0.0394271358536235,0.0597014925373133,Industrials,20.0,1.0,76,8.385009461714535,4598.9,3924.3,9.932978391303159,8.83411848233766,9.93916835374151,8.80015916051431
PCAR,2014Q2,2014,Q2,0,1,0,0,4569.6,668.1,3901.5,193.5,139.6,585.3,469.1,481.0,319.2,49.9,369.1,20907.4,7159.3,20597.6,6863.5,0.0109199929971988,0.0305497198879551,0.1462053571428571,0.10265668767507,0.0698529411764705,52.7,60.9,56.6,61.8,72.1,66.4,66.8,73.8,72.3,72.3,70.0,77.5,0.0120322381789538,0.0132422970710387,0.0131624845933815,0.0143704220439483,0.0183727034120734,0.0166124593445083,0.0174859954976179,0.0165574800323072,0.0160143531131636,0.0152399822937965,0.0164431185548847,0.0195672482136996,0.062574119288455,0.0946502057613167,0.0645315487571702,-0.1925566343042071,0.1336432306798374,0.1262905162064826,0.1111111111111111,0.0622396471453075,0.026470588235294,-0.0472673559822747,-0.2401063125492915,-0.0339774236900644,0.0018421580510787,0.059964190508136,0.0301871520213019,0.0444255800792301,Industrials,20.0,2.0,77,8.427399766298784,4379.9,4300.5,9.947906271082754,8.876307158518275,9.932978391303159,8.83411848233766
PCAR,2014Q3,2014,Q3,0,0,1,0,4928.4,742.2,4186.2,192.0,136.7,660.9,544.5,552.4,371.4,50.5,421.9,21026.1,7162.7,20907.4,7159.3,0.0102467332197061,0.0277371966561155,0.1505965424884344,0.1104821037253469,0.0753591429267104,49.9,52.7,60.9,56.6,61.8,72.1,66.4,66.8,73.8,72.3,72.3,70.0,0.0109199929971988,0.0120322381789538,0.0132422970710387,0.0131624845933815,0.0143704220439483,0.0183727034120734,0.0166124593445083,0.0174859954976179,0.0165574800323072,0.0160143531131636,0.0152399822937965,0.0164431185548847,0.1461128810957883,0.2003878474466709,0.1764146457441751,-0.107773851590106,0.2420597632024055,0.2701189643107069,0.2554545454545454,0.1409026490788183,0.0148478099480326,-0.0148794253463314,-0.2215198318364204,-0.1145306656201736,0.0264387261919747,0.1081970940736285,0.0473556900424947,0.1527322404371585,Industrials,20.0,3.0,78,8.502972555776266,4569.6,4300.1,9.9535673609473,8.876781886256875,9.947906271082754,8.876307158518275
PCAR,2014Q4,2014,Q4,0,0,0,1,5119.1,779.4,4339.7,205.5,140.1,692.9,568.6,577.7,394.3,62.5,456.8,20618.8,6753.2,21026.1,7162.7,0.0122091773944638,0.0273680920474302,0.1522533257799222,0.1110742122638745,0.0770252583461936,50.5,49.9,52.7,60.9,56.6,61.8,72.1,66.4,66.8,73.8,72.3,72.3,0.0102467332197061,0.0109199929971988,0.0120322381789538,0.0132422970710387,0.0131624845933815,0.0143704220439483,0.0183727034120734,0.0166124593445083,0.0174859954976179,0.0165574800323072,0.0160143531131636,0.0152399822937965,0.1131140055230599,0.1798324356672651,0.137810218978102,0.0262725779967158,0.1885077186963979,0.2041507835662854,0.1913796659104971,0.1087917422519737,-0.0508130081300812,-0.0024271844660194,-0.0780166515697884,-0.1472688447362683,0.0221865984369113,0.081785672978256,0.0599385416167266,0.1561629967096938,Industrials,20.0,4.0,79,8.540929249092821,4928.4,4598.9,9.934007058202864,8.817919812588814,9.9535673609473,8.876781886256875
PCAR,2015Q1,2015,Q1,1,0,0,0,4832.7,753.0,4079.7,191.9,133.0,666.9,556.0,561.7,378.4,56.2,434.6,20326.8,6731.6,20618.8,6753.2,0.0116291100213131,0.0275208475593353,0.1558135203923272,0.1150495582179734,0.078299915161297,62.5,50.5,49.9,52.7,60.9,56.6,61.8,72.1,66.4,66.8,73.8,72.3,0.0122091773944638,0.0102467332197061,0.0109199929971988,0.0120322381789538,0.0132422970710387,0.0131624845933815,0.0143704220439483,0.0183727034120734,0.0166124593445083,0.0174859954976179,0.0165574800323072,0.0160143531131636,0.1033813557387155,0.3815261044176707,0.2477216238608119,0.0664136622390891,0.3151252218497335,0.40297754226596,0.3817958179581797,0.0803145853193516,-0.0827586206896552,-0.0471698113207547,-0.0335040041299922,-0.1686995846542556,0.1308163015183996,0.271525511074695,0.2520839664657346,0.3306797305572566,Industrials,20.0,1.0,80,8.48336749893214,5119.1,4379.9,9.919744686305398,8.814716677898875,9.934007058202864,8.817919812588814
PCAR,2015Q2,2015,Q2,0,1,0,0,5079.9,843.2,4236.7,195.0,132.1,763.0,642.9,652.2,447.2,59.3,506.5,21415.3,7218.6,20326.8,6731.6,0.0116734581389397,0.0260044489064745,0.165987519439359,0.1265576094017599,0.0880332290005708,56.2,62.5,50.5,49.9,52.7,60.9,56.6,61.8,72.1,66.4,66.8,73.8,0.0116291100213131,0.0122091773944638,0.0102467332197061,0.0109199929971988,0.0120322381789538,0.0132422970710387,0.0131624845933815,0.0143704220439483,0.0183727034120734,0.0166124593445083,0.0174859954976179,0.0165574800323072,0.1116727941176469,0.4010025062656641,0.2620865139949109,0.188376753507014,0.303604988894584,0.3704966958004689,0.3559251559251559,0.0859156734589259,-0.0537249283667621,0.0077519379844961,0.0689986836011833,-0.1487827383737388,0.1353039497531736,0.2328238156518483,0.2602651730608043,0.3722568409645084,Industrials,20.0,2.0,81,8.53324369023493,4832.7,4569.6,9.971907593320228,8.884554828690094,9.919744686305398,8.814716677898875
PCAR,2015Q3,2015,Q3,0,0,1,0,4847.2,814.2,4033.0,191.0,131.0,735.9,617.0,624.5,431.2,57.6,488.8,21519.8,7343.8,21415.3,7218.6,0.0118831490344941,0.0270259118666446,0.1679732629146724,0.1272899818451889,0.0889585740221158,59.3,56.2,62.5,50.5,49.9,52.7,60.9,56.6,61.8,72.1,66.4,66.8,0.0116734581389397,0.0116291100213131,0.0122091773944638,0.0102467332197061,0.0109199929971988,0.0120322381789538,0.0132422970710387,0.0131624845933815,0.0143704220439483,0.0183727034120734,0.0166124593445083,0.0174859954976179,-0.0164759353948542,0.1610123855681207,0.0970088924818108,0.1405940594059407,0.1134816159782114,0.1331496786042241,0.1305213613323679,-0.036596435908461,-0.0416971470373078,-0.0052083333333333,0.1597012218138795,-0.02564371584805,0.1153859188206296,0.1521321331971152,0.1804615945357992,0.1585683811329699,Industrials,20.0,3.0,82,8.486362781023635,5079.9,4928.4,9.976775188305947,8.90174785882949,9.971907593320228,8.884554828690094
PCAR,2015Q4,2015,Q4,0,0,0,1,4355.3,710.9,3644.4,215.8,145.4,602.3,489.9,498.7,347.2,66.7,413.9,21109.8,6940.4,21519.8,7343.8,0.0153146740752646,0.033384611852226,0.1632264137946869,0.1124836406217711,0.0797189631024269,57.6,59.3,56.2,62.5,50.5,49.9,52.7,60.9,56.6,61.8,72.1,66.4,0.0118831490344941,0.0116734581389397,0.0116291100213131,0.0122091773944638,0.0102467332197061,0.0109199929971988,0.0120322381789538,0.0132422970710387,0.0131624845933815,0.0143704220439483,0.0183727034120734,0.0166124593445083,-0.1492059151022641,-0.1194521937610956,-0.0878881190659481,0.0672000000000001,-0.1307547986722471,-0.1384101301442138,-0.1367491777739311,-0.160218448279835,0.0378301213418987,0.0501216545012166,0.2543575689389938,0.2198370202193451,0.0720712533440877,0.0126890691292802,0.0349717068669379,-0.0939141856392294,Industrials,20.0,4.0,83,8.379378352204801,4847.2,5119.1,9.95754003685571,8.845258762262898,9.976775188305947,8.90174785882949
PCAR,2016Q1,2016,Q1,1,0,0,0,4300.0,705.2,3594.8,197.8,134.8,628.4,1444.3,-429.6,-594.6,59.6,-535.0,21356.9,6343.2,21109.8,6940.4,0.013860465116279,0.0313488372093023,0.164,0.3358837209302325,-0.1382790697674418,66.7,57.6,59.3,56.2,62.5,50.5,49.9,52.7,60.9,56.6,61.8,72.1,0.0153146740752646,0.0118831490344941,0.0116734581389397,0.0116291100213131,0.0122091773944638,0.0102467332197061,0.0109199929971988,0.0120322381789538,0.0132422970710387,0.0131624845933815,0.0143704220439483,0.0183727034120734,-0.1102282368034431,-2.571353065539112,-0.0634794156706506,0.0604982206405693,-0.0577297945718998,1.5976618705035972,-1.764821078867723,-0.1188567786847071,0.0135338345864661,0.030745179781136,0.1918766862534138,0.1390941773037244,0.0525402390438247,1.9194698887401704,-2.766018130193225,-2.231017027151404,Industrials,20.0,1.0,84,8.366602832783736,4355.3,4832.7,9.969176973634191,8.755296288668953,9.95754003685571,8.845258762262898
PCAR,2016Q2,2016,Q2,0,1,0,0,4413.2,734.8,3678.4,202.1,135.3,659.4,416.7,646.2,481.3,60.8,542.1,21427.2,6709.7,21356.9,6343.2,0.0137768512643886,0.0306580259222333,0.1665004985044865,0.0944212816097163,0.1090591860781292,59.6,66.7,57.6,59.3,56.2,62.5,50.5,49.9,52.7,60.9,56.6,61.8,0.013860465116279,0.0153146740752646,0.0118831490344941,0.0116734581389397,0.0116291100213131,0.0122091773944638,0.0102467332197061,0.0109199929971988,0.0120322381789538,0.0132422970710387,0.0131624845933815,0.0143704220439483,-0.1312427409988384,0.0762522361359572,-0.1285578747628084,0.0252951096121416,-0.1357798165137614,-0.3518432104526364,-0.0091996320147194,-0.1317770906601836,0.024224072672218,0.0364102564102564,0.1801859483637085,0.1789531103887431,0.0030904676861254,-0.2539264762028344,0.2388411434666564,0.0702862783810465,Industrials,20.0,2.0,85,8.392581896166273,4300.0,5079.9,9.972463090539522,8.811458546432176,9.969176973634191,8.755296288668953
PCAR,2016Q3,2016,Q3,0,0,1,0,4237.899999,697.0,3540.9,196.0,136.8,748.3,501.0,494.9,346.2,59.2,405.4,20968.9,6978.2,21427.2,6709.7,0.0139691828532927,0.0322801387555818,0.1644682508233956,0.118218929214521,0.0816914037805732,60.8,59.6,66.7,57.6,59.3,56.2,62.5,50.5,49.9,52.7,60.9,56.6,0.0137768512643886,0.013860465116279,0.0153146740752646,0.0118831490344941,0.0116734581389397,0.0116291100213131,0.0122091773944638,0.0102467332197061,0.0109199929971988,0.0120322381789538,0.0132422970710387,0.0131624845933815,-0.1257014360868129,-0.1971243042671614,-0.1439449766642103,0.0277777777777779,0.0168501155048239,-0.1880064829821718,-0.2075260208166534,-0.1220183486238531,0.0442748091603053,0.0261780104712041,0.1755455403902852,0.1944144166111154,-0.0208664880973187,-0.0712628951561967,-0.0816916224369326,-0.1706219312602291,Industrials,20.0,3.0,86,8.352059080369017,4413.2,4847.2,9.95084335516738,8.85068957600731,9.972463090539522,8.811458546432176
PCAR,2016Q4,2016,Q4,0,0,0,1,4060.4,576.4,3484.0,206.5,138.9,673.6,369.9,418.9,288.8,67.6,356.4,20638.9,6777.6,20968.9,6978.2,0.0166486060486651,0.0342084523692247,0.1419564574918727,0.0910993990739828,0.071125997438676,59.2,60.8,59.6,66.7,57.6,59.3,56.2,62.5,50.5,49.9,52.7,60.9,0.0139691828532927,0.0137768512643886,0.013860465116279,0.0153146740752646,0.0118831490344941,0.0116734581389397,0.0116291100213131,0.0122091773944638,0.0102467332197061,0.0109199929971988,0.0120322381789538,0.0132422970710387,-0.0677106054691984,-0.1682027649769585,-0.1891967927978618,0.0134932533733131,0.1183795450772042,-0.2449479485609308,-0.1600160417084419,-0.0440127318625837,-0.0447042640990371,-0.0430954587581093,0.0871015580772316,0.0246772531202501,-0.130309524104159,-0.1901097922291947,-0.1077907354704331,-0.1389224450350326,Industrials,20.0,4.0,87,8.309283020742617,4237.899999,4355.3,9.934981374622522,8.821525869936997,9.95084335516738,8.85068957600731
PCAR,2017Q1,2017,Q1,1,0,0,0,4233.7,726.1,3507.6,207.3,146.3,737.3,518.799999,448.2,310.3,61.0,371.3,21039.7,7079.3,20638.9,6777.6,0.014408200864492,0.0345560620733637,0.1715048302902898,0.122540567116234,0.0732928643975718,67.6,59.2,60.8,59.6,66.7,57.6,59.3,56.2,62.5,50.5,49.9,52.7,0.0166486060486651,0.0139691828532927,0.0137768512643886,0.013860465116279,0.0153146740752646,0.0118831490344941,0.0116734581389397,0.0116291100213131,0.0122091773944638,0.0102467332197061,0.0109199929971988,0.0120322381789538,-0.0154186046511628,-1.5218634376051128,0.0296369824163358,0.0234899328859059,0.173297262889879,-0.6407948494080178,-2.043296089385475,-0.0242572604873707,0.0853115727002966,0.0480283114256825,0.0395178476059701,0.1023076180672404,0.0457611603066452,-0.6351696748599278,-1.53003585084016,-1.6940186915887852,Industrials,20.0,1.0,88,8.35106776632435,4060.4,4300.0,9.95421393626019,8.865071558671417,9.934981374622522,8.821525869936997
PCAR,2017Q2,2017,Q2,0,1,0,0,4692.1,779.7,3912.4,209.3,143.2,810.8,570.4,539.0,373.0,66.1,439.1,22053.3,7500.5,21039.7,7079.3,0.0140875087913727,0.0305193836448498,0.1661729289657083,0.1215660365294857,0.0794953219240851,61.0,67.6,59.2,60.8,59.6,66.7,57.6,59.3,56.2,62.5,50.5,49.9,0.014408200864492,0.0166486060486651,0.0139691828532927,0.0137768512643886,0.013860465116279,0.0153146740752646,0.0118831490344941,0.0116734581389397,0.0116291100213131,0.0122091773944638,0.0102467332197061,0.0109199929971988,0.0631967733164144,-0.2250155827965926,0.0611050626020688,0.0871710526315789,0.229602669093115,0.3688504919606432,-0.1658929124110183,0.0636146150500216,0.0583887657058386,0.0356259277585355,0.0225492401001008,-0.0045222180232717,-0.0019673787269134,0.2874855589439078,-0.2710809168598117,-0.1900018446781036,Industrials,20.0,2.0,89,8.453848623898956,4233.7,4413.2,10.001262873200622,8.922858279527068,9.95421393626019,8.865071558671417
PCAR,2017Q3,2017,Q3,0,0,1,0,5056.7,811.9,4244.8,216.6,149.6,858.1,595.3,581.8,402.7,67.0,469.7,23103.9,7935.6,22053.3,7500.5,0.0132497478592758,0.0295845116380247,0.1605592580141198,0.1177249985168192,0.0796369173571697,66.1,61.0,67.6,59.2,60.8,59.6,66.7,57.6,59.3,56.2,62.5,50.5,0.0140875087913727,0.014408200864492,0.0166486060486651,0.0139691828532927,0.0137768512643886,0.013860465116279,0.0153146740752646,0.0118831490344941,0.0116734581389397,0.0116291100213131,0.0122091773944638,0.0102467332197061,0.1932089009163049,0.1632004621606009,0.1648493543758966,0.1317567567567568,0.1467325938794601,0.1882235528942115,0.1755910284906041,0.1987912677567851,0.093567251461988,0.1051020408163265,-0.0515015804125806,-0.0835072964824504,-0.0237674614383366,-0.0041781016033863,-0.0251493587859256,0.1586087814504193,Industrials,20.0,3.0,90,8.528667113489865,4692.1,4237.899999,10.047799995227482,8.979240250945516,10.001262873200622,8.922858279527068
PCAR,2017Q4,2017,Q4,0,0,0,1,5453.4,817.099999,4636.3,223.8,153.2,897.5,593.3,604.3,589.2,70.6,659.8000000000001,23440.2,8050.5,23103.9,7935.6,0.0129460520042542,0.0280925661055488,0.1498331314409359,0.1087945135145047,0.1080426889646826,67.0,66.1,61.0,67.6,59.2,60.8,59.6,66.7,57.6,59.3,56.2,62.5,0.0132497478592758,0.0140875087913727,0.014408200864492,0.0166486060486651,0.0139691828532927,0.0137768512643886,0.013860465116279,0.0153146740752646,0.0118831490344941,0.0116734581389397,0.0116291100213131,0.0122091773944638,0.3430696483105111,1.0401662049861495,0.4175919482997918,0.0443786982248519,0.3323931116389549,0.6039470127061368,0.4425877297684411,0.3307405281285878,0.1029517638588912,0.0837772397094431,-0.2223942373065995,-0.1787828983803421,0.0554865491026652,0.1942396395628414,0.5190323208871095,0.8512906846240182,Industrials,20.0,4.0,91,8.604177901383638,5056.7,4060.4,10.062250436919802,8.993613688458051,10.047799995227482,8.979240250945516
PCAR,2018Q1,2018,Q1,1,0,0,0,5658.6,905.7,4752.9,248.9,172.9,921.8,656.8,669.4,512.1,76.0,588.1,23781.7,8567.3,23440.2,8050.5,0.0134308839642314,0.0305552610186265,0.1600572579790054,0.1160711129961474,0.0904994168168804,70.6,67.0,66.1,61.0,67.6,59.2,60.8,59.6,66.7,57.6,59.3,56.2,0.0129460520042542,0.0132497478592758,0.0140875087913727,0.014408200864492,0.0166486060486651,0.0139691828532927,0.0137768512643886,0.013860465116279,0.0153146740752646,0.0118831490344941,0.0116734581389397,0.0116291100213131,0.3365614001936841,0.6503383822107638,0.2473488500206584,0.2459016393442623,0.2502373525023735,0.2659984604201975,0.4935296742525659,0.3550290797126239,0.1818181818181816,0.200675349734684,-0.0678305993546455,-0.1157771115887966,-0.0667478128278264,-0.0527943869718676,0.2347643602243858,0.5838944249932669,Industrials,20.0,1.0,92,8.641108497321797,5453.4,4233.7,10.076713704590086,9.055824625520211,10.062250436919802,8.993613688458051
PCAR,2018Q2,2018,Q2,0,1,0,0,5802.4,838.7,4963.7,238.8,162.1,970.9,599.9,719.6,559.6,76.7,636.3000000000001,24155.8,8779.4,23781.7,8567.3,0.0132186681373224,0.0279367158417206,0.1445436371156762,0.1033882531366331,0.0964428512339721,76.0,70.6,67.0,66.1,61.0,67.6,59.2,60.8,59.6,66.7,57.6,59.3,0.0134308839642314,0.0129460520042542,0.0132497478592758,0.0140875087913727,0.014408200864492,0.0166486060486651,0.0139691828532927,0.0137768512643886,0.013860465116279,0.0153146740752646,0.0118831490344941,0.0116734581389397,0.2366317853413182,0.5002680965147455,0.0756701295370014,0.1603630862329805,0.1974592994573261,0.0517180925666198,0.335064935064935,0.2687097433800225,0.1319832402234637,0.1409460105112279,-0.0616745421008947,-0.0846238519487598,-0.1301613444780497,-0.1495301147573697,0.2131890141418786,0.4491004327032568,Industrials,20.0,2.0,93,8.666199231678918,5658.6,4692.1,10.092321192945306,9.080277243677985,10.076713704590086,9.055824625520211
PCAR,2018Q3,2018,Q3,0,0,1,0,5761.1,872.7,4888.4,229.6,156.7,913.8,643.1,668.8,545.3,72.9,618.1999999999999,25103.4,9171.0,24155.8,8779.4,0.0126538334693027,0.0271996667303119,0.1514814879102949,0.1116279877106802,0.0946520629740848,76.7,76.0,70.6,67.0,66.1,61.0,67.6,59.2,60.8,59.6,66.7,57.6,0.0132186681373224,0.0134308839642314,0.0129460520042542,0.0132497478592758,0.0140875087913727,0.014408200864492,0.0166486060486651,0.0139691828532927,0.0137768512643886,0.013860465116279,0.0153146740752646,0.0118831490344941,0.139300334210058,0.3541097591259001,0.0748860697130189,0.0880597014925375,0.0649108495513342,0.0802956492524777,0.1495359229975936,0.151620806633999,0.0474598930481282,0.0600184672206833,-0.0449755268026396,-0.0806112650055597,-0.0565384407981421,-0.0517902814436471,0.1885450380954918,0.31615925058548,Industrials,20.0,3.0,94,8.659057270578916,5802.4,5056.7,10.130798408561617,9.123910643977796,10.092321192945306,9.080277243677985
PCAR,2018Q4,2018,Q4,0,0,0,1,6279.0,925.0,5354.0,248.3,167.8,1012.1,676.7,752.4,578.1,80.5,658.6,25482.4,8592.9,25103.4,9171.0,0.0128205128205128,0.0267240006370441,0.1473164516642777,0.1077719382067208,0.0920688007644529,72.9,76.7,76.0,70.6,67.0,66.1,61.0,67.6,59.2,60.8,59.6,66.7,0.0126538334693027,0.0132186681373224,0.0134308839642314,0.0129460520042542,0.0132497478592758,0.0140875087913727,0.014408200864492,0.0166486060486651,0.0139691828532927,0.0137768512643886,0.013860465116279,0.0153146740752646,0.1513917922763781,-0.0188391038696538,0.1320523817550511,0.1402266288951843,0.1276880222841225,0.1405696949266814,0.2450769485354957,0.1548001639238185,0.0953002610966058,0.1094727435210007,-0.0096971017650904,-0.0487162854173865,-0.0167965506190481,-0.0093991440813563,-0.1478479326393964,-0.0018187329493786,Industrials,20.0,4.0,95,8.745125259462244,5761.1,5453.4,10.145782538774624,9.058807928242107,10.130798408561617,9.123910643977796
PCAR,2019Q1,2019,Q1,1,0,0,0,6497.0,1048.3,5448.7,249.9,171.6,1032.2,798.4,819.4,629.0,78.3,707.3,26157.0,9105.5,25482.4,8592.9,0.0120517161766969,0.0264121902416499,0.1613513929505926,0.1228874865322456,0.0968139141142065,80.5,72.9,76.7,76.0,70.6,67.0,66.1,61.0,67.6,59.2,60.8,59.6,0.0128205128205128,0.0126538334693027,0.0132186681373224,0.0134308839642314,0.0129460520042542,0.0132497478592758,0.0140875087913727,0.014408200864492,0.0166486060486651,0.0139691828532927,0.0137768512643886,0.013860465116279,0.1481638567843635,0.2282757273969926,0.1574472783482388,0.0302631578947367,0.1197656758515948,0.2155907429963459,0.2240812668060949,0.1463948326285005,-0.0075187969924812,0.0040176777822418,-0.1026863005597724,-0.1355927142776134,0.0080854500940965,0.0587258393595695,0.0697739004230604,0.202686617922122,Industrials,20.0,1.0,96,8.779249716229046,6279.0,5658.6,10.171910350049098,9.1167437232386,10.145782538774624,9.058807928242107
PCAR,2019Q2,2019,Q2,0,1,0,0,6635.6,1055.0,5580.6,259.8,177.3,1030.0,795.2,814.4,619.7,82.5,702.2,27168.2,9635.4,26157.0,9105.5,0.0124329374886973,0.0267195129302549,0.1589908975827355,0.1198384471637832,0.0933901983241907,78.3,80.5,72.9,76.7,76.0,70.6,67.0,66.1,61.0,67.6,59.2,60.8,0.0120517161766969,0.0128205128205128,0.0126538334693027,0.0132186681373224,0.0134308839642314,0.0129460520042542,0.0132497478592758,0.0140875087913727,0.014408200864492,0.0166486060486651,0.0139691828532927,0.0137768512643886,0.1435957534813181,0.107398141529664,0.2578991296053414,0.0756192959582788,0.0608713564733751,0.3255542590431739,0.131739855475264,0.1242822894211981,0.093769278223319,0.0879396984924623,-0.0594409845577916,-0.0435700072392872,0.0999508574389707,0.1591108615154788,-0.0316524539737592,0.1035674996071034,Industrials,20.0,2.0,97,8.800355063136264,6497.0,5802.4,10.209839257746932,9.17330287387362,10.171910350049098,9.1167437232386
PCAR,2019Q3,2019,Q3,0,0,1,0,6363.8,959.3,5404.5,260.399999,178.2,1000.3,698.9,777.6,607.9,82.2,690.1,27767.7,9962.7,27168.2,9635.4,0.0129168107105817,0.0280021370879034,0.1507432666017159,0.1098243188032307,0.0955246865080612,82.5,78.3,80.5,72.9,76.7,76.0,70.6,67.0,66.1,61.0,67.6,59.2,0.0124329374886973,0.0120517161766969,0.0128205128205128,0.0126538334693027,0.0132186681373224,0.0134308839642314,0.0129460520042542,0.0132497478592758,0.0140875087913727,0.014408200864492,0.0166486060486651,0.0139691828532927,0.1046154380239885,0.1147991931047129,0.0992322676750314,0.1275720164609053,0.0946596629459399,0.0867672212719639,0.1626794258373207,0.1055764667375829,0.137204850031908,0.1341463371080138,0.02078241680017,0.0295029481628628,-0.0048733433950434,-0.0161578556098697,0.0092192764379086,0.1163054027822712,Industrials,20.0,3.0,98,8.758538088659654,6635.6,5761.1,10.231664766097408,9.206703767538599,10.209839257746932,9.17330287387362
PCAR,2019Q4,2019,Q4,0,0,0,1,6124.5,993.4,5131.1,270.4,186.8,915.1,723.0,687.8,531.3,83.6,614.9,28361.1,9706.1,27767.7,9962.7,0.0136500938852151,0.0305004490162462,0.1622009959996734,0.1180504530982121,0.0867499387705118,82.2,82.5,78.3,80.5,72.9,76.7,76.0,70.6,67.0,66.1,61.0,67.6,0.0129168107105817,0.0124329374886973,0.0120517161766969,0.0128205128205128,0.0126538334693027,0.0132186681373224,0.0134308839642314,0.0129460520042542,0.0132497478592758,0.0140875087913727,0.014408200864492,0.0166486060486651,-0.024605828953655,-0.0809548521017126,0.0739459459459459,0.0385093167701862,-0.0958403319830056,0.0684202748633071,-0.0858585858585858,-0.0416324243556218,0.1132300357568534,0.089005235602094,0.0647073230467791,0.1413129879202028,0.101037896088594,0.0953728313930453,-0.0577705145475798,-0.0663528697236562,Industrials,20.0,4.0,99,8.720215664734225,6363.8,6279.0,10.252809025859515,9.180612855503194,10.231664766097408,9.206703767538599
PCAR,2020Q1,2020,Q1,1,0,0,0,5161.8,744.5,4417.3,252.5,181.5,704.2,492.0,462.2,359.4,71.0,430.4,27294.7,9637.4,28361.1,9706.1,0.0137548917044441,0.0351621527374171,0.1442326320275872,0.0953155875857259,0.0696268743461583,83.6,82.2,82.5,78.3,80.5,72.9,76.7,76.0,70.6,67.0,66.1,61.0,0.0136500938852151,0.0129168107105817,0.0124329374886973,0.0120517161766969,0.0128205128205128,0.0126538334693027,0.0132186681373224,0.0134308839642314,0.0129460520042542,0.0132497478592758,0.0140875087913727,0.014408200864492,-0.2055102354933046,-0.428616852146264,-0.289802537441572,-0.0932311621966793,-0.3177678744429374,-0.3837675350701403,-0.4359287283378081,-0.1892928588470643,0.0576923076923077,0.0104041616646657,0.1413222401503686,0.3312850019522111,-0.1060961458711872,-0.2243670183561358,-0.280817483899856,-0.3914887600735189,Industrials,20.0,1.0,100,8.549234346961033,6124.5,6497.0,10.214484459609672,9.173510398725465,10.252809025859515,9.180612855503194
PCAR,2020Q2,2020,Q2,0,1,0,0,3050.5,370.5,2680.0,193.8,127.3,380.7,176.7,184.0,147.7,66.5,214.2,26406.4,9776.8,27294.7,9637.4,0.0217997049663989,0.0417308637928208,0.1214554990985084,0.0579249303392886,0.048418292083265,71.0,83.6,82.2,82.5,78.3,80.5,72.9,76.7,76.0,70.6,67.0,66.1,0.0137548917044441,0.0136500938852151,0.0129168107105817,0.0124329374886973,0.0120517161766969,0.0128205128205128,0.0126538334693027,0.0132186681373224,0.0134308839642314,0.0129460520042542,0.0132497478592758,0.0140875087913727,-0.5402827174633793,-0.7616588671938035,-0.6488151658767772,-0.1939393939393939,-0.6303883495145631,-0.7777917505030181,-0.7740667976424361,-0.5197648998315594,-0.2820078962210942,-0.254041570438799,0.7533833003034773,0.561812294323982,-0.2360852039639216,-0.5166415143870929,-0.4815484606297991,-0.6949587012247224,Industrials,20.0,2.0,101,8.02338855198455,5161.8,6635.6,10.181399552887155,9.187869788848815,10.214484459609672,9.173510398725465
PCAR,2020Q3,2020,Q3,0,0,1,0,4925.4,718.5,4206.899999,199.4,134.7,719.5,519.1,489.9,385.5,64.7,450.2,27233.7,10184.4,26406.4,9776.8,0.0131359889552117,0.0273480326470946,0.1458764770373979,0.1053924554350915,0.078267754903155,66.5,71.0,83.6,82.2,82.5,78.3,80.5,72.9,76.7,76.0,70.6,67.0,0.0217997049663989,0.0137548917044441,0.0136500938852151,0.0129168107105817,0.0124329374886973,0.0120517161766969,0.0128205128205128,0.0126538334693027,0.0132186681373224,0.0134308839642314,0.0129460520042542,0.0132497478592758,-0.2260284735535372,-0.3658496463234084,-0.2510163661002814,-0.2128953771289538,-0.2807157852644206,-0.2572614107883817,-0.3699845679012346,-0.2215931170321028,-0.2441077441077441,-0.2342549893788593,0.0169684490654089,-0.0233590900135748,-0.0322852865937732,-0.040354116614915,-0.1806541558600126,-0.3476307781480945,Industrials,20.0,3.0,102,8.502363777170237,3050.5,6363.8,10.21224717451936,9.228710601331061,10.181399552887155,9.187869788848815
PCAR,2020Q4,2020,Q4,0,0,0,1,5586.8,850.0,4736.8,237.6,165.9,735.3,612.4,521.799999,405.8,71.7,477.5,28260.0,10415.1,27233.7,10184.4,0.0128338225817999,0.0296949953461731,0.1521443402305434,0.1096155223025703,0.0726354979594759,64.7,66.5,71.0,83.6,82.2,82.5,78.3,80.5,72.9,76.7,76.0,70.6,0.0131359889552117,0.0217997049663989,0.0137548917044441,0.0136500938852151,0.0129168107105817,0.0124329374886973,0.0120517161766969,0.0128205128205128,0.0126538334693027,0.0132186681373224,0.0134308839642314,0.0129460520042542,-0.0877949220344517,-0.2362130623000187,-0.1443527280048319,-0.1423444976076554,-0.1964812588788111,-0.1529737206085754,-0.24134923088107,-0.0768451209292354,-0.1118843683083512,-0.1213017751479289,-0.0597996841838056,-0.0264079282781729,-0.0620011961526443,-0.0714519137730401,-0.1627026025732915,-0.2234509676370141,Industrials,20.0,4.0,103,8.628340928755668,4925.4,6124.5,10.249238041316636,9.251107965016704,10.21224717451936,9.228710601331061
PCAR,2021Q1,2021,Q1,1,0,0,0,5854.0,820.0,5034.0,244.9,164.8,869.4,575.1,607.3,470.8,80.1,550.9,28503.4,10717.7,28260.0,10415.1,0.01368295182781,0.0281516911513495,0.1400751622822002,0.0982405193030406,0.0804236419542193,71.7,64.7,66.5,71.0,83.6,82.2,82.5,78.3,80.5,72.9,76.7,76.0,0.0128338225817999,0.0131359889552117,0.0217997049663989,0.0137548917044441,0.0136500938852151,0.0129168107105817,0.0124329374886973,0.0120517161766969,0.0128205128205128,0.0126538334693027,0.0132186681373224,0.0134308839642314,0.1341005075748769,0.3099610461880913,0.1014103425117529,0.1281690140845068,0.2345924453280317,0.1689024390243902,0.313933362180874,0.1396101691078259,-0.0920110192837464,-0.0300990099009901,-0.005230130355072,-0.1993752099998023,-0.0288247512850757,0.0306868141025107,0.1550660963808829,0.2799721189591078,Industrials,20.0,1.0,104,8.675051276031818,5586.8,5161.8,10.257813740305368,9.279745158614439,10.249238041316636,9.251107965016704
PCAR,2021Q2,2021,Q2,0,1,0,0,5849.0,880.2,4968.8,248.3,163.9,860.1,631.9,640.3,495.5,84.4,579.9,29012.2,11183.8,28503.4,10717.7,0.0144298170627457,0.0280218840827491,0.1504872627799623,0.1080355616344674,0.084715335954864,80.1,71.7,64.7,66.5,71.0,83.6,82.2,82.5,78.3,80.5,72.9,76.7,0.01368295182781,0.0128338225817999,0.0131359889552117,0.0217997049663989,0.0137548917044441,0.0136500938852151,0.0129168107105817,0.0124329374886973,0.0120517161766969,0.0128205128205128,0.0126538334693027,0.0132186681373224,0.9173905917062776,2.354773188896412,1.3757085020242914,0.2691729323308272,1.2592592592592595,2.576117713638936,2.479891304347826,0.8540298507462687,0.2875098193244305,0.281217750257998,-0.3380728278209628,-0.3285093684648358,0.2390321055607969,0.8650960994111085,0.7496556014239193,1.7072829131652665,Industrials,20.0,2.0,105,8.674196940225903,5854.0,3050.5,10.275506177822864,9.322310992673614,10.257813740305368,9.279745158614439
PCAR,2021Q3,2021,Q3,0,0,1,0,5148.1,692.2,4455.9,241.1,168.6,705.0,451.1,487.2,380.5,72.5,453.0,27909.9,11330.4,29012.2,11183.8,0.0140828655232027,0.0327499465822342,0.1344573726229094,0.0876245605174724,0.0739107631941881,84.4,80.1,71.7,64.7,66.5,71.0,83.6,82.2,82.5,78.3,80.5,72.9,0.0144298170627457,0.01368295182781,0.0128338225817999,0.0131359889552117,0.0217997049663989,0.0137548917044441,0.0136500938852151,0.0129168107105817,0.0124329374886973,0.0120517161766969,0.0128205128205128,0.0126538334693027,0.0452146018597476,-0.0129701686121919,-0.0366040361864995,0.1205564142194743,-0.0201528839471855,-0.1309959545366981,-0.0055113288426209,0.0591884763267935,0.2516703786191536,0.2091273821464392,0.0720826251620205,0.197524772799825,-0.0782792719319721,-0.1685879206843407,-0.0556677742239837,0.0062194580186583,Industrials,20.0,3.0,106,8.546577221104396,5849.0,4925.4,10.236772572517088,9.335332912143066,10.275506177822864,9.322310992673614
PCAR,2021Q4,2021,Q4,0,0,0,1,6687.8,883.5,5804.3,267.1,180.0,856.4,616.4,660.5,518.7,87.1,605.8000000000001,29509.4,11594.0,27909.9,11330.4,0.0130237148240078,0.0269146804629325,0.132106223272227,0.0921678279852866,0.0775591375340171,72.5,84.4,80.1,71.7,64.7,66.5,71.0,83.6,82.2,82.5,78.3,80.5,0.0140828655232027,0.0144298170627457,0.01368295182781,0.0128338225817999,0.0131359889552117,0.0217997049663989,0.0137548917044441,0.0136500938852151,0.0129168107105817,0.0124329374886973,0.0120517161766969,0.0128205128205128,0.1970716689339156,0.2782158698866437,0.0394117647058822,0.2147838214783819,0.1646946824425406,0.0065316786414109,0.2658106578493882,0.2253631143387942,0.0849909584086798,0.1241582491582493,0.0147962340134908,-0.0936290728733495,-0.1317046492032022,-0.1591717482230578,0.0677855829843447,0.26869109947644,Industrials,20.0,4.0,107,8.808189764835848,5148.1,5586.8,10.292498022572332,9.358329249689632,10.236772572517088,9.335332912143066
PCAR,2022Q1,2022,Q1,1,0,0,0,6479.5,1007.4,5472.1,261.899999,183.9,949.6,745.5,771.4,600.5,78.0,678.5,30586.1,12143.3,29509.4,11594.0,0.0120379658924299,0.0283818195848445,0.1554749594876147,0.1150551740103403,0.0926769040821051,87.1,72.5,84.4,80.1,71.7,64.7,66.5,71.0,83.6,82.2,82.5,78.3,0.0130237148240078,0.0140828655232027,0.0144298170627457,0.01368295182781,0.0128338225817999,0.0131359889552117,0.0217997049663989,0.0137548917044441,0.0136500938852151,0.0129168107105817,0.0124329374886973,0.0120517161766969,0.1068500170823367,0.2754885301614274,0.2285365853658536,-0.0262172284644194,0.0922475270301357,0.2962962962962963,0.2702124156100773,0.0870282081843465,0.1158980582524271,0.0694160841159656,-0.1202215688603612,0.0081745864665034,0.1099395278542645,0.1711580397435788,0.1523589560251557,0.2316209838446179,Industrials,20.0,1.0,108,8.77655294686343,6687.8,5854.0,10.328333630427986,9.404615202887596,10.292498022572332,9.358329249689632
PCAR,2022Q2,2022,Q2,0,1,0,0,7166.9,1127.1,6039.8,261.6,181.2,1134.2,865.5,922.1,720.4,80.4,800.8,30588.7,12518.0,30586.1,12143.3,0.0112182394061588,0.0252828977661192,0.1572646471975331,0.120763510025255,0.1005176575646374,78.0,87.1,72.5,84.4,80.1,71.7,64.7,66.5,71.0,83.6,82.2,82.5,0.0120379658924299,0.0130237148240078,0.0140828655232027,0.0144298170627457,0.01368295182781,0.0128338225817999,0.0131359889552117,0.0217997049663989,0.0137548917044441,0.0136500938852151,0.0129168107105817,0.0124329374886973,0.2253205676183962,0.4538849646821392,0.280504430811179,-0.04739336492891,0.3186838739681432,0.3696787466371261,0.4401062002186475,0.2155450008050232,0.1055521659548504,0.0535642368103101,-0.2225653757509096,-0.09774454524691,0.0450362661422076,0.1178125813225454,0.1865343674986161,0.3809277461631315,Industrials,20.0,2.0,109,8.877368003664595,6479.5,5849.0,10.328418629970347,9.435002769259663,10.328333630427986,9.404615202887596
PCAR,2022Q3,2022,Q3,0,0,1,0,7060.9,1119.3,5941.6,253.1,170.2,1180.9,866.2,979.7,769.4,82.9,852.3,30623.6,12893.5,30588.7,12518.0,0.0117407129402767,0.0241045759039215,0.1585208684445325,0.1226755796003342,0.1089662790862354,80.4,78.0,87.1,72.5,84.4,80.1,71.7,64.7,66.5,71.0,83.6,82.2,0.0112182394061588,0.0120379658924299,0.0130237148240078,0.0140828655232027,0.0144298170627457,0.01368295182781,0.0128338225817999,0.0131359889552117,0.0217997049663989,0.0137548917044441,0.0136500938852151,0.0129168107105817,0.3715545541073404,1.022076215505913,0.6170182028315514,0.1434482758620689,0.6750354609929079,0.9201950786965196,1.0108784893267653,0.333423101954712,0.0094899169632265,0.049771878888428,-0.1663122167194666,-0.2639812146442539,0.1789674701521209,0.400013636312305,0.4742951415607064,0.881456953642384,Industrials,20.0,3.0,110,8.862469416093539,7166.9,5148.1,10.32955888653724,9.464556142844803,10.328418629970347,9.435002769259663
PCAR,2022Q4,2022,Q4,0,0,0,1,8131.7,1490.9,6640.8,296.4,196.5,1393.6,1194.5,1175.5,921.3,99.9,1021.2,33275.5,13167.1,30623.6,12893.5,0.0122852540059274,0.0241646888104578,0.1833441961705424,0.1468942533541571,0.1132973424991084,82.9,80.4,78.0,87.1,72.5,84.4,80.1,71.7,64.7,66.5,71.0,83.6,0.0117407129402767,0.0112182394061588,0.0120379658924299,0.0130237148240078,0.0140828655232027,0.0144298170627457,0.01368295182781,0.0128338225817999,0.0131359889552117,0.0217997049663989,0.0137548917044441,0.0136500938852151,0.2159005951134902,0.7761711972238285,0.6874929258630449,0.1469575200918484,0.6272769733769266,0.9378650227125244,0.7797123391370173,0.1441172923522216,0.0916666666666665,0.1096967427929611,-0.05670124292949,-0.1021744120745559,0.3878543465187931,0.593769285499566,0.4607865185377624,0.685704853086827,Industrials,20.0,4.0,111,9.003648250728787,7060.9,6687.8,10.412606721135344,9.485552517055694,10.32955888653724,9.464556142844803
PCAR,2023Q1,2023,Q1,1,0,0,0,8473.5,1769.4,6704.1,295.3,198.1,1141.3,1474.1,919.0,733.9,97.2,831.1,34826.4,13882.0,33275.5,13167.1,0.0114710568242166,0.0233787691036761,0.2088157195963887,0.1739658936684958,0.086611199622352,99.9,82.9,80.4,78.0,87.1,72.5,84.4,80.1,71.7,64.7,66.5,71.0,0.0122852540059274,0.0117407129402767,0.0112182394061588,0.0120379658924299,0.0130237148240078,0.0140828655232027,0.0144298170627457,0.01368295182781,0.0128338225817999,0.0131359889552117,0.0217997049663989,0.0137548917044441,0.3077397947372482,0.2221482098251457,0.7564026206075045,0.2461538461538461,0.2018744734625104,0.9773306505700872,0.1913404200155561,0.2251420843917326,0.077215878194671,0.1275295957523086,-0.0470934270190774,-0.1762765937614481,0.343082643562439,0.5120214728705821,-0.0654500117351707,0.2249078850405306,Industrials,20.0,1.0,112,9.04481693345811,8131.7,6479.5,10.458159712282022,9.538420349034803,10.412606721135344,9.485552517055694
PCAR,2023Q2,2023,Q2,0,1,0,0,8892.9,1822.7,7070.2,288.0,186.7,1791.0,1534.7,1568.5,1221.1,101.3,1322.4,36867.7,15079.3,34826.4,13882.0,0.01139110976172,0.0209942763328048,0.2049612612308695,0.1725758751363447,0.1373117880556399,97.2,99.9,82.9,80.4,78.0,87.1,72.5,84.4,80.1,71.7,64.7,66.5,0.0114710568242166,0.0122852540059274,0.0117407129402767,0.0112182394061588,0.0120379658924299,0.0130237148240078,0.0140828655232027,0.0144298170627457,0.01368295182781,0.0128338225817999,0.0131359889552117,0.0217997049663989,0.2408293683461468,0.6950305385896722,0.617159080826901,0.2599502487562188,0.5790865808499381,0.7731946851530906,0.7010085674004989,0.1706016755521704,0.0303532008830023,0.1009174311926603,0.0154097581003884,-0.1696253915586155,0.3032888502488857,0.4290399070071276,0.3660464378344885,0.6513486513486513,Industrials,20.0,2.0,113,9.093120927472466,8473.5,7166.9,10.515118231588405,9.62114453526327,10.458159712282022,9.538420349034803
PCAR,2023Q3,2023,Q3,0,0,1,0,8709.6,1739.1,6970.5,292.0,188.5,1876.3,1447.1,1589.4,1228.5,103.5,1332.0,38039.5,16023.1,36867.7,15079.3,0.0118834389639019,0.0216427849729034,0.1996762193441719,0.1661499954073665,0.1410512537889225,101.3,97.2,99.9,82.9,80.4,78.0,87.1,72.5,84.4,80.1,71.7,64.7,0.01139110976172,0.0114710568242166,0.0122852540059274,0.0117407129402767,0.0112182394061588,0.0120379658924299,0.0130237148240078,0.0140828655232027,0.0144298170627457,0.01368295182781,0.0128338225817999,0.0131359889552117,0.233497146256143,0.5966987262802184,0.5537389439828464,0.2484921592279854,0.5888728935557623,0.6706303394135302,0.6223333673573543,0.1731688434091827,0.1075205640423031,0.1536941920189649,0.012156503983292,-0.1021296097815861,0.2596210284707081,0.3543852488707857,0.2944486585367862,0.5628299894403379,Industrials,20.0,3.0,114,9.072295953811537,8892.9,7060.9,10.54640666063183,9.681849117965223,10.515118231588405,9.62114453526327
PCAR,2023Q4,2023,Q4,0,0,0,1,9083.3,1783.5,7299.8,320.2,211.3,1742.3,1463.3,1641.3,1417.3,108.9,1526.2,40823.4,15878.8,38039.5,16023.1,0.0119890348221461,0.0232624706879658,0.1963493444012638,0.1610978388911519,0.1560336001233032,103.5,101.3,97.2,99.9,82.9,80.4,78.0,87.1,72.5,84.4,80.1,71.7,0.0118834389639019,0.01139110976172,0.0114710568242166,0.0122852540059274,0.0117407129402767,0.0112182394061588,0.0120379658924299,0.0130237148240078,0.0140828655232027,0.0144298170627457,0.01368295182781,0.0128338225817999,0.1170235006210262,0.5383696949962011,0.1962572942517941,0.09009009009009,0.2502152698048221,0.2250313938886563,0.3962569119523607,0.0992350319238646,0.0753180661577608,0.0802968960863699,-0.0241117671346772,-0.0373362193723576,0.0709329692586742,0.0966925881215403,0.3772044134621348,0.4945162553858206,Industrials,20.0,4.0,115,9.114302927779208,8709.6,8131.7,10.617035220853753,9.672803140263378,10.54640666063183,9.681849117965223
PCAR,2024Q1,2024,Q1,1,0,0,0,8735.5,1850.1,6885.4,308.2,202.7,1904.4,1541.9,1534.5,1195.3,105.5,1300.8,40373.6,16871.9,40823.4,15878.8,0.0120771564306565,0.0232041669051571,0.2117909678896457,0.176509644553832,0.1368324652280922,108.9,103.5,101.3,97.2,99.9,82.9,80.4,78.0,87.1,72.5,84.4,80.1,0.0119890348221461,0.0118834389639019,0.01139110976172,0.0114710568242166,0.0122852540059274,0.0117407129402767,0.0112182394061588,0.0120379658924299,0.0130237148240078,0.0140828655232027,0.0144298170627457,0.01368295182781,0.0309199268307074,0.6286960076304673,0.0456086809087825,0.0853909465020574,0.6686234995180935,0.045994165931755,0.6697497279651796,0.0270431526976029,0.0232205956587581,0.043684388757196,0.0528372943947323,-0.00746840852676,0.0142482007533133,0.0146221240939532,0.5798472463690418,0.565154614366502,Industrials,20.0,1.0,116,9.075264930779094,9083.3,8473.5,10.60595615335514,9.733464063552434,10.617035220853753,9.672803140263378
PCAR,2024Q2,2024,Q2,0,1,0,0,8772.5,1596.8,7175.7,312.3,195.2,1696.0,1284.5,1460.8,1122.6,117.1,1239.6999999999998,41176.6,17702.9,40373.6,16871.9,0.0133485323453975,0.0222513536620119,0.1820233684810487,0.1464234824736392,0.1279680820746651,105.5,108.9,103.5,101.3,97.2,99.9,82.9,80.4,78.0,87.1,72.5,84.4,0.0120771564306565,0.0119890348221461,0.0118834389639019,0.01139110976172,0.0114710568242166,0.0122852540059274,0.0117407129402767,0.0112182394061588,0.0120379658924299,0.0130237148240078,0.0140828655232027,0.0144298170627457,-0.0135388905756277,-0.0806649742035869,-0.1239370165139628,0.1559723593287265,-0.0530429927414851,-0.1630286049390761,-0.0686643289767293,0.0149217843908233,0.0455275843599356,0.084375,0.1718377422940362,0.0598771450503814,-0.1119133079688823,-0.1515414170262422,-0.0680473695178203,-0.0625378100423472,Industrials,20.0,2.0,117,9.07949109355119,8735.5,8892.9,10.625649698164597,9.781540233273903,10.60595615335514,9.733464063552434
PCAR,2024Q3,2024,Q3,0,0,1,0,8251.299999,1523.8,6727.5,323.9,208.9,1479.7,1199.9,1256.3,972.1,115.0,1087.1,43281.8,18663.6,41176.6,17702.9,0.0139371977765851,0.0253172227437273,0.1846739301909606,0.1454195096706482,0.1178117387705951,117.1,105.5,108.9,103.5,101.3,97.2,99.9,82.9,80.4,78.0,87.1,72.5,0.0133485323453975,0.0120771564306565,0.0119890348221461,0.0118834389639019,0.01139110976172,0.0114710568242166,0.0122852540059274,0.0117407129402767,0.0112182394061588,0.0120379658924299,0.0130237148240078,0.0140828655232027,-0.0526200974786441,-0.2087098087098087,-0.1237996664941636,0.1111111111111111,-0.2113734477428982,-0.1708244074355607,-0.2095759406065183,-0.0348612007746933,0.1082228116710875,0.1092465753424656,0.1728252923183204,0.1697765687467769,-0.0751330789539467,-0.1247697039406553,-0.1647593650823153,-0.1838588588588589,Industrials,20.0,3.0,118,9.018247228232218,8772.5,8709.6,10.675510606436973,9.834383960634183,10.625649698164597,9.781540233273903
PCAR,2024Q4,2024,Q4,0,0,0,1,7893.2,1538.2,6355.0,328.1,212.8,1359.5,1210.1,1149.3,872.0,115.3,987.3,43418.9,17506.9,43281.8,18663.6,0.0146075102619976,0.0269599148634267,0.1948766026453149,0.1533091775198905,0.1104748391020118,115.0,117.1,105.5,108.9,103.5,101.3,97.2,99.9,82.9,80.4,78.0,87.1,0.0139371977765851,0.0133485323453975,0.0120771564306565,0.0119890348221461,0.0118834389639019,0.01139110976172,0.0114710568242166,0.0122852540059274,0.0117407129402767,0.0112182394061588,0.0120379658924299,0.0130237148240078,-0.1310206642960156,-0.3847456431242503,-0.1375385477992711,0.0587695133149677,-0.2197095792917407,-0.1730335542950865,-0.2997623834765125,-0.129428203512425,0.0070989115002366,0.0246720799500312,0.218405858244292,0.1589446033079231,-0.0075006196758119,-0.0483473982324733,-0.2919804515520325,-0.3530992006290132,Industrials,20.0,4.0,119,8.973883591599847,8251.299999,9083.3,10.678673140343495,9.770407486619812,10.675510606436973,9.834383960634183
PCAR,2025Q1,2025,Q1,1,0,0,0,7444.5,1261.2,6183.3,315.3,199.9,1179.5,945.9,643.1,505.1,115.4,620.5,42724.7,18022.1,43418.9,17506.9,0.0155013768553966,0.0268520384176237,0.1694136610920814,0.127060245819061,0.0678487473974074,115.3,115.0,117.1,105.5,108.9,103.5,101.3,97.2,99.9,82.9,80.4,78.0,0.0146075102619976,0.0139371977765851,0.0133485323453975,0.0120771564306565,0.0119890348221461,0.0118834389639019,0.01139110976172,0.0114710568242166,0.0122852540059274,0.0117407129402767,0.0112182394061588,0.0120379658924299,-0.1477877625779864,-0.5774282606876935,-0.3183071185341332,0.0938388625592416,-0.380644822516278,-0.3865360918347493,-0.5809058325187357,-0.1019693844947279,-0.0138135175135667,0.0230369889682025,0.2835286968750428,0.1572076053140221,-0.2000902456786782,-0.2801512566622948,-0.5041472995147217,-0.5229858548585486,Industrials,20.0,1.0,120,8.91536510203026,7893.2,8735.5,10.662555891699782,9.799409547443261,10.678673140343495,9.770407486619812
PCAR,2025Q2,2025,Q2,0,1,0,0,7510.5,1159.9,6350.6,321.4,208.5,1045.8,838.5,931.9,723.8,112.9,836.6999999999999,44094.8,18942.6,42724.7,18022.1,0.0150322881299514,0.0277611344118234,0.1544371213634245,0.1116436988216496,0.0963717462219559,115.4,115.3,115.0,117.1,105.5,108.9,103.5,101.3,97.2,99.9,82.9,80.4,0.0155013768553966,0.0146075102619976,0.0139371977765851,0.0133485323453975,0.0120771564306565,0.0119890348221461,0.0118834389639019,0.01139110976172,0.0114710568242166,0.0122852540059274,0.0117407129402767,0.0112182394061588,-0.1438586491878027,-0.3552467486192766,-0.2736097194388777,-0.0358667805294619,-0.3833726415094339,-0.347216815881666,-0.3620618838992333,-0.1149852976016276,0.0681352459016393,0.0291386487351903,0.126137895986325,0.2476155308797192,-0.1515533271789566,-0.2375287287559969,-0.2469079425154923,-0.3250786480600145,Industrials,20.0,2.0,121,8.924190458502478,7444.5,8772.5,10.694119818804264,9.849221422595946,10.662555891699782,9.799409547443261
PCAR,2025Q3,2025,Q3,0,0,1,0,5028.0,330.1,4697.9,125.4,14.4,742.0,204.7,114.6,590.0,111.0,701.0,44201.2,19368.6,44094.8,18942.6,0.0220763723150358,0.0028639618138424,0.0656523468575974,0.0407120127287191,0.1173428798727128,112.9,115.4,115.3,115.0,117.1,105.5,108.9,103.5,101.3,97.2,99.9,82.9,0.0150322881299514,0.0155013768553966,0.0146075102619976,0.0139371977765851,0.0133485323453975,0.0120771564306565,0.0119890348221461,0.0118834389639019,0.01139110976172,0.0114710568242166,0.0122852540059274,0.0117407129402767,-0.3906414746028677,-0.3930665569385866,-0.7833705210657567,-0.0347826086956521,-0.4985470027708319,-0.8294024502041837,-0.9087797500596992,-0.3016871051653661,-0.9310674964097654,-0.6128434702068539,0.583989311834596,-0.8868769357984945,-0.6444958593250809,-0.7200374776333291,-0.0039797298874886,-0.355165118204397,Industrials,20.0,3.0,122,8.522976436171964,7510.5,8251.299999,10.696529840582773,9.871460105697368,10.694119818804264,9.849221422595946
