ticker,Year_Quarter,year,quarter,Q1,Q2,Q3,Q4,revenue,grossProfit,costOfRevenue,operatingExpenses,snaExpenses,ebitda,operatingIncome,incomeBeforeTax,netIncome,rnd,net_plus_rnd,totalAssets,totalEquity,totalAssets_lag1,totalEquity_lag1,rnd_to_rev_ratio,sna_to_rev_ratio,grossProfitRatio,operatingIncomeRatio,netIncomeRatio,rnd_lag1,rnd_lag2,rnd_lag3,rnd_lag4,rnd_lag5,rnd_lag6,rnd_lag7,rnd_lag8,rnd_lag9,rnd_lag10,rnd_lag11,rnd_lag12,rnd_to_rev_ratio_lag1,rnd_to_rev_ratio_lag2,rnd_to_rev_ratio_lag3,rnd_to_rev_ratio_lag4,rnd_to_rev_ratio_lag5,rnd_to_rev_ratio_lag6,rnd_to_rev_ratio_lag7,rnd_to_rev_ratio_lag8,rnd_to_rev_ratio_lag9,rnd_to_rev_ratio_lag10,rnd_to_rev_ratio_lag11,rnd_to_rev_ratio_lag12,revenue_yoy,netIncome_yoy,grossProfit_yoy,rnd_yoy,ebitda_yoy,operatingIncome_yoy,incomeBeforeTax_yoy,costOfRevenue_yoy,snaExpenses_yoy,operatingExpenses_yoy,rnd_to_rev_ratio_yoy,sna_to_rev_ratio_yoy,grossProfitRatio_yoy,operatingIncomeRatio_yoy,netIncomeRatio_yoy,net_plus_rnd_yoy,gics_sectors,gics_sector_code,quarter_int,time_idx,revenue_log,revenue_lag1,revenue_lag4,totalAssets_log,totalEquity_log,totalAssets_lag1_log,totalEquity_lag1_log
PFE,1995Q2,1995,Q2,0,1,0,0,2482.0,1969.2,512.8,1432.8,1342.3,626.9,536.4,473.2,316.3,474.0,790.3,12945.4,4829.2,12515.3,4696.8,0.1909750201450443,0.5408138597904916,0.793392425463336,0.216116035455278,0.1274375503626108,427.0,,,,,,,,,,,,0.1777019434849556,,,,,,,,,,,,,,,,,,,,,,,,,,,,Healthcare,35.0,2.0,1,7.817222785508166,2402.9,,9.468573036202676,8.48264315365683,9.434787073820784,8.454849593005735
PFE,1995Q3,1995,Q3,0,0,1,0,2538.5,2062.9,475.6,1371.5,1311.4,776.7,691.4,625.9,425.3,481.0,906.3,12821.1,5281.2,12945.4,4829.2,0.1894819775457947,0.5166042938743353,0.8126452629505614,0.272365570218633,0.1675398857593066,474.0,427.0,,,,,,,,,,,0.1909750201450443,0.1777019434849556,,,,,,,,,,,,,,,,,,,,,,,,,,,Healthcare,35.0,3.0,2,7.8397224902413,2482.0,,9.458925523612095,8.572097956585523,9.468573036202676,8.48264315365683
PFE,1995Q4,1995,Q4,0,0,0,1,2744.3,2284.7,459.6,1610.9,1503.1,781.6,673.8,575.2,410.9,0.0,410.9,12729.3,5506.6,12821.1,5281.2,0.0,0.5477170863243814,0.832525598513282,0.2455270925190394,0.1497285282221331,481.0,474.0,427.0,,,,,,,,,,0.1894819775457947,0.1909750201450443,0.1777019434849556,,,,,,,,,,,,,,,,,,,,,,,,,,Healthcare,35.0,4.0,3,7.917645637589442,2538.5,,9.451740257652403,8.613884235570218,9.458925523612095,8.572097956585523
PFE,1996Q1,1996,Q1,1,0,0,0,2682.0,2270.0,412.0,1461.0,1360.0,910.0,809.0,750.0,517.0,0.0,517.0,13174.0,5888.0,12729.3,5506.6,0.0,0.5070842654735273,0.8463832960477256,0.3016405667412379,0.1927665920954511,0.0,481.0,474.0,427.0,,,,,,,,,0.0,0.1894819775457947,0.1909750201450443,0.1777019434849556,,,,,,,,,0.1161513171584334,0.2297811607992388,0.154041687849517,-1.0,0.2190221031480241,0.2822951339356474,0.1931275851097678,-0.0548290892406514,0.1142974190905365,0.0934810268692463,-1.0,-0.0016609737760435,0.033947342182552,0.1488542048225085,0.1018050526787812,-0.3898985130988907,Healthcare,35.0,1.0,4,7.894690850425624,2744.3,2402.9,9.486076373409563,8.68084148294457,9.451740257652403,8.613884235570218
PFE,1996Q2,1996,Q2,0,1,0,0,2661.0,2246.0,415.0,1672.0,1566.0,680.0,574.0,572.0,394.0,0.0,394.0,13619.0,5984.0,13174.0,5888.0,0.0,0.588500563697858,0.844043592634348,0.2157083803081548,0.148064637354378,0.0,0.0,481.0,474.0,427.0,,,,,,,,0.0,0.0,0.1894819775457947,0.1909750201450443,0.1777019434849556,,,,,,,,0.0721192586623691,0.2456528612077142,0.1405646963233799,-1.0,0.0847025043866644,0.070096942580164,0.2087912087912087,-0.190717628705148,0.1666542501676227,0.1669458403126744,-1.0,0.0881758169545432,0.0638412537672414,-0.0018862790364646,0.1618603538209493,-0.5014551436163481,Healthcare,35.0,2.0,5,7.8868329989550565,2682.0,2482.0,9.519294579703503,8.697011617992073,9.486076373409563,8.68084148294457
PFE,1996Q3,1996,Q3,0,0,1,0,2803.0,2383.0,420.0,1548.0,1446.0,937.0,835.0,746.0,514.0,551.0,1065.0,14616.0,6566.0,13619.0,5984.0,0.1965750981091687,0.5158758473064574,0.8501605422761327,0.2978951123795933,0.1833749554049233,0.0,0.0,0.0,481.0,474.0,427.0,,,,,,,0.0,0.0,0.0,0.1894819775457947,0.1909750201450443,0.1777019434849556,,,,,,,0.1041953909789246,0.2085586644721373,0.1551699064423868,0.1455301455301454,0.2063859920175099,0.2076945328319352,0.1918836874900145,-0.1169049621530698,0.1026384017080981,0.1286912139992708,0.0374342755719852,-0.0014100668084169,0.0461643979678911,0.0937326334619577,0.0945152228906602,0.1751075802714332,Healthcare,35.0,3.0,6,7.938802248154481,2661.0,2538.5,9.589940513889292,8.789812386190972,9.519294579703503,8.697011617992073
PFE,1996Q4,1996,Q4,0,0,0,1,3160.0,2661.0,499.0,1860.0,1739.0,922.0,801.0,730.0,504.0,0.0,504.0,14667.0,6954.0,14616.0,6566.0,0.0,0.5503164556962026,0.8420886075949368,0.2534810126582278,0.1594936708860759,551.0,0.0,0.0,0.0,481.0,474.0,427.0,,,,,,0.1965750981091687,0.0,0.0,0.0,0.1894819775457947,0.1909750201450443,0.1777019434849556,,,,,,0.1514776081332214,0.2265758091993186,0.1647043375497878,,0.1796315250767655,0.188780053428317,0.2691237830319888,0.0857267188859878,0.1569423192069723,0.1546340554969272,,0.0047458248733209,0.0114867447904691,0.0323952850073832,0.065218985185345,0.2265758091993186,Healthcare,35.0,4.0,7,8.058643712215618,2803.0,2744.3,9.593423529191217,8.847216104357543,9.589940513889292,8.789812386190972
PFE,1997Q1,1997,Q1,1,0,0,0,3002.0,2571.0,431.0,1641.0,982.0,1044.0,930.0,861.0,602.0,545.0,1147.0,15053.0,7152.0,14667.0,6954.0,0.181545636242505,0.3271152564956695,0.8564290473017988,0.3097934710193205,0.2005329780146569,0.0,551.0,0.0,0.0,0.0,481.0,474.0,427.0,,,,,0.0,0.1965750981091687,0.0,0.0,0.0,0.1894819775457947,0.1909750201450443,0.1777019434849556,,,,,0.1193139448173006,0.1644100580270793,0.1325991189427313,,0.1472527472527471,0.1495673671199011,0.1479999999999999,0.046116504854369,-0.2779411764705882,0.1232032854209446,,-0.3549094721166282,0.0118690329794821,0.0270285405115171,0.0402890658323205,1.218568665377176,Healthcare,35.0,1.0,8,8.00736706798333,3160.0,2682.0,9.619399015594476,8.875287128108384,9.593423529191217,8.847216104357543
PFE,1997Q2,1997,Q2,0,1,0,0,2913.0,2533.0,380.0,1836.0,1245.0,827.0,697.0,632.0,457.0,461.0,918.0,15732.0,7174.0,15053.0,7152.0,0.1582560933745279,0.427394438722966,0.8695502917953999,0.2392722279437006,0.1568829385513216,545.0,0.0,551.0,0.0,0.0,0.0,481.0,474.0,427.0,,,,0.181545636242505,0.0,0.1965750981091687,0.0,0.0,0.0,0.1894819775457947,0.1909750201450443,0.1777019434849556,,,,0.0947012401352875,0.1598984771573603,0.1277827248441674,,0.2161764705882352,0.2142857142857142,0.1048951048951047,-0.0843373493975904,-0.2049808429118773,0.0980861244019137,,-0.2737569594879869,0.0302196466908097,0.109239370310431,0.059557105292048,1.3299492385786804,Healthcare,35.0,2.0,9,7.97728198675515,3002.0,2661.0,9.663515696240424,8.878358040627822,9.619399015594476,8.875287128108384
PFE,1997Q3,1997,Q3,0,0,1,0,3094.0,2676.0,418.0,1791.0,1186.0,954.0,885.0,809.0,596.0,477.0,1073.0,15347.0,7405.0,15732.0,7174.0,0.154169360051713,0.383322559793148,0.8648998060762767,0.2860374919198448,0.1926308985132514,461.0,545.0,0.0,551.0,0.0,0.0,0.0,481.0,474.0,427.0,,,0.1582560933745279,0.181545636242505,0.0,0.1965750981091687,0.0,0.0,0.0,0.1894819775457947,0.1909750201450443,0.1777019434849556,,,0.1038173385658223,0.1595330739299612,0.1229542593369701,-0.1343012704174229,0.0181430096051227,0.0598802395209581,0.084450402144772,-0.0047619047619047,-0.1798063623789765,0.1569767441860465,-0.2157228380672387,-0.2569480393497967,0.017337035850526,-0.0398046828127843,0.0504755029817973,0.0075117370892019,Healthcare,35.0,3.0,10,8.037543185118697,2913.0,2803.0,9.638740451366843,8.910045761473558,9.663515696240424,8.878358040627822
PFE,1997Q4,1997,Q4,0,0,0,1,3496.0,2953.0,543.0,2118.0,1411.0,965.0,835.0,776.0,558.0,577.0,1135.0,15336.0,7933.0,15347.0,7405.0,0.165045766590389,0.403604118993135,0.8446796338672768,0.2388443935926773,0.1596109839816933,477.0,461.0,545.0,0.0,551.0,0.0,0.0,0.0,481.0,474.0,427.0,,0.154169360051713,0.1582560933745279,0.181545636242505,0.0,0.1965750981091687,0.0,0.0,0.0,0.1894819775457947,0.1909750201450443,0.1777019434849556,,0.1063291139240505,0.1071428571428572,0.1097331830139045,,0.0466377440347072,0.0424469413233459,0.063013698630137,0.0881763527054109,-0.1886141460609546,0.1387096774193548,,-0.2665963105127621,0.0030769045549021,-0.0577424672248935,0.000735534488395,1.251984126984127,Healthcare,35.0,4.0,11,8.159660737063376,3094.0,3160.0,9.638023488650779,8.978912601074276,9.638740451366843,8.910045761473558
PFE,1998Q1,1998,Q1,1,0,0,0,3339.0,2928.0,411.0,1971.0,1332.0,1031.0,957.0,961.0,692.0,505.0,1197.0,15955.0,8189.0,15336.0,7933.0,0.1512428870919437,0.398921832884097,0.8769092542677448,0.2866127583108715,0.2072476789457921,577.0,477.0,461.0,545.0,0.0,551.0,0.0,0.0,0.0,481.0,474.0,427.0,0.165045766590389,0.154169360051713,0.1582560933745279,0.181545636242505,0.0,0.1965750981091687,0.0,0.0,0.0,0.1894819775457947,0.1909750201450443,0.1777019434849556,0.1122584943371085,0.1495016611295681,0.1388564760793464,-0.073394495412844,-0.0124521072796934,0.0290322580645161,0.1161440185830429,-0.0464037122969838,0.3564154786150713,0.2010968921389397,-0.1669153265137339,0.2195146052118732,0.0239134894250367,-0.0748263436029718,0.0334842727496147,0.0435919790758501,Healthcare,35.0,1.0,12,8.113726085970747,3496.0,3002.0,9.677590213025297,9.010669176847115,9.638023488650779,8.978912601074276
PFE,1998Q2,1998,Q2,0,1,0,0,3633.0,3181.0,452.0,2208.0,1500.0,1045.0,973.0,899.0,628.0,574.0,1202.0,16508.0,8305.0,15955.0,8189.0,0.1579961464354528,0.4128819157720891,0.8755849160473438,0.2678227360308285,0.172859895403248,505.0,577.0,477.0,461.0,545.0,0.0,551.0,0.0,0.0,0.0,481.0,474.0,0.1512428870919437,0.165045766590389,0.154169360051713,0.1582560933745279,0.181545636242505,0.0,0.1965750981091687,0.0,0.0,0.0,0.1894819775457947,0.1909750201450443,0.2471678681771369,0.3741794310722099,0.2558231346229767,0.245119305856833,0.2636033857315598,0.3959827833572453,0.4224683544303798,0.1894736842105262,0.2048192771084338,0.2026143790849672,-0.0016425714393188,-0.0339558067115697,0.0069399370098353,0.1193222812880967,0.101839989736677,0.3093681917211328,Healthcare,35.0,2.0,13,8.198089248956116,3339.0,2913.0,9.711660965727868,9.024733424190698,9.677590213025297,9.010669176847115
PFE,1998Q3,1998,Q3,0,0,1,0,3330.0,3032.0,298.0,2049.0,1323.0,1192.0,983.0,701.0,1397.0,550.0,1947.0,18177.0,8645.0,16508.0,8305.0,0.1651651651651651,0.3972972972972973,0.9105105105105104,0.2951951951951952,0.4195195195195195,574.0,505.0,577.0,477.0,461.0,545.0,0.0,551.0,0.0,0.0,0.0,481.0,0.1579961464354528,0.1512428870919437,0.165045766590389,0.154169360051713,0.1582560933745279,0.181545636242505,0.0,0.1965750981091687,0.0,0.0,0.0,0.1894819775457947,0.0762766645119585,1.3439597315436242,0.133034379671151,0.1530398322851152,0.2494758909853249,0.1107344632768361,-0.1334981458590852,-0.2870813397129187,0.1155143338954469,0.1440536013400335,0.0713228952222662,0.0364568615833369,0.0527352464572195,0.0320157445581175,1.177841264082875,0.8145386766076421,Healthcare,35.0,3.0,14,8.11102783819368,3633.0,3094.0,9.807967350678716,9.064852065227576,9.711660965727868,9.024733424190698
PFE,1998Q4,1998,Q4,0,0,0,1,3866.0,3218.0,648.0,2422.0,1679.0,841.0,796.0,307.0,634.0,698.0,1332.0,18302.0,8810.0,18177.0,8645.0,0.1805483704086911,0.4342990170719089,0.8323848939472323,0.2058975685463011,0.1639937920331091,550.0,574.0,505.0,577.0,477.0,461.0,545.0,0.0,551.0,0.0,0.0,0.0,0.1651651651651651,0.1579961464354528,0.1512428870919437,0.165045766590389,0.154169360051713,0.1582560933745279,0.181545636242505,0.0,0.1965750981091687,0.0,0.0,0.0,0.1058352402745994,0.1362007168458781,0.089739248222147,0.2097053726169844,-0.1284974093264248,-0.0467065868263473,-0.6043814432989691,0.1933701657458564,0.1899362154500354,0.1435316336166194,0.0939291212283954,0.0760519941058777,-0.0145555065223419,-0.1379426351642292,0.0274593135264329,0.1735682819383259,Healthcare,35.0,4.0,15,8.260234291607297,3330.0,3496.0,9.814820259819962,9.08375621986673,9.807967350678716,9.064852065227576
PFE,1999Q1,1999,Q1,1,0,0,0,3927.0,3509.0,418.0,2353.0,1570.0,1284.0,1156.0,1148.0,815.0,655.0,1470.0,19025.0,9045.0,18302.0,8810.0,0.166793990323402,0.3997962821492233,0.8935574229691877,0.2943722943722944,0.2075375604787369,698.0,550.0,574.0,505.0,577.0,477.0,461.0,545.0,0.0,551.0,0.0,0.0,0.1805483704086911,0.1651651651651651,0.1579961464354528,0.1512428870919437,0.165045766590389,0.154169360051713,0.1582560933745279,0.181545636242505,0.0,0.1965750981091687,0.0,0.0,0.1761006289308175,0.1777456647398843,0.1984289617486339,0.297029702970297,0.2453928225024249,0.2079414838035527,0.1945889698231009,0.0170316301703163,0.1786786786786787,0.1938102486047692,0.1028220469105734,0.0021920316037962,0.0189850530376085,0.0270732402393845,0.0013987202868535,0.2280701754385965,Healthcare,35.0,1.0,16,8.275885669474356,3866.0,3339.0,9.853561743766402,9.11007795003779,9.814820259819962,9.08375621986673
PFE,1999Q2,1999,Q2,0,1,0,0,3779.0,3419.0,360.0,2348.0,1565.0,2013.0,1071.0,1027.0,709.0,667.0,1376.0,19640.0,8651.0,19025.0,9045.0,0.1765017200317544,0.4141307224133368,0.9047367028314368,0.2834083090764752,0.1876157713680868,655.0,698.0,550.0,574.0,505.0,577.0,477.0,461.0,545.0,0.0,551.0,0.0,0.166793990323402,0.1805483704086911,0.1651651651651651,0.1579961464354528,0.1512428870919437,0.165045766590389,0.154169360051713,0.1582560933745279,0.181545636242505,0.0,0.1965750981091687,0.0,0.0401871731351499,0.1289808917197452,0.0748192392329456,0.1620209059233448,0.9263157894736842,0.1007194244604317,0.1423804226918799,-0.2035398230088495,0.0433333333333332,0.0634057971014492,0.1171267402009823,0.0030246096851018,0.0332940714827445,0.0581936144654002,0.085363212388948,0.1447587354409318,Healthcare,35.0,2.0,17,8.237479288613633,3927.0,3633.0,9.8853744971092,9.06554578707295,9.853561743766402,9.11007795003779
PFE,1999Q3,1999,Q3,0,0,1,0,3992.0,3320.0,672.0,2303.0,1472.0,1798.0,1017.0,966.0,701.0,694.0,1395.0,20239.0,8786.0,19640.0,8651.0,0.1738476953907815,0.3687374749498998,0.8316633266533067,0.2547595190380761,0.1756012024048096,667.0,655.0,698.0,550.0,574.0,505.0,577.0,477.0,461.0,545.0,0.0,551.0,0.1765017200317544,0.166793990323402,0.1805483704086911,0.1651651651651651,0.1579961464354528,0.1512428870919437,0.165045766590389,0.154169360051713,0.1582560933745279,0.181545636242505,0.0,0.1965750981091687,0.1987987987987987,-0.4982104509663565,0.0949868073878628,0.2618181818181817,0.5083892617449663,0.0345879959308239,0.3780313837375177,1.2550335570469795,0.1126228269085412,0.1239629087359688,0.0525687739114593,-0.0718852671329053,-0.0865966762020081,-0.1369794522921734,-0.581423046522537,-0.2835130970724191,Healthcare,35.0,3.0,18,8.292298107063221,3779.0,3330.0,9.915416123401402,9.081028635495842,9.8853744971092,9.06554578707295
PFE,1999Q4,1999,Q4,0,0,0,1,4507.0,3972.0,535.0,2666.0,1745.0,1467.0,1306.0,1302.0,954.0,760.0,1714.0,20574.0,8887.0,20239.0,8786.0,0.1686265808741957,0.3871755047703572,0.8812957621477702,0.2897714666074995,0.2116707344131351,694.0,667.0,655.0,698.0,550.0,574.0,505.0,577.0,477.0,461.0,545.0,0.0,0.1738476953907815,0.1765017200317544,0.166793990323402,0.1805483704086911,0.1651651651651651,0.1579961464354528,0.1512428870919437,0.165045766590389,0.154169360051713,0.1582560933745279,0.181545636242505,0.0,0.1658044490429384,0.5047318611987381,0.2343070229956494,0.0888252148997135,0.7443519619500594,0.6407035175879396,3.241042345276873,-0.1743827160493827,0.0393091125670042,0.1007431874483897,-0.066031000487621,-0.1085047638819528,0.0587599181054319,0.4073573993776294,0.2907240682037546,0.2867867867867868,Healthcare,35.0,4.0,19,8.413608875159667,3992.0,3866.0,9.93183202554527,9.092457331319466,9.915416123401402,9.081028635495842
PFE,2000Q1,2000,Q1,1,0,0,0,4315.0,3972.0,343.0,2522.0,1663.0,2375.0,1450.0,1612.0,1180.0,712.0,1892.0,20225.0,10188.0,20574.0,8887.0,0.1650057937427578,0.3853997682502897,0.9205098493626884,0.33603707995365,0.2734646581691773,760.0,694.0,667.0,655.0,698.0,550.0,574.0,505.0,577.0,477.0,461.0,545.0,0.1686265808741957,0.1738476953907815,0.1765017200317544,0.166793990323402,0.1805483704086911,0.1651651651651651,0.1579961464354528,0.1512428870919437,0.165045766590389,0.154169360051713,0.1582560933745279,0.181545636242505,0.098803157626687,0.4478527607361964,0.1319464234824736,0.0870229007633587,0.8496884735202492,0.2543252595155709,0.4041811846689895,-0.1794258373205741,0.059235668789809,0.0718232044198894,-0.0107209892705192,-0.0360096242554854,0.0301630602585571,0.1415377274896052,0.3176634510801954,0.2870748299319727,Healthcare,35.0,1.0,20,8.370084326378025,4507.0,3927.0,9.914724184462116,9.229063985974285,9.93183202554527,9.092457331319466
PFE,2000Q2,2000,Q2,0,1,0,0,7041.0,6212.0,829.0,4287.0,2875.0,2103.0,1667.0,1663.0,1150.0,1086.0,2236.0,32044.0,14973.0,20225.0,10188.0,0.1542394546229228,0.4083226814372958,0.8822610424655589,0.2367561425933816,0.1633290725749183,712.0,760.0,694.0,667.0,655.0,698.0,550.0,574.0,505.0,577.0,477.0,461.0,0.1650057937427578,0.1686265808741957,0.1738476953907815,0.1765017200317544,0.166793990323402,0.1805483704086911,0.1651651651651651,0.1579961464354528,0.1512428870919437,0.165045766590389,0.154169360051713,0.1582560933745279,0.8631913204551469,0.622002820874471,0.816905527932144,0.6281859070464768,0.044709388971684,0.5564892623716153,0.6192794547224927,1.3027777777777776,0.8370607028753994,0.825809199318569,-0.1261305861768732,-0.0140246561332006,-0.0248422113257247,-0.1646111457886188,-0.1294491322135171,0.625,Healthcare,35.0,2.0,21,8.859647499714997,4315.0,3779.0,10.374896443938328,9.614070642790631,9.914724184462116,9.229063985974285
PFE,2000Q3,2000,Q3,0,0,1,0,7205.0,6011.0,1194.0,3723.0,2698.0,2472.0,2288.0,1782.0,1361.0,1025.0,2386.0,33488.0,16172.0,32044.0,14973.0,0.1422623178348369,0.3744621790423317,0.8342817487855656,0.3175572519083969,0.1888965995836224,1086.0,712.0,760.0,694.0,667.0,655.0,698.0,550.0,574.0,505.0,577.0,477.0,0.1542394546229228,0.1650057937427578,0.1686265808741957,0.1738476953907815,0.1765017200317544,0.166793990323402,0.1805483704086911,0.1651651651651651,0.1579961464354528,0.1512428870919437,0.165045766590389,0.154169360051713,0.8048597194388778,0.94151212553495,0.8105421686746987,0.4769452449567724,0.3748609566184648,1.249754178957719,0.84472049689441,0.7767857142857142,0.8328804347826086,0.6165870603560573,-0.1816841890537911,0.0155251485984975,0.0031484160096317,0.2464980822205709,0.0757135884990314,0.7103942652329749,Healthcare,35.0,3.0,22,8.882669291308039,7041.0,3992.0,10.418972305682843,9.69109846411978,10.374896443938328,9.614070642790631
PFE,2000Q4,2000,Q4,0,0,0,1,8106.0,6896.0,1210.0,4599.0,3075.0,2558.0,2297.0,1912.0,1420.0,1263.0,2683.0,33510.0,16076.0,33488.0,16172.0,0.1558105107327905,0.3793486306439674,0.8507278559092031,0.2833703429558352,0.1751788798420922,1025.0,1086.0,712.0,760.0,694.0,667.0,655.0,698.0,550.0,574.0,505.0,577.0,0.1422623178348369,0.1542394546229228,0.1650057937427578,0.1686265808741957,0.1738476953907815,0.1765017200317544,0.166793990323402,0.1805483704086911,0.1651651651651651,0.1579961464354528,0.1512428870919437,0.165045766590389,0.7985356112713557,0.4884696016771488,0.7361530715005036,0.6618421052631578,0.743694614860259,0.7588055130168454,0.4685099846390168,1.2616822429906542,0.7621776504297995,0.7250562640660165,-0.0760026685885697,-0.020215313288045,-0.0346851846468333,-0.0220902483139746,-0.1723991494252518,0.5653442240373396,Healthcare,35.0,4.0,23,9.000483164987708,7205.0,4507.0,10.419629022124354,9.68514495816296,10.418972305682843,9.69109846411978
PFE,2001Q1,2001,Q1,1,0,0,0,7645.0,6421.0,1224.0,3633.0,2580.0,3042.0,2788.0,2598.0,1930.0,1028.0,2958.0,35146.0,17748.0,33510.0,16076.0,0.1344669718770438,0.3374754741661216,0.839895356442119,0.3646827992151733,0.2524525833878351,1263.0,1025.0,1086.0,712.0,760.0,694.0,667.0,655.0,698.0,550.0,574.0,505.0,0.1558105107327905,0.1422623178348369,0.1542394546229228,0.1650057937427578,0.1686265808741957,0.1738476953907815,0.1765017200317544,0.166793990323402,0.1805483704086911,0.1651651651651651,0.1579961464354528,0.1512428870919437,0.7717265353418308,0.6355932203389831,0.6165659617321249,0.4438202247191012,0.280842105263158,0.9227586206896552,0.6116625310173698,2.568513119533528,0.5514131088394467,0.4405233941316415,-0.1850772701552751,-0.1243495664300571,-0.0875759156475973,0.0852457093886018,-0.0768365276961791,0.5634249471458774,Healthcare,35.0,1.0,24,8.941937914256359,8106.0,4315.0,10.467294545090018,9.784084455288346,10.419629022124354,9.68514495816296
PFE,2001Q2,2001,Q2,0,1,0,0,7686.0,6536.0,1150.0,3950.0,2810.0,2854.0,2586.0,2391.0,1829.0,1116.0,2945.0,36941.0,17816.0,35146.0,17748.0,0.1451990632318501,0.3655997918293,0.8503773093937028,0.336455893832943,0.2379651314077543,1028.0,1263.0,1025.0,1086.0,712.0,760.0,694.0,667.0,655.0,698.0,550.0,574.0,0.1344669718770438,0.1558105107327905,0.1422623178348369,0.1542394546229228,0.1650057937427578,0.1686265808741957,0.1738476953907815,0.1765017200317544,0.166793990323402,0.1805483704086911,0.1651651651651651,0.1579961464354528,0.0916063059224541,0.5904347826086958,0.0521571152607855,0.0276243093922652,0.3571088920589633,0.5512897420515896,0.4377630787733013,0.3872135102533172,-0.0226086956521739,-0.0786097504082108,-0.0586127033006844,-0.1046302141669212,-0.0361386613906855,0.4211073476171276,0.4569673828191292,0.3170840787119857,Healthcare,35.0,2.0,25,8.947285869349132,7645.0,7041.0,10.517104394139265,9.78790833668397,10.467294545090018,9.784084455288346
PFE,2001Q3,2001,Q3,0,0,1,0,7898.0,6721.0,1177.0,3882.0,2671.0,3089.0,2839.0,2754.0,2072.0,1188.0,3260.0,38806.0,18896.0,36941.0,17816.0,0.1504178272980501,0.3381868827551278,0.850974930362117,0.3594580906558622,0.2623448974423905,1116.0,1028.0,1263.0,1025.0,1086.0,712.0,760.0,694.0,667.0,655.0,698.0,550.0,0.1451990632318501,0.1344669718770438,0.1558105107327905,0.1422623178348369,0.1542394546229228,0.1650057937427578,0.1686265808741957,0.1738476953907815,0.1765017200317544,0.166793990323402,0.1805483704086911,0.1651651651651651,0.0961832061068701,0.5224099926524615,0.1181167858925302,0.1590243902439023,0.2495954692556634,0.2408216783216783,0.5454545454545454,-0.0142378559463987,-0.0100074128984433,0.0427074939564866,0.0573272640804403,-0.0968730577276885,0.0200090456261941,0.1319473527864894,0.3888280573640144,0.366303436714166,Healthcare,35.0,3.0,26,8.97449144816442,7686.0,7205.0,10.566355921710144,9.846758458290038,10.517104394139265,9.78790833668397
PFE,2001Q4,2001,Q4,0,0,0,1,9030.0,7547.0,1483.0,4784.0,3238.0,3059.0,2763.0,2584.0,1956.0,1515.0,3471.0,39153.0,18293.0,38806.0,18896.0,0.1677740863787375,0.3585825027685493,0.8357696566998892,0.3059800664451827,0.2166112956810631,1188.0,1116.0,1028.0,1263.0,1025.0,1086.0,712.0,760.0,694.0,667.0,655.0,698.0,0.1504178272980501,0.1451990632318501,0.1344669718770438,0.1558105107327905,0.1422623178348369,0.1542394546229228,0.1650057937427578,0.1686265808741957,0.1738476953907815,0.1765017200317544,0.166793990323402,0.1805483704086911,0.1139896373056994,0.3774647887323943,0.0944025522041762,0.1995249406175772,0.1958561376075058,0.2028733130169786,0.3514644351464435,0.2256198347107438,0.0530081300813007,0.040226136116547,0.0767828536706622,-0.0547415390432973,-0.0175828252306696,0.0797886019175668,0.2365149033737308,0.2937010808796123,Healthcare,35.0,4.0,27,9.108418382250798,7898.0,8106.0,10.575257867336488,9.81432841621631,10.566355921710144,9.846758458290038
PFE,2002Q1,2002,Q1,1,0,0,0,8418.0,7212.0,1206.0,4035.0,2829.0,3323.0,3177.0,3156.0,1963.0,1201.0,3164.0,41316.0,19674.0,39153.0,18293.0,0.1426704680446661,0.3360655737704918,0.8567355666429081,0.3774055595153243,0.2331907816583511,1515.0,1188.0,1116.0,1028.0,1263.0,1025.0,1086.0,712.0,760.0,694.0,667.0,655.0,0.1677740863787375,0.1504178272980501,0.1451990632318501,0.1344669718770438,0.1558105107327905,0.1422623178348369,0.1542394546229228,0.1650057937427578,0.1686265808741957,0.1738476953907815,0.1765017200317544,0.166793990323402,0.1011118378024853,0.0170984455958549,0.1231895343404454,0.1682879377431907,0.0923734385272847,0.1395265423242468,0.2147806004618937,-0.0147058823529411,0.0965116279069766,0.1106523534269199,0.061007517705713,-0.0041777862498412,0.0200503670744482,0.0348871960167338,-0.0762986913066866,0.0696416497633536,Healthcare,35.0,1.0,28,9.038246335337664,9030.0,7645.0,10.629029316531945,9.887104073285604,10.575257867336488,9.81432841621631
PFE,2002Q2,2002,Q2,0,1,0,0,8033.0,6836.0,1197.0,4257.0,2983.0,2716.0,2579.0,2476.0,1957.0,1257.0,3214.0,42568.0,18830.0,41316.0,19674.0,0.156479521971866,0.3713432092617951,0.8509896676210631,0.3210506660027387,0.2436200672227063,1201.0,1515.0,1188.0,1116.0,1028.0,1263.0,1025.0,1086.0,712.0,760.0,694.0,667.0,0.1426704680446661,0.1677740863787375,0.1504178272980501,0.1451990632318501,0.1344669718770438,0.1558105107327905,0.1422623178348369,0.1542394546229228,0.1650057937427578,0.1686265808741957,0.1738476953907815,0.1765017200317544,0.0451470205568567,0.0699835975943139,0.0458996328029375,0.1263440860215055,-0.0483531885073581,-0.002706883217324,0.0355499790882476,0.0408695652173913,0.0615658362989324,0.0777215189873417,0.0776896109997871,0.0157095752263904,0.0007201017955158,-0.0457867676345515,0.0237637160599897,0.0913412563667233,Healthcare,35.0,2.0,29,8.991437814919227,8418.0,7686.0,10.658881567825121,9.843259726985641,10.629029316531945,9.887104073285604
PFE,2002Q3,2002,Q3,0,0,1,0,8725.0,7411.0,1314.0,4213.0,2946.0,3315.0,3198.0,3031.0,2350.0,1263.0,3613.0,44876.0,18953.0,42568.0,18830.0,0.144756446991404,0.3376504297994269,0.8493982808022923,0.3665329512893983,0.2693409742120344,1257.0,1201.0,1515.0,1188.0,1116.0,1028.0,1263.0,1025.0,1086.0,712.0,760.0,694.0,0.156479521971866,0.1426704680446661,0.1677740863787375,0.1504178272980501,0.1451990632318501,0.1344669718770438,0.1558105107327905,0.1422623178348369,0.1542394546229228,0.1650057937427578,0.1686265808741957,0.1738476953907815,0.1047100531780198,0.1341698841698841,0.1026632941526559,0.0631313131313131,0.0731628358692133,0.1264529764001409,0.1005809731299927,0.1163976210705182,0.1029576937476599,0.0852653271509531,-0.0376376950015917,-0.0015862618660149,-0.0018527567658823,0.01968201806399,0.0266674779568762,0.1082822085889569,Healthcare,35.0,3.0,30,9.074062353683555,8033.0,7898.0,10.71168069304257,9.84977027003014,10.658881567825121,9.843259726985641
PFE,2002Q4,2002,Q4,0,0,0,1,7196.0,6868.0,328.0,3546.0,2088.0,3547.0,3322.0,3132.0,2856.0,1455.0,4311.0,46356.0,19950.0,44876.0,18953.0,0.202195664257921,0.2901612006670372,0.9544191217342968,0.4616453585325181,0.3968871595330739,1263.0,1257.0,1201.0,1515.0,1188.0,1116.0,1028.0,1263.0,1025.0,1086.0,712.0,760.0,0.144756446991404,0.156479521971866,0.1426704680446661,0.1677740863787375,0.1504178272980501,0.1451990632318501,0.1344669718770438,0.1558105107327905,0.1422623178348369,0.1542394546229228,0.1650057937427578,0.1686265808741957,-0.2031007751937984,0.4601226993865031,-0.089969524314297,-0.0396039603960396,0.1595292579274272,0.2023163228374955,0.2120743034055727,-0.7788267026298045,-0.3551575046324892,-0.2587792642140468,0.2051662364680049,-0.1908104873306527,0.1419643128740826,0.5087432455840168,0.832255138335203,0.2420051858254106,Healthcare,35.0,4.0,31,8.881419551507804,8725.0,9030.0,10.744127584402122,9.901034546375062,10.71168069304257,9.84977027003014
PFE,2003Q1,2003,Q1,1,0,0,0,8525.0,7460.0,1065.0,3966.0,2744.0,3763.0,3494.0,3224.0,4665.0,1218.0,5883.0,52928.0,24843.0,46356.0,19950.0,0.1428739002932551,0.3218768328445748,0.8750733137829912,0.4098533724340176,0.5472140762463343,1455.0,1263.0,1257.0,1201.0,1515.0,1188.0,1116.0,1028.0,1263.0,1025.0,1086.0,712.0,0.202195664257921,0.144756446991404,0.156479521971866,0.1426704680446661,0.1677740863787375,0.1504178272980501,0.1451990632318501,0.1344669718770438,0.1558105107327905,0.1422623178348369,0.1542394546229228,0.1650057937427578,0.0127108576859111,1.3764645950076413,0.0343871325568496,0.0141548709408825,0.1324104724646404,0.0997796663519043,0.0215462610899872,-0.1169154228855721,-0.0300459526334393,-0.0171003717472119,0.0014258889830323,-0.0422201559258993,0.0214042090162533,0.0859759802170476,1.3466368282433223,0.859355246523388,Healthcare,35.0,1.0,32,9.050875597325156,7196.0,8418.0,10.876706671796175,10.120371553679194,10.744127584402122,9.901034546375062
PFE,2003Q2,2003,Q2,0,1,0,0,9993.0,7966.0,2027.0,6075.0,3773.0,2802.0,1891.0,-3405.0,-3591.0,1717.0,-1874.0,124258.0,70282.0,52928.0,24843.0,0.1718202741919343,0.3775642950065045,0.7971580106074252,0.1892324627239067,-0.3593515460822575,1218.0,1455.0,1263.0,1257.0,1201.0,1515.0,1188.0,1116.0,1028.0,1263.0,1025.0,1086.0,0.1428739002932551,0.202195664257921,0.144756446991404,0.156479521971866,0.1426704680446661,0.1677740863787375,0.1504178272980501,0.1451990632318501,0.1344669718770438,0.1558105107327905,0.1422623178348369,0.1542394546229228,0.2439935267023527,-2.83495145631068,0.1653013458162668,0.3659506762132061,0.0316642120765833,-0.2667700659170221,-2.375201938610662,0.6934001670843777,0.2648340596714718,0.4270613107822409,0.0980368039648438,0.0167529271831214,-0.0632577093023044,-0.4105838026129729,-2.475049039181796,-1.5830740510267578,Healthcare,35.0,2.0,33,9.20974019190415,8525.0,8033.0,11.730123375943261,11.160285227787263,10.876706671796175,10.120371553679194
PFE,2003Q3,2003,Q3,0,0,1,0,12504.0,9138.0,3366.0,6532.0,4043.0,3685.0,2606.0,2494.0,2234.0,1879.0,4113.0,120058.0,68531.0,124258.0,70282.0,0.1502719129878439,0.3233365323096609,0.730806142034549,0.2084133077415227,0.1786628278950735,1717.0,1218.0,1455.0,1263.0,1257.0,1201.0,1515.0,1188.0,1116.0,1028.0,1263.0,1025.0,0.1718202741919343,0.1428739002932551,0.202195664257921,0.144756446991404,0.156479521971866,0.1426704680446661,0.1677740863787375,0.1504178272980501,0.1451990632318501,0.1344669718770438,0.1558105107327905,0.1422623178348369,0.4331232091690544,-0.0493617021276595,0.2330319794899473,0.4877276326207442,0.1116138763197587,-0.1851156973108192,-0.1771692510722533,1.5616438356164384,0.3723693143245077,0.5504391170187515,0.0381016950268708,-0.0423926529525486,-0.1396190002359412,-0.4313927110554141,-0.3366667347299928,0.1383891502906171,Healthcare,35.0,3.0,34,9.433883843311719,9993.0,8725.0,11.695738567602397,11.135056068452863,11.730123375943261,11.160285227787263
PFE,2003Q4,2003,Q4,0,0,0,1,14166.0,10793.0,3373.0,8000.0,4682.0,4544.0,2793.0,951.0,600.0,2318.0,2918.0,116775.0,65377.0,120058.0,68531.0,0.1636312297049273,0.3305096710433432,0.7618946773965833,0.1971622193985599,0.0423549343498517,1879.0,1717.0,1218.0,1455.0,1263.0,1257.0,1201.0,1515.0,1188.0,1116.0,1028.0,1263.0,0.1502719129878439,0.1718202741919343,0.1428739002932551,0.202195664257921,0.144756446991404,0.156479521971866,0.1426704680446661,0.1677740863787375,0.1504178272980501,0.1451990632318501,0.1344669718770438,0.1558105107327905,0.9685936631461922,-0.7899159663865546,0.5714909726266744,0.5931271477663229,0.2810826050183252,-0.1592414208308248,-0.696360153256705,9.283536585365852,1.2423371647509578,1.2560631697687534,-0.1907282962497204,0.1390553605497593,-0.2017189722559969,-0.5729141087320779,-0.89328217521655,-0.3231268847135236,Healthcare,35.0,4.0,35,9.55867059537935,12504.0,7196.0,11.668012848810413,11.08794108941569,11.695738567602397,11.135056068452863
PFE,2004Q1,2004,Q1,1,0,0,0,12487.0,10693.0,1794.0,5582.0,3933.0,5549.0,5111.0,3129.0,2330.0,1649.0,3979.0,122289.0,69048.0,116775.0,65377.0,0.1320573396332185,0.3149675662689197,0.8563305838071594,0.4093056779050212,0.1865940578201329,2318.0,1879.0,1717.0,1218.0,1455.0,1263.0,1257.0,1201.0,1515.0,1188.0,1116.0,1028.0,0.1636312297049273,0.1502719129878439,0.1718202741919343,0.1428739002932551,0.202195664257921,0.144756446991404,0.156479521971866,0.1426704680446661,0.1677740863787375,0.1504178272980501,0.1451990632318501,0.1344669718770438,0.46475073313783,-0.5005359056806002,0.4333780160857909,0.3538587848932677,0.4746213127823544,0.4627933600457927,-0.0294665012406948,0.6845070422535211,0.4333090379008746,0.4074634392334846,-0.0757070440285812,-0.0214655603343512,-0.0214184682364565,-0.0013363182197179,-0.6590108589674956,-0.3236443991160972,Healthcare,35.0,1.0,36,9.432523462195268,14166.0,8525.0,11.714150552183415,11.142571676473336,11.668012848810413,11.08794108941569
PFE,2004Q2,2004,Q2,0,1,0,0,12274.0,10522.0,1752.0,6907.0,4258.0,3615.0,3615.0,3428.0,2862.0,1819.0,4681.0,119961.0,66705.0,122289.0,69048.0,0.1481994459833795,0.3469121720710444,0.8572592471891803,0.2945250122209548,0.2331758188039759,1649.0,2318.0,1879.0,1717.0,1218.0,1455.0,1263.0,1257.0,1201.0,1515.0,1188.0,1116.0,0.1320573396332185,0.1636312297049273,0.1502719129878439,0.1718202741919343,0.1428739002932551,0.202195664257921,0.144756446991404,0.156479521971866,0.1426704680446661,0.1677740863787375,0.1504178272980501,0.1451990632318501,0.2282597818472931,-1.7969924812030076,0.3208636706000503,0.0594059405940594,0.2901498929336188,0.9116869381279746,-2.006754772393539,-0.1356684755796744,0.1285449244632919,0.136954732510288,-0.1374740455958583,-0.08118384958761,0.0753943832740997,0.5564190624664209,-1.6488794088855836,-3.4978655282817503,Healthcare,35.0,2.0,37,9.41531995266272,12487.0,9993.0,11.69493030494804,11.108050182880493,11.714150552183415,11.142571676473336
PFE,2004Q3,2004,Q3,0,0,1,0,12831.0,11191.0,1640.0,6767.0,4036.0,5689.0,4424.0,3951.0,3340.0,1888.0,5228.0,122229.0,68383.0,119961.0,66705.0,0.1471436365053386,0.3145506975294209,0.8721845530356168,0.3447899618112384,0.2603070688177071,1819.0,1649.0,2318.0,1879.0,1717.0,1218.0,1455.0,1263.0,1257.0,1201.0,1515.0,1188.0,0.1481994459833795,0.1320573396332185,0.1636312297049273,0.1502719129878439,0.1718202741919343,0.1428739002932551,0.202195664257921,0.144756446991404,0.156479521971866,0.1426704680446661,0.1677740863787375,0.1504178272980501,0.026151631477927,0.495076096687556,0.2246662289341212,0.0047897817988291,0.5438263229308005,0.6976208749040675,0.5842020850040097,-0.512774806892454,-0.0017313875834775,0.0359767299448867,-0.0208174396685715,-0.0271724160504874,0.1934554225385589,0.6543567469254508,0.4569738534004519,0.2710916605883784,Healthcare,35.0,3.0,38,9.459697330106296,12274.0,12504.0,11.713659794771308,11.132894158118875,11.69493030494804,11.108050182880493
PFE,2004Q4,2004,Q4,0,0,0,1,14923.0,12567.0,2356.0,7872.0,4676.0,6006.0,4695.0,3499.0,2824.0,2328.0,5152.0,123684.0,68278.0,122229.0,68383.0,0.1560008041278563,0.3133418213495946,0.842122897540709,0.3146150237887824,0.1892380888561281,1888.0,1819.0,1649.0,2318.0,1879.0,1717.0,1218.0,1455.0,1263.0,1257.0,1201.0,1515.0,0.1471436365053386,0.1481994459833795,0.1320573396332185,0.1636312297049273,0.1502719129878439,0.1718202741919343,0.1428739002932551,0.202195664257921,0.144756446991404,0.156479521971866,0.1426704680446661,0.1677740863787375,0.0534378088380629,3.706666666666667,0.1643657926433799,0.0043140638481449,0.3217429577464787,0.6809881847475832,2.679284963196636,-0.3015120071153275,-0.0012815036309269,-0.016,-0.0466318415551283,-0.0519435623156008,0.1053009326935685,0.5957165868213004,3.467911277893185,0.7655928718300207,Healthcare,35.0,4.0,39,9.610725934341048,12831.0,14166.0,11.725493289912254,11.131357531224094,11.713659794771308,11.132894158118875
PFE,2005Q1,2005,Q1,1,0,0,0,13091.0,10900.0,2191.0,6731.0,4085.0,5535.0,4169.0,2910.0,301.0,1764.0,2065.0,122935.0,67532.0,123684.0,68278.0,0.1347490642426094,0.3120464441219158,0.8326331067145367,0.3184630662287067,0.0229928958826674,2328.0,1888.0,1819.0,1649.0,2318.0,1879.0,1717.0,1218.0,1455.0,1263.0,1257.0,1201.0,0.1560008041278563,0.1471436365053386,0.1481994459833795,0.1320573396332185,0.1636312297049273,0.1502719129878439,0.1718202741919343,0.1428739002932551,0.202195664257921,0.144756446991404,0.156479521971866,0.1426704680446661,0.0483703051173221,-0.8708154506437769,0.0193584588048256,0.0697392359005457,-0.0025229771129933,-0.1843083545294462,-0.0699904122722914,0.221293199554069,0.038647342995169,0.20584020064493,0.0203829989068913,-0.0092743585684305,-0.0276732812546133,-0.2219431993743179,-0.8767758408210864,-0.4810253832621262,Healthcare,35.0,1.0,40,9.47975663562107,14923.0,12487.0,11.719419173735169,11.120371646282273,11.725493289912254,11.131357531224094
PFE,2005Q2,2005,Q2,0,1,0,0,12425.0,10344.0,2081.0,6960.0,4226.0,4648.0,3384.0,3061.0,3461.0,1875.0,5336.0,112327.0,65328.0,122935.0,67532.0,0.1509054325955734,0.3401207243460765,0.8325150905432596,0.2723541247484909,0.2785513078470825,1764.0,2328.0,1888.0,1819.0,1649.0,2318.0,1879.0,1717.0,1218.0,1455.0,1263.0,1257.0,0.1347490642426094,0.1560008041278563,0.1471436365053386,0.1481994459833795,0.1320573396332185,0.1636312297049273,0.1502719129878439,0.1718202741919343,0.1428739002932551,0.202195664257921,0.144756446991404,0.156479521971866,0.0123024278963663,0.2092941998602375,-0.0169169359437368,0.0307861462341945,0.2857538035961273,-0.0639004149377593,-0.1070595099183197,0.1877853881278539,-0.0075152653828087,0.0076733748371218,0.0182590872336823,-0.0195768504876131,-0.0288642633218049,-0.0752767559715136,0.1945977472100246,0.1399273659474471,Healthcare,35.0,2.0,41,9.42754633062364,13091.0,12274.0,11.629178441794478,11.087191320814231,11.719419173735169,11.120371646282273
PFE,2005Q3,2005,Q3,0,0,1,0,12189.0,10281.0,1908.0,6550.0,3931.0,4921.0,3731.0,2197.0,1588.0,1783.0,3371.0,110343.0,66807.0,112327.0,65328.0,0.146279432275002,0.3225038969562721,0.8434654196406596,0.3060956600213307,0.1302814012634342,1875.0,1764.0,2328.0,1888.0,1819.0,1649.0,2318.0,1879.0,1717.0,1218.0,1455.0,1263.0,0.1509054325955734,0.1347490642426094,0.1560008041278563,0.1471436365053386,0.1481994459833795,0.1320573396332185,0.1636312297049273,0.1502719129878439,0.1718202741919343,0.1428739002932551,0.202195664257921,0.144756446991404,-0.050035071311667,-0.5245508982035928,-0.081315342686087,-0.055614406779661,-0.1349973633327473,-0.1566455696202531,-0.4439382434826626,0.1634146341463414,-0.02601585728444,-0.0320673858430619,-0.0058732015251315,0.025284316611974,-0.0329278170485833,-0.1122257202229443,-0.4995087845475674,-0.3552027543993878,Healthcare,35.0,3.0,42,9.408371222475317,12425.0,12831.0,11.611358037755355,11.109578112833065,11.629178441794478,11.087191320814231
PFE,2005Q4,2005,Q4,0,0,0,1,13593.0,11248.0,2345.0,7609.0,4755.0,5072.0,3639.0,3365.0,2731.0,2021.0,4752.0,117565.0,65627.0,110343.0,66807.0,0.1486794673729125,0.3498124034429485,0.8274847347899654,0.2677113220039726,0.2009122342382108,1783.0,1875.0,1764.0,2328.0,1888.0,1819.0,1649.0,2318.0,1879.0,1717.0,1218.0,1455.0,0.146279432275002,0.1509054325955734,0.1347490642426094,0.1560008041278563,0.1471436365053386,0.1481994459833795,0.1320573396332185,0.1636312297049273,0.1502719129878439,0.1718202741919343,0.1428739002932551,0.202195664257921,-0.0891241707431481,-0.0329320113314447,-0.1049574281849288,-0.1318728522336769,-0.1555111555111554,-0.2249201277955271,-0.0382966561874821,-0.0046689303904923,0.0168947818648417,-0.0334095528455284,-0.0469314039493241,0.1163923217662792,-0.0173824542634953,-0.1490828416900355,0.0616902519606303,-0.077639751552795,Healthcare,35.0,4.0,43,9.517383797906584,12189.0,14923.0,11.674755156998419,11.091757713134774,11.611358037755355,11.109578112833065
PFE,2006Q1,2006,Q1,1,0,0,0,12660.0,10687.0,1973.0,6226.0,3810.0,5664.0,4461.0,4427.0,4111.0,1588.0,5699.0,112959.0,69609.0,117565.0,65627.0,0.125434439178515,0.3009478672985782,0.8441548183254345,0.3523696682464455,0.3247235387045813,2021.0,1783.0,1875.0,1764.0,2328.0,1888.0,1819.0,1649.0,2318.0,1879.0,1717.0,1218.0,0.1486794673729125,0.146279432275002,0.1509054325955734,0.1347490642426094,0.1560008041278563,0.1471436365053386,0.1481994459833795,0.1320573396332185,0.1636312297049273,0.1502719129878439,0.1718202741919343,0.1428739002932551,-0.0329233824765106,12.6578073089701,-0.0195412844036697,-0.0997732426303854,0.0233062330623305,0.0700407771647877,0.5213058419243985,-0.0994979461433135,-0.0673194614443084,-0.0750259991086019,-0.0691257124229365,-0.0355670671222309,0.0138376813484644,0.1064694955658953,13.12277689429128,1.7598062953995155,Healthcare,35.0,1.0,44,9.446281681520253,13593.0,13091.0,11.634789052727069,11.150663514162712,11.674755156998419,11.091757713134774
PFE,2006Q2,2006,Q2,0,1,0,0,11741.0,9951.0,1790.0,6446.0,3881.0,4848.0,3505.0,3083.0,2413.0,1742.0,4155.0,111550.0,68489.0,112959.0,69609.0,0.1483689634613746,0.3305510603866791,0.84754279873946,0.2985265309598842,0.2055191210288731,1588.0,2021.0,1783.0,1875.0,1764.0,2328.0,1888.0,1819.0,1649.0,2318.0,1879.0,1717.0,0.125434439178515,0.1486794673729125,0.146279432275002,0.1509054325955734,0.1347490642426094,0.1560008041278563,0.1471436365053386,0.1481994459833795,0.1320573396332185,0.1636312297049273,0.1502719129878439,0.1718202741919343,-0.0550503018108652,-0.3028026581912741,-0.0379930394431554,-0.0709333333333332,0.0430292598967296,0.0357565011820331,0.00718719372754,-0.1398366170110524,-0.0816374822527212,-0.0738505747126436,-0.0168083354626237,-0.0281360801456488,0.0180509739305676,0.0960969702058394,-0.262185761692069,-0.2213268365817091,Healthcare,35.0,2.0,45,9.37092743662413,12660.0,12425.0,11.622237164410366,11.134443028191951,11.634789052727069,11.150663514162712
PFE,2006Q3,2006,Q3,0,0,1,0,12280.0,10318.0,1962.0,6451.0,3751.0,5199.0,3867.0,3961.0,3361.0,1902.0,5263.0,108585.0,69712.0,111550.0,68489.0,0.154885993485342,0.3054560260586319,0.8402280130293159,0.3149022801302931,0.2736970684039088,1742.0,1588.0,2021.0,1783.0,1875.0,1764.0,2328.0,1888.0,1819.0,1649.0,2318.0,1879.0,0.1483689634613746,0.125434439178515,0.1486794673729125,0.146279432275002,0.1509054325955734,0.1347490642426094,0.1560008041278563,0.1471436365053386,0.1481994459833795,0.1320573396332185,0.1636312297049273,0.1502719129878439,0.0074657478053983,1.1164987405541562,0.0035988717050869,0.0667414469994391,0.0564925828083722,0.0364513535245243,0.8029130632680928,0.0283018867924529,-0.0457898753497837,-0.0151145038167939,0.0588364411625539,-0.0528609764363611,-0.0038382209109685,0.0287708101067121,1.1008145886493983,0.5612577870068229,Healthcare,35.0,3.0,46,9.415808631610384,11741.0,12189.0,11.59529776472809,11.152142092986953,11.622237164410366,11.134443028191951
PFE,2006Q4,2006,Q4,0,0,0,1,12603.0,10386.0,2217.0,7789.0,4562.0,3864.0,2597.0,1714.0,9448.0,2412.0,11860.0,114837.0,71358.0,108585.0,69712.0,0.1913830040466555,0.3619773069903991,0.8240895024994049,0.206062048718559,0.7496627787034833,1902.0,1742.0,1588.0,2021.0,1783.0,1875.0,1764.0,2328.0,1888.0,1819.0,1649.0,2318.0,0.154885993485342,0.1483689634613746,0.125434439178515,0.1486794673729125,0.146279432275002,0.1509054325955734,0.1347490642426094,0.1560008041278563,0.1471436365053386,0.1481994459833795,0.1320573396332185,0.1636312297049273,-0.0728316045023174,2.4595386305382645,-0.0766358463726885,0.1934685799109352,-0.2381703470031545,-0.2863424017587249,-0.4906389301634473,-0.0545842217484008,-0.0405888538380652,0.0236561966092785,0.2872187897111278,0.0347755066078854,-0.0041030754379079,-0.230282652313445,2.731294819083284,1.4957912457912457,Healthcare,35.0,4.0,47,9.441769502877165,12280.0,13593.0,11.651277718548691,11.175478753702787,11.59529776472809,11.152142092986953
PFE,2007Q1,2007,Q1,1,0,0,0,12474.0,10587.0,1887.0,5841.0,3361.0,6017.0,4746.0,4053.0,3391.0,1665.0,5056.0,110483.0,72488.0,114837.0,71358.0,0.1334776334776334,0.2694404361071028,0.8487253487253488,0.3804713804713804,0.2718454385121052,2412.0,1902.0,1742.0,1588.0,2021.0,1783.0,1875.0,1764.0,2328.0,1888.0,1819.0,1649.0,0.1913830040466555,0.154885993485342,0.1483689634613746,0.125434439178515,0.1486794673729125,0.146279432275002,0.1509054325955734,0.1347490642426094,0.1560008041278563,0.1471436365053386,0.1481994459833795,0.1320573396332185,-0.014691943127962,-0.1751398686450985,-0.0093571629082062,0.0484886649874054,0.0623234463276836,0.0638870208473436,-0.0844815902416986,-0.0435884439939179,-0.1178477690288714,-0.0618374558303886,0.0641226951050628,-0.1046939839590758,0.0054143272071596,0.0797506560788334,-0.1628403669269639,-0.1128268117213546,Healthcare,35.0,1.0,48,9.431481920619719,12603.0,12660.0,11.612625993075847,11.191190105193563,11.651277718548691,11.175478753702787
PFE,2007Q2,2007,Q2,0,1,0,0,11084.0,8975.0,2109.0,6792.0,3844.0,3624.0,2183.0,1619.0,1266.0,2165.0,3431.0,110403.0,68094.0,110483.0,72488.0,0.1953265968964272,0.3468062071454348,0.8097257307831108,0.1969505593648502,0.1142186936124143,1665.0,2412.0,1902.0,1742.0,1588.0,2021.0,1783.0,1875.0,1764.0,2328.0,1888.0,1819.0,0.1334776334776334,0.1913830040466555,0.154885993485342,0.1483689634613746,0.125434439178515,0.1486794673729125,0.146279432275002,0.1509054325955734,0.1347490642426094,0.1560008041278563,0.1471436365053386,0.1481994459833795,-0.0559577548760752,-0.4753418980522171,-0.0980805949150839,0.2428243398392651,-0.2524752475247525,-0.3771754636233951,-0.4748621472591632,0.1782122905027932,-0.0095336253542901,0.0536766987278931,0.3164922928593299,0.0491759026267846,-0.0446196558009743,-0.3402577696140638,-0.4442429831316385,-0.1742478941034897,Healthcare,35.0,2.0,49,9.313348122050412,12474.0,11741.0,11.611901644052832,11.128659068003058,11.612625993075847,11.191190105193563
PFE,2007Q3,2007,Q3,0,0,1,0,11990.0,7372.0,4618.0,6541.0,3768.0,2203.0,831.0,636.0,760.0,1999.0,2759.0,109030.0,66610.0,110403.0,68094.0,0.1667222685571309,0.3142618849040867,0.6148457047539616,0.0693077564637197,0.0633861551292744,2165.0,1665.0,2412.0,1902.0,1742.0,1588.0,2021.0,1783.0,1875.0,1764.0,2328.0,1888.0,0.1953265968964272,0.1334776334776334,0.1913830040466555,0.154885993485342,0.1483689634613746,0.125434439178515,0.1486794673729125,0.146279432275002,0.1509054325955734,0.1347490642426094,0.1560008041278563,0.1471436365053386,-0.0236156351791531,-0.7738768223742933,-0.2855204496995541,0.050998948475289,-0.5762646662819773,-0.7851047323506595,-0.8394344862408483,1.3537206931702346,0.0045321247667289,0.0139513253759107,0.0764192733341577,0.0288285648152986,-0.2682394597423291,-0.7799070986877479,-0.7684076212473997,-0.4757742732281969,Healthcare,35.0,3.0,50,9.391911647379434,11084.0,12280.0,11.599387524445948,11.106625008055381,11.611901644052832,11.128659068003058
PFE,2007Q4,2007,Q4,0,0,0,1,12870.0,10245.0,2625.0,7669.0,4653.0,3692.0,2576.0,2970.0,2723.0,2260.0,4983.0,115268.0,65010.0,109030.0,66610.0,0.1756021756021756,0.3615384615384615,0.796037296037296,0.2001554001554001,0.2115773115773115,1999.0,2165.0,1665.0,2412.0,1902.0,1742.0,1588.0,2021.0,1783.0,1875.0,1764.0,2328.0,0.1667222685571309,0.1953265968964272,0.1334776334776334,0.1913830040466555,0.154885993485342,0.1483689634613746,0.125434439178515,0.1486794673729125,0.146279432275002,0.1509054325955734,0.1347490642426094,0.1560008041278563,0.0211854320399904,-0.7117908552074513,-0.0135759676487579,-0.0630182421227197,-0.0445134575569358,-0.0080862533692722,0.7327887981330221,0.1840324763193503,0.0199473914949583,-0.0154063422775709,-0.0824567914120152,-0.0012123562540046,-0.0340402424457884,-0.0286644173436626,-0.7177700192835672,-0.5798482293423272,Healthcare,35.0,4.0,51,9.462731997649378,11990.0,12603.0,11.655023806273313,11.082311765329093,11.599387524445948,11.106625008055381
PFE,2008Q1,2008,Q1,1,0,0,0,11848.0,9862.0,1986.0,6062.0,3492.0,5287.0,3331.0,3557.0,2784.0,1791.0,4575.0,118550.0,67417.0,115268.0,65010.0,0.151164753544902,0.2947332883187036,0.8323767724510466,0.2811444969615125,0.2349763673193788,2260.0,1999.0,2165.0,1665.0,2412.0,1902.0,1742.0,1588.0,2021.0,1783.0,1875.0,1764.0,0.1756021756021756,0.1667222685571309,0.1953265968964272,0.1334776334776334,0.1913830040466555,0.154885993485342,0.1483689634613746,0.125434439178515,0.1486794673729125,0.146279432275002,0.1509054325955734,0.1347490642426094,-0.0501843835177168,-0.179003243880861,-0.0684802115802398,0.0756756756756755,-0.1213229183978726,-0.2981458069953645,-0.1223784850727855,0.0524642289348171,0.0389764950907467,0.0378359869885294,0.132509991422888,0.0938717758070539,-0.0192625050010055,-0.2610626938268211,-0.1356251235794954,-0.0951344936708861,Healthcare,35.0,1.0,52,9.37999875481674,12870.0,12474.0,11.683098526717359,11.118667323560146,11.655023806273313,11.082311765329093
PFE,2008Q2,2008,Q2,0,1,0,0,12129.0,9840.0,2289.0,6492.0,3863.0,4421.0,2709.0,2790.0,2776.0,1966.0,4742.0,116515.0,66569.0,118550.0,67417.0,0.1620908566246187,0.3184928683320966,0.8112787534009399,0.2233489982686124,0.2288729491301838,1791.0,2260.0,1999.0,2165.0,1665.0,2412.0,1902.0,1742.0,1588.0,2021.0,1783.0,1875.0,0.151164753544902,0.1756021756021756,0.1667222685571309,0.1953265968964272,0.1334776334776334,0.1913830040466555,0.154885993485342,0.1483689634613746,0.125434439178515,0.1486794673729125,0.146279432275002,0.1509054325955734,0.0942800433056658,1.192733017377567,0.0963788300835655,-0.0919168591224018,0.2199227373068433,0.2409528172240036,0.7232859789993824,0.0853485064011378,0.0049427679500519,-0.0441696113074204,-0.1701547090867096,-0.0816402308551095,0.0019179613031774,0.1340358666098489,1.0038134029691608,0.3821043427572137,Healthcare,35.0,2.0,53,9.403437001938096,11848.0,11084.0,11.665783881613542,11.10600930459475,11.683098526717359,11.118667323560146
PFE,2008Q3,2008,Q3,0,0,1,0,11973.0,9851.0,2122.0,6029.0,3523.0,5018.0,2521.0,2722.0,2278.0,1885.0,4163.0,115249.0,67335.0,116515.0,66569.0,0.1574375678610206,0.2942453854505972,0.8227678944291322,0.2105570867785851,0.1902614215317798,1966.0,1791.0,2260.0,1999.0,2165.0,1665.0,2412.0,1902.0,1742.0,1588.0,2021.0,1783.0,0.1620908566246187,0.151164753544902,0.1756021756021756,0.1667222685571309,0.1953265968964272,0.1334776334776334,0.1913830040466555,0.154885993485342,0.1483689634613746,0.125434439178515,0.1486794673729125,0.146279432275002,-0.0014178482068389,1.997368421052632,0.3362723819858926,-0.0570285142571285,1.2778029959146615,2.033694344163658,3.279874213836478,-0.5404937202252057,-0.0650212314225052,-0.078275493043877,-0.0556896254859242,-0.0636936912015232,0.3381697035004471,2.038001769524953,2.0016242686395262,0.5088800289960131,Healthcare,35.0,3.0,54,9.390492911485298,12129.0,11990.0,11.654858960858896,11.117450290891412,11.665783881613542,11.10600930459475
PFE,2008Q4,2008,Q4,0,0,0,1,12346.0,10631.0,1715.0,6567.0,3659.0,5242.0,4064.0,625.0,266.0,2303.0,2569.0,111148.0,57556.0,115249.0,67335.0,0.1865381500080997,0.296371294346347,0.8610886116960959,0.3291754414385226,0.0215454398185647,1885.0,1966.0,1791.0,2260.0,1999.0,2165.0,1665.0,2412.0,1902.0,1742.0,1588.0,2021.0,0.1574375678610206,0.1620908566246187,0.151164753544902,0.1756021756021756,0.1667222685571309,0.1953265968964272,0.1334776334776334,0.1913830040466555,0.154885993485342,0.1483689634613746,0.125434439178515,0.1486794673729125,-0.0407148407148406,-0.9023136246786632,0.0376769155685701,0.0190265486725664,0.4198266522210183,0.5776397515527951,-0.7895622895622896,-0.3466666666666667,-0.213625617880937,-0.1436953970530707,0.0622769869930284,-0.1802496113824444,0.0817189294806006,0.6445993522180848,-0.898167531962935,-0.4844471202087096,Healthcare,35.0,4.0,55,9.421168397567744,11973.0,12870.0,11.618626922500768,10.960531040115585,11.654858960858896,11.117450290891412
PFE,2009Q1,2009,Q1,1,0,0,0,10867.0,9459.0,1408.0,5102.0,2876.0,5365.0,4300.0,3803.0,2729.0,1705.0,4434.0,122932.0,60255.0,111148.0,57556.0,0.1568970276985368,0.2646544584521947,0.8704334222876599,0.3956933836385387,0.2511272660347842,2303.0,1885.0,1966.0,1791.0,2260.0,1999.0,2165.0,1665.0,2412.0,1902.0,1742.0,1588.0,0.1865381500080997,0.1574375678610206,0.1620908566246187,0.151164753544902,0.1756021756021756,0.1667222685571309,0.1953265968964272,0.1334776334776334,0.1913830040466555,0.154885993485342,0.1483689634613746,0.125434439178515,-0.0827987846049966,-0.0197557471264367,-0.0408639221253295,-0.0480178671133445,0.0147531681482881,0.2909036325427798,0.0691594039921281,-0.2910372608257804,-0.1764032073310424,-0.1583635763774331,0.0379207058471606,-0.1020544032813279,0.0457204610894539,0.4074377692432922,0.0687341407974579,-0.0308196721311475,Healthcare,35.0,1.0,56,9.293577970546238,12346.0,11848.0,11.719394770496043,11.006357431456879,11.618626922500768,10.960531040115585
PFE,2009Q2,2009,Q2,0,1,0,0,10984.0,9228.0,1756.0,5720.0,3350.0,4586.0,3580.0,3049.0,2261.0,1715.0,3976.0,139339.0,63041.0,122932.0,60255.0,0.1561361981063365,0.3049890750182083,0.8401310997815004,0.3259286234522942,0.2058448652585579,1705.0,2303.0,1885.0,1966.0,1791.0,2260.0,1999.0,2165.0,1665.0,2412.0,1902.0,1742.0,0.1568970276985368,0.1865381500080997,0.1574375678610206,0.1620908566246187,0.151164753544902,0.1756021756021756,0.1667222685571309,0.1953265968964272,0.1334776334776334,0.1913830040466555,0.154885993485342,0.1483689634613746,-0.0944018468134223,-0.1855187319884725,-0.0621951219512195,-0.1276703967446592,0.0373218728794391,0.3215208564045773,0.092831541218638,-0.2328527741371777,-0.1327983432565364,-0.1189155884165126,-0.036736547898395,-0.0423990445519417,0.0355640354928676,0.4592795399973706,-0.1006151402301697,-0.1615352172079291,Healthcare,35.0,2.0,57,9.30428598481871,10867.0,12129.0,11.84467226858411,11.05155644991683,11.719394770496043,11.006357431456879
PFE,2009Q3,2009,Q3,0,0,1,0,11621.0,9832.0,1789.0,5668.0,3282.0,4951.0,4324.0,3971.0,2878.0,1632.0,4510.0,141294.0,66157.0,139339.0,63041.0,0.1404354186386713,0.2824197573358575,0.8460545564065055,0.3720850185009896,0.2476551071336374,1715.0,1705.0,2303.0,1885.0,1966.0,1791.0,2260.0,1999.0,2165.0,1665.0,2412.0,1902.0,0.1561361981063365,0.1568970276985368,0.1865381500080997,0.1574375678610206,0.1620908566246187,0.151164753544902,0.1756021756021756,0.1667222685571309,0.1953265968964272,0.1334776334776334,0.1913830040466555,0.154885993485342,-0.0293994821682117,0.2633889376646181,-0.0019287381991676,-0.1342175066312997,-0.0133519330410522,0.7151923839746133,0.4588537839823658,-0.1569274269557021,-0.0684076071529946,-0.0598772599104329,-0.1079929616123011,-0.0401896807884696,0.0283028325911167,0.7671455480017249,0.3016569788020371,0.0833533509488348,Healthcare,35.0,3.0,58,9.360655132635051,10984.0,11973.0,11.858605182342355,11.099801099494575,11.84467226858411,11.05155644991683
PFE,2009Q4,2009,Q4,0,0,0,1,16537.0,12602.0,3935.0,9175.0,5367.0,1610.0,3427.0,4.0,767.0,2881.0,3648.0,212949.0,90014.0,141294.0,66157.0,0.1742153957791618,0.324544959787144,0.7620487391909052,0.2072322670375521,0.0463808429582149,1632.0,1715.0,1705.0,2303.0,1885.0,1966.0,1791.0,2260.0,1999.0,2165.0,1665.0,2412.0,0.1404354186386713,0.1561361981063365,0.1568970276985368,0.1865381500080997,0.1574375678610206,0.1620908566246187,0.151164753544902,0.1756021756021756,0.1667222685571309,0.1953265968964272,0.1334776334776334,0.1913830040466555,0.3394621739834764,1.8834586466165413,0.1854011852130561,0.2509769865392965,-0.6928653185806943,-0.1567421259842519,-0.9936,1.294460641399417,0.4667942060672314,0.3971372011573015,-0.0660602360879146,0.0950620589046404,-0.1150170506959913,-0.3704504013667277,1.1526988239177491,0.4200077851304009,Healthcare,35.0,4.0,59,9.713416042282113,11621.0,12346.0,12.26881267535136,11.407731602091722,11.858605182342355,11.099801099494575
PFE,2010Q1,2010,Q1,1,0,0,0,16750.0,12444.0,4306.0,8485.0,4436.0,5722.0,3959.0,3179.0,2026.0,2226.0,4252.0,195113.0,89659.0,212949.0,90014.0,0.1328955223880597,0.2648358208955224,0.7429253731343284,0.2363582089552239,0.120955223880597,2881.0,1632.0,1715.0,1705.0,2303.0,1885.0,1966.0,1791.0,2260.0,1999.0,2165.0,1665.0,0.1742153957791618,0.1404354186386713,0.1561361981063365,0.1568970276985368,0.1865381500080997,0.1574375678610206,0.1620908566246187,0.151164753544902,0.1756021756021756,0.1667222685571309,0.1953265968964272,0.1334776334776334,0.541363761847796,-0.2576035177720777,0.3155724706628608,0.3055718475073314,0.066542404473439,-0.0793023255813953,-0.164080988693137,2.058238636363636,0.5424200278164117,0.6630733045864368,-0.1529761631724077,0.0006852801361758,-0.1464879976899517,-0.4026733356473446,-0.5183508912017414,-0.0410464591790707,Healthcare,35.0,1.0,60,9.726213236963687,16537.0,10867.0,12.181339282109498,11.40378001770943,12.26881267535136,11.407731602091722
PFE,2010Q2,2010,Q2,0,1,0,0,17327.0,13532.0,3795.0,8672.0,4807.0,6528.0,5131.0,3974.0,2475.0,2187.0,4662.0,191071.0,86439.0,195113.0,89659.0,0.1262191954752698,0.2774282911063658,0.780977664916027,0.2961274311767761,0.1428406533156345,2226.0,2881.0,1632.0,1715.0,1705.0,2303.0,1885.0,1966.0,1791.0,2260.0,1999.0,2165.0,0.1328955223880597,0.1742153957791618,0.1404354186386713,0.1561361981063365,0.1568970276985368,0.1865381500080997,0.1574375678610206,0.1620908566246187,0.151164753544902,0.1756021756021756,0.1667222685571309,0.1953265968964272,0.577476329206118,0.0946483856700575,0.4664065886432595,0.2752186588921284,0.4234627126035761,0.4332402234636872,0.3033781567727123,1.1611617312072893,0.4349253731343283,0.5160839160839161,-0.1916083713700505,-0.0903664628321427,-0.0704097668576462,-0.0914347195403046,-0.3060761892883989,0.1725352112676057,Healthcare,35.0,2.0,61,9.760078969240771,16750.0,10984.0,12.160405599346719,11.367205810620822,12.181339282109498,11.40378001770943
PFE,2010Q3,2010,Q3,0,0,1,0,16171.0,12275.0,3896.0,10336.0,6986.0,4070.0,2267.0,1440.0,866.0,2194.0,3060.0,191415.0,87635.0,191071.0,86439.0,0.1356749737183847,0.4320079154041185,0.7590748871436522,0.1401892276297075,0.0535526559891163,2187.0,2226.0,2881.0,1632.0,1715.0,1705.0,2303.0,1885.0,1966.0,1791.0,2260.0,1999.0,0.1262191954752698,0.1328955223880597,0.1742153957791618,0.1404354186386713,0.1561361981063365,0.1568970276985368,0.1865381500080997,0.1574375678610206,0.1620908566246187,0.151164753544902,0.1756021756021756,0.1667222685571309,0.391532570346786,-0.6990965948575399,0.2484743694060212,0.3443627450980393,-0.1779438497273278,-0.4757169287696577,-0.6373709393099976,1.1777529346003353,1.128580134064595,0.8235709244883558,-0.0338977514820162,0.529666052684723,-0.1028062181146886,-0.6232333454475414,-0.7837611482802221,-0.3215077605321508,Healthcare,35.0,3.0,62,9.691036630760662,17327.0,11621.0,12.162204349073512,11.38094715140811,12.160405599346719,11.367205810620822
PFE,2010Q4,2010,Q4,0,0,0,1,17561.0,13279.0,4282.0,10921.0,5738.0,4457.0,2358.0,829.0,2890.0,2806.0,5696.0,195014.0,87813.0,191415.0,87635.0,0.159785889186265,0.3267467684072661,0.7561642275496839,0.1342748135072034,0.164569215876089,2194.0,2187.0,2226.0,2881.0,1632.0,1715.0,1705.0,2303.0,1885.0,1966.0,1791.0,2260.0,0.1356749737183847,0.1262191954752698,0.1328955223880597,0.1742153957791618,0.1404354186386713,0.1561361981063365,0.1568970276985368,0.1865381500080997,0.1574375678610206,0.1620908566246187,0.151164753544902,0.1756021756021756,0.0619217512245269,2.7679269882659714,0.0537216314870654,-0.026032627559875,1.7683229813664596,-0.3119346367084914,206.25,0.0881829733163914,0.0691261412334638,0.1902997275204359,-0.0828256683536047,0.0067842946061038,-0.0077219623084332,-0.3520564368343671,2.5482152841497845,0.5614035087719298,Healthcare,35.0,4.0,63,9.773492755919941,16171.0,16537.0,12.180831757664379,11.382976220214843,12.162204349073512,11.38094715140811
PFE,2011Q1,2011,Q1,1,0,0,0,16502.0,12809.0,3693.0,8797.0,4503.0,5680.0,4365.0,3118.0,2222.0,2091.0,4313.0,194956.0,90067.0,195014.0,87813.0,0.1267119137074294,0.2728760150284814,0.7762089443703794,0.2645133923160829,0.1346503454126772,2806.0,2194.0,2187.0,2226.0,2881.0,1632.0,1715.0,1705.0,2303.0,1885.0,1966.0,1791.0,0.159785889186265,0.1356749737183847,0.1262191954752698,0.1328955223880597,0.1742153957791618,0.1404354186386713,0.1561361981063365,0.1568970276985368,0.1865381500080997,0.1574375678610206,0.1620908566246187,0.151164753544902,-0.0148059701492537,0.0967423494570582,0.0293314046930246,-0.0606469002695417,-0.0073400908773155,0.1025511492801212,-0.0191884240327147,-0.1423594983743613,0.0151036970243463,0.0367707719505008,-0.0465298496857851,0.0303591640502849,0.0448006925589725,0.1191208187154302,0.1132247214522923,0.014346190028222,Healthcare,35.0,1.0,64,9.711297461543568,17561.0,16750.0,12.180534300408844,11.40832021957955,12.180831757664379,11.382976220214843
PFE,2011Q2,2011,Q2,0,1,0,0,16984.0,13179.0,3805.0,8605.0,4973.0,6134.0,4448.0,3682.0,2610.0,2237.0,4847.0,195899.0,88481.0,194956.0,90067.0,0.131712199717381,0.2928049929345266,0.7759656146961846,0.2618935468676401,0.1536740461610928,2091.0,2806.0,2194.0,2187.0,2226.0,2881.0,1632.0,1715.0,1705.0,2303.0,1885.0,1966.0,0.1267119137074294,0.159785889186265,0.1356749737183847,0.1262191954752698,0.1328955223880597,0.1742153957791618,0.1404354186386713,0.1561361981063365,0.1568970276985368,0.1865381500080997,0.1574375678610206,0.1620908566246187,-0.0197956945807121,0.0545454545454544,-0.0260863139225538,0.0228623685413809,-0.0603553921568627,-0.1331124537127266,-0.0734776044287871,0.0026350461133068,0.0345329727480756,-0.0077260147601475,0.0435195631015372,0.0554258607398674,-0.0064176614069767,-0.1156052452590916,0.0758425041750523,0.0396825396825397,Healthcare,35.0,2.0,65,9.740085880594684,16502.0,17327.0,12.185359603932632,11.390554420478995,12.180534300408844,11.40832021957955
PFE,2011Q3,2011,Q3,0,0,1,0,17193.0,13514.0,3679.0,8206.0,4621.0,6179.0,5083.0,3669.0,3738.0,2188.0,5926.0,196132.0,90047.0,195899.0,88481.0,0.1272610946315361,0.2687721747222707,0.7860175652881987,0.2956435758739021,0.2174140638632001,2237.0,2091.0,2806.0,2194.0,2187.0,2226.0,2881.0,1632.0,1715.0,1705.0,2303.0,1885.0,0.131712199717381,0.1267119137074294,0.159785889186265,0.1356749737183847,0.1262191954752698,0.1328955223880597,0.1742153957791618,0.1404354186386713,0.1561361981063365,0.1568970276985368,0.1865381500080997,0.1574375678610206,0.0631995547585182,3.3163972286374133,0.1009368635437881,-0.0027347310847766,0.5181818181818181,1.242170269078077,1.5479166666666666,-0.0556981519507187,-0.3385342112797023,-0.2060758513931888,-0.0620149675084001,-0.3778535875416776,0.0354940976191822,1.1088893980841958,3.0598185066187176,0.9366013071895424,Healthcare,35.0,3.0,66,9.752315764734389,16984.0,16171.0,12.186548279515732,11.408098140474062,12.185359603932632,11.390554420478995
PFE,2011Q4,2011,Q4,0,0,0,1,16746.0,12838.0,3908.0,9384.0,5371.0,6032.0,4279.0,2293.0,1439.0,2596.0,4035.0,188002.0,82190.0,196132.0,90047.0,0.1550220948286158,0.3207333094470321,0.7666308372148573,0.2555237071539472,0.0859309685895139,2188.0,2237.0,2091.0,2806.0,2194.0,2187.0,2226.0,2881.0,1632.0,1715.0,1705.0,2303.0,0.1272610946315361,0.131712199717381,0.1267119137074294,0.159785889186265,0.1356749737183847,0.1262191954752698,0.1328955223880597,0.1742153957791618,0.1404354186386713,0.1561361981063365,0.1568970276985368,0.1865381500080997,-0.0464096577643642,-0.5020761245674741,-0.033210332103321,-0.074839629365645,0.3533767107920125,0.8146734520780323,1.7659831121833536,-0.0873423633815974,-0.0639595677936563,-0.1407380276531453,-0.0298136110886236,-0.0184040349948882,0.0138417149130287,0.90299059428773,-0.4778429967472477,-0.2916081460674157,Healthcare,35.0,4.0,67,9.725974416734479,17193.0,17561.0,12.144213199131576,11.316801085998813,12.186548279515732,11.408098140474062
PFE,2012Q1,2012,Q1,1,0,0,0,15405.0,12431.0,2974.0,7625.0,4133.0,5046.0,4806.0,2553.0,1794.0,2072.0,3866.0,185683.0,83256.0,188002.0,82190.0,0.1345017851346965,0.2682895163907822,0.8069457968192145,0.3119766309639727,0.1164556962025316,2596.0,2188.0,2237.0,2091.0,2806.0,2194.0,2187.0,2226.0,2881.0,1632.0,1715.0,1705.0,0.1550220948286158,0.1272610946315361,0.131712199717381,0.1267119137074294,0.159785889186265,0.1356749737183847,0.1262191954752698,0.1328955223880597,0.1742153957791618,0.1404354186386713,0.1561361981063365,0.1568970276985368,-0.0664767906920373,-0.1926192619261926,-0.0295105004293856,-0.0090865614538497,-0.1116197183098591,0.1010309278350516,-0.1812059012187299,-0.1946926617925806,-0.0821674439262714,-0.1332272365579174,0.0614770245302542,-0.0168079947855457,0.0395986836685673,0.1794360513556649,-0.1351251580854289,-0.1036401576628797,Healthcare,35.0,1.0,68,9.64251232291291,16746.0,16502.0,12.131801583154887,11.329687488391906,12.144213199131576,11.316801085998813
PFE,2012Q2,2012,Q2,0,1,0,0,15057.0,12305.0,2752.0,6967.0,3977.0,6229.0,5338.0,4484.0,3253.0,1699.0,4952.0,182842.0,79547.0,185683.0,83256.0,0.1128378827123597,0.2641296406986783,0.8172278674370724,0.3545194925948064,0.2160456930331407,2072.0,2596.0,2188.0,2237.0,2091.0,2806.0,2194.0,2187.0,2226.0,2881.0,1632.0,1715.0,0.1345017851346965,0.1550220948286158,0.1272610946315361,0.131712199717381,0.1267119137074294,0.159785889186265,0.1356749737183847,0.1262191954752698,0.1328955223880597,0.1742153957791618,0.1404354186386713,0.1561361981063365,-0.1134597268016956,0.246360153256705,-0.0663176265270506,-0.2405006705409029,0.0154874470166286,0.2000899280575538,0.2178164041281911,-0.2767411300919842,-0.2002815202091292,-0.1903544450900639,-0.1432996870868498,-0.0979332761660259,0.0531753623606676,0.3536778467244135,0.4058697511397939,0.0216628842583042,Healthcare,35.0,2.0,69,9.619664690410067,15405.0,16984.0,12.116383140099305,11.284115892029392,12.131801583154887,11.329687488391906
PFE,2012Q3,2012,Q3,0,0,1,0,13976.0,11311.0,2665.0,7056.0,3847.0,4843.0,4255.0,2991.0,3207.0,1981.0,5188.0,182603.0,81703.0,182842.0,79547.0,0.1417429879793932,0.2752575844304522,0.809315970234688,0.3044504865483686,0.2294647967945048,1699.0,2072.0,2596.0,2188.0,2237.0,2091.0,2806.0,2194.0,2187.0,2226.0,2881.0,1632.0,0.1128378827123597,0.1345017851346965,0.1550220948286158,0.1272610946315361,0.131712199717381,0.1267119137074294,0.159785889186265,0.1356749737183847,0.1262191954752698,0.1328955223880597,0.1742153957791618,0.1404354186386713,-0.1871110335601697,-0.1420545746388443,-0.1630161314192689,-0.0946069469835466,-0.2162162162162162,-0.1628959276018099,-0.1847914963205232,-0.2756183745583038,-0.1674962129409218,-0.140141359980502,0.1137967058179652,0.0241297660923534,0.0296410741634596,0.0297889465327763,0.0554275685628471,-0.1245359433007087,Healthcare,35.0,3.0,70,9.545168400484906,15057.0,17193.0,12.115075152708116,11.310858239257936,12.116383140099305,11.284115892029392
PFE,2012Q4,2012,Q4,0,0,0,1,15068.0,11896.0,3172.0,8187.0,4815.0,5736.0,3709.0,2170.0,6315.0,2136.0,8451.0,185798.0,81260.0,182603.0,81703.0,0.1417573666047252,0.3195513671356517,0.7894876559596495,0.2461507831165383,0.41910007963897,1981.0,1699.0,2072.0,2596.0,2188.0,2237.0,2091.0,2806.0,2194.0,2187.0,2226.0,2881.0,0.1417429879793932,0.1128378827123597,0.1345017851346965,0.1550220948286158,0.1272610946315361,0.131712199717381,0.1267119137074294,0.159785889186265,0.1356749737183847,0.1262191954752698,0.1328955223880597,0.1742153957791618,-0.1002030335602531,3.3884642112578183,-0.0733759152515968,-0.1771956856702619,-0.0490716180371353,-0.1332086936200046,-0.0536415176624509,-0.1883316274309109,-0.1035188977843977,-0.1275575447570333,-0.0855666944673617,-0.0036851249201966,0.0298146352002095,-0.0366812306451155,3.8771716008576727,1.0944237918215611,Healthcare,35.0,4.0,71,9.620394932418154,13976.0,16746.0,12.132420723216068,11.305421475643698,12.115075152708116,11.310858239257936
PFE,2013Q1,2013,Q1,1,0,0,0,13500.0,10848.0,2652.0,6619.0,3585.0,5870.0,4229.0,3921.0,2750.0,1800.0,4550.0,187398.0,82250.0,185798.0,81260.0,0.1333333333333333,0.2655555555555555,0.8035555555555556,0.3132592592592592,0.2037037037037037,2136.0,1981.0,1699.0,2072.0,2596.0,2188.0,2237.0,2091.0,2806.0,2194.0,2187.0,2226.0,0.1417573666047252,0.1417429879793932,0.1128378827123597,0.1345017851346965,0.1550220948286158,0.1272610946315361,0.131712199717381,0.1267119137074294,0.159785889186265,0.1356749737183847,0.1262191954752698,0.1328955223880597,-0.1236611489776047,0.5328874024526198,-0.1273429329901053,-0.1312741312741312,0.1632976615140706,-0.1200582605076987,0.535840188014101,-0.1082716879623403,-0.1325913380111298,-0.1319344262295082,-0.0086872586872586,-0.0101903379304781,-0.0042013246453757,0.0041112960651037,0.749194847020934,0.1769270563890326,Healthcare,35.0,1.0,72,9.510519035757246,15068.0,15405.0,12.140995312592926,11.31753082660842,12.132420723216068,11.305421475643698
PFE,2013Q2,2013,Q2,0,1,0,0,12973.0,10731.0,2242.0,6261.0,3591.0,5803.0,4216.0,5357.0,14099.0,1530.0,15629.0,179335.0,78547.0,187398.0,82250.0,0.1179372542973868,0.2768056733215139,0.8271795267093194,0.3249826562861327,1.0867956525090572,1800.0,2136.0,1981.0,1699.0,2072.0,2596.0,2188.0,2237.0,2091.0,2806.0,2194.0,2187.0,0.1333333333333333,0.1417573666047252,0.1417429879793932,0.1128378827123597,0.1345017851346965,0.1550220948286158,0.1272610946315361,0.131712199717381,0.1267119137074294,0.159785889186265,0.1356749737183847,0.1262191954752698,-0.1384073852693099,3.334153089455887,-0.1279154815115806,-0.0994702766333137,-0.0683897896933697,-0.2101910828025477,0.1946922390722569,-0.1853197674418605,-0.0970580839829017,-0.1013348643605569,0.0451920176314033,0.0479917081222114,0.0121773371525577,-0.0833151263206631,4.030397214825968,2.1560985460420032,Healthcare,35.0,2.0,73,9.470702633773001,13500.0,15057.0,12.097016420253732,11.271465181870122,12.140995312592926,11.31753082660842
PFE,2013Q3,2013,Q3,0,0,1,0,12643.0,10356.0,2287.0,6139.0,3395.0,5434.0,4217.0,3573.0,2593.0,1627.0,4220.0,175521.0,77969.0,179335.0,78547.0,0.1286878114371589,0.2685280392311951,0.8191093885944791,0.3335442537372459,0.2050937277544886,1530.0,1800.0,2136.0,1981.0,1699.0,2072.0,2596.0,2188.0,2237.0,2091.0,2806.0,2194.0,0.1179372542973868,0.1333333333333333,0.1417573666047252,0.1417429879793932,0.1128378827123597,0.1345017851346965,0.1550220948286158,0.1272610946315361,0.131712199717381,0.1267119137074294,0.159785889186265,0.1356749737183847,-0.0953777904979965,-0.1914561895852822,-0.0844310847847228,-0.1786976274608783,0.1220317984720213,-0.008930669800235,0.1945837512537613,-0.1418386491557223,-0.1174941512867169,-0.1299603174603174,-0.0921045670642438,-0.0244481735650682,0.0121008588981026,0.095561572322385,-0.1062083133468246,-0.1865844255975327,Healthcare,35.0,3.0,74,9.444938073335509,12973.0,13976.0,12.075519670156991,11.264079416303646,12.097016420253732,11.271465181870122
PFE,2013Q4,2013,Q4,0,0,0,1,13558.0,10764.0,2794.0,7086.0,4152.0,5208.0,3678.0,3061.0,2567.0,1811.0,4378.0,172101.0,76307.0,175521.0,77969.0,0.1335742734916654,0.3062398583861926,0.7939224074347249,0.2712789496975955,0.189334710134238,1627.0,1530.0,1800.0,2136.0,1981.0,1699.0,2072.0,2596.0,2188.0,2237.0,2091.0,2806.0,0.1286878114371589,0.1179372542973868,0.1333333333333333,0.1417573666047252,0.1417429879793932,0.1128378827123597,0.1345017851346965,0.1550220948286158,0.1272610946315361,0.131712199717381,0.1267119137074294,0.159785889186265,-0.1002123705866737,-0.593507521773555,-0.0951580363147276,-0.1521535580524344,-0.0920502092050209,-0.0083580479913722,0.4105990783410138,-0.1191677175283733,-0.1376947040498441,-0.134481495053133,-0.0577260519792065,-0.0416568668404669,0.0056172524568287,0.1020844470324533,-0.5482350891048774,-0.481954798248728,Healthcare,35.0,4.0,75,9.51480581246231,12643.0,15068.0,12.0558426032826,11.242533061055408,12.075519670156991,11.264079416303646
PFE,2014Q1,2014,Q1,1,0,0,0,11353.0,9308.0,2045.0,5780.0,3040.0,4624.0,2684.0,2847.0,2329.0,1623.0,3952.0,171808.0,77769.0,172101.0,76307.0,0.1429578085087642,0.2677706333127808,0.8198713996300537,0.2364132828327314,0.2051440147978508,1811.0,1627.0,1530.0,1800.0,2136.0,1981.0,1699.0,2072.0,2596.0,2188.0,2237.0,2091.0,0.1335742734916654,0.1286878114371589,0.1179372542973868,0.1333333333333333,0.1417573666047252,0.1417429879793932,0.1128378827123597,0.1345017851346965,0.1550220948286158,0.1272610946315361,0.131712199717381,0.1267119137074294,-0.1590370370370371,-0.153090909090909,-0.1419616519174041,-0.0983333333333333,-0.2122657580919932,-0.3653345944667769,-0.2739097169089518,-0.2288838612368023,-0.1520223152022315,-0.1267563075993352,0.0721835638157315,0.008341296993735,0.0203045625927107,-0.2453111094249528,0.0070706180985402,-0.1314285714285714,Healthcare,35.0,1.0,76,9.337325383730672,13558.0,13500.0,12.054138673656093,11.26151103168899,12.0558426032826,11.242533061055408
PFE,2014Q2,2014,Q2,0,1,0,0,12773.0,10311.0,2462.0,6280.0,3520.0,5393.0,4031.0,4003.0,2911.0,1759.0,4670.0,172612.0,76633.0,171808.0,77769.0,0.1377123620136225,0.2755813043137869,0.8072496672668911,0.3155875675252486,0.2279026070617709,1623.0,1811.0,1627.0,1530.0,1800.0,2136.0,1981.0,1699.0,2072.0,2596.0,2188.0,2237.0,0.1429578085087642,0.1335742734916654,0.1286878114371589,0.1179372542973868,0.1333333333333333,0.1417573666047252,0.1417429879793932,0.1128378827123597,0.1345017851346965,0.1550220948286158,0.1272610946315361,0.131712199717381,-0.015416634548678,-0.7935314561316406,-0.0391389432485322,0.149673202614379,-0.0706531104601068,-0.0438804554079695,-0.2527534067575135,0.0981266726137377,-0.0197716513505987,0.0030346590001597,0.1676748185638723,-0.0044232077797945,-0.0240937532892202,-0.028909508181914,-0.7902985657555603,-0.7011964936976134,Healthcare,35.0,2.0,77,9.455167134121535,11353.0,12973.0,12.058807373451009,11.24679612147986,12.054138673656093,11.26151103168899
PFE,2014Q3,2014,Q3,0,0,1,0,12361.0,9993.0,2368.0,6330.0,3556.0,5256.0,3663.0,3587.0,2666.0,1802.0,4468.0,171362.0,77988.0,172612.0,76633.0,0.1457810856726802,0.2876789903729472,0.8084297386942804,0.296335247957285,0.2156783431761184,1759.0,1623.0,1811.0,1627.0,1530.0,1800.0,2136.0,1981.0,1699.0,2072.0,2596.0,2188.0,0.1377123620136225,0.1429578085087642,0.1335742734916654,0.1286878114371589,0.1179372542973868,0.1333333333333333,0.1417573666047252,0.1417429879793932,0.1128378827123597,0.1345017851346965,0.1550220948286158,0.1272610946315361,-0.0223048327137546,0.0281527188584651,-0.0350521436848203,0.107559926244622,-0.0327567169672432,-0.1313730139909888,0.0039182759585782,0.0354175776125929,0.0474226804123711,0.0311125590487049,0.1328274530791,0.071318254870448,-0.0130381241491128,-0.111556428758844,0.051608674421776,0.0587677725118482,Healthcare,35.0,3.0,78,9.422382530219219,12773.0,12643.0,12.051539392531131,11.264323070085652,12.058807373451009,11.24679612147986
PFE,2014Q4,2014,Q4,0,0,0,1,13118.0,10417.0,2701.0,8139.0,3982.0,3487.0,2277.0,1803.0,1228.0,3209.0,4437.0,169274.0,71301.0,171362.0,77988.0,0.2446257051379783,0.3035523707882299,0.7940997103216954,0.1735782893733801,0.0936118310718097,1802.0,1759.0,1623.0,1811.0,1627.0,1530.0,1800.0,2136.0,1981.0,1699.0,2072.0,2596.0,0.1457810856726802,0.1377123620136225,0.1429578085087642,0.1335742734916654,0.1286878114371589,0.1179372542973868,0.1333333333333333,0.1417573666047252,0.1417429879793932,0.1128378827123597,0.1345017851346965,0.1550220948286158,-0.0324531641835078,-0.5216205687573042,-0.0322370865849126,0.7719491993373826,-0.3304531490015361,-0.3809135399673735,-0.4109768049656974,-0.0332856120257695,-0.0409441233140654,0.1486028789161726,0.831383385014197,-0.0087757603210932,0.0002233252082446,-0.3601483286230866,-0.5055749101396196,0.0134764732754681,Healthcare,35.0,4.0,79,9.48181684008103,12361.0,13558.0,12.039279890353846,11.174679656499864,12.051539392531131,11.264323070085652
PFE,2015Q1,2015,Q1,1,0,0,0,10864.0,9026.0,1838.0,5929.0,3104.0,4317.0,2947.0,3082.0,2375.0,1885.0,4260.0,160640.0,67304.0,169274.0,71301.0,0.1735088365243004,0.2857142857142857,0.8308173784977909,0.2712628865979381,0.2186119293078056,3209.0,1802.0,1759.0,1623.0,1811.0,1627.0,1530.0,1800.0,2136.0,1981.0,1699.0,2072.0,0.2446257051379783,0.1457810856726802,0.1377123620136225,0.1429578085087642,0.1335742734916654,0.1286878114371589,0.1179372542973868,0.1333333333333333,0.1417573666047252,0.1417429879793932,0.1128378827123597,0.1345017851346965,-0.0430723156874834,0.0197509660798627,-0.0302965191233347,0.1614294516327787,-0.0663927335640138,0.0979880774962742,0.0825430277485073,-0.1012224938875305,0.0210526315789474,0.0257785467128026,0.2137066057057195,0.0670112781954885,0.0133508485265814,0.1474096689815169,0.0656510233711966,0.0779352226720648,Healthcare,35.0,1.0,80,9.29330189269053,13118.0,11353.0,11.986927340565726,11.116989807078193,12.039279890353846,11.174679656499864
PFE,2015Q2,2015,Q2,0,1,0,0,11853.0,9673.0,2180.0,5992.0,3386.0,5018.0,3681.0,3539.0,2626.0,1734.0,4360.0,160878.0,66894.0,160640.0,67304.0,0.1462920779549481,0.2856660760988779,0.8160803172192694,0.3105542900531511,0.2215472876065131,1885.0,3209.0,1802.0,1759.0,1623.0,1811.0,1627.0,1530.0,1800.0,2136.0,1981.0,1699.0,0.1735088365243004,0.2446257051379783,0.1457810856726802,0.1377123620136225,0.1429578085087642,0.1335742734916654,0.1286878114371589,0.1179372542973868,0.1333333333333333,0.1417573666047252,0.1417429879793932,0.1128378827123597,-0.0720269318092852,-0.0979045001717623,-0.0618756667636504,-0.0142126208072768,-0.069534581865381,-0.0868270900520962,-0.1159130652010992,-0.1145410235580828,-0.0380681818181818,-0.0458598726114649,0.0623017121765503,0.0365945426167519,0.0109391806654766,-0.0159489092411563,-0.0278861200281717,-0.0663811563169164,Healthcare,35.0,2.0,81,9.380420642347783,10864.0,12773.0,11.988407808614188,11.11087950490772,11.986927340565726,11.116989807078193
PFE,2015Q3,2015,Q3,0,0,1,0,12087.0,9868.0,2219.0,5929.0,3270.0,5151.0,3939.0,2697.0,2130.0,1722.0,3852.0,170867.0,66838.0,160878.0,66894.0,0.1424671134276495,0.2705385951849094,0.8164143294448581,0.3258873169520973,0.1762223876892529,1734.0,1885.0,3209.0,1802.0,1759.0,1623.0,1811.0,1627.0,1530.0,1800.0,2136.0,1981.0,0.1462920779549481,0.1735088365243004,0.2446257051379783,0.1457810856726802,0.1377123620136225,0.1429578085087642,0.1335742734916654,0.1286878114371589,0.1179372542973868,0.1333333333333333,0.1417573666047252,0.1417429879793932,-0.0221664913841922,-0.2010502625656414,-0.0125087561292904,-0.0443951165371808,-0.0199771689497716,0.0753480753480753,-0.2481182046278227,-0.0629222972972972,-0.0804274465691788,-0.0633491311216429,-0.0227325254832542,-0.059581671799588,0.0098766662931943,0.0997251228077735,-0.1829388843860258,-0.1378692927484333,Healthcare,35.0,3.0,82,9.399968503952575,11853.0,12361.0,12.048646607568996,11.110042021496275,11.988407808614188,11.11087950490772
PFE,2015Q4,2015,Q4,0,0,0,1,14047.0,10637.0,3410.0,8376.0,5048.0,3285.0,2261.0,-354.0,-172.0,2348.0,2176.0,167460.0,64720.0,170867.0,66838.0,0.1671531287819463,0.3593649889656154,0.7572435395458105,0.1609596355093614,-0.0122446073894781,1722.0,1734.0,1885.0,3209.0,1802.0,1759.0,1623.0,1811.0,1627.0,1530.0,1800.0,2136.0,0.1424671134276495,0.1462920779549481,0.1735088365243004,0.2446257051379783,0.1457810856726802,0.1377123620136225,0.1429578085087642,0.1335742734916654,0.1286878114371589,0.1179372542973868,0.1333333333333333,0.1417573666047252,0.0708187223662144,-1.1400651465798046,0.021119324181626,-0.2683078840760361,-0.0579294522512188,-0.0070267896354853,-1.1963394342762064,0.2624953720844132,0.267704671019588,0.0291190563951344,-0.3166984283697189,0.1838648732423262,-0.0464125226301294,-0.0726971898938062,-1.1308019216084486,-0.5095785440613028,Healthcare,35.0,4.0,83,9.550235315874898,12087.0,13118.0,12.028505767315895,11.077841002787295,12.048646607568996,11.110042021496275
PFE,2016Q1,2016,Q1,1,0,0,0,13005.0,10154.0,2851.0,6122.0,3385.0,5292.0,4032.0,3561.0,3038.0,1731.0,4769.0,162929.0,63068.0,167460.0,64720.0,0.1331026528258362,0.2602845059592464,0.7807766243752403,0.3100346020761245,0.2336024605920799,2348.0,1722.0,1734.0,1885.0,3209.0,1802.0,1759.0,1623.0,1811.0,1627.0,1530.0,1800.0,0.1671531287819463,0.1424671134276495,0.1462920779549481,0.1735088365243004,0.2446257051379783,0.1457810856726802,0.1377123620136225,0.1429578085087642,0.1335742734916654,0.1286878114371589,0.1179372542973868,0.1333333333333333,0.1970729013254786,0.279157894736842,0.1249723022379791,-0.0816976127320955,0.2258512856150103,0.3681710213776721,0.1554185593770278,0.5511425462459194,0.0905283505154639,0.0325518637206949,-0.2328768062069577,-0.0890042291426373,-0.0602307503642133,0.1429304095537893,0.0685714239462556,0.1194835680751174,Healthcare,35.0,1.0,84,9.473166068429098,14047.0,10864.0,12.001075939697001,11.051984644133235,12.028505767315895,11.077841002787295
PFE,2016Q2,2016,Q2,0,1,0,0,13147.0,9973.0,3174.0,6180.0,3471.0,4089.0,3793.0,2410.0,2047.0,1748.0,3795.0,170658.0,62769.0,162929.0,63068.0,0.1329580892979387,0.2640146040921883,0.7585761010116376,0.2885068836997033,0.1557009203620598,1731.0,2348.0,1722.0,1734.0,1885.0,3209.0,1802.0,1759.0,1623.0,1811.0,1627.0,1530.0,0.1331026528258362,0.1671531287819463,0.1424671134276495,0.1462920779549481,0.1735088365243004,0.2446257051379783,0.1457810856726802,0.1377123620136225,0.1429578085087642,0.1335742734916654,0.1286878114371589,0.1179372542973868,0.1091706740909475,-0.2204874333587204,0.031014163134498,0.0080738177623991,-0.1851335193304105,0.030426514534094,-0.3190166713760949,0.4559633027522936,0.0251033668044891,0.0313751668891855,-0.0911463480689345,-0.0757929408432638,-0.070463917575629,-0.0709937265708818,-0.2972113446110074,-0.1295871559633027,Healthcare,35.0,2.0,85,9.48402493478411,13005.0,11853.0,12.047422692469517,11.047232531311577,12.001075939697001,11.051984644133235
PFE,2016Q3,2016,Q3,0,0,1,0,13045.0,9084.0,3961.0,5408.0,3536.0,3291.0,3676.0,1604.0,1320.0,1872.0,3192.0,178429.0,63306.0,170658.0,62769.0,0.1435032579532388,0.2710617094672288,0.6963587581448831,0.2817937907244154,0.101188194710617,1748.0,1731.0,2348.0,1722.0,1734.0,1885.0,3209.0,1802.0,1759.0,1623.0,1811.0,1627.0,0.1329580892979387,0.1331026528258362,0.1671531287819463,0.1424671134276495,0.1462920779549481,0.1735088365243004,0.2446257051379783,0.1457810856726802,0.1377123620136225,0.1429578085087642,0.1335742734916654,0.1286878114371589,0.0792587077024902,-0.3802816901408451,-0.0794487231455208,0.0871080139372821,-0.361094933022714,-0.0667682152830667,-0.4052651093807935,0.7850383055430374,0.0813455657492354,-0.0878731657952437,0.0072728681073155,0.0019336031591421,-0.1470522588470609,-0.1353029833749657,-0.4257926246632728,-0.1713395638629283,Healthcare,35.0,3.0,86,9.476236852356042,13147.0,12087.0,12.091951646425475,11.055751186536417,12.047422692469517,11.047232531311577
PFE,2016Q4,2016,Q4,0,0,0,1,13627.0,9447.0,4180.0,6900.0,4398.0,2623.0,2547.0,777.0,774.0,2502.0,3276.0,171615.0,59544.0,178429.0,63306.0,0.1836060761723049,0.3227416159095913,0.693256035811257,0.1869083437293608,0.0567990019813605,1872.0,1748.0,1731.0,2348.0,1722.0,1734.0,1885.0,3209.0,1802.0,1759.0,1623.0,1811.0,0.1435032579532388,0.1329580892979387,0.1331026528258362,0.1671531287819463,0.1424671134276495,0.1462920779549481,0.1735088365243004,0.2446257051379783,0.1457810856726802,0.1377123620136225,0.1429578085087642,0.1335742734916654,-0.0298996226952373,-5.5,-0.1118736485851273,0.065587734241908,-0.2015220700152207,0.1264927023440956,-3.194915254237288,0.2258064516129032,-0.1287638668779714,-0.1762177650429799,0.0984303884124224,-0.1019113552531638,-0.084500560774586,0.1612125185167321,-5.6386952373963455,0.505514705882353,Healthcare,35.0,4.0,87,9.519881778780857,13045.0,14047.0,12.053014701782653,10.994487608202096,12.091951646425475,11.055751186536417
PFE,2017Q1,2017,Q1,1,0,0,0,12779.0,9152.0,3627.0,5000.0,3299.0,5816.0,4152.0,3951.0,3121.0,1701.0,4822.0,168784.0,58435.0,171615.0,59544.0,0.1331090069645512,0.258157915329838,0.71617497456765,0.3249080522732608,0.2442288128961577,2502.0,1872.0,1748.0,1731.0,2348.0,1722.0,1734.0,1885.0,3209.0,1802.0,1759.0,1623.0,0.1836060761723049,0.1435032579532388,0.1329580892979387,0.1331026528258362,0.1671531287819463,0.1424671134276495,0.1462920779549481,0.1735088365243004,0.2446257051379783,0.1457810856726802,0.1377123620136225,0.1429578085087642,-0.0173779315647827,0.0273206056616195,-0.0986803230254087,-0.0173310225303292,0.0990173847316704,0.0297619047619046,0.109519797809604,0.2721851981760785,-0.0254062038404726,-0.1832734400522705,4.773863315343796e-05,-0.0081702543974762,-0.0827402457896111,0.0479735168188881,0.0454890426973439,0.0111134409729503,Healthcare,35.0,1.0,88,9.455636727931525,13627.0,13005.0,12.036380994636241,10.975687417252404,12.053014701782653,10.994487608202096
PFE,2017Q2,2017,Q2,0,1,0,0,12896.0,9064.0,3832.0,5191.0,3415.0,5701.0,3873.0,3815.0,3074.0,1776.0,4850.0,168558.0,58368.0,168784.0,58435.0,0.1377171215880893,0.264810794044665,0.7028535980148883,0.300325682382134,0.2383684863523573,1701.0,2502.0,1872.0,1748.0,1731.0,2348.0,1722.0,1734.0,1885.0,3209.0,1802.0,1759.0,0.1331090069645512,0.1836060761723049,0.1435032579532388,0.1329580892979387,0.1331026528258362,0.1671531287819463,0.1424671134276495,0.1462920779549481,0.1735088365243004,0.2446257051379783,0.1457810856726802,0.1377123620136225,-0.0190918080170381,0.5017098192476794,-0.0911460944550285,0.0160183066361556,0.3942284177060406,0.0210914843132086,0.5829875518672198,0.2073093887838688,-0.0161336790550273,-0.1600323624595468,0.0357934768413101,0.0030157042077818,-0.0734567078008887,0.0409653958022451,0.5309381973983593,0.2779973649538867,Healthcare,35.0,2.0,89,9.464750005164392,12779.0,13147.0,12.035041115854872,10.974540205962679,12.036380994636241,10.975687417252404
PFE,2017Q3,2017,Q3,0,0,1,0,13168.0,9209.0,3959.0,5328.0,3478.0,5470.0,3881.0,3585.0,2840.0,1850.0,4690.0,172151.0,60770.0,168558.0,58368.0,0.1404921020656136,0.2641251518833535,0.6993469015795869,0.2947296476306197,0.2156743620899149,1776.0,1701.0,2502.0,1872.0,1748.0,1731.0,2348.0,1722.0,1734.0,1885.0,3209.0,1802.0,0.1377171215880893,0.1331090069645512,0.1836060761723049,0.1435032579532388,0.1329580892979387,0.1331026528258362,0.1671531287819463,0.1424671134276495,0.1462920779549481,0.1735088365243004,0.2446257051379783,0.1457810856726802,0.0094288999616711,1.1515151515151514,0.0137604579480405,-0.0117521367521367,0.6621087815253723,0.0557671381936888,1.2350374064837903,-0.0005049229992426,-0.0164027149321267,-0.0147928994082839,-0.0209831883301658,-0.0255903262674358,0.0042910976558465,0.0459054008001726,1.1314182223204097,0.4692982456140351,Healthcare,35.0,3.0,90,9.48562086171022,12896.0,13045.0,12.05613308647438,11.014867980481917,12.035041115854872,10.974540205962679
PFE,2017Q4,2017,Q4,0,0,0,1,13703.0,9318.0,4385.0,6834.0,4530.0,2856.0,2484.0,953.0,12274.0,2304.0,14578.0,171797.0,71308.0,172151.0,60770.0,0.168138363861928,0.3305845435306137,0.6799970809311829,0.1812741735386411,0.895716266510983,1850.0,1776.0,1701.0,2502.0,1872.0,1748.0,1731.0,2348.0,1722.0,1734.0,1885.0,3209.0,0.1404921020656136,0.1377171215880893,0.1331090069645512,0.1836060761723049,0.1435032579532388,0.1329580892979387,0.1331026528258362,0.1671531287819463,0.1424671134276495,0.1462920779549481,0.1735088365243004,0.2446257051379783,0.0055771629852499,14.857881136950905,-0.0136551286122578,-0.0791366906474819,0.0888295844452915,-0.0247349823321554,0.2265122265122265,0.049043062200957,0.0300136425648021,-0.0095652173913043,-0.0842440110525606,0.0243009492250279,-0.0191256248704106,-0.030144027164875,14.7699296689214,3.44993894993895,Healthcare,35.0,4.0,91,9.525443040003957,13168.0,13627.0,12.054074647020991,11.17477782564538,12.05613308647438,11.014867980481917
PFE,2018Q1,2018,Q1,1,0,0,0,12906.0,9180.0,3726.0,5132.0,3395.0,6004.0,4048.0,4127.0,3560.0,1737.0,5297.0,164612.0,70184.0,171797.0,71308.0,0.1345885634588563,0.263055942972261,0.7112970711297071,0.3136525646985898,0.2758406942507361,2304.0,1850.0,1776.0,1701.0,2502.0,1872.0,1748.0,1731.0,2348.0,1722.0,1734.0,1885.0,0.168138363861928,0.1404921020656136,0.1377171215880893,0.1331090069645512,0.1836060761723049,0.1435032579532388,0.1329580892979387,0.1331026528258362,0.1671531287819463,0.1424671134276495,0.1462920779549481,0.1735088365243004,0.0099381798262774,0.1406600448574175,0.0030594405594406,0.0211640211640211,0.0323246217331498,-0.02504816955684,0.0445456846368008,0.0272952853598014,0.0290997271900574,0.0263999999999999,0.0111153747446943,0.0189729903736051,-0.0068110498288321,-0.0346420702593257,0.1294355116405501,0.0985068436333471,Healthcare,35.0,1.0,92,9.465525078835189,13703.0,12779.0,12.011352543450267,11.158889891968427,12.054074647020991,11.17477782564538
PFE,2018Q2,2018,Q2,0,1,0,0,13466.0,9379.0,4087.0,5316.0,3526.0,6415.0,4063.0,4527.0,3872.0,1790.0,5662.0,164980.0,69778.0,164612.0,70184.0,0.13292737264221,0.2618446457745433,0.6964948759839596,0.3017228575672063,0.2875389870785682,1737.0,2304.0,1850.0,1776.0,1701.0,2502.0,1872.0,1748.0,1731.0,2348.0,1722.0,1734.0,0.1345885634588563,0.168138363861928,0.1404921020656136,0.1377171215880893,0.1331090069645512,0.1836060761723049,0.1435032579532388,0.1329580892979387,0.1331026528258362,0.1671531287819463,0.1424671134276495,0.1462920779549481,0.0441997518610421,0.2595966167859467,0.0347528684907325,0.0078828828828829,0.1252411857568847,0.0490575781048283,0.1866317169069462,0.066544885177453,0.0325036603221082,0.0240801387015989,-0.0347796184718803,-0.0112010096900408,-0.0090470078674819,0.0046522001514828,0.2062793680433363,0.167422680412371,Healthcare,35.0,2.0,93,9.507997527450042,12906.0,12896.0,12.01358559473712,11.153088383884281,12.011352543450267,11.158889891968427
PFE,2018Q3,2018,Q3,0,0,1,0,13298.0,9372.0,3926.0,5476.0,3477.0,6101.0,3896.0,4177.0,4114.0,1999.0,6113.0,167839.0,71319.0,164980.0,69778.0,0.1503233568957738,0.2614678899082568,0.7047676342307114,0.2929763874266807,0.3093698300496315,1790.0,1737.0,2304.0,1850.0,1776.0,1701.0,2502.0,1872.0,1748.0,1731.0,2348.0,1722.0,0.13292737264221,0.1345885634588563,0.168138363861928,0.1404921020656136,0.1377171215880893,0.1331090069645512,0.1836060761723049,0.1435032579532388,0.1329580892979387,0.1331026528258362,0.1671531287819463,0.1424671134276495,0.0098724179829889,0.4485915492957746,0.0177000760125962,0.0805405405405406,0.1153564899451553,0.0038649832517392,0.1651324965132496,-0.0083354382419803,-0.0002875215641172,0.0277777777777776,0.0699772776235403,-0.0100606169315908,0.0077511355793253,-0.0059487066131072,0.4344302542582916,0.303411513859275,Healthcare,35.0,3.0,94,9.495444123413163,13466.0,13168.0,12.030766423630125,11.174932071977077,12.01358559473712,11.153088383884281
PFE,2018Q4,2018,Q4,0,0,0,1,13976.0,9681.0,4295.0,6426.0,3986.0,1065.0,3255.0,-946.0,-394.0,2440.0,2046.0,159422.0,63407.0,167839.0,71319.0,0.1745850028620492,0.2852032054951345,0.6926874642243847,0.2328992558672009,-0.02819118488838,1999.0,1790.0,1737.0,2304.0,1850.0,1776.0,1701.0,2502.0,1872.0,1748.0,1731.0,2348.0,0.1503233568957738,0.13292737264221,0.1345885634588563,0.168138363861928,0.1404921020656136,0.1377171215880893,0.1331090069645512,0.1836060761723049,0.1435032579532388,0.1329580892979387,0.1331026528258362,0.1671531287819463,0.0199226446763483,-1.0321003747759492,0.0389568576947843,0.0590277777777776,-0.6271008403361344,0.3103864734299517,-1.9926547743966423,-0.0205245153933865,-0.1200883002207505,-0.0597014925373133,0.0383412735324046,-0.1372760430684706,0.018662408485377,0.2847900576281217,-1.03147334255544,-0.8596515297022911,Healthcare,35.0,4.0,95,9.545168400484906,13298.0,13703.0,11.979316326020887,11.057345315430217,12.030766423630125,11.174932071977077
PFE,2019Q1,2019,Q1,1,0,0,0,13118.0,9524.0,3594.0,5025.0,3329.0,6229.0,4499.0,4323.0,3883.0,1696.0,5579.0,155421.0,58806.0,159422.0,63407.0,0.1292880012196981,0.2537734410733343,0.7260253087360878,0.3429638664430553,0.2960054886415612,2440.0,1999.0,1790.0,1737.0,2304.0,1850.0,1776.0,1701.0,2502.0,1872.0,1748.0,1731.0,0.1745850028620492,0.1503233568957738,0.13292737264221,0.1345885634588563,0.168138363861928,0.1404921020656136,0.1377171215880893,0.1331090069645512,0.1836060761723049,0.1435032579532388,0.1329580892979387,0.1331026528258362,0.0164264683093136,0.0907303370786516,0.0374727668845316,-0.0236039147956246,0.0374750166555628,0.1114130434782609,0.0474921250302884,-0.035426731078905,-0.019440353460972,-0.0208495713172252,-0.0393834520774759,-0.0352871780581877,0.0207061693407353,0.0934514971131599,0.0731030439348283,0.0532376817066264,Healthcare,35.0,1.0,96,9.48181684008103,13976.0,12906.0,11.953899277037147,10.98201617442016,11.979316326020887,11.057345315430217
PFE,2019Q2,2019,Q2,0,1,0,0,13264.0,9528.0,3736.0,5325.0,3494.0,6058.0,4203.0,4141.0,5046.0,1831.0,6877.0,156199.0,59568.0,155421.0,58806.0,0.1380428226779252,0.2634197828709288,0.718335343787696,0.316872738238842,0.3804282267792521,1696.0,2440.0,1999.0,1790.0,1737.0,2304.0,1850.0,1776.0,1701.0,2502.0,1872.0,1748.0,0.1292880012196981,0.1745850028620492,0.1503233568957738,0.13292737264221,0.1345885634588563,0.168138363861928,0.1404921020656136,0.1377171215880893,0.1331090069645512,0.1836060761723049,0.1435032579532388,0.1329580892979387,-0.0150007426110203,0.303202479338843,0.0158865550698368,0.0229050279329607,-0.0556508183943881,0.0344572975633767,-0.0852661806936161,-0.0858820650844139,-0.0090754395916051,0.0016930022573362,0.0384830447938215,0.006015540595555,0.0313576862613407,0.0502112461541339,0.3230491998474714,0.2145884846344048,Healthcare,35.0,2.0,97,9.49288426657184,13118.0,13466.0,11.958892516387722,10.994890583508521,11.953899277037147,10.98201617442016
PFE,2019Q3,2019,Q3,0,0,1,0,12680.0,8886.0,3794.0,5517.0,3237.0,12689.0,3369.0,10727.0,7680.0,2280.0,9960.0,170446.0,65103.0,156199.0,59568.0,0.1798107255520504,0.2552839116719242,0.700788643533123,0.2656940063091482,0.6056782334384858,1831.0,1696.0,2440.0,1999.0,1790.0,1737.0,2304.0,1850.0,1776.0,1701.0,2502.0,1872.0,0.1380428226779252,0.1292880012196981,0.1745850028620492,0.1503233568957738,0.13292737264221,0.1345885634588563,0.168138363861928,0.1404921020656136,0.1377171215880893,0.1331090069645512,0.1836060761723049,0.1435032579532388,-0.0464731538577229,0.8667963052989791,-0.0518565941101152,0.1405702851425712,1.0798229798393706,-0.1352669404517453,1.5681110845104145,-0.0336220071319408,-0.0690250215703192,0.0074872169466764,0.1961595939925797,-0.0236510044828158,-0.0056458192804663,-0.0931214332907973,0.9577805416297968,0.629314575494847,Healthcare,35.0,3.0,98,9.447860089234899,13264.0,13298.0,12.046179676941813,11.083741270241472,11.958892516387722,10.994890583508521
PFE,2019Q4,2019,Q4,0,0,0,1,12688.0,9072.0,3616.0,7028.0,4214.0,291.0,2044.0,-1508.0,-337.0,2814.0,2477.0,167488.0,63143.0,170446.0,65103.0,0.2217843631778058,0.332124842370744,0.7150063051702396,0.1610970996216897,-0.0265605296343001,2280.0,1831.0,1696.0,2440.0,1999.0,1790.0,1737.0,2304.0,1850.0,1776.0,1701.0,2502.0,0.1798107255520504,0.1380428226779252,0.1292880012196981,0.1745850028620492,0.1503233568957738,0.13292737264221,0.1345885634588563,0.168138363861928,0.1404921020656136,0.1377171215880893,0.1331090069645512,0.1836060761723049,-0.0921579851173439,-0.1446700507614213,-0.0629067245119305,0.1532786885245902,-0.7267605633802816,-0.3720430107526882,0.5940803382663848,-0.1580908032596042,0.0572002007024585,0.093681917211329,0.2703517458086122,0.1645200193109681,0.0322206508686362,-0.3082970616550733,-0.0578427356117294,0.2106549364613881,Healthcare,35.0,4.0,99,9.448490755396914,12680.0,13976.0,12.02867295644899,11.053173111388238,12.046179676941813,11.083741270241472
PFE,2020Q1,2020,Q1,1,0,0,0,10083.0,7307.0,2776.0,4203.0,2526.0,4398.0,3104.0,2842.0,3355.0,1677.0,5032.0,166336.0,65026.0,167488.0,63143.0,0.1663195477536447,0.2505206783695329,0.724685113557473,0.3078448874342953,0.3327382723395815,2814.0,2280.0,1831.0,1696.0,2440.0,1999.0,1790.0,1737.0,2304.0,1850.0,1776.0,1701.0,0.2217843631778058,0.1798107255520504,0.1380428226779252,0.1292880012196981,0.1745850028620492,0.1503233568957738,0.13292737264221,0.1345885634588563,0.168138363861928,0.1404921020656136,0.1377171215880893,0.1331090069645512,-0.2313614880317122,-0.1359773371104815,-0.2327803443931121,-0.0112028301886792,-0.2939476641515491,-0.3100689042009336,-0.3425861670136479,-0.2276015581524764,-0.2412135776509462,-0.1635820895522388,0.2864267850426365,-0.012817585205307,-0.0018459345183818,-0.1023984811373446,0.1240949411667857,-0.0980462448467467,Healthcare,35.0,1.0,100,9.218705288307811,12688.0,13118.0,12.021771129910755,11.082557847244853,12.02867295644899,11.053173111388238
PFE,2020Q2,2020,Q2,0,1,0,0,9864.0,7182.0,2682.0,4671.0,2596.0,4593.0,2511.0,3026.0,3489.0,2075.0,5564.0,177934.0,64336.0,166336.0,65026.0,0.210360908353609,0.2631792376317923,0.7281021897810219,0.2545620437956204,0.3537104622871046,1677.0,2814.0,2280.0,1831.0,1696.0,2440.0,1999.0,1790.0,1737.0,2304.0,1850.0,1776.0,0.1663195477536447,0.2217843631778058,0.1798107255520504,0.1380428226779252,0.1292880012196981,0.1745850028620492,0.1503233568957738,0.13292737264221,0.1345885634588563,0.168138363861928,0.1404921020656136,0.1377171215880893,-0.2563329312424608,-0.3085612366230678,-0.2462216624685138,0.1332605133806663,-0.2418289864641796,-0.4025695931477516,-0.2692586331803912,-0.2821199143468951,-0.2570120206067544,-0.1228169014084507,0.5238815338079033,-0.0009131631516617,0.0135964992921362,-0.1966426483689961,-0.0702307626285858,-0.1909262759924386,Healthcare,35.0,2.0,101,9.196748418456716,10083.0,13264.0,12.08917359404463,11.071890172413422,12.021771129910755,11.082557847244853
PFE,2020Q3,2020,Q3,0,0,1,0,10277.0,7421.0,2856.0,4921.0,2622.0,2122.0,2500.0,570.0,1469.0,2299.0,3768.0,178983.0,65259.0,177934.0,64336.0,0.2237034153935973,0.2551328208621193,0.7220978884888586,0.2432616522331419,0.1429405468521942,2075.0,1677.0,2814.0,2280.0,1831.0,1696.0,2440.0,1999.0,1790.0,1737.0,2304.0,1850.0,0.210360908353609,0.1663195477536447,0.2217843631778058,0.1798107255520504,0.1380428226779252,0.1292880012196981,0.1745850028620492,0.1503233568957738,0.13292737264221,0.1345885634588563,0.168138363861928,0.1404921020656136,-0.1895110410094637,-0.8087239583333333,-0.1648660814764798,0.0083333333333333,-0.8327685396800378,-0.2579400415553576,-0.9468630558404028,-0.2472324723247232,-0.1899907321594068,-0.1080297263005256,0.244104959294217,-0.000591854021726,0.0304075203734781,-0.0844292815920925,-0.7639992012909085,-0.6216867469879518,Healthcare,35.0,3.0,102,9.237760967552175,9864.0,12680.0,12.095051695352913,11.086134570147312,12.08917359404463,11.071890172413422
PFE,2020Q4,2020,Q4,0,0,0,1,11634.0,7943.0,3691.0,7022.0,3670.0,2007.0,921.0,554.0,847.0,3352.0,4199.0,154229.0,63238.0,178983.0,65259.0,0.24739665187543483,0.3154547017362902,0.6827402441120852,0.0791645177926766,0.0728038507821901,2299.0,2075.0,1677.0,2814.0,2280.0,1831.0,1696.0,2440.0,1999.0,1790.0,1737.0,2304.0,0.2237034153935973,0.210360908353609,0.1663195477536447,0.2217843631778058,0.1798107255520504,0.1380428226779252,0.1292880012196981,0.1745850028620492,0.1503233568957738,0.13292737264221,0.1345885634588563,0.168138363861928,-0.0830706179066834,-3.513353115727003,-0.1244488536155202,0.191186922530206,5.896907216494846,-0.5494129158512719,-1.3673740053050398,0.0207411504424779,-0.1290934978642619,-0.0008537279453614,0.2991043212191211,-0.0501923930635856,-0.0451269601748084,-0.5085912907272596,-3.7410541801911834,0.6951958013726283,Healthcare,35.0,4.0,103,9.361773075736393,10277.0,12688.0,11.94620027371766,11.054676478421662,12.095051695352913,11.086134570147312
PFE,2021Q1,2021,Q1,1,0,0,0,14516.0,9518.0,4998.0,4707.0,2713.0,7236.0,4811.0,5692.0,4877.0,1994.0,6871.0,158818.0,68620.0,154229.0,63238.0,0.1373656654725819,0.1868972168641499,0.6556902728024249,0.331427390465693,0.3359740975475337,3352.0,2299.0,2075.0,1677.0,2814.0,2280.0,1831.0,1696.0,2440.0,1999.0,1790.0,1737.0,0.24739665187543483,0.2237034153935973,0.210360908353609,0.1663195477536447,0.2217843631778058,0.1798107255520504,0.1380428226779252,0.1292880012196981,0.1745850028620492,0.1503233568957738,0.13292737264221,0.1345885634588563,0.4396508975503321,0.4536512667660208,0.3025865608320788,0.1890280262373285,0.645293315143247,0.5499355670103092,1.002814919071077,0.8004322766570606,0.0740300870942201,0.1199143468950749,-0.1740858646630625,-0.2539649098807509,-0.0952066483280621,0.076605147572675,0.0097248362360009,0.3654610492845787,Healthcare,35.0,1.0,104,9.583075655461428,11634.0,10083.0,11.975520467993162,11.13635388931704,11.94620027371766,11.054676478421662
PFE,2021Q2,2021,Q2,0,1,0,0,18899.0,11054.0,7845.0,5066.0,2827.0,8572.0,5988.0,6949.0,5799.0,2239.0,8038.0,169920.0,70042.0,158818.0,68620.0,0.1184718768188793,0.1495846341076247,0.5848986718874014,0.3168421609608974,0.306841631832372,1994.0,3352.0,2299.0,2075.0,1677.0,2814.0,2280.0,1831.0,1696.0,2440.0,1999.0,1790.0,0.1373656654725819,0.24739665187543483,0.2237034153935973,0.210360908353609,0.1663195477536447,0.2217843631778058,0.1798107255520504,0.1380428226779252,0.1292880012196981,0.1745850028620492,0.1503233568957738,0.13292737264221,0.9159570154095702,0.6620808254514188,0.5391255917571707,0.0790361445783132,0.8663183104724581,1.3847072879330944,1.296430931923331,1.9250559284116333,0.0889830508474576,0.0845643331192465,-0.4368160997872647,-0.4316244873506893,-0.1966805208163008,0.244655944133131,-0.132506203383629,0.444644140905823,Healthcare,35.0,2.0,105,9.846917201047734,14516.0,9864.0,12.043088902140804,11.156864618149543,11.975520467993162,11.13635388931704
PFE,2021Q3,2021,Q3,0,0,1,0,24035.0,13180.0,10855.0,5430.0,2749.0,9509.0,7750.0,7843.0,8159.0,2681.0,10840.0,179188.0,75691.0,169920.0,70042.0,0.1115456625754108,0.1143748699812773,0.5483669648429373,0.3224464322862492,0.3394632827127106,2239.0,1994.0,3352.0,2299.0,2075.0,1677.0,2814.0,2280.0,1831.0,1696.0,2440.0,1999.0,0.1184718768188793,0.1373656654725819,0.24739665187543483,0.2237034153935973,0.210360908353609,0.1663195477536447,0.2217843631778058,0.1798107255520504,0.1380428226779252,0.1292880012196981,0.1745850028620492,0.1503233568957738,1.338717524569427,4.5541184479237575,0.7760409648295379,0.1661591996520226,3.4811498586239398,2.1,12.759649122807016,2.800770308123249,0.0484363081617085,0.1034342613289982,-0.5013680842594618,-0.5517046000009204,-0.2405919286227102,0.3255127938423132,1.3748564713672748,1.8768577494692145,Healthcare,35.0,3.0,106,10.087307985453819,18899.0,10277.0,12.096196393710326,11.23442775352394,12.043088902140804,11.156864618149543
PFE,2021Q4,2021,Q4,0,0,0,1,23838.0,13160.0,10678.0,9880.0,3965.0,5418.0,3280.0,3827.0,3393.0,5915.0,9308.0,181477.0,77201.0,179188.0,75691.0,0.24739665187543483,0.166331068042621,0.5520597365550801,0.1375954358587129,0.1423357664233576,2681.0,2239.0,1994.0,3352.0,2299.0,2075.0,1677.0,2814.0,2280.0,1831.0,1696.0,2440.0,0.1115456625754108,0.1184718768188793,0.1373656654725819,0.24739665187543483,0.2237034153935973,0.210360908353609,0.1663195477536447,0.2217843631778058,0.1798107255520504,0.1380428226779252,0.1292880012196981,0.1745850028620492,1.0489943269726665,3.005903187721369,0.6568047337278107,0.764618138424821,1.6995515695067265,2.561346362649294,5.907942238267148,1.8929829314548905,0.0803814713896458,0.4070065508402165,-0.13878817759735,-0.4727259821232008,-0.1914058951174867,0.738094789120811,0.9550582131869456,1.2167182662538698,Healthcare,35.0,4.0,107,10.07907817399079,24035.0,11634.0,12.108889713219048,11.254180642413045,12.096196393710326,11.23442775352394
PFE,2022Q1,2022,Q1,1,0,0,0,25661.0,14863.0,10798.0,4820.0,2519.0,10560.0,10043.0,9050.0,7873.0,2301.0,10174.0,183841.0,82424.0,181477.0,77201.0,0.0896691477339152,0.0981645298312614,0.5792057986828261,0.3913721211176493,0.3068079965706714,5915.0,2681.0,2239.0,1994.0,3352.0,2299.0,2075.0,1677.0,2814.0,2280.0,1831.0,1696.0,0.24739665187543483,0.1115456625754108,0.1184718768188793,0.1373656654725819,0.24743172715059253,0.2237034153935973,0.210360908353609,0.1663195477536447,0.2217843631778058,0.1798107255520504,0.1380428226779252,0.1292880012196981,0.7677734913199228,0.6143120770965758,0.5615675562092877,0.1539618856569709,0.4593698175787728,1.0875077946372895,0.5899508081517919,1.16046418567427,-0.0715075562108367,0.0240067983853835,-0.3472229947314371,-0.4747673000255837,-0.1166472605925715,0.1808683662739134,-0.0868105642362382,0.480716052976277,Healthcare,35.0,1.0,108,10.152766577454964,23838.0,14516.0,12.121831972048646,11.319644067939931,12.108889713219048,11.254180642413045
PFE,2022Q2,2022,Q2,0,1,0,0,27742.0,18676.0,9066.0,5729.0,2914.0,12914.0,12947.0,11447.0,9871.0,2815.0,12686.0,195290.0,87209.0,183841.0,82424.0,0.1014706942541994,0.1050392906063009,0.6732030855742196,0.4666931007137193,0.3558142888039795,2301.0,5915.0,2681.0,2239.0,1994.0,3352.0,2299.0,2075.0,1677.0,2814.0,2280.0,1831.0,0.0896691477339152,0.24739665187543483,0.1115456625754108,0.1184718768188793,0.1373656654725819,0.24746680242575023,0.2237034153935973,0.210360908353609,0.1663195477536447,0.2217843631778058,0.1798107255520504,0.1380428226779252,0.4679083549394147,0.7021900327642696,0.6895241541523431,0.2572577043322912,0.5065328978068129,1.162157648630595,0.6472873794790617,0.1556405353728489,0.0307746727980191,0.1308724832214765,-0.1435039523402792,-0.2977935786457442,0.150973865955055,0.4729513878404443,0.1596023873265062,0.57825329684001,Healthcare,35.0,2.0,109,10.230738835101377,25661.0,18899.0,12.18224603285361,11.376074282221031,12.121831972048646,11.319644067939931
PFE,2022Q3,2022,Q3,0,0,1,0,22638.0,15649.0,6989.0,5950.0,3254.0,10495.0,9699.0,9001.0,8630.0,2696.0,11326.0,195349.0,92631.0,195290.0,87209.0,0.1190917925611803,0.1437406131283682,0.6912713137202933,0.4284389080307447,0.3812174220337486,2815.0,2301.0,5915.0,2681.0,2239.0,1994.0,3352.0,2299.0,2075.0,1677.0,2814.0,2280.0,0.1014706942541994,0.0896691477339152,0.24739665187543483,0.1115456625754108,0.1184718768188793,0.1373656654725819,0.24750187770090787,0.2237034153935973,0.210360908353609,0.1663195477536447,0.2217843631778058,0.1798107255520504,-0.0581235697940503,0.0577276627037626,0.187329286798179,0.0055949272659454,0.1036912398780103,0.2514838709677418,0.1476475838327171,-0.3561492399815753,0.1837031647871954,0.0957642725598526,0.0676505909018905,0.2567499587269299,0.2605998501720219,0.3287134392927677,0.1230004582156081,0.0448339483394832,Healthcare,35.0,3.0,110,10.027429361730306,27742.0,24035.0,12.182548100483217,11.436389933292109,12.18224603285361,11.376074282221031
PFE,2022Q4,2022,Q4,0,0,0,1,24290.0,13390.0,10900.0,8042.0,4427.0,7064.0,5348.0,5231.0,4993.0,3615.0,8608.0,197206.0,95661.0,195349.0,92631.0,0.1488266776451214,0.1822560724578015,0.5512556607657472,0.2201729106628242,0.2055578427336352,2696.0,2815.0,2301.0,5915.0,2681.0,2239.0,1994.0,3352.0,2299.0,2075.0,1677.0,2814.0,0.1190917925611803,0.1014706942541994,0.0896691477339152,0.24739665187543483,0.1115456625754108,0.1184718768188793,0.1373656654725819,0.24753695297606557,0.2237034153935973,0.210360908353609,0.1663195477536447,0.2217843631778058,0.0189613222585787,0.4715590922487473,0.0174772036474164,-0.3888419273034658,0.3038021410114433,0.6304878048780487,0.3668669976482885,0.020790410189174,0.1165195460277428,-0.1860323886639676,-0.4002146505994243,0.095742813429779,-0.001456501418398,0.6001469037745133,0.4441756130516938,-0.0752041254834551,Healthcare,35.0,4.0,111,10.097861190354225,22638.0,23838.0,12.192009217478073,11.468576424396037,12.182548100483217,11.436389933292109
PFE,2023Q1,2023,Q1,1,0,0,0,18486.0,12536.0,5950.0,5851.0,3357.0,8076.0,6685.0,6270.0,5542.0,2494.0,8036.0,195617.0,100971.0,197206.0,95661.0,0.1349129070648058,0.1815968841285297,0.6781348047170832,0.3616250135237477,0.2997944390349453,3615.0,2696.0,2815.0,2301.0,5915.0,2681.0,2239.0,1994.0,3352.0,2299.0,2075.0,1677.0,0.1488266776451214,0.1190917925611803,0.1014706942541994,0.0896691477339152,0.24743172715059253,0.1115456625754108,0.1184718768188793,0.1373656654725819,0.24757202825122326,0.2237034153935973,0.210360908353609,0.1663195477536447,-0.2796071860021043,-0.2960751936999872,-0.156563277938505,0.0838765754019992,-0.2352272727272727,-0.3343622423578611,-0.3071823204419889,-0.4489720318577515,0.33267169511711,0.2139004149377592,0.5045632803954723,0.8499236378015882,0.1708011319279467,-0.0760072217432151,-0.0228597611995766,-0.2101435030469824,Healthcare,35.0,1.0,112,9.824823061352445,24290.0,25661.0,12.183919056888733,11.522598529665915,12.192009217478073,11.468576424396037
PFE,2023Q2,2023,Q2,0,1,0,0,13007.0,8412.0,4595.0,6061.0,3432.0,4351.0,2351.0,2269.0,2329.0,2629.0,4958.0,220168.0,99019.0,195617.0,100971.0,0.202121934343046,0.2638579226570308,0.6467286845544706,0.1807488275543937,0.1790574306142846,2494.0,3615.0,2696.0,2815.0,2301.0,5915.0,2681.0,2239.0,1994.0,3352.0,2299.0,2075.0,0.1349129070648058,0.1488266776451214,0.1190917925611803,0.1014706942541994,0.0896691477339152,0.24746680242575023,0.1115456625754108,0.1184718768188793,0.1373656654725819,0.2476071035263809,0.2237034153935973,0.210360908353609,-0.5311441136183404,-0.7640563266133117,-0.5495823516813022,-0.0660746003552398,-0.6630788291776366,-0.8184135320923767,-0.8017821263213069,-0.4931612618574895,0.1777625257378174,0.057950776749869,0.9919242282574718,1.5119926185145331,-0.0393260244747202,-0.6127030220117408,-0.496767172515299,-0.609175469020968,Healthcare,35.0,2.0,113,9.473319831787592,18486.0,27742.0,12.302150712252043,11.503077128915415,12.183919056888733,11.522598529665915
PFE,2023Q3,2023,Q3,0,0,1,0,13491.0,2888.0,10603.0,5894.0,3212.0,-1097.0,-3006.0,-3352.0,-2394.0,2682.0,288.0,215021.0,96934.0,220168.0,99019.0,0.1987991994663108,0.2380846490252761,0.2140686383514936,-0.2228152101400934,-0.1774516344229486,2629.0,2494.0,3615.0,2696.0,2815.0,2301.0,5915.0,2681.0,2239.0,1994.0,3352.0,2299.0,0.202121934343046,0.1349129070648058,0.1488266776451214,0.1190917925611803,0.1014706942541994,0.0896691477339152,0.24750187770090787,0.1115456625754108,0.1184718768188793,0.1373656654725819,0.2476421788015386,0.2237034153935973,-0.4040551285449244,-1.277404403244496,-0.8154514665473832,-0.0051928783382789,-1.1045259647451169,-1.3099288586452211,-1.3724030663259636,0.517098297324367,-0.0129071911493546,-0.0094117647058823,0.6692938714830658,0.6563491962612789,-0.6903261655696139,-1.5200629680535551,-1.4654866859868727,-0.9745717817411266,Healthcare,35.0,3.0,114,9.50985219618154,13007.0,22638.0,12.27849562745629,11.481795929773307,12.302150712252043,11.503077128915415
PFE,2023Q4,2023,Q4,0,0,0,1,14570.0,5980.0,8590.0,7243.0,4470.0,-1770.0,-1263.0,-4129.0,-3343.0,2773.0,-570.0,226501.0,89014.0,215021.0,96934.0,0.1903225806451612,0.3067947838023335,0.4104323953328758,-0.086684969114619,-0.2294440631434454,2682.0,2629.0,2494.0,3615.0,2696.0,2815.0,2301.0,5915.0,2681.0,2239.0,1994.0,3352.0,0.1987991994663108,0.202121934343046,0.1349129070648058,0.1488266776451214,0.1190917925611803,0.1014706942541994,0.0896691477339152,0.24753695297606557,0.1115456625754108,0.1184718768188793,0.1373656654725819,0.2476772540766963,-0.4001646768217373,-1.6695373522932109,-0.5533980582524272,-0.2329183955739971,-1.2505662514156286,-1.2361630516080775,-1.7893328235519022,-0.2119266055045872,0.009713124011746,-0.0993533946779408,0.278820327488511,0.6833172122337208,-0.2554590827008548,-1.3937131450624711,-2.1162019414689146,-1.066217472118959,Healthcare,35.0,4.0,115,9.586788531013854,13491.0,24290.0,12.330509053888317,11.396560173838964,12.27849562745629,11.481795929773307
PFE,2024Q1,2024,Q1,1,0,0,0,14879.0,10498.0,4381.0,5939.0,3459.0,5948.0,4559.0,3421.0,3120.0,2480.0,5600.0,221095.0,92282.0,226501.0,89014.0,0.1666778681362994,0.2324753007594596,0.7055581692318033,0.306405000336044,0.2096915115263122,2773.0,2682.0,2629.0,2494.0,3615.0,2696.0,2815.0,2301.0,5915.0,2681.0,2239.0,1994.0,0.1903225806451612,0.1987991994663108,0.202121934343046,0.1349129070648058,0.1488266776451214,0.1190917925611803,0.1014706942541994,0.0896691477339152,0.24757202825122326,0.1115456625754108,0.1184718768188793,0.1373656654725819,-0.1951206318294925,-0.4370263442800433,-0.1625717932354817,-0.0056134723336006,-0.2634967805844477,-0.3180254300673149,-0.4543859649122806,-0.2636974789915967,0.0303842716711348,0.0150401640745172,0.2354479031145278,0.2801722996244773,0.0404393998419843,-0.152699650529228,-0.3005490288568372,-0.3031358885017421,Healthcare,35.0,1.0,116,9.607773308387083,14570.0,18486.0,12.306352275320512,11.432615221512185,12.330509053888317,11.396560173838964
PFE,2024Q2,2024,Q2,0,1,0,0,13283.0,8243.0,5040.0,6364.0,3688.0,2405.0,1879.0,-103.0,24.0,2676.0,2700.0,216193.0,87700.0,221095.0,92282.0,0.2014605134382293,0.2776481216592637,0.6205676428517655,0.1414590077542723,0.0018068207483249,2480.0,2773.0,2682.0,2629.0,2494.0,3615.0,2696.0,2815.0,2301.0,5915.0,2681.0,2239.0,0.1666778681362994,0.1903225806451612,0.1987991994663108,0.202121934343046,0.1349129070648058,0.1488266776451214,0.1190917925611803,0.1014706942541994,0.0896691477339152,0.2476071035263809,0.1115456625754108,0.1184718768188793,0.0212193434304606,-0.9896951481322456,-0.0200903471231573,0.0178775199695702,-0.4472535049413928,-0.200765631646108,-1.0453944468929044,0.0968443960826985,0.0745920745920745,0.049991750536215,-0.0032723855872769,0.052263729143952,-0.0404513396846274,-0.2173724739005441,-0.989909266864121,-0.4554255748285599,Healthcare,35.0,2.0,117,9.494315582496638,14879.0,13007.0,12.283931431720744,11.381688580803818,12.306352275320512,11.432615221512185
PFE,2024Q3,2024,Q3,0,0,1,0,17702.0,10771.0,6931.0,5803.0,3238.0,7253.0,4968.0,4715.0,4473.0,2565.0,7038.0,219476.0,92286.0,216193.0,87700.0,0.1448988814823184,0.1829171844989267,0.6084623206417354,0.2806462546604903,0.2526833126200429,2676.0,2480.0,2773.0,2682.0,2629.0,2494.0,3615.0,2696.0,2815.0,2301.0,5915.0,2681.0,0.2014605134382293,0.1666778681362994,0.1903225806451612,0.1987991994663108,0.202121934343046,0.1349129070648058,0.1488266776451214,0.1190917925611803,0.1014706942541994,0.0896691477339152,0.2476421788015386,0.1115456625754108,0.3121340152694389,-2.8684210526315788,2.7295706371191137,-0.0436241610738254,-7.6116681859617135,-2.6526946107784437,-2.4066229116945106,-0.3463170800716778,0.0080946450809464,-0.0154394299287411,-0.271129451872499,-0.2317136562655605,1.8423702104493256,-2.2595471129822604,-2.4239559609678363,23.4375,Healthcare,35.0,3.0,118,9.781489395725279,13283.0,13491.0,12.299002722408089,11.432658565500923,12.283931431720744,11.381688580803818
PFE,2024Q4,2024,Q4,0,0,0,1,17763.0,12968.0,4795.0,7243.0,4226.0,5143.0,5725.0,-10.0,403.0,3017.0,3420.0,213396.0,88203.0,219476.0,92286.0,0.1698474356809097,0.2379102629060406,0.7300568597646794,0.322299161177729,0.0226876090750436,2565.0,2676.0,2480.0,2773.0,2682.0,2629.0,2494.0,3615.0,2696.0,2815.0,2301.0,5915.0,0.1448988814823184,0.2014605134382293,0.1666778681362994,0.1903225806451612,0.1987991994663108,0.202121934343046,0.1349129070648058,0.1488266776451214,0.1190917925611803,0.1014706942541994,0.0896691477339152,0.2476772540766963,0.2191489361702128,-1.1205504038288965,1.1685618729096992,0.0879913451135954,-3.905649717514125,-5.532858273950911,-0.9975781060789536,-0.4417927823050058,-0.0545861297539149,0.0,-0.107581270151152,-0.2245296352257243,0.7787505763831737,-4.718051289279106,-1.098880784990543,-7.0,Healthcare,35.0,4.0,119,9.784929216411992,17702.0,14570.0,12.270909559644132,11.387407592440459,12.299002722408089,11.432658565500923
PFE,2025Q1,2025,Q1,1,0,0,0,13715.0,9827.0,3888.0,5203.0,3024.0,5056.0,4624.0,2784.0,2967.0,2179.0,5146.0,208028.0,90338.0,213396.0,88203.0,0.1588771418155304,0.2204885162231133,0.7165147648559971,0.3371491068173533,0.2163324826831935,3017.0,2565.0,2676.0,2480.0,2773.0,2682.0,2629.0,2494.0,3615.0,2696.0,2815.0,2301.0,0.1698474356809097,0.1448988814823184,0.2014605134382293,0.1666778681362994,0.1903225806451612,0.1987991994663108,0.202121934343046,0.1349129070648058,0.1488266776451214,0.1190917925611803,0.1014706942541994,0.0896691477339152,-0.0782310639155857,-0.0490384615384615,-0.0639169365593446,-0.1213709677419354,-0.1499663752521856,0.0142575126124149,-0.1862028646594563,-0.1125313855284181,-0.1257588898525585,-0.1239265869675029,-0.0468012124704525,-0.0515615400740953,0.0155289756422536,0.1003381356296118,0.0316701954625759,-0.0810714285714285,Healthcare,35.0,1.0,120,9.526318313582811,17763.0,14879.0,12.245432772041884,11.41132453985355,12.270909559644132,11.387407592440459
PFE,2025Q2,2025,Q2,0,1,0,0,14653.0,9420.0,5233.0,5845.0,3402.0,5323.0,3575.0,3044.0,2910.0,2443.0,5353.0,206095.0,88695.0,208028.0,90338.0,0.1667235378420801,0.2321708865078823,0.6428717668736778,0.2439773425237152,0.1985941445437794,2179.0,3017.0,2565.0,2676.0,2480.0,2773.0,2682.0,2629.0,2494.0,3615.0,2696.0,2815.0,0.1588771418155304,0.1698474356809097,0.1448988814823184,0.2014605134382293,0.1666778681362994,0.1903225806451612,0.1987991994663108,0.202121934343046,0.1349129070648058,0.1488266776451214,0.1190917925611803,0.1014706942541994,0.1031393510502145,120.25,0.142787819968458,-0.0870702541106128,1.2133056133056137,0.9026077700904735,-30.553398058252423,0.0382936507936508,-0.0775488069414316,-0.0815524827152733,-0.1724257275200484,-0.1637944995975593,0.0359414872477328,0.7247211499427941,108.91358424895928,0.9825925925925928,Healthcare,35.0,2.0,121,9.592468614719909,13715.0,13283.0,12.236097358635869,11.392970071452188,12.245432772041884,11.41132453985355
