ticker,Year_Quarter,year,quarter,Q1,Q2,Q3,Q4,revenue,grossProfit,costOfRevenue,operatingExpenses,snaExpenses,ebitda,operatingIncome,incomeBeforeTax,netIncome,rnd,net_plus_rnd,totalAssets,totalEquity,totalAssets_lag1,totalEquity_lag1,rnd_to_rev_ratio,sna_to_rev_ratio,grossProfitRatio,operatingIncomeRatio,netIncomeRatio,rnd_lag1,rnd_lag2,rnd_lag3,rnd_lag4,rnd_lag5,rnd_lag6,rnd_lag7,rnd_lag8,rnd_lag9,rnd_lag10,rnd_lag11,rnd_lag12,rnd_to_rev_ratio_lag1,rnd_to_rev_ratio_lag2,rnd_to_rev_ratio_lag3,rnd_to_rev_ratio_lag4,rnd_to_rev_ratio_lag5,rnd_to_rev_ratio_lag6,rnd_to_rev_ratio_lag7,rnd_to_rev_ratio_lag8,rnd_to_rev_ratio_lag9,rnd_to_rev_ratio_lag10,rnd_to_rev_ratio_lag11,rnd_to_rev_ratio_lag12,revenue_yoy,netIncome_yoy,grossProfit_yoy,rnd_yoy,ebitda_yoy,operatingIncome_yoy,incomeBeforeTax_yoy,costOfRevenue_yoy,snaExpenses_yoy,operatingExpenses_yoy,rnd_to_rev_ratio_yoy,sna_to_rev_ratio_yoy,grossProfitRatio_yoy,operatingIncomeRatio_yoy,netIncomeRatio_yoy,net_plus_rnd_yoy,gics_sectors,gics_sector_code,quarter_int,time_idx,revenue_log,revenue_lag1,revenue_lag4,totalAssets_log,totalEquity_log,totalAssets_lag1_log,totalEquity_lag1_log
PKI,1995Q2,1995,Q2,0,1,0,0,342.3,100.7,241.6,80.2,70.3,30.6,20.5,20.2,16.3,0.0,16.3,790.1,442.0,809.8,436.9,0.0,0.2053754016944201,0.2941863862109261,0.0598889862693543,0.0476190476190476,0.0,,,,,,,,,,,,0.0,,,,,,,,,,,,,,,,,,,,,,,,,,,,Healthcare,35.0,2.0,1,5.838604700463646,338.2,,6.673424382027351,6.093569770045136,6.698021414577845,6.081990573807353
PKI,1995Q3,1995,Q3,0,0,1,0,361.6,97.2,264.4,78.0,68.5,27.5,19.2,20.3,16.0,0.0,16.0,786.0,360.0,790.1,442.0,0.0,0.1894358407079646,0.2688053097345133,0.0530973451327433,0.0442477876106194,0.0,0.0,,,,,,,,,,,0.0,0.0,,,,,,,,,,,,,,,,,,,,,,,,,,,Healthcare,35.0,3.0,2,5.89330029832075,342.3,,6.668228248417403,5.8888779583328805,6.673424382027351,6.093569770045136
PKI,1995Q4,1995,Q4,0,0,0,1,377.5,115.4,262.1,87.9,76.6,36.3,27.5,30.0,21.9,0.0,21.9,803.9,366.9,786.0,360.0,0.0,0.2029139072847681,0.3056953642384106,0.0728476821192053,0.0580132450331125,0.0,0.0,0.0,,,,,,,,,,0.0,0.0,0.0,,,,,,,,,,,,,,,,,,,,,,,,,,Healthcare,35.0,4.0,3,5.936216072877503,361.6,,6.690718046099688,5.907811162110729,6.668228248417403,5.8888779583328805
PKI,1996Q1,1996,Q1,1,0,0,0,346.8,99.5,247.3,79.6,70.5,30.9,19.9,18.0,12.8,0.0,12.8,825.8,363.4,803.9,366.9,0.0,0.2032871972318339,0.2869088811995386,0.0573817762399077,0.0369088811995386,0.0,0.0,0.0,0.0,,,,,,,,,0.0,0.0,0.0,0.0,,,,,,,,,0.0254287403903017,-0.0656934306569342,0.0607675906183369,,0.3434782608695652,0.2675159235668789,0.1612903225806452,0.0118657937806874,0.0158501440922189,0.0192061459667094,,-0.0093410647866538,0.0344625119582511,0.2360838677921521,-0.0888625093661336,-0.0656934306569342,Healthcare,35.0,1.0,4,5.851627601920183,377.5,338.2,6.717562827807613,5.898252165385803,6.690718046099688,5.907811162110729
PKI,1996Q2,1996,Q2,0,1,0,0,355.9,105.0,250.9,83.6,74.4,31.7,21.4,20.3,15.6,0.0,15.6,837.4,366.3,825.8,363.4,0.0,0.2090474852486653,0.2950266928912616,0.0601292497892666,0.0438325372295588,0.0,0.0,0.0,0.0,0.0,,,,,,,,0.0,0.0,0.0,0.0,0.0,,,,,,,,0.039731229915279,-0.0429447852760737,0.0427010923535253,,0.0359477124183005,0.0439024390243902,0.0049504950495049,0.0384933774834437,0.0583214793741111,0.0423940149625934,,0.0178798606062327,0.0028563751408028,0.00401181477395,-0.0795167181792636,-0.0429447852760737,Healthcare,35.0,2.0,5,5.877455630496114,346.8,342.3,6.731495313566778,5.906178952825622,6.717562827807613,5.898252165385803
PKI,1996Q3,1996,Q3,0,0,1,0,354.7,103.4,251.3,80.2,68.7,37.0,23.2,20.9,15.6,0.0,15.6,837.0,377.8,837.4,366.3,0.0,0.1936848040597688,0.2915139554553144,0.0654073865238229,0.0439808288694671,0.0,0.0,0.0,0.0,0.0,0.0,,,,,,,0.0,0.0,0.0,0.0,0.0,0.0,,,,,,,-0.0190818584070797,-0.025,0.0637860082304526,,0.3454545454545454,0.2083333333333332,0.0295566502463053,-0.0495461422087745,0.0029197080291971,0.0282051282051283,,0.0224295642045608,0.0844799001300584,0.2318391128653325,-0.0060332675500421,-0.025,Healthcare,35.0,3.0,6,5.874087678954409,355.9,361.6,6.731018100482083,5.937008361311923,6.731495313566778,5.906178952825622
PKI,1996Q4,1996,Q4,0,0,0,1,369.9,111.6,258.3,88.4,77.3,36.4,23.2,21.1,16.2,0.0,16.2,822.9,365.1,837.0,377.8,0.0,0.2089753987564206,0.3017031630170316,0.0627196539605298,0.0437956204379562,0.0,0.0,0.0,0.0,0.0,0.0,0.0,,,,,,0.0,0.0,0.0,0.0,0.0,0.0,0.0,,,,,,-0.0201324503311258,-0.2602739726027396,-0.0329289428076257,,0.0027548209366392,-0.1563636363636363,-0.2966666666666666,-0.0144982830980542,0.0091383812010443,0.005688282138794,,0.0298722327747886,-0.0130594104078903,-0.1390302047236352,-0.2450754924507548,-0.2602739726027396,Healthcare,35.0,4.0,7,5.915932484495545,354.7,377.5,6.714049163321544,5.902906520126191,6.731018100482083,5.937008361311923
PKI,1997Q1,1997,Q1,1,0,0,0,347.0,98.1,248.9,81.7,59.7,29.3,16.4,14.5,10.1,11.2,21.3,806.8,350.6,822.9,365.1,0.0322766570605187,0.1720461095100864,0.2827089337175792,0.0472622478386167,0.0291066282420749,0.0,0.0,0.0,0.0,0.0,0.0,0.0,0.0,,,,,0.0,0.0,0.0,0.0,0.0,0.0,0.0,0.0,,,,,0.0005767012687427,-0.2109375000000001,-0.014070351758794,,-0.0517799352750808,-0.1758793969849246,-0.1944444444444444,0.0064698746461786,-0.1531914893617021,0.0263819095477388,,-0.1536795634312342,-0.0146386109220454,-0.1763543944506393,-0.2113922910662824,0.6640624999999998,Healthcare,35.0,1.0,8,5.8522024797744745,369.9,346.8,6.694314503129313,5.862494165811022,6.714049163321544,5.902906520126191
PKI,1997Q2,1997,Q2,0,1,0,0,368.7,100.2,268.5,82.2,59.8,59.3,18.0,-12.9,-11.9,11.9,0.0,816.7,324.1,806.8,350.6,0.0322755627881746,0.1621914835909954,0.2717656631407649,0.048820179007323,-0.0322755627881746,11.2,0.0,0.0,0.0,0.0,0.0,0.0,0.0,0.0,,,,0.0322766570605187,0.0,0.0,0.0,0.0,0.0,0.0,0.0,0.0,,,,0.0359651587524585,-1.7628205128205128,-0.0457142857142857,,0.8706624605678233,-0.1588785046728971,-1.6354679802955665,0.0701474691111996,-0.196236559139785,-0.0167464114832535,,-0.2241404702952251,-0.0788438141733502,-0.1880793594062492,-1.736337999763549,-1.0,Healthcare,35.0,2.0,9,5.912691865942586,347.0,355.9,6.706495521167931,5.784132827309859,6.694314503129313,5.862494165811022
PKI,1997Q3,1997,Q3,0,0,1,0,358.4,103.3,255.1,82.9,60.6,31.3,20.4,21.1,14.6,10.7,25.3,809.3,316.8,816.7,324.1,0.0298549107142857,0.1690848214285714,0.2882254464285714,0.0569196428571428,0.0407366071428571,11.9,11.2,0.0,0.0,0.0,0.0,0.0,0.0,0.0,0.0,,,0.0322755627881746,0.0322766570605187,0.0,0.0,0.0,0.0,0.0,0.0,0.0,0.0,,,0.010431350436989,-0.0641025641025641,-0.0009671179883946,,-0.154054054054054,-0.1206896551724138,0.0095693779904306,0.0151213688818145,-0.1179039301310044,0.0336658354114713,,-0.1270103906737367,-0.0112807945046974,-0.1297673568349754,-0.0737644516941392,0.6217948717948716,Healthcare,35.0,3.0,10,5.884435974349459,368.7,354.7,6.69740454946668,5.761422254102616,6.706495521167931,5.784132827309859
PKI,1997Q4,1997,Q4,0,0,0,1,386.8,119.2,267.6,86.2,63.4,46.3,33.0,31.3,20.8,11.1,31.9,832.1,328.3,809.3,316.8,0.0286970010341261,0.1639089968976215,0.3081695966907963,0.0853154084798345,0.0537745604963805,10.7,11.9,11.2,0.0,0.0,0.0,0.0,0.0,0.0,0.0,0.0,,0.0298549107142857,0.0322755627881746,0.0322766570605187,0.0,0.0,0.0,0.0,0.0,0.0,0.0,0.0,,0.0456880237902137,0.2839506172839507,0.0681003584229391,,0.2719780219780219,0.4224137931034484,0.4834123222748814,0.0360046457607434,-0.1798188874514876,-0.0248868778280543,,-0.2156541015209547,0.0214330987090103,0.3602659308918445,0.2278524646673561,0.969135802469136,Healthcare,35.0,4.0,11,5.9604897428085515,358.4,369.9,6.725153682980864,5.7969691893823185,6.69740454946668,5.761422254102616
PKI,1998Q1,1998,Q1,1,0,0,0,355.9,103.3,252.6,84.5,61.3,-3.9,18.8,53.7,34.5,11.0,45.5,862.0,349.6,832.1,328.3,0.030907558302894,0.172239393087946,0.2902500702444507,0.0528238269176735,0.0969373419499859,11.1,10.7,11.9,11.2,0.0,0.0,0.0,0.0,0.0,0.0,0.0,0.0,0.0286970010341261,0.0298549107142857,0.0322755627881746,0.0322766570605187,0.0,0.0,0.0,0.0,0.0,0.0,0.0,0.0,0.0256484149855906,2.415841584158416,0.0530071355759429,-0.0178571428571427,-1.1331058020477816,0.1463414634146342,2.703448275862069,0.0148654077942949,0.0268006700167502,0.0342717258261933,-0.0424176132942639,0.0011234405614284,0.0266745603957636,0.1176748744166287,2.330421550162884,1.1361502347417844,Healthcare,35.0,1.0,12,5.877455630496114,386.8,347.0,6.760414691083428,5.859645972487134,6.725153682980864,5.7969691893823185
PKI,1998Q2,1998,Q2,0,1,0,0,356.3,98.9,257.4,80.8,58.8,2.3,18.1,44.9,31.6,10.9,42.5,925.8,390.4,862.0,349.6,0.0305921975863036,0.1650294695481335,0.2775750771821498,0.0507998877350547,0.0886893067639629,11.0,11.1,10.7,11.9,11.2,0.0,0.0,0.0,0.0,0.0,0.0,0.0,0.030907558302894,0.0286970010341261,0.0298549107142857,0.0322755627881746,0.0322766570605187,0.0,0.0,0.0,0.0,0.0,0.0,0.0,-0.0336316788717113,-3.6554621848739495,-0.0129740518962075,-0.0840336134453781,-0.9612141652613828,0.0055555555555555,-4.48062015503876,-0.0413407821229051,-0.0167224080267558,-0.0170316301703163,-0.0521560294058685,0.0174977495384087,0.0213765564576711,0.0405510337730377,-3.747877933098583,,Healthcare,35.0,2.0,13,5.878575765029364,355.9,368.7,6.831737792558221,5.969730054961976,6.760414691083428,5.859645972487134
PKI,1998Q3,1998,Q3,0,0,1,0,343.5,94.9,248.6,74.7,52.4,28.2,20.2,24.1,15.4,10.4,25.8,924.4,377.4,925.8,390.4,0.0302765647743813,0.1525473071324599,0.27627365356623,0.058806404657933,0.0448326055312954,10.9,11.0,11.1,10.7,11.9,11.2,0.0,0.0,0.0,0.0,0.0,0.0,0.0305921975863036,0.030907558302894,0.0286970010341261,0.0298549107142857,0.0322755627881746,0.0322766570605187,0.0,0.0,0.0,0.0,0.0,0.0,-0.0415736607142857,0.0547945205479452,-0.0813165537270086,-0.0280373831775699,-0.0990415335463259,-0.0098039215686274,0.1421800947867297,-0.0254802038416307,-0.1353135313531354,-0.0989143546441496,0.0141234406671291,-0.0978060251439991,-0.0414668205407857,0.0331478151668236,0.1005483440011167,0.0197628458498024,Healthcare,35.0,3.0,14,5.842094090453713,356.3,358.4,6.830226076472899,5.935951837177723,6.831737792558221,5.969730054961976
PKI,1998Q4,1998,Q4,0,0,0,1,352.2,119.5,232.7,82.6,53.8,55.6,36.9,33.3,20.5,13.6,34.1,1184.9,399.7,924.4,377.4,0.0386144236229415,0.1527541169789892,0.3392958546280522,0.1047700170357751,0.058205565019875,10.4,10.9,11.0,11.1,10.7,11.9,11.2,0.0,0.0,0.0,0.0,0.0,0.0302765647743813,0.0305921975863036,0.030907558302894,0.0286970010341261,0.0298549107142857,0.0322755627881746,0.0322766570605187,0.0,0.0,0.0,0.0,0.0,-0.0894519131334022,-0.0144230769230769,0.0025167785234898,0.2252252252252251,0.2008639308855293,0.1181818181818181,0.0638977635782747,-0.1304185351270553,-0.1514195583596215,-0.0417633410672855,0.3455909060679081,-0.0680553241723497,0.1010036625010954,0.2280315936193278,0.0823996418119075,0.0689655172413794,Healthcare,35.0,4.0,15,5.867034468729805,343.5,386.8,7.0782572589707495,5.993213017642099,6.830226076472899,5.935951837177723
PKI,1999Q1,1999,Q1,1,0,0,0,357.5,108.1,249.4,82.3,57.0,41.6,25.8,21.9,14.1,13.5,27.6,1167.1,400.2,1184.9,399.7,0.0377622377622377,0.1594405594405594,0.3023776223776223,0.0721678321678321,0.0394405594405594,13.6,10.4,10.9,11.0,11.1,10.7,11.9,11.2,0.0,0.0,0.0,0.0,0.0386144236229415,0.0302765647743813,0.0305921975863036,0.030907558302894,0.0286970010341261,0.0298549107142857,0.0322755627881746,0.0322766570605187,0.0,0.0,0.0,0.0,0.0044956448440574,-0.591304347826087,0.0464666021297193,0.2272727272727273,-11.666666666666668,0.3723404255319149,-0.5921787709497207,-0.0126682501979413,-0.0701468189233278,-0.0260355029585799,0.2217800381436745,-0.0743083995938809,0.0417831152390686,0.366198482368695,-0.5931334752204318,-0.3934065934065933,Healthcare,35.0,1.0,16,5.881928660039675,352.2,355.9,7.06313377616165,5.994460056087781,7.0782572589707495,5.993213017642099
PKI,1999Q2,1999,Q2,0,1,0,0,304.3,121.8,182.5,105.4,71.2,55.0,16.4,-4.2,3.6,16.3,19.9,1652.5,402.4,1167.1,400.2,0.0535655603023332,0.2339796253697009,0.4002628984554715,0.0538941833716726,0.0118304304962208,13.5,13.6,10.4,10.9,11.0,11.1,10.7,11.9,11.2,0.0,0.0,0.0,0.0377622377622377,0.0386144236229415,0.0302765647743813,0.0305921975863036,0.030907558302894,0.0286970010341261,0.0298549107142857,0.0322755627881746,0.0322766570605187,0.0,0.0,0.0,-0.1459444288520909,-0.8860759493670887,0.2315470171890798,0.4954128440366971,22.91304347826087,-0.0939226519337018,-1.093541202672606,-0.2909867909867909,0.2108843537414966,0.3044554455445545,0.7509549665799384,0.4178051108711642,0.4419986928178414,0.0609114660401644,-0.866608152347991,-0.5317647058823529,Healthcare,35.0,2.0,17,5.721294899740832,357.5,356.3,7.410649532421847,5.999928625520111,7.06313377616165,5.994460056087781
PKI,1999Q3,1999,Q3,0,0,1,0,388.4,160.3,228.1,138.5,95.7,75.1,21.8,-8.9,103.8,20.3,124.1,1665.0,516.9,1652.5,402.4,0.0522657054582904,0.2463954685890834,0.4127188465499485,0.0561277033985581,0.2672502574665293,16.3,13.5,13.6,10.4,10.9,11.0,11.1,10.7,11.9,11.2,0.0,0.0,0.0535655603023332,0.0377622377622377,0.0386144236229415,0.0302765647743813,0.0305921975863036,0.030907558302894,0.0286970010341261,0.0298549107142857,0.0322755627881746,0.0322766570605187,0.0,0.0,0.1307132459970887,5.74025974025974,0.6891464699683878,0.9519230769230768,1.6631205673758864,0.0792079207920792,-1.3692946058091289,-0.082461786001609,0.8263358778625955,0.8540829986613119,0.7262759447041116,0.6152069362662242,0.493876963012722,-0.045551182306696,4.961069054529404,3.8100775193798446,Healthcare,35.0,3.0,18,5.964607092938099,304.3,343.5,7.418180822726788,6.249782173429845,7.410649532421847,5.999928625520111
PKI,1999Q4,1999,Q4,0,0,0,1,427.2,199.4,227.8,143.3,108.2,80.3,56.1,45.7,32.8,21.2,54.0,1714.6,550.8,1665.0,516.9,0.049625468164794,0.2532771535580524,0.4667602996254681,0.1313202247191011,0.0767790262172284,20.3,16.3,13.5,13.6,10.4,10.9,11.0,11.1,10.7,11.9,11.2,0.0,0.0522657054582904,0.0535655603023332,0.0377622377622377,0.0386144236229415,0.0302765647743813,0.0305921975863036,0.030907558302894,0.0286970010341261,0.0298549107142857,0.0322755627881746,0.0322766570605187,0.0,0.2129471890971039,0.5999999999999999,0.6686192468619248,0.5588235294117647,0.4442446043165466,0.5203252032520327,0.3723723723723726,-0.0210571551353673,1.0111524163568777,0.7348668280871673,0.2851536682088564,0.6580708825863584,0.375673452117907,0.253414177400201,0.3191011235955054,0.5835777126099706,Healthcare,35.0,4.0,19,6.059590376155582,388.4,352.2,7.447518152642726,6.313185661783185,7.418180822726788,6.249782173429845
PKI,2000Q1,2000,Q1,1,0,0,0,402.286,174.527,227.759,135.935,95.679,68.827,38.592,27.313,16.243,21.3,37.543,1752.62,651.363,1714.6,550.8,0.0529474055771267,0.2378382543762398,0.4338381151717931,0.0959317500484729,0.0403767468915149,21.2,20.3,16.3,13.5,13.6,10.4,10.9,11.0,11.1,10.7,11.9,11.2,0.049625468164794,0.0522657054582904,0.0535655603023332,0.0377622377622377,0.0386144236229415,0.0302765647743813,0.0305921975863036,0.030907558302894,0.0286970010341261,0.0298549107142857,0.0322755627881746,0.0322766570605187,0.1252755244755243,0.1519858156028368,0.6144958371877891,0.5777777777777777,0.6544951923076923,0.4958139534883721,0.2471689497716895,-0.0867722534081797,0.6785789473684212,0.6517010935601459,0.4021257402831706,0.4917048410439602,0.4347560238105095,0.3292868466019025,0.0237366676394759,0.3602536231884057,Healthcare,35.0,1.0,20,5.9996459876640955,427.2,357.5,7.469437501798148,6.480601155465984,7.447518152642726,6.313185661783185
PKI,2000Q2,2000,Q2,0,1,0,0,398.705,180.16,218.545,136.411,96.203,62.817,43.749,43.53,35.573,21.359,56.932,1792.342,673.981,1752.62,651.363,0.0535709359049924,0.2412886720758455,0.4518629061586887,0.1097277435698072,0.0892213541340088,21.3,21.2,20.3,16.3,13.5,13.6,10.4,10.9,11.0,11.1,10.7,11.9,0.0529474055771267,0.049625468164794,0.0522657054582904,0.0535655603023332,0.0377622377622377,0.0386144236229415,0.0302765647743813,0.0305921975863036,0.030907558302894,0.0286970010341261,0.0298549107142857,0.0322755627881746,0.3102366086099244,8.881388888888889,0.4791461412151068,0.3103680981595091,0.1421272727272726,1.6676219512195125,-11.364285714285714,0.1975068493150684,0.3511657303370785,0.2942220113851992,0.0001003555760241,0.0312379622567386,0.1289152901813546,1.0359849005056314,6.541682795271916,1.860904522613065,Healthcare,35.0,2.0,21,5.990726775021073,402.286,304.3,7.491836197189798,6.514684542328215,7.469437501798148,6.480601155465984
PKI,2000Q3,2000,Q3,0,0,1,0,431.863,201.376,230.487,149.507,105.963,108.519,51.869,17.608,2.08,21.155,23.235,2255.444,678.212,1792.342,673.981,0.0489854421425313,0.2453625339517393,0.4662960244336745,0.1201052185531059,0.004816342219639,21.359,21.3,21.2,20.3,16.3,13.5,13.6,10.4,10.9,11.0,11.1,10.7,0.0535709359049924,0.0529474055771267,0.049625468164794,0.0522657054582904,0.0535655603023332,0.0377622377622377,0.0386144236229415,0.0302765647743813,0.0305921975863036,0.030907558302894,0.0286970010341261,0.0298549107142857,0.1119026776519054,-0.979961464354528,0.2562445414847161,0.0421182266009851,0.4449933422103864,1.3793119266055045,-2.978426966292135,0.0104647084612012,0.1072413793103448,0.0794729241877256,-0.0627612941793517,-0.0041921819555323,0.1298151958205813,1.1398562791755205,-0.981978156858306,-0.8127719580983078,Healthcare,35.0,3.0,22,6.070421280709689,398.705,388.4,7.721545401764334,6.520933302685586,7.491836197189798,6.514684542328215
PKI,2000Q4,2000,Q4,0,0,0,1,462.413,220.777,241.636,170.958,121.134,71.121,49.819,56.038,36.624,22.303,58.92700000000001,2260.179,728.389,2255.444,678.212,0.0482317754907409,0.2619606282695339,0.477445487042968,0.1077370229643197,0.079201925551401,21.155,21.359,21.3,21.2,20.3,16.3,13.5,13.6,10.4,10.9,11.0,11.1,0.0489854421425313,0.0535709359049924,0.0529474055771267,0.049625468164794,0.0522657054582904,0.0535655603023332,0.0377622377622377,0.0386144236229415,0.0302765647743813,0.0305921975863036,0.030907558302894,0.0286970010341261,0.0824274344569289,0.1165853658536586,0.1072066198595786,0.0520283018867924,-0.1143088418430884,-0.1119607843137254,0.2262144420131289,0.0607374890254608,0.1195378927911274,0.1930076762037682,-0.0280842221865783,0.0342844768645551,0.0228922370348843,-0.1795854507957681,0.0315567864499548,0.0912407407407409,Healthcare,35.0,4.0,23,6.138618665122263,431.863,427.2,7.7236416376538175,6.592207197372461,7.721545401764334,6.520933302685586
PKI,2001Q1,2001,Q1,1,0,0,0,425.697,178.893,246.804,126.706,106.737,80.296,51.194,37.459,23.496,23.856,47.352,2283.128,739.158,2260.179,728.389,0.0560398593365703,0.2507346774818709,0.4202355196301595,0.120259245425737,0.0551941874149923,22.303,21.155,21.359,21.3,21.2,20.3,16.3,13.5,13.6,10.4,10.9,11.0,0.0482317754907409,0.0489854421425313,0.0535709359049924,0.0529474055771267,0.049625468164794,0.0522657054582904,0.0535655603023332,0.0377622377622377,0.0386144236229415,0.0302765647743813,0.0305921975863036,0.030907558302894,0.058194916054747,0.44653081327341,0.0250161866072298,0.1200000000000001,0.166635186772633,0.3265443615257049,0.3714714604766962,0.0836190885980356,0.1155739503966386,-0.0678927428550409,0.0584061433366924,0.0542235021840937,-0.0313540813172841,0.2535916978995147,0.3669795529414281,0.2612737394454361,Healthcare,35.0,1.0,24,6.056074159468512,462.413,402.286,7.733739611237128,6.6068636769209625,7.7236416376538175,6.592207197372461
PKI,2001Q2,2001,Q2,0,1,0,0,390.81,174.923,215.887,122.324,106.421,81.368,53.599,45.675,29.409,20.364,49.773,2272.062,773.262,2283.128,739.158,0.052107162048054,0.2723087945548988,0.4475909009493104,0.1371484864768045,0.0752514009365164,23.856,22.303,21.155,21.359,21.3,21.2,20.3,16.3,13.5,13.6,10.4,10.9,0.0560398593365703,0.0482317754907409,0.0489854421425313,0.0535709359049924,0.0529474055771267,0.049625468164794,0.0522657054582904,0.0535655603023332,0.0377622377622377,0.0386144236229415,0.0302765647743813,0.0305921975863036,-0.0198016077049447,-0.173277485733562,-0.0290686056838365,-0.0465845779296784,0.2953181463616536,0.2251480033829342,0.0492763611302549,-0.0121622549131756,0.1062129039634938,-0.1032687979708381,-0.0273240299466555,0.1285602105236938,-0.0094542064665029,0.249897993113771,-0.1565763413152168,-0.1257465046019814,Healthcare,35.0,2.0,25,5.970777028410864,425.697,398.705,7.728883100207333,6.65191031760308,7.733739611237128,6.6068636769209625
PKI,2001Q3,2001,Q3,0,0,1,0,302.131,139.019,163.112,108.219,89.421,33.3,33.3,28.91,31.219,18.798,50.017,2269.05,812.585,2272.062,773.262,0.0622180444906348,0.2959676431746494,0.4601282225259904,0.1102170912617374,0.1033293505135189,20.364,23.856,22.303,21.155,21.359,21.3,21.2,20.3,16.3,13.5,13.6,10.4,0.052107162048054,0.0560398593365703,0.0482317754907409,0.0489854421425313,0.0535709359049924,0.0529474055771267,0.049625468164794,0.0522657054582904,0.0535655603023332,0.0377622377622377,0.0386144236229415,0.0302765647743813,-0.3004008215568363,14.009134615384616,-0.3096545765135865,-0.1114157409595841,-0.693141293229757,-0.35799803350749,0.6418673330304407,-0.2923158356002725,-0.1561110953823503,-0.2761609824289164,0.2701333655333982,0.2062462773263653,-0.0132272238760239,-0.0823288730538911,20.45390543308646,1.1526576285775767,Healthcare,35.0,3.0,26,5.714165055310286,390.81,431.863,7.727557136664588,6.701450407986223,7.728883100207333,6.65191031760308
PKI,2001Q4,2001,Q4,0,0,0,1,361.218,162.948,198.27,144.202,122.35,94.165,-64.073,-43.78,-49.62,21.852,-27.768,2919.129,1363.557,2269.05,812.585,0.0604953241532814,0.3387151249384028,0.4511070876866601,-0.177380418473055,-0.1373685696726076,18.798,20.364,23.856,22.303,21.155,21.359,21.3,21.2,20.3,16.3,13.5,13.6,0.0622180444906348,0.052107162048054,0.0560398593365703,0.0482317754907409,0.0489854421425313,0.0535709359049924,0.0529474055771267,0.049625468164794,0.0522657054582904,0.0535655603023332,0.0377622377622377,0.0386144236229415,-0.2188411657976743,-2.354849279161206,-0.2619339876889349,-0.0202214948661615,0.3240111921935857,-2.2861157389750897,-1.7812555765730398,-0.1794682911486698,0.010038469793782,-0.1565062763953719,0.2542628492889438,0.2930001243923397,-0.0551652493762865,-2.6464202703261965,-2.734409469419493,-1.4712271115108524,Healthcare,35.0,4.0,27,5.892246240514879,302.131,462.413,7.979383072368696,7.2185851128193255,7.727557136664588,6.701450407986223
PKI,2002Q1,2002,Q1,1,0,0,0,305.078,107.494,197.584,133.163,109.399,12.476,-31.153,-39.5,-29.56,22.264,-7.295999999999999,2894.394,1322.796,2919.129,1363.557,0.0729780580703951,0.3585935400127181,0.3523492352775356,-0.1021148689843253,-0.0968932535286058,21.852,18.798,20.364,23.856,22.303,21.155,21.359,21.3,21.2,20.3,16.3,13.5,0.0604953241532814,0.0622180444906348,0.052107162048054,0.0560398593365703,0.0482317754907409,0.0489854421425313,0.0535709359049924,0.0529474055771267,0.049625468164794,0.0522657054582904,0.0535655603023332,0.0377622377622377,-0.283344726413388,-2.258086482805584,-0.3991156724969674,-0.0667337357478203,-0.8446248879147156,-1.6085283431652146,-2.0544862382871942,-0.1994295068151245,0.0249398053158698,0.0509604912158856,0.3022526989601353,0.4301713014493011,-0.1615434231079971,-1.8491228148224468,-2.7554974185975016,-1.1540800810947796,Healthcare,35.0,1.0,28,5.72383997143118,361.218,425.697,7.970876477465257,7.188258646075785,7.979383072368696,7.2185851128193255
PKI,2002Q2,2002,Q2,0,1,0,0,335.671,148.008,187.663,135.811,113.795,41.049,12.197,4.536,-9.096,22.016,12.919999999999998,2708.557,1223.393,2894.394,1322.796,0.0655880311376317,0.3390075401211305,0.4409317456676329,0.0363361744088705,-0.0270979619925462,22.264,21.852,18.798,20.364,23.856,22.303,21.155,21.359,21.3,21.2,20.3,16.3,0.0729780580703951,0.0604953241532814,0.0622180444906348,0.052107162048054,0.0560398593365703,0.0482317754907409,0.0489854421425313,0.0535709359049924,0.0529474055771267,0.049625468164794,0.0522657054582904,0.0535655603023332,-0.1410890202400143,-1.3092930735489137,-0.153867701788787,0.081123551365154,-0.4955142070592861,-0.7724397843243345,-0.9006896551724138,-0.1307350604714503,0.0692908354554082,0.1102563683332789,0.2587143217883458,0.2449379046874116,-0.0148777717946317,-0.7350596033371758,-1.3600991032101402,-0.7404215136720712,Healthcare,35.0,2.0,29,5.81910619237149,305.078,390.81,7.904540431876606,7.110200489968995,7.970876477465257,7.188258646075785
PKI,2002Q3,2002,Q3,0,0,1,0,366.011,146.755,219.256,130.061,109.556,16.694,16.694,11.963,7.146,20.505,27.651,2599.315,1212.937,2708.557,1223.393,0.0560229064153809,0.2993243372466947,0.4009578947080825,0.0456106510460068,0.0195240033769476,22.016,22.264,21.852,18.798,20.364,23.856,22.303,21.155,21.359,21.3,21.2,20.3,0.0655880311376317,0.0729780580703951,0.0604953241532814,0.0622180444906348,0.052107162048054,0.0560398593365703,0.0482317754907409,0.0489854421425313,0.0535709359049924,0.0529474055771267,0.049625468164794,0.0522657054582904,0.2114314651591531,-0.7711009321246677,0.0556470698249877,0.0908075327162465,-0.4986786786786786,-0.4986786786786786,-0.5861985472154965,0.3442052086909608,0.2251708211717604,0.2018314713682441,-0.0995714045012522,0.0113414224475361,-0.1285953021813732,-0.5861744260906581,-0.8110507490861149,-0.4471679628926165,Healthcare,35.0,3.0,30,5.90539182035744,335.671,302.131,7.863387870517193,7.101624075709448,7.904540431876606,7.110200489968995
PKI,2002Q4,2002,Q4,0,0,0,1,409.581,168.498,241.083,131.697,87.051,93.929,5.111,-0.975,-2.628,21.536,18.908,2836.239,1252.344,2599.315,1212.937,0.0525805640398358,0.2125367143495425,0.4113911533982289,0.0124786061853455,-0.0064163132567184,20.505,22.016,22.264,21.852,18.798,20.364,23.856,22.303,21.155,21.359,21.3,21.2,0.0560229064153809,0.0655880311376317,0.0729780580703951,0.0604953241532814,0.0622180444906348,0.052107162048054,0.0560398593365703,0.0482317754907409,0.0489854421425313,0.0535709359049924,0.0529474055771267,0.049625468164794,0.133888676644021,-0.947037484885127,0.034059945504087,-0.0144609189090243,-0.0025062390484787,-1.0797683891810903,-0.9777295568752856,0.2159328188833409,-0.2885083776052308,-0.0867186308095587,-0.1308325928362886,-0.3725207447166891,-0.088041033653672,-1.0703494009810393,-0.9532912567117025,-1.6809276865456642,Healthcare,35.0,4.0,31,6.017573229768432,366.011,361.218,7.9505866751801655,7.133570458317913,7.863387870517193,7.101624075709448
PKI,2003Q1,2003,Q1,1,0,0,0,358.449,139.169,219.28,120.346,92.879,53.3,19.268,4.921,2.362,20.852,23.214,2752.734,1258.559,2836.239,1252.344,0.0581728502520581,0.259113569852336,0.3882532801040037,0.0537538115603614,0.0065895008773912,21.536,20.505,22.016,22.264,21.852,18.798,20.364,23.856,22.303,21.155,21.359,21.3,0.0525805640398358,0.0560229064153809,0.0655880311376317,0.0729780580703951,0.0604953241532814,0.0622180444906348,0.052107162048054,0.0560398593365703,0.0482317754907409,0.0489854421425313,0.0535709359049924,0.0529474055771267,0.1749421459430049,-1.0799052774018945,0.2946676093549407,-0.0634207689543657,3.2722026290477717,-1.6184958109973355,-1.1245822784810129,0.1098064620617054,-0.1510068647793855,-0.0962504599626022,-0.2028720441431278,-0.2774170727025753,0.1018990286673602,-1.5264053324948463,-1.0680078399415682,-4.181743421052632,Healthcare,35.0,1.0,32,5.8845723033979125,409.581,305.078,7.9207130878409355,7.138516938681228,7.9505866751801655,7.133570458317913
PKI,2003Q2,2003,Q2,0,1,0,0,377.124,152.584,224.54,125.289,97.477,30.023,30.023,15.863,8.398,21.877,30.275,2775.143,1293.479,2752.734,1258.559,0.0580100974745706,0.2584746661575502,0.4045990178296793,0.0796104199149351,0.0222685376693077,20.852,21.536,20.505,22.016,22.264,21.852,18.798,20.364,23.856,22.303,21.155,21.359,0.0581728502520581,0.0525805640398358,0.0560229064153809,0.0655880311376317,0.0729780580703951,0.0604953241532814,0.0622180444906348,0.052107162048054,0.0560398593365703,0.0482317754907409,0.0489854421425313,0.0535709359049924,0.1234929439838414,-1.923262972735268,0.0309172477163395,-0.006313590116279,-0.2686058125654705,1.4615069279330983,2.4971340388007057,0.1965065036794679,-0.1433982160903378,-0.0774753149597603,-0.1155383616739362,-0.2375548164350713,-0.0823998911281398,1.1909411546500115,-1.8217790576071005,1.3432662538699691,Healthcare,35.0,2.0,33,5.93522218415351,358.449,335.671,7.928817833268248,7.165863576580285,7.9207130878409355,7.138516938681228
PKI,2003Q3,2003,Q3,0,0,1,0,367.085,152.54,214.545,118.444,91.686,33.917,33.917,20.63,14.269,20.108,34.377,2589.324,1298.632,2775.143,1293.479,0.0547775038478826,0.2497677649590694,0.4155440837953063,0.0923954942315812,0.0388711061470776,21.877,20.852,21.536,20.505,22.016,22.264,21.852,18.798,20.364,23.856,22.303,21.155,0.0580100974745706,0.0581728502520581,0.0525805640398358,0.0560229064153809,0.0655880311376317,0.0729780580703951,0.0604953241532814,0.0622180444906348,0.052107162048054,0.0560398593365703,0.0482317754907409,0.0489854421425313,0.0029343380390205,0.9967814161768822,0.0394194405642056,-0.019361131431358,1.0316880316281305,1.0316880316281305,0.7244838251274763,-0.0214862991206626,-0.1631129285479571,-0.0893196269442799,-0.0222302384361191,-0.165561453316715,0.0363783561309929,1.025743814495944,0.9909393271757684,0.2432461755451882,Healthcare,35.0,3.0,34,5.908313889758429,377.124,366.011,7.859538243394762,7.169836426452716,7.928817833268248,7.165863576580285
PKI,2003Q4,2003,Q4,0,0,0,1,432.564,184.66,247.904,131.142,104.362,132.265,54.063,39.47,27.93,20.308,48.238,2607.719,1349.05,2589.324,1298.632,0.0469479660813197,0.2412637205130338,0.426896366780407,0.1249826615252309,0.0645684800399478,20.108,21.877,20.852,21.536,20.505,22.016,22.264,21.852,18.798,20.364,23.856,22.303,0.0547775038478826,0.0580100974745706,0.0581728502520581,0.0525805640398358,0.0560229064153809,0.0655880311376317,0.0729780580703951,0.0604953241532814,0.0622180444906348,0.052107162048054,0.0560398593365703,0.0482317754907409,0.0561134427622376,-11.627853881278538,0.0959180524397915,-0.0570208023774145,0.4081380617274748,9.577773429857173,-41.48205128205128,0.028293160446817,0.1988604381339673,-0.0042142190027107,-0.1071231939286299,0.1351625588614597,0.0376897102771895,9.01575493840063,-11.063174514171187,1.551195261265073,Healthcare,35.0,4.0,35,6.072039420848343,367.085,409.581,7.866614575235037,7.207896907783658,7.859538243394762,7.169836426452716
PKI,2004Q1,2004,Q1,1,0,0,0,393.451,151.938,241.513,123.241,95.87,27.537,27.537,17.996,13.271,20.628,33.899,2561.171,1354.676,2607.719,1349.05,0.0524283837123301,0.2436643953122498,0.3861675278497194,0.0699883848306396,0.0337297401709488,20.308,20.108,21.877,20.852,21.536,20.505,22.016,22.264,21.852,18.798,20.364,23.856,0.0469479660813197,0.0547775038478826,0.0580100974745706,0.0581728502520581,0.0525805640398358,0.0560229064153809,0.0655880311376317,0.0729780580703951,0.0604953241532814,0.0622180444906348,0.052107162048054,0.0560398593365703,0.0976484799790207,4.618543607112617,0.0917517550603941,-0.0107423748321503,-0.483358348968105,0.4291571517542036,2.6569802885592355,0.1013909157241883,0.0322031890954899,0.0240556395725657,-0.0987482393391032,-0.0596231781642714,-0.0053721432919394,0.302017155602966,4.118709413436261,0.460282588093392,Healthcare,35.0,1.0,36,5.977494924713446,432.564,358.449,7.848610224960028,7.212055501896999,7.866614575235037,7.207896907783658
PKI,2004Q2,2004,Q2,0,1,0,0,412.614,166.141,246.473,126.991,97.65,39.15,39.15,29.285,20.835,22.264,43.099,2553.843,1367.19,2561.171,1354.676,0.0539584211878414,0.2366618679928456,0.4026547814664553,0.0948828687344588,0.0504951358897177,20.628,20.308,20.108,21.877,20.852,21.536,20.505,22.016,22.264,21.852,18.798,20.364,0.0524283837123301,0.0469479660813197,0.0547775038478826,0.0580100974745706,0.0581728502520581,0.0525805640398358,0.0560229064153809,0.0655880311376317,0.0729780580703951,0.0604953241532814,0.0622180444906348,0.052107162048054,0.0941069780761763,1.480947844724935,0.0888494206469878,0.0176898112172601,0.3040002664623789,0.3040002664623789,0.8461199016579461,0.0976797007214751,0.0017747776398535,0.0135845924223196,-0.0698443281965758,-0.0843904684701629,-0.0048053412824705,0.1918398224232773,1.2675550877916075,0.4235838150289019,Healthcare,35.0,2.0,37,6.024933171750944,393.451,377.124,7.84574605260889,7.221243977427216,7.848610224960028,7.212055501896999
PKI,2004Q3,2004,Q3,0,0,1,0,403.403,160.133,243.27,117.242,89.042,42.891,42.891,34.407,24.014,21.359,45.373000000000005,2559.314,1390.289,2553.843,1367.19,0.0529470529470529,0.2207271636552033,0.396955401918181,0.1063229574395827,0.0595285607692555,22.264,20.628,20.308,20.108,21.877,20.852,21.536,20.505,22.016,22.264,21.852,18.798,0.0539584211878414,0.0524283837123301,0.0469479660813197,0.0547775038478826,0.0580100974745706,0.0581728502520581,0.0525805640398358,0.0560229064153809,0.0655880311376317,0.0729780580703951,0.0604953241532814,0.0622180444906348,0.0989362136834794,0.682949050388955,0.0497771076438968,0.0622140441615277,0.2645870802252557,0.2645870802252557,0.6678138633058652,0.1338879955254144,-0.028837554261283,-0.0101482557157812,-0.0334161064716067,-0.1162704134723916,-0.0447333570661105,0.1507374718197136,0.531434699697398,0.319865026034849,Healthcare,35.0,3.0,38,6.002411905516427,412.614,367.085,7.847885186201945,7.237985934541869,7.84574605260889,7.221243977427216
PKI,2004Q4,2004,Q4,0,0,0,1,478.606,201.22,277.386,137.006,105.147,92.266,64.214,51.786,37.923,23.625,61.548,2575.507,1460.085,2559.314,1390.289,0.0493621057822091,0.2196942788013522,0.4204293301797303,0.1341688152676731,0.0792363656117976,21.359,22.264,20.628,20.308,20.108,21.877,20.852,21.536,20.505,22.016,22.264,21.852,0.0529470529470529,0.0539584211878414,0.0524283837123301,0.0469479660813197,0.0547775038478826,0.0580100974745706,0.0581728502520581,0.0525805640398358,0.0560229064153809,0.0655880311376317,0.0729780580703951,0.0604953241532814,0.1064397407088892,0.3577873254564985,0.0896783277374635,0.1633346464447509,-0.3024156050353456,0.1877624253186096,0.3120344565492781,0.1189250677681683,0.0075218949426036,0.0447148892040689,0.051421603583589,-0.0894019277569597,-0.0151489614433831,0.0734994248829288,0.2271678931078273,0.2759235457523115,Healthcare,35.0,4.0,39,6.172964933500459,403.403,432.564,7.854189884628551,7.286934589387575,7.847885186201945,7.237985934541869
PKI,2005Q1,2005,Q1,1,0,0,0,416.252,169.333,246.919,133.545,102.555,35.594,35.594,27.32,19.829,23.658,43.487,2566.51,1460.69,2575.507,1460.085,0.0568357629512891,0.24637719458405,0.4068040513919452,0.0855107002488877,0.0476370083507106,23.625,21.359,22.264,20.628,20.308,20.108,21.877,20.852,21.536,20.505,22.016,22.264,0.0493621057822091,0.0529470529470529,0.0539584211878414,0.0524283837123301,0.0469479660813197,0.0547775038478826,0.0580100974745706,0.0581728502520581,0.0525805640398358,0.0560229064153809,0.0655880311376317,0.0729780580703951,0.0579513077867384,0.4941601989299977,0.1144874883176032,0.1468877254217568,0.2925881541199115,0.2925881541199115,0.518115136697044,0.0223838882379001,0.0697298424950454,0.0836085393659575,0.0840647551361091,0.0111333429257232,0.0534393030328967,0.2217841639839168,0.4123147142337011,0.2828402017758635,Healthcare,35.0,1.0,40,6.033690355819852,478.606,393.451,7.850691836634466,7.287348579522731,7.854189884628551,7.286934589387575
PKI,2005Q2,2005,Q2,0,1,0,0,425.546,170.975,254.571,128.37,97.673,27.67,27.67,19.779,28.898,22.9,51.798,2492.426,1457.701,2566.51,1460.69,0.0538132187824582,0.2295239527571637,0.4017779511498169,0.0650223477602891,0.0679080522434707,23.658,23.625,21.359,22.264,20.628,20.308,20.108,21.877,20.852,21.536,20.505,22.016,0.0568357629512891,0.0493621057822091,0.0529470529470529,0.0539584211878414,0.0524283837123301,0.0469479660813197,0.0547775038478826,0.0580100974745706,0.0581728502520581,0.0525805640398358,0.0560229064153809,0.0655880311376317,0.0313416413403326,0.3869930405567554,0.0290957680524373,0.0285662953647143,-0.2932311621966793,-0.2932311621966793,-0.3246030390985146,0.032855525757385,0.0002355350742446,0.0108590372546086,-0.0026910054480215,-0.0301608167645227,-0.0021776230085855,-0.3147092976050077,0.3448434398074123,0.201837629643379,Healthcare,35.0,2.0,41,6.055720215746557,416.252,412.614,7.821412947385184,7.285301592633854,7.850691836634466,7.287348579522731
PKI,2005Q3,2005,Q3,0,0,1,0,361.901,157.391,204.51,116.689,87.722,54.549,40.702,34.609,31.833,21.808,53.641,2493.698,1486.105,2492.426,1457.701,0.0602595737508324,0.2423922564458235,0.434900704888906,0.1124672216987518,0.0879605195896115,22.9,23.658,23.625,21.359,22.264,20.628,20.308,20.108,21.877,20.852,21.536,20.505,0.0538132187824582,0.0568357629512891,0.0493621057822091,0.0529470529470529,0.0539584211878414,0.0524283837123301,0.0469479660813197,0.0547775038478826,0.0580100974745706,0.0581728502520581,0.0525805640398358,0.0560229064153809,-0.1028797505224304,0.3256017323228117,-0.0171232662849007,0.0210215834074627,0.2718052738336713,-0.0510363479517848,0.0058708983637052,-0.159329140461216,-0.01482446485928,-0.0047167397349073,0.1381100627279856,0.098153269547119,0.0955908466980532,0.0577886884181202,0.4776187842095467,0.1822229078967665,Healthcare,35.0,3.0,42,5.894130069795278,425.546,403.403,7.821922958775266,7.304586555937657,7.821412947385184,7.285301592633854
PKI,2005Q4,2005,Q4,0,0,0,1,381.561,143.283,238.278,84.751,87.008,182.752,50.712,-1.948,187.549,20.697,208.246,2693.461,1650.513,2493.698,1486.105,0.0542429650829094,0.228031690869874,0.3755179381540566,0.1329066649893464,0.4915308430368932,21.808,22.9,23.658,23.625,21.359,22.264,20.628,20.308,20.108,21.877,20.852,21.536,0.0602595737508324,0.0538132187824582,0.0568357629512891,0.0493621057822091,0.0529470529470529,0.0539584211878414,0.0524283837123301,0.0469479660813197,0.0547775038478826,0.0580100974745706,0.0581728502520581,0.0525805640398358,-0.2027659494448461,3.945521187669752,-0.2879286353245205,-0.123936507936508,0.9807079530921464,-0.210265674152054,-1.0376163441856872,-0.1409876489801216,-0.1725108657403445,-0.3814066537231946,0.0988786686336906,0.0379500645807004,-0.1068226900498935,-0.0094071806165144,5.203349172336453,2.3834730616754403,Healthcare,35.0,4.0,43,5.946888117675649,361.901,478.606,7.898953463340431,7.409447116431713,7.821922958775266,7.304586555937657
PKI,2006Q1,2006,Q1,1,0,0,0,355.454,141.687,213.767,112.695,89.853,46.434,28.992,29.165,23.617,22.842,46.459,2496.098,1576.255,2693.461,1650.513,0.064261479685135,0.2527837638625532,0.3986085400642559,0.0815632965165675,0.0664417899362505,20.697,21.808,22.9,23.658,23.625,21.359,22.264,20.628,20.308,20.108,21.877,20.852,0.0542429650829094,0.0602595737508324,0.0538132187824582,0.0568357629512891,0.0493621057822091,0.0529470529470529,0.0539584211878414,0.0524283837123301,0.0469479660813197,0.0547775038478826,0.0580100974745706,0.0581728502520581,-0.1460605594687833,0.1910333350143729,-0.1632641009135843,-0.034491503931017,0.3045457099511153,-0.1854806989942125,0.067532942898975,-0.1342626529347681,-0.1238554921749306,-0.1561271481523082,0.1306521870782331,0.0260030937088928,-0.0201460907275803,-0.046162687486254,0.394751522746692,0.0683422632050958,Healthcare,35.0,1.0,44,5.876205199270908,381.561,416.252,7.822884536606142,7.363441273320391,7.898953463340431,7.409447116431713
PKI,2006Q2,2006,Q2,0,1,0,0,377.001,151.589,225.412,116.186,92.655,52.554,35.693,33.879,24.485,25.036,49.521,2535.562,1600.977,2496.098,1576.255,0.066408311914292,0.245768578863186,0.402091771639863,0.0946761414425956,0.0649467773295031,22.842,20.697,21.808,22.9,23.658,23.625,21.359,22.264,20.628,20.308,20.108,21.877,0.064261479685135,0.0542429650829094,0.0602595737508324,0.0538132187824582,0.0568357629512891,0.0493621057822091,0.0529470529470529,0.0539584211878414,0.0524283837123301,0.0469479660813197,0.0547775038478826,0.0580100974745706,-0.1140769740521588,-0.1527095300712851,-0.1133849978066968,0.0932751091703059,0.8993133357426815,0.2899530177087097,0.7128772940998027,-0.1145417192060368,-0.0513755080728554,-0.094913141699774,0.2340520306497515,0.0707752977886762,0.000781079422472,0.4560554133115577,-0.0436071248715922,-0.0439592262249507,Healthcare,35.0,2.0,45,5.934896841118734,355.454,425.546,7.838564899838314,7.378993770471558,7.822884536606142,7.363441273320391
PKI,2006Q3,2006,Q3,0,0,1,0,386.917,155.941,230.976,119.426,94.664,53.665,36.515,36.738,29.753,24.762,54.515,2501.269,1556.647,2535.562,1600.977,0.0639982218408599,0.2446622919127358,0.4030347593928414,0.0943742456392456,0.0768976292072976,25.036,22.842,20.697,21.808,22.9,23.658,23.625,21.359,22.264,20.628,20.308,20.108,0.066408311914292,0.064261479685135,0.0542429650829094,0.0602595737508324,0.0538132187824582,0.0568357629512891,0.0493621057822091,0.0529470529470529,0.0539584211878414,0.0524283837123301,0.0469479660813197,0.0547775038478826,0.0691238764192416,-0.065340998335061,-0.009212724996982,0.135454878943507,-0.016205613301802,-0.1028696378556335,0.0615157906902827,0.1294117647058823,0.0791363626000321,0.0234555099452391,0.0620423918942154,0.0093651319567613,-0.0732717724709245,-0.1608733263454218,-0.1257710895061652,0.0162935068324603,Healthcare,35.0,3.0,46,5.960791399213883,377.001,361.901,7.82495319923645,7.350931628230377,7.838564899838314,7.378993770471558
PKI,2006Q4,2006,Q4,0,0,0,1,426.986,178.854,248.132,130.002,99.677,67.585,52.202,50.954,41.728,27.079,68.807,2510.322,1577.73,2501.269,1556.647,0.0634189411362433,0.2334432510667797,0.4188755603228209,0.1222569358245937,0.0977268575550486,24.762,25.036,22.842,20.697,21.808,22.9,23.658,23.625,21.359,22.264,20.628,20.308,0.0639982218408599,0.066408311914292,0.064261479685135,0.0542429650829094,0.0602595737508324,0.0538132187824582,0.0568357629512891,0.0493621057822091,0.0529470529470529,0.0539584211878414,0.0524283837123301,0.0469479660813197,0.119050427061466,-0.7775088110307173,0.2482569460438435,0.3083538677102961,-0.6301818858343549,0.0293816059315348,-27.157084188911707,0.0413550558591226,0.1456073004781171,0.5339288031999623,0.1691643522677752,0.0237316145675288,0.1154608548979005,-0.0801293837717341,-0.8011785853533642,-0.6695878912440094,Healthcare,35.0,4.0,47,6.05909048476643,386.917,381.561,7.828564586698727,7.36437600533426,7.82495319923645,7.350931628230377
PKI,2007Q1,2007,Q1,1,0,0,0,402.9,158.69,244.21,129.606,101.765,57.282,23.144,20.378,14.692,27.841,42.533,2497.97,1541.824,2510.322,1577.73,0.0691015140233308,0.2525812856788285,0.3938694465127823,0.0574435343757756,0.0364656242243732,27.079,24.762,25.036,22.842,20.697,21.808,22.9,23.658,23.625,21.359,22.264,20.628,0.0634189411362433,0.0639982218408599,0.066408311914292,0.064261479685135,0.0542429650829094,0.0602595737508324,0.0538132187824582,0.0568357629512891,0.0493621057822091,0.0529470529470529,0.0539584211878414,0.0524283837123301,0.1334800002250642,-0.3779057458610323,0.1200039523738945,0.2188512389458017,0.2336219149760952,-0.201710816777042,-0.3012857877593005,0.1424120654731553,0.132572089969172,0.1500598961799548,0.0753178165506107,-0.0008009936264532,-0.0118890918661943,-0.2957183337470009,-0.4511643310729396,-0.0845046169741062,Healthcare,35.0,1.0,48,6.001167322569367,426.986,355.454,7.823633925960974,7.341369782344786,7.828564586698727,7.36437600533426
PKI,2007Q2,2007,Q2,0,1,0,0,437.29,173.978,263.312,121.327,109.357,48.104,48.104,44.674,33.687,27.316,61.003,2532.469,1496.306,2497.97,1541.824,0.0624665553751514,0.2500788950124631,0.3978549703857851,0.1100048023051064,0.0770358343433419,27.841,27.079,24.762,25.036,22.842,20.697,21.808,22.9,23.658,23.625,21.359,22.264,0.0691015140233308,0.0634189411362433,0.0639982218408599,0.066408311914292,0.064261479685135,0.0542429650829094,0.0602595737508324,0.0538132187824582,0.0568357629512891,0.0493621057822091,0.0529470529470529,0.0539584211878414,0.1599173476993431,0.3758219317949764,0.1476954132555792,0.0910688608403897,-0.0846748106709289,0.3477152382820161,0.3186339620413827,0.1681365677071318,0.1802601046894392,0.0442480161120959,-0.0593563731032319,0.0175381090992778,-0.0105369011576605,0.1619062694037327,0.186137904156596,0.231861230589043,Healthcare,35.0,2.0,49,6.082880791741261,402.9,377.001,7.837344788804001,7.311422772348628,7.823633925960974,7.341369782344786
PKI,2007Q3,2007,Q3,0,0,1,0,435.668,178.501,257.167,134.097,106.406,45.836,45.836,40.556,30.745,27.691,58.436,2591.358,1536.237,2532.469,1496.306,0.0635598666874776,0.2442364369198564,0.4097179503658749,0.1052085533020556,0.0705697916762305,27.316,27.841,27.079,24.762,25.036,22.842,20.697,21.808,22.9,23.658,23.625,21.359,0.0624665553751514,0.0691015140233308,0.0634189411362433,0.0639982218408599,0.066408311914292,0.064261479685135,0.0542429650829094,0.0602595737508324,0.0538132187824582,0.0568357629512891,0.0493621057822091,0.0529470529470529,0.1259985991827705,0.0333411756797634,0.1446700995889471,0.1182860835150634,-0.1458865182148514,0.2552649596056415,0.1039250911862377,0.1133927334441673,0.1240387053156426,0.1228459464438229,-0.0068494895760125,-0.0017405828644461,0.0165821701907338,0.1148015286312877,-0.082289110812621,0.0719251582133357,Healthcare,35.0,3.0,50,6.0791731809575404,437.29,386.917,7.860323165218802,7.337741928138202,7.837344788804001,7.311422772348628
PKI,2007Q4,2007,Q4,0,0,0,1,511.473,213.571,297.902,155.655,126.884,-14.076,51.082,45.681,52.562,28.771,81.333,2949.337,1575.277,2591.358,1536.237,0.056251258619712,0.2480756559974817,0.4175606532505137,0.0998723295266807,0.1027659329035941,27.691,27.316,27.841,27.079,24.762,25.036,22.842,20.697,21.808,22.9,23.658,23.625,0.0635598666874776,0.0624665553751514,0.0691015140233308,0.0634189411362433,0.0639982218408599,0.066408311914292,0.064261479685135,0.0542429650829094,0.0602595737508324,0.0538132187824582,0.0568357629512891,0.0493621057822091,0.1978683141836033,0.2596338190184049,0.194108043432073,0.062483843568817,-1.2082710660649552,-0.0214551166621967,-0.1034854967225341,0.2005787242274272,0.2729516337770998,0.1973277334194858,-0.1130211635216815,0.0626807794349824,-0.0031391353348326,-0.1830947761526509,0.0515628505266017,0.1820454314241282,Healthcare,35.0,4.0,51,6.23924802669794,435.668,426.986,7.989674680097419,7.362821016394915,7.860323165218802,7.337741928138202
PKI,2008Q1,2008,Q1,1,0,0,0,482.343,197.577,284.766,161.195,132.077,36.382,36.382,31.072,20.138,29.118,49.256,3078.603,1617.919,2949.337,1575.277,0.0603678295320964,0.2738238141737311,0.4096192958123161,0.0754276521064885,0.0417503726601194,28.771,27.691,27.316,27.841,27.079,24.762,25.036,22.842,20.697,21.808,22.9,23.658,0.056251258619712,0.0635598666874776,0.0624665553751514,0.0691015140233308,0.0634189411362433,0.0639982218408599,0.066408311914292,0.064261479685135,0.0542429650829094,0.0602595737508324,0.0538132187824582,0.0568357629512891,0.1971779597915117,0.3706779199564389,0.2450500976747116,0.0458676053302682,-0.3648615620962955,0.5719840995506396,0.5247816272450683,0.1660701854960895,0.2978627229401072,0.2437310001080197,-0.1263891915347272,0.0841017513938611,0.0399874868156919,0.3130747076436324,0.1449241182114164,0.1580655020807373,Healthcare,35.0,1.0,52,6.180726546546513,511.473,402.9,8.032555971555908,7.389513921542788,7.989674680097419,7.362821016394915
PKI,2008Q2,2008,Q2,0,1,0,0,528.636,219.64,308.996,172.912,143.022,47.033,47.033,42.085,23.706,29.89,53.596,3076.468,1655.5,3078.603,1617.919,0.0565417413872683,0.270549111297755,0.4154843786650928,0.0889704825248375,0.0448437109844959,29.118,28.771,27.691,27.316,27.841,27.079,24.762,25.036,22.842,20.697,21.808,22.9,0.0603678295320964,0.056251258619712,0.0635598666874776,0.0624665553751514,0.0691015140233308,0.0634189411362433,0.0639982218408599,0.066408311914292,0.064261479685135,0.0542429650829094,0.0602595737508324,0.0538132187824582,0.2088911248828007,-0.2962864012823938,0.2624584717607972,0.0942304876262996,-0.0222642607683352,-0.0222642607683352,-0.0579531718673053,0.1734975998055536,0.307844948197189,0.4251732920124953,-0.094847778179873,0.08185503332567,0.0443111424804196,-0.1912127410758731,-0.417885048344755,-0.1214202580200972,Healthcare,35.0,2.0,53,6.272189978143362,482.343,437.29,8.031862459954183,7.4124622217399505,8.032555971555908,7.389513921542788
PKI,2008Q3,2008,Q3,0,0,1,0,505.117,211.16,293.957,158.644,131.118,84.042,45.302,39.252,51.902,27.526,79.428,3021.258,1635.084,3076.468,1655.5,0.0544943052797668,0.2595794637678003,0.4180417606217965,0.089686151921238,0.1027524316148535,29.89,29.118,28.771,27.691,27.316,27.841,27.079,24.762,25.036,22.842,20.697,21.808,0.0565417413872683,0.0603678295320964,0.056251258619712,0.0635598666874776,0.0624665553751514,0.0691015140233308,0.0634189411362433,0.0639982218408599,0.066408311914292,0.064261479685135,0.0542429650829094,0.0602595737508324,0.1594080813830716,0.688144413725809,0.1829625604338349,-0.0059586147123613,0.8335369578497251,-0.0116502312592721,-0.032153072295098,0.1430587905913278,0.2322425427137566,0.1830540578834723,-0.1426302772516171,0.0628203843842456,0.0203159521043401,-0.1475393482148977,0.4560398886576691,0.3592306112670271,Healthcare,35.0,3.0,54,6.226767867855459,528.636,435.668,8.013759513113092,7.400060860587873,8.031862459954183,7.4124622217399505
PKI,2008Q4,2008,Q4,0,0,0,1,421.369,201.728,219.641,138.194,116.666,105.338,64.253,34.952,30.663,21.528,52.191,2931.767,1567.943,3021.258,1635.084,0.0510906117915651,0.2768737140131334,0.4787442835139747,0.1524863006058822,0.0727699474807116,27.526,29.89,29.118,28.771,27.691,27.316,27.841,27.079,24.762,25.036,22.842,20.697,0.0544943052797668,0.0565417413872683,0.0603678295320964,0.056251258619712,0.0635598666874776,0.0624665553751514,0.0691015140233308,0.0634189411362433,0.0639982218408599,0.066408311914292,0.064261479685135,0.0542429650829094,-0.1761657018063513,-0.4166317872227084,-0.055452285188532,-0.2517465503458344,-8.483518044899117,0.2578403351474101,-0.2348678881810818,-0.2627071990117555,-0.0805302481006273,-0.1121775721949183,-0.0917427797133509,0.1160857880224408,0.1465263304556479,0.5268122945419602,-0.2918864703055049,-0.358304747150603,Healthcare,35.0,4.0,55,6.045879339547348,505.117,511.473,7.983701624976309,7.35815742320123,8.013759513113092,7.400060860587873
PKI,2009Q1,2009,Q1,1,0,0,0,431.574,187.955,243.619,154.387,128.414,55.646,25.745,20.908,10.559,25.973,36.532,2858.493,1512.401,2931.767,1567.943,0.0601820313549935,0.2975480450629555,0.4355104802420906,0.0596537326159592,0.024466256076594,21.528,27.526,29.89,29.118,28.771,27.691,27.316,27.841,27.079,24.762,25.036,22.842,0.0510906117915651,0.0544943052797668,0.0565417413872683,0.0603678295320964,0.056251258619712,0.0635598666874776,0.0624665553751514,0.0691015140233308,0.0634189411362433,0.0639982218408599,0.066408311914292,0.064261479685135,-0.1052549741573942,-0.4756678915483167,-0.0487000005061317,-0.1080087918126244,0.5294926062338521,-0.2923698532241218,-0.3271112255406796,-0.1444940758377053,-0.0277338219372034,-0.0422345606253294,-0.0030777680520066,0.0866404953156203,0.0632079218300243,-0.2091264814694178,-0.4139871211265964,-0.2583238590222512,Healthcare,35.0,1.0,56,6.069753410002191,421.369,482.343,7.958399615371959,7.322114715024046,7.983701624976309,7.35815742320123
PKI,2009Q2,2009,Q2,0,1,0,0,434.575,187.473,247.102,149.53,123.962,60.397,37.943,33.762,21.505,25.568,47.073,2945.873,1574.332,2858.493,1512.401,0.0588344934706322,0.2852488063050106,0.4313938905827533,0.0873105908071103,0.0494851291491687,25.973,21.528,27.526,29.89,29.118,28.771,27.691,27.316,27.841,27.079,24.762,25.036,0.0601820313549935,0.0510906117915651,0.0544943052797668,0.0565417413872683,0.0603678295320964,0.056251258619712,0.0635598666874776,0.0624665553751514,0.0691015140233308,0.0634189411362433,0.0639982218408599,0.066408311914292,-0.1779315067456623,-0.0928456930734835,-0.1464532871972317,-0.1445968551354968,0.2841409223311291,-0.193268556120171,-0.1977664250920755,-0.2003068000880269,-0.1332662107927451,-0.135224854261127,0.040549725337609,0.0543328157196487,0.0382914803410323,-0.0186566563496353,0.1035020979034826,-0.121706843794313,Healthcare,35.0,2.0,57,6.076666997308969,431.574,528.636,7.988499887136545,7.3622213226966675,7.958399615371959,7.322114715024046
PKI,2009Q3,2009,Q3,0,0,1,0,437.065,187.57,249.495,148.767,121.431,62.123,26.42,21.599,13.589,27.336,40.925,3058.786,1601.758,2945.873,1574.332,0.0625444727900884,0.2778328166291055,0.4291581343736057,0.0604486746822555,0.0310914852481896,25.568,25.973,21.528,27.526,29.89,29.118,28.771,27.691,27.316,27.841,27.079,24.762,0.0588344934706322,0.0601820313549935,0.0510906117915651,0.0544943052797668,0.0565417413872683,0.0603678295320964,0.056251258619712,0.0635598666874776,0.0624665553751514,0.0691015140233308,0.0634189411362433,0.0639982218408599,-0.1347252220772613,-0.7381796462564063,-0.1117162341352528,-0.0069025648477802,-0.2608100711548987,-0.4168027901637896,-0.4497350453480078,-0.1512534146150627,-0.0738800164737106,-0.0622588941277325,0.1477249314216049,0.0703189404753268,0.0265915389296866,-0.3259976775975265,-0.6974136304167508,-0.4847534874351614,Healthcare,35.0,3.0,58,6.082367301192469,434.575,505.117,8.026100257860362,7.379481174275905,7.988499887136545,7.3622213226966675
PKI,2009Q4,2009,Q4,0,0,0,1,508.988,216.796,292.192,159.266,130.892,83.333,57.505,54.408,39.946,28.374,68.32,3064.242,1628.957,3058.786,1601.758,0.0557459114949664,0.2571612690279535,0.4259353855100709,0.1129790879156286,0.0784812215612155,27.336,25.568,25.973,21.528,27.526,29.89,29.118,28.771,27.691,27.316,27.841,27.079,0.0625444727900884,0.0588344934706322,0.0601820313549935,0.0510906117915651,0.0544943052797668,0.0565417413872683,0.0603678295320964,0.056251258619712,0.0635598666874776,0.0624665553751514,0.0691015140233308,0.0634189411362433,0.2079388849203429,0.3027427192381697,0.074694638324873,0.3180044593088071,-0.2088989728303176,-0.1050223335875367,0.5566491187914855,0.3303162888531741,0.1219378396447978,0.1524812944122031,0.0911184959458628,-0.0711965202454893,-0.1103071092907623,-0.2590869640962985,0.0784839659533589,0.3090379567358354,Healthcare,35.0,4.0,59,6.234387196029786,437.065,421.369,8.027881801207778,7.3963089130847415,8.026100257860362,7.379481174275905
PKI,2010Q1,2010,Q1,1,0,0,0,465.092,198.632,266.46,159.183,132.094,63.219,39.449,36.06,24.391,27.089,51.48,3027.024,1631.404,3064.242,1628.957,0.0582443903571766,0.2840169256835206,0.4270810936330876,0.0848197775923903,0.0524433875448298,28.374,27.336,25.568,25.973,21.528,27.526,29.89,29.118,28.771,27.691,27.316,27.841,0.0557459114949664,0.0625444727900884,0.0588344934706322,0.0601820313549935,0.0510906117915651,0.0544943052797668,0.0565417413872683,0.0603678295320964,0.056251258619712,0.0635598666874776,0.0624665553751514,0.0691015140233308,0.0776645488375109,1.309972535277962,0.0568061504083423,0.0429676972240402,0.1360924415052296,0.5322975335016507,0.7246986799311268,0.093757055073701,0.028657311508091,0.0310647917246917,-0.0321963375810205,-0.0454754101193035,-0.0193551865946308,0.4218687393535931,1.143498677552078,0.4091755173546481,Healthcare,35.0,1.0,60,6.14438303953262,508.988,431.574,8.015665540549707,7.397809053908457,8.027881801207778,7.3963089130847415
PKI,2010Q2,2010,Q2,0,1,0,0,497.839,212.804,285.035,160.333,133.294,42.621,42.621,63.992,57.643,27.039,84.682,3146.039,1643.692,3027.024,1631.404,0.054312739660814,0.2677451947316301,0.4274554625089637,0.0856120151293892,0.1157864289459042,27.089,28.374,27.336,25.568,25.973,21.528,27.526,29.89,29.118,28.771,27.691,27.316,0.0582443903571766,0.0557459114949664,0.0625444727900884,0.0588344934706322,0.0601820313549935,0.0510906117915651,0.0544943052797668,0.0565417413872683,0.0603678295320964,0.056251258619712,0.0635598666874776,0.0624665553751514,0.1455767128804004,1.6804464078121368,0.135118123676476,0.0575328535669588,-0.294319254267596,0.1232901984555783,0.8953853444701143,0.153511505370252,0.0752811345412305,0.0722463719654917,-0.0768554897489729,-0.0613626111187448,-0.0091295406814159,-0.0194544059548711,1.3398227090986428,0.7989505661419498,Healthcare,35.0,2.0,61,6.212283398399747,465.092,434.575,8.054217289742622,7.405308411626438,8.015665540549707,7.397809053908457
PKI,2010Q3,2010,Q3,0,0,1,0,419.143,185.783,233.36,144.366,120.552,58.961,41.417,34.737,13.391,23.814,37.205,3248.011,1707.035,3146.039,1643.692,0.0568159315555788,0.2876154438938501,0.4432449068694932,0.0988135314200642,0.0319485235349272,27.039,27.089,28.374,27.336,25.568,25.973,21.528,27.526,29.89,29.118,28.771,27.691,0.054312739660814,0.0582443903571766,0.0557459114949664,0.0625444727900884,0.0588344934706322,0.0601820313549935,0.0510906117915651,0.0544943052797668,0.0565417413872683,0.0603678295320964,0.056251258619712,0.0635598666874776,-0.0410053424547837,-0.0145706085804695,-0.0095271098789785,-0.1288410886742756,-0.0508990229061699,0.5676381529144587,0.6082689013380249,-0.0646706346820576,-0.0072386787558366,-0.0295831736877129,-0.0915914864889124,0.0352104815530267,0.0328242001434935,0.6346682857725356,0.027565048111926,-0.0908979841172876,Healthcare,35.0,3.0,62,6.040595129519025,497.839,437.065,8.086105921320494,7.44309886594184,8.054217289742622,7.405308411626438
PKI,2010Q4,2010,Q4,0,0,0,1,469.97,208.329,261.641,150.878,125.266,81.034,48.321,44.853,288.494,25.612,314.10600000000005,3209.373,1925.818,3248.011,1707.035,0.054497095559291,0.2665404174734557,0.4432814860523012,0.1028172010979424,0.6138562035874631,23.814,27.039,27.089,28.374,27.336,25.568,25.973,21.528,27.526,29.89,29.118,28.771,0.0568159315555788,0.054312739660814,0.0582443903571766,0.0557459114949664,0.0625444727900884,0.0588344934706322,0.0601820313549935,0.0510906117915651,0.0544943052797668,0.0565417413872683,0.0603678295320964,0.056251258619712,-0.0766579958663071,6.22209983477695,-0.0390551486189781,-0.0973426376259956,-0.0275881103524413,-0.1597078514911747,-0.1756175562417291,-0.1045579618880735,-0.0429820004278335,-0.0526666080644958,-0.0224019287188125,0.0364718547274034,0.040724722885979,-0.0899448473621509,6.821695322474733,3.5975702576112427,Healthcare,35.0,4.0,63,6.154794397720336,419.143,508.988,8.074142408750385,7.563625216626485,8.086105921320494,7.44309886594184
PKI,2011Q1,2011,Q1,1,0,0,0,447.864,200.221,247.643,160.879,134.562,63.617,39.342,33.586,23.522,26.317,49.839,3306.1,1907.932,3209.373,1925.818,0.0587611417751817,0.3004528160334387,0.4470575889109194,0.0878436311022989,0.0525204079809942,25.612,23.814,27.039,27.089,28.374,27.336,25.568,25.973,21.528,27.526,29.89,29.118,0.054497095559291,0.0568159315555788,0.054312739660814,0.0582443903571766,0.0557459114949664,0.0625444727900884,0.0588344934706322,0.0601820313549935,0.0510906117915651,0.0544943052797668,0.0565417413872683,0.0603678295320964,-0.0370421335993739,-0.0356278955352383,0.0079997180716098,-0.0284986525896119,0.0062955756971796,-0.002712362797536,-0.0686078757626179,-0.070618479321474,0.018683664663043,0.0106544040506837,0.0088721233896722,0.0578694044742691,0.0467744781392591,0.0356503352843013,0.0014686396087315,-0.0318764568764567,Healthcare,35.0,1.0,64,6.106719946537261,469.97,465.092,8.103826951411817,7.554299202347469,8.074142408750385,7.563625216626485
PKI,2011Q2,2011,Q2,0,1,0,0,479.491,209.005,270.486,168.175,140.01,67.961,37.49,33.219,28.553,28.165,56.718,3595.859,1956.461,3306.1,1907.932,0.0587393715419058,0.2919971386324247,0.4358893076199553,0.0781870775468152,0.0595485629553005,26.317,25.612,23.814,27.039,27.089,28.374,27.336,25.568,25.973,21.528,27.526,29.89,0.0587611417751817,0.054497095559291,0.0568159315555788,0.054312739660814,0.0582443903571766,0.0557459114949664,0.0625444727900884,0.0588344934706322,0.0601820313549935,0.0510906117915651,0.0544943052797668,0.0565417413872683,-0.036855288557144,-0.5046579810211127,-0.0178521080430819,0.0416435519065052,0.59454259637268,-0.1203866638511531,-0.4808882360295037,-0.0510428543863035,0.0503848635347425,0.0489107045960595,0.0815026439236246,0.09057844688904,0.0197303481899349,-0.086727751605336,-0.4857034326266181,-0.3302236602819961,Healthcare,35.0,2.0,65,6.174808497745856,447.864,497.839,8.187816243594533,7.579403504294838,8.103826951411817,7.554299202347469
PKI,2011Q3,2011,Q3,0,0,1,0,453.74,199.547,254.193,165.339,135.105,62.874,34.208,30.292,35.319,30.234,65.553,3401.938,1945.14,3595.859,1956.461,0.0666328734517565,0.2977586282893286,0.4397826949354255,0.0753911931943403,0.077839732005113,28.165,26.317,25.612,23.814,27.039,27.089,28.374,27.336,25.568,25.973,21.528,27.526,0.0587393715419058,0.0587611417751817,0.054497095559291,0.0568159315555788,0.054312739660814,0.0582443903571766,0.0557459114949664,0.0625444727900884,0.0588344934706322,0.0601820313549935,0.0510906117915651,0.0544943052797668,0.0825422349890134,1.6375177357926969,0.0740864341732021,0.269589317208365,0.0663659028849579,-0.1740589612960862,-0.1279615395687595,0.0892740829619471,0.1207196894286282,0.1452765886704625,0.1727850204581162,0.0352664803327531,-0.0078110585827602,-0.2370357367975613,1.4364109321050789,0.7619405993818036,Healthcare,35.0,3.0,66,6.119725827051993,479.491,419.143,8.132394455116597,7.57360320260426,8.187816243594533,7.579403504294838
PKI,2011Q4,2011,Q4,0,0,0,1,540.192,241.806,298.386,248.6,217.495,25.939,-19.912,-32.743,-79.739,31.105,-48.634,3834.198,1842.216,3401.938,1945.14,0.0575813784728392,0.4026253628339553,0.4476297316509686,-0.0368609679521355,-0.1476123304306617,30.234,28.165,26.317,25.612,23.814,27.039,27.089,28.374,27.336,25.568,25.973,21.528,0.0666328734517565,0.0587393715419058,0.0587611417751817,0.054497095559291,0.0568159315555788,0.054312739660814,0.0582443903571766,0.0557459114949664,0.0625444727900884,0.0588344934706322,0.0601820313549935,0.0510906117915651,0.149418047960508,-1.2763974294092773,0.1606929424132022,0.2144697797907231,-0.6798997951477158,-1.4120775646199375,-1.7300069114663457,0.1404405272873898,0.7362652275956763,0.6476888611991147,0.0565953631454116,0.5105602619312024,0.0098092199550023,-1.358509739212043,-1.2404672781149628,-1.1548330818258803,Healthcare,35.0,4.0,67,6.293774114221377,453.74,469.97,8.251976342194794,7.519267151019452,8.132394455116597,7.57360320260426
PKI,2012Q1,2012,Q1,1,0,0,0,510.89,232.014,278.876,189.473,156.849,74.758,36.382,23.552,22.569,32.624,55.193,3864.238,1882.583,3834.198,1842.216,0.0638571903932353,0.3070112940163244,0.4541368983538531,0.0712129812679833,0.0441758499872771,31.105,30.234,28.165,26.317,25.612,23.814,27.039,27.089,28.374,27.336,25.568,25.973,0.0575813784728392,0.0666328734517565,0.0587393715419058,0.0587611417751817,0.054497095559291,0.0568159315555788,0.054312739660814,0.0582443903571766,0.0557459114949664,0.0625444727900884,0.0588344934706322,0.0601820313549935,0.1407257560330814,-0.0405152623076269,0.1587895375609951,0.2396549758711099,0.1751261455271389,-0.0752376594987545,-0.2987554338117072,0.1261210694427057,0.1656262540687563,0.1777360625066044,0.0867248059534122,0.0218286454075229,0.0158353411697578,-0.1893210654617435,-0.1588822005483431,0.1074259114348201,Healthcare,35.0,1.0,68,6.238109758207283,540.192,447.864,8.259778537392153,7.540931093057914,8.251976342194794,7.519267151019452
PKI,2012Q2,2012,Q2,0,1,0,0,521.79,238.794,282.996,183.804,149.735,87.296,49.787,38.429,33.633,34.069,67.702,3800.937,1885.33,3864.238,1882.583,0.0652925506429789,0.2869641043331609,0.4576438797217272,0.0954157802947546,0.064456965445869,32.624,31.105,30.234,28.165,26.317,25.612,23.814,27.039,27.089,28.374,27.336,25.568,0.0638571903932353,0.0575813784728392,0.0666328734517565,0.0587393715419058,0.0587611417751817,0.054497095559291,0.0568159315555788,0.054312739660814,0.0582443903571766,0.0557459114949664,0.0625444727900884,0.0588344934706322,0.0882164628741728,0.1779147550169859,0.1425276907251023,0.2096218711166342,0.2845014052176984,0.3280074686583087,0.1568379541828473,0.0462500831836028,0.0694593243339762,0.0929329567414893,0.1115636570336457,-0.0172365877379354,0.0499084784175054,0.2203523048629547,0.0824268839913562,0.1936598610670332,Healthcare,35.0,2.0,69,6.259179853793602,510.89,479.491,8.24326595268489,7.5423884213761925,8.259778537392153,7.540931093057914
PKI,2012Q3,2012,Q3,0,0,1,0,509.604,230.74,278.864,177.85,145.442,83.592,43.218,31.346,29.594,32.408,62.002,3889.971,1942.44,3800.937,1885.33,0.0635944772803981,0.2854019984144552,0.4527829451888133,0.084807026632444,0.0580725426017064,34.069,32.624,31.105,30.234,28.165,26.317,25.612,23.814,27.039,27.089,28.374,27.336,0.0652925506429789,0.0638571903932353,0.0575813784728392,0.0666328734517565,0.0587393715419058,0.0587611417751817,0.054497095559291,0.0568159315555788,0.054312739660814,0.0582443903571766,0.0557459114949664,0.0625444727900884,0.1231189668091858,-0.162094057023132,0.1563190626769635,0.0719058014156248,0.3295161752075579,0.2633886810102901,0.0347946652581538,0.0970561738521516,0.0765108619222088,0.0756687774814168,-0.0455990566511926,-0.0414988138072246,0.0295606225599591,0.1248930152071197,-0.2539472952207517,-0.0541699083184598,Healthcare,35.0,3.0,70,6.235594338697576,521.79,453.74,8.266414019859889,7.572214877677828,8.24326595268489,7.5423884213761925
PKI,2012Q4,2012,Q4,0,0,0,1,572.921,261.658,311.263,214.246,180.708,79.241,-30.844,-42.74,-15.856,33.538,17.681999999999995,3901.762,1939.812,3889.971,1942.44,0.0585386117806817,0.3154152143140153,0.456708691076082,-0.0538363928011017,-0.0276757179436606,32.408,34.069,32.624,31.105,30.234,28.165,26.317,25.612,23.814,27.039,27.089,28.374,0.0635944772803981,0.0652925506429789,0.0638571903932353,0.0575813784728392,0.0666328734517565,0.0587393715419058,0.0587611417751817,0.054497095559291,0.0568159315555788,0.054312739660814,0.0582443903571766,0.0557459114949664,0.0605877169598958,-0.8011512559726106,0.0820988726499756,0.0782189358624014,2.054898029993446,0.549015668943351,0.305317167028067,0.0431555099770095,-0.169139520448746,-0.1381898632341109,0.0166240081990054,-0.2166037129556239,0.0202822975847203,0.4605257482931271,-0.8125107986377816,-1.363572809145865,Healthcare,35.0,4.0,71,6.352491756185577,509.604,540.192,8.269439786587029,7.570861721187983,8.266414019859889,7.572214877677828
PKI,2013Q1,2013,Q1,1,0,0,0,505.378,224.885,280.493,185.674,151.497,69.435,35.901,23.861,32.216,34.177,66.393,3808.146,1834.423,3901.762,1939.812,0.0676266082021773,0.2997696773504189,0.4449837547340802,0.0710379161736363,0.0637463443204888,33.538,32.408,34.069,32.624,31.105,30.234,28.165,26.317,25.612,23.814,27.039,27.089,0.0585386117806817,0.0635944772803981,0.0652925506429789,0.0638571903932353,0.0575813784728392,0.0666328734517565,0.0587393715419058,0.0587611417751817,0.054497095559291,0.0568159315555788,0.054312739660814,0.0582443903571766,-0.0107890152479007,0.4274447250653552,-0.0307265940848397,0.0476029916625795,-0.0712030819444071,-0.0132208234841403,0.0131199048913044,0.0057982759362584,-0.0341219899393683,-0.0200503501818201,0.0590288702921284,-0.0235874601587798,-0.0201550317821587,-0.0024583312091395,0.4430134188441905,0.2029242838765785,Healthcare,35.0,1.0,72,6.227283425968401,572.921,510.89,8.245160296014431,7.515030251634717,8.269439786587029,7.570861721187983
PKI,2013Q2,2013,Q2,0,1,0,0,543.297,242.299,300.998,183.358,148.755,90.228,39.664,26.799,27.925,34.603,62.528000000000006,3811.284,1859.852,3808.146,1834.423,0.0636907621429899,0.2738005179487462,0.4459789028836897,0.0730061089974728,0.0513991426420539,34.177,33.538,32.408,34.069,32.624,31.105,30.234,28.165,26.317,25.612,23.814,27.039,0.0676266082021773,0.0585386117806817,0.0635944772803981,0.0652925506429789,0.0638571903932353,0.0575813784728392,0.0666328734517565,0.0587393715419058,0.0587611417751817,0.054497095559291,0.0568159315555788,0.054312739660814,0.0412177312712012,-0.1697142687241697,0.014677923230902,0.0156740732043794,0.0335868768328444,-0.2033261694819932,-0.3026360300814489,0.0636122065329545,-0.0065448959829031,-0.0024264977911253,-0.0245324847048428,-0.0458718919392506,-0.0254892010030384,-0.2348633656618927,-0.2025820283888639,-0.0764231485037368,Healthcare,35.0,2.0,73,6.299495053758605,505.378,521.79,8.245983763572966,7.528789726343852,8.245160296014431,7.515030251634717
PKI,2013Q3,2013,Q3,0,0,1,0,524.277,233.512,290.765,175.19,143.649,91.329,57.196,44.856,40.198,31.541,71.739,3851.526,1919.571,3811.284,1859.852,0.0601609454544067,0.2739944723876881,0.4453981387701539,0.1090950013065612,0.076673209009741,34.603,34.177,33.538,32.408,34.069,32.624,31.105,30.234,28.165,26.317,25.612,23.814,0.0636907621429899,0.0676266082021773,0.0585386117806817,0.0635944772803981,0.0652925506429789,0.0638571903932353,0.0575813784728392,0.0666328734517565,0.0587393715419058,0.0587611417751817,0.054497095559291,0.0568159315555788,0.028792945110321,0.3583158748394943,0.0120135217127501,-0.0267526536657615,0.0925567039908124,0.3234300522930258,0.4309959803483698,0.0426767169659763,-0.012327938284677,-0.0149564239527691,-0.0539910377885866,-0.039970028556707,-0.01630981576742,0.2863910649689671,0.320300534033928,0.1570433211831876,Healthcare,35.0,3.0,74,6.263925742497253,543.297,509.604,8.256484316035872,7.560377816641785,8.245983763572966,7.528789726343852
PKI,2013Q4,2013,Q4,0,0,0,1,593.28,276.278,317.002,174.651,141.949,121.394,84.681,57.816,64.473,32.702,97.175,3946.712,1992.086,3851.526,1919.571,0.0551206850053937,0.2392613942826321,0.4656789374325782,0.1427336165048543,0.1086721278317152,31.541,34.603,34.177,33.538,32.408,34.069,32.624,31.105,30.234,28.165,26.317,25.612,0.0601609454544067,0.0636907621429899,0.0676266082021773,0.0585386117806817,0.0635944772803981,0.0652925506429789,0.0638571903932353,0.0575813784728392,0.0666328734517565,0.0587393715419058,0.0587611417751817,0.054497095559291,0.0355354403137604,-5.066157921291625,0.0558744620840945,-0.0249269485359889,0.5319594654282507,-3.745461029697834,-2.3527374824520355,0.0184377841246792,-0.2144841401598157,-0.1848109182901898,-0.0583875611552509,-0.2414399070666493,0.0196410677785894,-3.65124777271358,-4.926623621939589,4.495701843682843,Healthcare,35.0,4.0,75,6.387350588769152,524.277,572.921,8.280891449564246,7.597439470310416,8.256484316035872,7.560377816641785
PKI,2014Q1,2014,Q1,1,0,0,0,531.904,235.52,296.384,182.653,153.204,80.24,50.732,39.443,34.224,29.449,63.673,3971.078,2029.436,3946.712,1992.086,0.0553652538803994,0.2880294188424979,0.4427866682709662,0.0953781133437612,0.0643424377331247,32.702,31.541,34.603,34.177,33.538,32.408,34.069,32.624,31.105,30.234,28.165,26.317,0.0551206850053937,0.0601609454544067,0.0636907621429899,0.0676266082021773,0.0585386117806817,0.0635944772803981,0.0652925506429789,0.0638571903932353,0.0575813784728392,0.0666328734517565,0.0587393715419058,0.0587611417751817,0.0524874450411374,0.0623292773777004,0.0472908375391867,-0.1383386487988998,0.1556131633902209,0.4131082699646247,0.6530321445035832,0.0566538202379383,0.0112675498524723,-0.0162704525135453,-0.1813096153679806,-0.0391642630825437,-0.0049374531985488,0.3426366999649977,0.0093510211289771,-0.0409681743557303,Healthcare,35.0,1.0,76,6.278341295373271,593.28,505.378,8.287044662434486,7.616005827299394,8.280891449564246,7.597439470310416
PKI,2014Q2,2014,Q2,0,1,0,0,556.17,247.984,308.186,177.605,147.253,99.073,69.637,60.673,50.49,30.352,80.842,3936.568,2055.991,3971.078,2029.436,0.0545732419943542,0.2647625725947102,0.4458780588668932,0.1252081198194796,0.0907815955553158,29.449,32.702,31.541,34.603,34.177,33.538,32.408,34.069,32.624,31.105,30.234,28.165,0.0553652538803994,0.0551206850053937,0.0601609454544067,0.0636907621429899,0.0676266082021773,0.0585386117806817,0.0635944772803981,0.0652925506429789,0.0638571903932353,0.0575813784728392,0.0666328734517565,0.0587393715419058,0.023694222497087,0.8080572963294539,0.0234627464413803,-0.122850619888449,0.0980294365385467,0.7556726502622024,1.2640023881488118,0.023880557345896,-0.0100971395919465,-0.0313757785316157,-0.1431529446635643,-0.0330092339552398,-0.0002261183570443,0.7150362009268818,0.7662083624141962,0.2928927840327531,Healthcare,35.0,2.0,77,6.3228703998244615,531.904,543.297,8.278318552826036,7.628999514339545,8.287044662434486,7.616005827299394
PKI,2014Q3,2014,Q3,0,0,1,0,542.049,243.309,298.74,173.441,142.997,96.737,58.776,47.81,42.277,30.444,72.721,3886.47,2062.754,3936.568,2055.991,0.0561646640801846,0.2638082534973776,0.4488690136869545,0.1084330014445188,0.0779947938286022,30.352,29.449,32.702,31.541,34.603,34.177,33.538,32.408,34.069,32.624,31.105,30.234,0.0545732419943542,0.0553652538803994,0.0551206850053937,0.0601609454544067,0.0636907621429899,0.0676266082021773,0.0585386117806817,0.0635944772803981,0.0652925506429789,0.0638571903932353,0.0575813784728392,0.0666328734517565,0.0338981111130183,0.0517189909945767,0.0419550173010381,-0.0347801274531562,0.0592144882786409,0.0276243093922652,0.0658551810237204,0.0274276477567796,-0.0045388412032104,-0.0099834465437524,-0.0664265055018241,-0.0371767313462353,0.0077927467914089,-0.0060681044421284,0.0172365919716923,0.0136885097366843,Healthcare,35.0,3.0,78,6.297199555273286,556.17,524.277,8.265513839415913,7.63228193345172,8.278318552826036,7.628999514339545
PKI,2014Q4,2014,Q4,0,0,0,1,608.39,277.602,330.788,247.614,216.648,59.034,30.567,20.647,30.787,30.966,61.753,4134.526,2042.102,3886.47,2062.754,0.0508982724896859,0.3561005276220845,0.4562895511103075,0.0502424431696773,0.0506040533210605,30.444,30.352,29.449,32.702,31.541,34.603,34.177,33.538,32.408,34.069,32.624,31.105,0.0561646640801846,0.0545732419943542,0.0553652538803994,0.0551206850053937,0.0601609454544067,0.0636907621429899,0.0676266082021773,0.0585386117806817,0.0635944772803981,0.0652925506429789,0.0638571903932353,0.0575813784728392,0.0254685814455231,-0.5224822794037814,0.0047922744482005,-0.0530854381994984,-0.5136991943588646,-0.6390335494384809,-0.6428843226788432,0.0434886846139772,0.526238296853095,0.417764570486284,-0.076603048661218,0.4883325773878664,-0.0201627893544791,-0.6479985276070644,-0.5343419298881893,-0.364517622845382,Healthcare,35.0,4.0,79,6.4124584568337735,542.049,593.28,8.32736980613916,7.622224520149893,8.265513839415913,7.63228193345172
PKI,2015Q1,2015,Q1,1,0,0,0,526.901,235.374,291.527,177.993,145.873,85.682,57.381,47.96,40.334,32.12,72.45400000000001,4028.271,2059.885,4134.526,2042.102,0.0609602183332352,0.2768508695181827,0.4467138988159066,0.1089028109644885,0.076549484628042,30.966,30.444,30.352,29.449,32.702,31.541,34.603,34.177,33.538,32.408,34.069,32.624,0.0508982724896859,0.0561646640801846,0.0545732419943542,0.0553652538803994,0.0551206850053937,0.0601609454544067,0.0636907621429899,0.0676266082021773,0.0585386117806817,0.0635944772803981,0.0652925506429789,0.0638571903932353,-0.0094058326314523,0.1785296867695187,-0.0006199048913043,0.0906991748446466,0.0678215353938187,0.1310612631080974,0.2159318510255305,-0.0163875242928094,-0.0478512310383542,-0.025512857713807,0.1010555187721544,-0.0388104429375246,0.0088693513747282,0.1418008508092592,0.1897199939105336,0.1379077473968559,Healthcare,35.0,1.0,80,6.268908766125938,608.39,531.904,8.301340745277313,7.630890781177449,8.32736980613916,7.622224520149893
PKI,2015Q2,2015,Q2,0,1,0,0,563.906,252.512,311.394,179.425,146.742,99.805,68.131,57.288,48.974,32.683,81.657,4082.756,2120.904,4028.271,2059.885,0.0579582412671615,0.2602242217674577,0.4477909438807178,0.1208197820204076,0.0868478079679946,32.12,30.966,30.444,30.352,29.449,32.702,31.541,34.603,34.177,33.538,32.408,34.069,0.0609602183332352,0.0508982724896859,0.0561646640801846,0.0545732419943542,0.0553652538803994,0.0551206850053937,0.0601609454544067,0.0636907621429899,0.0676266082021773,0.0585386117806817,0.0635944772803981,0.0652925506429789,0.0139094161856985,-0.0300257476728066,0.0182592425317762,0.0767988929889298,0.0073884913144854,-0.0216264342231859,-0.0557908789741731,0.0104092982809083,-0.0034702179242528,0.0102474592494581,0.0620267213217329,-0.017141209887697,0.0042901528249355,-0.0350483483451308,-0.0433324349859458,0.0100813933351475,Healthcare,35.0,2.0,81,6.336659345623722,526.901,556.17,8.314772432152033,7.660069077811251,8.301340745277313,7.630890781177449
PKI,2015Q3,2015,Q3,0,0,1,0,563.436,254.603,308.833,178.823,147.728,100.874,75.898,63.954,54.863,31.095,85.958,4031.667,2054.324,4082.756,2120.904,0.0551881668902945,0.2621912692834678,0.4518756344997479,0.134705627613429,0.0973721948899253,32.683,32.12,30.966,30.444,30.352,29.449,32.702,31.541,34.603,34.177,33.538,32.408,0.0579582412671615,0.0609602183332352,0.0508982724896859,0.0561646640801846,0.0545732419943542,0.0553652538803994,0.0551206850053937,0.0601609454544067,0.0636907621429899,0.0676266082021773,0.0585386117806817,0.0635944772803981,0.0394558425529796,0.2977032428980295,0.0464183404641833,0.0213835238470634,0.0427654361826395,0.2913093779774056,0.3376699435264589,0.0337852313048137,0.0330846101666468,0.0310307251457269,-0.017386326543251,-0.0061293920583337,0.0066982142253424,0.2422936358757244,0.2484448013787439,0.1820244496087786,Healthcare,35.0,3.0,82,6.335827002494476,563.906,542.049,8.302183222657037,7.628188778736213,8.314772432152033,7.660069077811251
PKI,2015Q4,2015,Q4,0,0,0,1,608.116,282.011,326.105,188.535,158.505,121.248,84.724,74.813,68.254,30.03,98.284,4139.173,2110.441,4031.667,2054.324,0.0493820257977096,0.2606492840181807,0.4637454038374258,0.1393221030198186,0.1122384545053904,31.095,32.683,32.12,30.966,30.444,30.352,29.449,32.702,31.541,34.603,34.177,33.538,0.0551881668902945,0.0579582412671615,0.0609602183332352,0.0508982724896859,0.0561646640801846,0.0545732419943542,0.0553652538803994,0.0551206850053937,0.0601609454544067,0.0636907621429899,0.0676266082021773,0.0585386117806817,-0.0004503690067226,1.216974697112418,0.0158824504146224,-0.0302267002518891,1.0538672629332249,1.771747309189649,2.6234319755896744,-0.0141571036434211,-0.2683754292677522,-0.238593132860016,-0.0297897476242146,-0.268045779772622,0.0163401785313199,1.772996180725208,1.2179736036812447,0.5915664016323094,Healthcare,35.0,4.0,83,6.412008725762087,563.436,608.39,8.328492853385903,7.655125931762437,8.302183222657037,7.628188778736213
PKI,2016Q1,2016,Q1,1,0,0,0,538.684,250.097,288.587,181.33,147.545,94.479,68.767,57.681,47.466,33.785,81.251,4210.721,2049.48,4139.173,2110.441,0.0627176600752946,0.2738989834485524,0.4642740456371453,0.1276574021132983,0.0881147388821646,30.03,31.095,32.683,32.12,30.966,30.444,30.352,29.449,32.702,31.541,34.603,34.177,0.0493820257977096,0.0551881668902945,0.0579582412671615,0.0609602183332352,0.0508982724896859,0.0561646640801846,0.0545732419943542,0.0553652538803994,0.0551206850053937,0.0601609454544067,0.0636907621429899,0.0676266082021773,0.0223628347640258,0.1768235235781226,0.0625515137610781,0.0518368617683686,0.1026703391610839,0.1984280510970528,0.2026897414512092,-0.0100848291924933,0.0114620251862922,0.0187479282893148,0.02882932164797,-0.0106623687863709,0.0393096048002648,0.1722140226015407,0.151082065546473,0.1214149667375161,Healthcare,35.0,1.0,84,6.290983783085458,608.116,526.901,8.345626631743706,7.625829191065941,8.328492853385903,7.655125931762437
PKI,2016Q2,2016,Q2,0,1,0,0,572.667,265.283,307.384,189.001,153.994,101.705,71.193,65.8,63.857,35.007,98.864,4193.996,2088.203,4210.721,2049.48,0.0611297665135235,0.2689067119285728,0.4632412903135679,0.1243183211185558,0.111508084104724,33.785,30.03,31.095,32.683,32.12,30.966,30.444,30.352,29.449,32.702,31.541,34.603,0.0627176600752946,0.0493820257977096,0.0551881668902945,0.0579582412671615,0.0609602183332352,0.0508982724896859,0.0561646640801846,0.0545732419943542,0.0553652538803994,0.0551206850053937,0.0601609454544067,0.0636907621429899,0.0155362773228162,0.3038959447870299,0.0505758142187302,0.0711073034911116,0.0190371223886578,0.0449428307231656,0.1485826001955035,-0.012877576318105,0.0494200706001008,0.0533704890622821,0.0547208675940096,0.0333654188766254,0.0345034812427242,0.0289566744753537,0.2839481699505555,0.21072290189451,Healthcare,35.0,2.0,85,6.352049088600785,538.684,563.906,8.34164766538476,7.644537932517459,8.345626631743706,7.625829191065941
PKI,2016Q3,2016,Q3,0,0,1,0,548.054,260.799,287.255,178.968,145.793,107.457,81.228,69.965,58.127,33.175,91.302,4304.556,2135.422,4193.996,2088.203,0.0605323563006565,0.2660194068467706,0.4758636922639009,0.1482116725724107,0.1060607166447102,35.007,33.785,30.03,31.095,32.683,32.12,30.966,30.444,30.352,29.449,32.702,31.541,0.0611297665135235,0.0627176600752946,0.0493820257977096,0.0551881668902945,0.0579582412671615,0.0609602183332352,0.0508982724896859,0.0561646640801846,0.0545732419943542,0.0553652538803994,0.0551206850053937,0.0601609454544067,-0.0273003499953855,0.0594936478136449,0.0243359269136653,0.0668917832448945,0.0652596308265758,0.0702258294026192,0.0939894299027426,-0.0698694763836766,-0.0130983970540452,0.0008108576637233,0.0968357840365556,0.0146005531525306,0.0530855304705888,0.1002634054587581,0.0892300082647492,0.0621698969264059,Healthcare,35.0,3.0,86,6.3081967973281765,572.667,563.436,8.367661560671074,7.666887746109655,8.34164766538476,7.644537932517459
PKI,2016Q4,2016,Q4,0,0,0,1,566.77,276.163,290.607,195.721,162.795,105.401,80.442,69.186,64.849,32.926,97.775,4276.683,2153.57,4304.556,2135.422,0.0580941122501191,0.2872329163505478,0.4872576177285319,0.1419305891278649,0.1144185472060977,33.175,35.007,33.785,30.03,31.095,32.683,32.12,30.966,30.444,30.352,29.449,32.702,0.0605323563006565,0.0611297665135235,0.0627176600752946,0.0493820257977096,0.0551881668902945,0.0579582412671615,0.0609602183332352,0.0508982724896859,0.0561646640801846,0.0545732419943542,0.0553652538803994,0.0551206850053937,-0.0679903176367666,-0.0498871860989832,-0.0207367797710018,0.0964368964368964,-0.1306990630773291,-0.0505405788206412,-0.075214200740513,-0.1088545100504438,0.0270653922589192,0.0381149388707666,0.1764222166198277,0.1019900454839264,0.0507006941665533,0.0187227012190251,0.0194237590878676,-0.0051788693988849,Healthcare,35.0,4.0,87,6.341716407137566,548.054,608.116,8.361166786850056,7.6753464466650225,8.367661560671074,7.666887746109655
PKI,2017Q1,2017,Q1,1,0,0,0,514.115,239.611,274.504,178.381,145.093,85.245,51.579,39.983,38.603,33.288,71.89099999999999,4340.501,2208.987,4276.683,2153.57,0.0647481594584869,0.2822189587932661,0.4660649854604514,0.1003258025928051,0.075086313373467,32.926,33.175,35.007,33.785,30.03,31.095,32.683,32.12,30.966,30.444,30.352,29.449,0.0580941122501191,0.0605323563006565,0.0611297665135235,0.0627176600752946,0.0493820257977096,0.0551881668902945,0.0579582412671615,0.0609602183332352,0.0508982724896859,0.0561646640801846,0.0545732419943542,0.0553652538803994,-0.0456092997007521,-0.186723128133822,-0.0419277320399685,-0.014710670415865,-0.0977360048264692,-0.2499454680297235,-0.3068254711256739,-0.0487998419887242,-0.0166186587142905,-0.0162631666023272,0.0323752413714832,0.0303760723751516,0.0038575057988612,-0.2141011728895745,-0.1478575057246722,-0.1151985821712965,Healthcare,35.0,1.0,88,6.244390176706659,566.77,538.684,8.375975419835811,7.700741912141556,8.361166786850056,7.6753464466650225
PKI,2017Q2,2017,Q2,0,1,0,0,546.962,257.503,289.459,181.506,147.944,106.523,75.997,70.792,204.069,33.562,237.631,4605.104,2438.636,4340.501,2208.987,0.0613607526665472,0.2704831414248156,0.4707877329686523,0.1389438388772894,0.3730953887107331,33.288,32.926,33.175,35.007,33.785,30.03,31.095,32.683,32.12,30.966,30.444,30.352,0.0647481594584869,0.0580941122501191,0.0605323563006565,0.0611297665135235,0.0627176600752946,0.0493820257977096,0.0551881668902945,0.0579582412671615,0.0609602183332352,0.0508982724896859,0.0561646640801846,0.0545732419943542,-0.0448864697983296,2.1957185586544936,-0.0293271713603964,-0.0412774587939555,0.0473723022466938,0.0674785442388998,0.0758662613981764,-0.0583146813106733,-0.0392872449575958,-0.0396558748366411,0.0037786199129774,0.005862365743632,0.0162905224833826,0.117645714864393,2.3459043952395104,1.403615067162971,Healthcare,35.0,2.0,89,6.30620594147798,514.115,572.667,8.435137659370188,7.799604126830887,8.375975419835811,7.700741912141556
PKI,2017Q3,2017,Q3,0,0,1,0,554.275,268.822,285.453,185.746,150.859,79.807,79.807,105.054,91.078,34.887,125.965,4738.955,2536.029,4605.104,2438.636,0.0629416805737224,0.2721735600559289,0.4849975192819449,0.1439844842361643,0.1643191556537819,33.562,33.288,32.926,33.175,35.007,33.785,30.03,31.095,32.683,32.12,30.966,30.444,0.0613607526665472,0.0647481594584869,0.0580941122501191,0.0605323563006565,0.0611297665135235,0.0627176600752946,0.0493820257977096,0.0551881668902945,0.0579582412671615,0.0609602183332352,0.0508982724896859,0.0561646640801846,0.0113510712448043,0.5668794192027802,0.0307631547666977,0.0516051243406181,-0.2573122272164679,-0.01749396759738,0.5015221896662616,-0.0062731719204192,0.0347478959895193,0.0378726923248851,0.0398022548651355,0.0231342264916152,0.0191942086915481,-0.0285212916289109,0.5492932807933975,0.3796521434360695,Healthcare,35.0,3.0,90,6.3194634865245725,546.962,548.054,8.463782920973172,7.838748990357758,8.435137659370188,7.799604126830887
PKI,2017Q4,2017,Q4,0,0,0,1,641.63,307.095,334.535,209.938,172.271,121.557,97.42,80.889,-41.117,37.667,-3.449999999999996,6091.573,2503.188,4738.955,2536.029,0.0587051727631189,0.2684896279787416,0.4786169599301779,0.1518320527406761,-0.0640821033929211,34.887,33.562,33.288,32.926,33.175,35.007,33.785,30.03,31.095,32.683,32.12,30.966,0.0629416805737224,0.0613607526665472,0.0647481594584869,0.0580941122501191,0.0605323563006565,0.0611297665135235,0.0627176600752946,0.0493820257977096,0.0551881668902945,0.0579582412671615,0.0609602183332352,0.0508982724896859,0.1320817968488099,-1.6340421594781724,0.1120063151110033,0.1439895523294661,0.1532812781662413,0.2110588995798217,0.1691527187581301,0.1511594696617768,0.0582081759267791,0.0726391138406199,0.0105184585723414,-0.0652546672225106,-0.0177332431222614,0.0697627176329902,-1.560067444987678,-1.035285093326515,Healthcare,35.0,4.0,91,6.465569130932835,554.275,566.77,8.714825767372593,7.825719809273841,8.463782920973172,7.838748990357758
PKI,2018Q1,2018,Q1,1,0,0,0,643.972,292.222,351.75,245.709,199.725,97.186,39.935,28.505,26.024,45.984,72.00800000000001,6126.186,2555.252,6091.573,2503.188,0.0714068313529159,0.310145472163386,0.453780599156485,0.062013565807209,0.0404116949184126,37.667,34.887,33.562,33.288,32.926,33.175,35.007,33.785,30.03,31.095,32.683,32.12,0.0587051727631189,0.0629416805737224,0.0613607526665472,0.0647481594584869,0.0580941122501191,0.0605323563006565,0.0611297665135235,0.0627176600752946,0.0493820257977096,0.0551881668902945,0.0579582412671615,0.0609602183332352,0.2525835659336919,-0.3258555034582804,0.2195683837553368,0.3813987022350398,0.1400785969851603,-0.2257507900502141,-0.287072005602381,0.2814020925013842,0.3765309146547386,0.3774393012708752,0.1028395548246936,0.0989533569591862,-0.0263576683235063,-0.3818781987829686,-0.4617967895505609,0.0016274637993631,Healthcare,35.0,1.0,92,6.469206905000781,641.63,514.115,8.720490869699184,7.846297402186893,8.714825767372593,7.825719809273841
PKI,2018Q2,2018,Q2,0,1,0,0,703.362,340.14,363.222,252.076,204.88,131.891,88.064,71.708,64.063,47.196,111.259,5957.778,2517.177,6126.186,2555.252,0.0671005826302814,0.2912867058499037,0.4835916640364421,0.1252043755562569,0.0910811218120967,45.984,37.667,34.887,33.562,33.288,32.926,33.175,35.007,33.785,30.03,31.095,32.683,0.0714068313529159,0.0587051727631189,0.0629416805737224,0.0613607526665472,0.0647481594584869,0.0580941122501191,0.0605323563006565,0.0611297665135235,0.0627176600752946,0.0493820257977096,0.0551881668902945,0.0579582412671615,0.2859430819691313,-0.6860718678486197,0.320916649514763,0.4062332399737798,0.2381457525604797,0.1587825835230336,0.0129393151768562,0.254830563223116,0.3848483209863191,0.3888025740195915,0.0935423656702219,0.0769126102111275,0.0271968238999174,-0.0988850130531284,-0.7558771173054797,-0.5317993022795846,Healthcare,35.0,2.0,93,6.557292428545642,643.972,546.962,8.692620705480095,7.831290506017829,8.720490869699184,7.846297402186893
PKI,2018Q3,2018,Q3,0,0,1,0,674.313,332.327,341.986,245.617,196.769,133.363,80.202,78.041,76.548,48.848,125.396,5862.355,2572.469,5957.778,2517.177,0.0724411363862182,0.2918066239268708,0.4928378957546421,0.1189388310769627,0.1135199825600277,47.196,45.984,37.667,34.887,33.562,33.288,32.926,33.175,35.007,33.785,30.03,31.095,0.0671005826302814,0.0714068313529159,0.0587051727631189,0.0629416805737224,0.0613607526665472,0.0647481594584869,0.0580941122501191,0.0605323563006565,0.0611297665135235,0.0627176600752946,0.0493820257977096,0.0551881668902945,0.2165675882910107,-0.1595335865961044,0.2362343855785613,0.4001777166279703,0.6710689538511658,0.0049494405252672,-0.2571344261046701,0.1980466136281631,0.304323905103441,0.322327264113359,0.150924724696051,0.0721343537811218,0.0161658073721804,-0.1739468894309579,-0.3091494286934343,-0.0045171277735879,Healthcare,35.0,3.0,94,6.515176287098895,703.362,554.275,8.676477244338077,7.853010073168305,8.692620705480095,7.831290506017829
PKI,2018Q4,2018,Q4,0,0,0,1,756.349,376.25,380.099,262.509,210.539,141.107,115.683,79.429,71.292,51.97,123.262,5975.472,2584.955,5862.355,2572.469,0.0687116661752709,0.2783622375384908,0.4974555397045543,0.1529492337532012,0.0942580739843643,48.848,47.196,45.984,37.667,34.887,33.562,33.288,32.926,33.175,35.007,33.785,30.03,0.0724411363862182,0.0671005826302814,0.0714068313529159,0.0587051727631189,0.0629416805737224,0.0613607526665472,0.0647481594584869,0.0580941122501191,0.0605323563006565,0.0611297665135235,0.0627176600752946,0.0493820257977096,0.1787930738899366,-2.7338813629399032,0.2251909018381932,0.3797223033424481,0.1608298987306367,0.1874666392937796,-0.0180494257562832,0.1362009954115413,0.2221383750021768,0.2504120264077967,0.1704533508917376,0.0367709160092057,0.0393604517840837,0.0073580050612451,-2.4708954449640705,-36.72811594202903,Healthcare,35.0,4.0,95,6.629824177578685,674.313,641.63,8.695585706290746,7.8578501577882855,8.676477244338077,7.853010073168305
PKI,2019Q1,2019,Q1,1,0,0,0,648.737,307.806,340.931,246.837,198.857,112.856,53.33,36.765,35.412,47.98,83.392,6086.497,2638.472,5975.472,2584.955,0.0739590928218985,0.3065294564669504,0.4744696232833952,0.0822058862065829,0.0545860649230736,51.97,48.848,47.196,45.984,37.667,34.887,33.562,33.288,32.926,33.175,35.007,33.785,0.0687116661752709,0.0724411363862182,0.0671005826302814,0.0714068313529159,0.0587051727631189,0.0629416805737224,0.0613607526665472,0.0647481594584869,0.0580941122501191,0.0605323563006565,0.0611297665135235,0.0627176600752946,0.0073993900355915,0.3607439286812173,0.0533293181211544,0.0434064022268614,0.1612372152367622,0.3354200575935895,0.2897737239080864,-0.0307576403695807,-0.0043459757166103,0.0045907964299232,0.0357425392028456,-0.0116590955567156,0.0455925708709632,0.3256113422367754,0.3507492084476464,0.1580935451616485,Healthcare,35.0,1.0,96,6.476567665626176,756.349,643.972,8.713992274577581,7.878334176137695,8.695585706290746,7.8578501577882855
PKI,2019Q2,2019,Q2,0,1,0,0,722.517,347.793,374.724,249.897,201.553,148.855,91.735,71.827,69.087,48.344,117.431,6399.072,2706.867,6086.497,2638.472,0.0669105363610821,0.2789595262118399,0.4813630682738261,0.1269658706992361,0.0956198954488268,47.98,51.97,48.848,47.196,45.984,37.667,34.887,33.562,33.288,32.926,33.175,35.007,0.0739590928218985,0.0687116661752709,0.0724411363862182,0.0671005826302814,0.0714068313529159,0.0587051727631189,0.0629416805737224,0.0613607526665472,0.0647481594584869,0.0580941122501191,0.0605323563006565,0.0611297665135235,0.0272334871659261,0.0784228025537361,0.0224995590051155,0.0243240952623104,0.1286213615788796,0.0416855922965118,0.0016595080046857,0.0316665840725507,-0.0162387739164389,-0.0086442184103207,-0.0028322595981975,-0.0423197468009948,-0.0046084246862618,0.0140689583343491,0.0498322105221065,0.0554741638878653,Healthcare,35.0,2.0,97,6.584124042685609,648.737,703.362,8.764064519284483,7.9039165190889715,8.713992274577581,7.878334176137695
PKI,2019Q3,2019,Q3,0,0,1,0,706.923,342.275,364.648,249.547,204.171,147.266,78.66,63.254,58.558,45.376,103.934,6489.081,2706.797,6399.072,2706.867,0.0641880374524523,0.2888164623304093,0.4841757871790845,0.1112709587890053,0.0828350470984817,48.344,47.98,51.97,48.848,47.196,45.984,37.667,34.887,33.562,33.288,32.926,33.175,0.0669105363610821,0.0739590928218985,0.0687116661752709,0.0724411363862182,0.0671005826302814,0.0714068313529159,0.0587051727631189,0.0629416805737224,0.0613607526665472,0.0647481594584869,0.0580941122501191,0.0605323563006565,0.0483603311815137,-0.2350159377122851,0.0299343718686715,-0.0710776285620701,0.1042493045297421,-0.0192264532056557,-0.1894773260209377,0.0662658705327119,0.0376177141724558,0.0160005211365663,-0.1139283471447034,-0.0102470655265549,-0.0175759791407558,-0.0644690402497377,-0.2703042651131511,-0.1711537848097228,Healthcare,35.0,3.0,98,6.562335330717095,722.517,674.313,8.778030290359851,7.903890668149916,8.764064519284483,7.9039165190889715
PKI,2019Q4,2019,Q4,0,0,0,1,805.496,398.181,407.315,258.373,210.737,-16.049,138.248,65.296,64.501,47.636,112.137,6544.565,2813.824,6489.081,2706.797,0.059138717014113,0.2616238938492556,0.4943302015155879,0.1716308957462234,0.0800761270074587,45.376,48.344,47.98,51.97,48.848,47.196,45.984,37.667,34.887,33.562,33.288,32.926,0.0641880374524523,0.0669105363610821,0.0739590928218985,0.0687116661752709,0.0724411363862182,0.0671005826302814,0.0714068313529159,0.0587051727631189,0.0629416805737224,0.0613607526665472,0.0647481594584869,0.0580941122501191,0.0649792622188962,-0.0952561297200246,0.0582883720930231,-0.0833942659226476,-1.113736384445846,0.1950589109895142,-0.1779324931700008,0.0716023983225422,0.0009404433382889,-0.0157556502824666,-0.1393205796631248,-0.0601315172533799,-0.0062826482761105,0.1221428936555963,-0.1504586968248269,-0.0902549041878275,Healthcare,35.0,4.0,99,6.692698937850547,706.923,756.349,8.78654300005744,7.94265501641671,8.778030290359851,7.903890668149916
PKI,2020Q1,2020,Q1,1,0,0,0,652.396,308.023,344.373,257.483,208.569,114.97,44.682,34.689,33.665,48.914,82.57900000000001,6384.396,2759.746,6544.565,2813.824,0.0749759348616484,0.3196969325379064,0.4721411535325171,0.0684890771862488,0.0516020944334422,47.636,45.376,48.344,47.98,51.97,48.848,47.196,45.984,37.667,34.887,33.562,33.288,0.059138717014113,0.0641880374524523,0.0669105363610821,0.0739590928218985,0.0687116661752709,0.0724411363862182,0.0671005826302814,0.0714068313529159,0.0587051727631189,0.0629416805737224,0.0613607526665472,0.0647481594584869,0.0056401900924412,-0.0493335592454534,0.0007049895063775,0.0194664443518133,0.0187318352590912,-0.1621601350084379,-0.0564667482660138,0.0100958845044891,0.0488391155453415,0.043129676669219,0.0137487089274954,0.0429566418272617,-0.0049075212334244,-0.1668592074521748,-0.0546654259440857,-0.0097491366078279,Healthcare,35.0,1.0,100,6.482183377323928,805.496,648.737,8.761768786903676,7.923256212044546,8.78654300005744,7.94265501641671
PKI,2020Q2,2020,Q2,0,1,0,0,811.718,447.344,364.374,270.547,221.026,236.86,175.639,164.827,137.162,49.521,186.683,6632.986,2963.633,6384.396,2759.746,0.0610076405845379,0.2722940725720016,0.5511076506865685,0.2163793337094902,0.1689774034824902,48.914,47.636,45.376,48.344,47.98,51.97,48.848,47.196,45.984,37.667,34.887,33.562,0.0749759348616484,0.059138717014113,0.0641880374524523,0.0669105363610821,0.0739590928218985,0.0687116661752709,0.0724411363862182,0.0671005826302814,0.0714068313529159,0.0587051727631189,0.0629416805737224,0.0613607526665472,0.1234586867852243,0.9853518027993688,0.2862363532331011,0.0243463511500909,0.5912129253300193,0.9146345451572466,1.2947777298230472,-0.0276203285618213,0.0966147861852715,0.0826340452266334,-0.0882207212432022,-0.0238939810744324,0.1448897661859423,0.7042322674418684,0.7671782916027388,0.5897250300176271,Healthcare,35.0,2.0,101,6.700384185908129,652.396,722.517,8.799961109164101,7.994508526367736,8.761768786903676,7.923256212044546
PKI,2020Q3,2020,Q3,0,0,1,0,964.025,527.445,436.58,275.38,225.249,312.347,248.006,233.757,176.699,50.131,226.83,6865.565,3231.681,6632.986,2963.633,0.0520017634397448,0.2336547288711392,0.5471279271803118,0.2572609631492959,0.1832929643940769,49.521,48.914,47.636,45.376,48.344,47.98,51.97,48.848,47.196,45.984,37.667,34.887,0.0610076405845379,0.0749759348616484,0.059138717014113,0.0641880374524523,0.0669105363610821,0.0739590928218985,0.0687116661752709,0.0724411363862182,0.0671005826302814,0.0714068313529159,0.0587051727631189,0.0629416805737224,0.3636916609022482,2.0175040131152024,0.5409977357388067,0.1047910789844852,1.1209715752447953,2.152885837782863,2.6955291364972966,0.197264210965095,0.103236992520975,0.1035195774743835,-0.1898527279593896,-0.1909923451529729,0.1300191824295888,1.312022525456264,1.212746546472797,1.182442704023707,Healthcare,35.0,3.0,102,6.872154007739163,811.718,706.923,8.834419260174712,8.081067102891256,8.799961109164101,7.994508526367736
PKI,2020Q4,2020,Q4,0,0,0,1,1354.606,827.065,527.541,319.873,263.05,546.419,510.254,473.091,380.361,56.823,437.184,8010.286,3735.492,6865.565,3231.681,0.0419479907810832,0.1941893067061566,0.6105576086330639,0.3766807470216432,0.2807908720321628,50.131,49.521,48.914,47.636,45.376,48.344,47.98,51.97,48.848,47.196,45.984,37.667,0.0520017634397448,0.0610076405845379,0.0749759348616484,0.059138717014113,0.0641880374524523,0.0669105363610821,0.0739590928218985,0.0687116661752709,0.0724411363862182,0.0671005826302814,0.0714068313529159,0.0587051727631189,0.6817041921995888,4.896978341421063,1.077108149308983,0.1928583424300949,-35.046918811140884,2.6908599039407446,6.2453289634893405,0.2951671310901882,0.2482383254957603,0.2380279673185665,-0.2906848017843774,-0.2577539312290563,0.2351209915176726,1.1947141007677908,2.5065491117722054,2.8986596752187053,Healthcare,35.0,4.0,103,7.212003865807492,964.025,805.496,8.9886065764891,8.22590248232697,8.834419260174712,8.081067102891256
PKI,2021Q1,2021,Q1,1,0,0,0,1307.689,785.146,522.543,311.626,251.41,551.24,467.776,480.482,379.305,60.216,439.521,8762.725,4002.305,8010.286,3735.492,0.0460476458852219,0.1922551921748978,0.6004072833831285,0.3577119636243785,0.2900574983807312,56.823,50.131,49.521,48.914,47.636,45.376,48.344,47.98,51.97,48.848,47.196,45.984,0.0419479907810832,0.0520017634397448,0.0610076405845379,0.0749759348616484,0.059138717014113,0.0641880374524523,0.0669105363610821,0.0739590928218985,0.0687116661752709,0.0724411363862182,0.0671005826302814,0.0714068313529159,1.0044405545098378,10.267042922916977,1.5489849783944702,0.2310585926319663,3.794642080542751,9.469003178013518,12.851134365360778,0.5173750555357128,0.2054044464901303,0.2102779600983364,-0.3858343217701424,-0.3986329782751289,0.2716690313710972,4.222905291184148,4.621041191551923,4.322430642172949,Healthcare,35.0,1.0,104,7.17678115173842,1354.606,652.396,9.078376321857004,8.294875548945404,8.9886065764891,8.22590248232697
PKI,2021Q2,2021,Q2,0,1,0,0,1228.471,685.194,543.277,347.643,281.819,414.873,332.488,326.057,245.93,65.824,311.754,8739.461,4239.807,8762.725,4002.305,0.0535820544400315,0.2294063107716828,0.5577616402829207,0.2706518916604462,0.2001919459230214,60.216,56.823,50.131,49.521,48.914,47.636,45.376,48.344,47.98,51.97,48.848,47.196,0.0460476458852219,0.0419479907810832,0.0520017634397448,0.0610076405845379,0.0749759348616484,0.059138717014113,0.0641880374524523,0.0669105363610821,0.0739590928218985,0.0687116661752709,0.0724411363862182,0.0671005826302814,0.5134209171165356,0.792989311908546,0.5316937301047961,0.3292138688637143,0.7515536603901036,0.8930192041630844,0.9781771190399632,0.4909872822978587,0.2750490892474189,0.2849634259481715,-0.1217156748459536,-0.1575053081222622,0.0120738472566344,0.2508213562752808,0.1847261337742454,0.6699645923838808,Healthcare,35.0,2.0,105,7.114339274554162,1307.689,811.718,9.075718213253984,8.35250886030419,9.078376321857004,8.294875548945404
PKI,2021Q3,2021,Q3,0,0,1,0,1166.684,631.836,534.848,407.655,339.047,313.88803,221.97,161.668,127.738,68.608,196.346,14899.849,6958.585,8739.461,4239.807,0.0588059834539601,0.2906073966901063,0.5415656681672159,0.1902571733219963,0.1094880876055555,65.824,60.216,56.823,50.131,49.521,48.914,47.636,45.376,48.344,47.98,51.97,48.848,0.0535820544400315,0.0460476458852219,0.0419479907810832,0.0520017634397448,0.0610076405845379,0.0749759348616484,0.059138717014113,0.0641880374524523,0.0669105363610821,0.0739590928218985,0.0687116661752709,0.0724411363862182,0.2102217266149737,-0.2770870236956633,0.1979182663595255,0.3685743352416668,0.0049337115451726,-0.1049813310968282,-0.3083929037419199,0.2250858949104401,0.505209790054562,0.4803362626189265,0.1308459476013623,0.2437471224919078,-0.0101662860489715,-0.2604506684848852,-0.4026607187706456,-0.134391394436362,Healthcare,35.0,3.0,106,7.062777578838269,1228.471,964.025,9.609173470176032,8.847875125113957,9.075718213253984,8.35250886030419
PKI,2021Q4,2021,Q4,0,0,0,1,1364.325,749.124,615.201,435.566,355.245,465.464,310.144,311.679,179.184,80.321,259.505,15015.554,7130.245,14899.849,6958.585,0.0588723361369175,0.2603815073387939,0.5490803144412072,0.2273241346453374,0.1313352756857786,68.608,65.824,60.216,56.823,50.131,49.521,48.914,47.636,45.376,48.344,47.98,51.97,0.0588059834539601,0.0535820544400315,0.0460476458852219,0.0419479907810832,0.0520017634397448,0.0610076405845379,0.0749759348616484,0.059138717014113,0.0641880374524523,0.0669105363610821,0.0739590928218985,0.0687116661752709,0.007174779972922,-0.528910692736637,-0.0942380586773712,0.4135297326786689,-0.1481555363191982,-0.3921772293798775,-0.3411859451987039,0.166167179423021,0.3504846987264778,0.3616841684043355,0.4034602144393167,0.3408642924545684,-0.1006904071337249,-0.3965071577383383,-0.5322665771316988,-0.4064169777484995,Healthcare,35.0,4.0,107,7.2191477745169825,1166.684,1354.606,9.616908471565534,8.872241112470789,9.609173470176032,8.847875125113957
PKI,2022Q1,2022,Q1,1,0,0,0,1259.442,679.231,580.211,411.002,334.393,391.549,254.845,217.6,176.962,76.609,253.571,14848.467,7186.342,15015.554,7130.245,0.0608277316462369,0.2655088523330173,0.5393110599773551,0.2023475475647151,0.1405082568311998,80.321,68.608,65.824,60.216,56.823,50.131,49.521,48.914,47.636,45.376,48.344,47.98,0.0588723361369175,0.0588059834539601,0.0535820544400315,0.0460476458852219,0.0419479907810832,0.0520017634397448,0.0610076405845379,0.0749759348616484,0.059138717014113,0.0641880374524523,0.0669105363610821,0.0739590928218985,-0.0368948580281703,-0.5334572441702587,-0.1348984774806214,0.2722366148531949,-0.2896941441114579,-0.4551986420851005,-0.5471214322284705,0.1103602957077216,0.3300704029274888,0.3188950857758981,0.3209737539646604,0.3810230523786289,-0.1017579651291257,-0.4343282636831415,-0.5155848146812332,-0.4230742103335222,Healthcare,35.0,1.0,108,7.13921773208261,1364.325,1307.689,9.605719251330811,8.88007670225529,9.616908471565534,8.872241112470789
PKI,2022Q2,2022,Q2,0,1,0,0,1229.569,666.163,563.406,403.377,330.025,380.024,250.858,224.472,179.212,73.352,252.564,14189.707,7167.155,14848.467,7186.342,0.0596566764451608,0.2684070597095405,0.5417857802205489,0.2040210838106686,0.1457518854167598,76.609,80.321,68.608,65.824,60.216,56.823,50.131,49.521,48.914,47.636,45.376,48.344,0.0608277316462369,0.0588723361369175,0.0588059834539601,0.0535820544400315,0.0460476458852219,0.0419479907810832,0.0520017634397448,0.0610076405845379,0.0749759348616484,0.059138717014113,0.0641880374524523,0.0669105363610821,0.0008937939926949,-0.2712885780506648,-0.0277746156562957,0.1143655809431212,-0.0839991997551057,-0.2455126200043309,-0.3115559549403939,0.0370510807562254,0.1710530517814623,0.1603196382495837,0.113370457116906,0.1700073062797005,-0.0286428088784811,-0.2461863740947766,-0.271939314317845,-0.1898612367443561,Healthcare,35.0,2.0,109,7.115231943025335,1259.442,1228.471,9.560342592732514,8.877403578304902,9.605719251330811,8.88007670225529
PKI,2022Q3,2022,Q3,0,0,1,0,711.803,407.044,304.759,293.49,239.969,220.689,110.78,82.142,85.347,53.521,138.868,13823.764,7065.2,14189.707,7167.155,0.075190748001905,0.3371283908609545,0.5718492335660288,0.1556329490041486,0.1199025573086935,73.352,76.609,80.321,68.608,65.824,60.216,56.823,50.131,49.521,48.914,47.636,45.376,0.0596566764451608,0.0608277316462369,0.0588723361369175,0.0588059834539601,0.0535820544400315,0.0460476458852219,0.0419479907810832,0.0520017634397448,0.0610076405845379,0.0749759348616484,0.059138717014113,0.0641880374524523,-0.389892207315777,-0.3318589613114343,-0.3557758658892498,-0.2199014692164179,-0.2969180761687536,-0.5009235482272378,-0.4919093450775664,-0.4301951208567667,-0.2922249717590777,-0.2800529859807925,0.2786241056706877,0.1600819342546071,0.0559185472397087,-0.1819864329596067,0.095119660329235,-0.2927383292758702,Healthcare,35.0,3.0,110,6.569205084901951,1229.569,1166.684,9.53421675572042,8.863078132075557,9.560342592732514,8.877403578304902
PKI,2022Q4,2022,Q4,0,0,0,1,741.214,436.33,304.884,298.861,244.325,266.622,137.469,138.447,107.497,54.536,162.03300000000002,14126.851,7392.876,13823.764,7065.2,0.0735765919154252,0.3296281505745978,0.5886693991209015,0.1854646566308785,0.1450282914246088,53.521,73.352,76.609,80.321,68.608,65.824,60.216,56.823,50.131,49.521,48.914,47.636,0.075190748001905,0.0596566764451608,0.0608277316462369,0.0588723361369175,0.0588059834539601,0.0535820544400315,0.0460476458852219,0.0419479907810832,0.0520017634397448,0.0610076405845379,0.0749759348616484,0.059138717014113,-0.4567174243673612,-0.4000747834628092,-0.4175463608160998,-0.3210243896365832,-0.4271909320591925,-0.5567575061906728,-0.5558026046028124,-0.5044156300136053,-0.3122352179481766,-0.3138559942695251,0.2497651145405626,0.2659430154757651,0.0721007175789643,-0.1841400521760107,0.1042599992068453,-0.3756074064083543,Healthcare,35.0,4.0,111,6.609637611288801,711.803,1364.325,9.555903376355511,8.908407369001612,9.53421675572042,8.863078132075557
PKI,2023Q1,2023,Q1,1,0,0,0,674.865,381.366,293.499,305.247,248.557,158.418,49.41,29.44,24.845,56.69,81.535,14638.155,8033.81,14126.851,7392.876,0.08072175092116027,0.3683062538433612,0.5650996866039875,0.0732146429285857,0.0368147703614797,54.536,53.521,73.352,76.609,80.321,68.608,65.824,60.216,56.823,50.131,49.521,48.914,0.0735765919154252,0.075190748001905,0.0596566764451608,0.0608277316462369,0.0588723361369175,0.0588059834539601,0.0535820544400315,0.0460476458852219,0.0419479907810832,0.0520017634397448,0.0610076405845379,0.0748640822372759,-0.4641555546027526,-0.8596026265525932,-0.4385326935902514,-0.2600086151757625,-0.5954069605592147,-0.8061174439365104,-0.8647058823529412,-0.4941512656602511,-0.2566919762076359,-0.2573101834054335,0.3809817218048161,0.3871712773682183,0.0478177225360727,-0.6381738063557698,-0.7379885624393783,-0.6784529776670045,Healthcare,35.0,1.0,112,6.515993351957425,741.214,1259.442,9.591455067270287,8.99153863134567,9.555903376355511,8.908407369001612
PKI,2023Q2,2023,Q2,0,1,0,0,709.066,434.5,274.566,324.275,267.022,78.056,78.056,71.554,35.559,57.253,92.812,14218.549,7869.958,14638.155,8033.81,0.08072175092116027,0.3765827158543774,0.6127779360454457,0.1100828413716071,0.0501490693391024,56.69,54.536,53.521,73.352,76.609,80.321,68.608,65.824,60.216,56.823,50.131,49.521,0.08072175092116027,0.0735765919154252,0.075190748001905,0.0596566764451608,0.0608277316462369,0.0588723361369175,0.0588059834539601,0.0535820544400315,0.0460476458852219,0.0419479907810832,0.0520017634397448,0.0610076405845379,-0.4233215053404892,-0.8015813673191527,-0.347757230587709,-0.2194759515759625,-0.794602446161295,-0.6888438877771488,-0.6812341851099468,-0.5126675967242096,-0.1909037194151958,-0.1960994305575182,0.3534821493298159,0.4030283564892083,0.1310336269733722,-0.4604339938034839,-0.6559285034584134,-0.6325208659983212,Healthcare,35.0,2.0,113,6.565357923461536,674.865,1229.569,9.562372986961163,8.970935062084509,9.591455067270287,8.99153863134567
PKI,2024Q2,2024,Q2,0,1,0,0,691.685,417.016,274.669,299.782,251.65,85.724,85.724,86.662,55.36,48.132,103.492,13424.849,7870.314,14218.549,7869.958,0.0695865892711277,0.3638216818349393,0.6028987183472246,0.1239350282281674,0.0800364327692519,57.253,56.69,54.536,53.521,73.352,76.609,80.321,68.608,65.824,60.216,56.823,50.131,0.08072175092116027,0.08072175092116027,0.0735765919154252,0.075190748001905,0.0596566764451608,0.0608277316462369,0.0588723361369175,0.0588059834539601,0.0535820544400315,0.0460476458852219,0.0419479907810832,0.0520017634397448,-0.028263438058002,-0.3513538847293987,0.0244985800060928,-0.1006894490013265,-0.6115619718246038,-0.2261780104712041,0.0550266611477685,-0.0987337535560887,0.0486771207947693,0.0214385498654126,-0.0745325572587106,0.0791784130248296,0.0542966274302274,-0.2036710155452763,-0.3324876919581025,-0.2547455137252643,Healthcare,35.0,2.0,114,6.5405753503982575,709.066,711.803,9.504937157600951,8.97098029062586,9.562372986961163,8.970935062084509
PKI,2024Q3,2024,Q3,0,0,1,0,684.049,415.658,268.391,286.665,237.521,98.151,98.151,100.357,94.367,49.144,143.511,12769.737,7921.701,13424.849,7870.314,0.0718428065825693,0.3472280494525976,0.6076436044786265,0.1434853351148821,0.1379535676537792,48.132,57.253,56.69,54.536,53.521,73.352,76.609,80.321,68.608,65.824,60.216,56.823,0.0695865892711277,0.08072175092116027,0.08072175092116027,0.0735765919154252,0.075190748001905,0.0596566764451608,0.0608277316462369,0.0588723361369175,0.0588059834539601,0.0535820544400315,0.0460476458852219,0.0419479907810832,-0.0771234758113043,-0.1221429435240052,-0.0473769853092841,-0.0988704708816194,-0.6318720885748363,-0.2860135739694039,-0.2751233323943458,-0.1196947035593865,-0.0278481530747979,-0.0408082687269331,-0.0235643604537814,0.0533931912287231,0.0322323623175595,-0.2263467459438691,-0.0487816804661682,-0.1143100479531948,Healthcare,35.0,3.0,115,6.529490368550588,691.685,741.214,9.454911660751991,8.977487462022669,9.504937157600951,8.97098029062586
PKI,2024Q4,2024,Q4,0,0,0,1,629.881,461.081,168.8,262.535,234.17,-172.354085,81.806,76.685,102.484,28.365,130.849,12392.478,7666.874,12769.737,7921.701,0.0450323156278725,0.3717686356629268,0.7320128722726992,0.129875325656751,0.1627037488033454,49.144,48.132,57.253,56.69,54.536,53.521,73.352,76.609,80.321,68.608,65.824,60.216,0.0718428065825693,0.0695865892711277,0.08072175092116027,0.08072175092116027,0.0735765919154252,0.075190748001905,0.0596566764451608,0.0608277316462369,0.0588723361369175,0.0588059834539601,0.0535820544400315,0.0460476458852219,-0.0666562942218074,3.124934594485812,0.2090249261863932,-0.4996472040924326,-2.087970337966645,0.6556567496458208,1.604789402173913,-0.4248702721303991,-0.057882095454966,-0.1399260271190215,-0.4639136763767115,0.0094008227757058,0.2953694536123177,0.7738982321259522,3.4195236641646085,0.6048200159440731,Healthcare,35.0,4.0,116,6.447117255215558,684.049,674.865,9.42492564548164,8.944794672105647,9.454911660751991,8.977487462022669
PKI,2025Q1,2025,Q1,1,0,0,0,664.762,414.607,250.155,303.316,249.719,72.23,72.23,52.382,42.237,53.597,95.834,12360.724,7637.13,12392.478,7666.874,0.0806258480478727,0.3756517370126451,0.6236923891558183,0.1086554285593942,0.0635370252812284,28.365,49.144,48.132,57.253,56.69,54.536,53.521,73.352,76.609,80.321,68.608,65.824,0.0450323156278725,0.0718428065825693,0.0695865892711277,0.08072175092116027,0.08072293490725024,0.0735765919154252,0.075190748001905,0.0596566764451608,0.0608277316462369,0.0588723361369175,0.0588059834539601,0.0535820544400315,-0.0624821948873589,0.1878005568210581,-0.045783659378596,-0.0638569157948054,-0.074638720918315,-0.074638720918315,-0.2679375017469324,-0.0889075850615151,-0.0647999041277497,-0.0646334129982267,-0.0014663411190163,-0.0024721762378819,0.0178114329324727,-0.0129667148342802,0.2669631982918405,0.0325604447700729,Healthcare,35.0,1.0,117,6.500932249315675,629.881,709.066,9.422360203485592,8.940908087802967,9.42492564548164,8.944794672105647
PKI,2025Q2,2025,Q2,0,1,0,0,720.284,434.691,285.593,301.796,248.526,90.76,90.76,68.65,53.948,53.27,107.218,12362.789,7556.168,12360.724,7637.13,0.0739569392073126,0.3450389013222562,0.6034994529935414,0.1260058532467748,0.0748982345852469,53.597,28.365,49.144,48.132,57.253,56.69,54.536,53.521,73.352,76.609,80.321,68.608,0.0806258480478727,0.0450323156278725,0.0718428065825693,0.0695865892711277,0.08072293490725024,0.08072411889334022,0.0735765919154252,0.075190748001905,0.0596566764451608,0.0608277316462369,0.0588723361369175,0.0588059834539601,0.0413468558664711,-0.0255057803468208,0.0423844648646574,0.1067481093659106,0.0587466753767906,0.0587466753767906,-0.2078419607209618,0.039771506795452,-0.0124140671567652,0.0067182152364051,0.0628044854901119,-0.0516263363358443,0.0009964105546012,0.0167089566865226,-0.0641982408038923,0.0360027828237932,Healthcare,35.0,2.0,118,6.581032957092519,664.762,691.685,9.422527237431847,8.930251795817679,9.422360203485592,8.940908087802967
PKI,2025Q3,2025,Q3,0,0,1,0,698.949,293.408,405.541,292.708,241.911,81.896,81.896,55.685,46.652,50.797,97.449,12138.952,7375.896,12362.789,7556.168,0.0726762610719809,0.3461067974916625,0.4197845622498924,0.1171702084129171,0.0667459285298355,53.27,53.597,28.365,49.144,48.132,57.253,56.69,54.536,53.521,73.352,76.609,80.321,0.0739569392073126,0.0806258480478727,0.0450323156278725,0.0718428065825693,0.0695865892711277,0.08072411889334022,0.07985568687207537,0.0735765919154252,0.075190748001905,0.0596566764451608,0.0608277316462369,0.0588723361369175,0.0217820653198819,-0.505632265516547,-0.2941119862964264,0.0336358456780074,-0.1656121690049006,-0.1656121690049006,-0.4451308827485875,0.5110081932702659,0.018482576277466,0.0210803551183438,0.0116010847718435,-0.003229151454506,-0.3091599102568056,-0.1833994162601753,-0.5161710591106483,-0.3209649434538119,Healthcare,35.0,3.0,119,6.551007475246337,720.284,684.049,9.404257110734173,8.906108232913162,9.422527237431847,8.930251795817679
