ticker,Year_Quarter,year,quarter,Q1,Q2,Q3,Q4,revenue,grossProfit,costOfRevenue,operatingExpenses,snaExpenses,ebitda,operatingIncome,incomeBeforeTax,netIncome,rnd,net_plus_rnd,totalAssets,totalEquity,totalAssets_lag1,totalEquity_lag1,rnd_to_rev_ratio,sna_to_rev_ratio,grossProfitRatio,operatingIncomeRatio,netIncomeRatio,rnd_lag1,rnd_lag2,rnd_lag3,rnd_lag4,rnd_lag5,rnd_lag6,rnd_lag7,rnd_lag8,rnd_lag9,rnd_lag10,rnd_lag11,rnd_lag12,rnd_to_rev_ratio_lag1,rnd_to_rev_ratio_lag2,rnd_to_rev_ratio_lag3,rnd_to_rev_ratio_lag4,rnd_to_rev_ratio_lag5,rnd_to_rev_ratio_lag6,rnd_to_rev_ratio_lag7,rnd_to_rev_ratio_lag8,rnd_to_rev_ratio_lag9,rnd_to_rev_ratio_lag10,rnd_to_rev_ratio_lag11,rnd_to_rev_ratio_lag12,revenue_yoy,netIncome_yoy,grossProfit_yoy,rnd_yoy,ebitda_yoy,operatingIncome_yoy,incomeBeforeTax_yoy,costOfRevenue_yoy,snaExpenses_yoy,operatingExpenses_yoy,rnd_to_rev_ratio_yoy,sna_to_rev_ratio_yoy,grossProfitRatio_yoy,operatingIncomeRatio_yoy,netIncomeRatio_yoy,net_plus_rnd_yoy,gics_sectors,gics_sector_code,quarter_int,time_idx,revenue_log,revenue_lag1,revenue_lag4,totalAssets_log,totalEquity_log,totalAssets_lag1_log,totalEquity_lag1_log
QCOM,1995Q2,1995,Q2,0,1,0,0,99.5,53.5,46.0,50.1,21.0,11.2,3.4,8.1,7.3,21.3,28.6,399.2,289.1,367.6,278.5,0.2140703517587939,0.2110552763819095,0.5376884422110553,0.0341708542713567,0.0733668341708542,17.7,,,,,,,,,,,,0.1971046770601336,,,,,,,,,,,,,,,,,,,,,,,,,,,,Information Technology,45.0,2.0,1,4.61015772749913,89.8,,5.991964422149633,5.670225691127358,5.909712045235723,5.633002292595154
QCOM,1995Q3,1995,Q3,0,0,1,0,121.5,61.6,59.9,52.6,19.5,18.4,9.0,17.6,10.9,23.7,34.6,940.7,799.6,399.2,289.1,0.1950617283950617,0.1604938271604938,0.5069958847736625,0.074074074074074,0.0897119341563786,21.3,17.7,,,,,,,,,,,0.2140703517587939,0.1971046770601336,,,,,,,,,,,,,,,,,,,,,,,,,,,Information Technology,45.0,3.0,2,4.808111029984782,99.5,,6.847686752516018,6.685361446558473,5.991964422149633,5.670225691127358
QCOM,1995Q4,1995,Q4,0,0,0,1,146.6,61.4,85.2,58.9,26.7,-4.5,2.5,14.0,10.1,32.2,42.3,961.4,810.9,940.7,799.6,0.2196452933151432,0.1821282401091405,0.4188267394270122,0.0170532060027285,0.0688949522510232,23.7,21.3,17.7,,,,,,,,,,0.1950617283950617,0.2140703517587939,0.1971046770601336,,,,,,,,,,,,,,,,,,,,,,,,,,Information Technology,45.0,4.0,3,4.994505912166372,121.5,,6.869430164660469,6.6993771798684,6.847686752516018,6.685361446558473
QCOM,1996Q1,1996,Q1,1,0,0,0,149.3,64.0,85.3,72.5,25.0,3.7,-8.5,0.1,1.5,35.3,36.8,974.1,820.2,961.4,810.9,0.2364367046215672,0.1674480910917615,0.4286671131949095,-0.0569323509711989,0.0100468854655056,32.2,23.7,21.3,17.7,,,,,,,,,0.2196452933151432,0.1950617283950617,0.2140703517587939,0.1971046770601336,,,,,,,,,0.6625835189309579,-0.75,0.3704496788008564,0.9943502824858756,-0.6837606837606838,-2.976744186046512,-0.9859154929577464,0.9791183294663572,0.4044943820224718,0.7099056603773586,0.1995489307919062,-0.1552337876381918,-0.1757107759121441,-2.1889593295845726,-0.8496316141995981,0.5527426160337552,Information Technology,45.0,1.0,4,5.012633296758929,146.6,89.8,6.882540029841073,6.710766685144779,6.869430164660469,6.6993771798684
QCOM,1996Q2,1996,Q2,0,1,0,0,234.9,89.6,145.3,95.3,33.3,5.5,-5.7,1.8,1.5,46.7,48.2,1034.6,829.7,974.1,820.2,0.1988080034057045,0.1417624521072796,0.3814389101745423,-0.0242656449553001,0.0063856960408684,35.3,32.2,23.7,21.3,17.7,,,,,,,,0.2364367046215672,0.2196452933151432,0.1950617283950617,0.2140703517587939,0.1971046770601336,,,,,,,,1.3608040201005025,-0.7945205479452054,0.6747663551401868,1.192488262910798,-0.5089285714285714,-2.6764705882352944,-0.7777777777777778,2.1586956521739133,0.5857142857142856,0.902195608782435,-0.0712959465320373,-0.3283160007297939,-0.2905949240679072,-1.7101269626624596,-0.9129620882100806,0.6853146853146854,Information Technology,45.0,2.0,5,5.463407986413629,149.3,99.5,6.942736247877383,6.722268718845026,6.882540029841073,6.710766685144779
QCOM,1996Q3,1996,Q3,0,0,1,0,283.2,107.5,175.7,103.5,38.3,21.1,4.0,10.6,7.9,48.1,56.0,1185.3,844.9,1034.6,829.7,0.1698446327683616,0.1352401129943502,0.379590395480226,0.0141242937853107,0.0278954802259887,46.7,35.3,32.2,23.7,21.3,17.7,,,,,,,0.1988080034057045,0.2364367046215672,0.2196452933151432,0.1950617283950617,0.2140703517587939,0.1971046770601336,,,,,,,1.3308641975308642,-0.2752293577981651,0.7451298701298701,1.0295358649789033,0.1467391304347827,-0.5555555555555556,-0.3977272727272728,1.93322203672788,0.964102564102564,0.9676806083650188,-0.1292775155546019,-0.1573500651890482,-0.251294918005723,-0.809322033898305,-0.6890549681231535,0.6184971098265895,Information Technology,45.0,3.0,6,5.649678215663,234.9,121.5,7.078594498667058,6.740401149309969,6.942736247877383,6.722268718845026
QCOM,1996Q4,1996,Q4,0,0,0,1,388.94,101.73,287.21,88.711,42.533,32.023,13.019,12.168,9.126,46.178,55.304,1311.9,855.276,1185.3,844.9,0.1187278243430863,0.1093561988995732,0.2615570525016712,0.0334730292590116,0.0234637733326477,48.1,46.7,35.3,32.2,23.7,21.3,17.7,,,,,,0.1698446327683616,0.1988080034057045,0.2364367046215672,0.2196452933151432,0.1950617283950617,0.2140703517587939,0.1971046770601336,,,,,,1.6530695770804913,-0.0964356435643564,0.6568403908794789,0.4340993788819873,-8.116222222222223,4.2076,-0.1308571428571429,2.3710093896713613,0.5929962546816481,0.5061290322580645,-0.4594565512827188,-0.3995648404989725,-0.3755005880008957,0.9628584357484448,-0.6594268147954303,0.3074231678486996,Information Technology,45.0,4.0,7,5.965992881134312,283.2,146.6,7.179993709940065,6.752592754078933,7.078594498667058,6.740401149309969
QCOM,1997Q1,1997,Q1,1,0,0,0,585.746,130.552,455.194,115.01,53.112,38.213,15.542,22.327,16.745,53.106,69.851,2039.993,888.489,1311.9,855.276,0.0906638713708672,0.0906741147186664,0.2228815903138903,0.0265336852492377,0.0285874764829806,46.178,48.1,46.7,35.3,32.2,23.7,21.3,17.7,,,,,0.1187278243430863,0.1698446327683616,0.1988080034057045,0.2364367046215672,0.2196452933151432,0.1950617283950617,0.2140703517587939,0.1971046770601336,,,,,2.923281982585398,10.163333333333334,1.039875,0.5044192634560909,9.327837837837835,-2.828470588235294,222.27,4.336389214536929,1.12448,0.5863448275862069,-0.6165406233521109,-0.4584941869001239,-0.4800590400958776,-1.4660563773777873,1.845406825939344,0.8981250000000001,Information Technology,45.0,1.0,8,6.3745920174944315,388.94,149.3,7.621191733112636,6.790647140531392,7.179993709940065,6.752592754078933
QCOM,1997Q2,1997,Q2,0,1,0,0,520.26,164.837,355.423,131.775,66.932,57.275,33.062,35.831,35.945,64.843,100.788,2050.291,964.854,2039.993,888.489,0.1246357590435551,0.1286510590858417,0.3168358128627993,0.0635489947334025,0.0690904547726136,53.106,46.178,48.1,46.7,35.3,32.2,23.7,21.3,17.7,,,,0.0906638713708672,0.1187278243430863,0.1698446327683616,0.1988080034057045,0.2364367046215672,0.2196452933151432,0.1950617283950617,0.2140703517587939,0.1971046770601336,,,,1.2148148148148148,22.96333333333333,0.8396986607142858,0.3885010706638114,9.413636363636364,-6.800350877192982,18.906111111111112,1.446132140399174,1.00996996996997,0.3827387198321093,-0.3730848008708542,-0.0924884750971705,-0.1693668254300048,-3.618887519802852,9.819565217391304,1.0910373443983403,Information Technology,45.0,2.0,9,6.256248957581266,585.746,234.9,7.626224630016857,6.873012684073555,7.621191733112636,6.790647140531392
QCOM,1997Q3,1997,Q3,0,0,1,0,601.419,181.24,420.179,145.406,73.611,63.544,35.834,38.108,30.118,71.795,101.913,2274.68,1024.178,2050.291,964.854,0.1193760090718783,0.1223955345607638,0.3013539645405283,0.0595824209078861,0.0500782316488172,64.843,53.106,46.178,48.1,46.7,35.3,32.2,23.7,21.3,17.7,,,0.1246357590435551,0.0906638713708672,0.1187278243430863,0.1698446327683616,0.1988080034057045,0.2364367046215672,0.2196452933151432,0.1950617283950617,0.2140703517587939,0.1971046770601336,,,1.123654661016949,2.812405063291139,0.685953488372093,0.4926195426195425,2.011563981042653,7.958500000000001,2.595094339622641,1.3914570290267505,0.9219582245430812,0.4048888888888888,-0.2971458260050739,-0.0949760995402528,-0.2061075092290454,3.2184354002783424,0.795209519360131,0.8198749999999999,Information Technology,45.0,3.0,10,6.40095321649294,520.26,283.2,7.730034187821918,6.932621535032196,7.626224630016857,6.873012684073555
QCOM,1997Q4,1997,Q4,0,0,0,1,785.854,232.239,553.615,179.344,92.567,83.869,52.895,56.557,36.762,74.801,111.563,2426.349,1072.825,2274.68,1024.178,0.0951843472197125,0.1177915999664059,0.2955243594866222,0.0673089403375181,0.0467796817220501,71.795,64.843,53.106,46.178,48.1,46.7,35.3,32.2,23.7,21.3,17.7,,0.1193760090718783,0.1246357590435551,0.0906638713708672,0.1187278243430863,0.1698446327683616,0.1988080034057045,0.2364367046215672,0.2196452933151432,0.1950617283950617,0.2140703517587939,0.1971046770601336,,1.0205018768961795,3.028270874424721,1.2828959009141845,0.6198406167439041,1.619023826624613,3.0629080574544894,3.648011176857331,0.9275617144249856,1.1763571814826133,1.0216658587999232,-0.1982978906051581,0.0771369264085282,0.1298657660348652,1.0108410211901306,0.9936981600892164,1.0172681903659773,Information Technology,45.0,4.0,11,6.668042716594987,601.419,388.94,7.794554994317245,6.978982319520395,7.730034187821918,6.932621535032196
QCOM,1998Q1,1998,Q1,1,0,0,0,760.553,226.221,534.332,174.92,97.974,85.446,51.301,26.222,26.011,76.946,102.957,2455.731,1119.908,2426.349,1072.825,0.1011711215391958,0.1288194248132609,0.2974427817653733,0.0674522354129166,0.0342001149163832,74.801,71.795,64.843,53.106,46.178,48.1,46.7,35.3,32.2,23.7,21.3,17.7,0.0951843472197125,0.1193760090718783,0.1246357590435551,0.0906638713708672,0.1187278243430863,0.1698446327683616,0.1988080034057045,0.2364367046215672,0.2196452933151432,0.1950617283950617,0.2140703517587939,0.1971046770601336,0.2984348164562798,0.5533592117049864,0.7328037869967523,0.4489134937671826,1.2360453248894356,2.3007978381160727,0.1744524566668159,0.1738555429113739,0.8446678716674199,0.5209112251108599,0.1158923616370615,0.4206857735854101,0.3345327505357283,1.5421359596045732,0.1963320699798028,0.4739516971840058,Information Technology,45.0,1.0,12,6.635359769388006,785.854,585.746,7.806586883417983,7.021894350123536,7.794554994317245,6.978982319520395
QCOM,1998Q2,1998,Q2,0,1,0,0,875.497,250.817,624.68,197.464,104.654,89.105,53.353,8.229,5.843,92.81,98.653,2635.364,1134.614,2455.731,1119.908,0.1060083586808407,0.1195366745974001,0.2864852763630258,0.0609402430847849,0.0066739234971678,76.946,74.801,71.795,64.843,53.106,46.178,48.1,46.7,35.3,32.2,23.7,21.3,0.1011711215391958,0.0951843472197125,0.1193760090718783,0.1246357590435551,0.0906638713708672,0.1187278243430863,0.1698446327683616,0.1988080034057045,0.2364367046215672,0.2196452933151432,0.1950617283950617,0.2140703517587939,0.6828066735862837,-0.8374460982055919,0.5216061927843871,0.4313033018213221,0.5557398515931908,0.6137257274212089,-0.77033853367196,0.7575677432242707,0.5635869240423115,0.4984936444697401,-0.1494547030937157,-0.0708457789092903,-0.0957926322328855,-0.0410510293602855,-0.9034031036684778,-0.0211830773504783,Information Technology,45.0,2.0,13,6.775933281651495,760.553,520.26,7.877155974101266,7.0349287528074305,7.806586883417983,7.021894350123536
QCOM,1998Q3,1998,Q3,0,0,1,0,925.966,305.194,620.772,220.078,115.152,126.137,85.116,57.666,39.916,104.926,144.84199999999998,2566.713,957.596,2635.364,1134.614,0.1133151757191948,0.1243587777520988,0.3295952551173585,0.0919213016460647,0.0431074143111086,92.81,76.946,74.801,71.795,64.843,53.106,46.178,48.1,46.7,35.3,32.2,23.7,0.1060083586808407,0.1011711215391958,0.0951843472197125,0.1193760090718783,0.1246357590435551,0.0906638713708672,0.1187278243430863,0.1698446327683616,0.1988080034057045,0.2364367046215672,0.2196452933151432,0.1950617283950617,0.5396354288773717,0.3253204064014874,0.6839218715515338,0.4614666759523644,0.9850339921943853,1.375286041189931,0.5132255694342396,0.4773989180801516,0.564331417858744,0.5135413944403944,-0.0507709497059341,0.016040153739109,0.0937146807406017,0.542758757455897,-0.1391985521092824,0.4212318349965165,Information Technology,45.0,3.0,14,6.831916887439068,875.497,601.419,7.850770898439613,6.865469713964895,7.877155974101266,7.0349287528074305
QCOM,1998Q4,1998,Q4,0,0,0,1,941.223,298.833,642.39,220.885,120.523,122.3,77.948,71.584,48.53,100.362,148.892,2762.775,1014.685,2566.713,957.596,0.1066293535113357,0.1280493570599103,0.3174943663722625,0.0828156558010163,0.0515605759740252,104.926,92.81,76.946,74.801,71.795,64.843,53.106,46.178,48.1,46.7,35.3,32.2,0.1133151757191948,0.1060083586808407,0.1011711215391958,0.0951843472197125,0.1193760090718783,0.1246357590435551,0.0906638713708672,0.1187278243430863,0.1698446327683616,0.1988080034057045,0.2364367046215672,0.2196452933151432,0.1977072077001578,0.3201131603286002,0.2867477038740265,0.3417200304808758,0.4582265199298907,0.4736364495699023,0.2656965539190552,0.1603551204356819,0.3020082750872341,0.2316274868409313,0.1202404242496393,0.0870839439860728,0.0743424566550321,0.2303812151215027,0.1022002304415339,0.3346001810636141,Information Technology,45.0,4.0,15,6.848241976921087,925.966,785.854,7.924352777811432,6.923318540696206,7.850770898439613,6.865469713964895
QCOM,1999Q1,1999,Q1,1,0,0,0,932.395,308.62,623.775,303.431,104.894,91.889,5.189,-65.568,-42.62,102.713,60.093,2621.396,1076.851,2762.775,1014.685,0.1101603933955029,0.1124995307782645,0.3309970559687686,0.0055652379088261,-0.0457102408314072,100.362,104.926,92.81,76.946,74.801,71.795,64.843,53.106,46.178,48.1,46.7,35.3,0.1066293535113357,0.1133151757191948,0.1060083586808407,0.1011711215391958,0.0951843472197125,0.1193760090718783,0.1246357590435551,0.0906638713708672,0.1187278243430863,0.1698446327683616,0.1988080034057045,0.2364367046215672,0.2259434911176472,-2.6385375418092343,0.3642411624031367,0.3348712083799028,0.0754043489455327,-0.8988518742324711,-3.5004957669132786,0.1673921831370757,0.0706309837303775,0.7346844271667048,0.0888521518744311,-0.1266881455079771,0.112809172924772,-0.917493647545438,-2.336552258469468,-0.4163291471196713,Information Technology,45.0,1.0,16,6.838828476741137,941.223,760.553,7.871843682668085,6.9827245229918935,7.924352777811432,6.923318540696206
QCOM,1999Q2,1999,Q2,0,1,0,0,1004.066,406.399,597.667,308.02,104.884,138.463,98.379,90.689,58.948,93.791,152.739,2977.436,1409.246,2621.396,1076.851,0.0934111901010491,0.1044592686138162,0.4047532731912046,0.0979806108363394,0.0587092880348502,102.713,100.362,104.926,92.81,76.946,74.801,71.795,64.843,53.106,46.178,48.1,46.7,0.1101603933955029,0.1066293535113357,0.1133151757191948,0.1060083586808407,0.1011711215391958,0.0951843472197125,0.1193760090718783,0.1246357590435551,0.0906638713708672,0.1187278243430863,0.1698446327683616,0.1988080034057045,0.1468525877301694,9.088653089166524,0.6203008567999777,0.0105699816830082,0.5539307558498399,0.8439263021760726,10.020658646251064,-0.0432429403854772,0.0021977181951955,0.5598792691326013,-0.1188318424749681,-0.1261320513922998,0.412823996854599,0.6078145717276007,7.796817653028809,0.5482448582404995,Information Technology,45.0,2.0,17,6.912808489978679,932.395,875.497,7.999153609512051,7.251519436239534,7.871843682668085,6.9827245229918935
QCOM,1999Q3,1999,Q3,0,0,1,0,1059.615,438.375,621.24,214.751,95.64,255.269,223.624,209.981,136.021,84.273,220.294,4534.95,2871.755,2977.436,1409.246,0.08186946918753953,0.0902591979162242,0.4137115839243498,0.2110426900336443,0.1283683224567413,93.791,102.713,100.362,104.926,92.81,76.946,74.801,71.795,64.843,53.106,46.178,48.1,0.0934111901010491,0.1101603933955029,0.1066293535113357,0.1133151757191948,0.1060083586808407,0.1011711215391958,0.0951843472197125,0.1193760090718783,0.1246357590435551,0.0906638713708672,0.1187278243430863,0.1698446327683616,0.1443346731953441,2.407681130373785,0.4363814491765891,-0.1968339591712254,1.023744024354472,1.6272851167818034,2.641331113654493,0.0007538999826022,-0.1694456023343059,-0.0242050545715609,-0.29813711002387,-0.2742032404326929,0.2552109822607735,1.2959062399512835,1.97787108106972,0.5209262506731474,Information Technology,45.0,3.0,18,6.966604207540979,1004.066,925.966,8.419789822419146,7.963026778628788,7.999153609512051,7.251519436239534
QCOM,1999Q4,1999,Q4,0,0,0,1,1120.073,471.325,648.748,211.404,101.848,295.003,259.921,282.45,177.119,83.404,260.523,4985.435,3688.763,4534.95,2871.755,0.08186946918753953,0.0909297876120574,0.4207984658142817,0.2320571962720286,0.1581316574901814,84.273,93.791,102.713,100.362,104.926,92.81,76.946,74.801,71.795,64.843,53.106,46.178,0.08186946918753953,0.0934111901010491,0.1101603933955029,0.1066293535113357,0.1133151757191948,0.1060083586808407,0.1011711215391958,0.0951843472197125,0.1193760090718783,0.1246357590435551,0.0906638713708672,0.1187278243430863,0.1900187309489889,2.649680609932001,0.5772187141313039,-0.1689683346286442,1.4121259198691742,2.334543541848412,2.9457141260616893,0.0098974143433117,-0.1549496776548874,-0.042922787876044,-0.3016650547099846,-0.2898848561222048,0.3253730156613079,1.8020933243540265,2.0669102216748616,0.7497447814523281,Information Technology,45.0,4.0,19,7.022041541380106,1059.615,941.223,8.514476504561937,8.213317507329613,8.419789822419146,7.963026778628788
QCOM,2000Q1,2000,Q1,1,0,0,0,727.741,377.345,350.396,245.524,97.398,178.133,71.791,399.068,199.716,90.153,289.869,6143.724,5459.252,4985.435,3688.763,0.1238806113713532,0.1338360762963746,0.51851551582225,0.0986491073060333,0.2744327995811697,83.404,84.273,93.791,102.713,100.362,104.926,92.81,76.946,74.801,71.795,64.843,53.106,0.08186946918753953,0.08186946918753953,0.0934111901010491,0.1101603933955029,0.1066293535113357,0.1133151757191948,0.1060083586808407,0.1011711215391958,0.0951843472197125,0.1193760090718783,0.1246357590435551,0.0906638713708672,-0.2194928115230133,-5.685969028625059,0.2226848551616875,-0.1222824764148645,0.9385671843202126,12.835228367700903,-7.086322596388482,-0.4382654001843613,-0.0714626194062578,-0.1908407512745895,0.1245476486870498,0.1896589734242022,0.5665260656311539,16.725946118059152,-7.003748713408839,3.82367330637512,Information Technology,45.0,1.0,20,6.591318387674205,1120.073,932.395,8.72334910642676,8.605250221520048,8.514476504561937,8.213317507329613
QCOM,2000Q2,2000,Q2,0,1,0,0,713.521,438.569,274.952,221.135,76.696,300.112,217.434,281.274,154.701,80.933,235.634,6371.595,5773.543,6143.724,5459.252,0.1134276356267019,0.1074894782353988,0.6146546492675059,0.3047338480577306,0.2168135205551063,90.153,83.404,84.273,93.791,102.713,100.362,104.926,92.81,76.946,74.801,71.795,64.843,0.1238806113713532,0.08186946918753953,0.08186946918753953,0.0934111901010491,0.1101603933955029,0.1066293535113357,0.1133151757191948,0.1060083586808407,0.1011711215391958,0.0951843472197125,0.1193760090718783,0.1246357590435551,-0.2893684279718664,1.624363846101649,0.0791586593470949,-0.137092045078952,1.167452676888411,1.2101668038910742,2.10152278666652,-0.5399578695159679,-0.2687540520956485,-0.2820758392312187,0.2142831656892467,0.0290085280300518,0.5185909292872954,2.1101443995561384,2.6930020412852578,0.5427232075632289,Information Technology,45.0,2.0,21,6.571612388120655,727.741,1004.066,8.759762043946134,8.661214398059585,8.72334910642676,8.605250221520048
QCOM,2000Q3,2000,Q3,0,0,1,0,635.445,402.419,233.026,228.927,67.07,253.262,173.492,234.013,138.675,85.917,224.592,6062.982,5516.328,6371.595,5773.543,0.1352076104147487,0.1055480804790343,0.633286909173886,0.2730244159604686,0.2182328919103935,80.933,90.153,83.404,84.273,93.791,102.713,100.362,104.926,92.81,76.946,74.801,71.795,0.1134276356267019,0.1238806113713532,0.08186946918753953,0.08186946918753953,0.0934111901010491,0.1101603933955029,0.1066293535113357,0.1133151757191948,0.1060083586808407,0.1011711215391958,0.0951843472197125,0.1193760090718783,-0.4003057714358516,0.0195116930473973,-0.0820211006558312,0.0195080274821117,-0.007862294285636,-0.2241798733588523,0.1144484500978659,-0.6249018092846566,-0.2987243831033042,0.0660113340566515,0.7000464218625653,0.1693886375657882,0.5307449290317359,0.2936928349280576,0.7000525342530317,0.0195102907932127,Information Technology,45.0,3.0,22,6.455898004208909,713.521,1059.615,8.710121958980071,8.615648964106246,8.759762043946134,8.661214398059585
QCOM,2000Q4,2000,Q4,0,0,0,1,684.021,388.1,295.921,779.048,79.964,-342.068,-390.948,-687.611,-228.743,86.123,-142.62,5580.425,5010.142,6062.982,5516.328,0.1259069531490992,0.1169028436261459,0.5673802412499032,-0.5715438561096808,-0.3344093236903545,85.917,80.933,90.153,83.404,84.273,93.791,102.713,100.362,104.926,92.81,76.946,74.801,0.1352076104147487,0.1134276356267019,0.1238806113713532,0.08186946918753953,0.08175814764091512,0.0934111901010491,0.1101603933955029,0.1066293535113357,0.1133151757191948,0.1060083586808407,0.1011711215391958,0.0951843472197125,-0.3893067683981313,-2.2914650602137545,-0.1765766721476687,0.0326003548990456,-2.159540750433046,-2.504103169809288,-3.434452115418658,-0.543858324033369,-0.2148692168722017,2.685114756579819,0.690865890539675,0.2856385866081634,0.3483419911048699,-3.462943900432588,-3.1147525359437807,-1.547437270413745,Information Technology,45.0,4.0,23,6.5294494947266175,635.445,1120.073,8.627199399116455,8.519419112215376,8.710121958980071,8.615648964106246
QCOM,2001Q1,2001,Q1,1,0,0,0,713.255,459.758,253.497,248.804,87.272,290.14,210.954,308.545,149.072,106.253,255.325,5895.061,5246.044,5580.425,5010.142,0.1489691625014896,0.1223573616728939,0.6445913453112841,0.2957623851217307,0.2090023904494185,86.123,85.917,80.933,90.153,83.404,84.273,93.791,102.713,100.362,104.926,92.81,76.946,0.1259069531490992,0.1352076104147487,0.1134276356267019,0.1238806113713532,0.08175814764091512,0.08164682609429072,0.0934111901010491,0.1101603933955029,0.1066293535113357,0.1133151757191948,0.1060083586808407,0.1011711215391958,-0.0199054333890765,-0.2535800837188808,0.2184022578807192,0.1785852938892771,0.6287829879921181,1.9384463233552955,-0.226836027945112,-0.2765413988744163,-0.1039651738228709,0.0133591828090124,0.2025220157731475,-0.0857669691246889,0.2431476506331851,1.99812530694479,-0.2384205139896138,-0.1191710738299025,Information Technology,45.0,1.0,24,6.571240041436398,684.021,727.741,8.68203977981294,8.565420149395786,8.627199399116455,8.519419112215376
QCOM,2001Q2,2001,Q2,0,1,0,0,640.027,407.157,232.87,301.938,104.175,105.219,105.219,-90.082,-274.736,107.414,-167.322,5757.083,5152.476,5895.061,5246.044,0.1678272947860012,0.1627665707852949,0.6361559746698185,0.1643977519698387,-0.4292568907249225,106.253,86.123,85.917,80.933,90.153,83.404,84.273,93.791,102.713,100.362,104.926,92.81,0.1489691625014896,0.1259069531490992,0.1352076104147487,0.1134276356267019,0.1238806113713532,0.08164682609429072,0.08153550454766631,0.0934111901010491,0.1101603933955029,0.1066293535113357,0.1133151757191948,0.1060083586808407,-0.1030018738060967,-2.77591612206773,-0.0716238493828793,0.3271965700023476,-0.6494008903342752,-0.5160876403874279,-1.3202642263415745,-0.1530521691058802,0.3582846563054136,0.3654012254957379,0.4795979291883698,0.5142558458497763,0.0349811482398061,-0.4605202112674591,-2.979843736801556,-1.7100927709923015,Information Technology,45.0,2.0,25,6.463071577718444,713.255,713.521,8.658359885795566,8.5474267174368,8.68203977981294,8.565420149395786
QCOM,2001Q3,2001,Q3,0,0,1,0,642.483,389.668,252.815,307.963,95.744,161.572,81.705,42.843,-194.336,114.97,-79.36600000000001,5747.133,4889.815,5757.083,5152.476,0.1789463690089854,0.1490218418230521,0.6065032070887479,0.1271706800024281,-0.3024764857591563,107.414,106.253,86.123,85.917,80.933,90.153,83.404,84.273,93.791,102.713,100.362,104.926,0.1678272947860012,0.1489691625014896,0.1259069531490992,0.1352076104147487,0.1134276356267019,0.1238806113713532,0.08153550454766631,0.08142418300104191,0.0934111901010491,0.1101603933955029,0.1066293535113357,0.1133151757191948,0.0110757028539054,-2.4013773210744547,-0.0316858796428597,0.3381519373348696,-0.3620361522849855,-0.5290560948055242,-0.8169204274976176,0.0849218542136929,0.4275234829282841,0.3452454275817183,0.3234933186088291,0.4118858547375785,-0.0422931560674086,-0.5342149911572699,-2.386026107757181,-1.353378570919712,Information Technology,45.0,3.0,26,6.466895608660801,640.027,635.445,8.656630385414175,8.495114235248238,8.658359885795566,8.5474267174368
QCOM,2001Q4,2001,Q4,0,0,0,1,698.642,453.445,245.197,271.364,100.765,265.728,182.081,217.551,139.233,106.868,246.101,6332.453,5110.982,5747.133,4889.815,0.1529653241574368,0.1442298058232972,0.6490377045754477,0.2606213196458271,0.1992909100798406,114.97,107.414,106.253,86.123,85.917,80.933,90.153,83.404,84.273,93.791,102.713,100.362,0.1789463690089854,0.1678272947860012,0.1489691625014896,0.1259069531490992,0.1352076104147487,0.1134276356267019,0.1238806113713532,0.08142418300104191,0.08131286145441752,0.0934111901010491,0.1101603933955029,0.1066293535113357,0.0213750747418575,-1.6086874789611048,0.168371553723267,0.2408764209328517,-1.776827999111288,-1.4657422470507586,-1.3163867361051524,-0.1714106129676501,0.2601295583012355,-0.6516722974707592,0.214907678500448,0.2337578911642435,0.1439201744947238,-1.4559953131502357,-1.595949024030124,-2.725571448604684,Information Technology,45.0,4.0,27,6.550568775647777,642.483,684.021,8.753600864038807,8.53934247492441,8.656630385414175,8.495114235248238
QCOM,2002Q1,2002,Q1,1,0,0,0,696.115,404.201,291.914,304.397,123.96,99.804,99.804,68.641,43.93,116.755,160.685,6389.384,5220.173,6332.453,5110.982,0.1677237238100026,0.1780740251251589,0.5806526220523908,0.1433728622425892,0.0631073888653455,106.868,114.97,107.414,106.253,86.123,85.917,80.933,90.153,83.404,84.273,93.791,102.713,0.1529653241574368,0.1789463690089854,0.1678272947860012,0.1489691625014896,0.1259069531490992,0.1352076104147487,0.1134276356267019,0.1238806113713532,0.08131286145441752,0.08120153990779311,0.0934111901010491,0.1101603933955029,-0.0240306762658516,-0.7053101856820865,-0.1208396591250178,0.0988395621770679,-0.6560143379058385,-0.5268921186609403,-0.7775332609505907,0.1515481445539788,0.4203868365569712,0.2234409414639635,0.1258955947230049,0.4553601245605143,-0.0991926493025069,-0.5152430820992351,-0.6980542245012342,-0.3706648389307745,Information Technology,45.0,1.0,28,6.546950389977104,698.642,713.255,8.762549639462728,8.560477368276258,8.753600864038807,8.53934247492441
QCOM,2002Q2,2002,Q2,0,1,0,0,770.917,482.755,288.162,344.137,152.072,138.618,138.618,-54.144,-13.768,118.086,104.318,6292.215,5245.462,6389.384,5220.173,0.1531760228403317,0.1972611837590817,0.6262087877164467,0.1798092401646351,-0.0178592507364606,116.755,106.868,114.97,107.414,106.253,86.123,85.917,80.933,90.153,83.404,84.273,93.791,0.1677237238100026,0.1529653241574368,0.1789463690089854,0.1678272947860012,0.1489691625014896,0.1259069531490992,0.1352076104147487,0.1134276356267019,0.1238806113713532,0.08120153990779311,0.08109021836116871,0.0934111901010491,0.2045069973610487,-0.9498864364335216,0.1856728485571905,0.0993539017260318,0.317423659225045,0.317423659225045,-0.3989476254967695,0.2374371967191995,0.4597744180465564,0.1397604806284733,-0.0872996967766867,0.2119268889635115,-0.0156363963390183,0.093745127352008,-0.9583949585379976,-1.62345656877159,Information Technology,45.0,2.0,29,6.648877031291477,696.115,640.027,8.747227347888503,8.565309223647882,8.762549639462728,8.560477368276258
QCOM,2002Q3,2002,Q3,0,0,1,0,873.886,561.799,312.087,309.034,131.847,361.925,252.765,229.077,190.282,109.969,300.251,6509.521,5391.956,6292.215,5245.462,0.1258390682537539,0.1508743703412115,0.6428744710408452,0.289242532778875,0.2177423599874583,118.086,116.755,106.868,114.97,107.414,106.253,86.123,85.917,80.933,90.153,83.404,84.273,0.1531760228403317,0.1677237238100026,0.1529653241574368,0.1789463690089854,0.1678272947860012,0.1489691625014896,0.1259069531490992,0.1352076104147487,0.1134276356267019,0.1238806113713532,0.08109021836116871,0.08097889681454432,0.3601698410697249,-1.979139222789396,0.4417375817362472,-0.0434983039053666,1.240023023791251,2.093629520837158,4.346894475176808,0.2344481142337282,0.377078459224599,0.003477690501781,-0.296777749944537,0.0124312550126652,0.059968790810986,1.2744435491998032,-1.7198654118219072,-4.783118715822896,Information Technology,45.0,3.0,30,6.774093592155408,770.917,642.483,8.781174762722294,8.592848936579673,8.747227347888503,8.565309223647882
QCOM,2002Q4,2002,Q4,0,0,0,1,1097.169,709.168,388.001,262.45,147.999,446.718,446.718,389.249,241.334,112.479,353.813,7028.049,5901.009,6509.521,5391.956,0.1025174790756938,0.1348917076585284,0.6463616817463854,0.4071551420063818,0.2199606441669423,109.969,118.086,116.755,106.868,114.97,107.414,106.253,86.123,85.917,80.933,90.153,83.404,0.1258390682537539,0.1531760228403317,0.1677237238100026,0.1529653241574368,0.1789463690089854,0.1678272947860012,0.1489691625014896,0.1259069531490992,0.1352076104147487,0.1134276356267019,0.1238806113713532,0.08097889681454432,0.5704309217023884,0.7333103502761558,0.563955937324262,0.0525040236553506,0.6811100072254335,1.4534026065322578,0.7892310308847124,0.5824051680893321,0.4687540316578176,-0.0328488672041979,-0.3297992231874748,-0.0647445797452526,-0.004123062204549,0.5622480254481397,0.103716391674969,0.4376739631289592,Information Technology,45.0,4.0,31,7.0013995264368845,873.886,698.642,8.857806698271254,8.683048080408533,8.781174762722294,8.592848936579673
QCOM,2003Q1,2003,Q1,1,0,0,0,1043.043,661.115,381.928,429.635,295.869,231.48,231.48,214.876,103.016,131.801,234.817,8218.182,7020.769,7028.049,5901.009,0.1263620004160902,0.2836594464465991,0.6338329292272706,0.2219275715382779,0.0987648639605462,112.479,109.969,118.086,116.755,106.868,114.97,107.414,106.253,86.123,85.917,80.933,90.153,0.1025174790756938,0.1258390682537539,0.1531760228403317,0.1677237238100026,0.1529653241574368,0.1789463690089854,0.1678272947860012,0.1489691625014896,0.1259069531490992,0.1352076104147487,0.1134276356267019,0.1238806113713532,0.4983774232705802,1.345003414523105,0.6356095111095716,0.1288681426919617,1.3193459179992786,1.3193459179992786,2.130432248947422,0.3083579410374288,1.3868102613746371,0.4114298104120606,-0.2466062787919434,0.5929299416196703,0.0915871299898849,0.5479050084302066,0.5650285289300168,0.4613498459719327,Information Technology,45.0,1.0,32,6.950855955333856,1097.169,696.115,9.014225969716446,8.85677045957662,8.857806698271254,8.683048080408533
QCOM,2003Q2,2003,Q2,0,1,0,0,921.608,594.706,326.902,258.884,151.599,364.727,335.822,370.491,191.689,135.69,327.379,8470.002,7205.545,8218.182,7020.769,0.1472317948628918,0.1644940148088992,0.6452917075372611,0.3643870278903829,0.2079940712320205,131.801,112.479,109.969,118.086,116.755,106.868,114.97,107.414,106.253,86.123,85.917,80.933,0.1263620004160902,0.1025174790756938,0.1258390682537539,0.1531760228403317,0.1677237238100026,0.1529653241574368,0.1789463690089854,0.1678272947860012,0.1489691625014896,0.1259069531490992,0.1352076104147487,0.1134276356267019,0.195469810628122,-14.922791981406158,0.2319002392517943,0.1490777907626645,1.6311662266083768,1.4226435239290716,-7.84269725177305,0.1344382673634969,-0.0031103687726866,-0.2477298285275921,-0.0388065172813374,-0.1661105764740902,0.0304737336734011,1.026520036215862,-12.64629324607609,2.1382791081117354,Information Technology,45.0,2.0,33,6.827204442232885,1043.043,770.917,9.044404080531157,8.88274491986639,9.014225969716446,8.85677045957662
QCOM,2003Q3,2003,Q3,0,0,1,0,908.816,575.6,333.216,279.385,-60.552,343.34,296.215,310.531,291.402,143.297,434.699,8822.436,7598.572,8470.002,7205.545,0.1576743807327335,-0.0666273481100684,0.6333515255013116,0.3259350627629795,0.3206391612823717,135.69,131.801,112.479,109.969,118.086,116.755,106.868,114.97,107.414,106.253,86.123,85.917,0.1472317948628918,0.1263620004160902,0.1025174790756938,0.1258390682537539,0.1531760228403317,0.1677237238100026,0.1529653241574368,0.1789463690089854,0.1678272947860012,0.1489691625014896,0.1259069531490992,0.1352076104147487,0.0399708886513803,0.531421784509307,0.0245657254640896,0.3030672280369924,-0.0513504179042619,0.1718987992799636,0.3555747630709325,0.0677022753270724,-1.4592595963503152,-0.0959408997068284,0.2529843308660222,-1.4416081270754382,-0.0148130715536354,0.126857311169225,0.4725621661345092,0.4477853529213891,Information Technology,45.0,3.0,34,6.813242381263966,921.608,873.886,9.085166642299471,8.935847208899155,9.044404080531157,8.88274491986639
QCOM,2003Q4,2003,Q4,0,0,0,1,1242.097,833.566,408.531,323.326,170.513,609.0,510.24,539.581,352.293,149.938,502.231,9033.43,7929.12,8822.436,7598.572,0.1207135996625062,0.1372783285041345,0.6710957356792586,0.4107891734703489,0.283627607183658,143.297,135.69,131.801,112.479,109.969,118.086,116.755,106.868,114.97,107.414,106.253,86.123,0.1576743807327335,0.1472317948628918,0.1263620004160902,0.1025174790756938,0.1258390682537539,0.1531760228403317,0.1677237238100026,0.1529653241574368,0.1789463690089854,0.1678272947860012,0.1489691625014896,0.1259069531490992,0.1320926858123041,0.459773591785658,0.1754140062721385,0.3330310546857635,0.3632761607994303,0.1421970907821041,0.3862103691981224,0.0529122347622816,0.1521226494773613,0.2319527529053153,0.1774928602504673,0.0176928655366104,0.0382665845321228,0.0089254220051335,0.2894470656686867,0.419481477503653,Information Technology,45.0,4.0,35,7.125361125473223,908.816,1097.169,9.108798113045053,8.978423446922974,9.085166642299471,8.935847208899155
QCOM,2004Q1,2004,Q1,1,0,0,0,1215.648,880.513,335.135,303.943,138.205,617.0,576.57,610.06,488.437,169.023,657.46,9649.494,8556.309,9033.43,7929.12,0.1390394258864408,0.1136883374134618,0.7243157558767013,0.4742902550738372,0.4017914725315223,149.938,143.297,135.69,131.801,112.479,109.969,118.086,116.755,106.868,114.97,107.414,106.253,0.1207135996625062,0.1576743807327335,0.1472317948628918,0.1263620004160902,0.1025174790756938,0.1258390682537539,0.1531760228403317,0.1677237238100026,0.1529653241574368,0.1789463690089854,0.1678272947860012,0.1489691625014896,0.1654821517425455,3.741370272579017,0.3318605688874099,0.2824106038649177,1.6654570589251771,1.4907983411093833,1.839125821403972,-0.1225178567688151,-0.5328844860394296,-0.2925553085758842,0.1003262486238414,-0.5992083505850582,0.1427550107876876,1.1371398415542613,3.068162061074945,1.7998824616616345,Information Technology,45.0,1.0,36,7.103854815324977,1242.097,1043.043,9.174764384732626,9.054541050552567,9.108798113045053,8.978423446922974
QCOM,2004Q2,2004,Q2,0,1,0,0,1340.526,971.337,369.189,349.47,161.799,621.867,621.867,668.053,486.424,193.608,680.0319999999999,10221.584,9141.251,9649.494,8556.309,0.1444268891464992,0.1206981438629314,0.7245939280551067,0.4638977535683753,0.362860548769662,169.023,149.938,143.297,135.69,131.801,112.479,109.969,118.086,116.755,106.868,114.97,107.414,0.1390394258864408,0.1207135996625062,0.1576743807327335,0.1472317948628918,0.1263620004160902,0.1025174790756938,0.1258390682537539,0.1531760228403317,0.1677237238100026,0.1529653241574368,0.1789463690089854,0.1678272947860012,0.4545511757710438,1.537568665911972,0.6333062050828475,0.4268405925270839,0.7050204673632607,0.851775643048996,0.8031558121519822,0.1293568102978874,0.0672827657174521,0.3499096120270082,-0.0190509510463052,-0.2662459846751727,0.1228935992692366,0.273090747094125,0.744571595816717,1.077201042217124,Information Technology,45.0,2.0,37,7.201563050967465,1215.648,921.608,9.232354669373048,9.12066191421376,9.174764384732626,9.054541050552567
QCOM,2004Q3,2004,Q3,0,0,1,0,1117.252,707.306,409.946,345.125,145.92,404.84,362.181,431.531,392.846,207.431,600.277,10820.0,9664.0,10221.584,9141.251,0.1856617844497034,0.130606165842621,0.633076512729447,0.3241712702237275,0.3516180772108709,193.608,169.023,149.938,143.297,135.69,131.801,112.479,109.969,118.086,116.755,106.868,114.97,0.1444268891464992,0.1390394258864408,0.1207135996625062,0.1576743807327335,0.1472317948628918,0.1263620004160902,0.1025174790756938,0.1258390682537539,0.1531760228403317,0.1677237238100026,0.1529653241574368,0.1789463690089854,0.2293489551240293,0.3481238975710532,0.228815149409312,0.4475599628743101,0.1791227354808644,0.2226963523116656,0.3896551391004441,0.2302710554115048,-3.4098295679746333,0.2353025395064159,0.1775012756473732,-2.960248599822094,-0.000434218219727,-0.0054114844972498,0.0966161332402486,0.3809026475791297,Information Technology,45.0,3.0,38,7.019522030820188,1340.526,908.816,9.289243969571649,9.17626639164243,9.232354669373048,9.12066191421376
QCOM,2004Q4,2004,Q4,0,0,0,1,1390.0,960.0,430.0,376.0,148.0,584.0,584.0,704.0,513.0,228.0,741.0,11566.0,10339.0,10820.0,9664.0,0.1640287769784172,0.1064748201438848,0.6906474820143885,0.4201438848920863,0.3690647482014388,207.431,193.608,169.023,149.938,143.297,135.69,131.801,112.479,109.969,118.086,116.755,106.868,0.1856617844497034,0.1444268891464992,0.1390394258864408,0.1207135996625062,0.1576743807327335,0.1472317948628918,0.1263620004160902,0.1025174790756938,0.1258390682537539,0.1531760228403317,0.1677237238100026,0.1529653241574368,0.1190752413056306,0.4561742640359019,0.1516784513763756,0.5206285264576025,-0.0410509031198685,0.1445594230166196,0.3047160667258484,0.0525517035426932,-0.1320309888395606,0.16291297328393,0.3588259934010136,-0.2243872626939941,0.0291340643303898,0.0227725364393338,0.3012299890907925,0.4754166907259807,Information Technology,45.0,4.0,39,7.237778191923443,1117.252,1242.097,9.355911495295402,9.24377514806242,9.289243969571649,9.17626639164243
QCOM,2005Q1,2005,Q1,1,0,0,0,1365.0,979.0,386.0,407.0,155.0,572.0,572.0,633.0,532.0,252.0,784.0,11810.0,10526.0,11566.0,10339.0,0.1846153846153846,0.1135531135531135,0.7172161172161172,0.419047619047619,0.3897435897435897,228.0,207.431,193.608,169.023,149.938,143.297,135.69,131.801,112.479,109.969,118.086,116.755,0.1640287769784172,0.1856617844497034,0.1444268891464992,0.1390394258864408,0.1207135996625062,0.1576743807327335,0.1472317948628918,0.1263620004160902,0.1025174790756938,0.1258390682537539,0.1531760228403317,0.1677237238100026,0.1228579325594252,0.0891885749851055,0.1118518409154663,0.4909213538985819,-0.0729335494327391,-0.0079261841580381,0.0376028587352064,0.1517746579736525,0.1215223761803117,0.3390668645107801,0.3277916205304785,-0.0011894259642172,-0.009801855893623,-0.1164743222852386,-0.0299854118655724,0.1924679828430626,Information Technology,45.0,1.0,40,7.2196420401307355,1390.0,1215.648,9.376786579611847,9.261698664251325,9.355911495295402,9.24377514806242
QCOM,2005Q2,2005,Q2,0,1,0,0,1358.0,969.0,389.0,409.0,150.0,560.0,560.0,686.0,560.0,259.0,819.0,11578.0,10447.0,11810.0,10526.0,0.190721649484536,0.1104565537555228,0.7135493372606775,0.4123711340206185,0.4123711340206185,252.0,228.0,207.431,193.608,169.023,149.938,143.297,135.69,131.801,112.479,109.969,118.086,0.1846153846153846,0.1640287769784172,0.1856617844497034,0.1444268891464992,0.1390394258864408,0.1207135996625062,0.1576743807327335,0.1472317948628918,0.1263620004160902,0.1025174790756938,0.1258390682537539,0.1531760228403317,0.0130351817122531,0.151258983931714,-0.0024059620914265,0.3377546382380894,-0.0994859029342286,-0.0994859029342286,0.0268646349915351,0.0536608620516863,-0.0729238128789424,0.1703436632615103,0.3205411444615265,-0.0848529213426783,-0.0152424556248685,-0.1110732249755594,0.136445214060416,0.2043550891722743,Information Technology,45.0,2.0,41,7.214504414151143,1365.0,1340.526,9.356948391612272,9.254165851516213,9.376786579611847,9.261698664251325
QCOM,2005Q3,2005,Q3,0,0,1,0,1561.0,1120.0,441.0,450.0,179.0,726.0,670.0,786.0,538.0,271.0,809.0,12479.0,11119.0,11578.0,10447.0,0.1736066623959,0.1146700832799487,0.7174887892376681,0.4292120435618193,0.344650864830237,259.0,252.0,228.0,207.431,193.608,169.023,149.938,143.297,135.69,131.801,112.479,109.969,0.190721649484536,0.1846153846153846,0.1640287769784172,0.1856617844497034,0.1444268891464992,0.1390394258864408,0.1207135996625062,0.1576743807327335,0.1472317948628918,0.1263620004160902,0.1025174790756938,0.1258390682537539,0.3971780762084114,0.3694933892670411,0.5834730654059204,0.3064585331989913,0.7933010572077859,0.8499037773930715,0.8214218677221334,0.0757514404336179,0.2266995614035087,0.3038754074610648,-0.0649305514838953,-0.1220163110972498,0.1333366106796254,0.3240286323510339,-0.0198147161144265,0.3477111400236889,Information Technology,45.0,3.0,42,7.3537223303996315,1358.0,1117.252,9.43188264192342,9.316500567804573,9.356948391612272,9.254165851516213
QCOM,2005Q4,2005,Q4,0,0,0,1,1741.0,1224.0,517.0,579.0,239.0,645.0,645.0,736.0,620.0,340.0,960.0,13429.0,11972.0,12479.0,11119.0,0.1952900631820792,0.1372774267662263,0.7030442274554853,0.3704767375071798,0.3561171740379092,271.0,259.0,252.0,228.0,207.431,193.608,169.023,149.938,143.297,135.69,131.801,112.479,0.1736066623959,0.190721649484536,0.1846153846153846,0.1640287769784172,0.1856617844497034,0.1444268891464992,0.1390394258864408,0.1207135996625062,0.1576743807327335,0.1472317948628918,0.1263620004160902,0.1025174790756938,0.2525179856115107,0.2085769980506822,0.2749999999999999,0.4912280701754385,0.1044520547945204,0.1044520547945204,0.0454545454545454,0.2023255813953488,0.6148648648648649,0.5398936170212767,0.1905841571188165,0.289294751385504,0.0179494543365881,-0.1182146144948973,-0.0350821210278872,0.2955465587044534,Information Technology,45.0,4.0,43,7.462789157412448,1561.0,1390.0,9.505246289517283,9.390409393716844,9.43188264192342,9.316500567804573
QCOM,2006Q1,2006,Q1,1,0,0,0,1834.0,1313.0,521.0,653.0,263.0,660.0,660.0,785.0,593.0,390.0,983.0,14859.0,13400.0,13429.0,11972.0,0.2126499454743729,0.1434023991275899,0.7159214830970556,0.3598691384950926,0.3233369683751363,340.0,271.0,259.0,252.0,228.0,207.431,193.608,169.023,149.938,143.297,135.69,131.801,0.1952900631820792,0.1736066623959,0.190721649484536,0.1846153846153846,0.1640287769784172,0.1856617844497034,0.1444268891464992,0.1390394258864408,0.1207135996625062,0.1576743807327335,0.1472317948628918,0.1263620004160902,0.3435897435897435,0.1146616541353382,0.3411644535240041,0.5476190476190477,0.1538461538461537,0.1538461538461537,0.2401263823064772,0.3497409326424869,0.6967741935483871,0.6044226044226044,0.1518538713195201,0.2628662890913569,-0.0018050823008366,-0.1412213740458016,-0.1703854100901107,0.2538265306122449,Information Technology,45.0,1.0,44,7.51479976048867,1741.0,1365.0,9.60642831827175,9.503084610020228,9.505246289517283,9.390409393716844
QCOM,2006Q2,2006,Q2,0,1,0,0,1951.0,1392.0,559.0,688.0,293.0,704.0,704.0,824.0,643.0,395.0,1038.0,14713.0,12998.0,14859.0,13400.0,0.2024602767811378,0.1501793951819579,0.7134802665299846,0.3608405945668888,0.3295745771399282,390.0,340.0,271.0,259.0,252.0,228.0,207.431,193.608,169.023,149.938,143.297,135.69,0.2126499454743729,0.1952900631820792,0.1736066623959,0.190721649484536,0.1846153846153846,0.1640287769784172,0.1856617844497034,0.1444268891464992,0.1390394258864408,0.1207135996625062,0.1576743807327335,0.1472317948628918,0.4366715758468336,0.1482142857142856,0.436532507739938,0.5250965250965252,0.2571428571428571,0.2571428571428571,0.2011661807580174,0.4370179948586119,0.9533333333333334,0.6821515892420538,0.0615484782578581,0.3596241243806595,-9.679881556334811e-05,-0.1249615581752946,-0.200781650435674,0.2673992673992673,Information Technology,45.0,2.0,45,7.5766097669730375,1834.0,1358.0,9.59655470049221,9.47262771040802,9.60642831827175,9.503084610020228
QCOM,2006Q3,2006,Q3,0,0,1,0,1999.0,1413.0,586.0,733.0,321.0,762.0,680.0,810.0,614.0,412.0,1026.0,15208.0,13406.0,14713.0,12998.0,0.2061030515257629,0.1605802901450725,0.7068534267133567,0.3401700850425213,0.3071535767883942,395.0,390.0,340.0,271.0,259.0,252.0,228.0,207.431,193.608,169.023,149.938,143.297,0.2024602767811378,0.2126499454743729,0.1952900631820792,0.1736066623959,0.190721649484536,0.1846153846153846,0.1640287769784172,0.1856617844497034,0.1444268891464992,0.1390394258864408,0.1207135996625062,0.1576743807327335,0.2805893657911595,0.1412639405204461,0.2616071428571429,0.5202952029520296,0.0495867768595041,0.0149253731343284,0.0305343511450382,0.3287981859410431,0.7932960893854748,0.6288888888888888,0.1871839979030105,0.400367781656191,-0.014823036518259,-0.2074544735054093,-0.108797893370477,0.2682323856613102,Information Technology,45.0,3.0,46,7.600902459542082,1951.0,1561.0,9.629642636872369,9.503532237601561,9.59655470049221,9.47262771040802
QCOM,2006Q4,2006,Q4,0,0,0,1,2019.0,1385.0,634.0,809.0,369.0,576.0,576.0,779.0,648.0,440.0,1088.0,16338.0,14175.0,15208.0,13406.0,0.2179296681525507,0.1827637444279346,0.6859831599801882,0.2852897473997028,0.3209509658246657,412.0,395.0,390.0,340.0,271.0,259.0,252.0,228.0,207.431,193.608,169.023,149.938,0.2061030515257629,0.2024602767811378,0.2126499454743729,0.1952900631820792,0.1736066623959,0.190721649484536,0.1846153846153846,0.1640287769784172,0.1856617844497034,0.1444268891464992,0.1390394258864408,0.1207135996625062,0.1596783457782884,0.0451612903225806,0.1315359477124182,0.2941176470588236,-0.1069767441860465,-0.1069767441860465,0.0584239130434782,0.2263056092843327,0.5439330543933054,0.3972366148531951,0.1159280948635026,0.3313459374436576,-0.0242674170543237,-0.2299388368637479,-0.0987489814504145,0.1333333333333333,Information Technology,45.0,4.0,47,7.61085279039525,1999.0,1741.0,9.701310167030824,9.559305672844863,9.629642636872369,9.503532237601561
QCOM,2007Q1,2007,Q1,1,0,0,0,2221.0,1587.0,634.0,839.0,385.0,748.0,748.0,928.0,726.0,454.0,1180.0,17254.0,15030.0,16338.0,14175.0,0.2044124268347591,0.1733453399369653,0.7145429986492571,0.3367852318775326,0.3268797838811346,440.0,412.0,395.0,390.0,340.0,271.0,259.0,252.0,228.0,207.431,193.608,169.023,0.2179296681525507,0.2061030515257629,0.2024602767811378,0.2126499454743729,0.1952900631820792,0.1736066623959,0.190721649484536,0.1846153846153846,0.1640287769784172,0.1856617844497034,0.1444268891464992,0.1390394258864408,0.2110141766630315,0.224283305227656,0.2086824067022086,0.1641025641025641,0.1333333333333333,0.1333333333333333,0.1821656050955413,0.2168905950095969,0.4638783269961977,0.2848392036753446,-0.0387374594488506,0.2088036252638569,-0.0019254687564832,-0.0641452799039471,0.0109570381753809,0.2004069175991862,Information Technology,45.0,1.0,48,7.706162970199576,2019.0,1834.0,9.755857235532103,9.617870014133226,9.701310167030824,9.559305672844863
QCOM,2007Q2,2007,Q2,0,1,0,0,2325.0,1637.0,688.0,855.0,401.0,782.0,782.0,972.0,798.0,454.0,1252.0,18446.0,15932.0,17254.0,15030.0,0.1952688172043011,0.1724731182795699,0.7040860215053764,0.3363440860215054,0.3432258064516129,454.0,440.0,412.0,395.0,390.0,340.0,271.0,259.0,252.0,228.0,207.431,193.608,0.2044124268347591,0.2179296681525507,0.2061030515257629,0.2024602767811378,0.2126499454743729,0.1952900631820792,0.1736066623959,0.190721649484536,0.1846153846153846,0.1640287769784172,0.1856617844497034,0.1444268891464992,0.1916965658636595,0.2410575427682737,0.1760057471264366,0.1493670886075948,0.1107954545454545,0.1107954545454545,0.1796116504854368,0.2307692307692308,0.3686006825938566,0.2427325581395349,-0.0355203484415407,0.1484472824690814,-0.0131667902607836,-0.0678873411534701,0.0414207595444739,0.2061657032755299,Information Technology,45.0,2.0,49,7.75190533307861,2221.0,1951.0,9.82265703462158,9.67614770909051,9.755857235532103,9.617870014133226
QCOM,2007Q3,2007,Q3,0,0,1,0,2306.0,1581.0,725.0,804.0,323.0,877.0,777.0,948.0,1132.0,481.0,1613.0,18495.0,15835.0,18446.0,15932.0,0.2085862966175195,0.140069384215091,0.6856027753686036,0.3369470945359931,0.4908933217692975,454.0,454.0,440.0,412.0,395.0,390.0,340.0,271.0,259.0,252.0,228.0,207.431,0.1952688172043011,0.2044124268347591,0.2179296681525507,0.2061030515257629,0.2024602767811378,0.2126499454743729,0.1952900631820792,0.1736066623959,0.190721649484536,0.1846153846153846,0.1640287769784172,0.1856617844497034,0.1535767883941972,0.8436482084690553,0.1188959660297239,0.1674757281553398,0.1509186351706037,0.1426470588235293,0.1703703703703702,0.2372013651877134,0.0062305295950155,0.0968622100954978,0.0120485605301492,-0.1277299095141212,-0.0300637310956557,-0.0094746441508085,0.5982015475844065,0.5721247563352827,Information Technology,45.0,3.0,50,7.7437032581737535,2325.0,1999.0,9.825309771472105,9.670041108226021,9.82265703462158,9.67614770909051
QCOM,2007Q4,2007,Q4,0,0,0,1,2440.0,1657.0,783.0,900.0,389.0,757.0,757.0,930.0,767.0,511.0,1278.0,18348.0,15610.0,18495.0,15835.0,0.2094262295081967,0.1594262295081967,0.6790983606557377,0.3102459016393442,0.3143442622950819,481.0,454.0,454.0,440.0,412.0,395.0,390.0,340.0,271.0,259.0,252.0,228.0,0.2085862966175195,0.1952688172043011,0.2044124268347591,0.2179296681525507,0.2061030515257629,0.2024602767811378,0.2126499454743729,0.1952900631820792,0.1736066623959,0.190721649484536,0.1846153846153846,0.1640287769784172,0.2085190688459632,0.183641975308642,0.1963898916967508,0.1613636363636363,0.3142361111111111,0.3142361111111111,0.1938382541720154,0.2350157728706625,0.0542005420054201,0.1124845488257106,-0.0390191877794336,-0.127692256430761,-0.0100363969935491,0.087476519808743,-0.0205847753491197,0.1746323529411764,Information Technology,45.0,4.0,51,7.80016307039296,2306.0,2019.0,9.817330356084954,9.655731072956666,9.825309771472105,9.670041108226021
QCOM,2008Q1,2008,Q1,1,0,0,0,2606.0,1786.0,820.0,973.0,420.0,813.0,813.0,906.0,766.0,553.0,1319.0,18152.0,15477.0,18348.0,15610.0,0.2122026093630084,0.1611665387567152,0.6853415195702226,0.3119723714504988,0.293937068303914,511.0,481.0,454.0,454.0,440.0,412.0,395.0,390.0,340.0,271.0,259.0,252.0,0.2094262295081967,0.2085862966175195,0.1952688172043011,0.2044124268347591,0.2179296681525507,0.2061030515257629,0.2024602767811378,0.2126499454743729,0.1952900631820792,0.1736066623959,0.190721649484536,0.1846153846153846,0.1733453399369653,0.0550964187327822,0.125393824826717,0.2180616740088106,0.0868983957219251,0.0868983957219251,-0.023706896551724,0.2933753943217665,0.0909090909090908,0.1597139451728249,0.0381101220159509,-0.0702574478476243,-0.0408673503683273,-0.0736756189952433,-0.1007792993071721,0.1177966101694916,Information Technology,45.0,1.0,52,7.865955413933502,2440.0,2221.0,9.80659111529043,9.647174939830405,9.817330356084954,9.655731072956666
QCOM,2008Q2,2008,Q2,0,1,0,0,2762.0,1873.0,889.0,1049.0,453.0,1003.0,824.0,882.0,748.0,596.0,1344.0,19597.0,16826.0,18152.0,15477.0,0.2157856625633598,0.1640115858073859,0.6781317885590152,0.2983345401882694,0.2708182476466328,553.0,511.0,481.0,454.0,454.0,440.0,412.0,395.0,390.0,340.0,271.0,259.0,0.2122026093630084,0.2094262295081967,0.2085862966175195,0.1952688172043011,0.2044124268347591,0.2179296681525507,0.2061030515257629,0.2024602767811378,0.2126499454743729,0.1952900631820792,0.1736066623959,0.190721649484536,0.1879569892473118,-0.06265664160401,0.1441661576053756,0.3127753303964757,0.2826086956521738,0.0537084398976981,-0.0925925925925925,0.2921511627906976,0.1296758104738153,0.2269005847953216,0.1050697477088362,-0.0490600074758795,-0.0368623039708549,-0.1130079207957465,-0.2109618724581184,0.0734824281150159,Information Technology,45.0,2.0,53,7.924072324923417,2606.0,2325.0,9.883182799195763,9.730740018176446,9.80659111529043,9.647174939830405
QCOM,2008Q3,2008,Q3,0,0,1,0,3334.0,2413.0,921.0,1077.0,456.0,1456.0,1336.0,1108.0,878.0,621.0,1499.0,24563.0,17944.0,19597.0,16826.0,0.1862627474505098,0.1367726454709058,0.7237552489502099,0.4007198560287942,0.2633473305338932,596.0,553.0,511.0,481.0,454.0,454.0,440.0,412.0,395.0,390.0,340.0,271.0,0.2157856625633598,0.2122026093630084,0.2094262295081967,0.2085862966175195,0.1952688172043011,0.2044124268347591,0.2179296681525507,0.2061030515257629,0.2024602767811378,0.2126499454743729,0.1952900631820792,0.1736066623959,0.445793581960104,-0.2243816254416961,0.5262492093611639,0.2910602910602911,0.660205245153934,0.7194337194337195,0.1687763713080168,0.2703448275862068,0.411764705882353,0.3395522388059702,-0.1070230860272852,-0.023536469176753,0.0556480734213689,0.1892663938254819,-0.4635345015802494,-0.0706757594544327,Information Technology,45.0,3.0,54,8.112227958349724,2762.0,2306.0,10.10903723544929,9.795066803581708,9.883182799195763,9.730740018176446
QCOM,2008Q4,2008,Q4,0,0,0,1,2517.0,1762.0,755.0,1017.0,413.0,1323.0,745.0,451.0,341.0,604.0,945.0,23455.0,17137.0,24563.0,17944.0,0.2399682161303138,0.1640842272546682,0.7000397298371077,0.2959872864521255,0.1354787445371474,621.0,596.0,553.0,511.0,481.0,454.0,454.0,440.0,412.0,395.0,390.0,340.0,0.1862627474505098,0.2157856625633598,0.2122026093630084,0.2094262295081967,0.2085862966175195,0.1952688172043011,0.2044124268347591,0.2179296681525507,0.2061030515257629,0.2024602767811378,0.2126499454743729,0.1952900631820792,0.0315573770491803,-0.5554106910039114,0.0633675316837658,0.181996086105675,0.7476882430647291,-0.0158520475561426,-0.5150537634408603,-0.0357598978288633,0.0616966580976863,0.1299999999999999,0.1458364918942578,0.0292172609290246,0.0308370191928442,-0.0459590766932809,-0.5690115558401048,-0.2605633802816901,Information Technology,45.0,4.0,55,7.831220214604293,3334.0,2440.0,10.062881604686378,9.749053499229063,10.10903723544929,9.795066803581708
QCOM,2009Q1,2009,Q1,1,0,0,0,2455.0,1717.0,738.0,1727.0,375.0,57.0,-10.0,-101.0,-289.0,604.0,315.0,24084.0,17113.0,23455.0,17137.0,0.2460285132382892,0.1527494908350305,0.6993890020366599,-0.0040733197556008,-0.1177189409368635,604.0,621.0,596.0,553.0,511.0,481.0,454.0,454.0,440.0,412.0,395.0,390.0,0.2399682161303138,0.1862627474505098,0.2157856625633598,0.2122026093630084,0.2094262295081967,0.2085862966175195,0.1952688172043011,0.2044124268347591,0.2179296681525507,0.2061030515257629,0.2024602767811378,0.2126499454743729,-0.0579432079815809,-1.377284595300261,-0.0386338185890257,0.0922242314647379,-0.929889298892989,-1.01230012300123,-1.1114790286975718,-0.0999999999999999,-0.1071428571428571,0.7749229188078108,0.1594038074122634,-0.0522257782950246,0.0204970544835025,-1.0130566682448905,-1.4004902873126193,-0.7611827141774071,Information Technology,45.0,1.0,56,7.806289289267033,2517.0,2606.0,10.089344519064321,9.747652120978,10.062881604686378,9.749053499229063
QCOM,2009Q2,2009,Q2,0,1,0,0,2753.0,1889.0,864.0,995.0,377.0,1146.0,894.0,984.0,737.0,618.0,1355.0,25713.0,18711.0,24084.0,17113.0,0.2244823828550672,0.1369415183436251,0.6861605521249546,0.3247366509262622,0.2677079549582274,604.0,604.0,621.0,596.0,553.0,511.0,481.0,454.0,454.0,440.0,412.0,395.0,0.2460285132382892,0.2399682161303138,0.1862627474505098,0.2157856625633598,0.2122026093630084,0.2094262295081967,0.2085862966175195,0.1952688172043011,0.2044124268347591,0.2179296681525507,0.2061030515257629,0.2024602767811378,-0.003258508327299,-0.0147058823529411,0.00854244527496,0.0369127516778522,0.1425722831505482,0.0849514563106796,0.1156462585034012,-0.0281214848143982,-0.1677704194260485,-0.0514775977121068,0.0403025863182813,-0.1650497270086255,0.0118395328185396,0.0884983372067187,-0.0114847973333902,0.0081845238095237,Information Technology,45.0,2.0,57,7.9208096792886,2455.0,2762.0,10.154790869644193,9.836920308264014,10.089344519064321,9.747652120978
QCOM,2009Q3,2009,Q3,0,0,1,0,2690.0,1866.0,824.0,1270.0,391.0,925.0,596.0,742.0,802.0,614.0,1416.0,27445.0,20316.0,25713.0,18711.0,0.2282527881040892,0.1453531598513011,0.6936802973977695,0.2215613382899628,0.2981412639405204,618.0,604.0,604.0,621.0,596.0,553.0,511.0,481.0,454.0,454.0,440.0,412.0,0.2244823828550672,0.2460285132382892,0.2399682161303138,0.1862627474505098,0.2157856625633598,0.2122026093630084,0.2094262295081967,0.2085862966175195,0.1952688172043011,0.2044124268347591,0.2179296681525507,0.2061030515257629,-0.1931613677264547,-0.0865603644646925,-0.2266887691670119,-0.0112721417069243,-0.3646978021978022,-0.5538922155688623,-0.3303249097472924,-0.1053203040173724,-0.1425438596491228,0.1792014856081709,0.2254344533639831,0.0627356029478902,-0.0415540358374788,-0.4470916902254969,0.1321218382433886,-0.0553702468312208,Information Technology,45.0,3.0,58,7.897668150726906,2753.0,3334.0,10.219975716829579,9.919213252997611,10.154790869644193,9.836920308264014
QCOM,2009Q4,2009,Q4,0,0,0,1,2670.0,1854.0,816.0,975.0,379.0,868.0,879.0,1052.0,841.0,596.0,1437.0,28903.0,21353.0,27445.0,20316.0,0.2232209737827715,0.1419475655430711,0.6943820224719102,0.3292134831460674,0.3149812734082397,614.0,618.0,604.0,604.0,621.0,596.0,553.0,511.0,481.0,454.0,454.0,440.0,0.2282527881040892,0.2244823828550672,0.2460285132382892,0.2399682161303138,0.1862627474505098,0.2157856625633598,0.2122026093630084,0.2094262295081967,0.2085862966175195,0.1952688172043011,0.2044124268347591,0.2179296681525507,0.0607866507747318,1.466275659824047,0.0522133938706015,-0.0132450331125827,-0.3439153439153439,0.1798657718120806,1.3325942350332594,0.0807947019867549,-0.0823244552058111,-0.0412979351032448,-0.0697894188555695,-0.1349103572108714,-0.0080819803849048,0.1122554860116131,1.3249497512273885,0.5206349206349206,Information Technology,45.0,4.0,59,7.890208213109961,2690.0,2517.0,10.271735272827476,9.968994354738248,10.219975716829579,9.919213252997611
QCOM,2010Q1,2010,Q1,1,0,0,0,2663.0,1854.0,809.0,1078.0,430.0,1139.0,776.0,965.0,774.0,648.0,1422.0,28497.0,20720.0,28903.0,21353.0,0.2433345850544498,0.1614720240330454,0.6962072850168982,0.2914006759294029,0.2906496432594818,596.0,614.0,618.0,604.0,604.0,621.0,596.0,553.0,511.0,481.0,454.0,454.0,0.2232209737827715,0.2282527881040892,0.2244823828550672,0.2460285132382892,0.2399682161303138,0.1862627474505098,0.2157856625633598,0.2122026093630084,0.2094262295081967,0.2085862966175195,0.1952688172043011,0.2044124268347591,0.0847250509164969,-3.6782006920415222,0.079790331974374,0.0728476821192052,18.98245614035088,-78.6,-10.554455445544557,0.0962059620596205,0.1466666666666667,-0.375796178343949,-0.0109496584293469,0.0571035173363374,-0.0045492808873121,-72.53886594066843,-3.4690134055433486,3.5142857142857142,Information Technology,45.0,1.0,60,7.88758403166028,2670.0,2455.0,10.257589188355734,9.938902957757083,10.271735272827476,9.968994354738248
QCOM,2010Q2,2010,Q2,0,1,0,0,2706.0,1801.0,905.0,1009.0,360.0,613.0,792.0,971.0,767.0,649.0,1416.0,29401.0,19886.0,28497.0,20720.0,0.2398373983739837,0.1330376940133037,0.6655580192165558,0.2926829268292683,0.2834441980783444,648.0,596.0,614.0,618.0,604.0,604.0,621.0,596.0,553.0,511.0,481.0,454.0,0.2433345850544498,0.2232209737827715,0.2282527881040892,0.2244823828550672,0.2460285132382892,0.2399682161303138,0.1862627474505098,0.2157856625633598,0.2122026093630084,0.2094262295081967,0.2085862966175195,0.1952688172043011,-0.0170722847802397,0.0407055630936228,-0.046585494970884,0.0501618122977345,-0.4650959860383944,-0.1140939597315435,-0.0132113821138211,0.0474537037037037,-0.0450928381962865,0.0140703517587938,0.0684018733391218,-0.0285072370858746,-0.0300258195324627,-0.0987068259944344,0.0587813803387817,0.0450184501845019,Information Technology,45.0,2.0,61,7.903596289614301,2663.0,2753.0,10.288817978223912,9.897821530909502,10.257589188355734,9.938902957757083
QCOM,2010Q3,2010,Q3,0,0,1,0,2952.0,1964.0,988.0,1128.0,471.0,1245.0,836.0,1046.0,865.0,657.0,1522.0,30572.0,20858.0,29401.0,19886.0,0.2225609756097561,0.1595528455284552,0.6653116531165312,0.2831978319783197,0.2930216802168022,649.0,648.0,596.0,614.0,618.0,604.0,604.0,621.0,596.0,553.0,511.0,481.0,0.2398373983739837,0.2433345850544498,0.2232209737827715,0.2282527881040892,0.2244823828550672,0.2460285132382892,0.2399682161303138,0.1862627474505098,0.2157856625633598,0.2122026093630084,0.2094262295081967,0.2085862966175195,0.0973977695167285,0.0785536159600996,0.052518756698821,0.0700325732899023,0.3459459459459459,0.4026845637583893,0.4097035040431267,0.1990291262135921,0.2046035805626598,-0.1118110236220472,-0.0249364423611663,0.097690932152288,-0.040895848401142,0.2781915570833559,-0.0171716710932694,0.0748587570621468,Information Technology,45.0,3.0,62,7.990576881743923,2706.0,2690.0,10.327872545496803,9.945540788767127,10.288817978223912,9.897821530909502
QCOM,2010Q4,2010,Q4,0,0,0,1,3348.0,2218.0,1130.0,1108.0,437.0,1092.0,1110.0,1329.0,1170.0,671.0,1841.0,31291.0,22736.0,30572.0,20858.0,0.2004181600955794,0.1305256869772998,0.6624850657108722,0.3315412186379928,0.3494623655913978,657.0,649.0,648.0,596.0,614.0,618.0,604.0,604.0,621.0,596.0,553.0,511.0,0.2225609756097561,0.2398373983739837,0.2433345850544498,0.2232209737827715,0.2282527881040892,0.2244823828550672,0.2460285132382892,0.2399682161303138,0.1862627474505098,0.2157856625633598,0.2122026093630084,0.2094262295081967,0.2539325842696629,0.3912009512485137,0.1963322545846817,0.1258389261744965,0.2580645161290322,0.2627986348122866,0.2633079847908746,0.3848039215686274,0.1530343007915566,0.1364102564102565,-0.1021535445382598,-0.0804654769673069,-0.0459357467917861,0.0070705958628451,0.1094702926623452,0.2811412665274877,Information Technology,45.0,4.0,63,8.116417072794205,2952.0,2670.0,10.35111775280497,10.031748832480138,10.327872545496803,9.945540788767127
QCOM,2011Q1,2011,Q1,1,0,0,0,3875.0,2512.0,1363.0,1325.0,585.0,1747.0,1073.0,1258.0,999.0,740.0,1739.0,33824.0,24967.0,31291.0,22736.0,0.1909677419354838,0.1509677419354838,0.648258064516129,0.2769032258064516,0.2578064516129032,671.0,657.0,649.0,648.0,596.0,614.0,618.0,604.0,604.0,621.0,596.0,553.0,0.2004181600955794,0.2225609756097561,0.2398373983739837,0.2433345850544498,0.2232209737827715,0.2282527881040892,0.2244823828550672,0.2460285132382892,0.2399682161303138,0.1862627474505098,0.2157856625633598,0.2122026093630084,0.4551257979722118,0.2906976744186047,0.354908306364617,0.1419753086419752,0.533801580333626,0.3827319587628865,0.3036269430051814,0.6847960444993819,0.3604651162790697,0.2291280148423005,-0.2152050975706889,-0.0650532633158289,-0.068872046490587,-0.0497509145327569,-0.1129992498124531,0.2229254571026722,Information Technology,45.0,1.0,64,8.262558973010657,3348.0,2663.0,10.42895545303899,10.125350283950615,10.35111775280497,10.031748832480138
QCOM,2011Q2,2011,Q2,0,1,0,0,3623.0,2345.0,1278.0,1232.0,475.0,952.0,1113.0,1274.0,1035.0,757.0,1792.0,35100.0,26271.0,33824.0,24967.0,0.2089428650289815,0.1311068175545128,0.6472536571901739,0.3072039746066795,0.2856748550924648,740.0,671.0,657.0,649.0,648.0,596.0,614.0,618.0,604.0,604.0,621.0,596.0,0.1909677419354838,0.2004181600955794,0.2225609756097561,0.2398373983739837,0.2433345850544498,0.2232209737827715,0.2282527881040892,0.2244823828550672,0.2460285132382892,0.2399682161303138,0.1862627474505098,0.2157856625633598,0.3388765705838876,0.3494132985658409,0.3020544142143253,0.1664098613251154,0.5530179445350734,0.4053030303030303,0.3120494335736354,0.4121546961325966,0.3194444444444444,0.2210109018830526,-0.1288144949639076,-0.014513754715245,-0.0275022785360296,0.0496135799061552,0.0078698277447324,0.2655367231638419,Information Technology,45.0,2.0,65,8.19533366716287,3875.0,2706.0,10.465984899076615,10.176259012252155,10.42895545303899,10.125350283950615
QCOM,2011Q3,2011,Q3,0,0,1,0,4117.0,2620.0,1497.0,1497.0,532.0,1595.0,1237.0,1324.0,1056.0,851.0,1907.0,36422.0,26951.0,35100.0,26271.0,0.2067039106145251,0.1292203060480932,0.6363857177556473,0.3004615010930289,0.2564974495992227,757.0,740.0,671.0,657.0,649.0,648.0,596.0,614.0,618.0,604.0,604.0,621.0,0.2089428650289815,0.1909677419354838,0.2004181600955794,0.2225609756097561,0.2398373983739837,0.2433345850544498,0.2232209737827715,0.2282527881040892,0.2244823828550672,0.2460285132382892,0.2399682161303138,0.1862627474505098,0.3946476964769647,0.2208092485549133,0.3340122199592668,0.2952815829528159,0.2811244979919678,0.479665071770335,0.2657743785850861,0.5151821862348178,0.1295116772823779,0.3271276595744681,-0.0712481824443254,-0.19010967419539,-0.0434772714792918,0.0609597502710781,-0.1246468540845024,0.2529566360052562,Information Technology,45.0,3.0,66,8.323122887587735,3623.0,2952.0,10.502955722212086,10.20181278508639,10.465984899076615,10.176259012252155
QCOM,2011Q4,2011,Q4,0,0,0,1,4681.0,2927.0,1754.0,1376.0,503.0,1956.0,1551.0,1721.0,1401.0,873.0,2274.0,37606.0,28481.0,36422.0,26951.0,0.1864986114078188,0.1074556718649861,0.6252937406537065,0.3313394573809015,0.2992950224311044,851.0,757.0,740.0,671.0,657.0,649.0,648.0,596.0,614.0,618.0,604.0,604.0,0.2067039106145251,0.2089428650289815,0.1909677419354838,0.2004181600955794,0.2225609756097561,0.2398373983739837,0.2433345850544498,0.2232209737827715,0.2282527881040892,0.2244823828550672,0.2460285132382892,0.2399682161303138,0.3981481481481481,0.1974358974358974,0.3196573489630296,0.3010432190760059,0.7912087912087913,0.3972972972972972,0.2949586155003763,0.5522123893805311,0.1510297482837528,0.2418772563176896,-0.0694525320515984,-0.1767469350023489,-0.0561391146489589,-0.000608555575443,-0.143555781966378,0.2351982618142314,Information Technology,45.0,4.0,67,8.451480648050856,4117.0,3348.0,10.534945482263229,10.257027587779373,10.502955722212086,10.20181278508639
QCOM,2012Q1,2012,Q1,1,0,0,0,4943.0,3160.0,1783.0,1549.0,595.0,1974.0,1514.0,1734.0,2230.0,954.0,3184.0,41531.0,31882.0,37606.0,28481.0,0.1930002023062917,0.1203722435767752,0.6392878818531257,0.3062917256726684,0.45114303054825,873.0,851.0,757.0,740.0,671.0,657.0,649.0,648.0,596.0,614.0,618.0,604.0,0.1864986114078188,0.2067039106145251,0.2089428650289815,0.1909677419354838,0.2004181600955794,0.2225609756097561,0.2398373983739837,0.2433345850544498,0.2232209737827715,0.2282527881040892,0.2244823828550672,0.2460285132382892,0.2756129032258065,1.2322322322322323,0.2579617834394905,0.2891891891891891,0.1299370349170006,0.4109972041006524,0.3783783783783783,0.3081438004402055,0.017094017094017,0.169056603773585,0.0106429512660546,-0.2026624891281981,-0.0138373637815039,0.1061327464879684,0.7499291725470161,0.8309373202990225,Information Technology,45.0,1.0,68,8.505929999137527,4681.0,3875.0,10.634219493423345,10.369828231362574,10.534945482263229,10.257027587779373
QCOM,2012Q2,2012,Q2,0,1,0,0,4626.0,2907.0,1719.0,1518.0,544.0,1820.0,1382.0,1581.0,1207.0,974.0,2181.0,42445.0,32584.0,41531.0,31882.0,0.2105490704712494,0.117596195417207,0.6284046692607004,0.2987462170341547,0.2609165585819282,954.0,873.0,851.0,757.0,740.0,671.0,657.0,649.0,648.0,596.0,614.0,618.0,0.1930002023062917,0.1864986114078188,0.2067039106145251,0.2089428650289815,0.1909677419354838,0.2004181600955794,0.2225609756097561,0.2398373983739837,0.2433345850544498,0.2232209737827715,0.2282527881040892,0.2244823828550672,0.2768423958045818,0.166183574879227,0.2396588486140725,0.2866578599735798,0.911764705882353,0.2416891284815814,0.2409733124018838,0.3450704225352112,0.1452631578947367,0.2321428571428572,0.0076872950030868,-0.1030504926388604,-0.029121485402338,-0.0275314067252985,-0.0866659983165932,0.2170758928571428,Information Technology,45.0,2.0,69,8.439663988907,4943.0,3623.0,10.655987958795587,10.39160733876648,10.634219493423345,10.369828231362574
QCOM,2012Q3,2012,Q3,0,0,1,0,4871.0,3030.0,1841.0,1795.0,681.0,1201.0,1235.0,1526.0,1271.0,1114.0,2385.0,43012.0,33523.0,42445.0,32584.0,0.2287004721823034,0.1398070211455553,0.6220488606035721,0.2535413672757134,0.260932046807637,974.0,954.0,873.0,851.0,757.0,740.0,671.0,657.0,649.0,648.0,596.0,614.0,0.2105490704712494,0.1930002023062917,0.1864986114078188,0.2067039106145251,0.2089428650289815,0.1909677419354838,0.2004181600955794,0.2225609756097561,0.2398373983739837,0.2433345850544498,0.2232209737827715,0.2282527881040892,0.183143065338839,0.2035984848484848,0.1564885496183206,0.309048178613396,-0.2470219435736677,-0.0016168148746968,0.1525679758308156,0.2297929191716767,0.2800751879699248,0.1990647962591849,0.1064157978549273,0.0819276429628783,-0.0225285652271349,-0.1561602190185026,0.0172890499119713,0.2506554798112217,Information Technology,45.0,3.0,70,8.491259809389733,4626.0,4117.0,10.669257674565925,10.420016879218796,10.655987958795587,10.39160733876648
QCOM,2012Q4,2012,Q4,0,0,0,1,6018.0,3781.0,2237.0,1693.0,587.0,2576.0,2088.0,2327.0,1906.0,1106.0,3012.0,44841.0,35334.0,43012.0,33523.0,0.1837819873712196,0.0975407111997341,0.6282818212030575,0.3469591226321037,0.3167165171153207,1114.0,974.0,954.0,873.0,851.0,757.0,740.0,671.0,657.0,649.0,648.0,596.0,0.2287004721823034,0.2105490704712494,0.1930002023062917,0.1864986114078188,0.2067039106145251,0.2089428650289815,0.1909677419354838,0.2004181600955794,0.2225609756097561,0.2398373983739837,0.2433345850544498,0.2232209737827715,0.2856227301858578,0.3604568165596002,0.2917663136317048,0.2668957617411225,0.3169734151329244,0.3462282398452612,0.3521208599651366,0.2753705815279361,0.1669980119284293,0.2303779069767442,-0.0145664571767705,-0.0922702403062515,0.0047786829694267,0.047140975526033,0.0582084344160003,0.3245382585751979,Information Technology,45.0,4.0,71,8.70267641154777,4871.0,4681.0,10.710900479224417,10.472629253124955,10.669257674565925,10.420016879218796
QCOM,2013Q1,2013,Q1,1,0,0,0,6124.0,3752.0,2372.0,1875.0,661.0,2391.0,1877.0,2136.0,1866.0,1214.0,3080.0,47599.0,37611.0,44841.0,35334.0,0.198236446766819,0.1079359895493141,0.6126714565643371,0.3064990202482038,0.3047028086218158,1106.0,1114.0,974.0,954.0,873.0,851.0,757.0,740.0,671.0,657.0,649.0,648.0,0.1837819873712196,0.2287004721823034,0.2105490704712494,0.1930002023062917,0.1864986114078188,0.2067039106145251,0.2089428650289815,0.1909677419354838,0.2004181600955794,0.2225609756097561,0.2398373983739837,0.2433345850544498,0.2389237305280194,-0.1632286995515695,0.1873417721518988,0.2725366876310273,0.2112462006079027,0.2397622192866577,0.231833910034602,0.3303421200224341,0.1109243697478992,0.2104583602324079,0.0271307718746192,-0.1033149641306555,-0.0416344905704056,0.0006767880362426,-0.324598213893437,-0.0326633165829145,Information Technology,45.0,1.0,72,8.720134035412928,6018.0,4943.0,10.770588040219511,10.535078427396968,10.710900479224417,10.472629253124955
QCOM,2013Q2,2013,Q2,0,1,0,0,6243.0,3746.0,2497.0,2069.0,613.0,2172.0,1677.0,1910.0,1580.0,1298.0,2878.0,46809.0,37578.0,47599.0,37611.0,0.2079128624058946,0.0981899727695018,0.6000320358801858,0.2686208553580009,0.253083453467884,1214.0,1106.0,1114.0,974.0,954.0,873.0,851.0,757.0,740.0,671.0,657.0,649.0,0.198236446766819,0.1837819873712196,0.2287004721823034,0.2105490704712494,0.1930002023062917,0.1864986114078188,0.2067039106145251,0.2089428650289815,0.1909677419354838,0.2004181600955794,0.2225609756097561,0.2398373983739837,0.3495460440985733,0.3090306545153272,0.2886136910904713,0.3326488706365502,0.1934065934065933,0.2134587554269176,0.2080961416824793,0.452588714368819,0.1268382352941177,0.3629776021080368,-0.0125206350208743,-0.1650242389122876,-0.045150258692212,-0.1008393076077334,-0.0300214948281429,0.3195781751490143,Information Technology,45.0,2.0,73,8.739376281635323,6124.0,4626.0,10.753852134294116,10.534200662714523,10.770588040219511,10.535078427396968
QCOM,2013Q3,2013,Q3,0,0,1,0,6481.0,3767.0,2714.0,2179.0,657.0,2034.0,1588.0,1822.0,1501.0,1349.0,2850.0,45516.0,36088.0,46809.0,37578.0,0.2081468909118963,0.1013732448696188,0.5812374633544206,0.245023916062336,0.2316000617188705,1298.0,1214.0,1106.0,1114.0,974.0,954.0,873.0,851.0,757.0,740.0,671.0,657.0,0.2079128624058946,0.198236446766819,0.1837819873712196,0.2287004721823034,0.2105490704712494,0.1930002023062917,0.1864986114078188,0.2067039106145251,0.2089428650289815,0.1909677419354838,0.2004181600955794,0.2225609756097561,0.3305276123999179,0.1809598741148701,0.2432343234323433,0.210951526032316,0.6935886761032473,0.28582995951417,0.1939711664482306,0.474198804997284,-0.0352422907488987,0.2139275766016712,-0.0898711798636922,-0.2749059093099653,-0.0656080250827119,-0.0335939310610211,-0.1124123519806307,0.1949685534591194,Information Technology,45.0,3.0,74,8.776784383701493,6243.0,4871.0,10.725841161531715,10.493743388746434,10.753852134294116,10.534200662714523
QCOM,2013Q4,2013,Q4,0,0,0,1,6622.0,3916.0,2706.0,2423.0,623.0,2306.0,1493.0,1757.0,1875.0,1328.0,3203.0,46282.0,37027.0,45516.0,36088.0,0.2005436424041075,0.0940803382663847,0.5913621262458472,0.2254605859257022,0.2831470854726668,1349.0,1298.0,1214.0,1106.0,1114.0,974.0,954.0,873.0,851.0,757.0,740.0,671.0,0.2081468909118963,0.2079128624058946,0.198236446766819,0.1837819873712196,0.2287004721823034,0.2105490704712494,0.1930002023062917,0.1864986114078188,0.2067039106145251,0.2089428650289815,0.1909677419354838,0.2004181600955794,0.1003655699567962,-0.0162644281217209,0.0357048399894208,0.2007233273056057,-0.1048136645962732,-0.2849616858237548,-0.2449505801461108,0.2096557890031292,0.0613287904599659,0.4311872415829887,0.0912040144556229,-0.0354761913337248,-0.0587629527248061,-0.3501811273463239,-0.1059920459734999,0.0634130146082336,Information Technology,45.0,4.0,75,8.798303718484979,6481.0,6018.0,10.742530002024337,10.519429662187102,10.725841161531715,10.493743388746434
QCOM,2014Q1,2014,Q1,1,0,0,0,6367.0,3885.0,2482.0,1895.0,539.0,2369.0,1990.0,2272.0,1959.0,1356.0,3315.0,47875.0,38254.0,46282.0,37027.0,0.2129731427673943,0.0846552536516412,0.6101774776189728,0.3125490811999372,0.3076802261661693,1328.0,1349.0,1298.0,1214.0,1106.0,1114.0,974.0,954.0,873.0,851.0,757.0,740.0,0.2005436424041075,0.2081468909118963,0.2079128624058946,0.198236446766819,0.1837819873712196,0.2287004721823034,0.2105490704712494,0.1930002023062917,0.1864986114078188,0.2067039106145251,0.2089428650289815,0.1909677419354838,0.0396799477465708,0.0498392282958199,0.0354477611940298,0.1169686985172981,-0.0092011710581346,0.0602024507192329,0.0636704119850186,0.0463743676222596,-0.1845688350983358,0.0106666666666666,0.0743389837788495,-0.2156902067130844,-0.0040706628628494,0.0197392505425759,0.0097715461101932,0.0762987012987013,Information Technology,45.0,1.0,76,8.75904072752422,6622.0,6124.0,10.77636961399326,10.552029549665953,10.742530002024337,10.519429662187102
QCOM,2014Q2,2014,Q2,0,1,0,0,6806.0,4066.0,2740.0,1991.0,582.0,1945.0,2075.0,2497.0,2238.0,1429.0,3667.0,48355.0,38789.0,47875.0,38254.0,0.2099617984131648,0.0855127828386717,0.5974140464296209,0.3048780487804878,0.3288275051425213,1356.0,1328.0,1349.0,1298.0,1214.0,1106.0,1114.0,974.0,954.0,873.0,851.0,757.0,0.2129731427673943,0.2005436424041075,0.2081468909118963,0.2079128624058946,0.198236446766819,0.1837819873712196,0.2287004721823034,0.2105490704712494,0.1930002023062917,0.1864986114078188,0.2067039106145251,0.2089428650289815,0.0901810027230498,0.4164556962025316,0.0854244527495995,0.1009244992295839,-0.10451197053407,0.2373285629099581,0.3073298429319371,0.0973167801361634,-0.0505709624796084,-0.0376993716771386,0.0098547823523791,-0.1291088038143102,-0.0043630827922789,0.1349753479645707,0.2992848826612408,0.2741487143849896,Information Technology,45.0,2.0,77,8.825706773447951,6367.0,6243.0,10.786345588321883,10.565917760434013,10.77636961399326,10.552029549665953
QCOM,2014Q3,2014,Q3,0,0,1,0,6692.0,3935.0,2757.0,1943.0,545.0,2398.0,1992.0,2252.0,1894.0,1364.0,3258.0,48574.0,39169.0,48355.0,38789.0,0.2038254632396891,0.0814405260011954,0.5880155409444112,0.2976688583383144,0.2830245068738792,1429.0,1356.0,1328.0,1349.0,1298.0,1214.0,1106.0,1114.0,974.0,954.0,873.0,851.0,0.2099617984131648,0.2129731427673943,0.2005436424041075,0.2081468909118963,0.2079128624058946,0.198236446766819,0.1837819873712196,0.2287004721823034,0.2105490704712494,0.1930002023062917,0.1864986114078188,0.2067039106145251,0.0325567042123129,0.2618254497001999,0.0445978232014865,0.0111193476649369,0.1789577187807276,0.2544080604534005,0.2360043907793634,0.0158437730287399,-0.1704718417047184,-0.1083065626434144,-0.0207614327231834,-0.1966270182439151,0.0116614602762752,0.2148563418706648,0.2220398594601009,0.1431578947368421,Information Technology,45.0,3.0,78,8.808817483100642,6806.0,6481.0,10.79086427424564,10.575666426659877,10.786345588321883,10.565917760434013
QCOM,2014Q4,2014,Q4,0,0,0,1,7099.0,4052.0,3047.0,1988.0,567.0,2487.0,2064.0,2298.0,1972.0,1352.0,3324.0,48447.0,38823.0,48574.0,39169.0,0.190449359064657,0.0798704042822932,0.5707846175517679,0.2907451753768136,0.2777856036061417,1364.0,1429.0,1356.0,1328.0,1349.0,1298.0,1214.0,1106.0,1114.0,974.0,954.0,873.0,0.2038254632396891,0.2099617984131648,0.2129731427673943,0.2005436424041075,0.2081468909118963,0.2079128624058946,0.198236446766819,0.1837819873712196,0.2287004721823034,0.2105490704712494,0.1930002023062917,0.1864986114078188,0.0720326185442463,0.0517333333333334,0.034729315628192,0.0180722891566265,0.0784908933217694,0.3824514400535834,0.3079112122936824,0.1260162601626016,-0.0898876404494382,-0.1795295088732975,-0.0503345965917481,-0.1510404218983209,-0.0347967984096508,0.2895609854958205,-0.0189353242240691,0.0377770839837652,Information Technology,45.0,4.0,79,8.867850063029406,6692.0,6622.0,10.78824633679712,10.566793891085052,10.79086427424564,10.575666426659877
QCOM,2015Q1,2015,Q1,1,0,0,0,6894.0,4266.0,2628.0,2930.0,545.0,1719.0,1336.0,1539.0,1053.0,1375.0,2428.0,47173.0,37839.0,48447.0,38823.0,0.1994487960545402,0.0790542500725268,0.618798955613577,0.1937917029300841,0.1527415143603133,1352.0,1364.0,1429.0,1356.0,1328.0,1349.0,1298.0,1214.0,1106.0,1114.0,974.0,954.0,0.190449359064657,0.2038254632396891,0.2099617984131648,0.2129731427673943,0.2005436424041075,0.2081468909118963,0.2079128624058946,0.198236446766819,0.1837819873712196,0.2287004721823034,0.2105490704712494,0.1930002023062917,0.0827705355740537,-0.4624808575803981,0.098069498069498,0.0140117994100295,-0.2743773744195863,-0.328643216080402,-0.3226232394366197,0.0588235294117647,0.0111317254174396,0.5461741424802111,-0.0635025925669193,-0.066162504245309,0.014129459560269,-0.3799639333890223,-0.5035705860479249,-0.2675716440422323,Information Technology,45.0,1.0,80,8.838551790227402,7099.0,6367.0,10.76159817234382,10.541122023165814,10.78824633679712,10.566793891085052
QCOM,2015Q2,2015,Q2,0,1,0,0,5832.0,3381.0,2451.0,2146.0,577.0,1728.0,1235.0,1398.0,1184.0,1407.0,2591.0,52295.0,33202.0,47173.0,37839.0,0.2412551440329218,0.0989368998628257,0.5797325102880658,0.2117626886145404,0.2030178326474623,1375.0,1352.0,1364.0,1429.0,1356.0,1328.0,1349.0,1298.0,1214.0,1106.0,1114.0,974.0,0.1994487960545402,0.190449359064657,0.2038254632396891,0.2099617984131648,0.2129731427673943,0.2005436424041075,0.2081468909118963,0.2079128624058946,0.198236446766819,0.1837819873712196,0.2287004721823034,0.2105490704712494,-0.1431090214516602,-0.4709562109025916,-0.1684702410231185,-0.0153953813855842,-0.1115681233933162,-0.4048192771084337,-0.4401281537845414,-0.1054744525547445,-0.0085910652920961,0.077850326469111,0.1490430442883596,0.1569837465058285,-0.0295967867632621,-0.3054183813443072,-0.3826008181418103,-0.2934278701936187,Information Technology,45.0,2.0,81,8.671286726753637,6894.0,6806.0,10.864675165292565,10.410395512268014,10.76159817234382,10.541122023165814
QCOM,2015Q3,2015,Q3,0,0,1,0,5456.0,3204.0,2252.0,2064.0,595.0,1724.0,1140.0,1252.0,1061.0,1357.0,2418.0,50796.0,31421.0,52295.0,33202.0,0.2487170087976539,0.1090542521994134,0.5872434017595308,0.2089442815249267,0.1944648093841642,1407.0,1375.0,1352.0,1364.0,1429.0,1356.0,1328.0,1349.0,1298.0,1214.0,1106.0,1114.0,0.2412551440329218,0.1994487960545402,0.190449359064657,0.2038254632396891,0.2099617984131648,0.2129731427673943,0.2005436424041075,0.2081468909118963,0.2079128624058946,0.198236446766819,0.1837819873712196,0.2287004721823034,-0.1846981470412433,-0.4398099260823653,-0.1857687420584498,-0.0051319648093841,-0.281067556296914,-0.4277108433734939,-0.4440497335701598,-0.183170112441059,0.0917431192660549,0.0622748327328872,0.2202450314324782,0.3390661572816056,-0.0013131271728639,-0.2980646927887502,-0.312904696727124,-0.2578268876611418,Information Technology,45.0,3.0,82,8.604654467186231,5832.0,6692.0,10.835592576704641,10.355263563507542,10.864675165292565,10.410395512268014
QCOM,2015Q4,2015,Q4,0,0,0,1,5775.0,3241.0,2534.0,1556.0,578.0,1847.0,1685.0,1710.0,1498.0,1352.0,2850.0,50229.0,30241.0,50796.0,31421.0,0.2341125541125541,0.10008658008658,0.5612121212121212,0.2917748917748918,0.2593939393939394,1357.0,1407.0,1375.0,1352.0,1364.0,1429.0,1356.0,1328.0,1349.0,1298.0,1214.0,1106.0,0.2487170087976539,0.2412551440329218,0.1994487960545402,0.190449359064657,0.2038254632396891,0.2099617984131648,0.2129731427673943,0.2005436424041075,0.2081468909118963,0.2079128624058946,0.198236446766819,0.1837819873712196,-0.1865051415692351,-0.2403651115618661,-0.2001480750246791,0.0,-0.2573381584238038,-0.1836240310077519,-0.2558746736292427,-0.1683623235969806,0.0194003527336861,-0.2173038229376257,0.2292640692640692,0.2531122258106386,-0.0167707678961382,0.0035416456928085,-0.0662081258835821,-0.1425992779783393,Information Technology,45.0,4.0,83,8.661466680572662,5456.0,7099.0,10.82436773674409,10.316986965672614,10.835592576704641,10.355263563507542
QCOM,2016Q1,2016,Q1,1,0,0,0,5551.0,3410.0,2141.0,1995.0,619.0,1997.0,1415.0,1470.0,1164.0,1301.0,2465.0,50060.0,29645.0,50229.0,30241.0,0.2343721851918573,0.1115114393802918,0.6143037290578274,0.2549090254008286,0.2096919473968654,1352.0,1357.0,1407.0,1375.0,1352.0,1364.0,1429.0,1356.0,1328.0,1349.0,1298.0,1214.0,0.2341125541125541,0.2487170087976539,0.2412551440329218,0.1994487960545402,0.190449359064657,0.2038254632396891,0.2099617984131648,0.2129731427673943,0.2005436424041075,0.2081468909118963,0.2079128624058946,0.198236446766819,-0.194807078619089,0.1054131054131053,-0.2006563525550867,-0.0538181818181817,0.1617219313554392,0.0591317365269461,-0.0448343079922027,-0.1853120243531202,0.1357798165137613,-0.3191126279863481,0.1750995234273922,0.4105685561242789,-0.0072644378516966,0.3153763631087671,0.3728549718461444,0.0152388797364084,Information Technology,45.0,1.0,84,8.62191350218664,5775.0,6894.0,10.820997540815013,10.297082488073805,10.82436773674409,10.316986965672614
QCOM,2016Q2,2016,Q2,0,1,0,0,6044.0,3510.0,2534.0,1918.0,620.0,2072.0,1592.0,1693.0,1444.0,1268.0,2712.0,50786.0,30647.0,50060.0,29645.0,0.2097948378557247,0.1025810721376571,0.5807412309728657,0.2634017207147584,0.2389146260754467,1301.0,1352.0,1357.0,1407.0,1375.0,1352.0,1364.0,1429.0,1356.0,1328.0,1349.0,1298.0,0.2343721851918573,0.2341125541125541,0.2487170087976539,0.2412551440329218,0.1994487960545402,0.190449359064657,0.2038254632396891,0.2099617984131648,0.2129731427673943,0.2005436424041075,0.2081468909118963,0.2079128624058946,0.0363511659807955,0.2195945945945945,0.0381543921916591,-0.0987917555081734,0.1990740740740741,0.2890688259109311,0.2110157367668097,0.0338637290901673,0.0745233968804159,-0.1062441752096924,-0.1304026337067616,0.0368332975854708,0.001739976052574,0.2438533078611102,0.1768159622229774,0.046700115785411,Information Technology,45.0,2.0,85,8.706986763048892,5551.0,5832.0,10.83539569530536,10.330322686380486,10.820997540815013,10.297082488073805
QCOM,2016Q3,2016,Q3,0,0,1,0,6184.0,3645.0,2539.0,1841.0,568.0,2372.0,1804.0,1960.0,1599.0,1229.0,2828.0,52359.0,31778.0,50786.0,30647.0,0.198738680465718,0.0918499353169469,0.589424320827943,0.2917205692108667,0.2585705045278137,1268.0,1301.0,1352.0,1357.0,1407.0,1375.0,1352.0,1364.0,1429.0,1356.0,1328.0,1349.0,0.2097948378557247,0.2343721851918573,0.2341125541125541,0.2487170087976539,0.2412551440329218,0.1994487960545402,0.190449359064657,0.2038254632396891,0.2099617984131648,0.2129731427673943,0.2005436424041075,0.2081468909118963,0.1334310850439883,0.5070688030160226,0.1376404494382022,-0.0943257184966838,0.3758700696055683,0.5824561403508772,0.5654952076677315,0.1274422735346358,-0.0453781512605041,-0.1080426356589147,-0.2009445537060005,-0.1577592485894745,0.0037138247307293,0.3961644084337623,0.329651906412584,0.1695616211745243,Information Technology,45.0,3.0,86,8.729882284826589,6044.0,5456.0,10.865898220023837,10.366560973264606,10.83539569530536,10.330322686380486
QCOM,2016Q4,2016,Q4,0,0,0,1,5999.0,3556.0,2443.0,2778.0,591.0,2161.0,778.0,870.0,682.0,1311.0,1993.0,52366.0,31215.0,52359.0,31778.0,0.2185364227371228,0.0985164194032338,0.5927654609101517,0.12968828138023,0.1136856142690448,1229.0,1268.0,1301.0,1352.0,1357.0,1407.0,1375.0,1352.0,1364.0,1429.0,1356.0,1328.0,0.198738680465718,0.2097948378557247,0.2343721851918573,0.2341125541125541,0.2487170087976539,0.2412551440329218,0.1994487960545402,0.190449359064657,0.2038254632396891,0.2099617984131648,0.2129731427673943,0.2005436424041075,0.0387878787878788,-0.5447263017356475,0.0971922246220302,-0.0303254437869822,0.1700054141851652,-0.5382789317507418,-0.4912280701754385,-0.0359116022099447,0.0224913494809688,0.7853470437017995,-0.0665326617552629,-0.0156880241285889,0.0562235534576138,-0.5555193917087071,-0.561726019757187,-0.3007017543859649,Information Technology,45.0,4.0,87,8.699514748210191,6184.0,5775.0,10.866031900927718,10.348686062862892,10.865898220023837,10.366560973264606
QCOM,2017Q1,2017,Q1,1,0,0,0,5016.0,2808.0,2208.0,2079.0,615.0,1324.0,729.0,857.0,749.0,1386.0,2135.0,56079.0,31344.0,52366.0,31215.0,0.2763157894736842,0.1226076555023923,0.5598086124401914,0.145334928229665,0.1493221690590111,1311.0,1229.0,1268.0,1301.0,1352.0,1357.0,1407.0,1375.0,1352.0,1364.0,1429.0,1356.0,0.2185364227371228,0.198738680465718,0.2097948378557247,0.2343721851918573,0.2341125541125541,0.2487170087976539,0.2412551440329218,0.1994487960545402,0.190449359064657,0.2038254632396891,0.2099617984131648,0.2129731427673943,-0.0963790308052603,-0.3565292096219931,-0.1765395894428152,0.0653343581860108,-0.3370055082623936,-0.4848056537102473,-0.4170068027210885,0.0312937879495562,-0.0064620355411955,0.0421052631578946,0.1789615275698857,0.0995074243841356,-0.088710378986656,-0.4298556985138722,-0.2878974566610215,-0.1338742393509128,Information Technology,45.0,1.0,88,8.520587424484253,5999.0,5551.0,10.934534521708471,10.352810043708068,10.866031900927718,10.348686062862892
QCOM,2017Q2,2017,Q2,0,1,0,0,5371.0,2883.0,2488.0,2110.0,710.0,1385.0,773.0,858.0,866.0,1391.0,2257.0,64379.0,31294.0,56079.0,31344.0,0.2589834295289517,0.1321913982498603,0.5367715509216161,0.143921057531186,0.1612362688512381,1386.0,1311.0,1229.0,1268.0,1301.0,1352.0,1357.0,1407.0,1375.0,1352.0,1364.0,1429.0,0.2763157894736842,0.2185364227371228,0.198738680465718,0.2097948378557247,0.2343721851918573,0.2341125541125541,0.2487170087976539,0.2412551440329218,0.1994487960545402,0.190449359064657,0.2038254632396891,0.2099617984131648,-0.1113500992720053,-0.4002770083102492,-0.1786324786324786,0.0970031545741325,-0.3315637065637066,-0.5144472361809045,-0.4932073242764323,-0.0181531176006314,0.1451612903225807,0.1001042752867571,0.2344604480070855,0.2886529210034774,-0.0757130331138895,-0.4536062363577335,-0.3251301877168399,-0.1677728613569321,Information Technology,45.0,2.0,89,8.588955557643128,5016.0,6044.0,11.0725583048528,10.351213619358802,10.934534521708471,10.352810043708068
QCOM,2017Q3,2017,Q3,0,0,1,0,5905.0,3252.0,2653.0,2919.0,742.0,1925.0,333.0,434.0,168.0,1397.0,1565.0,65486.0,30746.0,64379.0,31294.0,0.2365791701947502,0.1256562235393734,0.5507197290431838,0.0563928873835732,0.0284504657070279,1391.0,1386.0,1311.0,1229.0,1268.0,1301.0,1352.0,1357.0,1407.0,1375.0,1352.0,1364.0,0.2589834295289517,0.2763157894736842,0.2185364227371228,0.198738680465718,0.2097948378557247,0.2343721851918573,0.2341125541125541,0.2487170087976539,0.2412551440329218,0.1994487960545402,0.190449359064657,0.2038254632396891,-0.0451164294954722,-0.8949343339587242,-0.1078189300411522,0.1366965012205045,-0.1884485666104552,-0.815410199556541,-0.7785714285714286,0.0448995667585663,0.306338028169014,0.585551330798479,0.1904032453086537,0.3680600112103613,-0.0656650742378467,-0.8066886831596358,-0.8899701814057156,-0.4466053748231966,Information Technology,45.0,3.0,90,8.683724062303869,5371.0,6184.0,11.089606928642473,10.333547707499672,11.0725583048528,10.351213619358802
QCOM,2017Q4,2017,Q4,0,0,0,1,6068.0,3405.0,2663.0,3376.0,773.0,473.0,29.0,-27.0,-5953.0,1420.0,-4533.0,64351.0,23924.0,65486.0,30746.0,0.2340145023071852,0.1273895847066578,0.5611404087013843,0.0047791694133157,-0.9810481212920236,1397.0,1391.0,1386.0,1311.0,1229.0,1268.0,1301.0,1352.0,1357.0,1407.0,1375.0,1352.0,0.2365791701947502,0.2589834295289517,0.2763157894736842,0.2185364227371228,0.198738680465718,0.2097948378557247,0.2343721851918573,0.2341125541125541,0.2487170087976539,0.2412551440329218,0.1994487960545402,0.190449359064657,0.0115019169861643,-9.728739002932551,-0.0424634420697412,0.0831426392067125,-0.7811198519204072,-0.9627249357326478,-1.0310344827586206,0.0900532132623823,0.3079526226734348,0.2152627789776817,0.0708260864537027,0.2930797269970229,-0.0533517120923497,-0.963148795230744,-9.629483401218256,-3.274460612142499,Information Technology,45.0,4.0,91,8.710949125835855,5905.0,5999.0,11.072123292572378,10.082679216321155,11.089606928642473,10.333547707499672
QCOM,2018Q1,2018,Q1,1,0,0,0,5261.0,3022.0,2239.0,2581.0,869.0,884.0,441.0,358.0,363.0,1402.0,1765.0,64126.0,23819.0,64351.0,23924.0,0.2664892605968447,0.1651777228663752,0.5744155103592473,0.0838243679908762,0.0689982892986124,1420.0,1397.0,1391.0,1386.0,1311.0,1229.0,1268.0,1301.0,1352.0,1357.0,1407.0,1375.0,0.2340145023071852,0.2365791701947502,0.2589834295289517,0.2763157894736842,0.2185364227371228,0.198738680465718,0.2097948378557247,0.2343721851918573,0.2341125541125541,0.2487170087976539,0.2412551440329218,0.1994487960545402,0.0488437001594896,-0.5153538050734312,0.0762108262108263,0.0115440115440115,-0.3323262839879154,-0.3950617283950617,-0.5822637106184364,0.0140398550724638,0.4130081300813009,0.2414622414622413,-0.0355626759352288,0.347205622597948,0.0260926638041254,-0.4232331552232712,-0.5379233389561549,-0.1733021077283372,Information Technology,45.0,1.0,92,8.568266461600238,6068.0,5016.0,11.068620771070522,10.07828084290929,11.072123292572378,10.082679216321155
QCOM,2018Q2,2018,Q2,0,1,0,0,5599.0,3108.0,2491.0,2183.0,655.0,1560.0,903.0,956.0,1219.0,1416.0,2635.0,62090.0,23068.0,64126.0,23819.0,0.252902303982854,0.1169851759242722,0.5550991248437221,0.161278799785676,0.2177174495445615,1402.0,1420.0,1397.0,1391.0,1386.0,1311.0,1229.0,1268.0,1301.0,1352.0,1357.0,1407.0,0.2664892605968447,0.2340145023071852,0.2365791701947502,0.2589834295289517,0.2763157894736842,0.2185364227371228,0.198738680465718,0.2097948378557247,0.2343721851918573,0.2341125541125541,0.2487170087976539,0.2412551440329218,0.0424501954943212,0.4076212471131639,0.0780437044745057,0.0179726815240834,0.1263537906137184,0.1681759379042691,0.1142191142191142,0.0012057877813504,-0.0774647887323943,0.0345971563981042,-0.0234807514795762,-0.1150318593108931,0.034144085860434,0.1206059943711073,0.3503007176718709,0.1674789543642003,Information Technology,45.0,2.0,93,8.630521876723241,5261.0,5371.0,11.036356329882327,10.046245003891086,11.068620771070522,10.07828084290929
QCOM,2018Q3,2018,Q3,0,0,1,0,5803.0,2953.0,2850.0,3607.0,689.0,-172.0,-653.0,-775.0,-493.0,1388.0,895.0,32686.0,928.0,62090.0,23068.0,0.2391866276064105,0.1187316905049112,0.5088747199724281,-0.1125280027571945,-0.084956057211787,1416.0,1402.0,1420.0,1397.0,1391.0,1386.0,1311.0,1229.0,1268.0,1301.0,1352.0,1357.0,0.252902303982854,0.2664892605968447,0.2340145023071852,0.2365791701947502,0.2589834295289517,0.2763157894736842,0.2185364227371228,0.198738680465718,0.2097948378557247,0.2343721851918573,0.2341125541125541,0.2487170087976539,-0.0172734970364097,-3.934523809523809,-0.0919434194341943,-0.0064423765211166,-1.0893506493506493,-2.960960960960961,-2.7857142857142856,0.0742555597436864,-0.0714285714285714,0.2356971565604659,0.0110215003692584,-0.055106964378031,-0.0759824042321072,-2.995428997841543,-3.986104272830966,-0.4281150159744409,Information Technology,45.0,3.0,94,8.666302614004078,5599.0,5905.0,10.394732724323175,6.834108738813838,11.036356329882327,10.046245003891086
QCOM,2018Q4,2018,Q4,0,0,0,1,4842.0,2654.0,2188.0,1944.0,526.0,1212.0,710.0,559.0,1068.0,1269.0,2337.0,34246.0,3617.0,32686.0,928.0,0.2620817843866171,0.1086327963651383,0.5481206113176373,0.1466336224700537,0.2205700123915737,1388.0,1416.0,1402.0,1420.0,1397.0,1391.0,1386.0,1311.0,1229.0,1268.0,1301.0,1352.0,0.2391866276064105,0.252902303982854,0.2664892605968447,0.2340145023071852,0.2365791701947502,0.2589834295289517,0.2763157894736842,0.2185364227371228,0.198738680465718,0.2097948378557247,0.2343721851918573,0.2341125541125541,-0.2020435069215557,-1.179405341844448,-0.2205580029368575,-0.106338028169014,1.5623678646934462,23.48275862068965,-21.703703703703702,-0.1783702591062711,-0.3195342820181113,-0.424170616113744,0.1199382166605582,-0.1472395752345929,-0.0232023878192588,29.681821418906413,-1.224830981890151,-1.515552614162806,Information Technology,45.0,4.0,95,8.48528964240323,5803.0,6068.0,10.441354248613159,8.193676665955241,10.394732724323175,6.834108738813838
QCOM,2019Q1,2019,Q1,1,0,0,0,4982.0,2803.0,2179.0,1863.0,573.0,1267.0,940.0,806.0,663.0,1308.0,1971.0,34023.0,3866.0,34246.0,3617.0,0.2625451625853071,0.1150140505820955,0.5626254516258531,0.1886792452830188,0.1330790847049378,1269.0,1388.0,1416.0,1402.0,1420.0,1397.0,1391.0,1386.0,1311.0,1229.0,1268.0,1301.0,0.2620817843866171,0.2391866276064105,0.252902303982854,0.2664892605968447,0.2340145023071852,0.2365791701947502,0.2589834295289517,0.2763157894736842,0.2185364227371228,0.198738680465718,0.2097948378557247,0.2343721851918573,-0.0530317430146359,0.8264462809917354,-0.0724685638649901,-0.0670470756062767,0.4332579185520362,1.131519274376417,1.2513966480446927,-0.0267976775346137,-0.3406214039125431,-0.2781867493219682,-0.0148002137223247,-0.3036951437141488,-0.0205253140292478,1.250887776494246,0.9287302055996632,0.11671388101983,Information Technology,45.0,1.0,96,8.513787398281405,4842.0,5261.0,10.43482143693347,8.260234291607297,10.441354248613159,8.193676665955241
QCOM,2019Q2,2019,Q2,0,1,0,0,9635.0,7521.0,2114.0,2204.0,547.0,5947.0,5317.0,5501.0,2149.0,1380.0,3529.0,34133.0,5463.0,34023.0,3866.0,0.1432278152568759,0.056772184743124,0.7805915931499741,0.5518422418266736,0.2230409963674104,1308.0,1269.0,1388.0,1416.0,1402.0,1420.0,1397.0,1391.0,1386.0,1311.0,1229.0,1268.0,0.2625451625853071,0.2620817843866171,0.2391866276064105,0.252902303982854,0.2664892605968447,0.2340145023071852,0.2365791701947502,0.2589834295289517,0.2763157894736842,0.2185364227371228,0.198738680465718,0.2097948378557247,0.7208430076799428,0.7629204265791631,1.41988416988417,-0.0254237288135593,2.812179487179487,4.888150609080841,4.75418410041841,-0.1513448414291449,-0.1648854961832061,0.0096197892808063,-0.4336634621304741,-0.5147061643103032,0.4062201834127106,2.421666347715997,0.0244516313873102,0.3392789373814042,Information Technology,45.0,2.0,97,9.173261363734762,4982.0,5599.0,10.438049233978703,8.605936401250625,10.43482143693347,8.260234291607297
QCOM,2019Q3,2019,Q3,0,0,1,0,4814.0,2696.0,2118.0,1995.0,548.0,1056.0,701.0,615.0,506.0,1441.0,1947.0,32957.0,4909.0,34133.0,5463.0,0.2955776257133461,0.1138346489405899,0.5600332363938513,0.1456169505608641,0.1051100955546323,1380.0,1308.0,1269.0,1388.0,1416.0,1402.0,1420.0,1397.0,1391.0,1386.0,1311.0,1229.0,0.1432278152568759,0.2625451625853071,0.2620817843866171,0.2391866276064105,0.252902303982854,0.2664892605968447,0.2340145023071852,0.2365791701947502,0.2589834295289517,0.2763157894736842,0.2185364227371228,0.198738680465718,-0.1704290884025504,-2.026369168356998,-0.0870301388418557,0.0381844380403457,-7.1395348837209305,-2.0735068912710566,-1.793548387096774,-0.2568421052631578,-0.204644412191582,-0.44690878846687,0.251471602398863,-0.0412446040606044,0.1005326348775885,-2.294050787296623,-2.2372289746521936,1.1754189944134077,Information Technology,45.0,3.0,98,8.479491324232226,9635.0,5803.0,10.402989302570676,8.499029220788566,10.438049233978703,8.605936401250625
QCOM,2019Q4,2019,Q4,0,0,0,1,5077.0,2964.0,2113.0,1934.0,528.0,1381.0,1030.0,947.0,925.0,1406.0,2331.0,33111.0,4513.0,32957.0,4909.0,0.2769351979515462,0.1039984242662989,0.5838093362221785,0.2028757140043332,0.1821942091786488,1441.0,1380.0,1308.0,1269.0,1388.0,1416.0,1402.0,1420.0,1397.0,1391.0,1386.0,1311.0,0.2955776257133461,0.1432278152568759,0.2625451625853071,0.2620817843866171,0.2391866276064105,0.252902303982854,0.2664892605968447,0.2340145023071852,0.2365791701947502,0.2589834295289517,0.2763157894736842,0.2185364227371228,0.0485336637752995,-0.1338951310861423,0.1168048229088167,0.1079590228526399,0.1394389438943895,0.4507042253521127,0.6940966010733454,-0.0342778793418647,0.0038022813688212,-0.0051440329218106,0.0566747269356868,-0.0426608929706849,0.065111079874826,0.3835552214211009,-0.1739846808585977,-0.0025673940949936,Information Technology,45.0,4.0,99,8.532672762264625,4814.0,4842.0,10.407651033428568,8.414938957377482,10.402989302570676,8.499029220788566
QCOM,2020Q1,2020,Q1,1,0,0,0,5216.0,2919.0,2297.0,1928.0,483.0,1308.0,991.0,598.0,468.0,1468.0,1936.0,31938.0,3045.0,33111.0,4513.0,0.281441717791411,0.0925996932515337,0.5596242331288344,0.1899923312883435,0.0897239263803681,1406.0,1441.0,1380.0,1308.0,1269.0,1388.0,1416.0,1402.0,1420.0,1397.0,1391.0,1386.0,0.2769351979515462,0.2955776257133461,0.1432278152568759,0.2625451625853071,0.2620817843866171,0.2391866276064105,0.252902303982854,0.2664892605968447,0.2340145023071852,0.2365791701947502,0.2589834295289517,0.2763157894736842,0.0469690887193898,-0.2941176470588235,0.0413842311808776,0.1223241590214068,0.032359905288082,0.0542553191489361,-0.2580645161290322,0.0541532813217071,-0.1570680628272251,0.0348899624261942,0.0719744939119342,-0.1948836443645006,-0.005334309865197,0.0069593558282208,-0.3257849151930712,-0.0177574835109082,Information Technology,45.0,1.0,100,8.559677803022392,5077.0,4982.0,10.371583112575056,8.021584533455107,10.407651033428568,8.414938957377482
QCOM,2020Q2,2020,Q2,0,1,0,0,4893.0,2813.0,2080.0,2031.0,511.0,1145.0,782.0,868.0,845.0,1520.0,2365.0,32328.0,3306.0,31938.0,3045.0,0.2955776257133461,0.1044349070100143,0.5749029225424075,0.1598201512364602,0.1726956877171469,1468.0,1406.0,1441.0,1380.0,1308.0,1269.0,1388.0,1416.0,1402.0,1420.0,1397.0,1391.0,0.281441717791411,0.2769351979515462,0.2955776257133461,0.1432278152568759,0.2625451625853071,0.2620817843866171,0.2391866276064105,0.252902303982854,0.2664892605968447,0.2340145023071852,0.2365791701947502,0.2589834295289517,-0.4921639854696419,-0.6067938576081899,-0.6259805876878075,0.1014492753623188,-0.8074659492180931,-0.8529245815309385,-0.8422105071805126,-0.0160832544938505,-0.0658135283363802,-0.0784936479128857,1.1689073713705174,0.8395435631471442,-0.2635035688477468,-0.7103879711936629,-0.2257222190997158,-0.3298384811561349,Information Technology,45.0,2.0,101,8.495765244002618,5216.0,9635.0,10.383719939217288,8.103796712981794,10.371583112575056,8.021584533455107
QCOM,2020Q3,2020,Q3,0,0,1,0,8346.0,5580.0,2766.0,2128.0,551.0,3786.0,3452.0,3306.0,2960.0,1583.0,4543.0,35594.0,6077.0,32328.0,3306.0,0.1896716990174934,0.0660196501317996,0.6685837526959022,0.4136113108075724,0.3546609154085789,1520.0,1468.0,1406.0,1441.0,1380.0,1308.0,1269.0,1388.0,1416.0,1402.0,1420.0,1397.0,0.2955776257133461,0.281441717791411,0.2769351979515462,0.2955776257133461,0.1432278152568759,0.2625451625853071,0.2620817843866171,0.2391866276064105,0.252902303982854,0.2664892605968447,0.2340145023071852,0.2365791701947502,0.7336933942667221,4.849802371541502,1.06973293768546,0.0985426786953505,2.585227272727273,3.924393723252496,4.375609756097561,0.3059490084985836,0.0054744525547445,0.0666666666666666,-0.3663570027271247,-0.4200390588786795,0.1938287038123416,1.8404063483989352,2.3741850726816187,1.3333333333333337,Information Technology,45.0,3.0,102,9.029657471850737,4893.0,4814.0,10.479960457537974,8.712430973476739,10.383719939217288,8.103796712981794
QCOM,2020Q4,2020,Q4,0,0,0,1,8235.0,4746.0,3489.0,2220.0,567.0,2890.0,2526.0,2604.0,2455.0,1653.0,4108.0,37479.0,7380.0,35594.0,6077.0,0.2007285974499089,0.0688524590163934,0.57632058287796,0.3067395264116576,0.2981177899210686,1583.0,1520.0,1468.0,1406.0,1441.0,1380.0,1308.0,1269.0,1388.0,1416.0,1402.0,1420.0,0.1896716990174934,0.2955776257133461,0.281441717791411,0.2769351979515462,0.29575656125666183,0.1432278152568759,0.2625451625853071,0.2620817843866171,0.2391866276064105,0.252902303982854,0.2664892605968447,0.2340145023071852,0.6220208784715384,1.654054054054054,0.6012145748987854,0.1756756756756756,1.0926864590876175,1.4524271844660197,1.7497360084477296,0.6512068149550403,0.0738636363636364,0.1478800413650465,-0.2751784571456702,-0.3379470938897168,-0.0128273956574215,0.5119578403805685,0.6362638047883951,0.7623337623337623,Information Technology,45.0,4.0,103,9.01627006814768,8346.0,5077.0,10.531562736352358,8.906664409770052,10.479960457537974,8.712430973476739
QCOM,2021Q1,2021,Q1,1,0,0,0,7935.0,4503.0,3432.0,2337.0,557.0,2553.0,2166.0,2129.0,1762.0,1780.0,3542.0,37168.0,7424.0,37479.0,7380.0,0.2243226212980466,0.0701953371140516,0.5674858223062382,0.2729678638941399,0.2220541902961562,1653.0,1583.0,1520.0,1468.0,1406.0,1441.0,1380.0,1308.0,1269.0,1388.0,1416.0,1402.0,0.2007285974499089,0.1896716990174934,0.2955776257133461,0.281441717791411,0.2769351979515462,0.29593549679997755,0.1432278152568759,0.2625451625853071,0.2620817843866171,0.2391866276064105,0.252902303982854,0.2664892605968447,0.5212806748466257,2.764957264957265,0.5426515930113052,0.2125340599455041,0.951834862385321,1.1856710393541876,2.560200668896321,0.4941227688289074,0.1532091097308487,0.2121369294605808,-0.2029517760963138,-0.2419484919526014,0.014047978468427,0.4367309566819715,1.4748603773178446,0.8295454545454546,Information Technology,45.0,1.0,104,8.979164648964709,8235.0,5216.0,10.523230359512661,8.9126079636709,10.531562736352358,8.906664409770052
QCOM,2021Q2,2021,Q2,0,1,0,0,8060.0,4656.0,3404.0,2461.0,597.0,2601.0,2195.0,2257.0,2027.0,1864.0,3891.0,38769.0,8177.0,37168.0,7424.0,0.2312655086848635,0.0740694789081885,0.577667493796526,0.2723325062034739,0.2514888337468983,1780.0,1653.0,1583.0,1520.0,1468.0,1406.0,1441.0,1380.0,1308.0,1269.0,1388.0,1416.0,0.2243226212980466,0.2007285974499089,0.1896716990174934,0.2955776257133461,0.281441717791411,0.2769351979515462,0.29611443234329304,0.1432278152568759,0.2625451625853071,0.2620817843866171,0.2391866276064105,0.252902303982854,0.6472511751481709,1.3988165680473372,0.6551724137931034,0.2263157894736842,1.2716157205240175,1.8069053708439895,1.6002304147465436,0.6365384615384615,0.1682974559686889,0.2117183653372722,-0.2555380697401069,-0.2907593731941942,0.0048087618721657,0.7039935458485906,0.4562542763592583,0.6452431289640592,Information Technology,45.0,2.0,105,8.9947928972836,7935.0,4893.0,10.565402030664975,9.009202900924588,10.523230359512661,8.9126079636709
QCOM,2021Q3,2021,Q3,0,0,1,0,9336.0,5399.0,3937.0,2497.0,619.0,3327.0,2902.0,3285.0,2798.0,1878.0,4676.0,41240.0,9950.0,38769.0,8177.0,0.2011568123393316,0.0663024850042844,0.5782990574121679,0.3108397600685518,0.2997000856898029,1864.0,1780.0,1653.0,1583.0,1520.0,1468.0,1406.0,1441.0,1380.0,1308.0,1269.0,1388.0,0.2312655086848635,0.2243226212980466,0.2007285974499089,0.1896716990174934,0.29575656125666183,0.281441717791411,0.2769351979515462,0.29629336788660876,0.1432278152568759,0.2625451625853071,0.2620817843866171,0.2391866276064105,0.1186196980589504,-0.0547297297297297,-0.032437275985663,0.1863550221099179,-0.1212361331220285,-0.1593279258400927,-0.0063520871143375,0.423355025307303,0.1234119782214155,0.1734022556390977,0.0605525936728119,0.0042841013534633,-0.1350387216555638,-0.2484737434727306,-0.154967258389495,0.0292758089368259,Information Technology,45.0,3.0,106,9.141740280483926,8060.0,8346.0,10.627188186139529,9.205428327615163,10.565402030664975,9.009202900924588
QCOM,2021Q4,2021,Q4,0,0,0,1,10705.0,6402.0,4303.0,2538.0,608.0,4270.0,3864.0,3865.0,3399.0,1930.0,5329.0,42820.0,11333.0,41240.0,9950.0,0.1802895843063988,0.0567958897711349,0.5980382998598786,0.3609528257823447,0.3175151798225128,1878.0,1864.0,1780.0,1653.0,1583.0,1520.0,1468.0,1406.0,1441.0,1380.0,1308.0,1269.0,0.2011568123393316,0.2312655086848635,0.2243226212980466,0.2007285974499089,0.1896716990174934,0.29593549679997755,0.281441717791411,0.2769351979515462,0.2964723034299245,0.1432278152568759,0.2625451625853071,0.2620817843866171,0.299939283545841,0.384521384928717,0.3489254108723134,0.1675741076830006,0.4775086505190311,0.5296912114014252,0.4842549923195085,0.2333046718257381,0.0723104056437389,0.1432432432432433,-0.101824121740354,-0.1751073152287539,0.0376833964066791,0.1767405068557437,0.0650661938241927,0.2972249269717624,Information Technology,45.0,4.0,107,9.278559610953327,9336.0,8235.0,10.66478391544408,9.335562336729565,10.627188186139529,9.205428327615163
QCOM,2022Q1,2022,Q1,1,0,0,0,11164.0,6516.0,4648.0,2658.0,624.0,4286.0,3858.0,3423.0,2934.0,2034.0,4968.0,44302.0,13328.0,42820.0,11333.0,0.1821927624507345,0.0558939448226442,0.5836617699749194,0.3455750627015406,0.262809029021856,1930.0,1878.0,1864.0,1780.0,1653.0,1583.0,1520.0,1468.0,1406.0,1441.0,1380.0,1308.0,0.1802895843063988,0.2011568123393316,0.2312655086848635,0.2243226212980466,0.2007285974499089,0.1896716990174934,0.29611443234329304,0.281441717791411,0.2769351979515462,0.29665123897324,0.1432278152568759,0.2625451625853071,0.4069313169502204,0.6651532349602725,0.4470353097934709,0.1426966292134832,0.6788092440266353,0.7811634349030472,0.6077970878346641,0.3543123543123543,0.1202872531418313,0.1373555840821565,-0.187809230310911,-0.2037370697169087,0.028504584665997,0.2659917463235111,0.1835355535121607,0.4025974025974026,Information Technology,45.0,1.0,108,9.320539164274258,10705.0,7935.0,10.698807673830618,9.497697391604019,10.66478391544408,9.335562336729565
QCOM,2022Q2,2022,Q2,0,1,0,0,10936.0,6120.0,4816.0,1648.0,655.0,3851.0,4472.0,4239.0,3730.0,2052.0,5782.0,47020.0,16048.0,44302.0,13328.0,0.1876371616678858,0.0598939283101682,0.5596196049743964,0.4089246525237747,0.3410753474762253,2034.0,1930.0,1878.0,1864.0,1780.0,1653.0,1583.0,1520.0,1468.0,1406.0,1441.0,1380.0,0.1821927624507345,0.1802895843063988,0.2011568123393316,0.2312655086848635,0.2243226212980466,0.2007285974499089,0.1896716990174934,0.29629336788660876,0.281441717791411,0.2769351979515462,0.2968301745165557,0.1432278152568759,0.3568238213399504,0.8401578687715836,0.3144329896907216,0.1008583690987123,0.4805843906189926,1.037357630979499,0.8781568453699602,0.4148061104582843,0.0971524288107201,-0.3303535148313693,-0.1886504704704076,-0.1913818053937084,-0.0312426941379648,0.5015638721374143,0.3562246179863719,0.4859933179131328,Information Technology,45.0,2.0,109,9.299906815335225,11164.0,8060.0,10.758349589413635,9.683401821321157,10.698807673830618,9.497697391604019
QCOM,2022Q3,2022,Q3,0,0,1,0,11395.0,6527.0,4868.0,2861.0,683.0,4156.0,3666.0,3470.0,2873.0,2178.0,5051.0,49014.0,18013.0,47020.0,16048.0,0.1911364633611233,0.0599385695480473,0.5727950855638438,0.3217200526546731,0.2521281263712154,2052.0,2034.0,1930.0,1878.0,1864.0,1780.0,1653.0,1583.0,1520.0,1468.0,1406.0,1441.0,0.1876371616678858,0.1821927624507345,0.1802895843063988,0.2011568123393316,0.2312655086848635,0.2243226212980466,0.2007285974499089,0.1896716990174934,0.2964723034299245,0.281441717791411,0.2769351979515462,0.2970091100598714,0.2205441302485005,0.0268048606147248,0.2089275791813298,0.1597444089456869,0.2491734295160805,0.2632667126119916,0.0563165905631659,0.2364744729489458,0.1033925686591277,0.145774929915899,-0.0498136198405498,-0.0959830609037634,-0.0095175182767093,0.0350028985472186,-0.1587318842738857,0.0801967493584259,Information Technology,45.0,3.0,110,9.341017695617799,10936.0,9336.0,10.799881652695827,9.798904512343688,10.758349589413635,9.683401821321157
QCOM,2022Q4,2022,Q4,0,0,0,1,9463.0,5419.0,4044.0,2954.0,623.0,2939.0,2465.0,2371.0,2235.0,2251.0,4486.0,50014.0,18810.0,49014.0,18013.0,0.2378738243685934,0.0658353587657191,0.5726513790552679,0.2604882172672514,0.2361830286378526,2178.0,2052.0,2034.0,1930.0,1878.0,1864.0,1780.0,1653.0,1583.0,1520.0,1468.0,1406.0,0.1911364633611233,0.1876371616678858,0.1821927624507345,0.1802895843063988,0.2011568123393316,0.2312655086848635,0.2243226212980466,0.2007285974499089,0.1896716990174934,0.29665123897324,0.281441717791411,0.2769351979515462,-0.116020551144325,-0.3424536628420124,-0.1535457669478288,0.1663212435233161,-0.3117096018735362,-0.3620600414078675,-0.3865459249676585,-0.0601905647222867,0.0246710526315789,0.1639085894405043,0.3193985957853851,0.1591570980049721,-0.0424503260252042,-0.2783316858576795,-0.2561520089531589,-0.1581910302120472,Information Technology,45.0,4.0,111,9.155250405658222,11395.0,10705.0,10.820078239419281,9.842197084093021,10.799881652695827,9.798904512343688
QCOM,2023Q1,2023,Q1,1,0,0,0,9275.0,5122.0,4153.0,3032.0,614.0,2544.0,2090.0,1895.0,1704.0,2210.0,3914.0,48362.0,19698.0,50014.0,18810.0,0.2382749326145552,0.066199460916442,0.5522371967654987,0.2253369272237196,0.1837196765498652,2251.0,2178.0,2052.0,2034.0,1930.0,1878.0,1864.0,1780.0,1653.0,1583.0,1520.0,1468.0,0.2378738243685934,0.1911364633611233,0.1876371616678858,0.1821927624507345,0.1802895843063988,0.2011568123393316,0.2312655086848635,0.2243226212980466,0.2007285974499089,0.1896716990174934,0.2968301745165557,0.281441717791411,-0.1692045861698315,-0.4192229038854805,-0.2139349294045426,0.0865290068829891,-0.406439570695287,-0.4582685329186107,-0.4463920537540169,-0.1064974182444061,-0.016025641025641,0.1407072987208426,0.3078177717349533,0.1843762526781396,-0.0538403829511928,-0.3479363775205789,-0.3009384904557958,-0.212157809983897,Information Technology,45.0,1.0,112,9.135185698375423,9463.0,11164.0,10.786490337544109,9.888323152016355,10.820078239419281,9.842197084093021
QCOM,2023Q2,2023,Q2,0,1,0,0,8451.0,4659.0,3792.0,2840.0,618.0,2302.0,1823.0,1757.0,1803.0,2222.0,4025.0,49002.0,20670.0,48362.0,19698.0,0.2629274642054194,0.0731274405395811,0.5512957046503373,0.2157141166725831,0.2133475328363507,2210.0,2251.0,2178.0,2052.0,2034.0,1930.0,1878.0,1864.0,1780.0,1653.0,1583.0,1520.0,0.2382749326145552,0.2378738243685934,0.1911364633611233,0.1876371616678858,0.1821927624507345,0.1802895843063988,0.2011568123393316,0.2312655086848635,0.2243226212980466,0.2007285974499089,0.1896716990174934,0.2970091100598714,-0.2272311631309437,-0.5166219839142091,-0.2387254901960784,0.0828460038986353,-0.4022331861854064,-0.5923524150268336,-0.58551545175749,-0.2126245847176079,-0.0564885496183206,0.7233009708737863,0.4012547507555883,0.2209491446425329,-0.0148742114287436,-0.4724844409813575,-0.3744856249066135,-0.3038740920096852,Information Technology,45.0,2.0,113,9.042158378735948,9275.0,10936.0,10.799636799708416,9.936487030799237,10.786490337544109,9.888323152016355
QCOM,2023Q3,2023,Q3,0,0,1,0,8631.0,4751.0,3880.0,3340.0,628.0,2055.0,1410.0,1420.0,1490.0,2135.0,3625.0,51040.0,21581.0,49002.0,20670.0,0.2473641524736415,0.0727609778704669,0.5504576526474336,0.1633646159193604,0.1726335302977638,2222.0,2210.0,2251.0,2178.0,2052.0,2034.0,1930.0,1878.0,1864.0,1780.0,1653.0,1583.0,0.2629274642054194,0.2382749326145552,0.2378738243685934,0.1911364633611233,0.1876371616678858,0.1821927624507345,0.1802895843063988,0.2011568123393316,0.2312655086848635,0.2243226212980466,0.2007285974499089,0.1896716990174934,-0.2425625274243089,-0.4813783501566306,-0.2721005055921557,-0.019742883379247,-0.5055341674687199,-0.6153846153846154,-0.5907780979827089,-0.2029580936729663,-0.0805270863836017,0.1674239776301993,0.2941756278407461,0.2139258313820946,-0.0389972495913121,-0.4922150031639083,-0.3152944386554057,-0.2823203326074045,Information Technology,45.0,3.0,114,9.06323150693797,8451.0,11395.0,10.840384510303231,9.97961491292368,10.799636799708416,9.936487030799237
QCOM,2023Q4,2023,Q4,0,0,0,1,9935.0,5623.0,4312.0,2695.0,627.0,3337.0,2928.0,2962.0,2767.0,2096.0,4863.0,52135.0,23058.0,51040.0,21581.0,0.2109713135379969,0.0631102164066431,0.5659788626069452,0.2947156517362858,0.2785103170608958,2135.0,2222.0,2210.0,2251.0,2178.0,2052.0,2034.0,1930.0,1878.0,1864.0,1780.0,1653.0,0.2473641524736415,0.2629274642054194,0.2382749326145552,0.2378738243685934,0.1911364633611233,0.1876371616678858,0.1821927624507345,0.1802895843063988,0.2011568123393316,0.2312655086848635,0.2243226212980466,0.2007285974499089,0.0498784740568529,0.2380313199105146,0.037645322015132,-0.0688582852065748,0.1354202109561075,0.1878296146044624,0.2492619148038801,0.066271018793274,0.0064205457463883,-0.0876777251184833,-0.1130957174544357,-0.0413932939710041,-0.0116519695793462,0.1313972464018145,0.1792139285670053,0.0840392331698618,Information Technology,45.0,4.0,115,9.20391980417326,8631.0,9463.0,10.861610968012217,10.045811427748324,10.840384510303231,9.97961491292368
QCOM,2024Q1,2024,Q1,1,0,0,0,9389.0,5283.0,4106.0,2943.0,707.0,2751.0,2340.0,2498.0,2326.0,2236.0,4562.0,53167.0,24469.0,52135.0,23058.0,0.2381510277984876,0.0753008840132069,0.5626797316008094,0.2492278197891149,0.247736713174992,2096.0,2135.0,2222.0,2210.0,2251.0,2178.0,2052.0,2034.0,1930.0,1878.0,1864.0,1780.0,0.2109713135379969,0.2473641524736415,0.2629274642054194,0.2382749326145552,0.2378738243685934,0.1911364633611233,0.1876371616678858,0.1821927624507345,0.1802895843063988,0.2011568123393316,0.2312655086848635,0.2243226212980466,0.0122911051212937,0.3650234741784037,0.031433033971105,0.0117647058823529,0.0813679245283018,0.1196172248803828,0.3182058047493403,-0.0113171201541054,0.1514657980456026,-0.029353562005277,-0.0005200077687907,0.1374848521538998,0.0189095100737031,0.1060229801646128,0.3484495391420485,0.1655595298926928,Information Technology,45.0,1.0,116,9.147400572202308,9935.0,9275.0,10.881211990594375,10.105203156436717,10.861610968012217,10.045811427748324
QCOM,2024Q2,2024,Q2,0,1,0,0,9393.0,5219.0,4174.0,2998.0,664.0,2715.0,2221.0,2279.0,2129.0,2259.0,4388.0,52741.0,24670.0,53167.0,24469.0,0.2404982433727243,0.0706909400617481,0.555626530394975,0.236452677525817,0.2266581496859363,2236.0,2096.0,2135.0,2222.0,2210.0,2251.0,2178.0,2052.0,2034.0,1930.0,1878.0,1864.0,0.2381510277984876,0.2109713135379969,0.2473641524736415,0.2629274642054194,0.2382749326145552,0.2378738243685934,0.1911364633611233,0.1876371616678858,0.1821927624507345,0.1802895843063988,0.2011568123393316,0.2312655086848635,0.1114660986865458,0.1808097615085968,0.120197467267654,0.0166516651665167,0.1794092093831452,0.2183214481623696,0.2970973249857711,0.1007383966244725,0.0744336569579287,0.0556338028169014,-0.0853057359392917,-0.0333185526507552,0.0078557219076911,0.096139099161097,0.0623893638357448,0.0901863354037266,Information Technology,45.0,2.0,117,9.14782646658694,9389.0,8451.0,10.873167381069187,10.113383743764707,10.881211990594375,10.105203156436717
QCOM,2024Q3,2024,Q3,0,0,1,0,10244.0,5777.0,4467.0,3195.0,761.0,3215.0,2582.0,2596.0,2920.0,2302.0,5222.0,55154.0,26274.0,52741.0,24670.0,0.2247169074580242,0.0742873877391643,0.5639398672393596,0.2520499804763764,0.2850449043342444,2259.0,2236.0,2096.0,2135.0,2222.0,2210.0,2251.0,2178.0,2052.0,2034.0,1930.0,1878.0,0.2404982433727243,0.2381510277984876,0.2109713135379969,0.2473641524736415,0.2629274642054194,0.2382749326145552,0.2378738243685934,0.1911364633611233,0.1876371616678858,0.1821927624507345,0.1802895843063988,0.2011568123393316,0.1868844861545591,0.9597315436241612,0.2159545358871817,0.0782201405152225,0.5644768856447688,0.8312056737588653,0.828169014084507,0.1512886597938143,0.2117834394904458,-0.0434131736526945,-0.0915542724729709,0.0209784133387385,0.0244927371380578,0.5428676464479465,0.6511560867844723,0.4405517241379311,Information Technology,45.0,3.0,118,9.234545060673,9393.0,8631.0,10.917902682403483,10.176373195745152,10.873167381069187,10.113383743764707
QCOM,2024Q4,2024,Q4,0,0,0,1,11669.0,6508.0,5161.0,2953.0,723.0,4234.0,3555.0,3635.0,3180.0,2230.0,5410.0,55575.0,26880.0,55154.0,26274.0,0.191104636215614,0.0619590367640757,0.5577170280229669,0.304653355043277,0.2725169251863913,2302.0,2259.0,2236.0,2096.0,2135.0,2222.0,2210.0,2251.0,2178.0,2052.0,2034.0,1930.0,0.2247169074580242,0.2404982433727243,0.2381510277984876,0.2109713135379969,0.2473641524736415,0.2629274642054194,0.2382749326145552,0.2378738243685934,0.1911364633611233,0.1876371616678858,0.1821927624507345,0.1802895843063988,0.17453447408153,0.1492591254065776,0.1573892939711898,0.0639312977099235,0.2688043152532213,0.2141393442622949,0.2272113436866982,0.1968923933209647,0.1531100478468898,0.0957328385899813,-0.0941676713730318,-0.0182407810987357,-0.01459742603447,0.0337196319518298,-0.0215194608865927,0.112482006991569,Information Technology,45.0,4.0,119,9.364776725280601,10244.0,9935.0,10.925506732372718,10.199174996326047,10.917902682403483,10.176373195745152
QCOM,2025Q1,2025,Q1,1,0,0,0,10979.0,6042.0,4937.0,2922.0,706.0,3120.0,3120.0,3105.0,2812.0,2216.0,5028.0,55372.0,27728.0,55575.0,26880.0,0.2018398761271518,0.0643045814737225,0.5503233445669005,0.284178886966026,0.2561253301757901,2230.0,2302.0,2259.0,2236.0,2096.0,2135.0,2222.0,2210.0,2251.0,2178.0,2052.0,2034.0,0.191104636215614,0.2247169074580242,0.2404982433727243,0.2381510277984876,0.2109713135379969,0.2473641524736415,0.2629274642054194,0.2382749326145552,0.2378738243685934,0.1911364633611233,0.1876371616678858,0.1821927624507345,0.1693471083182447,0.2089423903697334,0.1436683702441794,-0.0089445438282647,0.1341330425299891,0.3333333333333332,0.2429943955164131,0.2023867510959571,-0.0014144271570014,-0.0071355759429153,-0.1524711104839764,-0.1460315198631101,-0.0219598935948081,0.1402374229589822,0.0338610167757926,0.1021481806225339,Information Technology,45.0,1.0,120,9.30383071506352,11669.0,9389.0,10.9218473893137,10.230234075932888,10.925506732372718,10.199174996326047
QCOM,2025Q2,2025,Q2,0,1,0,0,10365.0,5759.0,4606.0,2997.0,771.0,3737.0,2762.0,2952.0,2666.0,2226.0,4892.0,54862.0,27209.0,55372.0,27728.0,0.2147612156295224,0.0743849493487699,0.5556198745779064,0.2664737095996141,0.2572117703810902,2216.0,2230.0,2302.0,2259.0,2236.0,2096.0,2135.0,2222.0,2210.0,2251.0,2178.0,2052.0,0.2018398761271518,0.191104636215614,0.2247169074580242,0.2404982433727243,0.2381510277984876,0.2109713135379969,0.2473641524736415,0.2629274642054194,0.2382749326145552,0.2378738243685934,0.1911364633611233,0.1876371616678858,0.1034813158735228,0.2522310944105213,0.1034680973366546,-0.0146082337317396,0.376427255985267,0.2435839711841512,0.2953049583150504,0.103497843794921,0.161144578313253,-0.0003335557038025,-0.1070154500185461,0.0522557669171619,-1.1978940357426636e-05,0.12696422974749,0.1348004505352655,0.1148587055606198,Information Technology,45.0,2.0,121,9.246286498749653,10979.0,9393.0,10.912594447648285,10.211339831777291,10.9218473893137,10.230234075932888
