ticker,Year_Quarter,year,quarter,Q1,Q2,Q3,Q4,revenue,grossProfit,costOfRevenue,operatingExpenses,snaExpenses,ebitda,operatingIncome,incomeBeforeTax,netIncome,rnd,net_plus_rnd,totalAssets,totalEquity,totalAssets_lag1,totalEquity_lag1,rnd_to_rev_ratio,sna_to_rev_ratio,grossProfitRatio,operatingIncomeRatio,netIncomeRatio,rnd_lag1,rnd_lag2,rnd_lag3,rnd_lag4,rnd_lag5,rnd_lag6,rnd_lag7,rnd_lag8,rnd_lag9,rnd_lag10,rnd_lag11,rnd_lag12,rnd_to_rev_ratio_lag1,rnd_to_rev_ratio_lag2,rnd_to_rev_ratio_lag3,rnd_to_rev_ratio_lag4,rnd_to_rev_ratio_lag5,rnd_to_rev_ratio_lag6,rnd_to_rev_ratio_lag7,rnd_to_rev_ratio_lag8,rnd_to_rev_ratio_lag9,rnd_to_rev_ratio_lag10,rnd_to_rev_ratio_lag11,rnd_to_rev_ratio_lag12,revenue_yoy,netIncome_yoy,grossProfit_yoy,rnd_yoy,ebitda_yoy,operatingIncome_yoy,incomeBeforeTax_yoy,costOfRevenue_yoy,snaExpenses_yoy,operatingExpenses_yoy,rnd_to_rev_ratio_yoy,sna_to_rev_ratio_yoy,grossProfitRatio_yoy,operatingIncomeRatio_yoy,netIncomeRatio_yoy,net_plus_rnd_yoy,gics_sectors,gics_sector_code,quarter_int,time_idx,revenue_log,revenue_lag1,revenue_lag4,totalAssets_log,totalEquity_log,totalAssets_lag1_log,totalEquity_lag1_log
RTX,1995Q2,1995,Q2,0,1,0,0,5774.0,1502.0,4272.0,1119.0,672.0,597.0,383.0,350.0,218.0,233.0,451.0,15826.0,4299.0,15695.0,4161.0,0.0403533079321094,0.116383789400762,0.260131624523727,0.0663318323519224,0.0377554554901281,218.0,,,,,,,,,,,,0.0409928544565626,,,,,,,,,,,,,,,,,,,,,,,,,,,,Industrials,20.0,2.0,1,8.661293535389994,5318.0,,9.669472621333282,8.366370301681654,9.661161181805145,8.33375100695358
RTX,1995Q3,1995,Q3,0,0,1,0,5604.0,1479.0,4125.0,1093.0,642.0,586.0,386.0,341.0,210.0,251.0,461.0,15741.0,4338.0,15826.0,4299.0,0.0447894361170592,0.1145610278372591,0.2639186295503212,0.0688793718772305,0.0374732334047109,233.0,218.0,,,,,,,,,,,0.0403533079321094,0.0409928544565626,,,,,,,,,,,,,,,,,,,,,,,,,,,Industrials,20.0,3.0,2,8.63141433550626,5774.0,,9.664087578702395,8.37539918579835,9.669472621333282,8.366370301681654
RTX,1995Q4,1995,Q4,0,0,0,1,5928.0,1545.0,4383.0,1192.0,708.0,576.0,353.0,300.0,187.0,261.0,448.0,15958.0,4419.0,15741.0,4338.0,0.0440283400809716,0.1194331983805668,0.2606275303643725,0.0595479082321187,0.0315452091767881,251.0,233.0,218.0,,,,,,,,,,0.0447894361170592,0.0403533079321094,0.0409928544565626,,,,,,,,,,,,,,,,,,,,,,,,,,Industrials,20.0,4.0,3,8.687610843707368,5604.0,,9.677778212399186,8.393894975071744,9.664087578702395,8.37539918579835
RTX,1996Q1,1996,Q1,1,0,0,0,5449.0,1449.0,4000.0,1142.0,683.0,516.0,307.0,263.0,164.0,250.0,414.0,16026.0,4481.0,15958.0,4419.0,0.0458799779776105,0.125344099834832,0.2659203523582308,0.0563406129565057,0.0300972655533125,261.0,251.0,233.0,218.0,,,,,,,,,0.0440283400809716,0.0447894361170592,0.0403533079321094,0.0409928544565626,,,,,,,,,0.0246333207972921,0.2148148148148148,0.0797317436661699,0.146788990825688,0.0424242424242424,0.0659722222222223,0.1793721973094171,0.0060362173038228,0.0858505564387916,0.0834914611005692,0.1192189123162066,0.0597455054398043,0.0537737957086972,0.0403450684121449,0.1856093200927113,0.1728045325779037,Industrials,20.0,1.0,4,8.60337088765729,5928.0,5318.0,9.682030078993575,8.407824654360873,9.677778212399186,8.393894975071744
RTX,1996Q2,1996,Q2,0,1,0,0,6002.0,1659.0,4343.0,1198.0,709.0,676.0,461.0,410.0,259.0,274.0,533.0,16183.0,4560.0,16026.0,4481.0,0.0456514495168277,0.1181272909030323,0.2764078640453182,0.0768077307564145,0.0431522825724758,250.0,261.0,251.0,233.0,218.0,,,,,,,,0.0458799779776105,0.0440283400809716,0.0447894361170592,0.0403533079321094,0.0409928544565626,,,,,,,,0.0394873571181157,0.1880733944954129,0.1045272969374166,0.1759656652360515,0.1323283082077051,0.2036553524804176,0.1714285714285714,0.0166198501872658,0.0550595238095237,0.0705987488829311,0.1312938605586406,0.0149806215388521,0.0625692456708837,0.1579316903068863,0.1429416494196125,0.1818181818181818,Industrials,20.0,2.0,5,8.700014623251842,5449.0,5774.0,9.691778378847582,8.4252971767117,9.682030078993575,8.407824654360873
RTX,1996Q3,1996,Q3,0,0,1,0,5908.0,1643.0,4265.0,1189.0,708.0,665.0,454.0,398.0,254.0,270.0,524.0,16414.0,4686.0,16183.0,4560.0,0.0457007447528774,0.1198375084631008,0.2780974949221395,0.0768449559918754,0.0429925524712254,274.0,250.0,261.0,251.0,233.0,218.0,,,,,,,0.0456514495168277,0.0458799779776105,0.0440283400809716,0.0447894361170592,0.0403533079321094,0.0409928544565626,,,,,,,0.0542469664525337,0.2095238095238094,0.1108857336037862,0.0756972111553784,0.1348122866894197,0.1761658031088082,0.1671554252199414,0.0339393939393939,0.1028037383177569,0.0878316559926806,0.0203465083471126,0.0460582514442637,0.0537243823824675,0.1156454232602846,0.1472869716607023,0.1366594360086768,Industrials,20.0,3.0,6,8.684231891345675,6002.0,5604.0,9.705950829935693,8.452547997922705,9.691778378847582,8.4252971767117
RTX,1996Q4,1996,Q4,0,0,0,1,6015.0,1638.0,4377.0,1318.0,772.0,538.0,320.0,358.0,229.0,328.0,557.0,16745.0,4740.0,16414.0,4686.0,0.05453034081463,0.1283458021612635,0.2723192019950124,0.0532003325020781,0.0380714879467996,270.0,274.0,250.0,261.0,251.0,233.0,218.0,,,,,,0.0457007447528774,0.0456514495168277,0.0458799779776105,0.0440283400809716,0.0447894361170592,0.0403533079321094,0.0409928544565626,,,,,,0.0146761133603239,0.2245989304812834,0.0601941747572816,0.2567049808429118,-0.0659722222222222,-0.093484419263456,0.1933333333333333,-0.001368925393566,0.0903954802259887,0.1057046979865772,0.2385282005713684,0.0746241740282063,0.04485969542164,-0.1065961159424384,0.2068865269980129,0.2433035714285714,Industrials,20.0,4.0,7,8.702177865629675,5908.0,5928.0,9.725914702764378,8.464003362902119,9.705950829935693,8.452547997922705
RTX,1997Q1,1997,Q1,1,0,0,0,5886.0,1561.0,4325.0,1184.0,702.0,588.0,377.0,348.0,224.0,271.0,495.0,16689.0,4678.0,16745.0,4740.0,0.046041454298335,0.1192660550458715,0.2652055725450221,0.064050288820931,0.038056405028882,328.0,270.0,274.0,250.0,261.0,251.0,233.0,218.0,,,,,0.05453034081463,0.0457007447528774,0.0456514495168277,0.0458799779776105,0.0440283400809716,0.0447894361170592,0.0403533079321094,0.0409928544565626,,,,,0.0801982015048632,0.3658536585365854,0.077294685990338,0.084,0.1395348837209302,0.228013029315961,0.3231939163498099,0.08125,0.027818448023426,0.0367775831873904,0.0035195378865102,-0.0484908727013848,-0.0026879469994304,0.1368404683558735,0.2644472622096252,0.1956521739130434,Industrials,20.0,1.0,8,8.68050180902826,6015.0,5449.0,9.722565016655881,8.450839690866216,9.725914702764378,8.464003362902119
RTX,1997Q2,1997,Q2,0,1,0,0,6432.0,1763.0,4669.0,1262.0,727.0,720.0,501.0,466.0,304.0,316.0,620.0,17031.0,4774.0,16689.0,4678.0,0.0491293532338308,0.1130286069651741,0.2740982587064676,0.0778917910447761,0.0472636815920398,271.0,328.0,270.0,274.0,250.0,261.0,251.0,233.0,218.0,,,,0.046041454298335,0.05453034081463,0.0457007447528774,0.0456514495168277,0.0458799779776105,0.0440283400809716,0.0447894361170592,0.0403533079321094,0.0409928544565626,,,,0.0716427857380872,0.1737451737451738,0.0626883664858348,0.1532846715328466,0.0650887573964498,0.0867678958785249,0.1365853658536584,0.0750633202855168,0.0253878702397742,0.0534223706176961,0.0761838617133312,-0.0431626248166783,-0.0083557873681623,0.0141139476155016,0.0952765131869608,0.1632270168855534,Industrials,20.0,2.0,9,8.769196271411001,5886.0,6002.0,9.742849206573315,8.471149252914831,9.722565016655881,8.450839690866216
RTX,1997Q3,1997,Q3,0,0,1,0,5936.0,1655.0,4281.0,1160.0,690.0,697.0,495.0,459.0,300.0,268.0,568.0,16921.0,5164.0,17031.0,4774.0,0.0451482479784366,0.1162398921832884,0.2788072776280323,0.0833894878706199,0.0505390835579514,316.0,271.0,328.0,270.0,274.0,250.0,261.0,251.0,233.0,218.0,,,0.0491293532338308,0.046041454298335,0.05453034081463,0.0457007447528774,0.0456514495168277,0.0458799779776105,0.0440283400809716,0.0447894361170592,0.0403533079321094,0.0409928544565626,,,0.0047393364928909,0.1811023622047243,0.007303712720633,-0.0074074074074074,0.0481203007518797,0.0903083700440527,0.1532663316582914,0.0037514654161781,-0.0254237288135593,-0.024390243902439,-0.0120894479385045,-0.0300207866965143,0.0025522801134603,0.0851654060344111,0.1755311246471549,0.0839694656488549,Industrials,20.0,3.0,10,8.688959234270676,6432.0,5908.0,9.736369829484445,8.549660381553739,9.742849206573315,8.471149252914831
RTX,1997Q4,1997,Q4,0,0,0,1,6241.0,1712.0,4529.0,1344.0,796.0,584.0,368.0,372.0,244.0,332.0,576.0,16440.0,4523.0,16921.0,5164.0,0.0531966031084762,0.1275436628745393,0.2743150136196122,0.0589649094696362,0.0390962986700849,268.0,316.0,271.0,328.0,270.0,274.0,250.0,261.0,251.0,233.0,218.0,,0.0451482479784366,0.0491293532338308,0.046041454298335,0.05453034081463,0.0457007447528774,0.0456514495168277,0.0458799779776105,0.0440283400809716,0.0447894361170592,0.0403533079321094,0.0409928544565626,,0.0375727348295926,0.0655021834061135,0.0451770451770452,0.0121951219512195,0.0855018587360594,0.1499999999999999,0.0391061452513965,0.034726981951108,0.0310880829015545,0.0197268588770864,-0.0244586350686452,-0.0062498287689713,0.0073289419548032,0.1083560326870693,0.0269180633212262,0.0341113105924595,Industrials,20.0,4.0,11,8.739055922830724,5936.0,6015.0,9.707533494010876,8.41715183723601,9.736369829484445,8.549660381553739
RTX,1998Q1,1998,Q1,1,0,0,0,6024.0,1626.0,4398.0,1253.0,731.0,502.0,373.0,391.0,260.0,308.0,568.0,17340.0,4688.0,16440.0,4523.0,0.0511288180610889,0.121347941567065,0.2699203187250996,0.0619189907038512,0.0431606905710491,332.0,268.0,316.0,271.0,328.0,270.0,274.0,250.0,261.0,251.0,233.0,218.0,0.0531966031084762,0.0451482479784366,0.0491293532338308,0.046041454298335,0.05453034081463,0.0457007447528774,0.0456514495168277,0.0458799779776105,0.0440283400809716,0.0447894361170592,0.0403533079321094,0.0409928544565626,0.0234454638124363,0.1607142857142858,0.0416399743754003,0.136531365313653,-0.1462585034013606,-0.0106100795755967,0.1235632183908046,0.016878612716763,0.0413105413105412,0.0582770270270269,0.1104952882198144,0.0174558177546224,0.0177777040460833,-0.0332753865175902,0.1341242174160501,0.1474747474747475,Industrials,20.0,1.0,12,8.703672758358856,6241.0,5886.0,9.760828918798548,8.452974619089586,9.707533494010876,8.41715183723601
RTX,1998Q2,1998,Q2,0,1,0,0,6680.0,1916.0,4764.0,1284.0,750.0,797.0,632.0,542.0,360.0,320.0,680.0,17458.0,4743.0,17340.0,4688.0,0.0479041916167664,0.1122754491017964,0.2868263473053892,0.0946107784431137,0.0538922155688622,308.0,332.0,268.0,316.0,271.0,328.0,270.0,274.0,250.0,261.0,251.0,233.0,0.0511288180610889,0.0531966031084762,0.0451482479784366,0.0491293532338308,0.046041454298335,0.05453034081463,0.0457007447528774,0.0456514495168277,0.0458799779776105,0.0440283400809716,0.0447894361170592,0.0403533079321094,0.0385572139303482,0.1842105263157893,0.0867838910947249,0.0126582278481013,0.1069444444444445,0.2614770459081836,0.1630901287553647,0.0203469693724567,0.0316368638239339,0.0174326465927099,-0.0249374668384748,-0.0066634269288108,0.0464362256768369,0.2146437663594966,0.1402458241411912,0.096774193548387,Industrials,20.0,2.0,13,8.807022955925477,6024.0,6432.0,9.767610553984774,8.464635940677562,9.760828918798548,8.452974619089586
RTX,1998Q3,1998,Q3,0,0,1,0,6440.0,1861.0,4579.0,1259.0,719.0,797.0,602.0,519.0,348.0,324.0,672.0,18288.0,4832.0,17458.0,4743.0,0.0503105590062111,0.1116459627329192,0.2889751552795031,0.0934782608695652,0.0540372670807453,320.0,308.0,332.0,268.0,316.0,271.0,328.0,270.0,274.0,250.0,261.0,251.0,0.0479041916167664,0.0511288180610889,0.0531966031084762,0.0451482479784366,0.0491293532338308,0.046041454298335,0.05453034081463,0.0457007447528774,0.0456514495168277,0.0458799779776105,0.0440283400809716,0.0447894361170592,0.0849056603773585,0.1599999999999999,0.1244712990936556,0.2089552238805969,0.1434720229555237,0.2161616161616162,0.130718954248366,0.069609904227984,0.0420289855072464,0.0853448275862069,0.1143413367942893,-0.039521109010712,0.0364691974254565,0.1209837505489679,0.0692173913043479,0.1830985915492957,Industrials,20.0,3.0,14,8.77043908654689,6680.0,5936.0,9.814055065204576,8.483222671845084,9.767610553984774,8.464635940677562
RTX,1998Q4,1998,Q4,0,0,0,1,6543.0,1862.0,4681.0,1330.0,757.0,742.0,532.0,426.0,287.0,363.0,650.0,17768.0,4834.0,18288.0,4832.0,0.0554791380100871,0.1156961638392174,0.2845789393244688,0.0813082683784196,0.0438636710988843,324.0,320.0,308.0,332.0,268.0,316.0,271.0,328.0,270.0,274.0,250.0,261.0,0.0503105590062111,0.0479041916167664,0.0511288180610889,0.0531966031084762,0.0451482479784366,0.0491293532338308,0.046041454298335,0.05453034081463,0.0457007447528774,0.0456514495168277,0.0458799779776105,0.0440283400809716,0.0483896811408428,0.1762295081967213,0.0876168224299065,0.0933734939759036,0.2705479452054795,0.4456521739130434,0.1451612903225807,0.0335614926032237,-0.0489949748743718,-0.0104166666666666,0.04290753108721,-0.0928897506023161,0.0374165656098191,0.3789263667111882,0.1219392267546597,0.1284722222222223,Industrials,20.0,4.0,15,8.786303878282583,6440.0,6241.0,9.785210644945074,8.483636407887394,9.814055065204576,8.483222671845084
RTX,1999Q1,1999,Q1,1,0,0,0,5382.0,1588.0,3794.0,1158.0,701.0,613.0,430.0,414.0,308.0,274.0,582.0,17912.0,4953.0,17768.0,4834.0,0.05091044221479,0.130248978075065,0.2950575994054255,0.0798959494611668,0.0572277963582311,363.0,324.0,320.0,308.0,332.0,268.0,316.0,271.0,328.0,270.0,274.0,250.0,0.0554791380100871,0.0503105590062111,0.0479041916167664,0.0511288180610889,0.0531966031084762,0.0451482479784366,0.0491293532338308,0.046041454298335,0.05453034081463,0.0457007447528774,0.0456514495168277,0.0458799779776105,-0.1065737051792828,0.1846153846153846,-0.023370233702337,-0.1103896103896103,0.2211155378486056,0.1528150134048258,0.0588235294117647,-0.1373351523419735,-0.0410396716826265,-0.0758180367118914,-0.004271091227613,0.0733513596774169,0.0931285232584766,0.2903302937106409,0.3259240202384015,0.0246478873239437,Industrials,20.0,1.0,16,8.591001118560957,6543.0,6024.0,9.793281985215103,8.507950610049305,9.785210644945074,8.483636407887394
RTX,1999Q2,1999,Q2,0,1,0,0,5984.0,1834.0,4150.0,1196.0,693.0,835.0,638.0,613.0,1077.0,306.0,1383.0,22027.0,7768.0,17912.0,4953.0,0.0511363636363636,0.1158088235294117,0.3064839572192513,0.1066176470588235,0.1799799465240641,274.0,363.0,324.0,320.0,308.0,332.0,268.0,316.0,271.0,328.0,270.0,274.0,0.05091044221479,0.0554791380100871,0.0503105590062111,0.0479041916167664,0.0511288180610889,0.0531966031084762,0.0451482479784366,0.0491293532338308,0.046041454298335,0.05453034081463,0.0457007447528774,0.0456514495168277,-0.104191616766467,1.9916666666666667,-0.0427974947807933,-0.0437499999999999,0.0476787954830615,0.009493670886076,0.1309963099630995,-0.1288832913518052,-0.0759999999999999,-0.0685358255451713,0.0674715909090908,0.0314705882352941,0.0685348821631519,0.1269080416976917,2.339627896613191,1.0338235294117646,Industrials,20.0,2.0,17,8.697011617992073,5382.0,6680.0,10.000069650382372,8.95789673495042,9.793281985215103,8.507950610049305
RTX,1999Q3,1999,Q3,0,0,1,0,6068.0,1420.0,4648.0,1301.0,786.0,328.0,119.0,92.0,90.0,306.0,396.0,23080.0,7551.0,22027.0,7768.0,0.0504284772577455,0.1295319709953856,0.2340145023071852,0.0196110744891232,0.0148319050758075,306.0,274.0,363.0,324.0,320.0,308.0,332.0,268.0,316.0,271.0,328.0,270.0,0.0511363636363636,0.05091044221479,0.0554791380100871,0.0503105590062111,0.0479041916167664,0.0511288180610889,0.0531966031084762,0.0451482479784366,0.0491293532338308,0.046041454298335,0.05453034081463,0.0457007447528774,-0.0577639751552795,-0.7413793103448276,-0.2369693713057495,-0.0555555555555555,-0.588456712672522,-0.8023255813953488,-0.8227360308285163,0.0150687923127319,0.0931849791376913,0.0333598093725178,0.002343807221856,0.1602029112799492,-0.1901916201728787,-0.7902071101163557,-0.7255245152637919,-0.4107142857142857,Industrials,20.0,3.0,18,8.710949125835855,5984.0,6440.0,10.04676504723975,8.929567707825337,10.000069650382372,8.95789673495042
RTX,1999Q4,1999,Q4,0,0,0,1,6410.0,1661.0,4749.0,1614.0,953.0,302.0,47.0,47.0,56.0,406.0,462.0,24366.0,7566.0,23080.0,7551.0,0.05671972048609782,0.1486739469578783,0.2591263650546022,0.0073322932917316,0.0087363494539781,306.0,306.0,274.0,363.0,324.0,320.0,308.0,332.0,268.0,316.0,271.0,328.0,0.0504284772577455,0.0511363636363636,0.05091044221479,0.0554791380100871,0.0503105590062111,0.0479041916167664,0.0511288180610889,0.0531966031084762,0.0451482479784366,0.0491293532338308,0.046041454298335,0.05453034081463,-0.0203270670946049,-0.8048780487804879,-0.1079484425349086,0.118457300275482,-0.5929919137466307,-0.9116541353383458,-0.8896713615023474,0.0145268105105746,0.2589167767503302,0.2135338345864661,0.1416639806088111,0.2850378268763511,-0.0894394164595798,-0.9098210620154128,-0.8008294965944979,-0.2892307692307692,Industrials,20.0,4.0,19,8.765770543987257,6068.0,6543.0,10.100985036866753,8.931551966694522,10.04676504723975,8.929567707825337
RTX,2000Q1,2000,Q1,1,0,0,0,6307.0,1891.0,4416.0,1307.0,781.0,796.0,584.0,554.0,377.0,314.0,691.0,24201.0,7479.0,24366.0,7566.0,0.0497859521166957,0.1238306643412081,0.2998255906136039,0.0925955287775487,0.0597748533375614,406.0,306.0,306.0,274.0,363.0,324.0,320.0,308.0,332.0,268.0,316.0,271.0,0.05671972048609782,0.0504284772577455,0.0511363636363636,0.05091044221479,0.0554791380100871,0.0503105590062111,0.0479041916167664,0.0511288180610889,0.0531966031084762,0.0451482479784366,0.0491293532338308,0.046041454298335,0.1718691936083241,0.224025974025974,0.1908060453400504,0.145985401459854,0.298531810766721,0.3581395348837208,0.3381642512077294,0.1639430680021085,0.1141226818830243,0.1286701208981002,-0.0220876120727866,-0.0492772674973146,0.016159526878096,0.1589514787924824,0.0445073398141417,0.1872852233676976,Industrials,20.0,1.0,20,8.74957394808293,6410.0,5382.0,10.094190553357997,8.919988070968524,10.100985036866753,8.931551966694522
RTX,2000Q2,2000,Q2,0,1,0,0,6871.0,2101.0,4770.0,1313.0,787.0,1005.0,788.0,761.0,509.0,309.0,818.0,24316.0,7570.0,24201.0,7479.0,0.0449716198515499,0.1145393683597729,0.3057779071459758,0.1146849075825935,0.07407946441566,314.0,406.0,306.0,306.0,274.0,363.0,324.0,320.0,308.0,332.0,268.0,316.0,0.0497859521166957,0.05671972048609782,0.0504284772577455,0.0511363636363636,0.05091044221479,0.0554791380100871,0.0503105590062111,0.0479041916167664,0.0511288180610889,0.0531966031084762,0.0451482479784366,0.0491293532338308,0.1482286096256684,-0.5273909006499535,0.1455834242093783,0.0098039215686274,0.2035928143712575,0.2351097178683385,0.2414355628058728,0.1493975903614457,0.1356421356421355,0.0978260869565217,-0.120554989569689,-0.0109616446394208,-0.0023037097265432,0.0756653400850149,-0.5884015644723217,-0.4085321764280549,Industrials,20.0,2.0,21,8.835210463664092,6307.0,5984.0,10.09893097320806,8.932080438103307,10.094190553357997,8.919988070968524
RTX,2000Q3,2000,Q3,0,0,1,0,6339.0,2024.0,4315.0,1300.0,761.0,934.0,724.0,726.0,496.0,329.0,825.0,24157.0,7860.0,24316.0,7570.0,0.0519009307461744,0.1200504811484461,0.3192932639217542,0.1142135983593626,0.078245780091497,309.0,314.0,406.0,306.0,306.0,274.0,363.0,324.0,320.0,308.0,332.0,268.0,0.0449716198515499,0.0497859521166957,0.05671972048609782,0.0504284772577455,0.0511363636363636,0.05091044221479,0.0554791380100871,0.0503105590062111,0.0479041916167664,0.0511288180610889,0.0531966031084762,0.0451482479784366,0.0446605141727092,4.511111111111111,0.4253521126760564,0.0751633986928104,1.847560975609756,5.084033613445378,6.891304347826087,-0.0716437177280551,-0.0318066157760814,-0.0007686395080707,0.0291988489143355,-0.0731980666555075,0.3644165672374679,4.823933738190023,4.275504373280048,1.0833333333333337,Industrials,20.0,3.0,22,8.754634047431272,6871.0,6068.0,10.092370867165224,8.969669103793757,10.09893097320806,8.932080438103307
RTX,2000Q4,2000,Q4,0,0,0,1,6689.0,2079.0,4610.0,1412.0,842.0,887.0,667.0,620.0,426.0,350.0,776.0,25364.0,7662.0,24157.0,7860.0,0.0523247122140828,0.1258783076693078,0.3108087905516519,0.0997159515622664,0.0636866497234265,329.0,309.0,314.0,406.0,306.0,306.0,274.0,363.0,324.0,320.0,308.0,332.0,0.0519009307461744,0.0449716198515499,0.0497859521166957,0.05671972048609782,0.0504284772577455,0.0511363636363636,0.05091044221479,0.0554791380100871,0.0503105590062111,0.0479041916167664,0.0511288180610889,0.0531966031084762,0.0435257410296412,6.607142857142857,0.2516556291390728,-0.1379310344827586,1.937086092715232,13.191489361702128,12.191489361702128,-0.0292693198568119,-0.1164742917103882,-0.1251548946716233,-0.1738881643047515,-0.1533263880794719,0.1994487341577899,12.599558500300589,6.289846870127929,0.6796536796536796,Industrials,20.0,4.0,23,8.808369153122275,6339.0,6410.0,10.14112555000079,8.944158830970403,10.092370867165224,8.969669103793757
RTX,2001Q1,2001,Q1,1,0,0,0,6671.0,2081.0,4590.0,1304.0,785.0,999.0,777.0,670.0,440.0,297.0,737.0,25687.0,7738.0,25364.0,7662.0,0.0445210613101484,0.1176735122170589,0.3119472342977065,0.1164742917103882,0.0659571278668865,350.0,329.0,309.0,314.0,406.0,306.0,306.0,274.0,363.0,324.0,320.0,308.0,0.0523247122140828,0.0519009307461744,0.0449716198515499,0.0497859521166957,0.05673562538963641,0.0504284772577455,0.0511363636363636,0.05091044221479,0.0554791380100871,0.0503105590062111,0.0479041916167664,0.0511288180610889,0.0577136514983351,0.1671087533156499,0.1004759386567952,-0.054140127388535,0.2550251256281406,0.3304794520547944,0.2093862815884477,0.0394021739130434,0.0051216389244557,-0.0022953328232593,-0.1057505296716371,-0.0497223539654411,0.0404289829273585,0.2578824620161277,0.1034260091683112,0.0665701881331404,Industrials,20.0,1.0,24,8.805674944038582,6689.0,6307.0,10.153779235769349,8.95402775927046,10.14112555000079,8.944158830970403
RTX,2001Q2,2001,Q2,0,1,0,0,7332.0,2373.0,4959.0,1384.0,821.0,1214.0,989.0,880.0,588.0,338.0,926.0,26023.0,8149.0,25687.0,7738.0,0.0460992907801418,0.111974904528096,0.3236497545008183,0.1348881614839061,0.0801963993453355,297.0,350.0,329.0,309.0,314.0,406.0,306.0,306.0,274.0,363.0,324.0,320.0,0.0445210613101484,0.0523247122140828,0.0519009307461744,0.0449716198515499,0.0497859521166957,0.05675153029317502,0.0504284772577455,0.0511363636363636,0.05091044221479,0.0554791380100871,0.0503105590062111,0.0479041916167664,0.0670935817202735,0.1552062868369352,0.1294621608757733,0.0938511326860842,0.2079601990049751,0.2550761421319796,0.1563731931668857,0.039622641509434,0.0432020330368487,0.0540746382330541,0.0250751681241248,-0.022389365930689,0.0584471504879213,0.1761631441064965,0.0825726127736745,0.1320293398533008,Industrials,20.0,2.0,25,8.9001399880938,6671.0,6871.0,10.166774468153188,9.005773206234908,10.153779235769349,8.95402775927046
RTX,2001Q3,2001,Q3,0,0,1,0,6920.0,1997.0,4923.0,1175.0,857.0,1042.0,822.0,722.0,565.0,318.0,883.0,26610.0,8432.0,26023.0,8149.0,0.0459537572254335,0.1238439306358381,0.2885838150289017,0.11878612716763,0.0816473988439306,338.0,297.0,350.0,329.0,309.0,314.0,406.0,306.0,306.0,274.0,363.0,324.0,0.0460992907801418,0.0445210613101484,0.0523247122140828,0.0519009307461744,0.0449716198515499,0.0497859521166957,0.05676743519671362,0.0504284772577455,0.0511363636363636,0.05091044221479,0.0554791380100871,0.0503105590062111,0.0916548351474995,0.1391129032258065,-0.0133399209486165,-0.033434650455927,0.1156316916488222,0.1353591160220995,-0.0055096418732781,0.1409038238702202,0.1261498028909329,-0.0961538461538461,-0.1145870302370117,0.0315987862031248,-0.0961794449267746,0.0400348896624405,0.0434735106283796,0.0703030303030303,Industrials,20.0,3.0,26,8.842315546841863,7332.0,6339.0,10.189079943122826,9.039907859574642,10.166774468153188,9.005773206234908
RTX,2001Q4,2001,Q4,0,0,0,1,6974.0,1806.0,5168.0,1161.0,860.0,883.0,506.0,535.0,345.0,301.0,646.0,27010.0,8369.0,26610.0,8432.0,0.0431603097218239,0.1233151706337826,0.2589618583309435,0.0725552050473186,0.0494694579868081,318.0,338.0,297.0,350.0,329.0,309.0,314.0,406.0,306.0,306.0,274.0,363.0,0.0459537572254335,0.0460992907801418,0.0445210613101484,0.0523247122140828,0.0519009307461744,0.0449716198515499,0.0497859521166957,0.05678334010025221,0.0504284772577455,0.0511363636363636,0.05091044221479,0.0554791380100871,0.0426072656600389,-0.1901408450704225,-0.1313131313131312,-0.14,-0.0045095828635851,-0.2413793103448276,-0.1370967741935483,0.1210412147505421,0.0213776722090262,-0.1777620396600566,-0.1751448236306281,-0.0203620233142851,-0.1668129531622505,-0.2723811595779397,-0.2232366092165266,-0.1675257731958762,Industrials,20.0,4.0,27,8.850087606689566,6920.0,6689.0,10.203999469426009,9.032409163483521,10.189079943122826,9.039907859574642
RTX,2002Q1,2002,Q1,1,0,0,0,6374.0,1889.0,4485.0,1092.0,754.0,972.0,797.0,698.0,467.0,338.0,805.0,27007.0,8646.0,27010.0,8369.0,0.0530279259491685,0.1182930655789143,0.2963602133668026,0.1250392218387198,0.0732663947285848,301.0,318.0,338.0,297.0,350.0,329.0,309.0,314.0,406.0,306.0,306.0,274.0,0.0431603097218239,0.0459537572254335,0.0460992907801418,0.0445210613101484,0.0523247122140828,0.0519009307461744,0.0449716198515499,0.0497859521166957,0.05679924500379081,0.0504284772577455,0.0511363636363636,0.05091044221479,-0.0445210613101484,0.0613636363636362,-0.0922633349351274,0.1380471380471379,-0.0270270270270269,0.0257400257400257,0.0417910447761193,-0.022875816993464,-0.0394904458598726,-0.1625766871165643,0.1910750639963065,0.0052650197158441,-0.0499668508553866,0.073534940651351,0.110818452805431,0.0922659430122116,Industrials,20.0,1.0,28,8.760139370026627,6974.0,6671.0,10.203888397395684,9.06496771896043,10.203999469426009,9.032409163483521
RTX,2002Q2,2002,Q2,0,1,0,0,7324.0,2134.0,5190.0,1103.0,798.0,1220.0,1031.0,935.0,624.0,305.0,929.0,28382.0,9163.0,27007.0,8646.0,0.0416439104314582,0.1089568541780447,0.2913708356089569,0.1407700709994538,0.085199344620426,338.0,301.0,318.0,338.0,297.0,350.0,329.0,309.0,314.0,406.0,306.0,306.0,0.0530279259491685,0.0431603097218239,0.0459537572254335,0.0460992907801418,0.0445210613101484,0.0523247122140828,0.0519009307461744,0.0449716198515499,0.0497859521166957,0.05681514990732942,0.0504284772577455,0.0511363636363636,-0.0010911074740862,0.0612244897959184,-0.100716392751791,-0.0976331360946746,0.0049423393739702,0.0424671385237613,0.0625,0.0465819721718088,-0.0280146163215591,-0.2030346820809249,-0.0966474814099062,-0.0269529173770713,-0.0997341059060801,0.0436058246390249,0.0623836645526589,0.0032397408207343,Industrials,20.0,2.0,29,8.899048433885268,6374.0,7332.0,10.253545653372553,9.123038043573386,10.203888397395684,9.06496771896043
RTX,2002Q3,2002,Q3,0,0,1,0,7299.0,2061.0,5238.0,1059.0,789.0,1175.0,1002.0,909.0,612.0,270.0,882.0,28492.0,9676.0,28382.0,9163.0,0.0369913686806411,0.1080969995889847,0.282367447595561,0.137279079325935,0.0838471023427866,305.0,338.0,301.0,318.0,338.0,297.0,350.0,329.0,309.0,314.0,406.0,306.0,0.0416439104314582,0.0530279259491685,0.0431603097218239,0.0459537572254335,0.0460992907801418,0.0445210613101484,0.0523247122140828,0.0519009307461744,0.0449716198515499,0.0497859521166957,0.05683105481086801,0.0504284772577455,0.0547687861271677,0.0831858407079646,0.0320480721081621,-0.150943396226415,0.1276391554702496,0.2189781021897809,0.2590027700831026,0.0639853747714807,-0.0793465577596266,-0.0987234042553191,-0.1950305934904496,-0.1271514152207996,-0.0215409427334589,0.1556827602621298,0.0269415012603253,-0.001132502831257,Industrials,20.0,3.0,30,8.895629627136483,7324.0,6920.0,10.257413722053586,9.177507214880942,10.253545653372553,9.123038043573386
RTX,2002Q4,2002,Q4,0,0,0,1,7215.0,1967.0,5248.0,1140.0,862.0,1017.0,698.0,734.0,533.0,278.0,811.0,29194.0,8355.0,28492.0,9676.0,0.0385308385308385,0.1194733194733194,0.2726264726264726,0.0967428967428967,0.0738738738738738,270.0,305.0,338.0,301.0,318.0,338.0,297.0,350.0,329.0,309.0,314.0,406.0,0.0369913686806411,0.0416439104314582,0.0530279259491685,0.0431603097218239,0.0459537572254335,0.0460992907801418,0.0445210613101484,0.0523247122140828,0.0519009307461744,0.0449716198515499,0.0497859521166957,0.05684695971440661,0.034556925724118,0.5449275362318842,0.0891472868217053,-0.0764119601328903,0.1517553793884485,0.3794466403162055,0.3719626168224299,0.0154798761609906,0.0023255813953488,-0.0180878552971576,-0.1072622328436281,-0.0311547325500813,0.0527668992785272,0.3333694898912289,0.4933228881054967,0.2554179566563468,Industrials,20.0,4.0,31,8.88405606174246,7299.0,6974.0,10.281752740717637,9.030735122676456,10.257413722053586,9.177507214880942
RTX,2003Q1,2003,Q1,1,0,0,0,6702.0,1836.0,4866.0,999.0,764.0,1017.0,837.0,746.0,502.0,235.0,737.0,29719.0,8680.0,29194.0,8355.0,0.035064159952253,0.1139958221426439,0.2739480752014324,0.1248880931065353,0.0749030140256639,278.0,270.0,305.0,338.0,301.0,318.0,338.0,297.0,350.0,329.0,309.0,314.0,0.0385308385308385,0.0369913686806411,0.0416439104314582,0.0530279259491685,0.0431603097218239,0.0459537572254335,0.0460992907801418,0.0445210613101484,0.0523247122140828,0.0519009307461744,0.0449716198515499,0.0497859521166957,0.0514590524003766,0.0749464668094217,-0.0280571731074642,-0.3047337278106509,0.0462962962962962,0.0501882057716436,0.0687679083094556,0.0849498327759197,0.0132625994694959,-0.0851648351648352,-0.3387604865808846,-0.0363270950434843,-0.0756246525495341,-0.0012086506134799,0.0223379259091696,-0.084472049689441,Industrials,20.0,1.0,32,8.810310466357958,7215.0,6374.0,10.299575498831695,9.068892008391808,10.281752740717637,9.030735122676456
RTX,2003Q2,2003,Q2,0,1,0,0,7790.0,2171.0,5619.0,1138.0,857.0,1220.0,1033.0,940.0,632.0,281.0,913.0,30907.0,9526.0,29719.0,8680.0,0.0360718870346598,0.1100128369704749,0.2786906290115533,0.1326059050064184,0.0811296534017971,235.0,278.0,270.0,305.0,338.0,301.0,318.0,338.0,297.0,350.0,329.0,309.0,0.035064159952253,0.0385308385308385,0.0369913686806411,0.0416439104314582,0.0530279259491685,0.0431603097218239,0.0459537572254335,0.0460992907801418,0.0445210613101484,0.0523247122140828,0.0519009307461744,0.0449716198515499,0.063626433642818,0.0128205128205127,0.0173383317713213,-0.0786885245901639,0.0,0.0019398642095054,0.0053475935828877,0.0826589595375721,0.0739348370927317,0.0317316409791477,-0.1338016372398409,0.0096917518443091,-0.0435191345451658,-0.0579964614287014,-0.0477666962904447,-0.0172228202368137,Industrials,20.0,2.0,33,8.960724500330858,6702.0,7324.0,10.338770329053474,9.161885151706779,10.299575498831695,9.068892008391808
RTX,2003Q3,2003,Q3,0,0,1,0,7954.0,2241.0,5713.0,1193.0,933.0,1251.0,1048.0,953.0,639.0,260.0,899.0,34062.0,10119.0,30907.0,9526.0,0.0326879557455368,0.1172994719637918,0.2817450339451848,0.1317576062358561,0.0803369373899924,281.0,235.0,278.0,270.0,305.0,338.0,301.0,318.0,338.0,297.0,350.0,329.0,0.0360718870346598,0.035064159952253,0.0385308385308385,0.0369913686806411,0.0416439104314582,0.0530279259491685,0.0431603097218239,0.0459537572254335,0.0460992907801418,0.0445210613101484,0.0523247122140828,0.0519009307461744,0.0897383203178516,0.0441176470588235,0.0873362445414847,-0.037037037037037,0.0646808510638297,0.0459081836327346,0.0484048404840484,0.0906834669721268,0.182509505703422,0.1265344664778092,-0.1163355963456541,0.0851316170642793,-0.002204268429935,-0.0402207905034788,-0.0418638790693547,0.0192743764172336,Industrials,20.0,3.0,34,8.981555940771887,7790.0,7299.0,10.435967030196949,9.222268942841456,10.338770329053474,9.161885151706779
RTX,2003Q4,2003,Q4,0,0,0,1,8588.0,2278.0,6310.0,1351.0,1100.0,1156.0,790.0,831.0,588.0,251.0,839.0,35274.0,11707.0,34062.0,10119.0,0.0292268281322775,0.1280857009781089,0.2652538425710293,0.091988821611551,0.0684676292501164,260.0,281.0,235.0,278.0,270.0,305.0,338.0,301.0,318.0,338.0,297.0,350.0,0.0326879557455368,0.0360718870346598,0.035064159952253,0.0385308385308385,0.0369913686806411,0.0416439104314582,0.0530279259491685,0.0431603097218239,0.0459537572254335,0.0460992907801418,0.0445210613101484,0.0523247122140828,0.1902979902979902,0.1031894934333959,0.1581087951194713,-0.0971223021582733,0.1366764995083578,0.1318051575931231,0.1321525885558583,0.2023628048780488,0.2761020881670533,0.1850877192982456,-0.24146919073963,0.0720862326647984,-0.027042971962391,-0.0491413353476497,-0.0731820918581798,0.0345252774352651,Industrials,20.0,4.0,35,9.058237593766226,7954.0,7215.0,10.470929776721015,9.368027647811777,10.435967030196949,9.222268942841456
RTX,2004Q1,2004,Q1,1,0,0,0,8646.0,2376.0,6270.0,1413.0,1105.0,1182.0,963.0,876.0,579.0,308.0,887.0,35928.0,12085.0,35274.0,11707.0,0.0356234096692111,0.1278047652093453,0.2748091603053435,0.1113809854267869,0.0669673837612769,251.0,260.0,281.0,235.0,278.0,270.0,305.0,338.0,301.0,318.0,338.0,297.0,0.0292268281322775,0.0326879557455368,0.0360718870346598,0.035064159952253,0.0385308385308385,0.0369913686806411,0.0416439104314582,0.0530279259491685,0.0431603097218239,0.0459537572254335,0.0460992907801418,0.0445210613101484,0.2900626678603402,0.153386454183267,0.2941176470588236,0.3106382978723403,0.1622418879056046,0.1505376344086022,0.1742627345844503,0.2885326757090012,0.4463350785340314,0.4144144144144144,0.0159493259704401,0.1211355188914038,0.0031432420296364,-0.108153686582645,-0.105945406438092,0.2035278154681139,Industrials,20.0,1.0,36,9.06496771896043,8588.0,6702.0,10.489300047824898,9.399803036921504,10.470929776721015,9.368027647811777
RTX,2004Q2,2004,Q2,0,1,0,0,9622.0,2651.0,6971.0,1401.0,1088.0,1469.0,1250.0,1159.0,837.0,313.0,1150.0,36692.0,12480.0,35928.0,12085.0,0.0325296196217002,0.1130742049469964,0.27551444606111,0.1299106214924132,0.0869881521513198,308.0,251.0,260.0,281.0,235.0,278.0,270.0,305.0,338.0,301.0,318.0,338.0,0.0356234096692111,0.0292268281322775,0.0326879557455368,0.0360718870346598,0.035064159952253,0.0385308385308385,0.0369913686806411,0.0416439104314582,0.0530279259491685,0.0431603097218239,0.0459537572254335,0.0460992907801418,0.2351732991014121,0.3243670886075949,0.2210962690004605,0.1138790035587189,0.2040983606557376,0.2100677637947725,0.2329787234042553,0.2406122085780389,0.2695449241540257,0.2311072056239016,-0.0982002247222594,0.0278273705217064,-0.0113968057042622,-0.0203255165286552,0.0722115589537688,0.2595837897042716,Industrials,20.0,2.0,37,9.171911345356401,8646.0,7790.0,10.510341280155473,9.431962766918454,10.489300047824898,9.399803036921504
RTX,2004Q3,2004,Q3,0,0,1,0,9339.0,2542.0,6797.0,1366.0,1070.0,1360.0,1176.0,1087.0,722.0,296.0,1018.0,37631.0,13038.0,36692.0,12480.0,0.031695042295749,0.1145732947853089,0.272191883499304,0.125923546418246,0.077310204518685,313.0,308.0,251.0,260.0,281.0,235.0,278.0,270.0,305.0,338.0,301.0,318.0,0.0325296196217002,0.0356234096692111,0.0292268281322775,0.0326879557455368,0.0360718870346598,0.035064159952253,0.0385308385308385,0.0369913686806411,0.0416439104314582,0.0530279259491685,0.0431603097218239,0.0459537572254335,0.1741262257983404,0.1298904538341159,0.1343150379294957,0.1384615384615384,0.0871302957633892,0.1221374045801526,0.1406086044071353,0.1897426921057237,0.1468381564844587,0.1450125733445095,-0.0303755137677399,-0.0232411717874092,-0.0339070765937241,-0.0442787326233499,-0.0376754824074785,0.1323692992213569,Industrials,20.0,3.0,38,9.142061531222888,9622.0,7954.0,10.5356100312583,9.475700145423472,10.510341280155473,9.431962766918454
RTX,2004Q4,2004,Q4,0,0,0,1,9838.0,2655.0,7183.0,1574.0,1235.0,1315.0,1081.0,985.0,650.0,339.0,989.0,40441.0,14266.0,37631.0,13038.0,0.0344582232161008,0.1255336450498068,0.2698719251880463,0.1098800569221386,0.0660703394998983,296.0,313.0,308.0,251.0,260.0,281.0,235.0,278.0,270.0,305.0,338.0,301.0,0.031695042295749,0.0325296196217002,0.0356234096692111,0.0292268281322775,0.0326879557455368,0.0360718870346598,0.035064159952253,0.0385308385308385,0.0369913686806411,0.0416439104314582,0.0530279259491685,0.0431603097218239,0.1455519329296692,0.1054421768707483,0.1654960491659349,0.3505976095617529,0.1375432525951556,0.3683544303797468,0.1853188929001203,0.1383518225039619,0.1227272727272728,0.1650629163582531,0.1789929122704143,-0.0199245966475076,0.0174100498309666,0.1944935808194008,-0.0350134768280152,0.1787842669845054,Industrials,20.0,4.0,39,9.194109358865765,9339.0,8588.0,10.607624127895676,9.565704457114814,10.5356100312583,9.475700145423472
RTX,2005Q1,2005,Q1,1,0,0,0,9407.0,2592.0,6815.0,1504.0,1213.0,1088.0,1088.0,988.0,651.0,291.0,942.0,40535.0,14700.0,40441.0,14266.0,0.0309344105453385,0.1289465291803976,0.275539491867758,0.1156585521420218,0.0692037844158605,339.0,296.0,313.0,308.0,251.0,260.0,281.0,235.0,278.0,270.0,305.0,338.0,0.0344582232161008,0.031695042295749,0.0325296196217002,0.0356234096692111,0.0292268281322775,0.0326879557455368,0.0360718870346598,0.035064159952253,0.0385308385308385,0.0369913686806411,0.0416439104314582,0.0530279259491685,0.0880175803839926,0.1243523316062176,0.0909090909090908,-0.0551948051948052,-0.0795262267343486,0.1298026998961579,0.1278538812785388,0.0869218500797448,0.097737556561086,0.0644019815994338,-0.1316269039772812,0.0089336572793823,0.002657595407675,0.0384048201660656,0.0333953714326944,0.0620067643742954,Industrials,20.0,1.0,40,9.149315670138408,9838.0,8646.0,10.609945747155745,9.595670797663967,10.607624127895676,9.565704457114814
RTX,2005Q2,2005,Q2,0,1,0,0,11152.0,3162.0,7990.0,1673.0,1355.0,1489.0,1489.0,1297.0,971.0,318.0,1289.0,44791.0,15274.0,40535.0,14700.0,0.0285150645624103,0.1215028694404591,0.2835365853658536,0.1335186513629842,0.0870695839311334,291.0,339.0,296.0,313.0,308.0,251.0,260.0,281.0,235.0,278.0,270.0,305.0,0.0309344105453385,0.0344582232161008,0.031695042295749,0.0325296196217002,0.0356234096692111,0.0292268281322775,0.0326879557455368,0.0360718870346598,0.035064159952253,0.0385308385308385,0.0369913686806411,0.0416439104314582,0.1590106007067138,0.1600955794504182,0.1927574500188609,0.0159744408945687,0.0136147038801905,0.1912,0.1190681622088007,0.1461770190790416,0.2454044117647058,0.1941470378301213,-0.1234122964232837,0.0745410016140601,0.0291169462052973,0.0277731707317072,0.0009361249526473,0.1208695652173912,Industrials,20.0,2.0,41,9.319463798994537,9407.0,9622.0,10.70978483102873,9.633972784039797,10.609945747155745,9.595670797663967
RTX,2005Q3,2005,Q3,0,0,1,0,10905.0,3014.0,7891.0,1630.0,1295.0,1384.0,1384.0,1249.0,821.0,335.0,1156.0,46068.0,15744.0,44791.0,15274.0,0.0307198532783127,0.118752865657955,0.2763869784502522,0.1269142595139844,0.0752865657955066,318.0,291.0,339.0,296.0,313.0,308.0,251.0,260.0,281.0,235.0,278.0,270.0,0.0285150645624103,0.0309344105453385,0.0344582232161008,0.031695042295749,0.0325296196217002,0.0356234096692111,0.0292268281322775,0.0326879557455368,0.0360718870346598,0.035064159952253,0.0385308385308385,0.0369913686806411,0.1676839061998072,0.1371191135734071,0.1856805664830843,0.1317567567567568,0.0176470588235293,0.1768707482993197,0.1490340386384545,0.1609533617772547,0.2102803738317757,0.1932650073206441,-0.0307678724116137,0.0364794508220955,0.0154122705534638,0.0078675761914117,-0.0261755706866529,0.1355599214145382,Industrials,20.0,3.0,42,9.297068375486006,11152.0,9339.0,10.737895551594969,9.664278133535126,10.70978483102873,9.633972784039797
RTX,2005Q4,2005,Q4,0,0,0,1,11261.0,3022.0,8239.0,1801.0,1378.0,1477.0,1221.0,1078.0,626.0,423.0,1049.0,45925.0,16991.0,46068.0,15744.0,0.037563271467898,0.122369238966344,0.268359825947962,0.1084273155137199,0.0555900896900808,335.0,318.0,291.0,339.0,296.0,313.0,308.0,251.0,260.0,281.0,235.0,278.0,0.0307198532783127,0.0285150645624103,0.0309344105453385,0.0344582232161008,0.031695042295749,0.0325296196217002,0.0356234096692111,0.0292268281322775,0.0326879557455368,0.0360718870346598,0.035064159952253,0.0385308385308385,0.1446432201667005,-0.0369230769230769,0.1382297551789078,0.2477876106194689,0.1231939163498099,0.1295097132284921,0.0944162436548223,0.1470137825421134,0.1157894736842104,0.1442185514612453,0.090110515342717,-0.0252076332381437,-0.00560302535742,-0.0132211563145452,-0.1586226117368999,0.0606673407482305,Industrials,20.0,4.0,43,9.329189505814563,10905.0,9838.0,10.734786684478816,9.740497924041666,10.737895551594969,9.664278133535126
RTX,2006Q1,2006,Q1,1,0,0,0,10615.0,2965.0,7650.0,1683.0,1314.0,1282.0,1282.0,1140.0,768.0,369.0,1137.0,47031.0,17357.0,45925.0,16991.0,0.0347621290626471,0.1237870937352802,0.2793217145548752,0.1207724917569477,0.0723504474799811,423.0,335.0,318.0,291.0,339.0,296.0,313.0,308.0,251.0,260.0,281.0,235.0,0.037563271467898,0.0307198532783127,0.0285150645624103,0.0309344105453385,0.0344582232161008,0.031695042295749,0.0325296196217002,0.0356234096692111,0.0292268281322775,0.0326879557455368,0.0360718870346598,0.035064159952253,0.1284150100988625,0.1797235023041474,0.1439043209876542,0.268041237113402,0.1783088235294117,0.1783088235294117,0.1538461538461537,0.1225238444607483,0.0832646331409727,0.1190159574468086,0.1237365913825503,-0.0400122087652256,0.0137266083401663,0.0442158363580948,0.045469522955734,0.2070063694267516,Industrials,20.0,1.0,44,9.270117576012044,11261.0,9407.0,10.758583500082091,9.76180877420419,10.734786684478816,9.740497924041666
RTX,2006Q2,2006,Q2,0,1,0,0,12264.0,3489.0,8775.0,1748.0,1378.0,1741.0,1741.0,1586.0,1103.0,370.0,1473.0,49166.0,18448.0,47031.0,17357.0,0.0301696020874103,0.1123613829093281,0.2844911937377691,0.1419602087410306,0.0899380300065231,369.0,423.0,335.0,318.0,291.0,339.0,296.0,313.0,308.0,251.0,260.0,281.0,0.0347621290626471,0.037563271467898,0.0307198532783127,0.0285150645624103,0.0309344105453385,0.0344582232161008,0.031695042295749,0.0325296196217002,0.0356234096692111,0.0292268281322775,0.0326879557455368,0.0360718870346598,0.0997130559540888,0.1359423274974254,0.1034155597722961,0.1635220125786163,0.1692411014103425,0.1692411014103425,0.2228218966846569,0.0982478097622028,0.0169741697416974,0.0448296473401075,0.0580232782352192,-0.0752367954207918,0.0033667908170782,0.0632238065009898,0.0329442951933536,0.1427463149728471,Industrials,20.0,2.0,45,9.41450495669259,10615.0,11152.0,10.802977945731937,9.822765447457765,10.758583500082091,9.76180877420419
RTX,2006Q3,2006,Q3,0,0,1,0,12163.0,3369.0,8794.0,1722.0,1338.0,1647.0,1647.0,1491.0,996.0,384.0,1380.0,49596.0,18934.0,49166.0,18448.0,0.031571158431308,0.110005755159089,0.2769875852996794,0.1354106717092822,0.0818876921812053,370.0,369.0,423.0,335.0,318.0,291.0,339.0,296.0,313.0,308.0,251.0,260.0,0.0301696020874103,0.0347621290626471,0.037563271467898,0.0307198532783127,0.0285150645624103,0.0309344105453385,0.0344582232161008,0.031695042295749,0.0325296196217002,0.0356234096692111,0.0292268281322775,0.0326879557455368,0.1153599266391562,0.2131546894031668,0.1177836761778368,0.1462686567164179,0.1900289017341041,0.1900289017341041,0.1937550040032025,0.1144341655050056,0.0332046332046331,0.0564417177914109,0.0277118886370582,-0.0736581003784818,0.0021730649280038,0.0669460801948864,0.0876800039415881,0.1937716262975779,Industrials,20.0,3.0,46,9.406236048797256,12264.0,10905.0,10.811685627012828,9.848767340335895,10.802977945731937,9.822765447457765
RTX,2006Q4,2006,Q4,0,0,0,1,12787.0,3266.0,9521.0,1838.0,1432.0,1689.0,1428.0,1275.0,865.0,406.0,1271.0,47141.0,17297.0,49596.0,18934.0,0.0317509971064362,0.1119887385626026,0.2554156565261594,0.1116759208571205,0.0676468288105106,384.0,370.0,369.0,423.0,335.0,318.0,291.0,339.0,296.0,313.0,308.0,251.0,0.031571158431308,0.0301696020874103,0.0347621290626471,0.037563271467898,0.0307198532783127,0.0285150645624103,0.0309344105453385,0.0344582232161008,0.031695042295749,0.0325296196217002,0.0356234096692111,0.0292268281322775,0.1355119438770979,0.3817891373801916,0.0807412309728656,-0.0401891252955082,0.1435341909275558,0.1695331695331694,0.1827458256029683,0.1556014079378564,0.0391872278664731,0.0205441421432537,-0.1547329115470962,-0.0848293287710679,-0.0482343785105622,0.0299611341294299,0.2168864844012152,0.2116301239275499,Industrials,20.0,4.0,47,9.456262510179732,12163.0,11261.0,10.760919602403877,9.758346166866458,10.811685627012828,9.848767340335895
RTX,2007Q1,2007,Q1,1,0,0,0,12278.0,3282.0,8996.0,1778.0,1396.0,1504.0,1504.0,1354.0,819.0,382.0,1201.0,48583.0,18106.0,47141.0,17297.0,0.031112559048705,0.1136992995601889,0.2673073790519628,0.1224955204430689,0.0667046750285062,406.0,384.0,370.0,369.0,423.0,335.0,318.0,291.0,339.0,296.0,313.0,308.0,0.0317509971064362,0.031571158431308,0.0301696020874103,0.0347621290626471,0.037563271467898,0.0307198532783127,0.0285150645624103,0.0309344105453385,0.0344582232161008,0.031695042295749,0.0325296196217002,0.0356234096692111,0.1566650965614695,0.06640625,0.1069139966273187,0.0352303523035231,0.173166926677067,0.173166926677067,0.1877192982456139,0.1759477124183006,0.0624048706240487,0.0564468211527036,-0.1049869531111014,-0.0814931013459622,-0.0430125367161601,0.0142667312817288,-0.0780336908494869,0.0562884784520667,Industrials,20.0,1.0,48,9.415645765160512,12787.0,10615.0,10.791049537577411,9.804053882820643,10.760919602403877,9.758346166866458
RTX,2007Q2,2007,Q2,0,1,0,0,13904.0,3775.0,10129.0,1910.0,1494.0,1865.0,1865.0,1702.0,1148.0,416.0,1564.0,50557.0,19195.0,48583.0,18106.0,0.0299194476409666,0.1074510932105868,0.2715046029919448,0.1341340621403912,0.0825661680092059,382.0,406.0,384.0,370.0,369.0,423.0,335.0,318.0,291.0,339.0,296.0,313.0,0.031112559048705,0.0317509971064362,0.031571158431308,0.0301696020874103,0.0347621290626471,0.037563271467898,0.0307198532783127,0.0285150645624103,0.0309344105453385,0.0344582232161008,0.031695042295749,0.0325296196217002,0.1337247227658187,0.0407978241160471,0.0819719117225565,0.1243243243243243,0.0712234348075817,0.0712234348075817,0.0731399747793191,0.1543019943019943,0.0841799709724238,0.0926773455377574,-0.0082916057599601,-0.043700865649755,-0.0456484806267667,-0.0551291567548775,-0.0819660158976408,0.0617786829599456,Industrials,20.0,2.0,49,9.540003766668065,12278.0,12264.0,10.830876471076316,9.862457202978137,10.791049537577411,9.804053882820643
RTX,2007Q3,2007,Q3,0,0,1,0,13863.0,3795.0,10068.0,1907.0,1508.0,1888.0,1888.0,1709.0,1197.0,399.0,1596.0,53497.0,20278.0,50557.0,19195.0,0.0287816489937243,0.108778763615379,0.2737502705042198,0.1361898578951165,0.0863449469811729,416.0,382.0,406.0,384.0,370.0,369.0,423.0,335.0,318.0,291.0,339.0,296.0,0.0299194476409666,0.031112559048705,0.0317509971064362,0.031571158431308,0.0301696020874103,0.0347621290626471,0.037563271467898,0.0307198532783127,0.0285150645624103,0.0309344105453385,0.0344582232161008,0.031695042295749,0.13976814930527,0.2018072289156627,0.1264470169189671,0.0390625,0.1463266545233759,0.1463266545233759,0.1462105969148222,0.144871503297703,0.1270553064275037,0.1074332171893146,-0.088356258565967,-0.0111538850120661,-0.0116875808421413,0.0057542450384346,0.0544313153935804,0.1565217391304347,Industrials,20.0,3.0,50,9.537050831395442,13904.0,12163.0,10.887399549007759,9.917341146824663,10.830876471076316,9.862457202978137
RTX,2007Q4,2007,Q4,0,0,0,1,14714.0,3985.0,10729.0,2192.0,1711.0,2103.0,1793.0,1619.0,1060.0,481.0,1541.0,54575.0,21355.0,53497.0,20278.0,0.03268995514476,0.1162838113361424,0.2708305015631371,0.1218567350822346,0.0720402337909474,399.0,416.0,382.0,406.0,384.0,370.0,369.0,423.0,335.0,318.0,291.0,339.0,0.0287816489937243,0.0299194476409666,0.031112559048705,0.0317509971064362,0.031571158431308,0.0301696020874103,0.0347621290626471,0.037563271467898,0.0307198532783127,0.0285150645624103,0.0309344105453385,0.0344582232161008,0.1506999296160163,0.2254335260115607,0.2201469687691366,0.1847290640394088,0.2451154529307282,0.2556022408963585,0.2698039215686274,0.1268774288415082,0.1948324022346368,0.1926006528835691,0.029572552798146,0.0383527203598137,0.0603519973937032,0.0911639156138193,0.0649462074969298,0.2124311565696302,Industrials,20.0,4.0,51,9.596622660667574,13863.0,12787.0,10.907349504658427,9.969088009620076,10.887399549007759,9.917341146824663
RTX,2008Q1,2008,Q1,1,0,0,0,13701.0,3720.0,9981.0,2046.0,1635.0,1674.0,1674.0,1509.0,1000.0,411.0,1411.0,57053.0,21586.0,54575.0,21355.0,0.0299978103788044,0.1193343551565579,0.2715130282461134,0.122180862710751,0.0729873731844391,481.0,399.0,416.0,382.0,406.0,384.0,370.0,369.0,423.0,335.0,318.0,291.0,0.03268995514476,0.0287816489937243,0.0299194476409666,0.031112559048705,0.0317509971064362,0.031571158431308,0.0301696020874103,0.0347621290626471,0.037563271467898,0.0307198532783127,0.0285150645624103,0.0309344105453385,0.1158983547809089,0.2210012210012211,0.13345521023766,0.0759162303664922,0.1130319148936169,0.1130319148936169,0.1144756277695715,0.1094931080480212,0.1712034383954155,0.1507311586051742,-0.0358295397095255,0.0495610405531647,0.0157333823296101,-0.0025687284823129,0.0941867740641553,0.1748542880932555,Industrials,20.0,1.0,52,9.525297086562844,14714.0,12278.0,10.9517534667675,9.979846560634877,10.907349504658427,9.969088009620076
RTX,2008Q2,2008,Q2,0,1,0,0,15667.0,4308.0,11359.0,2209.0,1775.0,2099.0,2099.0,1923.0,1275.0,434.0,1709.0,58486.0,21912.0,57053.0,21586.0,0.02788051405054196,0.1132954617986851,0.2749728729175975,0.133975872853769,0.0813812472075062,411.0,481.0,399.0,416.0,382.0,406.0,384.0,370.0,369.0,423.0,335.0,318.0,0.0299978103788044,0.03268995514476,0.0287816489937243,0.0299194476409666,0.031112559048705,0.0317509971064362,0.031571158431308,0.0301696020874103,0.0347621290626471,0.037563271467898,0.0307198532783127,0.0285150645624103,0.1267980437284235,0.1106271777003484,0.1411920529801325,0.0432692307692308,0.1254691689008042,0.1254691689008042,0.1298472385428908,0.1214335077500246,0.1880856760374831,0.1565445026178009,-0.0741293556765568,0.05439096442364,0.012774258290404,-0.0011793371802653,-0.0143511662254646,0.0927109974424551,Industrials,20.0,2.0,53,9.659375694785721,13701.0,13904.0,10.976559786302708,9.994835346995403,10.9517534667675,9.979846560634877
RTX,2008Q3,2008,Q3,0,0,1,0,14814.0,4150.0,10664.0,2101.0,1665.0,2049.0,2049.0,1872.0,1269.0,436.0,1705.0,56810.0,21083.0,58486.0,21912.0,0.0294316187390306,0.1123936816524908,0.2801404077224247,0.1383151073309032,0.0856622114216281,434.0,411.0,481.0,399.0,416.0,382.0,406.0,384.0,370.0,369.0,423.0,335.0,0.02788051405054196,0.0299978103788044,0.03268995514476,0.0287816489937243,0.0299194476409666,0.031112559048705,0.0317509971064362,0.031571158431308,0.0301696020874103,0.0347621290626471,0.037563271467898,0.0307198532783127,0.0685998701579744,0.0601503759398496,0.0935441370223979,0.0927318295739347,0.0852754237288135,0.0852754237288135,0.0953774136922176,0.059197457290425,0.1041114058355436,0.1017304667016256,0.0225827834064709,0.0332318360401069,0.023342943940968,0.0156050492205035,-0.0079070702272083,0.0682957393483709,Industrials,20.0,3.0,54,9.603395460007665,15667.0,13863.0,10.947485247931015,9.956269737975097,10.976559786302708,9.994835346995403
RTX,2008Q4,2008,Q4,0,0,0,1,14499.0,3942.0,10557.0,2139.0,1649.0,2153.0,1803.0,1632.0,1145.0,490.0,1635.0,56837.0,15763.0,56810.0,21083.0,0.0337954341678736,0.1137319815159666,0.2718808193668529,0.1243534036830126,0.0789709635147251,436.0,434.0,411.0,481.0,399.0,416.0,382.0,406.0,384.0,370.0,369.0,423.0,0.0294316187390306,0.02788051405054196,0.0299978103788044,0.03268995514476,0.0287816489937243,0.0299194476409666,0.031112559048705,0.0317509971064362,0.031571158431308,0.0301696020874103,0.0347621290626471,0.037563271467898,-0.0146119342123147,0.080188679245283,-0.0107904642409033,0.0187110187110186,0.02377555872563,0.0055772448410484,0.0080296479308215,-0.0160313169913318,-0.0362361192285213,-0.0241788321167882,0.0338170859586128,-0.0219448415979353,0.0038781370549243,0.0204885564929435,0.0962063746751564,0.0609993510707334,Industrials,20.0,4.0,55,9.581903928408666,14814.0,14714.0,10.947960395103589,9.665484138314895,10.947485247931015,9.956269737975097
RTX,2009Q1,2009,Q1,1,0,0,0,12249.0,3142.0,9107.0,1892.0,1483.0,1250.0,1250.0,1075.0,722.0,409.0,1131.0,54798.0,15813.0,56837.0,15763.0,0.03339048085558,0.1210711078455384,0.2565107355702506,0.1020491468691321,0.0589435872316107,490.0,436.0,434.0,411.0,481.0,399.0,416.0,382.0,406.0,384.0,370.0,369.0,0.0337954341678736,0.0294316187390306,0.02788051405054196,0.0299978103788044,0.03268995514476,0.0287816489937243,0.0299194476409666,0.031112559048705,0.0317509971064362,0.031571158431308,0.0301696020874103,0.0347621290626471,-0.1059776658638055,-0.278,-0.1553763440860215,-0.0048661800486617,-0.2532855436081243,-0.2532855436081243,-0.2876076872100729,-0.0875663761146178,-0.092966360856269,-0.0752688172043011,0.1130972705652122,0.0145536688634384,-0.0552544118150526,-0.1647697961445758,-0.1924139113397013,-0.1984408221119773,Industrials,20.0,1.0,56,9.413281215972873,14499.0,13701.0,10.911427224594425,9.668650902630873,10.947960395103589,9.665484138314895
RTX,2009Q2,2009,Q2,0,1,0,0,13196.0,3595.0,9601.0,1958.0,1574.0,1637.0,1637.0,1460.0,1066.0,384.0,1450.0,56545.0,17379.0,54798.0,15813.0,0.0290997271900575,0.1192785692634131,0.2724310397090027,0.1240527432555319,0.0807820551682328,409.0,490.0,436.0,434.0,411.0,481.0,399.0,416.0,382.0,406.0,384.0,370.0,0.03339048085558,0.0337954341678736,0.0294316187390306,0.02788051405054196,0.0299978103788044,0.03268995514476,0.0287816489937243,0.0299194476409666,0.031112559048705,0.0317509971064362,0.031571158431308,0.0301696020874103,-0.1577200485096062,-0.163921568627451,-0.165506035283194,-0.1152073732718893,-0.22010481181515,-0.22010481181515,-0.2407696307852314,-0.1547671449951579,-0.1132394366197183,-0.1136260751471254,0.0504733315360192,0.052809771633743,-0.0092439417082297,-0.0740665418845072,-0.0073627777876837,-0.1515506143943826,Industrials,20.0,2.0,57,9.48774481001683,12249.0,15667.0,10.942809745178671,9.763075398819383,10.911427224594425,9.668650902630873
RTX,2009Q3,2009,Q3,0,0,1,0,13375.0,3539.0,9836.0,1768.0,1424.0,1771.0,1771.0,1601.0,1058.0,344.0,1402.0,57577.0,18489.0,56545.0,17379.0,0.02788051405054196,0.1064672897196261,0.2645981308411215,0.132411214953271,0.0791028037383177,384.0,409.0,490.0,436.0,434.0,411.0,481.0,399.0,416.0,382.0,406.0,384.0,0.0290997271900575,0.03339048085558,0.0337954341678736,0.0294316187390306,0.02787237878756929,0.0299978103788044,0.03268995514476,0.0287816489937243,0.0299194476409666,0.031112559048705,0.0317509971064362,0.031571158431308,-0.0971378425813419,-0.1662726556343577,-0.1472289156626506,-0.2110091743119265,-0.1356759394826744,-0.1356759394826744,-0.1447649572649573,-0.0776444111027756,-0.1447447447447447,-0.1584959543074726,-0.1261226099631313,-0.0527288709270017,-0.0554803107758135,-0.04268436392496,-0.0765729435938226,-0.1777126099706745,Industrials,20.0,3.0,58,9.501217335324483,13196.0,14814.0,10.960895829280181,9.82498532438117,10.942809745178671,9.763075398819383
RTX,2009Q4,2009,Q4,0,0,0,1,14100.0,3783.0,10317.0,1976.0,1555.0,2140.0,1807.0,1624.0,1073.0,421.0,1494.0,55762.0,20066.0,57577.0,18489.0,0.0298581560283687,0.1102836879432624,0.2682978723404255,0.1281560283687943,0.0760992907801418,344.0,384.0,409.0,490.0,436.0,434.0,411.0,481.0,399.0,416.0,382.0,406.0,0.02788051405054196,0.0290997271900575,0.03339048085558,0.0337954341678736,0.0294316187390306,0.02786424352459662,0.0299978103788044,0.03268995514476,0.0287816489937243,0.0299194476409666,0.031112559048705,0.0317509971064362,-0.0275191392509828,-0.0628820960698689,-0.0403348554033485,-0.1408163265306122,-0.0060380863910821,0.002218524681087,-0.0049019607843137,-0.0227337311736288,-0.0570042449969678,-0.0762038335670873,-0.1165032566217976,-0.0303194715043287,-0.0131783736519965,0.030579176549722,-0.0363636532565271,-0.0862385321100916,Industrials,20.0,4.0,59,9.55400099583723,13375.0,14499.0,10.928865845995738,9.906831953786519,10.960895829280181,9.82498532438117
RTX,2010Q1,2010,Q1,1,0,0,0,12091.0,3359.0,8732.0,1821.0,1424.0,1538.0,1538.0,1352.0,866.0,397.0,1263.0,58388.0,19964.0,55762.0,20066.0,0.0328343395914316,0.1177735505748077,0.277809941278637,0.1272020511123976,0.0716235216276569,421.0,344.0,384.0,409.0,490.0,436.0,434.0,411.0,481.0,399.0,416.0,382.0,0.0298581560283687,0.02788051405054196,0.0290997271900575,0.03339048085558,0.0337954341678736,0.0294316187390306,0.02785610826162395,0.0299978103788044,0.03268995514476,0.0287816489937243,0.0299194476409666,0.031112559048705,-0.0128990121642582,0.1994459833795014,0.0690642902609803,-0.0293398533007335,0.2303999999999999,0.2303999999999999,0.2576744186046511,-0.0411771165037883,-0.0397842211732973,-0.0375264270613108,-0.0166556829940189,-0.0272365333844777,0.0830343636925605,0.2464783392606071,0.2151198288326452,0.1167108753315648,Industrials,20.0,1.0,60,9.40029935589935,14100.0,12249.0,10.974882794910684,9.901736019497323,10.928865845995738,9.906831953786519
RTX,2010Q2,2010,Q2,0,1,0,0,13890.0,3875.0,10015.0,1950.0,1491.0,2264.0,1925.0,1733.0,1110.0,459.0,1569.0,58343.0,19933.0,58388.0,19964.0,0.0330453563714902,0.1073434125269978,0.2789776817854572,0.138588912886969,0.079913606911447,397.0,421.0,344.0,384.0,409.0,490.0,436.0,434.0,411.0,481.0,399.0,416.0,0.0328343395914316,0.0298581560283687,0.02788051405054196,0.0290997271900575,0.03339048085558,0.0337954341678736,0.0294316187390306,0.02784797299865128,0.0299978103788044,0.03268995514476,0.0287816489937243,0.0299194476409666,0.0525916944528646,0.0412757973733584,0.0778859527121,0.1953125,0.3830177153329261,0.1759315821624922,0.1869863013698629,0.0431205082803873,-0.0527318932655654,-0.0040858018386108,0.1355899028077754,-0.1000611996783586,0.0240304558667296,0.1171773332049135,-0.0107505095652384,0.0820689655172413,Industrials,20.0,2.0,61,9.53899642739739,12091.0,13196.0,10.97411180466407,9.900182095527402,10.974882794910684,9.901736019497323
RTX,2010Q3,2010,Q3,0,0,1,0,13527.0,3860.0,9667.0,1911.0,1478.0,1949.0,1949.0,1767.0,1198.0,433.0,1631.0,60649.0,21254.0,58343.0,19933.0,0.0320100539661417,0.1092629555703408,0.285355215494936,0.1440822059584534,0.0885636135137133,459.0,397.0,421.0,344.0,384.0,409.0,490.0,436.0,434.0,411.0,481.0,399.0,0.0330453563714902,0.0328343395914316,0.0298581560283687,0.02788051405054196,0.0290997271900575,0.03339048085558,0.0337954341678736,0.0294316187390306,0.027839837735678608,0.0299978103788044,0.03268995514476,0.0287816489937243,0.0113644859813084,0.1323251417769375,0.0907035885843459,0.2587209302325581,0.1005081874647091,0.1005081874647091,0.10368519675203,-0.0171817812118747,0.0379213483146068,0.0808823529411764,0.2445769528986814,0.0262584485627164,0.0784475861104181,0.0881420128144072,0.1196014468297879,0.1633380884450783,Industrials,20.0,3.0,62,9.512516890578416,13890.0,13375.0,11.012874914372196,9.96434744079289,10.97411180466407,9.900182095527402
RTX,2010Q4,2010,Q4,0,0,0,1,14818.0,3818.0,11000.0,2044.0,1631.0,2224.0,1774.0,1686.0,1199.0,457.0,1656.0,58493.0,21385.0,60649.0,21254.0,0.0308408692131191,0.1100688352004319,0.2576596031853151,0.1197192603590228,0.0809151032528006,433.0,459.0,397.0,421.0,344.0,384.0,409.0,490.0,436.0,434.0,411.0,481.0,0.0320100539661417,0.0330453563714902,0.0328343395914316,0.0298581560283687,0.02787237878756929,0.0290997271900575,0.03339048085558,0.0337954341678736,0.0294316187390306,0.027831702472705937,0.0299978103788044,0.03268995514476,0.0509219858156029,0.1174277726001864,0.0092519164684112,0.0855106888361045,0.0392523364485981,-0.0182623132263419,0.0381773399014777,0.06620141514006,0.0488745980707394,0.0344129554655869,0.0329127218645615,-0.0019481824269518,-0.0396509635440274,-0.0658320027325836,0.0632832766677438,0.108433734939759,Industrials,20.0,4.0,63,9.603665420190179,13527.0,14100.0,10.976679463857327,9.970491781316602,11.012874914372196,9.96434744079289
RTX,2011Q1,2011,Q1,1,0,0,0,13344.0,3703.0,9641.0,1924.0,1543.0,2021.0,1779.0,1630.0,1012.0,485.0,1497.0,60664.0,22126.0,58493.0,21385.0,0.0363459232613908,0.1156324940047961,0.2775029976019185,0.133318345323741,0.0758393285371702,457.0,433.0,459.0,397.0,421.0,344.0,384.0,409.0,490.0,436.0,434.0,411.0,0.0308408692131191,0.0320100539661417,0.0330453563714902,0.0328343395914316,0.0298581560283687,0.02786424352459662,0.0290997271900575,0.03339048085558,0.0337954341678736,0.0294316187390306,0.027823567209733266,0.0299978103788044,0.1036307997684227,0.1685912240184757,0.1024114319738016,0.2216624685138539,0.3140442132639791,0.1566970091027308,0.205621301775148,0.1040998625744389,0.0835674157303369,0.0565623283909939,0.1069485092027133,-0.0181794346825909,-0.0011048693049132,0.0480832986406714,0.0588606482019926,0.185273159144893,Industrials,20.0,1.0,64,9.498897061838624,14818.0,12091.0,11.013122204485974,10.004553861270931,10.976679463857327,9.970491781316602
RTX,2011Q2,2011,Q2,0,1,0,0,15076.0,4171.0,10905.0,1951.0,1644.0,2495.0,2220.0,2079.0,1318.0,526.0,1844.0,62147.0,22723.0,60664.0,22126.0,0.0348898912178296,0.1090474927036349,0.2766648978508888,0.1472539135049084,0.0874237198195807,485.0,457.0,433.0,459.0,397.0,421.0,344.0,384.0,409.0,490.0,436.0,434.0,0.0363459232613908,0.0308408692131191,0.0320100539661417,0.0330453563714902,0.0328343395914316,0.0298581560283687,0.02785610826162395,0.0290997271900575,0.03339048085558,0.0337954341678736,0.0294316187390306,0.027815431946760595,0.0853851691864651,0.1873873873873874,0.0763870967741935,0.1459694989106754,0.1020318021201414,0.1532467532467532,0.1996537795729949,0.0888666999500749,0.1026156941649898,0.0005128205128204,0.0558182767225576,0.015875032631448,-0.0082902113164269,0.0625230434198331,0.0939778993639435,0.1752708731676227,Industrials,20.0,2.0,65,9.62092568277892,13344.0,13890.0,11.037273916211891,10.031176913677017,11.013122204485974,10.004553861270931
RTX,2011Q3,2011,Q3,0,0,1,0,14804.0,4048.0,10756.0,2073.0,1578.0,2321.0,2202.0,2064.0,1324.0,495.0,1819.0,61948.0,22590.0,62147.0,22723.0,0.0334369089435287,0.1065928127533099,0.2734396109159686,0.1487435828154552,0.0894352877600648,526.0,485.0,457.0,433.0,459.0,397.0,421.0,344.0,384.0,409.0,490.0,436.0,0.0348898912178296,0.0363459232613908,0.0308408692131191,0.0320100539661417,0.0330453563714902,0.0328343395914316,0.0298581560283687,0.02784797299865128,0.0290997271900575,0.03339048085558,0.0337954341678736,0.0294316187390306,0.0944037850225474,0.1051752921535893,0.0487046632124352,0.1431870669745958,0.1908671113391482,0.1298101590559262,0.1680814940577248,0.1126512878866246,0.0676589986468201,0.084772370486656,0.0445752131157362,-0.0244377685290776,-0.0417570940776403,0.0323522035631931,0.0098423518617674,0.1152667075413855,Industrials,20.0,3.0,66,9.602720240535692,15076.0,13527.0,11.034066744876965,10.025306875857222,11.037273916211891,10.031176913677017
RTX,2011Q4,2011,Q4,0,0,0,1,14966.0,4115.0,10851.0,2217.0,1699.0,2332.0,1898.0,1832.0,1325.0,552.0,1877.0,61452.0,21880.0,61948.0,22590.0,0.0368836028330883,0.1135239877054657,0.2749565682213016,0.1268207937992783,0.0885340104236269,495.0,526.0,485.0,457.0,433.0,459.0,397.0,421.0,344.0,384.0,409.0,490.0,0.0334369089435287,0.0348898912178296,0.0363459232613908,0.0308408692131191,0.0320100539661417,0.0330453563714902,0.0328343395914316,0.0298581560283687,0.027839837735678608,0.0290997271900575,0.03339048085558,0.0337954341678736,0.0099878526116885,0.1050875729774811,0.0777894185437402,0.2078774617067833,0.0485611510791366,0.0698985343855693,0.0865954922894425,-0.0135454545454545,0.0416922133660331,0.0846379647749511,0.1959326625398314,0.0313908337336548,0.0671310706923118,0.0593182201339947,0.09415927144062,0.1334541062801932,Industrials,20.0,4.0,67,9.613603056529147,14804.0,14818.0,11.026027933981522,9.99337395933065,11.034066744876965,10.025306875857222
RTX,2012Q1,2012,Q1,1,0,0,0,12424.0,3483.0,8941.0,2082.0,1535.0,2066.0,1702.0,1573.0,330.0,547.0,877.0,61724.0,22492.0,61452.0,21880.0,0.0440276883451384,0.1235511912427559,0.2803444945267225,0.1369929169349646,0.0265614938828074,552.0,495.0,526.0,485.0,457.0,433.0,459.0,397.0,421.0,344.0,384.0,409.0,0.0368836028330883,0.0334369089435287,0.0348898912178296,0.0363459232613908,0.0308408692131191,0.0320100539661417,0.0330453563714902,0.0328343395914316,0.0298581560283687,0.027831702472705937,0.0290997271900575,0.03339048085558,-0.0689448441247002,-0.6739130434782609,-0.0594112881447475,0.1278350515463917,0.0222662048490847,-0.043282743114109,-0.0349693251533742,-0.0726065760813193,-0.0051847051198963,0.0821205821205821,0.2113514912938707,0.0684815916677481,0.0102395179488481,0.0275623853738997,-0.6497662308575268,-0.4141616566466266,Industrials,20.0,1.0,68,9.427465850964829,14966.0,13344.0,11.03044431421338,10.0209594286763,11.026027933981522,9.99337395933065
RTX,2012Q2,2012,Q2,0,1,0,0,13807.0,3873.0,9934.0,2034.0,1509.0,2508.0,2179.0,2011.0,1328.0,525.0,1853.0,74653.0,22604.0,61724.0,22492.0,0.0380241906279423,0.1092923879191714,0.2805098862895632,0.1578184978634026,0.0961830955312522,547.0,552.0,495.0,526.0,485.0,457.0,433.0,459.0,397.0,421.0,344.0,384.0,0.0440276883451384,0.0368836028330883,0.0334369089435287,0.0348898912178296,0.0363459232613908,0.0308408692131191,0.0320100539661417,0.0330453563714902,0.0328343395914316,0.0298581560283687,0.027823567209733266,0.0290997271900575,-0.0841735208278058,0.007587253414264,-0.0714456964756653,-0.0019011406844106,0.0052104208416834,-0.0184684684684685,-0.0327080327080326,-0.0890417239798258,-0.0821167883211678,0.0425422860071758,0.0898340264388952,0.0022457665872437,0.0138976374254269,0.0717439972020981,0.1001944978976927,0.0048806941431669,Industrials,20.0,2.0,69,9.53300341332321,12424.0,15076.0,11.220619384920948,10.025926399728705,11.03044431421338,10.0209594286763
RTX,2012Q3,2012,Q3,0,0,1,0,15042.0,4039.0,11003.0,2209.0,1619.0,2507.0,2041.0,1825.0,1415.0,590.0,2005.0,91946.0,24955.0,74653.0,22604.0,0.0392235075122988,0.1076319638345964,0.2685148251562292,0.1356867437840712,0.09406993750831,525.0,547.0,552.0,495.0,526.0,485.0,457.0,433.0,459.0,397.0,421.0,344.0,0.0380241906279423,0.0440276883451384,0.0368836028330883,0.0334369089435287,0.0348898912178296,0.0363459232613908,0.0308408692131191,0.0320100539661417,0.0330453563714902,0.0328343395914316,0.0298581560283687,0.027815431946760595,0.0160767360172926,0.0687311178247733,-0.0022233201581027,0.1919191919191918,0.0801378716070659,-0.0731153496821072,-0.1157945736434108,0.02296392711045,0.0259822560202789,0.0656054027978774,0.1730602125496421,0.0097487912594207,-0.0180105060245016,-0.0877808560493227,0.0518212650098355,0.1022539857064321,Industrials,20.0,3.0,70,9.618668045697824,13807.0,14804.0,11.428967603072808,10.124869553230678,11.220619384920948,10.025926399728705
RTX,2012Q4,2012,Q4,0,0,0,1,16443.0,4157.0,12286.0,2406.0,1795.0,2247.0,1751.0,1491.0,2057.0,712.0,2769.0,89409.0,25914.0,91946.0,24955.0,0.0433011007723651,0.1091649942224654,0.2528127470656206,0.1064890835005777,0.1250988262482515,590.0,525.0,547.0,552.0,495.0,526.0,485.0,457.0,433.0,459.0,397.0,421.0,0.0392235075122988,0.0380241906279423,0.0440276883451384,0.0368836028330883,0.0334369089435287,0.0348898912178296,0.0363459232613908,0.0308408692131191,0.0320100539661417,0.0330453563714902,0.0328343395914316,0.0298581560283687,0.098690364826941,0.5524528301886793,0.0102065613608748,0.289855072463768,-0.0364493996569468,-0.077449947312961,-0.1861353711790393,0.1322458759561331,0.0565038257798704,0.0852503382949931,0.1739932502884358,-0.0383971138708543,-0.0805357053258618,-0.1603184279928098,0.413003044250062,0.4752264251465103,Industrials,20.0,4.0,71,9.70771594801777,15042.0,14966.0,11.400987811729363,10.162577230623807,11.428967603072808,10.124869553230678
RTX,2013Q1,2013,Q1,1,0,0,0,14399.0,3934.0,10465.0,1928.0,1627.0,2469.0,2006.0,1770.0,1266.0,610.0,1876.0,88513.0,26194.0,89409.0,25914.0,0.0423640530592402,0.112993957913744,0.2732134175984443,0.1393152302243211,0.087922772414751,712.0,590.0,525.0,547.0,552.0,495.0,526.0,485.0,457.0,433.0,459.0,397.0,0.0433011007723651,0.0392235075122988,0.0380241906279423,0.0440276883451384,0.0368836028330883,0.0334369089435287,0.0348898912178296,0.0363459232613908,0.0308408692131191,0.0320100539661417,0.0330453563714902,0.0328343395914316,0.1589665164198326,2.8363636363636364,0.1294860752225093,0.1151736745886653,0.1950629235237173,0.1786133960047002,0.1252383979656706,0.1704507325802482,0.0599348534201953,-0.0739673390970221,-0.0377861147934176,-0.0854482520388564,-0.0254368359910788,0.0169520683354673,2.310159165093536,1.139110604332953,Industrials,20.0,1.0,72,9.574983485564092,16443.0,12424.0,11.390916010575367,10.17332383184232,11.400987811729363,10.162577230623807
RTX,2013Q2,2013,Q2,0,1,0,0,16006.0,4454.0,11552.0,1947.0,1737.0,3001.0,2507.0,2290.0,1560.0,631.0,2191.0,88744.0,26987.0,88513.0,26194.0,0.0394227164813195,0.1085218043233787,0.2782706485068099,0.1566287642134199,0.0974634512057978,610.0,712.0,590.0,525.0,547.0,552.0,495.0,526.0,485.0,457.0,433.0,459.0,0.0423640530592402,0.0433011007723651,0.0392235075122988,0.0380241906279423,0.0440276883451384,0.0368836028330883,0.0334369089435287,0.0348898912178296,0.0363459232613908,0.0308408692131191,0.0320100539661417,0.0330453563714902,0.1592670384587529,0.1746987951807228,0.1500129098889748,0.2019047619047618,0.1965709728867624,0.1505277650298302,0.1387369467926404,0.1628749748339037,0.151093439363817,-0.0427728613569321,0.0367798980144351,-0.007050661171047,-0.0079827410447909,-0.0075386197821525,0.0133116496976284,0.1824069077172152,Industrials,20.0,2.0,73,9.680781405546698,14399.0,13807.0,11.393522367722447,10.203147601747316,11.390916010575367,10.17332383184232
RTX,2013Q3,2013,Q3,0,0,1,0,15462.0,4442.0,11020.0,2076.0,1633.0,2840.0,2366.0,2140.0,1432.0,630.0,2062.0,90326.0,28577.0,88744.0,26987.0,0.0407450523864959,0.1056137627732505,0.2872849566679601,0.1530203078515069,0.0926141508213685,631.0,610.0,712.0,590.0,525.0,547.0,552.0,495.0,526.0,485.0,457.0,433.0,0.0394227164813195,0.0423640530592402,0.0433011007723651,0.0392235075122988,0.0380241906279423,0.0440276883451384,0.0368836028330883,0.0334369089435287,0.0348898912178296,0.0363459232613908,0.0308408692131191,0.0320100539661417,0.0279218189070602,0.0120141342756183,0.0997771725674672,0.0677966101694915,0.1328280813721578,0.1592356687898088,0.1726027397260274,0.0015450331727711,0.0086473131562692,-0.0602082390221819,0.0387916576231723,-0.0187509452530977,0.0699035202276447,0.1277469234210517,-0.0154755783356711,0.028428927680798,Industrials,20.0,3.0,74,9.64620535247543,16006.0,15042.0,11.41119169803475,10.260392470028915,11.393522367722447,10.203147601747316
RTX,2013Q4,2013,Q4,0,0,0,1,16759.0,4475.0,12284.0,2145.0,1721.0,2857.0,2330.0,2112.0,1463.0,658.0,2121.0,90594.0,31866.0,90326.0,28577.0,0.03926248582851,0.1026910913538994,0.2670207052926786,0.1390297750462438,0.087296378065517,630.0,631.0,610.0,712.0,590.0,525.0,547.0,552.0,495.0,526.0,485.0,457.0,0.0407450523864959,0.0394227164813195,0.0423640530592402,0.0433011007723651,0.0392235075122988,0.0380241906279423,0.0440276883451384,0.0368836028330883,0.0334369089435287,0.0348898912178296,0.0363459232613908,0.0308408692131191,0.0192179042753755,-0.2887700534759359,0.0764974741400048,-0.0758426966292135,0.2714730752113929,0.3306681896059393,0.4164989939637826,-0.0001627869119322,-0.0412256267409471,-0.1084788029925186,-0.0932681819126534,-0.059303835580965,0.0561995326262962,0.3055777219219799,-0.302180678399953,-0.2340195016251354,Industrials,20.0,4.0,75,9.726750374036074,15462.0,16443.0,11.414154302870207,10.36932627056772,11.41119169803475,10.260392470028915
RTX,2014Q1,2014,Q1,1,0,0,0,14745.0,4055.0,10690.0,1957.0,1596.0,2583.0,2098.0,1873.0,1213.0,624.0,1837.0,91229.0,32317.0,90594.0,31866.0,0.0423194303153611,0.1082400813835198,0.275008477449983,0.1422855205154289,0.0822651746354696,658.0,630.0,631.0,610.0,712.0,590.0,525.0,547.0,552.0,495.0,526.0,485.0,0.03926248582851,0.0407450523864959,0.0394227164813195,0.0423640530592402,0.0433011007723651,0.0392235075122988,0.0380241906279423,0.0440276883451384,0.0368836028330883,0.0334369089435287,0.0348898912178296,0.0363459232613908,0.0240294464893395,-0.041864139020537,0.0307574987290288,0.022950819672131,0.0461725394896719,0.0458624127617148,0.0581920903954802,0.0215002388915432,-0.0190534726490473,0.0150414937759335,-0.0010533162116638,-0.0420719533858007,0.0065701745811654,0.0213206430217653,-0.0643473542052706,-0.0207889125799574,Industrials,20.0,1.0,76,9.598727138549595,16759.0,14399.0,11.42113906933952,10.383379629532193,11.414154302870207,10.36932627056772
RTX,2014Q2,2014,Q2,0,1,0,0,17191.0,4260.0,12931.0,1905.0,1623.0,2862.0,2355.0,2149.0,1680.0,666.0,2346.0,92142.0,33785.0,91229.0,32317.0,0.0387412017916351,0.0944098656273631,0.2478040835320807,0.1369902856145657,0.0977255540689895,624.0,658.0,630.0,631.0,610.0,712.0,590.0,525.0,547.0,552.0,495.0,526.0,0.0423194303153611,0.03926248582851,0.0407450523864959,0.0394227164813195,0.0423640530592402,0.0433011007723651,0.0392235075122988,0.0380241906279423,0.0440276883451384,0.0368836028330883,0.0334369089435287,0.0348898912178296,0.0740347369736349,0.0769230769230768,-0.0435563538392456,0.0554675118858953,-0.0463178940353216,-0.060630235341045,-0.0615720524017466,0.1193732686980608,-0.0656303972366149,-0.0215716486902927,-0.0172873599415019,-0.1300378185195309,-0.1094853702257555,-0.1253823248716636,0.0026892425822098,0.0707439525330899,Industrials,20.0,2.0,77,9.752199438322346,14745.0,16006.0,11.431096997108991,10.427801794482674,11.42113906933952,10.383379629532193
RTX,2014Q3,2014,Q3,0,0,1,0,14613.0,4702.0,11466.0,1956.0,1580.0,3079.0,2746.0,2560.0,1854.0,677.0,2531.0,91774.0,34049.0,92142.0,33785.0,0.046328611510299,0.1081229042633271,0.3217682885102306,0.1879148703209471,0.1268733319646889,666.0,624.0,658.0,630.0,631.0,610.0,712.0,590.0,525.0,547.0,552.0,495.0,0.0387412017916351,0.0423194303153611,0.03926248582851,0.0407450523864959,0.0394227164813195,0.0423640530592402,0.0433011007723651,0.0392235075122988,0.0380241906279423,0.0440276883451384,0.0368836028330883,0.0334369089435287,-0.0549088086922778,0.2946927374301675,0.0585321927059883,0.0746031746031745,0.0841549295774648,0.1606086221470837,0.1962616822429905,0.0404718693284935,-0.0324556031843232,-0.0578034682080924,0.1370364939241968,0.0237577132391701,0.1200318048053095,0.2280387679215909,0.369913029914819,0.2274490785645004,Industrials,20.0,3.0,78,9.589735252351163,17191.0,15462.0,11.427095208365035,10.435585311577658,11.431096997108991,10.427801794482674
RTX,2014Q4,2014,Q4,0,0,0,1,16996.0,4636.0,12360.0,2066.0,1701.0,3169.0,2570.0,2305.0,1473.0,668.0,2141.0,91206.0,31213.0,91774.0,34049.0,0.0393033654977641,0.1000823723228995,0.2727700635443634,0.1512120498940927,0.08666745116498,677.0,666.0,624.0,658.0,630.0,631.0,610.0,712.0,590.0,525.0,547.0,552.0,0.046328611510299,0.0387412017916351,0.0423194303153611,0.03926248582851,0.0407450523864959,0.0394227164813195,0.0423640530592402,0.0433011007723651,0.0392235075122988,0.0380241906279423,0.0440276883451384,0.0368836028330883,0.0141416552300257,0.0068352699931646,0.035977653631285,0.0151975683890577,0.1092054602730137,0.1030042918454936,0.0913825757575756,0.0061869098013676,-0.0116211504938988,-0.0368298368298368,0.0010411890228416,-0.0254035573739263,0.0215315072491588,0.0876234953541201,-0.0072045016583049,0.0094295143800093,Industrials,20.0,4.0,79,9.740792136877351,14613.0,16759.0,11.42088692750292,10.3486219911025,11.427095208365035,10.435585311577658
RTX,2015Q1,2015,Q1,1,0,0,0,14541.0,4018.0,10523.0,1744.0,1563.0,2662.0,2274.0,2056.0,1426.0,602.0,2028.0,91327.0,28650.0,91206.0,31213.0,0.0414001788047589,0.1074891685578708,0.2763221236503679,0.1563853930266144,0.098067533182037,668.0,677.0,666.0,624.0,658.0,630.0,631.0,610.0,712.0,590.0,525.0,547.0,0.0393033654977641,0.046328611510299,0.0387412017916351,0.0423194303153611,0.03926248582851,0.0407450523864959,0.0394227164813195,0.0423640530592402,0.0433011007723651,0.0392235075122988,0.0380241906279423,0.0440276883451384,-0.0138351983723296,0.1755976916735366,-0.0091245376078914,-0.0352564102564102,0.0305845915602012,0.0838894184938037,0.0977042178323546,-0.0156220767072029,-0.0206766917293232,-0.1088400613183444,-0.0217217364163928,-0.0069374746956105,0.0047767480208815,0.099095624488765,0.192090500221876,0.1039738704409363,Industrials,20.0,1.0,80,9.584796293210003,16996.0,14745.0,11.422212700836509,10.262943625547717,11.42088692750292,10.3486219911025
RTX,2015Q2,2015,Q2,0,1,0,0,16333.0,4508.0,11825.0,1956.0,1543.0,2900.0,2552.0,2336.0,1542.0,606.0,2148.0,92773.0,30377.0,91327.0,28650.0,0.037102798016286,0.0944713157411375,0.2760056327680156,0.1562480866956468,0.0944100900018367,602.0,668.0,677.0,666.0,624.0,658.0,630.0,631.0,610.0,712.0,590.0,525.0,0.0414001788047589,0.0393033654977641,0.046328611510299,0.0387412017916351,0.0423194303153611,0.03926248582851,0.0407450523864959,0.0394227164813195,0.0423640530592402,0.0433011007723651,0.0392235075122988,0.0380241906279423,-0.0499098365423767,-0.0821428571428571,0.0582159624413145,-0.09009009009009,0.013277428371768,0.0836518046709129,0.0870172173103769,-0.0855308947490526,-0.0492914356130622,0.0267716535433071,-0.0422909899429827,0.0006508865717165,0.1138058293227597,0.1405778591867792,-0.0339262754633477,-0.0843989769820972,Industrials,20.0,2.0,81,9.70100410391822,14541.0,17191.0,11.437921707104875,10.321473941197965,11.422212700836509,10.262943625547717
RTX,2015Q3,2015,Q3,0,0,1,0,13788.0,3988.0,9800.0,1686.0,1359.0,2827.0,2302.0,2118.0,1362.0,546.0,1908.0,92135.0,30525.0,92773.0,30377.0,0.0395996518711923,0.0985639686684073,0.2892370176965477,0.1669567740063823,0.098781549173194,606.0,602.0,668.0,677.0,666.0,624.0,658.0,630.0,631.0,610.0,712.0,590.0,0.037102798016286,0.0414001788047589,0.0393033654977641,0.046328611510299,0.0387412017916351,0.0423194303153611,0.03926248582851,0.0407450523864959,0.0394227164813195,0.0423640530592402,0.0433011007723651,0.0392235075122988,-0.0564565797577499,-0.2653721682847896,-0.1518502764780944,-0.1935007385524372,-0.0818447547905164,-0.1616897305171157,-0.1726562499999999,-0.1452991452991453,-0.1398734177215189,-0.1380368098159509,-0.1452441465380596,-0.088408054334534,-0.1011015441089637,-0.1115297383265603,-0.2214159773096627,-0.2461477676807586,Industrials,20.0,3.0,82,9.531626451841742,16333.0,14613.0,11.431021025348743,10.326334058475068,11.437921707104875,10.321473941197965
RTX,2015Q4,2015,Q4,0,0,0,1,14300.0,3647.0,10653.0,3255.0,1625.0,886.0,392.0,186.0,3278.0,611.0,3889.0,87484.0,27358.0,92135.0,30525.0,0.0427272727272727,0.1136363636363636,0.255034965034965,0.0274125874125874,0.2292307692307692,546.0,606.0,602.0,668.0,677.0,666.0,624.0,658.0,630.0,631.0,610.0,712.0,0.0395996518711923,0.037102798016286,0.0414001788047589,0.0393033654977641,0.046328611510299,0.0387412017916351,0.0423194303153611,0.03926248582851,0.0407450523864959,0.0394227164813195,0.0423640530592402,0.0433011007723651,-0.1586255589550482,1.2253903598099116,-0.2133304572907679,-0.0853293413173652,-0.7204165351846008,-0.8474708171206226,-0.9193058568329718,-0.1381067961165049,-0.0446796002351558,0.5755082284607937,0.0871148611867174,0.1354283576505799,-0.0650184931548176,-0.8187142662784685,1.6449464724006475,0.8164409154600654,Industrials,20.0,4.0,83,9.568084743872936,13788.0,16996.0,11.37922262907872,10.216800821360927,11.431021025348743,10.326334058475068
RTX,2016Q1,2016,Q1,1,0,0,0,13357.0,3703.0,9654.0,1758.0,1363.0,2429.0,1945.0,1722.0,1191.0,541.0,1732.0,88571.0,28353.0,87484.0,27358.0,0.0405031069851014,0.1020438721269746,0.2772329115819421,0.1456165306580819,0.0891667290559257,611.0,546.0,606.0,602.0,668.0,677.0,666.0,624.0,658.0,630.0,631.0,610.0,0.0427272727272727,0.0395996518711923,0.037102798016286,0.0414001788047589,0.0393033654977641,0.046328611510299,0.0387412017916351,0.0423194303153611,0.03926248582851,0.0407450523864959,0.0394227164813195,0.0423640530592402,-0.0814249363867684,-0.164796633941094,-0.078397212543554,-0.1013289036544851,-0.0875281743050337,-0.144678979771328,-0.1624513618677042,-0.082581013019101,-0.127959053103007,0.0080275229357797,-0.0216683078565447,-0.0506590245692015,0.003296109336242,-0.0688610500003653,-0.0907619865342103,-0.145956607495069,Industrials,20.0,1.0,84,9.499870735285581,14300.0,14541.0,11.391571059558053,10.252523392677578,11.37922262907872,10.216800821360927
RTX,2016Q2,2016,Q2,0,1,0,0,14874.0,4133.0,10741.0,1796.0,1451.0,2854.0,2337.0,2112.0,1373.0,588.0,1961.0,89480.0,29090.0,88571.0,28353.0,0.0395320693828156,0.0975527766572542,0.2778674196584644,0.1571198063735377,0.0923087266370848,541.0,611.0,546.0,606.0,602.0,668.0,677.0,666.0,624.0,658.0,630.0,631.0,0.0405031069851014,0.0427272727272727,0.0395996518711923,0.037102798016286,0.0414001788047589,0.0393033654977641,0.046328611510299,0.0387412017916351,0.0423194303153611,0.03926248582851,0.0407450523864959,0.0394227164813195,-0.0893283536398702,-0.1095979247730221,-0.0831854480922803,-0.0297029702970297,-0.0158620689655172,-0.0842476489028213,-0.0958904109589041,-0.0916701902748414,-0.0596241088788075,-0.081799591002045,0.0654740746361848,0.0326179527821997,0.0067454670101376,0.0055790742550907,-0.0222578260937049,-0.0870577281191806,Industrials,20.0,2.0,85,9.607437230413831,13357.0,16333.0,11.401781591223335,10.278184126972656,11.391571059558053,10.252523392677578
RTX,2016Q3,2016,Q3,0,0,1,0,14386.0,4064.0,10322.0,1969.0,1387.0,2774.0,2095.0,2026.0,1484.0,582.0,2066.0,90062.0,29187.0,89480.0,29090.0,0.0404559988878075,0.09641317948005,0.2824968719588488,0.1456276935909912,0.1031558459613513,588.0,541.0,611.0,546.0,606.0,602.0,668.0,677.0,666.0,624.0,658.0,630.0,0.0395320693828156,0.0405031069851014,0.0427272727272727,0.0395996518711923,0.037102798016286,0.0414001788047589,0.0393033654977641,0.046328611510299,0.0387412017916351,0.0423194303153611,0.03926248582851,0.0407450523864959,0.0433710472874964,0.0895741556534508,0.0190571715145435,0.0659340659340659,-0.0187477891758047,-0.0899218071242398,-0.0434372049102926,0.053265306122449,0.0206033848417954,0.1678529062870699,0.0216251147712291,-0.0218212518977705,-0.0233031919336489,-0.1277521115410135,0.0442825287188781,0.0828092243186582,Industrials,20.0,3.0,86,9.574080300037034,14874.0,13788.0,11.408264704426676,10.281512944885511,11.401781591223335,10.278184126972656
RTX,2016Q4,2016,Q4,0,0,0,1,14691.0,4045.0,10646.0,2469.0,1843.0,2199.0,1576.0,1273.0,1011.0,626.0,1637.0,89706.0,27579.0,90062.0,29187.0,0.0426111224559253,0.1254509563678442,0.2753386427064189,0.1072765638826492,0.0688176434551766,582.0,588.0,541.0,611.0,546.0,606.0,602.0,668.0,677.0,666.0,624.0,658.0,0.0404559988878075,0.0395320693828156,0.0405031069851014,0.0427272727272727,0.0395996518711923,0.037102798016286,0.0414001788047589,0.0393033654977641,0.046328611510299,0.0387412017916351,0.0423194303153611,0.03926248582851,0.0273426573426573,-0.6915802318486882,0.109130792432136,0.0245499181669395,1.4819413092550788,3.020408163265306,5.844086021505376,-0.0006570918989955,0.134153846153846,-0.2414746543778801,-0.0027184106060013,0.1039684160370295,0.0796113492464465,2.913405264086439,-0.6997888037190281,-0.5790691694523014,Industrials,20.0,4.0,87,9.595058406939557,14386.0,14300.0,11.404304082906213,10.224846151347293,11.408264704426676,10.281512944885511
RTX,2017Q1,2017,Q1,1,0,0,0,13820.0,3764.0,10056.0,2028.0,1451.0,2802.0,1736.0,2054.0,1386.0,577.0,1963.0,90373.0,27594.0,89706.0,27579.0,0.0417510853835021,0.1049927641099855,0.2723589001447178,0.1256150506512301,0.1002894356005788,626.0,582.0,588.0,541.0,611.0,546.0,606.0,602.0,668.0,677.0,666.0,624.0,0.0426111224559253,0.0404559988878075,0.0395320693828156,0.0405031069851014,0.0427272727272727,0.0395996518711923,0.037102798016286,0.0414001788047589,0.0393033654977641,0.046328611510299,0.0387412017916351,0.0423194303153611,0.0346634723366026,0.163727959697733,0.01647312989468,0.0665434380776339,0.1535611362700699,-0.1074550128534704,0.1927990708478513,0.0416407706650092,0.0645634629493763,0.1535836177474403,0.0308119176847292,0.0288982760213327,-0.017580926483123,-0.1373572074300871,0.1247405468656019,0.1333718244803694,Industrials,20.0,1.0,88,9.533944453604027,14691.0,13357.0,11.411711894392932,10.225389875873601,11.404304082906213,10.224846151347293
RTX,2017Q2,2017,Q2,0,1,0,0,15285.0,4121.0,11164.0,2209.0,1590.0,2842.0,1912.0,2064.0,1439.0,619.0,2058.0,94793.0,28442.0,90373.0,27594.0,0.0404972194962381,0.1040235525024533,0.2696107294733398,0.1250899574746483,0.0941445861956166,577.0,626.0,582.0,588.0,541.0,611.0,546.0,606.0,602.0,668.0,677.0,666.0,0.0417510853835021,0.0426111224559253,0.0404559988878075,0.0395320693828156,0.0405031069851014,0.0427272727272727,0.0395996518711923,0.037102798016286,0.0414001788047589,0.0393033654977641,0.046328611510299,0.0387412017916351,0.0276321097216618,0.0480699198834668,-0.0029034599564481,0.0527210884353741,-0.0042046250875963,-0.181857081728712,-0.0227272727272727,0.0393818080253234,0.0957960027567195,0.2299554565701558,0.0244143584813709,0.0663310268239087,-0.0297144954787184,-0.2038562141729056,0.0198882556981803,0.0494645588985211,Industrials,20.0,2.0,89,9.63469265580283,13820.0,14874.0,11.459461395100904,10.255657363586069,11.411711894392932,10.225389875873601
RTX,2017Q3,2017,Q3,0,0,1,0,15038.0,3932.0,11106.0,2174.0,1582.0,2741.0,1758.0,1940.0,1330.0,592.0,1922.0,96352.0,29881.0,94793.0,28442.0,0.0393669370926985,0.1052001595956909,0.2614709402846123,0.1169038435962229,0.0884426120494746,619.0,577.0,626.0,582.0,588.0,541.0,611.0,546.0,606.0,602.0,668.0,677.0,0.0404972194962381,0.0417510853835021,0.0426111224559253,0.0404559988878075,0.0395320693828156,0.0405031069851014,0.0427272727272727,0.0395996518711923,0.037102798016286,0.0414001788047589,0.0393033654977641,0.046328611510299,0.0453218406784374,-0.1037735849056603,-0.0324803149606299,0.0171821305841923,-0.0118961788031722,-0.1608591885441527,-0.0424481737413623,0.0759542724278241,0.140591204037491,0.1041137633316404,-0.026919661485291,0.0911387858281251,-0.0744289008527477,-0.1972416735201609,-0.1426311206578554,-0.0696999031945788,Industrials,20.0,3.0,90,9.618402105931613,15285.0,14386.0,11.47577380983936,10.30501157141103,11.459461395100904,10.255657363586069
RTX,2017Q4,2017,Q4,0,0,0,1,15655.0,3860.0,11795.0,2350.0,1720.0,2535.0,1510.0,1705.0,397.0,630.0,1027.0,96920.0,29610.0,96352.0,29881.0,0.0402427339508144,0.1098690514212711,0.2465665921430852,0.0964548067709996,0.0253593101245608,592.0,619.0,577.0,626.0,582.0,588.0,541.0,611.0,546.0,606.0,602.0,668.0,0.0393669370926985,0.0404972194962381,0.0417510853835021,0.0426111224559253,0.0404559988878075,0.0395320693828156,0.0405031069851014,0.0427272727272727,0.0395996518711923,0.037102798016286,0.0414001788047589,0.0393033654977641,0.0656184058266966,-0.6073194856577646,-0.0457354758961681,0.0063897763578275,0.1527967257844475,-0.0418781725888325,0.3393558523173605,0.1079278602291939,-0.0667390124796527,-0.0481976508707978,-0.055581462505727,-0.1242071435540451,-0.1044969579297736,-0.1008771787609413,-0.6314998763205506,-0.3726328649969456,Industrials,20.0,4.0,91,9.658609509075912,15038.0,14691.0,11.481651492665101,10.295901192899562,11.47577380983936,10.30501157141103
RTX,2018Q1,2018,Q1,1,0,0,0,15215.0,3974.0,11241.0,2235.0,1681.0,2727.0,1739.0,1890.0,1297.0,554.0,1851.0,98779.0,30534.0,96920.0,29610.0,0.036411436082813,0.110483075911929,0.2611896155110089,0.1142951035162668,0.0852448241866579,630.0,592.0,619.0,577.0,626.0,582.0,588.0,541.0,611.0,546.0,606.0,602.0,0.0402427339508144,0.0393669370926985,0.0404972194962381,0.0417510853835021,0.0426111224559253,0.0404559988878075,0.0395320693828156,0.0405031069851014,0.0427272727272727,0.0395996518711923,0.037102798016286,0.0414001788047589,0.1009406657018814,-0.0642135642135641,0.0557917109458023,-0.0398613518197573,-0.0267665952890792,0.0017281105990782,-0.0798442064264849,0.1178400954653937,0.1585113714679531,0.1020710059171596,-0.1278924667860037,0.0522922874588966,-0.0410094350791331,-0.0901161690122075,-0.150011926219616,-0.0570555272542027,Industrials,20.0,1.0,92,9.630102784785171,15655.0,13820.0,11.500650434094617,10.326628845657234,11.481651492665101,10.295901192899562
RTX,2018Q2,2018,Q2,0,1,0,0,16704.0,4329.0,12375.0,2313.0,1724.0,3684.0,2016.0,2834.0,2048.0,589.0,2637.0,101569.0,31364.0,98779.0,30534.0,0.0352610153256705,0.1032088122605364,0.2591594827586206,0.1206896551724138,0.1226053639846743,554.0,630.0,592.0,619.0,577.0,626.0,582.0,588.0,541.0,611.0,546.0,606.0,0.036411436082813,0.0402427339508144,0.0393669370926985,0.0404972194962381,0.0417510853835021,0.0426111224559253,0.0404559988878075,0.0395320693828156,0.0405031069851014,0.0427272727272727,0.0395996518711923,0.037102798016286,0.0928361138370952,0.4232105628908964,0.0504731861198737,-0.0484652665589661,0.2962702322308232,0.0543933054393306,0.3730620155038759,0.1084736653529201,0.0842767295597484,0.0470801267541873,-0.1292978687352608,-0.0078322670425794,-0.0387642091808985,-0.0351771028711584,0.3023092345418672,0.28134110787172,Industrials,20.0,2.0,93,9.723463354790857,15215.0,15285.0,11.528503494933547,10.353447900530844,11.500650434094617,10.326628845657234
RTX,2018Q3,2018,Q3,0,0,1,0,16512.0,4002.0,12510.0,2256.0,1670.0,2684.0,1746.0,1768.0,1238.0,586.0,1824.0,114939.0,32106.0,101569.0,31364.0,0.0354893410852713,0.1011385658914728,0.2423691860465116,0.1057412790697674,0.0749757751937984,589.0,554.0,630.0,592.0,619.0,577.0,626.0,582.0,588.0,541.0,611.0,546.0,0.0352610153256705,0.036411436082813,0.0402427339508144,0.0393669370926985,0.0404972194962381,0.0417510853835021,0.0426111224559253,0.0404559988878075,0.0395320693828156,0.0405031069851014,0.0427272727272727,0.0395996518711923,0.0980183535044554,-0.0691729323308271,0.0178026449643946,-0.010135135135135,-0.0207953301714702,-0.0068259385665528,-0.088659793814433,0.1264181523500811,0.0556257901390644,0.0377184912603496,-0.0984987985805573,-0.0386082466017895,-0.0730549797132651,-0.0954850087308516,-0.1522663854403451,-0.0509885535900104,Industrials,20.0,3.0,94,9.711903228462988,16704.0,15038.0,11.652165532061732,10.376829353880446,11.528503494933547,10.353447900530844
RTX,2018Q4,2018,Q4,0,0,0,1,18054.0,4342.0,13712.0,2562.0,1829.0,2843.0,1780.0,1788.0,686.0,733.0,1419.0,134211.0,38446.0,114939.0,32106.0,0.0406004209593441,0.1013071895424836,0.2405007200620361,0.0985931095602082,0.0379971197518555,586.0,589.0,554.0,630.0,592.0,619.0,577.0,626.0,582.0,588.0,541.0,611.0,0.0354893410852713,0.0352610153256705,0.036411436082813,0.0402427339508144,0.0393669370926985,0.0404972194962381,0.0417510853835021,0.0426111224559253,0.0404559988878075,0.0395320693828156,0.0405031069851014,0.0427272727272727,0.1532417757904822,0.7279596977329974,0.1248704663212434,0.1634920634920635,0.121499013806706,0.1788079470198675,0.0486803519061582,0.1625264942772362,0.0633720930232557,0.0902127659574467,0.0088882382833861,-0.0779278765769874,-0.024601354256172,0.0221689603742121,0.4983498985272003,0.3816942551119766,Industrials,20.0,4.0,95,9.801177933711559,16512.0,15655.0,11.807175918300041,10.557035948482783,11.652165532061732,10.376829353880446
RTX,2019Q1,2019,Q1,1,0,0,0,18369.0,4718.0,13651.0,2660.0,1932.0,3214.0,2058.0,1822.0,1346.0,728.0,2074.0,137380.0,39738.0,134211.0,38446.0,0.0396319886765746,0.105177200718602,0.2568457727693397,0.1120365833741629,0.0732756274157548,733.0,586.0,589.0,554.0,630.0,592.0,619.0,577.0,626.0,582.0,588.0,541.0,0.0406004209593441,0.0354893410852713,0.0352610153256705,0.036411436082813,0.0402427339508144,0.0393669370926985,0.0404972194962381,0.0417510853835021,0.0426111224559253,0.0404559988878075,0.0395320693828156,0.0405031069851014,0.2072954321393361,0.0377794911333846,0.1872169099144438,0.3140794223826715,0.1785845251191786,0.183438757906843,-0.035978835978836,0.2143937372119917,0.1493158834027363,0.1901565995525727,0.0884489308918474,-0.048024325441089,-0.0166309932849766,-0.019760427810299,-0.1404096598838017,0.1204754186925987,Industrials,20.0,1.0,96,9.818474178209172,18054.0,15215.0,11.830513366821304,10.59008835222604,11.807175918300041,10.557035948482783
RTX,2019Q2,2019,Q2,0,1,0,0,11345.0,2791.0,8554.0,1507.0,902.0,2042.0,1284.0,1234.0,1900.0,605.0,2505.0,138990.0,40754.0,137380.0,39738.0,0.0533274570295284,0.0795063904803878,0.2460114587924195,0.1131776112825033,0.1674746584398413,728.0,733.0,586.0,589.0,554.0,630.0,592.0,619.0,577.0,626.0,582.0,588.0,0.0396319886765746,0.0406004209593441,0.0354893410852713,0.0352610153256705,0.036411436082813,0.0402427339508144,0.0393669370926985,0.0404972194962381,0.0417510853835021,0.0426111224559253,0.0404559988878075,0.0395320693828156,-0.3208213601532567,-0.072265625,-0.3552783552783553,0.0271646859083192,-0.4457111834961997,-0.3630952380952381,-0.5645730416372619,-0.3087676767676768,-0.4767981438515081,-0.3484651967142239,0.512363059798375,-0.2296550193825994,-0.0507333315618903,-0.062242649373544,0.3659651828999559,-0.0500568828213879,Industrials,20.0,2.0,97,9.336620537886512,18369.0,16704.0,11.842164461815134,10.615333810528558,11.830513366821304,10.59008835222604
RTX,2019Q3,2019,Q3,0,0,1,0,11393.0,2884.0,8509.0,1494.0,902.0,2433.0,1390.0,1317.0,1148.0,592.0,1740.0,139009.0,40468.0,138990.0,40754.0,0.0519617308873869,0.0791714210480119,0.2531378916878785,0.1220047397524796,0.1007636267883788,605.0,728.0,733.0,586.0,589.0,554.0,630.0,592.0,619.0,577.0,626.0,582.0,0.0533274570295284,0.0396319886765746,0.0406004209593441,0.0354893410852713,0.0352610153256705,0.036411436082813,0.0402427339508144,0.0393669370926985,0.0404972194962381,0.0417510853835021,0.0426111224559253,0.0404559988878075,-0.3100169573643411,-0.0726978998384491,-0.2793603198400799,0.0102389078498292,-0.0935171385991058,-0.2038946162657503,-0.2550904977375565,-0.31982414068745,-0.4598802395209581,-0.3377659574468085,0.4641503420009114,-0.2171985003923514,0.0444310013868691,0.1538042742227623,0.343949115936762,-0.0460526315789473,Industrials,20.0,3.0,98,9.34084218004034,11345.0,16512.0,11.842301151971139,10.608291527903145,11.842164461815134,10.615333810528558
RTX,2019Q4,2019,Q4,0,0,0,1,11705.0,2589.0,9116.0,1707.0,1039.0,1809.0,882.0,687.0,1143.0,668.0,1811.0,139615.0,41774.0,139009.0,40468.0,0.05671972048609782,0.0887654848355403,0.2211875266979923,0.0753524134985049,0.0976505766766339,592.0,605.0,728.0,733.0,586.0,589.0,554.0,630.0,592.0,619.0,577.0,626.0,0.0519617308873869,0.0533274570295284,0.0396319886765746,0.0406004209593441,0.0354893410852713,0.0352610153256705,0.036411436082813,0.0402427339508144,0.0393669370926985,0.0404972194962381,0.0417510853835021,0.0426111224559253,-0.3516672205605405,0.6661807580174928,-0.4037309995393827,-0.0886766712141883,-0.3637003165670066,-0.5044943820224719,-0.6157718120805369,-0.3351808634772462,-0.4319300164024057,-0.3337236533957846,0.4056412967021823,-0.1237987625911176,-0.0803040978798819,-0.2357233296056137,1.5699468095042983,0.2762508809020436,Industrials,20.0,4.0,99,9.367856809851165,11393.0,18054.0,11.846651075923337,10.640053353463594,11.842301151971139,10.608291527903145
RTX,2020Q1,2020,Q1,1,0,0,0,11389.0,2817.0,8572.0,1483.0,948.0,2198.0,1334.0,1131.0,-83.0,535.0,452.0,139572.0,39411.0,139615.0,41774.0,0.0469751514619369,0.0832382123101238,0.2473439283519185,0.1171305645798577,-0.007287733778207,668.0,592.0,605.0,728.0,733.0,586.0,589.0,554.0,630.0,592.0,619.0,577.0,0.05671972048609782,0.0519617308873869,0.0533274570295284,0.0396319886765746,0.0406004209593441,0.0354893410852713,0.0352610153256705,0.036411436082813,0.0402427339508144,0.0393669370926985,0.0404972194962381,0.0417510853835021,-0.3799880233001252,-1.061664190193165,-0.4029249682068673,-0.26510989010989,-0.3161169881767268,-0.3517978620019436,-0.3792535675082327,-0.3720606548970772,-0.5093167701863355,-0.4424812030075188,0.1852837324235163,-0.2085907236414781,-0.0369943578006802,0.0454671237936865,-1.0994564500534063,-0.7820636451301832,Industrials,20.0,1.0,100,9.340491056441229,11705.0,18369.0,11.846343040862212,10.581825617442366,11.846651075923337,10.640053353463594
RTX,2020Q2,2020,Q2,0,1,0,0,14088.0,2057.0,12031.0,2192.0,1497.0,-2653.0,-135.0,-3858.0,-3835.0,695.0,-3140.0,161517.0,67225.0,139572.0,39411.0,0.0493327654741624,0.1062606473594548,0.1460107893242475,-0.0095826235093696,-0.2722174900624645,535.0,668.0,592.0,605.0,728.0,733.0,586.0,589.0,554.0,630.0,592.0,619.0,0.0469751514619369,0.05671972048609782,0.0519617308873869,0.0533274570295284,0.0396319886765746,0.0406004209593441,0.0354893410852713,0.0352610153256705,0.036411436082813,0.0402427339508144,0.0393669370926985,0.0404972194962381,0.2417805200528866,-3.018421052631579,-0.2629881762809029,0.1487603305785123,-2.299216454456415,-1.105140186915888,-4.126418152350081,0.4064765022211831,0.6596452328159645,0.4545454545454546,-0.074908720158062,0.3365044836951389,-0.4064878520660735,-1.0846688969733638,-2.6254249603992945,-2.253493013972056,Industrials,20.0,2.0,101,9.553149630053277,11389.0,11345.0,11.992371870542549,11.115815356444799,11.846343040862212,10.581825617442366
RTX,2020Q3,2020,Q3,0,0,1,0,14784.0,1922.0,12862.0,1914.0,1272.0,1857.0,8.0,337.0,264.0,642.0,906.0,162399.0,68379.0,161517.0,67225.0,0.0434253246753246,0.086038961038961,0.1300054112554112,0.0005411255411255,0.0178571428571428,695.0,535.0,668.0,592.0,605.0,728.0,733.0,586.0,589.0,554.0,630.0,592.0,0.0493327654741624,0.0469751514619369,0.05671972048609782,0.0519617308873869,0.0533274570295284,0.0396319886765746,0.0406004209593441,0.0354893410852713,0.0352610153256705,0.036411436082813,0.0402427339508144,0.0393669370926985,0.2976389010796103,-0.7700348432055749,-0.3335644937586685,0.0844594594594594,-0.2367447595561035,-0.9942446043165468,-0.7441154138192863,0.5115759783758373,0.4101995565410199,0.2811244979919678,-0.1642825607669358,0.0867426642094049,-0.4864245317500345,-0.9955647170575228,-0.8227818566450971,-0.4793103448275861,Industrials,20.0,3.0,102,9.601368432286577,14088.0,11393.0,11.997817706709714,11.132835663193292,11.992371870542549,11.115815356444799
RTX,2020Q4,2020,Q4,0,0,0,1,16408.0,2209.0,14199.0,2023.0,1313.0,1557.0,186.0,37.0,135.0,710.0,845.0,162153.0,72163.0,162399.0,68379.0,0.0432715748415407,0.080021940516821,0.1346294490492442,0.0113359336908824,0.0082276938078985,642.0,695.0,535.0,668.0,592.0,605.0,728.0,733.0,586.0,589.0,554.0,630.0,0.0434253246753246,0.0493327654741624,0.0469751514619369,0.05671972048609782,0.0519617308873869,0.0533274570295284,0.0396319886765746,0.0406004209593441,0.0354893410852713,0.0352610153256705,0.036411436082813,0.0402427339508144,0.4017941050832978,-0.8818897637795275,-0.1467748165314794,0.0628742514970059,-0.1393034825870647,-0.7891156462585034,-0.9461426491994176,0.5575910487055726,0.2637151106833493,0.185120093731693,-0.2417757731733023,-0.0985016229553508,-0.3913334487750467,-0.8495611067440141,-0.915743520541161,-0.5334069574820541,Industrials,20.0,4.0,103,9.70558524377515,14784.0,11705.0,11.996301779948007,11.186696585572694,11.997817706709714,11.132835663193292
RTX,2021Q1,2021,Q1,1,0,0,0,15237.0,2720.0,12517.0,1769.0,1180.0,2638.0,951.0,1158.0,753.0,589.0,1342.0,160608.0,71710.0,162153.0,72163.0,0.0386559033930563,0.0774430662203845,0.1785128306097,0.0624138609962591,0.0494191770033471,710.0,642.0,695.0,535.0,668.0,592.0,605.0,728.0,733.0,586.0,589.0,554.0,0.0432715748415407,0.0434253246753246,0.0493327654741624,0.0469751514619369,0.05673562538963641,0.0519617308873869,0.0533274570295284,0.0396319886765746,0.0406004209593441,0.0354893410852713,0.0352610153256705,0.036411436082813,0.3378698744402493,-10.072289156626503,-0.0344337948171814,0.1009345794392524,0.200181983621474,-0.2871064467766117,0.0238726790450929,0.4602193187120857,0.2447257383966243,0.1928523263654753,-0.1770989088906185,-0.0696212223797889,-0.2782809272936194,-0.467142831419494,-7.781144661338799,1.9690265486725664,Industrials,20.0,1.0,104,9.631547587032955,16408.0,11389.0,11.986728118775185,11.180399431835866,11.996301779948007,11.186696585572694
RTX,2021Q2,2021,Q2,0,1,0,0,15860.0,3206.0,12654.0,1970.0,1313.0,2908.0,1236.0,1430.0,1032.0,657.0,1689.0,158838.0,71115.0,160608.0,71710.0,0.0414249684741488,0.0827868852459016,0.2021437578814628,0.0779319041614123,0.0650693568726355,589.0,710.0,642.0,695.0,535.0,668.0,592.0,605.0,728.0,733.0,586.0,589.0,0.0386559033930563,0.0432715748415407,0.0434253246753246,0.0493327654741624,0.0469751514619369,0.05675153029317502,0.0519617308873869,0.0533274570295284,0.0396319886765746,0.0406004209593441,0.0354893410852713,0.0352610153256705,0.1257808063600227,-1.2691003911342895,0.558580456976179,-0.0546762589928057,-2.096117602713909,-10.155555555555557,-1.370658372213582,0.0517828941900091,-0.1229124916499666,-0.1012773722627736,-0.1602950275340886,-0.2209073885475869,0.3844439771677435,-9.132627154266498,-1.239034445794443,-1.5378980891719745,Industrials,20.0,2.0,105,9.67161854490356,15237.0,14088.0,11.975646389581955,11.172067625636462,11.986728118775185,11.180399431835866
RTX,2021Q3,2021,Q3,0,0,1,0,16221.0,3136.0,13085.0,1890.0,1214.0,2969.0,1246.0,1476.0,1393.0,676.0,2069.0,158772.0,71308.0,158838.0,71115.0,0.0416743727267122,0.0748412551630602,0.1933296344245114,0.0768140065347389,0.0858763331483879,657.0,589.0,710.0,642.0,695.0,535.0,668.0,592.0,605.0,728.0,733.0,586.0,0.0414249684741488,0.0386559033930563,0.0432715748415407,0.0434253246753246,0.0493327654741624,0.0469751514619369,0.05676743519671362,0.0519617308873869,0.0533274570295284,0.0396319886765746,0.0406004209593441,0.0354893410852713,0.0971996753246753,4.276515151515151,0.631633714880333,0.0529595015576322,0.5988152934841142,154.75,3.379821958456973,0.0173378945731612,-0.0455974842767296,-0.012539184952978,-0.0403209869287936,-0.1301469211236773,0.4870891338876049,140.95228407619754,3.809074656309723,1.2836644591611477,Industrials,20.0,3.0,106,9.69412362463029,15860.0,14784.0,11.975230788150334,11.17477782564538,11.975646389581955,11.172067625636462
RTX,2021Q4,2021,Q4,0,0,0,1,17042.0,3435.0,13607.0,2201.0,1391.0,2331.0,1234.0,867.0,686.0,810.0,1496.0,161404.0,73068.0,158772.0,71308.0,0.0475296326722215,0.081621875366741,0.2015608496655322,0.0724093416265696,0.0402534913742518,676.0,657.0,589.0,710.0,642.0,695.0,535.0,668.0,592.0,605.0,728.0,733.0,0.0416743727267122,0.0414249684741488,0.0386559033930563,0.0432715748415407,0.0434253246753246,0.0493327654741624,0.0469751514619369,0.05678334010025221,0.0519617308873869,0.0533274570295284,0.0396319886765746,0.0406004209593441,0.038639687957094,4.0814814814814815,0.5550022634676324,0.1408450704225352,0.4971098265895954,5.634408602150538,22.43243243243243,-0.0416930769772518,0.0594059405940594,0.087988136431043,0.0984031167405796,0.0199937022220002,0.4971527484436637,5.387593964563197,3.892439159027587,0.7704142011834318,Industrials,20.0,4.0,107,9.743494841225237,16221.0,16408.0,11.991672013272472,11.199159479184567,11.975230788150334,11.17477782564538
RTX,2022Q1,2022,Q1,1,0,0,0,15716.0,3156.0,12560.0,2070.0,1435.0,2578.0,1086.0,1242.0,1084.0,635.0,1719.0,159366.0,72462.0,161404.0,73068.0,0.0404046831254772,0.091308220921354,0.200814456604734,0.0691015525579027,0.068974293713413,810.0,676.0,657.0,589.0,710.0,642.0,695.0,535.0,668.0,592.0,605.0,728.0,0.0475296326722215,0.0416743727267122,0.0414249684741488,0.0386559033930563,0.0432715748415407,0.0434253246753246,0.0493327654741624,0.0469751514619369,0.05679924500379081,0.0519617308873869,0.0533274570295284,0.0396319886765746,0.0314366345081051,0.4395750332005312,0.1602941176470589,0.0780984719864177,-0.0227445034116755,0.1419558359621451,0.0725388601036269,0.0034353279539824,0.2161016949152543,0.1701526286037309,0.0452396549794507,0.1790367476090435,0.1249301012082102,0.1071507427179438,0.3956989552606575,0.2809239940387482,Industrials,20.0,1.0,108,9.662498208076329,17042.0,15237.0,11.978964997556531,11.190831365744934,11.991672013272472,11.199159479184567
RTX,2022Q2,2022,Q2,0,1,0,0,16314.0,3458.0,12856.0,2122.0,1424.0,2817.0,1336.0,1498.0,1304.0,698.0,2002.0,159017.0,70441.0,159366.0,72462.0,0.0427853377467206,0.0872869927669486,0.211965183278166,0.0818928527644967,0.0799313473090597,635.0,810.0,676.0,657.0,589.0,710.0,642.0,695.0,535.0,668.0,592.0,605.0,0.0404046831254772,0.0475296326722215,0.0416743727267122,0.0414249684741488,0.0386559033930563,0.0432715748415407,0.0434253246753246,0.0493327654741624,0.0469751514619369,0.05681514990732942,0.0519617308873869,0.0533274570295284,0.0286254728877679,0.2635658914728682,0.0786026200873362,0.0624048706240487,-0.0312929848693259,0.0809061488673139,0.0475524475524475,0.0159633317528054,0.0845392231530846,0.0771573604060913,0.032839355651429,0.0543577344126469,0.0485863402344706,0.0508257644376364,0.2284022948853556,0.1853167554766133,Industrials,20.0,2.0,109,9.699840209027421,15716.0,15860.0,11.976772682342048,11.162544955165616,11.978964997556531,11.190831365744934
RTX,2022Q3,2022,Q3,0,0,1,0,16951.0,3487.0,13464.0,2053.0,1391.0,3010.0,1434.0,1637.0,1387.0,662.0,2049.0,158225.0,70187.0,159017.0,70441.0,0.0390537431419975,0.0820600554539555,0.2057105775470473,0.0845967789510943,0.0818240811751519,698.0,635.0,810.0,676.0,657.0,589.0,710.0,642.0,695.0,535.0,668.0,592.0,0.0427853377467206,0.0404046831254772,0.0475296326722215,0.0416743727267122,0.0414249684741488,0.0386559033930563,0.0432715748415407,0.0434253246753246,0.0493327654741624,0.0469751514619369,0.05683105481086801,0.0519617308873869,0.04500339066642,-0.0043072505384063,0.1119260204081633,-0.0207100591715976,0.0138093634220275,0.1508828250401284,0.1090785907859077,0.0289644631257164,0.1457990115321252,0.0862433862433862,-0.0628834800202045,0.0964548266215918,0.0640405862215101,0.1013197041458273,-0.0471870633581198,-0.0096665055582406,Industrials,20.0,3.0,110,9.738141099948136,16314.0,16221.0,11.971779669737296,11.158932635231027,11.976772682342048,11.162544955165616
RTX,2022Q4,2022,Q4,0,0,0,1,18093.0,3567.0,14526.0,2105.0,1389.0,2669.0,1462.0,1640.0,1422.0,716.0,2138.0,158864.0,72632.0,158225.0,70187.0,0.0395733156469352,0.0767700215552976,0.1971480683137124,0.0808047311114795,0.0785939313546675,662.0,698.0,635.0,810.0,676.0,657.0,589.0,710.0,642.0,695.0,535.0,668.0,0.0390537431419975,0.0427853377467206,0.0404046831254772,0.0475296326722215,0.0416743727267122,0.0414249684741488,0.0386559033930563,0.0432715748415407,0.0434253246753246,0.0493327654741624,0.0469751514619369,0.05684695971440661,0.0616711653561787,1.072886297376093,0.0384279475982531,-0.1160493827160493,0.145002145002145,0.1847649918962723,0.8915801614763552,0.0675387668112001,-0.0014378145219267,-0.0436165379373012,-0.1673969811665789,-0.0594430572642831,-0.0218930479760443,0.1159434583483267,0.9524748952569162,0.429144385026738,Industrials,20.0,4.0,111,9.803335670585687,16951.0,17042.0,11.975810063945879,11.193174642992942,11.971779669737296,11.158932635231027
RTX,2023Q1,2023,Q1,1,0,0,0,17214.0,3569.0,13645.0,1970.0,1363.0,3189.0,1599.0,1816.0,1426.0,607.0,2033.0,161636.0,72795.0,158864.0,72632.0,0.0352619960497269,0.0791797374230277,0.2073312420123155,0.0928895085395608,0.0828395492041361,716.0,662.0,698.0,635.0,810.0,676.0,657.0,589.0,710.0,642.0,695.0,535.0,0.0395733156469352,0.0390537431419975,0.0427853377467206,0.0404046831254772,0.0475296326722215,0.0416743727267122,0.0414249684741488,0.0386559033930563,0.0432715748415407,0.0434253246753246,0.0493327654741624,0.0469751514619369,0.0953168745227792,0.3154981549815498,0.1308618504435994,-0.0440944881889764,0.2370054305663305,0.4723756906077347,0.462157809983897,0.0863853503184712,-0.0501742160278745,-0.0483091787439613,-0.1272794804448677,-0.132830137045084,0.0324517742286285,0.3442463316829998,0.2010206229632878,0.1826643397324026,Industrials,20.0,1.0,112,9.753536375772624,18093.0,15716.0,11.993108359257741,11.195416287620297,11.975810063945879,11.193174642992942
RTX,2023Q2,2023,Q2,0,1,0,0,18315.0,3797.0,14518.0,2364.0,1635.0,2988.0,1433.0,1572.0,1327.0,729.0,2056.0,162161.0,72480.0,161636.0,72795.0,0.0398034398034398,0.0892710892710892,0.2073164073164073,0.0782418782418782,0.0724542724542724,607.0,716.0,662.0,698.0,635.0,810.0,676.0,657.0,589.0,710.0,642.0,695.0,0.0352619960497269,0.0395733156469352,0.0390537431419975,0.0427853377467206,0.0404046831254772,0.0475296326722215,0.0416743727267122,0.0414249684741488,0.0386559033930563,0.0432715748415407,0.0434253246753246,0.0493327654741624,0.1226553880102978,0.0176380368098159,0.0980335454019665,0.0444126074498567,0.060702875399361,0.0726047904191615,0.0493991989319091,0.129278158058494,0.1481741573033708,0.1140433553251649,-0.0696943883190301,0.0227307235734202,-0.0219317903528429,-0.0445823341032921,-0.0935437110283736,0.026973026973027,Industrials,20.0,2.0,113,9.815530273776986,17214.0,16314.0,11.996351114547604,11.191079737531176,11.993108359257741,11.195416287620297
RTX,2023Q3,2023,Q3,0,0,1,0,13464.0,714.0,12750.0,2113.0,1401.0,143.0,-1399.0,-1322.0,-984.0,712.0,-272.0,162443.0,69596.0,162161.0,72480.0,0.0528817587641117,0.1040552584670231,0.053030303030303,-0.1039067142008318,-0.0730837789661319,729.0,607.0,716.0,662.0,698.0,635.0,810.0,676.0,657.0,589.0,710.0,642.0,0.0398034398034398,0.0352619960497269,0.0395733156469352,0.0390537431419975,0.0427853377467206,0.0404046831254772,0.0475296326722215,0.0416743727267122,0.0414249684741488,0.0386559033930563,0.0432715748415407,0.0434253246753246,-0.2057105775470473,-1.7094448449891853,-0.7952394608546028,0.0755287009063443,-0.9524916943521596,-1.9755927475592747,-1.807574832009774,-0.0530303030303029,0.0071890726096333,0.0292255236239649,0.3540765752423831,0.2680378765452982,-0.7422091578242997,-2.2282585163307536,-1.893181786052561,-1.132747681795998,Industrials,20.0,3.0,114,9.5078490052457,18315.0,16951.0,11.998088605973786,11.150476741945255,11.996351114547604,11.191079737531176
RTX,2023Q4,2023,Q4,0,0,0,1,19927.0,4009.0,15918.0,2202.0,1445.0,3019.0,1807.0,1735.0,1426.0,757.0,2183.0,161869.0,59798.0,162443.0,69596.0,0.0379886586039042,0.0725146785768053,0.2011843227781402,0.0906809855974306,0.0715611983740653,712.0,729.0,607.0,716.0,662.0,698.0,635.0,810.0,676.0,657.0,589.0,710.0,0.0528817587641117,0.0398034398034398,0.0352619960497269,0.0395733156469352,0.0390537431419975,0.0427853377467206,0.0404046831254772,0.0475296326722215,0.0416743727267122,0.0414249684741488,0.0386559033930563,0.0432715748415407,0.1013651688498313,0.0028129395218001,0.1239136529296327,0.0572625698324023,0.1311352566504309,0.2359781121751025,0.0579268292682926,0.0958281701776124,0.0403167746580273,0.0460807600950119,-0.0400435752507828,-0.055429748387229,0.0204732133515253,0.1222237157416636,-0.0894818831350462,0.0210477081384472,Industrials,20.0,4.0,115,9.899881056942016,13464.0,18093.0,11.994548822928007,10.998744217390875,11.998088605973786,11.150476741945255
RTX,2024Q1,2024,Q1,1,0,0,0,19305.0,3561.0,15744.0,2063.0,1394.0,3330.0,1498.0,1851.0,1709.0,669.0,2378.0,160187.0,60485.0,161869.0,59798.0,0.0346542346542346,0.0722092722092722,0.1844599844599844,0.0775964775964776,0.0885262885262885,757.0,712.0,729.0,607.0,716.0,662.0,698.0,635.0,810.0,676.0,657.0,589.0,0.0379886586039042,0.0528817587641117,0.0398034398034398,0.0352619960497269,0.0395733156469352,0.0390537431419975,0.0427853377467206,0.0404046831254772,0.0475296326722215,0.0416743727267122,0.0414249684741488,0.0386559033930563,0.1214708957825025,0.1984572230014025,-0.0022415242364808,0.1021416803953871,0.044214487300094,-0.0631644777986241,0.019273127753304,0.1538292414803956,0.0227439471753485,0.0472081218274111,-0.0172355925238958,-0.0880334469476067,-0.1103126442997555,-0.1646367946555563,0.0686476372310873,0.1696999508116083,Industrials,20.0,1.0,116,9.86817120740856,19927.0,17214.0,11.984103404443733,11.010167212281997,11.994548822928007,10.998744217390875
RTX,2024Q2,2024,Q2,0,1,0,0,19721.0,3580.0,16141.0,2155.0,1449.0,1988.0,1425.0,428.0,111.0,706.0,817.0,161169.0,58985.0,160187.0,60485.0,0.0357994016530601,0.0734749759140003,0.1815323766543278,0.0722579990872673,0.0056285178236397,669.0,757.0,712.0,729.0,607.0,716.0,662.0,698.0,635.0,810.0,676.0,657.0,0.0346542346542346,0.0379886586039042,0.0528817587641117,0.0398034398034398,0.0352619960497269,0.0395733156469352,0.0390537431419975,0.0427853377467206,0.0404046831254772,0.0475296326722215,0.0416743727267122,0.0414249684741488,0.0767676767676768,-0.9163526752072344,-0.0571503818804318,-0.0315500685871056,-0.3346720214190094,-0.0055826936496859,-0.727735368956743,0.1117922578867611,-0.1137614678899082,-0.088409475465313,-0.100595279457068,-0.1769454532936296,-0.1243704297013392,-0.0764792370667815,-0.922316274348182,-0.602626459143969,Industrials,20.0,2.0,117,9.889490042892275,19305.0,18315.0,11.990214987516763,10.985055406594979,11.984103404443733,11.010167212281997
RTX,2024Q3,2024,Q3,0,0,1,0,20089.0,4034.0,16055.0,2140.0,1389.0,3548.0,1894.0,1906.0,1472.0,751.0,2223.0,164822.0,61114.0,161169.0,58985.0,0.0373836427895863,0.0691423166907262,0.2008064114689631,0.0942804519886505,0.0732739310070187,706.0,669.0,757.0,712.0,729.0,607.0,716.0,662.0,698.0,635.0,810.0,676.0,0.0357994016530601,0.0346542346542346,0.0379886586039042,0.0528817587641117,0.0398034398034398,0.0352619960497269,0.0395733156469352,0.0390537431419975,0.0427853377467206,0.0404046831254772,0.0475296326722215,0.0416743727267122,0.4920528817587641,-2.4959349593495936,4.649859943977591,0.0547752808988764,23.81118881118881,-2.3538241601143675,-2.441754916792738,0.2592156862745098,-0.0085653104925053,0.0127780407004258,-0.2930711144396201,-0.3355230892762751,2.786635187700447,-1.907356687330372,-2.0026018364618907,-9.172794117647058,Industrials,20.0,3.0,118,9.90797745780898,19721.0,13464.0,12.01262744982628,11.020512614211363,11.990214987516763,10.985055406594979
RTX,2024Q4,2024,Q4,0,0,0,1,21623.0,4235.0,17388.0,2382.0,1574.0,3661.0,1853.0,2009.0,1482.0,808.0,2290.0,162861.0,60156.0,164822.0,61114.0,0.0373676178143643,0.0727928594552097,0.1958562641631596,0.0856957868935855,0.0685381306941682,751.0,706.0,669.0,757.0,712.0,729.0,607.0,716.0,662.0,698.0,635.0,810.0,0.0373836427895863,0.0357994016530601,0.0346542346542346,0.0379886586039042,0.0528817587641117,0.0398034398034398,0.0352619960497269,0.0395733156469352,0.0390537431419975,0.0427853377467206,0.0404046831254772,0.0475296326722215,0.0851106538866863,0.0392706872370267,0.0563731603891244,0.0673712021136063,0.2126531964226565,0.0254565578306584,0.1579250720461096,0.0923482849604222,0.0892733564013841,0.0817438692098093,-0.0163480578773604,0.0038362009439198,-0.0264834682017258,-0.0549751270456674,-0.0422445088760934,0.0490151168117269,Industrials,20.0,4.0,119,9.981559087956283,20089.0,19927.0,12.000658495432026,11.004713090359044,12.01262744982628,11.020512614211363
RTX,2025Q1,2025,Q1,1,0,0,0,20306.0,4116.0,16190.0,2085.0,1448.0,3512.0,2031.0,1958.0,1535.0,637.0,2172.0,164864.0,61516.0,162861.0,60156.0,0.0313700384122919,0.0713089727174234,0.2026987097409632,0.1000196986112479,0.0755934206638432,808.0,751.0,706.0,669.0,757.0,712.0,729.0,607.0,716.0,662.0,698.0,635.0,0.0373676178143643,0.0373836427895863,0.0357994016530601,0.0346542346542346,0.0379886586039042,0.0528817587641117,0.0398034398034398,0.0352619960497269,0.0395733156469352,0.0390537431419975,0.0427853377467206,0.0404046831254772,0.0518518518518518,-0.101813926272674,0.155855096882898,-0.0478325859491778,0.0546546546546546,0.355807743658211,0.0578065910318745,0.0283282520325203,0.0387374461979914,0.0106640814348035,-0.0947704162192888,-0.0124679208681067,0.0988763245013468,0.288972150660975,-0.146090704555007,-0.0866274179983179,Industrials,20.0,1.0,120,9.918720933176717,21623.0,19305.0,12.01288223617111,11.027068838361103,12.000658495432026,11.004713090359044
RTX,2025Q2,2025,Q2,0,1,0,0,21581.0,4376.0,17205.0,2270.0,1573.0,3596.0,2106.0,2040.0,1657.0,697.0,2354.0,167139.0,62398.0,164864.0,61516.0,0.0322969278532042,0.0728881886844909,0.2027709559334599,0.0975858393957647,0.0767805013669431,637.0,808.0,751.0,706.0,669.0,757.0,712.0,729.0,607.0,716.0,662.0,698.0,0.0313700384122919,0.0373676178143643,0.0373836427895863,0.0357994016530601,0.0346542346542346,0.0379886586039042,0.0528817587641117,0.0398034398034398,0.0352619960497269,0.0395733156469352,0.0390537431419975,0.0427853377467206,0.0943157040718016,13.927927927927929,0.2223463687150837,-0.0127478753541075,0.8088531187122736,0.4778947368421053,3.766355140186916,0.0659190880366766,0.085576259489303,0.0533642691415312,-0.0978360988767137,-0.0079862187392362,0.1169960955206046,0.3505195359465807,12.641335742860232,1.8812729498164016,Industrials,20.0,2.0,121,9.97961491292368,20306.0,19721.0,12.026587063555427,11.041304528588082,12.01288223617111,11.027068838361103
RTX,2025Q3,2025,Q3,0,0,1,0,22478.0,4580.0,17898.0,2120.0,1436.0,3978.0,2460.0,2438.0,1918.0,684.0,2602.0,168672.0,64514.0,167139.0,62398.0,0.0304297535367915,0.0638846872497553,0.2037547824539549,0.1094403416674081,0.0853278761455645,697.0,637.0,808.0,751.0,706.0,669.0,757.0,712.0,729.0,607.0,716.0,662.0,0.0322969278532042,0.0313700384122919,0.0373676178143643,0.0373836427895863,0.0357994016530601,0.0346542346542346,0.0379886586039042,0.0528817587641117,0.0398034398034398,0.0352619960497269,0.0395733156469352,0.0390537431419975,0.1189208024291901,0.3029891304347827,0.1353495290034705,-0.0892143808255658,0.1211950394588501,0.2988384371700106,0.2791185729275971,0.114792899408284,0.0338372930165586,-0.0093457943925233,-0.1860142226356791,-0.0760406895893918,0.0146826536235751,0.1607956830816062,0.1645052336197328,0.1704903283850651,Industrials,20.0,3.0,122,10.020336819032421,21581.0,20089.0,12.035717208303646,11.074653033885946,12.026587063555427,11.041304528588082
