ticker,Year_Quarter,year,quarter,Q1,Q2,Q3,Q4,revenue,grossProfit,costOfRevenue,operatingExpenses,snaExpenses,ebitda,operatingIncome,incomeBeforeTax,netIncome,rnd,net_plus_rnd,totalAssets,totalEquity,totalAssets_lag1,totalEquity_lag1,rnd_to_rev_ratio,sna_to_rev_ratio,grossProfitRatio,operatingIncomeRatio,netIncomeRatio,rnd_lag1,rnd_lag2,rnd_lag3,rnd_lag4,rnd_lag5,rnd_lag6,rnd_lag7,rnd_lag8,rnd_lag9,rnd_lag10,rnd_lag11,rnd_lag12,rnd_to_rev_ratio_lag1,rnd_to_rev_ratio_lag2,rnd_to_rev_ratio_lag3,rnd_to_rev_ratio_lag4,rnd_to_rev_ratio_lag5,rnd_to_rev_ratio_lag6,rnd_to_rev_ratio_lag7,rnd_to_rev_ratio_lag8,rnd_to_rev_ratio_lag9,rnd_to_rev_ratio_lag10,rnd_to_rev_ratio_lag11,rnd_to_rev_ratio_lag12,revenue_yoy,netIncome_yoy,grossProfit_yoy,rnd_yoy,ebitda_yoy,operatingIncome_yoy,incomeBeforeTax_yoy,costOfRevenue_yoy,snaExpenses_yoy,operatingExpenses_yoy,rnd_to_rev_ratio_yoy,sna_to_rev_ratio_yoy,grossProfitRatio_yoy,operatingIncomeRatio_yoy,netIncomeRatio_yoy,net_plus_rnd_yoy,gics_sectors,gics_sector_code,quarter_int,time_idx,revenue_log,revenue_lag1,revenue_lag4,totalAssets_log,totalEquity_log,totalAssets_lag1_log,totalEquity_lag1_log
SLB,1995Q2,1995,Q2,0,1,0,0,1877.1,660.7,1216.4,464.1,262.8,400.3,196.6,197.2,166.9,0.0,166.9,8630.6,4745.4,8547.0,4678.9,0.0,0.1400031964200096,0.351979116722604,0.1047360289808747,0.0889137499334079,0.0,,,,,,,,,,,,0.0,,,,,,,,,,,,,,,,,,,,,,,,,,,,Energy,10.0,2.0,1,7.5380159064868915,1762.3,,9.063185166661311,8.465141714944433,9.053452616439039,8.451032021162035
SLB,1995Q3,1995,Q3,0,0,1,0,1918.8,668.6,1250.2,465.8,261.0,411.1,202.8,204.3,168.8,0.0,168.8,8612.6,4871.0,8630.6,4745.4,0.0,0.1360225140712945,0.3484469460079216,0.1056910569105691,0.0879716489472587,0.0,0.0,,,,,,,,,,,0.0,0.0,,,,,,,,,,,,,,,,,,,,,,,,,,,Energy,10.0,3.0,2,7.559976292929437,1877.1,,9.061097628501507,8.491259809389733,9.063185166661311,8.465141714944433
SLB,1995Q4,1995,Q4,0,0,0,1,2063.5,677.8,1385.7,487.8,278.5,399.3,190.0,194.5,166.7,0.0,166.7,8910.1,4964.0,8612.6,4871.0,0.0,0.134964865519748,0.3284710443421371,0.0920765689362733,0.0807850739035619,0.0,0.0,0.0,,,,,,,,,,0.0,0.0,0.0,,,,,,,,,,,,,,,,,,,,,,,,,,Energy,10.0,4.0,3,7.632643345326145,1918.8,,9.095052969634816,8.510168576479273,9.061097628501507,8.491259809389733
SLB,1996Q1,1996,Q1,1,0,0,0,2027.8,478.2,1549.6,269.2,158.4,426.0,209.0,209.0,170.9,110.8,281.7,8958.1,5087.8,8910.1,4964.0,0.0546404970904428,0.0781142124469868,0.2358220731827596,0.1030673636453299,0.0842785284544826,0.0,0.0,0.0,0.0,,,,,,,,,0.0,0.0,0.0,0.0,,,,,,,,,0.150655393519832,0.1641689373297001,-0.2346350832266325,,0.1513513513513513,0.2215078901227352,0.198394495412844,0.3622857142857141,-0.3783359497645212,-0.4066563808684152,,-0.4597304686211736,-0.3348443668854396,0.0615757741213611,0.0117442145458774,0.9189373297002724,Energy,10.0,1.0,4,7.615199764242907,2063.5,1762.3,9.100425054495325,8.534797325364595,9.095052969634816,8.510168576479273
SLB,1996Q2,1996,Q2,0,1,0,0,2150.8,518.8,1632.0,278.7,164.0,459.8,240.1,238.0,196.7,114.7,311.4,9207.1,5231.9,8958.1,5087.8,0.0533289938627487,0.0762506974149153,0.2412125720662079,0.1116328807885437,0.0914543425702064,110.8,0.0,0.0,0.0,0.0,,,,,,,,0.0546404970904428,0.0,0.0,0.0,0.0,,,,,,,,0.1458100261040968,0.1785500299580587,-0.214772211291055,,0.1486385211091681,0.2212614445574772,0.2068965517241379,0.3416639263400196,-0.3759512937595129,-0.3994828700711054,,-0.4553645962041946,-0.3146963538285473,0.0658498500924493,0.028573675485527,0.8657878969442778,Energy,10.0,2.0,5,7.674059980159809,2027.8,1877.1,9.12783881046438,8.562720896692198,9.100425054495325,8.534797325364595
SLB,1996Q3,1996,Q3,0,0,1,0,2261.8,510.1,1751.7,270.8,159.6,463.3,239.3,-94.2,228.8,111.2,340.0,9772.7,5422.6,9207.1,5231.9,0.0491643823503404,0.0705632681934742,0.2255283402599699,0.1058006897161552,0.1011583694402688,114.7,110.8,0.0,0.0,0.0,0.0,,,,,,,0.0533289938627487,0.0546404970904428,0.0,0.0,0.0,0.0,,,,,,,0.1787575568063373,0.3554502369668246,-0.2370625186957822,,0.1269764047676964,0.1799802761341222,-1.461086637298091,0.4011358182690769,-0.3885057471264368,-0.4186346071275225,,-0.4812383179707343,-0.3527613232263981,0.0010372950066999,0.1498973891113018,1.014218009478673,Energy,10.0,3.0,6,7.724358263469001,2150.8,1918.8,9.187450383681938,8.598515080588154,9.12783881046438,8.562720896692198
SLB,1996Q4,1996,Q4,0,0,0,1,2515.7,613.6,1902.1,290.5,174.7,547.6,323.1,323.0,255.1,115.8,370.9,10325.1,5626.4,9772.7,5422.6,0.0460309257860635,0.0694438923560042,0.2439082561513694,0.1284334380093016,0.1014031879794888,111.2,114.7,110.8,0.0,0.0,0.0,0.0,,,,,,0.0491643823503404,0.0533289938627487,0.0546404970904428,0.0,0.0,0.0,0.0,,,,,,0.2191422340683304,0.5302939412117578,-0.0947182059604602,,0.3713999499123466,0.7005263157894739,0.6606683804627249,0.3726636357075845,-0.3727109515260324,-0.4044690446904468,,-0.4854668873371101,-0.2574436610086296,0.394854733327336,0.2552218260088492,1.2249550089982004,Energy,10.0,4.0,7,7.830703798520359,2261.8,2063.5,9.24242994968478,8.635402802742949,9.187450383681938,8.598515080588154
SLB,1997Q1,1997,Q1,1,0,0,0,2402.1,619.3,1782.8,280.4,162.4,570.8,338.9,339.1,259.9,118.0,377.9,10338.5,5796.9,10325.1,5626.4,0.0491236834436534,0.0676075100953332,0.2578160775987677,0.141084884059781,0.108196994296657,115.8,111.2,114.7,110.8,0.0,0.0,0.0,0.0,,,,,0.0460309257860635,0.0491643823503404,0.0533289938627487,0.0546404970904428,0.0,0.0,0.0,0.0,,,,,0.1845842785284543,0.5207723815096545,0.2950648264324549,0.0649819494584837,0.3399061032863848,0.6215311004784687,0.622488038277512,0.1504904491481673,0.0252525252525253,0.0416047548291231,-0.1009656562541471,-0.1345043625548183,0.0932652491735281,0.3688608990259518,0.2838026040653085,0.3414980475683351,Energy,10.0,1.0,8,7.78451484951896,2515.7,2027.8,9.243726790993817,8.665251062006199,9.24242994968478,8.635402802742949
SLB,1997Q2,1997,Q2,0,1,0,0,2601.7,672.4,1929.3,289.2,170.3,621.1,383.2,384.6,306.5,118.9,425.4,10800.7,6017.2,10338.5,5796.9,0.0457008878810008,0.0654572010608448,0.2584464004304878,0.147288311488642,0.1178075873467348,118.0,115.8,111.2,114.7,110.8,0.0,0.0,0.0,0.0,,,,0.0491236834436534,0.0460309257860635,0.0491643823503404,0.0533289938627487,0.0546404970904428,0.0,0.0,0.0,0.0,,,,0.209642923563325,0.5582104728012203,0.2960678488820356,0.0366172624237139,0.3508046976946499,0.5960016659725114,0.6159663865546219,0.1821691176470588,0.0384146341463416,0.0376749192680301,-0.1430386255060441,-0.1415527558435055,0.0714466423398094,0.3193990018732666,0.2881573912829553,0.3660886319845857,Energy,10.0,2.0,9,7.864304646719854,2402.1,2150.8,9.287458808132472,8.702543490270202,9.243726790993817,8.665251062006199
SLB,1997Q3,1997,Q3,0,0,1,0,2736.2,735.2,2001.0,282.6,162.5,697.8,452.6,463.5,356.6,120.1,476.7000000000001,11503.4,6366.9,10800.7,6017.2,0.0438929902784884,0.0593889335574884,0.2686938089320956,0.1654118850961187,0.1303267305021563,118.9,118.0,115.8,111.2,114.7,110.8,0.0,0.0,0.0,0.0,,,0.0457008878810008,0.0491236834436534,0.0460309257860635,0.0491643823503404,0.0533289938627487,0.0546404970904428,0.0,0.0,0.0,0.0,,,0.2097444513219557,0.5585664335664335,0.441286022348559,0.0800359712230214,0.5061515216922079,0.8913497701629753,-5.920382165605095,0.1423188902209282,0.0181704260651629,0.0435745937961595,-0.1072197355046304,-0.1583590857122339,0.1913970928104567,0.5634291755553755,0.2883435273154595,0.4020588235294118,Energy,10.0,3.0,10,7.9146907790783425,2601.7,2261.8,9.35048484987095,8.75902502388333,9.287458808132472,8.702543490270202
SLB,1997Q4,1997,Q4,0,0,0,1,2907.7,783.8,2123.9,310.0,180.8,731.3,473.8,481.2,372.7,129.2,501.9,12096.7,7381.2,11503.4,6366.9,0.0444337448842727,0.0621797296832548,0.2695601334388004,0.1629466588712728,0.1281769095848952,120.1,118.9,118.0,115.8,111.2,114.7,110.8,0.0,0.0,0.0,0.0,,0.0438929902784884,0.0457008878810008,0.0491236834436534,0.0460309257860635,0.0491643823503404,0.0533289938627487,0.0546404970904428,0.0,0.0,0.0,0.0,,0.1558214413483325,0.4609956879655037,0.2773794002607561,0.1157167530224523,0.3354638422205989,0.4664190653048592,0.4897832817337462,0.116607959623574,0.0349170005724099,0.0671256454388984,-0.0346979964994381,-0.1046047741032389,0.1051701885462681,0.2687245735761716,0.2640323459142337,0.3531949312483149,Energy,10.0,4.0,11,7.975461524954364,2736.2,2515.7,9.40077063087221,8.906826976151683,9.35048484987095,8.75902502388333
SLB,1998Q1,1998,Q1,1,0,0,0,2800.1,764.6,2035.5,318.4,182.6,703.8,446.2,457.2,350.7,135.8,486.5,12262.0,6957.4,12096.7,7381.2,0.0484982679190029,0.0652119567158315,0.2730616763687011,0.1593514517338666,0.1252455269454662,129.2,120.1,118.9,118.0,115.8,111.2,114.7,110.8,0.0,0.0,0.0,0.0,0.0444337448842727,0.0438929902784884,0.0457008878810008,0.0491236834436534,0.0460309257860635,0.0491643823503404,0.0533289938627487,0.0546404970904428,0.0,0.0,0.0,0.0,0.1656883560218143,0.3493651404386302,0.2346197319554337,0.1508474576271188,0.2330063069376313,0.3166125700796696,0.3482748451784132,0.141743325106574,0.1243842364532019,0.1355206847360912,-0.012731446031891,-0.0354332436754986,0.0591336231313694,0.1294721812036621,0.1575693738965156,0.2873776131251655,Energy,10.0,1.0,12,7.9377674761579895,2907.7,2402.1,9.414341877762027,8.847704841843374,9.40077063087221,8.906826976151683
SLB,1998Q2,1998,Q2,0,1,0,0,2853.3,772.6,2080.7,326.9,185.8,709.2,445.7,458.9,359.4,141.1,500.5,12725.5,7246.0,12262.0,6957.4,0.049451512284022,0.0651175831493358,0.2707741912872813,0.1562050958539235,0.1259594154137314,135.8,129.2,120.1,118.9,118.0,115.8,111.2,114.7,110.8,0.0,0.0,0.0,0.0484982679190029,0.0444337448842727,0.0438929902784884,0.0457008878810008,0.0491236834436534,0.0460309257860635,0.0491643823503404,0.0533289938627487,0.0546404970904428,0.0,0.0,0.0,0.0967059999231272,0.1725938009787928,0.1490184414039264,0.1867115222876365,0.1418451135082918,0.1631002087682671,0.1931877275091003,0.0784740579484786,0.0910158543746328,0.1303596127247579,0.0820689613905805,-0.0051883964789953,0.0476996036170729,0.0605396604466408,0.0691961209850084,0.1765397273154678,Energy,10.0,2.0,13,7.956581908139711,2800.1,2601.7,9.45144171266417,8.888342869109282,9.414341877762027,8.847704841843374
SLB,1998Q3,1998,Q3,0,0,1,0,2932.4,351.0,2581.4,370.1,232.7,304.9,-19.1,-12.2,-29.5,137.4,107.9,16160.9,7951.7,12725.5,7246.0,0.0468558177601964,0.0793547947074068,0.1196971763743009,-0.0065134360933024,-0.0100600190969854,141.1,135.8,129.2,120.1,118.9,118.0,115.8,111.2,114.7,110.8,0.0,0.0,0.049451512284022,0.0484982679190029,0.0444337448842727,0.0438929902784884,0.0457008878810008,0.0491236834436534,0.0460309257860635,0.0491643823503404,0.0533289938627487,0.0546404970904428,0.0,0.0,0.0717052847014108,-1.082725743129557,-0.5225788900979326,0.1440466278101582,-0.5630553167096589,-1.0422006186478123,-1.0263214670981662,0.2900549725137431,0.4319999999999999,0.3096249115357394,0.0675011536673562,0.3361882417132722,-0.554522015784328,-1.0393770743227884,-1.0771907578608286,-0.7736521921543948,Energy,10.0,3.0,14,7.983917438812655,2853.3,2736.2,9.690411899421202,8.981266772631171,9.45144171266417,8.888342869109282
SLB,1998Q4,1998,Q4,0,0,0,1,2775.5,698.0,2077.5,368.4,231.1,620.8,329.6,333.0,277.8,137.3,415.1,16077.9,8119.1,16160.9,7951.7,0.0494685642226625,0.0832642767068996,0.2514862186993334,0.1187533777697712,0.1000900738605656,137.4,141.1,135.8,129.2,120.1,118.9,118.0,115.8,111.2,114.7,110.8,0.0,0.0468558177601964,0.049451512284022,0.0484982679190029,0.0444337448842727,0.0438929902784884,0.0457008878810008,0.0491236834436534,0.0460309257860635,0.0491643823503404,0.0533289938627487,0.0546404970904428,0.0,-0.0454654881865391,-0.2546283874429835,-0.1094667006889512,0.0626934984520126,-0.1511007794338849,-0.3043478260869565,-0.3079800498753117,-0.0218466029474081,0.2782079646017699,0.1883870967741934,0.1133107135467184,0.3390903616186511,-0.0670496579330799,-0.2712131774141753,-0.2191255493309182,-0.1729428172942816,Energy,10.0,4.0,15,7.928946420681662,2932.4,2907.7,9.685263132432826,9.002097748350828,9.690411899421202,8.981266772631171
SLB,1999Q1,1999,Q1,1,0,0,0,2306.5,365.9,1940.6,342.0,206.7,307.6,23.9,142.9,89.2,135.3,224.5,15793.3,8113.3,16077.9,8119.1,0.0586603078257099,0.0896163017559072,0.158638629958812,0.0103620203771948,0.0386733145458486,137.3,137.4,141.1,135.8,129.2,120.1,118.9,118.0,115.8,111.2,114.7,110.8,0.0494685642226625,0.0468558177601964,0.049451512284022,0.0484982679190029,0.0444337448842727,0.0438929902784884,0.0457008878810008,0.0491236834436534,0.0460309257860635,0.0491643823503404,0.0533289938627487,0.0546404970904428,-0.1762794185921931,-0.7456515540347876,-0.5214491237248235,-0.003681885125184,-0.5629440181869849,-0.9464365755266696,-0.6874453193350831,-0.0466224514861214,0.1319824753559693,0.0741206030150753,0.2095340791072932,0.3742311420959243,-0.4190373688887399,-0.9349737936840354,-0.6912199941265158,-0.5385405960945528,Energy,10.0,1.0,16,7.743919966377007,2775.5,2800.1,9.667404394432026,9.00138321621576,9.685263132432826,9.002097748350828
SLB,1999Q2,1999,Q2,0,1,0,0,2011.831,428.975,1582.856,328.139,201.785,369.706,100.836,152.544,127.287,126.354,253.641,15742.7,8144.8,15793.3,8113.3,0.06247599961500054,0.1002991801995296,0.2132261606466945,0.050121506229897,0.0632692308648191,135.3,137.3,137.4,141.1,135.8,129.2,120.1,118.9,118.0,115.8,111.2,114.7,0.0586603078257099,0.0494685642226625,0.0468558177601964,0.049451512284022,0.0484982679190029,0.0444337448842727,0.0438929902784884,0.0457008878810008,0.0491236834436534,0.0460309257860635,0.0491643823503404,0.0533289938627487,-0.2949108050327691,-0.6458347245409015,-0.4447644317887652,-0.1045074415308291,-0.4786999435984207,-0.7737581332735024,-0.6675877097406842,-0.2392675541884942,0.0860333692142087,0.0037901498929338,0.2700415278818577,0.5402779917293761,-0.2125314468376734,-0.6791301464532975,-0.497701456798585,-0.4932247752247751,Energy,10.0,2.0,17,7.607297467818363,2306.5,2853.3,9.66419556423244,9.005257735979628,9.667404394432026,9.00138321621576
SLB,1999Q3,1999,Q3,0,0,1,0,2249.3,504.4,1744.9,346.5,212.4,414.999,157.9,172.3,139.0,134.1,273.1,16359.4,8286.1,15742.7,8144.8,0.0596185479927088,0.09442937802872,0.224247543680256,0.0701996176588272,0.0617970035122037,126.354,135.3,137.3,137.4,141.1,135.8,129.2,120.1,118.9,118.0,115.8,111.2,0.06247599961500054,0.0586603078257099,0.0494685642226625,0.0468558177601964,0.049451512284022,0.0484982679190029,0.0444337448842727,0.0438929902784884,0.0457008878810008,0.0491236834436534,0.0460309257860635,0.0491643823503404,-0.232949120174601,-5.711864406779661,0.4370370370370369,-0.0240174672489084,0.3610987208920959,-9.267015706806282,-15.122950819672132,-0.3240489656775392,-0.0872367855608078,-0.0637665495811943,0.2723830431864582,0.1899643667014123,0.8734572566609198,-11.777662765588737,-7.142831630480895,1.531047265987025,Energy,10.0,3.0,18,7.7188188196437,2011.831,2932.4,9.702619059735595,9.022455367869274,9.66419556423244,9.005257735979628
SLB,1999Q4,1999,Q4,0,0,0,1,1664.9,299.0,1365.9,316.3,192.7,154.7,-17.3,2.3,11.3,123.6,134.9,15081.2,7721.028,16359.4,8286.1,0.06247599961500054,0.1157426872484833,0.179590365787735,-0.0103910144753438,0.0067871944260916,134.1,126.354,135.3,137.3,137.4,141.1,135.8,129.2,120.1,118.9,118.0,115.8,0.0596185479927088,0.06247599961500054,0.0586603078257099,0.0494685642226625,0.0468558177601964,0.049451512284022,0.0484982679190029,0.0444337448842727,0.0438929902784884,0.0457008878810008,0.0491236834436534,0.0460309257860635,-0.400144118176905,-0.9593232541396688,-0.5716332378223496,-0.0997815003641662,-0.7508054123711341,-1.0524878640776698,-0.9930930930930932,-0.3425270758122744,-0.1661618347035915,-0.1414223669923995,0.5007246355572446,0.3900641646826726,-0.285883867845475,-1.0875007908868837,-0.9321891356025293,-0.6750180679354372,Energy,10.0,4.0,19,7.418120796915671,2249.3,2775.5,9.621270519515406,8.951832302821234,9.702619059735595,9.022455367869274
SLB,2000Q1,2000,Q1,1,0,0,0,2137.442,503.819,1633.623,338.285,207.243,419.824,165.534,178.548,136.158,131.042,267.2,15172.481,7839.836,15081.2,7721.028,0.0613078623887806,0.0969584203922258,0.235711191227645,0.0774449084466385,0.0637013776280245,123.6,134.1,126.354,135.3,137.3,137.4,141.1,135.8,129.2,120.1,118.9,118.0,0.06247599961500054,0.0596185479927088,0.06247599961500054,0.0586603078257099,0.0494685642226625,0.0468558177601964,0.049451512284022,0.0484982679190029,0.0444337448842727,0.0438929902784884,0.0457008878810008,0.0491236834436534,-0.0732963364404942,0.5264349775784751,0.3769308554249797,-0.0314708056171471,0.3648374512353705,5.926108786610879,0.2494611616515045,-0.1581866433061939,0.0026269956458635,-0.0108625730994151,0.0451336629691239,0.0819283823641456,0.4858372849591783,6.473919721011373,0.6471662275676968,0.1902004454342984,Energy,10.0,1.0,20,7.667832805484805,1664.9,2306.5,9.627304512070687,8.967100740312658,9.621270519515406,8.951832302821234
SLB,2000Q2,2000,Q2,0,1,0,0,2338.266,544.13,1794.136,355.183,224.443,558.55,188.947,207.147,155.923,130.74,286.663,15622.814,7899.958,15172.481,7839.836,0.0559132280074208,0.0959869407501114,0.2327066296135683,0.080806460856036,0.0666831746259835,131.042,123.6,134.1,126.354,135.3,137.3,137.4,141.1,135.8,129.2,120.1,118.9,0.0613078623887806,0.06247599961500054,0.0596185479927088,0.06247599961500054,0.0586603078257099,0.0494685642226625,0.0468558177601964,0.049451512284022,0.0484982679190029,0.0444337448842727,0.0438929902784884,0.0457008878810008,0.1622576647839704,0.2249719138639452,0.2684422169124074,0.034711999620115,0.510795064186137,0.8738049902812488,0.3579491818753932,0.1334802407799571,0.1122878311073667,0.082416293095304,-0.1097395775725537,-0.042993765660295,0.0913605952843283,0.6122113426797955,0.0539589894566376,0.1301918853813066,Energy,10.0,2.0,21,7.757592483931712,2137.442,2011.831,9.656551567723747,8.974739296925792,9.627304512070687,8.967100740312658
SLB,2000Q3,2000,Q3,0,0,1,0,2447.272,593.091,1854.181,353.707,219.429,534.644,239.384,256.572,204.598,134.278,338.876,15722.009,8132.56,15622.814,7899.958,0.0548684412684818,0.0896626938076356,0.2423478060468963,0.0978166709707788,0.0836024765534848,130.74,131.042,123.6,134.1,126.354,135.3,137.3,137.4,141.1,135.8,129.2,120.1,0.0559132280074208,0.0613078623887806,0.06247599961500054,0.0596185479927088,0.0624909757332854,0.0586603078257099,0.0494685642226625,0.0468558177601964,0.049451512284022,0.0484982679190029,0.0444337448842727,0.0438929902784884,0.0880149379807049,0.4719280575539568,0.1758346550356859,0.0013273676360925,0.2883018995226494,0.5160481317289423,0.4891004062681368,0.0626288039429192,0.0330932203389831,0.0207994227994228,-0.0796749817658751,-0.0504788268290263,0.0807155434997699,0.3934074605102782,0.352856478501824,0.2408495056755766,Energy,10.0,3.0,22,7.803137748570945,2338.266,2249.3,9.662880459879958,9.003753991077314,9.656551567723747,8.974739296925792
SLB,2000Q4,2000,Q4,0,0,0,1,2688.482,598.88,2089.602,379.238,234.6,571.243,219.642,318.414,237.917,144.638,382.555,17172.731,8295.216,15722.009,8132.56,0.0537991327447979,0.0872611384416931,0.2227576751490246,0.0816974039625335,0.0884949201817233,134.278,130.74,131.042,123.6,134.1,126.354,135.3,137.3,137.4,141.1,135.8,129.2,0.0548684412684818,0.0559132280074208,0.0613078623887806,0.06247599961500054,0.0596185479927088,0.06250595185157028,0.0586603078257099,0.0494685642226625,0.0468558177601964,0.049451512284022,0.0484982679190029,0.0444337448842727,0.6148008889422787,20.054601769911503,1.002943143812709,0.1702103559870551,2.692585649644474,-13.696069364161849,137.44086956521738,0.5298352734460794,0.2174364296834459,0.1989819791337337,-0.2753221997830567,-0.2460764432196426,0.2403653958381642,-8.862312592903008,12.038512620402765,1.835841363973313,Energy,10.0,4.0,23,7.8971038889970915,2447.272,1664.9,9.751136227897929,9.023554786214582,9.662880459879958,9.003753991077314
SLB,2001Q1,2001,Q1,1,0,0,0,2909.434,714.695,2194.739,378.608,208.012,755.113,336.087,349.915,235.888,170.596,406.484,18222.966,8399.265,17172.731,8295.216,0.0586354596804739,0.0714956929767095,0.2456474352056104,0.1155162825484269,0.0810769379886259,144.638,134.278,130.74,131.042,123.6,134.1,126.354,135.3,137.3,137.4,141.1,135.8,0.0537991327447979,0.0548684412684818,0.0559132280074208,0.0613078623887806,0.0624909757332854,0.0596185479927088,0.06252092796985516,0.0586603078257099,0.0494685642226625,0.0468558177601964,0.049451512284022,0.0484982679190029,0.3611756482749007,0.7324578798160961,0.4185550763270143,0.3018421574762291,0.7986418118068526,1.0303200550944216,0.9597811232833748,0.3434794931266272,0.0037106199003102,0.1191983091180513,-0.0435898856065112,-0.2626149158836532,0.0421543157378947,0.4915929899771329,0.2727658491479359,0.5212724550898207,Energy,10.0,1.0,24,7.976057489938611,2688.482,2137.442,9.81049282001358,9.036018531952838,9.751136227897929,9.023554786214582
SLB,2001Q2,2001,Q2,0,1,0,0,3634.599,562.054,3072.545,508.042,334.833,538.527,54.012,4.643,-93.285,173.209,79.924,22687.771,8074.406,18222.966,8399.265,0.0476556010718101,0.0921237803675178,0.1546398928740144,0.0148605114346864,-0.0256658299856462,170.596,144.638,134.278,130.74,131.042,123.6,134.1,126.354,135.3,137.3,137.4,141.1,0.0586354596804739,0.0537991327447979,0.0548684412684818,0.0559132280074208,0.0613078623887806,0.06250595185157028,0.0596185479927088,0.06253590408814001,0.0586603078257099,0.0494685642226625,0.0468558177601964,0.049451512284022,0.5543992856244755,-1.5982760721638245,0.0329406575634498,0.3248355514762122,-0.0358481783188612,-0.7141420610012332,-0.9775859655220688,0.7125485470443713,0.4918397989690033,0.4303668812978098,-0.1476864640065996,-0.0402467289029531,-0.335472766157076,-0.8160974843192081,-1.384892143027117,-0.7211917826855925,Energy,10.0,2.0,25,8.198529163186816,2909.434,2338.266,10.029625411476598,8.9965784254647,9.81049282001358,9.036018531952838
SLB,2001Q3,2001,Q3,0,0,1,0,3665.166,953.48,2711.686,484.479,310.113,933.768,469.001,366.682,194.648,174.366,369.014,23064.036,8268.578,22687.771,8074.406,0.0475738343092782,0.0846109016617528,0.2601464708556174,0.1279617348845864,0.0531075536551414,173.209,170.596,144.638,134.278,130.74,131.042,123.6,134.1,126.354,135.3,137.3,137.4,0.0476556010718101,0.0586354596804739,0.0537991327447979,0.0548684412684818,0.0559132280074208,0.0613078623887806,0.06252092796985516,0.0596185479927088,0.0625508802064249,0.0586603078257099,0.0494685642226625,0.0468558177601964,0.4976537140129908,-0.0486319514364754,0.607645369766191,0.2985448100210013,0.7465229199242862,0.95919944524279,0.4291582869525903,0.462471031684609,0.4132726303268939,0.3697184392731838,-0.1329472241339913,-0.0563421857112725,0.073442648807297,0.3081792051869445,-0.3647609993806137,0.0889351857316542,Energy,10.0,3.0,26,8.206901708334673,3634.599,2447.272,10.046073156797119,9.020338758904407,10.029625411476598,8.9965784254647
SLB,2001Q4,2001,Q4,0,0,0,1,3629.448,966.65,2662.798,464.085,277.92,1030.376,502.565,404.946,184.966,186.165,371.131,22326.367,8378.481,23064.036,8268.578,0.05129292388264,0.0765736277252078,0.2663352664096579,0.13846871480181,0.050962570616799,174.366,173.209,170.596,144.638,134.278,130.74,131.042,123.6,134.1,126.354,135.3,137.3,0.0475738343092782,0.0476556010718101,0.0586354596804739,0.0537991327447979,0.0548684412684818,0.0559132280074208,0.0613078623887806,0.06253590408814001,0.0596185479927088,0.06256585632470978,0.0586603078257099,0.0494685642226625,0.3499989957157978,-0.2225608090216335,0.6140963131178199,0.2871098881345151,0.8037437657879394,1.2881097422168803,0.2717594075637379,0.2743086961057654,0.1846547314578006,0.223730216908643,-0.0465845587891994,-0.1224773238963251,0.1956277880503103,0.6948973662040958,-0.4241186893875044,-0.0298623727307185,Energy,10.0,4.0,27,8.197111335621733,3665.166,2688.482,10.013568424760544,9.033541258383966,10.046073156797119,9.020338758904407
SLB,2002Q1,2002,Q1,1,0,0,0,3309.356,709.266,2600.09,417.701,257.01,654.775,291.565,243.149,172.472,160.691,333.163,22087.959,8447.768,22326.367,8378.481,0.0485565771709057,0.0776616356777572,0.2143214571052494,0.0881032442565864,0.0521164842948295,186.165,174.366,173.209,170.596,144.638,134.278,130.74,131.042,123.6,134.1,126.354,135.3,0.05129292388264,0.0475738343092782,0.0476556010718101,0.0586354596804739,0.0537991327447979,0.0548684412684818,0.0559132280074208,0.0613078623887806,0.0625508802064249,0.0596185479927088,0.06258083244299463,0.0586603078257099,0.1374569761678732,-0.2688394492301431,-0.0075962473502684,-0.0580611503200544,-0.1328781255255836,-0.1324716516854266,-0.3051198148121686,0.1846921205665002,0.2355537180547275,0.1032545535223767,-0.1718905686847461,0.086242155916389,-0.127524140743178,-0.2373088683870026,-0.3571971810018178,-0.1803785634858937,Energy,10.0,1.0,28,8.104811015457804,3629.448,2909.434,10.00283316990762,9.04177591090497,10.013568424760544,9.033541258383966
SLB,2002Q2,2002,Q2,0,1,0,0,3388.561,751.066,2637.495,424.489,258.691,718.717,326.577,268.34,196.035,165.798,361.833,22848.362,8516.266,22087.959,8447.768,0.0489287340555474,0.0763424356238533,0.2216474780887816,0.0963763084093808,0.0578519908598369,160.691,186.165,174.366,173.209,170.596,144.638,134.278,130.74,131.042,123.6,134.1,126.354,0.0485565771709057,0.05129292388264,0.0475738343092782,0.0476556010718101,0.0586354596804739,0.0537991327447979,0.0548684412684818,0.0559132280074208,0.0613078623887806,0.06256585632470978,0.0596185479927088,0.06259580856127951,-0.0676932998660925,-3.101463257758482,0.3362879723300609,-0.0427864602878603,0.3345978938846148,5.046378582537214,56.79452939909541,-0.1415927187396768,-0.2274029142886157,-0.1644608122950465,0.0267152854041001,-0.1713058743432649,0.4333137068929458,5.485396470570008,-3.254047147206653,3.5272133526850498,Energy,10.0,2.0,29,8.128455693463764,3309.356,3634.599,10.036678474707163,9.049850676307722,10.00283316990762,9.04177591090497
SLB,2002Q3,2002,Q3,0,0,1,0,3542.287,763.636,2778.651,437.821,271.589,732.526,325.815,227.577,172.837,166.232,339.069,22408.368,8701.687,22848.362,8516.266,0.0469278745623943,0.0766705238734185,0.2155771116230841,0.0919787131872714,0.0487924891461363,165.798,160.691,186.165,174.366,173.209,170.596,144.638,134.278,130.74,131.042,123.6,134.1,0.0489287340555474,0.0485565771709057,0.05129292388264,0.0475738343092782,0.0476556010718101,0.0586354596804739,0.0537991327447979,0.0548684412684818,0.0559132280074208,0.0613078623887806,0.06258083244299463,0.0596185479927088,-0.0335261758948981,-0.1120535530804324,-0.1991064311784202,-0.0466490026725394,-0.2155160596636424,-0.3052999886993844,-0.3793614085229163,0.0246949683702315,-0.1242256854759393,-0.0963055158221511,-0.0135780467616825,-0.0938458003919802,-0.1713240970978593,-0.2812014211105333,-0.0812514268125637,-0.0811486827058053,Energy,10.0,3.0,30,8.172810106382954,3388.561,3665.166,10.017234364701626,9.071387107532868,10.036678474707163,9.049850676307722
SLB,2002Q4,2002,Q4,0,0,0,1,3300.513,-2442.508,5743.021,435.775,278.458,-2495.291,-2878.283,-2969.352,-2861.339,157.317,-2704.022,19435.195,5606.138,22408.368,8701.687,0.0476644085328553,0.0843680967170861,-0.74003889698359,-0.8720714022335315,-0.8669376548433532,166.232,165.798,160.691,186.165,174.366,173.209,170.596,144.638,134.278,130.74,131.042,123.6,0.0469278745623943,0.0489287340555474,0.0485565771709057,0.05129292388264,0.0475738343092782,0.0476556010718101,0.0586354596804739,0.0537991327447979,0.0548684412684818,0.0559132280074208,0.0613078623887806,0.06259580856127951,-0.0906294841529621,-16.46954034795584,-3.526775978896188,-0.1549593102892594,-3.4217285728704865,-6.72718553818909,-8.332711028137084,1.1567617971772548,0.0019358088658607,-0.0610017561438098,-0.0707410511065196,0.1017905148734699,-3.7785989702366902,-7.297967042459556,-18.011262272503586,-8.285896354656442,Energy,10.0,4.0,31,8.102136127230994,3542.287,3629.448,9.87489232840405,8.631795707912827,10.017234364701626,9.071387107532868
SLB,2003Q1,2003,Q1,1,0,0,0,3373.002,722.929,2650.073,416.155,253.793,693.286,306.774,218.16,149.162,162.362,311.524,19243.88,5608.212,19435.195,5606.138,0.0481357556265902,0.0752424694678509,0.2143280674010866,0.0909498423066455,0.0442223277661857,157.317,166.232,165.798,160.691,186.165,174.366,173.209,170.596,144.638,134.278,130.74,131.042,0.0476644085328553,0.0469278745623943,0.0489287340555474,0.0485565771709057,0.05129292388264,0.0475738343092782,0.0476556010718101,0.0586354596804739,0.0537991327447979,0.0548684412684818,0.0559132280074208,0.0613078623887806,0.0192321406340085,-0.1351523725590241,0.019263576711699,0.0103988400097079,0.0588156236875261,0.0521633255020321,-0.1027723741409588,0.0192235653381227,-0.0125170226839421,-0.0037012121110556,-0.008666622913604,-0.0311500805873342,3.0842902649208526e-05,0.0323097982835773,-0.1514713940408104,-0.0649501895468585,Energy,10.0,1.0,32,8.123854855873965,3300.513,3309.356,9.865000330312592,8.632165525192717,9.87489232840405,8.631795707912827
SLB,2003Q2,2003,Q2,0,1,0,0,3554.741,782.441,2772.3,407.2,258.149,829.373,375.241,204.138,112.122,149.051,261.173,20992.706,5700.365,19243.88,5608.212,0.0419301996966867,0.0726210432771332,0.2201119575237689,0.1055607145499489,0.0315415384693287,162.362,157.317,166.232,165.798,160.691,186.165,174.366,173.209,170.596,144.638,134.278,130.74,0.0481357556265902,0.0476644085328553,0.0469278745623943,0.0489287340555474,0.0485565771709057,0.05129292388264,0.0475738343092782,0.0476556010718101,0.0586354596804739,0.0537991327447979,0.0548684412684818,0.0559132280074208,0.049041466274327,-0.4280511133216007,0.0417739586134906,-0.1010084560730528,0.1539632428341057,0.1490123309357365,-0.2392561675486322,0.0511109973668197,-0.0020951637281543,-0.040728970597589,-0.1430352633059229,-0.0487460521308974,-0.0069277601453132,0.0952973432179531,-0.4547890573766574,-0.2781946367523138,Energy,10.0,2.0,33,8.176318759335555,3373.002,3388.561,9.951977957496544,8.648460898837607,9.865000330312592,8.632165525192717
SLB,2003Q3,2003,Q3,0,0,1,0,3537.646,373.398,3164.248,418.725,262.53,365.522,-45.327,-207.581,-55.323,156.195,100.872,19016.922,5681.592,20992.706,5700.365,0.0441522413491909,0.0742103647453702,0.1055498486846903,-0.0128127574098708,-0.015638365172773,149.051,162.362,157.317,166.232,165.798,160.691,186.165,174.366,173.209,170.596,144.638,134.278,0.0419301996966867,0.0481357556265902,0.0476644085328553,0.0469278745623943,0.0489287340555474,0.0485565771709057,0.05129292388264,0.0475738343092782,0.0476556010718101,0.0586354596804739,0.0537991327447979,0.0548684412684818,-0.0013101705197798,-1.3200877127004056,-0.5110261957267599,-0.0603794696568651,-0.5010115681900711,-1.1391188251001334,-1.912135233349592,0.138771295855435,-0.0333555482733101,-0.0436159983189476,-0.0591467915196739,-0.0320874177423121,-0.5103847162159122,-1.1393013336007831,-1.3205076323516771,-0.7025030303566531,Energy,10.0,3.0,34,8.171499447085735,3554.741,3542.287,9.853137076713336,8.645162745652835,9.951977957496544,8.648460898837607
SLB,2003Q4,2003,Q4,0,0,0,1,3650.841,776.736,2874.105,343.065,242.138,792.555,433.671,242.625,177.041,100.927,277.968,20041.326,5881.289,19016.922,5681.592,0.0276448631972742,0.0663238963296402,0.2127553623945825,0.118786602867668,0.0484932101945825,156.195,149.051,162.362,157.317,166.232,165.798,160.691,186.165,174.366,173.209,170.596,144.638,0.0441522413491909,0.0419301996966867,0.0481357556265902,0.0476644085328553,0.0469278745623943,0.0489287340555474,0.0485565771709057,0.05129292388264,0.0475738343092782,0.0476556010718101,0.0586354596804739,0.0537991327447979,0.1061434995105305,-1.0618734795143112,-1.318007556167677,-0.3584482287356102,-1.317620269539705,-1.150670034878433,-1.0817097467730332,-0.499548234282967,-0.1304325966573056,-0.2127474040502552,-0.420010358919727,-0.213874688295435,-1.2874921348888235,-1.1362120149375776,-1.0559362140099275,-1.102797980193948,Energy,10.0,4.0,35,8.202986702979548,3537.646,3300.513,9.905601616327719,8.679701250854933,9.853137076713336,8.645162745652835
SLB,2004Q1,2004,Q1,1,0,0,0,3041.217,677.109,2364.108,270.757,140.616,707.399,406.352,186.097,220.286,130.141,350.427,17336.304,5717.684,20041.326,5881.289,0.0427924084338605,0.0462367532471375,0.2226440928088985,0.1336149311279004,0.072433502772081,100.927,156.195,149.051,162.362,157.317,166.232,165.798,160.691,186.165,174.366,173.209,170.596,0.0276448631972742,0.0441522413491909,0.0419301996966867,0.0481357556265902,0.0476644085328553,0.0469278745623943,0.0489287340555474,0.0485565771709057,0.05129292388264,0.0475738343092782,0.0476556010718101,0.0586354596804739,-0.0983648986866891,0.4768238559418618,-0.0633810512512292,-0.1984516081349084,0.0203566781963,0.3245972605240339,-0.1469701136780343,-0.1079083481851254,-0.4459421654655565,-0.3493842438514495,-0.1110057819426441,-0.3854966008672361,0.0388004497434746,0.46910569319522,0.6379396207964154,0.1248796240418075,Energy,10.0,1.0,36,8.020341804923302,3650.841,3373.002,9.76061575958442,8.651493987973627,9.905601616327719,8.679701250854933
SLB,2004Q2,2004,Q2,0,1,0,0,2881.375,630.843,2250.532,219.126,93.745,707.599,411.717,333.124,355.607,125.381,480.98800000000006,15734.583,5872.286,17336.304,5717.684,0.0435142943906988,0.0325348141078478,0.218938180556158,0.1428890720576113,0.1234157303370786,130.141,100.927,156.195,149.051,162.362,157.317,166.232,165.798,160.691,186.165,174.366,173.209,0.0427924084338605,0.0276448631972742,0.0441522413491909,0.0419301996966867,0.0481357556265902,0.0476644085328553,0.0469278745623943,0.0489287340555474,0.0485565771709057,0.05129292388264,0.0475738343092782,0.0476556010718101,-0.1894275841756122,2.171607713026882,-0.1937500718904046,-0.1588047044300272,-0.1468265786322921,0.0972068617235324,0.6318568811294321,-0.1882076254373624,-0.6368570089366994,-0.4618713163064832,0.0377793262486487,-0.5519919208033149,-0.0053326360858162,0.3536197880699219,2.912799956067117,0.8416451930329707,Energy,10.0,2.0,37,7.966369886068487,3041.217,3554.741,9.663679859971964,8.67816955176575,9.76061575958442,8.651493987973627
SLB,2004Q3,2004,Q3,0,0,1,0,2966.37,641.873,2324.497,217.971,96.7,750.017,423.902,380.196,318.205,121.271,439.476,15655.475,5924.556,15734.583,5872.286,0.0408819533638757,0.0325987654945269,0.216383323725631,0.1429026048672283,0.1072708394434949,125.381,130.141,100.927,156.195,149.051,162.362,157.317,166.232,165.798,160.691,186.165,174.366,0.0435142943906988,0.0427924084338605,0.0276448631972742,0.0441522413491909,0.0419301996966867,0.0481357556265902,0.0476644085328553,0.0469278745623943,0.0489287340555474,0.0485565771709057,0.05129292388264,0.0475738343092782,-0.161484783949553,-6.7517668962276085,0.7190049223616624,-0.2235923044911808,1.051906588385925,-10.352085953184636,-2.8315549110949463,-0.2653872262856768,-0.6316611434883632,-0.4794411606663085,-0.0740684478382696,-0.5607248986529104,1.0500581139820877,-12.153149965762807,-7.859466335410625,3.3567689745419944,Energy,10.0,3.0,38,7.995431317605104,2881.375,3537.646,9.658639848421496,8.687029801263114,9.663679859971964,8.67816955176575
SLB,2004Q4,2004,Q4,0,0,0,1,2914.593,586.316,2328.277,213.245,105.115,702.44,373.071,456.981,329.772,108.13,437.902,16000.777,6116.737,15655.475,5924.556,0.0370995195555605,0.0360650698056298,0.2011656516021276,0.1280010622409372,0.1131451286680507,121.271,125.381,130.141,100.927,156.195,149.051,162.362,157.317,166.232,165.798,160.691,186.165,0.0408819533638757,0.0435142943906988,0.0427924084338605,0.0276448631972742,0.0441522413491909,0.0419301996966867,0.0481357556265902,0.0476644085328553,0.0469278745623943,0.0489287340555474,0.0485565771709057,0.05129292388264,-0.2016653149233286,0.8626871741573985,-0.2451540806657602,0.0713684147948516,-0.1137018881970335,-0.139737266268669,0.8834868624420402,-0.189912337927807,-0.5658880473118635,-0.3784122542375351,0.3420040927971934,-0.4562281198562169,-0.0544743533700468,0.0775715371163063,1.3332158917515995,0.5753683877280837,Energy,10.0,4.0,39,7.97782850862714,2966.37,3650.841,9.680455057554935,8.718947535882299,9.658639848421496,8.687029801263114
SLB,2005Q1,2005,Q1,1,0,0,0,3347.664,942.532,2405.132,216.704,95.484,1054.293,725.828,679.266,523.409,121.22,644.629,16402.81,6477.258,16000.777,6116.737,0.0362103245725974,0.0285225757423684,0.2815491638348412,0.2168162635198753,0.1563505178536436,108.13,121.271,125.381,130.141,100.927,156.195,149.051,162.362,157.317,166.232,165.798,160.691,0.0370995195555605,0.0408819533638757,0.0435142943906988,0.0427924084338605,0.0276448631972742,0.0441522413491909,0.0419301996966867,0.0481357556265902,0.0476644085328553,0.0469278745623943,0.0489287340555474,0.0485565771709057,0.1007645952261875,1.376042962330788,0.3919944942394799,-0.068548727918181,0.4903795453485231,0.7862050635901878,2.650064213823973,0.0173528451322866,-0.3209592080559823,-0.1996365744929955,-0.1538142886123419,-0.383118974857211,0.2645705542095946,0.6226948716706813,1.1585386854148898,0.839552888333376,Energy,10.0,1.0,40,8.116316739304713,2914.593,3041.217,9.705268903904027,8.776206926045328,9.680455057554935,8.718947535882299
SLB,2005Q2,2005,Q2,0,1,0,0,3428.632,881.948,2546.684,227.096,105.461,981.368,654.852,650.635,482.201,121.635,603.836,16892.618,6754.285,16402.81,6477.258,0.0354762482529475,0.0307589149258363,0.2572302889315622,0.1909951257527783,0.1406394737026312,121.22,108.13,121.271,125.381,130.141,100.927,156.195,149.051,162.362,157.317,166.232,165.798,0.0362103245725974,0.0370995195555605,0.0408819533638757,0.0435142943906988,0.0427924084338605,0.0276448631972742,0.0441522413491909,0.0419301996966867,0.0481357556265902,0.0476644085328553,0.0469278745623943,0.0489287340555474,0.1899291137043945,0.3559941171011818,0.3980467406311871,-0.0298769351018096,0.3868985117276875,0.5905391324623468,0.9531315666238396,0.1315919969145074,0.1249773321243798,0.0363717678413333,-0.1847219689599165,-0.05458458057036,0.1748991805729476,0.3366671292803354,0.1395587363013637,0.2554076193169059,Energy,10.0,2.0,41,8.140208245774412,3347.664,2881.375,9.73469119645372,8.818080440473937,9.705268903904027,8.776206926045328
SLB,2005Q3,2005,Q3,0,0,1,0,3778.194,1020.884,2757.31,229.944,101.678,1128.047,790.94,740.303,540.803,128.266,669.069,17235.556,7276.117,16892.618,6754.285,0.0339490243222026,0.0269117996587787,0.2702042298516169,0.2093434058706355,0.1431379648583423,121.635,121.22,108.13,121.271,125.381,130.141,100.927,156.195,149.051,162.362,157.317,166.232,0.0354762482529475,0.0362103245725974,0.0370995195555605,0.0408819533638757,0.0435142943906988,0.0427924084338605,0.0276448631972742,0.0441522413491909,0.0419301996966867,0.0481357556265902,0.0476644085328553,0.0469278745623943,0.2736759069165344,0.6995427475998177,0.5904766207645438,0.0576807315846326,0.504028575352292,0.8658557874225647,0.9471614640869446,0.1861964115247298,0.0514788004136503,0.0549293254607263,-0.1695840944772273,-0.1744534110257334,0.2487294547440708,0.4649376480235461,0.3343604431634985,0.5224244327335281,Energy,10.0,3.0,42,8.237266038364188,3428.632,2966.37,9.754787756279965,8.892490046271979,9.73469119645372,8.818080440473937
SLB,2005Q4,2005,Q4,0,0,0,1,3708.472,796.872,2911.6,253.661,119.269,902.092,543.211,901.526,660.554,134.392,794.9459999999999,18077.492,7591.585,17235.556,7276.117,0.0362391842246618,0.0321612243533185,0.2148787964423082,0.1464783878643279,0.1781202608513695,128.266,121.635,121.22,108.13,121.271,125.381,130.141,100.927,156.195,149.051,162.362,157.317,0.0339490243222026,0.0354762482529475,0.0362103245725974,0.0370995195555605,0.0408819533638757,0.0435142943906988,0.0427924084338605,0.0276448631972742,0.0441522413491909,0.0419301996966867,0.0481357556265902,0.0476644085328553,0.272380740638573,1.0030627221231638,0.3591169267084642,0.2428743179506149,0.2842264107966514,0.4560526012474837,0.9727866147607886,0.2505384883327886,0.1346525234267233,0.1895284766348566,-0.0231899318698816,-0.1082445001035836,0.0681684210548179,0.1443529084829835,0.5742636289180876,0.8153513799891299,Energy,10.0,4.0,43,8.218644827414005,3778.194,2914.593,9.802478223387958,8.934927392115716,9.754787756279965,8.892490046271979
SLB,2006Q1,2006,Q1,1,0,0,0,4239.017,1244.223,2994.794,239.796,110.39,1359.03,1004.427,1022.075,722.511,129.406,851.9169999999999,18541.536,8131.413,18077.492,7591.585,0.0305273604705996,0.0260414147902685,0.2935168695950028,0.2369480943341345,0.1704430531889822,134.392,128.266,121.635,121.22,108.13,121.271,125.381,130.141,100.927,156.195,149.051,162.362,0.0362391842246618,0.0339490243222026,0.0354762482529475,0.0362103245725974,0.0370995195555605,0.0408819533638757,0.0435142943906988,0.0427924084338605,0.0276448631972742,0.0441522413491909,0.0419301996966867,0.0481357556265902,0.2662611898924143,0.3803946817880472,0.3200856840934842,0.0675301105428147,0.289043937501245,0.3838361154433283,0.5046756351709052,0.2451682485618251,0.1561099241757781,0.106560100413467,-0.1569431969769873,-0.0869893720157333,0.0425066286724327,0.0928520328107849,0.0901342415029951,0.3215617044842846,Energy,10.0,1.0,44,8.352322557651927,3708.472,3347.664,9.827822615094604,9.003612960472886,9.802478223387958,8.934927392115716
SLB,2006Q2,2006,Q2,0,1,0,0,4686.775,1431.511,3255.264,292.54,121.65,1514.013,1138.971,1141.14,856.9,170.89,1027.79,20224.367,9094.102,18541.536,8131.413,0.0364621728160622,0.0259560145302473,0.3054362541406404,0.2430180667943308,0.1828336115985939,129.406,134.392,128.266,121.635,121.22,108.13,121.271,125.381,130.141,100.927,156.195,149.051,0.0305273604705996,0.0362391842246618,0.0339490243222026,0.0354762482529475,0.0362103245725974,0.0370995195555605,0.0408819533638757,0.0435142943906988,0.0427924084338605,0.0276448631972742,0.0441522413491909,0.0419301996966867,0.366951892183238,0.7770597738287559,0.623124039058992,0.4049410120442305,0.5427576607348108,0.7392800205237215,0.7538865877181524,0.2782363261401885,0.1535069836242781,0.2881776869693875,0.0277911169209605,-0.1561466133369583,0.1874039228012678,0.2723783700579372,0.3000163239033315,0.7021012327850606,Energy,10.0,2.0,45,8.45271333522451,4239.017,3428.632,9.914692887621143,9.115491305842607,9.827822615094604,9.003612960472886
SLB,2006Q3,2006,Q3,0,0,1,0,4954.818,1585.245,3369.573,276.328,126.79,1701.682,1308.917,1317.265,999.824,149.538,1149.362,20736.867,9599.461,20224.367,9094.102,0.0301803214568123,0.0255892345591704,0.319940106780915,0.2641705507649322,0.2017882392451145,170.89,129.406,134.392,128.266,121.635,121.22,108.13,121.271,125.381,130.141,100.927,156.195,0.0364621728160622,0.0305273604705996,0.0362391842246618,0.0339490243222026,0.0354762482529475,0.0362103245725974,0.0370995195555605,0.0408819533638757,0.0435142943906988,0.0427924084338605,0.0276448631972742,0.0441522413491909,0.3114249824122319,0.8487767264604671,0.5528159908471479,0.1658428578111115,0.5085204783134036,0.6548878549573922,0.7793592623560894,0.2220508394050724,0.2469757469659121,0.2017186793306196,-0.1110106384684977,-0.0491444316759712,0.1840677215031407,0.2619005106288241,0.4097464599613099,0.7178527177316543,Energy,10.0,3.0,46,8.508317518910879,4686.775,3778.194,9.93971663175018,9.169566397136297,9.914692887621143,9.115491305842607
SLB,2006Q4,2006,Q4,0,0,0,1,5349.868,1764.475,3585.393,320.432,150.95,1883.043,1444.043,1467.678,1130.616,169.482,1300.098,22832.138,10419.883,20736.867,9599.461,0.0316796601336705,0.0282156494328458,0.329816548744754,0.2699212391782376,0.211335307712265,149.538,170.89,129.406,134.392,128.266,121.635,121.22,108.13,121.271,125.381,130.141,100.927,0.0301803214568123,0.0364621728160622,0.0305273604705996,0.0362391842246618,0.0339490243222026,0.0354762482529475,0.0362103245725974,0.0370995195555605,0.0408819533638757,0.0435142943906988,0.0427924084338605,0.0276448631972742,0.4426070899281429,0.7116178238266668,1.2142514732604486,0.2611018513006726,1.0874179130288262,1.658346388419969,0.627992980790349,0.2314167468058798,0.2656264410701856,0.2632292705618917,-0.1258175146196675,-0.1226811167736411,0.5348957375294345,0.8427376428271836,0.1864753998345614,0.6354544837007798,Energy,10.0,4.0,47,8.585014069720735,4954.818,3708.472,10.03596818080109,9.25156705259997,9.93971663175018,9.169566397136297
SLB,2007Q1,2007,Q1,1,0,0,0,5464.405,1846.981,3617.424,307.951,140.853,1980.007,1539.03,1554.506,1180.827,167.098,1347.925,23508.784,11360.054,22832.138,10419.883,0.030579358594394,0.0257764569061041,0.3380022161607714,0.2816464006602732,0.2160943414699313,169.482,149.538,170.89,129.406,134.392,128.266,121.635,121.22,108.13,121.271,125.381,130.141,0.0316796601336705,0.0301803214568123,0.0364621728160622,0.0305273604705996,0.0362391842246618,0.0339490243222026,0.0354762482529475,0.0362103245725974,0.0370995195555605,0.0408819533638757,0.0435142943906988,0.0427924084338605,0.2890736224931394,0.6343377471069644,0.4844453124560468,0.2912693383614362,0.4569266314945219,0.5322467436657914,0.5209314384952182,0.207904116276445,0.2759579672071746,0.2842207543078285,0.0017033285221135,-0.0101744811600428,0.1515597608653631,0.1886417633015731,0.2678389492960575,0.5822257332580523,Energy,10.0,1.0,48,8.606193505824523,5349.868,4239.017,10.065171953912156,9.337946469661329,10.03596818080109,9.25156705259997
SLB,2007Q2,2007,Q2,0,1,0,0,5638.762,1901.891,3736.871,313.743,139.064,2049.08,1588.148,1619.362,1258.479,174.679,1433.158,24772.762,12838.654,23508.784,11360.054,0.0309782537372565,0.0246621510182554,0.3372887523892656,0.2816483476337536,0.2231835640518255,167.098,169.482,149.538,170.89,129.406,134.392,128.266,121.635,121.22,108.13,121.271,125.381,0.030579358594394,0.0316796601336705,0.0301803214568123,0.0364621728160622,0.0305273604705996,0.0362391842246618,0.0339490243222026,0.0354762482529475,0.0362103245725974,0.0370995195555605,0.0408819533638757,0.0435142943906988,0.2031219761989855,0.4686416151242853,0.3285898606437534,0.0221721575282345,0.3534097791762687,0.394370883894322,0.4190739085475927,0.1479471403855417,0.1431483764899299,0.0724789772338825,-0.1504002272840401,-0.0498483120543851,0.104285256962189,0.1589605305852259,0.2206922026012308,0.3944074178577337,Energy,10.0,2.0,49,8.637597145020159,5464.405,4686.775,10.117540388222112,9.460293629840375,10.065171953912156,9.337946469661329
SLB,2007Q3,2007,Q3,0,0,1,0,5925.662,2020.567,3905.095,349.358,159.164,2168.87,1671.209,1710.165,1353.997,190.194,1544.191,26306.514,14017.72,24772.762,12838.654,0.0320966670053067,0.0268601212826516,0.3409858679080919,0.2820290796201335,0.2284971704427286,174.679,167.098,169.482,149.538,170.89,129.406,134.392,128.266,121.635,121.22,108.13,121.271,0.0309782537372565,0.030579358594394,0.0316796601336705,0.0301803214568123,0.0364621728160622,0.0305273604705996,0.0362391842246618,0.0339490243222026,0.0354762482529475,0.0362103245725974,0.0370995195555605,0.0408819533638757,0.1959393866737386,0.3542353454207942,0.2746086567060612,0.2718773823375997,0.2745448327008217,0.2767876037976435,0.2982695205596444,0.1589287426032912,0.2553355942897704,0.2642873686343767,0.0634965254176191,0.0496648979688092,0.0657803153813048,0.0676022698347342,0.1323611886278981,0.3435201442191407,Energy,10.0,3.0,50,8.687216432997902,5638.762,4954.818,10.177609880782459,9.548148858275145,10.117540388222112,9.460293629840375
SLB,2007Q4,2007,Q4,0,0,0,1,6247.713,2030.277,4217.436,361.152,164.632,2223.542,1669.125,1740.416,1383.213,196.52,1579.733,27853.372,14875.888,26306.514,14017.72,0.0314547099074493,0.0263507622709301,0.3249632305453211,0.2671577583669416,0.2213950928923911,190.194,174.679,167.098,169.482,149.538,170.89,129.406,134.392,128.266,121.635,121.22,108.13,0.0320966670053067,0.0309782537372565,0.030579358594394,0.0316796601336705,0.0301803214568123,0.0364621728160622,0.0305273604705996,0.0362391842246618,0.0339490243222026,0.0354762482529475,0.0362103245725974,0.0370995195555605,0.1678256360717682,0.2234153771041627,0.1506408421768514,0.159533165763916,0.1808238048732822,0.1558693196809237,0.1858295893240886,0.176282767328435,0.0906392845313017,0.1270784441004642,-0.0071007777631478,-0.0660940718856792,-0.0147152052190954,-0.0102381006389465,0.0476010624491702,0.2150876318554446,Energy,10.0,4.0,51,8.740130801526012,5925.662,5349.868,10.234745216876767,9.607564146729363,10.177609880782459,9.548148858275145
SLB,2008Q1,2008,Q1,1,0,0,0,6289.873,1931.578,4358.295,352.331,161.3,2198.166,1579.247,1615.436,1338.304,191.031,1529.335,28954.369,15782.648,27853.372,14875.888,0.030371201453511,0.0256443969536427,0.307093322869953,0.2510777244627992,0.212771227654358,196.52,190.194,174.679,167.098,169.482,149.538,170.89,129.406,134.392,128.266,121.635,121.22,0.0314547099074493,0.0320966670053067,0.0309782537372565,0.030579358594394,0.0316796601336705,0.0301803214568123,0.0364621728160622,0.0305273604705996,0.0362391842246618,0.0339490243222026,0.0354762482529475,0.0362103245725974,0.1510627415061658,0.1333616185944257,0.0458028534132186,0.1432273276759745,0.1101809236027953,0.0261313944497509,0.0391957316343583,0.2048062378090045,0.1451655271808196,0.1441138362921372,-0.0068071127208397,-0.0051232779176133,-0.0914458302726526,-0.1085356536629291,-0.0153780695642862,0.1345846393530798,Energy,10.0,1.0,52,8.746855131796714,6247.713,5464.405,10.273510923491656,9.666729746389409,10.234745216876767,9.607564146729363
SLB,2008Q2,2008,Q2,0,1,0,0,6746.148,2137.269,4608.879,369.375,172.001,2421.311,1767.894,1803.537,1419.995,197.374,1617.369,29994.939,16976.416,28954.369,15782.648,0.0292572887520404,0.0254961794493687,0.3168132391996143,0.2620597709982052,0.2104897491131235,191.031,196.52,190.194,174.679,167.098,169.482,149.538,170.89,129.406,134.392,128.266,121.635,0.030371201453511,0.0314547099074493,0.0320966670053067,0.0309782537372565,0.030579358594394,0.0316796601336705,0.0301803214568123,0.0364621728160622,0.0305273604705996,0.0362391842246618,0.0339490243222026,0.0354762482529475,0.1963881433548713,0.1283422289922993,0.1237599841420984,0.1299240320817041,0.181657621957171,0.1131796280951147,0.1137330627741048,0.2333524491479635,0.2368477823160559,0.1773171034891616,-0.0555539702080218,0.0338181544057509,-0.0607061843735023,-0.069549765869817,-0.0568761189589859,0.1285350254472987,Energy,10.0,2.0,53,8.816875176061957,6289.873,5638.762,10.308817284814731,9.739639269250777,10.273510923491656,9.666729746389409
SLB,2008Q3,2008,Q3,0,0,1,0,7258.869,2292.485,4966.384,380.436,172.268,2601.0,1912.049,1957.62,1526.362,208.168,1734.5300000000002,31597.676,17797.756,29994.939,16976.416,0.0286777458030996,0.0237320717593884,0.3158184835681702,0.2634086660056821,0.2102754575127337,197.374,191.031,196.52,190.194,174.679,167.098,169.482,149.538,170.89,129.406,134.392,128.266,0.0292572887520404,0.030371201453511,0.0314547099074493,0.0320966670053067,0.0309782537372565,0.030579358594394,0.0316796601336705,0.0301803214568123,0.0364621728160622,0.0305273604705996,0.0362391842246618,0.0339490243222026,0.224988701684301,0.1273008728970595,0.1345750969901022,0.09450350694554,0.1992420015953009,0.1441112392286063,0.144696564366596,0.271770341054443,0.0823301751652385,0.0889574591107116,-0.1065195087590198,-0.1164570141119782,-0.0738077049771025,-0.0660230272691432,-0.0797459018625441,0.123261306405749,Energy,10.0,3.0,54,8.890117063578911,6746.148,5925.662,10.360870499963049,9.786883846197473,10.308817284814731,9.739639269250777
SLB,2008Q4,2008,Q4,0,0,0,1,6857.877,1824.404,5033.473,395.887,173.669,2453.13,1428.517,1475.862,1150.14,222.218,1372.3580000000002,31990.725,16862.369,31597.676,17797.756,0.032403322485953,0.0253240179139987,0.2660304347832427,0.2083030943832909,0.1677107944630678,208.168,197.374,191.031,196.52,190.194,174.679,167.098,169.482,149.538,170.89,129.406,134.392,0.0286777458030996,0.0292572887520404,0.030371201453511,0.0314547099074493,0.0320966670053067,0.0309782537372565,0.030579358594394,0.0316796601336705,0.0301803214568123,0.0364621728160622,0.0305273604705996,0.0362391842246618,0.09766197647043,-0.1685011635951946,-0.1014014343855542,0.1307653165072255,0.1032532778782682,-0.1441521755410768,-0.1520061870265499,0.1934912586699597,0.0548921230380485,0.0961783404217615,0.0301580456883825,-0.0389645030521231,-0.1813521968721916,-0.2202992881187966,-0.2424818803703863,-0.1312721833373106,Energy,10.0,4.0,55,8.833299004695288,7258.869,6247.713,10.373232554590734,9.732899033658134,10.360870499963049,9.786883846197473
SLB,2009Q1,2009,Q1,1,0,0,0,5999.989,1511.465,4488.524,340.875,151.359,1856.0,1133.518,1192.464,938.461,189.516,1127.977,32997.141,17611.839,31990.725,16862.369,0.0315860579077728,0.0252265462486681,0.2519112951707078,0.1889200130200239,0.1564104534191646,222.218,208.168,197.374,191.031,196.52,190.194,174.679,167.098,169.482,149.538,170.89,129.406,0.032403322485953,0.0286777458030996,0.0292572887520404,0.030371201453511,0.0314547099074493,0.0320966670053067,0.0309782537372565,0.030579358594394,0.0316796601336705,0.0301803214568123,0.0364621728160622,0.0305273604705996,-0.0460874170273389,-0.2987684412510162,-0.2174973001349156,-0.0079306499992148,-0.1556597636393248,-0.2822414733097482,-0.2618314807890872,0.0298807217042444,-0.0616305021698698,-0.0325148794741309,0.0400002764500881,-0.0162940351348486,-0.1796913953828086,-0.2475636242751788,-0.2648890776094511,-0.2624395570623833,Energy,10.0,1.0,56,8.699679567960004,6857.877,6289.873,10.404206505528503,9.776383403715101,10.373232554590734,9.732899033658134
SLB,2009Q2,2009,Q2,0,1,0,0,5528.0,1119.0,4409.0,351.0,154.0,1453.757,768.0,767.0,613.0,197.0,810.0,32960.0,18627.0,32997.141,17611.839,0.0356367583212735,0.0278581765557163,0.202424023154848,0.1389290882778582,0.11089001447178,189.516,222.218,208.168,197.374,191.031,196.52,190.194,174.679,167.098,169.482,149.538,170.89,0.0315860579077728,0.032403322485953,0.0286777458030996,0.0292572887520404,0.030371201453511,0.0314547099074493,0.0320966670053067,0.0309782537372565,0.030579358594394,0.0316796601336705,0.0301803214568123,0.0364621728160622,-0.1805694153167111,-0.5683083391138701,-0.4764346462705443,-0.0018948797713984,-0.3995992253783178,-0.565584814474171,-0.5747245551380427,-0.0433682463783492,-0.1046563682769287,-0.0497461928934009,0.2180471889688748,0.092641217521949,-0.3610619819227096,-0.4698572476474854,-0.4731809271520181,-0.4991866420093374,Energy,10.0,2.0,57,8.617762246337932,5999.989,6746.148,10.403080323368991,9.832421104102268,10.404206505528503,9.776383403715101
SLB,2009Q3,2009,Q3,0,0,1,0,5430.0,1308.0,4122.0,348.0,150.0,1647.0,960.0,980.0,787.0,198.0,985.0,33075.0,19355.0,32960.0,18627.0,0.03646408839779,0.0276243093922651,0.2408839779005525,0.1767955801104972,0.1449355432780847,197.0,189.516,222.218,208.168,197.374,191.031,196.52,190.194,174.679,167.098,169.482,149.538,0.0356367583212735,0.0315860579077728,0.032403322485953,0.0286777458030996,0.0292572887520404,0.030371201453511,0.0314547099074493,0.0320966670053067,0.0309782537372565,0.030579358594394,0.0316796601336705,0.0301803214568123,-0.2519495805751557,-0.4843949207330895,-0.4294401053878215,-0.0488451635217709,-0.3667820069204152,-0.4979208168828309,-0.4993921190016448,-0.1700198776413584,-0.1292637053892772,-0.0852600700249187,0.2715116679027416,0.1640074946822545,-0.2372708044855231,-0.3288163871317602,-0.3107348570657239,-0.4321228228972691,Energy,10.0,3.0,58,8.599878558034845,5528.0,7258.869,10.406563222842058,9.87075772791321,10.403080323368991,9.832421104102268
SLB,2009Q4,2009,Q4,0,0,0,1,5747.0,1371.0,4376.0,383.0,166.0,1675.0,988.0,995.0,796.0,217.0,1013.0,33465.0,19120.0,33075.0,19355.0,0.0377588306942752,0.0288846354619801,0.2385592483034626,0.1719157821472072,0.1385070471550374,198.0,197.0,189.516,222.218,208.168,197.374,191.031,196.52,190.194,174.679,167.098,169.482,0.03646408839779,0.0356367583212735,0.0315860579077728,0.032403322485953,0.0286777458030996,0.0292572887520404,0.030371201453511,0.0314547099074493,0.0320966670053067,0.0309782537372565,0.030579358594394,0.0316796601336705,-0.161985553255038,-0.3079103413497488,-0.2485217090074347,-0.0234814461474767,-0.3171988439259232,-0.3083736490360282,-0.3258177255055012,-0.1306201503415236,-0.0441587157178311,-0.0325522181834715,0.1652765147970212,0.1406023941411429,-0.1032633221163702,-0.1746844536506439,-0.1741315900477797,-0.2618544140814569,Energy,10.0,4.0,59,8.656607247198915,5430.0,6857.877,10.418285277054519,9.85854248649296,10.406563222842058,9.87075772791321
SLB,2010Q1,2010,Q1,1,0,0,0,5598.0,1255.0,4343.0,351.0,144.0,1553.0,904.0,888.0,672.0,207.0,879.0,32883.0,19428.0,33465.0,19120.0,0.0369774919614147,0.0257234726688102,0.2241872097177563,0.1614862450875312,0.120042872454448,217.0,198.0,197.0,189.516,222.218,208.168,197.374,191.031,196.52,190.194,174.679,167.098,0.0377588306942752,0.03646408839779,0.0356367583212735,0.0315860579077728,0.032403322485953,0.0286777458030996,0.0292572887520404,0.030371201453511,0.0314547099074493,0.0320966670053067,0.0309782537372565,0.030579358594394,-0.066998289496864,-0.283934015371976,-0.1696797477943584,0.0922560628126385,-0.1632543103448276,-0.2024828895527023,-0.2553234311476069,-0.0324213483096003,-0.0486195072641865,0.0297029702970297,0.1706903111931297,0.019698551487935,-0.1100549518201009,-0.1452136673819988,-0.2325137493672182,-0.2207287914558542,Energy,10.0,1.0,60,8.630343289348893,5747.0,5999.989,10.400741496272024,9.874522074243114,10.418285277054519,9.85854248649296
SLB,2010Q2,2010,Q2,0,1,0,0,5973.0,1397.0,4576.0,361.0,145.0,1684.0,1000.0,994.0,818.0,216.0,1034.0,33017.0,19778.0,32883.0,19428.0,0.0361627322953289,0.0242759082538088,0.2338858195211786,0.1674200569228193,0.1369496065628662,207.0,217.0,198.0,197.0,189.516,222.218,208.168,197.374,191.031,196.52,190.194,174.679,0.0369774919614147,0.0377588306942752,0.03646408839779,0.0356367583212735,0.0315860579077728,0.032403322485953,0.0286777458030996,0.0292572887520404,0.030371201453511,0.0314547099074493,0.0320966670053067,0.0309782537372565,0.0804992764109986,0.33442088091354,0.2484361036639857,0.0964467005076141,0.1583779132275888,0.3020833333333332,0.2959582790091264,0.0378770696303016,-0.0584415584415584,0.0284900284900284,0.0147593102973531,-0.128589475148993,0.1554252102887181,0.2050756180590434,0.2350039560840531,0.2765432098765432,Energy,10.0,2.0,61,8.695171998776056,5598.0,5528.0,10.404808146287813,9.89237604778141,10.400741496272024,9.874522074243114
SLB,2010Q3,2010,Q3,0,0,1,0,6845.0,1466.0,5379.0,407.0,167.0,2680.0,1059.0,1940.0,1734.0,240.0,1974.0,49854.0,30898.0,33017.0,19778.0,0.0350620891161431,0.0243973703433162,0.2141709276844412,0.1547114682249817,0.2533235938641344,216.0,207.0,217.0,198.0,197.0,189.516,222.218,208.168,197.374,191.031,196.52,190.194,0.0361627322953289,0.0369774919614147,0.0377588306942752,0.03646408839779,0.0356367583212735,0.0315860579077728,0.032403322485953,0.0286777458030996,0.0292572887520404,0.030371201453511,0.0314547099074493,0.0320966670053067,0.2605893186003682,1.2033036848792884,0.120795107033639,0.2121212121212121,0.6272009714632665,0.1031249999999999,0.979591836734694,0.3049490538573507,0.1133333333333332,0.1695402298850574,-0.0384487681784979,-0.1168151935719502,-0.1108959194751408,-0.124913257852447,0.7478362321248406,1.0040609137055836,Energy,10.0,3.0,62,8.831419819090131,5973.0,5430.0,10.816874071262893,10.338479099902614,10.404808146287813,9.89237604778141
SLB,2010Q4,2010,Q4,0,0,0,1,9067.0,1871.0,7196.0,455.0,199.0,2203.0,1415.0,1335.0,1043.0,256.0,1299.0,51719.0,31226.0,49854.0,30898.0,0.0282342560935259,0.0219477225102018,0.2063527076210433,0.1560604389544502,0.1150325355685452,240.0,216.0,207.0,217.0,198.0,197.0,189.516,222.218,208.168,197.374,191.031,196.52,0.0350620891161431,0.0361627322953289,0.0369774919614147,0.0377588306942752,0.03646408839779,0.0356367583212735,0.0315860579077728,0.032403322485953,0.0286777458030996,0.0292572887520404,0.030371201453511,0.0314547099074493,0.5776927092396034,0.3103015075376885,0.3646973012399708,0.1797235023041474,0.3152238805970149,0.4321862348178138,0.3417085427135677,0.6444241316270567,0.1987951807228916,0.1879895561357702,-0.2522476047488766,-0.240159269481145,-0.135004368564452,-0.0922273859602982,-0.1694824347833798,0.2823297137216189,Energy,10.0,4.0,63,9.11250701162742,6845.0,5747.0,10.853599832885793,10.349038384183578,10.816874071262893,10.338479099902614
SLB,2011Q1,2011,Q1,1,0,0,0,8716.0,1656.0,7060.0,342.0,93.0,1345.0,1307.0,1238.0,944.0,249.0,1193.0,52372.0,31414.0,51719.0,31226.0,0.028568150527765,0.0106700321248279,0.189995410738871,0.1499541073887104,0.1083065626434144,256.0,240.0,216.0,207.0,217.0,198.0,197.0,189.516,222.218,208.168,197.374,191.031,0.0282342560935259,0.0350620891161431,0.0361627322953289,0.0369774919614147,0.0377588306942752,0.03646408839779,0.0356367583212735,0.0315860579077728,0.032403322485953,0.0286777458030996,0.0292572887520404,0.030371201453511,0.5569846373704894,0.4047619047619046,0.3195219123505977,0.2028985507246377,-0.1339343206696716,0.4457964601769912,0.3941441441441442,0.6256044209072069,-0.3541666666666666,-0.0256410256410256,-0.2274178422491369,-0.5852025011473152,-0.1525144945687648,-0.0714125075641581,-0.0977676522651281,0.3572241183162685,Energy,10.0,1.0,64,9.073030421011577,9067.0,5598.0,10.866146470337812,10.355040764837048,10.853599832885793,10.349038384183578
SLB,2011Q2,2011,Q2,0,1,0,0,9621.0,1983.0,7638.0,413.0,139.0,2345.0,1570.0,1498.0,1339.0,274.0,1613.0,54019.0,31848.0,52372.0,31414.0,0.0284793680490593,0.0144475626234279,0.2061116308076083,0.1631847001351211,0.139174721962374,249.0,256.0,240.0,216.0,207.0,217.0,198.0,197.0,189.516,222.218,208.168,197.374,0.028568150527765,0.0282342560935259,0.0350620891161431,0.0361627322953289,0.0369774919614147,0.0377588306942752,0.03646408839779,0.0356367583212735,0.0315860579077728,0.032403322485953,0.0286777458030996,0.0292572887520404,0.610748367654445,0.636919315403423,0.4194702934860415,0.2685185185185186,0.3925178147268409,0.5700000000000001,0.5070422535211268,0.6691433566433567,-0.0413793103448275,0.1440443213296398,-0.2124663640878171,-0.40486005827769,-0.118751058830462,-0.0252977860929217,0.0162476947203664,0.5599613152804641,Energy,10.0,2.0,65,9.171807422259398,8716.0,5973.0,10.897109627346607,10.368761263333154,10.866146470337812,10.355040764837048
SLB,2011Q3,2011,Q3,0,0,1,0,10229.0,2137.0,8092.0,357.0,91.0,2583.0,1780.0,1717.0,1301.0,266.0,1567.0,55581.0,31500.0,54019.0,31848.0,0.0260044970182813,0.0088962752957278,0.208915827549125,0.1740150552351158,0.1271874083488122,274.0,249.0,256.0,240.0,216.0,207.0,217.0,198.0,197.0,189.516,222.218,208.168,0.0284793680490593,0.028568150527765,0.0282342560935259,0.0350620891161431,0.0361627322953289,0.0369774919614147,0.0377588306942752,0.03646408839779,0.0356367583212735,0.0315860579077728,0.032403322485953,0.0286777458030996,0.4943754565376186,-0.2497116493656286,0.4577080491132332,0.1083333333333333,-0.0361940298507462,0.6808309726156752,-0.1149484536082474,0.5043688417921546,-0.4550898203592814,-0.1228501228501228,-0.2583300746244338,-0.6353592550942694,-0.0245369443562339,0.1247715326575711,-0.4979251383231721,-0.2061803444782168,Energy,10.0,3.0,66,9.233079858945672,9621.0,6845.0,10.925614686816047,10.357774570341576,10.897109627346607,10.368761263333154
SLB,2011Q4,2011,Q4,0,0,0,1,10974.0,2332.0,8642.0,362.0,100.0,2832.0,1958.0,1886.0,1414.0,273.0,1687.0,55201.0,31263.0,55581.0,31500.0,0.0248769819573537,0.0091124476034262,0.2125022781119008,0.1784217240750865,0.1288500091124476,266.0,274.0,249.0,256.0,240.0,216.0,207.0,217.0,198.0,197.0,189.516,222.218,0.0260044970182813,0.0284793680490593,0.028568150527765,0.0282342560935259,0.0350620891161431,0.0361627322953289,0.0369774919614147,0.0377588306942752,0.03646408839779,0.0356367583212735,0.0315860579077728,0.032403322485953,0.2103231498841955,0.3557046979865772,0.2463923035809727,0.06640625,0.2855197458011802,0.3837455830388692,0.4127340823970038,0.2009449694274596,-0.4974874371859297,-0.2043956043956044,-0.1189078304401313,-0.5848112441192659,0.0298012590275815,0.1432860580839645,0.1201179603284394,0.2986913010007699,Energy,10.0,4.0,67,9.303375237943373,10229.0,9067.0,10.918754463492887,10.350222554842508,10.925614686816047,10.357774570341576
SLB,2012Q1,2012,Q1,1,0,0,0,10611.0,2137.0,8474.0,368.0,93.0,1816.0,1769.0,1721.0,1301.0,275.0,1576.0,56366.0,32347.0,55201.0,31263.0,0.0259165017434737,0.0087644896805202,0.2013947790029215,0.1667137875789275,0.1226086137027612,273.0,266.0,274.0,249.0,256.0,240.0,216.0,207.0,217.0,198.0,197.0,189.516,0.0248769819573537,0.0260044970182813,0.0284793680490593,0.028568150527765,0.0282342560935259,0.0350620891161431,0.0361627322953289,0.0369774919614147,0.0377588306942752,0.03646408839779,0.0356367583212735,0.0315860579077728,0.2174162459843964,0.3781779661016948,0.2904589371980677,0.1044176706827308,0.350185873605948,0.3534812547819435,0.390145395799677,0.2002832861189802,0.0,0.0760233918128654,-0.0928183566420994,-0.1785882574686645,0.0599981242689997,0.1117653959739344,0.1320515646538849,0.3210393964794635,Energy,10.0,1.0,68,9.26974071525763,10974.0,8716.0,10.939639159861633,10.384307474215714,10.918754463492887,10.350222554842508
SLB,2012Q2,2012,Q2,0,1,0,0,10448.0,2286.0,8162.0,392.0,101.0,2712.0,1894.0,1839.0,1403.0,291.0,1694.0,57013.0,32810.0,56366.0,32347.0,0.0278522205206738,0.009666921898928,0.2187978560490046,0.1812787136294027,0.1342840735068912,275.0,273.0,266.0,274.0,249.0,256.0,240.0,216.0,207.0,217.0,198.0,197.0,0.0259165017434737,0.0248769819573537,0.0260044970182813,0.0284793680490593,0.028568150527765,0.0282342560935259,0.0350620891161431,0.0361627322953289,0.0369774919614147,0.0377588306942752,0.03646408839779,0.0356367583212735,0.0859578006444237,0.0477968633308438,0.1527987897125566,0.062043795620438,0.156503198294243,0.2063694267515923,0.2276368491321763,0.0686043466876145,-0.2733812949640287,-0.0508474576271186,-0.0220211181408658,-0.3308960029526149,0.0615502637657454,0.1108805756869324,-0.0351403501047042,0.0502169869807811,Energy,10.0,2.0,69,9.254261559034111,10611.0,9621.0,10.951052130693586,10.398519104003336,10.939639159861633,10.384307474215714
SLB,2012Q3,2012,Q3,0,0,1,0,10608.0,2318.0,8290.0,384.0,95.0,2751.0,1934.0,1857.0,1424.0,289.0,1713.0,59441.0,34204.0,57013.0,32810.0,0.0272435897435897,0.0089555052790346,0.2185143288084464,0.182315233785822,0.1342383107088989,291.0,275.0,273.0,266.0,274.0,249.0,256.0,240.0,216.0,207.0,217.0,198.0,0.0278522205206738,0.0259165017434737,0.0248769819573537,0.0260044970182813,0.0284793680490593,0.028568150527765,0.0282342560935259,0.0350620891161431,0.0361627322953289,0.0369774919614147,0.0377588306942752,0.03646408839779,0.0370515201877015,0.0945426594926979,0.0846981750116986,0.0864661654135339,0.0650406504065039,0.0865168539325842,0.081537565521258,0.0244686109738012,0.043956043956044,0.0756302521008402,0.0476491710044342,0.0066578406510531,0.0459443469263447,0.0476980485366143,0.0554371101009432,0.0931716656030632,Energy,10.0,3.0,70,9.269457976459272,10448.0,10229.0,10.992756326201086,10.440127111195098,10.951052130693586,10.398519104003336
SLB,2012Q4,2012,Q4,0,0,0,1,11174.0,2376.0,8798.0,418.0,111.0,2832.0,1960.0,1807.0,1362.0,307.0,1669.0,61547.0,34751.0,59441.0,34204.0,0.0274744943619115,0.009933774834437,0.2126364775371398,0.1754071952747449,0.1218901020225523,289.0,291.0,275.0,273.0,266.0,274.0,249.0,256.0,240.0,216.0,207.0,217.0,0.0272435897435897,0.0278522205206738,0.0259165017434737,0.0248769819573537,0.0260044970182813,0.0284793680490593,0.028568150527765,0.0282342560935259,0.0350620891161431,0.0361627322953289,0.0369774919614147,0.0377588306942752,0.0182248952068526,-0.0367751060820368,0.0188679245283018,0.1245421245421245,0.0,0.0010214504596526,-0.0418875927889713,0.0180513769960657,0.1100000000000001,0.1546961325966851,0.1044142898447533,0.0901324503311258,0.0006315199367803,-0.0168955255643253,-0.0540155731290739,-0.0106698280972139,Energy,10.0,4.0,71,9.32143441948177,10608.0,10974.0,11.027572637177268,10.455992403293607,10.992756326201086,10.440127111195098
SLB,2013Q1,2013,Q1,1,0,0,0,10668.0,2226.0,8442.0,390.0,95.0,2611.0,1836.0,1679.0,1259.0,295.0,1554.0,61428.0,35660.0,61547.0,34751.0,0.0276527934008248,0.0089051368578927,0.2086614173228346,0.172103487064117,0.1180164979377577,307.0,289.0,291.0,275.0,273.0,266.0,274.0,249.0,256.0,240.0,216.0,207.0,0.0274744943619115,0.0272435897435897,0.0278522205206738,0.0259165017434737,0.0248769819573537,0.0260044970182813,0.0284793680490593,0.028568150527765,0.0282342560935259,0.0350620891161431,0.0361627322953289,0.0369774919614147,0.0053717839977383,-0.03228285933897,0.0416471689284043,0.0727272727272727,0.4377753303964757,0.0378745053702656,-0.0244044160371876,-0.0037762567854614,0.021505376344086,0.0597826086956521,0.0669956028223743,0.0160473892376356,0.0360815625702379,0.0323290566632816,-0.037453451485359,-0.0139593908629441,Energy,10.0,1.0,72,9.275097619191461,11174.0,10611.0,11.025637315334281,10.481812933648735,11.027572637177268,10.455992403293607
SLB,2013Q2,2013,Q2,0,1,0,0,11182.0,2470.0,8712.0,393.0,100.0,2107.0,2077.0,2673.0,2095.0,293.0,2388.0,63251.0,36909.0,61428.0,35660.0,0.0262028259703094,0.0089429440171704,0.2208907172241102,0.1857449472366303,0.1873546771597209,295.0,307.0,289.0,291.0,275.0,273.0,266.0,274.0,249.0,256.0,240.0,216.0,0.0276527934008248,0.0274744943619115,0.0272435897435897,0.0278522205206738,0.0259165017434737,0.0248769819573537,0.0260044970182813,0.0284793680490593,0.028568150527765,0.0282342560935259,0.0350620891161431,0.0361627322953289,0.0702526799387441,0.4932287954383463,0.0804899387576552,0.0068728522336769,-0.2230825958702065,0.0966209081309397,0.4535073409461663,0.0673854447439352,-0.0099009900990099,0.0025510204081633,-0.0592194991828423,-0.0748922862237931,0.0095652727723112,0.0246373858122033,0.3952114518636953,0.4096812278630459,Energy,10.0,2.0,73,9.322150047028188,10668.0,10448.0,11.054882026643208,10.516237796024043,11.025637315334281,10.481812933648735
SLB,2013Q3,2013,Q3,0,0,1,0,11608.0,2682.0,8926.0,396.0,110.0,3274.0,2286.0,2231.0,1715.0,286.0,2001.0,65123.0,37885.0,63251.0,36909.0,0.0246381805651275,0.0094762232942798,0.2310475534114404,0.1969331495520331,0.1477429359062715,293.0,295.0,307.0,289.0,291.0,275.0,273.0,266.0,274.0,249.0,256.0,240.0,0.0262028259703094,0.0276527934008248,0.0274744943619115,0.0272435897435897,0.0278522205206738,0.0259165017434737,0.0248769819573537,0.0260044970182813,0.0284793680490593,0.028568150527765,0.0282342560935259,0.0350620891161431,0.0942684766214179,0.2043539325842696,0.1570319240724762,-0.0103806228373702,0.1901126862958924,0.1820062047569803,0.2014001077005922,0.0767189384800965,0.1578947368421053,0.03125,-0.0956338427859082,0.0581450179549496,0.0573565343350128,0.0801793435615134,0.1006018708523375,0.1681260945709282,Energy,10.0,3.0,74,9.359535938338036,11182.0,10608.0,11.084048423851405,10.542336929688224,11.054882026643208,10.516237796024043
SLB,2013Q4,2013,Q4,0,0,0,1,11906.0,2623.0,9283.0,415.0,111.0,3195.0,2207.0,2170.0,1664.0,304.0,1968.0,67100.0,39469.0,65123.0,37885.0,0.0255333445321686,0.0093230304048378,0.220309087854863,0.1853687216529481,0.13976146480766,286.0,293.0,295.0,307.0,289.0,291.0,275.0,273.0,266.0,274.0,249.0,256.0,0.0246381805651275,0.0262028259703094,0.0276527934008248,0.0274744943619115,0.0272435897435897,0.0278522205206738,0.0259165017434737,0.0248769819573537,0.0260044970182813,0.0284793680490593,0.028568150527765,0.0282342560935259,0.0655092178270986,0.2217327459618208,0.103956228956229,-0.009771986970684,0.1281779661016948,0.1260204081632652,0.2008854454897619,0.0551261650375085,0.0,-0.0071770334928229,-0.0706527954317506,-0.061481605912985,0.036083227142357,0.0567908651785928,0.146618654743607,0.1791491911324145,Energy,10.0,4.0,75,9.384881741451174,11608.0,11174.0,11.11395422597838,10.583296168656894,11.084048423851405,10.542336929688224
SLB,2014Q1,2014,Q1,1,0,0,0,11239.0,2494.0,8745.0,390.0,106.0,3105.0,2104.0,2077.0,1592.0,284.0,1876.0,66717.0,40004.0,67100.0,39469.0,0.0252691520597917,0.0094314440786546,0.2219058635109885,0.187205267372542,0.1416496129548892,304.0,286.0,293.0,295.0,307.0,289.0,291.0,275.0,273.0,266.0,274.0,249.0,0.0255333445321686,0.0246381805651275,0.0262028259703094,0.0276527934008248,0.0274744943619115,0.0272435897435897,0.0278522205206738,0.0259165017434737,0.0248769819573537,0.0260044970182813,0.0284793680490593,0.028568150527765,0.0535245594300712,0.2644956314535345,0.1203953279424978,-0.0372881355932203,0.1891995404059747,0.1459694989106754,0.2370458606313281,0.0358919687277896,0.1157894736842104,0.0,-0.0861989350038682,0.0591015308535596,0.0634733836186998,0.0877482529032016,0.2002526378099747,0.2072072072072073,Energy,10.0,1.0,76,9.327234123447681,11906.0,10668.0,11.108230060564154,10.596759725284224,11.11395422597838,10.583296168656894
SLB,2014Q2,2014,Q2,0,1,0,0,12054.0,2785.0,9269.0,432.0,123.0,3349.0,2353.0,2327.0,1595.0,309.0,1904.0,68086.0,40536.0,66717.0,40004.0,0.025634644101543,0.010204081632653,0.2310436369669819,0.1952049112327858,0.1323212211713954,284.0,304.0,286.0,293.0,295.0,307.0,289.0,291.0,275.0,273.0,266.0,274.0,0.0252691520597917,0.0255333445321686,0.0246381805651275,0.0262028259703094,0.0276527934008248,0.0274744943619115,0.0272435897435897,0.0278522205206738,0.0259165017434737,0.0248769819573537,0.0260044970182813,0.0284793680490593,0.0779824718297264,-0.2386634844868734,0.1275303643724696,0.0546075085324231,0.5894636924537258,0.1328839672604718,-0.1294425738870183,0.0639348025711661,0.2299999999999999,0.0992366412213741,-0.0216839920018618,0.1410204081632653,0.0459635419290653,0.0509298591261486,-0.2937394295281417,-0.202680067001675,Energy,10.0,2.0,77,9.397234790615272,11239.0,11182.0,11.128541578173136,10.609970416281103,11.108230060564154,10.596759725284224
SLB,2014Q3,2014,Q3,0,0,1,0,12646.0,2957.0,9689.0,426.0,125.0,3563.0,2531.0,2520.0,1949.0,301.0,2250.0,68320.0,40505.0,68086.0,40536.0,0.0238019927249723,0.0098845484738257,0.2338288786968211,0.2001423374980231,0.1541198798038905,309.0,284.0,304.0,286.0,293.0,295.0,307.0,289.0,291.0,275.0,273.0,266.0,0.025634644101543,0.0252691520597917,0.0255333445321686,0.0246381805651275,0.0262028259703094,0.0276527934008248,0.0274744943619115,0.0272435897435897,0.0278522205206738,0.0259165017434737,0.0248769819573537,0.0260044970182813,0.0894210889042039,0.1364431486880466,0.1025354213273677,0.0524475524475525,0.0882712278558337,0.1071741032370954,0.1295383236216942,0.0854806184181045,0.1363636363636364,0.0757575757575756,-0.0339387008689555,0.0430894425833536,0.0120378910934748,0.0162958240057096,0.0431624284335634,0.1244377811094452,Energy,10.0,3.0,78,9.445175311879977,12054.0,11608.0,11.131972465357673,10.609205390269926,11.128541578173136,10.609970416281103
SLB,2014Q4,2014,Q4,0,0,0,1,12641.0,2950.0,9691.0,446.0,122.0,3570.0,2505.0,715.0,302.0,324.0,626.0,66904.0,37850.0,68320.0,40505.0,0.025630883632624,0.0096511351950003,0.2333676133217308,0.1981647021596392,0.0238905149909026,301.0,309.0,284.0,304.0,286.0,293.0,295.0,307.0,289.0,291.0,275.0,273.0,0.0238019927249723,0.025634644101543,0.0252691520597917,0.0255333445321686,0.0246381805651275,0.0262028259703094,0.0276527934008248,0.0274744943619115,0.0272435897435897,0.0278522205206738,0.0259165017434737,0.0248769819573537,0.0617335797077103,-0.8185096153846154,0.1246664125047656,0.0657894736842106,0.1173708920187792,0.1350249207068419,-0.6705069124423964,0.0439513088441236,0.0990990990990992,0.0746987951807229,0.0038200675329649,0.0351929336186911,0.0592736577234189,0.0690298794348278,-0.8290622166576402,-0.681910569105691,Energy,10.0,4.0,79,9.444779883032243,12646.0,11906.0,11.11102898173909,10.54141267859585,11.131972465357673,10.609205390269926
SLB,2015Q1,2015,Q1,1,0,0,0,10248.0,2152.0,8096.0,386.0,119.0,2808.0,1766.0,1294.0,975.0,267.0,1242.0,65411.0,37656.0,66904.0,37850.0,0.0260538641686182,0.0116120218579234,0.209992193598751,0.1723263075722092,0.0951405152224824,324.0,301.0,309.0,284.0,304.0,286.0,293.0,295.0,307.0,289.0,291.0,275.0,0.025630883632624,0.0238019927249723,0.025634644101543,0.0252691520597917,0.0255333445321686,0.0246381805651275,0.0262028259703094,0.0276527934008248,0.0274744943619115,0.0272435897435897,0.0278522205206738,0.0259165017434737,-0.0881751045466678,-0.3875628140703517,-0.1371291098636727,-0.0598591549295774,-0.0956521739130434,-0.1606463878326995,-0.3769860375541647,-0.0742138364779874,0.1226415094339623,-0.0102564102564102,0.0310541527855658,0.2312029590679452,-0.0536879455267191,-0.0794793864999717,-0.3283390385769598,-0.337953091684435,Energy,10.0,1.0,80,9.234935418831563,12641.0,11239.0,11.088461006852281,10.536274138921273,11.11102898173909,10.54141267859585
SLB,2015Q2,2015,Q2,0,1,0,0,9010.0,1874.0,7136.0,399.0,120.0,2522.0,1475.0,1436.0,1124.0,279.0,1403.0,64753.0,37965.0,65411.0,37656.0,0.0309655937846836,0.0133185349611542,0.2079911209766925,0.1637069922308546,0.1247502774694783,267.0,324.0,301.0,309.0,284.0,304.0,286.0,293.0,295.0,307.0,289.0,291.0,0.0260538641686182,0.025630883632624,0.0238019927249723,0.025634644101543,0.0252691520597917,0.0255333445321686,0.0246381805651275,0.0262028259703094,0.0276527934008248,0.0274744943619115,0.0272435897435897,0.0278522205206738,-0.2525302804048448,-0.2952978056426332,-0.3271095152603231,-0.0970873786407766,-0.2469393848910122,-0.3731406714832129,-0.3828964331757628,-0.2301219117488402,-0.024390243902439,-0.0763888888888888,0.2079587944355247,0.3052164261931187,-0.0997755934459417,-0.1613582301951884,-0.0572163983591899,-0.2631302521008403,Energy,10.0,2.0,81,9.106201332235038,10248.0,12054.0,11.078350753715497,10.544446301350487,11.088461006852281,10.536274138921273
SLB,2015Q3,2015,Q3,0,0,1,0,8472.0,1674.0,6798.0,395.0,122.0,2305.0,1279.0,1253.0,989.0,273.0,1262.0,63342.0,37941.0,64753.0,37965.0,0.0322237960339943,0.0144003777148253,0.1975920679886685,0.1509678942398489,0.1167374881964117,279.0,267.0,324.0,301.0,309.0,284.0,304.0,286.0,293.0,295.0,307.0,289.0,0.0309655937846836,0.0260538641686182,0.025630883632624,0.0238019927249723,0.025634644101543,0.0252691520597917,0.0255333445321686,0.0246381805651275,0.0262028259703094,0.0276527934008248,0.0274744943619115,0.0272435897435897,-0.3300648426379883,-0.4925602873268343,-0.4338856949611092,-0.0930232558139535,-0.3530732528767892,-0.4946661398656657,-0.5027777777777778,-0.2983796057384663,-0.024,-0.0727699530516432,0.3538276566308715,0.4568574126534466,-0.1549714941546491,-0.2456973565558556,-0.2425539888497575,-0.4391111111111111,Energy,10.0,3.0,82,9.044639916198465,9010.0,12646.0,11.056319682406446,10.54381395691249,11.078350753715497,10.544446301350487
SLB,2015Q4,2015,Q4,0,0,0,1,7744.0,1452.0,6292.0,408.0,132.0,-48.0,1044.0,-1102.0,-1016.0,276.0,-740.0,68005.0,35633.0,63342.0,37941.0,0.0356404958677685,0.0170454545454545,0.1875,0.1348140495867768,-0.131198347107438,273.0,279.0,267.0,324.0,301.0,309.0,284.0,304.0,286.0,293.0,295.0,307.0,0.0322237960339943,0.0309655937846836,0.0260538641686182,0.025630883632624,0.0238019927249723,0.025634644101543,0.0252691520597917,0.0255333445321686,0.0246381805651275,0.0262028259703094,0.0276527934008248,0.0274744943619115,-0.3873902381140732,-4.364238410596027,-0.5077966101694915,-0.1481481481481481,-1.0134453781512605,-0.5832335329341317,-2.541258741258741,-0.3507377979568672,0.0819672131147541,-0.0852017937219731,0.3905293464952555,0.7661605812220564,-0.1965466101694915,-0.3196868659375463,-6.49165001915604,-2.182108626198083,Energy,10.0,4.0,83,8.954802752850968,8472.0,12641.0,11.127351215559857,10.481055517243915,11.056319682406446,10.54381395691249
SLB,2016Q1,2016,Q1,1,0,0,0,6520.0,1060.0,5460.0,350.0,110.0,1677.0,710.0,622.0,501.0,240.0,741.0,69141.0,35359.0,68005.0,35633.0,0.0368098159509202,0.0168711656441717,0.1625766871165644,0.1088957055214723,0.076840490797546,276.0,273.0,279.0,267.0,324.0,301.0,309.0,284.0,304.0,286.0,293.0,295.0,0.0356404958677685,0.0322237960339943,0.0309655937846836,0.0260538641686182,0.025630883632624,0.0238019927249723,0.025634644101543,0.0252691520597917,0.0255333445321686,0.0246381805651275,0.0262028259703094,0.0276527934008248,-0.3637782982045277,-0.4861538461538461,-0.5074349442379182,-0.101123595505618,-0.4027777777777778,-0.5979614949037373,-0.5193199381761978,-0.325592885375494,-0.0756302521008402,-0.0932642487046632,0.4128351830150962,0.4529050884157342,-0.2257965197162862,-0.3680842637689416,-0.1923473336479471,-0.4033816425120773,Energy,10.0,1.0,84,8.782783017393202,7744.0,10248.0,11.1439176398724,10.47333651675158,11.127351215559857,10.481055517243915
SLB,2016Q2,2016,Q2,0,1,0,0,7164.0,849.0,6315.0,360.0,103.0,489.0,489.0,-2514.0,-2160.0,257.0,-1903.0,81171.0,42610.0,69141.0,35359.0,0.0358738135120044,0.0143774427694025,0.1185092127303182,0.0682579564489112,-0.3015075376884422,240.0,276.0,273.0,279.0,267.0,324.0,301.0,309.0,284.0,304.0,286.0,293.0,0.0368098159509202,0.0356404958677685,0.0322237960339943,0.0309655937846836,0.0260538641686182,0.025630883632624,0.0238019927249723,0.025634644101543,0.0252691520597917,0.0255333445321686,0.0246381805651275,0.0262028259703094,-0.2048834628190898,-2.921708185053381,-0.5469583778014941,-0.078853046594982,-0.8061062648691515,-0.6684745762711864,-2.7506963788300838,-0.1150504484304932,-0.1416666666666667,-0.0977443609022556,0.1585055904772767,0.0795063279359762,-0.4302198470116503,-0.5830480084035999,-3.416888714032797,-2.3563791874554525,Energy,10.0,2.0,85,8.876963340262272,6520.0,9010.0,11.30432563909686,10.659867714887898,11.1439176398724,10.47333651675158
SLB,2016Q3,2016,Q3,0,0,1,0,7019.0,877.0,6142.0,345.0,92.0,1530.0,532.0,200.0,176.0,253.0,429.0,80594.0,42234.0,81171.0,42610.0,0.0360450206582134,0.0131072802393503,0.1249465735859809,0.0757942726884171,0.0250747969796267,257.0,240.0,276.0,273.0,279.0,267.0,324.0,301.0,309.0,284.0,304.0,286.0,0.0358738135120044,0.0368098159509202,0.0356404958677685,0.0322237960339943,0.0309655937846836,0.0260538641686182,0.025630883632624,0.0238019927249723,0.025634644101543,0.0252691520597917,0.0255333445321686,0.0246381805651275,-0.1715061378659113,-0.8220424671385238,-0.47610513739546,-0.0732600732600732,-0.3362255965292842,-0.5840500390930414,-0.8403830806065443,-0.096498970285378,-0.2459016393442623,-0.1265822784810126,0.1185839377889526,-0.0897960804280653,-0.3676538999877955,-0.4979444267269194,-0.7852035591391329,-0.6600633914421553,Energy,10.0,3.0,86,8.856518497019858,7164.0,8472.0,11.297191891831032,10.651004540161598,11.30432563909686,10.659867714887898
SLB,2016Q4,2016,Q4,0,0,0,1,7107.0,914.0,6193.0,360.0,99.0,1570.0,554.0,-213.0,-204.0,261.0,57.0,77956.0,41078.0,80594.0,42234.0,0.0367243562684677,0.0139299282397636,0.128605600112565,0.0779513156043337,-0.0287040945546644,253.0,257.0,240.0,276.0,273.0,279.0,267.0,324.0,301.0,309.0,284.0,304.0,0.0360450206582134,0.0358738135120044,0.0368098159509202,0.0356404958677685,0.0322237960339943,0.0309655937846836,0.0260538641686182,0.025630883632624,0.0238019927249723,0.025634644101543,0.0252691520597917,0.0255333445321686,-0.0822572314049586,-0.7992125984251969,-0.3705234159779614,-0.0543478260869565,-33.708333333333336,-0.4693486590038314,-0.8067150635208711,-0.0157342657342657,-0.25,-0.1176470588235294,0.0304109237065721,-0.1827775432672013,-0.3141034660663195,-0.4217864099234094,-0.7812160352053925,-1.077027027027027,Energy,10.0,4.0,87,8.868976189274543,7019.0,7744.0,11.263912671608626,10.623252321000344,11.297191891831032,10.651004540161598
SLB,2017Q1,2017,Q1,1,0,0,0,6894.0,818.0,6076.0,309.0,98.0,1498.0,509.0,334.0,279.0,211.0,490.0,76175.0,40606.0,77956.0,41078.0,0.0306063243400058,0.014215259646069,0.1186539019437191,0.0738323179576443,0.0404699738903394,261.0,253.0,257.0,240.0,276.0,273.0,279.0,267.0,324.0,301.0,309.0,284.0,0.0367243562684677,0.0360450206582134,0.0358738135120044,0.0368098159509202,0.0356404958677685,0.0322237960339943,0.0309655937846836,0.0260538641686182,0.025630883632624,0.0238019927249723,0.025634644101543,0.0252691520597917,0.057361963190184,-0.4431137724550898,-0.2283018867924527,-0.1208333333333333,-0.1067382230172927,-0.2830985915492957,-0.4630225080385852,0.1128205128205128,-0.1090909090909091,-0.1171428571428571,-0.1685281887631757,-0.1574227918875438,-0.2701665654027839,-0.3219905449523365,-0.4733248906885967,-0.3387314439946018,Energy,10.0,1.0,88,8.838551790227402,7107.0,6520.0,11.2408017314343,10.611695744521377,11.263912671608626,10.623252321000344
SLB,2017Q2,2017,Q2,0,1,0,0,7462.0,994.0,6468.0,306.0,110.0,1674.0,688.0,17.0,-74.0,196.0,122.0,74862.0,39520.0,76175.0,40606.0,0.0262664165103189,0.0147413562047708,0.1332082551594746,0.0922004824443848,-0.0099169123559367,211.0,261.0,253.0,257.0,240.0,276.0,273.0,279.0,267.0,324.0,301.0,309.0,0.0306063243400058,0.0367243562684677,0.0360450206582134,0.0358738135120044,0.0368098159509202,0.0356404958677685,0.0322237960339943,0.0309655937846836,0.0260538641686182,0.025630883632624,0.0238019927249723,0.025634644101543,0.0415968732551648,-0.9657407407407408,0.170789163722026,-0.2373540856031128,2.423312883435583,0.4069529652351737,-1.0067621320604614,0.0242280285035629,0.0679611650485436,-0.15,-0.2678108642804475,0.0253114160289154,0.1240329092608676,0.3507653501668166,-0.9671089073528096,-1.0641093011035208,Energy,10.0,2.0,89,8.917712757131387,6894.0,7164.0,11.223415055461752,10.584587455185398,11.2408017314343,10.611695744521377
SLB,2017Q3,2017,Q3,0,0,1,0,7905.0,1108.0,6797.0,304.0,115.0,1760.0,804.0,677.0,545.0,189.0,734.0,73569.0,39573.0,74862.0,39520.0,0.0239089184060721,0.0145477545857052,0.1401644528779253,0.101707779886148,0.068943706514864,196.0,211.0,261.0,253.0,257.0,240.0,276.0,273.0,279.0,267.0,324.0,301.0,0.0262664165103189,0.0306063243400058,0.0367243562684677,0.0360450206582134,0.0358738135120044,0.0368098159509202,0.0356404958677685,0.0322237960339943,0.0309655937846836,0.0260538641686182,0.025630883632624,0.0238019927249723,0.1262288075224391,2.096590909090909,0.2633979475484607,-0.2529644268774703,0.1503267973856208,0.5112781954887218,2.385,0.106642787365679,0.25,-0.1188405797101449,-0.3366928921256121,0.1098987982289689,0.1217950909351861,0.3418926823700619,1.7495220228854005,0.710955710955711,Energy,10.0,3.0,90,8.97537724385663,7462.0,7019.0,11.20599261292631,10.585927615952386,11.223415055461752,10.584587455185398
SLB,2017Q4,2017,Q4,0,0,0,1,8179.0,978.0,7201.0,301.0,109.0,-1154.0,678.0,-2210.0,-2255.0,192.0,-2063.0,71987.0,36842.0,73569.0,39573.0,0.0234747524147206,0.0133268125687736,0.1195745201124831,0.0828952194644822,-0.275706076537474,189.0,196.0,211.0,261.0,253.0,257.0,240.0,276.0,273.0,279.0,267.0,324.0,0.0239089184060721,0.0262664165103189,0.0306063243400058,0.0367243562684677,0.0360450206582134,0.0358738135120044,0.0368098159509202,0.0356404958677685,0.0322237960339943,0.0309655937846836,0.0260538641686182,0.025630883632624,0.1508372027578444,10.053921568627452,0.0700218818380744,-0.264367816091954,-1.735031847133758,0.2238267148014441,9.375586854460094,0.1627644114322621,0.101010101010101,-0.1638888888888888,-0.3607851899945613,-0.0432963946840948,-0.0702230695411181,0.0634229688340703,8.60511316643053,-37.19298245614035,Energy,10.0,4.0,91,9.009447429596793,7905.0,7107.0,11.184254717441094,10.514420920278495,11.20599261292631,10.585927615952386
SLB,2018Q1,2018,Q1,1,0,0,0,7829.0,1027.0,6802.0,283.0,111.0,1618.0,744.0,643.0,525.0,172.0,697.0,71478.0,36924.0,71987.0,36842.0,0.0219696002043683,0.0141780559458423,0.1311789500574786,0.0950312939072678,0.067058372716822,192.0,189.0,196.0,211.0,261.0,253.0,257.0,240.0,276.0,273.0,279.0,267.0,0.0234747524147206,0.0239089184060721,0.0262664165103189,0.0306063243400058,0.0367243562684677,0.0360450206582134,0.0358738135120044,0.0368098159509202,0.0356404958677685,0.0322237960339943,0.0309655937846836,0.0260538641686182,0.1356251813170872,0.881720430107527,0.2555012224938875,-0.1848341232227488,0.0801068090787717,0.461689587426326,0.9251497005988024,0.1194865042791311,0.1326530612244898,-0.0841423948220064,-0.282187564886656,-0.0026171664220676,0.1055595130761093,0.287123261683113,0.6569907580995387,0.4224489795918367,Energy,10.0,1.0,92,8.965717788984849,8179.0,6894.0,11.177158979248253,10.51664410739958,11.184254717441094,10.514420920278495
SLB,2018Q2,2018,Q2,0,1,0,0,8303.0,1124.0,7179.0,289.0,114.0,1711.0,835.0,547.0,430.0,175.0,605.0,70156.0,36484.0,71478.0,36924.0,0.0210767192580994,0.0137299771167048,0.1353727568348789,0.1005660604600746,0.0517885101770444,172.0,192.0,189.0,196.0,211.0,261.0,253.0,257.0,240.0,276.0,273.0,279.0,0.0219696002043683,0.0234747524147206,0.0239089184060721,0.0262664165103189,0.0306063243400058,0.0367243562684677,0.0360450206582134,0.0358738135120044,0.0368098159509202,0.0356404958677685,0.0322237960339943,0.0309655937846836,0.1127043688019298,-6.8108108108108105,0.130784708249497,-0.1071428571428571,0.0221027479091995,0.2136627906976744,31.176470588235297,0.1099257884972171,0.0363636363636363,-0.0555555555555555,-0.1975791882452126,-0.0686082795922613,0.0162490055350772,0.0907324755131935,-6.222241391096022,3.959016393442623,Energy,10.0,2.0,93,9.024492605405669,7829.0,7462.0,11.158490866724785,10.50465649619972,11.177158979248253,10.51664410739958
SLB,2018Q3,2018,Q3,0,0,1,0,8504.0,1180.0,7324.0,282.0,105.0,1785.0,898.0,787.0,644.0,177.0,821.0,70046.0,36533.0,70156.0,36484.0,0.0208137347130762,0.0123471307619943,0.138758231420508,0.1055973659454374,0.0757290686735653,175.0,172.0,192.0,189.0,196.0,211.0,261.0,253.0,257.0,240.0,276.0,273.0,0.0210767192580994,0.0219696002043683,0.0234747524147206,0.0239089184060721,0.0262664165103189,0.0306063243400058,0.0367243562684677,0.0360450206582134,0.0358738135120044,0.0368098159509202,0.0356404958677685,0.0322237960339943,0.0757748260594559,0.181651376146789,0.0649819494584837,-0.0634920634920634,0.0142045454545454,0.1169154228855722,0.1624815361890694,0.0775342062674708,-0.0869565217391304,-0.0723684210526315,-0.1294572862070511,-0.1512689680559531,-0.0100326539899677,0.0382427584560731,0.0984188768156593,0.1185286103542233,Energy,10.0,3.0,94,9.048409504829962,8303.0,7905.0,11.156921724295607,10.50599861283663,11.158490866724785,10.50465649619972
SLB,2018Q4,2018,Q4,0,0,0,1,8180.0,1008.0,7172.0,292.0,114.0,1634.0,715.0,648.0,538.0,178.0,716.0,70507.0,36162.0,70046.0,36533.0,0.021760391198044,0.0139364303178484,0.1232273838630806,0.0874083129584352,0.0657701711491442,177.0,175.0,172.0,192.0,189.0,196.0,211.0,261.0,253.0,257.0,240.0,276.0,0.0208137347130762,0.0210767192580994,0.0219696002043683,0.0234747524147206,0.0239089184060721,0.0262664165103189,0.0306063243400058,0.0367243562684677,0.0360450206582134,0.0358738135120044,0.0368098159509202,0.0356404958677685,0.0001222643354932,-1.238580931263858,0.0306748466257669,-0.0729166666666666,-2.415944540727903,0.0545722713864307,-1.293212669683258,-0.004027218441883,0.0458715596330274,-0.0299003322259135,-0.0730300020374898,0.0457437024741482,0.0305488472557637,0.0544433505708576,-1.2385517648908428,-1.347067377605429,Energy,10.0,4.0,95,9.009569671513699,8504.0,8179.0,11.163481457539843,10.495791775666511,11.156921724295607,10.50599861283663
SLB,2019Q1,2019,Q1,1,0,0,0,7879.0,927.0,6952.0,285.0,112.0,1545.0,642.0,509.0,421.0,173.0,594.0,70321.0,36103.0,70507.0,36162.0,0.0219571011549689,0.0142150019037948,0.1176545246858738,0.08148242162711,0.0534331767990861,178.0,177.0,175.0,172.0,192.0,189.0,196.0,211.0,261.0,253.0,257.0,240.0,0.021760391198044,0.0208137347130762,0.0210767192580994,0.0219696002043683,0.0234747524147206,0.0239089184060721,0.0262664165103189,0.0306063243400058,0.0367243562684677,0.0360450206582134,0.0358738135120044,0.0368098159509202,0.0063865116873162,-0.1980952380952381,-0.0973709834469328,0.0058139534883721,-0.0451174289245982,-0.1370967741935483,-0.2083981337480559,0.0220523375477801,0.0090090090090089,0.0070671378091873,-0.0005689247543514,0.0026058549982905,-0.1030990518347552,-0.1425727433889185,-0.2031841120761033,-0.1477761836441894,Energy,10.0,1.0,96,8.972083182851925,8180.0,7829.0,11.160839973365304,10.494158941506837,11.163481457539843,10.495791775666511
SLB,2019Q2,2019,Q2,0,1,0,0,8269.0,1017.0,7252.0,293.0,114.0,1662.0,724.0,593.0,492.0,179.0,671.0,70591.0,35852.0,70321.0,36103.0,0.0216471157334623,0.0137864312492441,0.1229894787761518,0.0875559317934454,0.059499334865159,173.0,178.0,177.0,175.0,172.0,192.0,189.0,196.0,211.0,261.0,253.0,257.0,0.0219571011549689,0.021760391198044,0.0208137347130762,0.0210767192580994,0.0219696002043683,0.0234747524147206,0.0239089184060721,0.0262664165103189,0.0306063243400058,0.0367243562684677,0.0360450206582134,0.0358738135120044,-0.0040949054558593,0.1441860465116278,-0.0951957295373665,0.0228571428571429,-0.0286382232612507,-0.1329341317365269,0.0840950639853748,0.0101685471514139,0.0,0.0138408304498269,0.027062868199644,0.0041117426532835,-0.0914754072256324,-0.1293689800227818,0.1488906450823612,0.1090909090909091,Energy,10.0,2.0,97,9.020389788017736,7879.0,8303.0,11.164672102613174,10.48718252453499,11.160839973365304,10.494158941506837
SLB,2019Q3,2019,Q3,0,0,1,0,8541.0,1156.0,7385.0,296.0,120.0,-10913.0,860.0,-11971.0,-11383.0,176.0,-11207.0,57990.0,23913.0,70591.0,35852.0,0.020606486359911,0.0140498770635756,0.1353471490457791,0.1006907856222924,-1.3327479217890177,179.0,173.0,178.0,177.0,175.0,172.0,192.0,189.0,196.0,211.0,261.0,253.0,0.0216471157334623,0.0219571011549689,0.021760391198044,0.0208137347130762,0.0210767192580994,0.0219696002043683,0.0234747524147206,0.0239089184060721,0.0262664165103189,0.0306063243400058,0.0367243562684677,0.0360450206582134,0.0043508936970837,-18.67546583850932,-0.0203389830508474,-0.0056497175141242,-7.113725490196078,-0.0423162583518931,-16.210927573062264,0.0083287820862916,0.1428571428571428,0.0496453900709219,-0.0099572881091338,0.1379062337966448,-0.024582919080249,-0.0464649878263082,-18.598894917536967,-14.650426309378808,Energy,10.0,3.0,98,9.052750451401412,8269.0,8504.0,10.968043105074278,10.082219340479526,11.164672102613174,10.48718252453499
SLB,2019Q4,2019,Q4,0,0,0,1,8228.0,1101.0,7127.0,319.0,129.0,1451.0,783.0,452.0,333.0,190.0,523.0,56312.0,23760.0,57990.0,23913.0,0.0230918813806514,0.0156781720952843,0.1338113757899854,0.0951628585318424,0.0404715605250364,176.0,179.0,173.0,178.0,177.0,175.0,172.0,192.0,189.0,196.0,211.0,261.0,0.020606486359911,0.0216471157334623,0.0219571011549689,0.021760391198044,0.0208137347130762,0.0210767192580994,0.0219696002043683,0.0234747524147206,0.0239089184060721,0.0262664165103189,0.0306063243400058,0.0367243562684677,0.0058679706601467,-0.3810408921933085,0.0922619047619046,0.0674157303370786,-0.1119951040391676,0.0951048951048951,-0.3024691358024691,-0.0062744004461795,0.131578947368421,0.0924657534246575,0.0611887061445435,0.1249776117493539,0.0858899344861912,0.0887163395670931,-0.3846517377420106,-0.2695530726256983,Energy,10.0,4.0,99,9.015419779605713,8541.0,8180.0,10.938680693334582,10.075800860133013,10.968043105074278,10.082219340479526
SLB,2020Q1,2020,Q1,1,0,0,0,7455.0,831.0,6624.0,300.0,127.0,-7161.0,531.0,-8089.0,-7376.0,173.0,-7203.0,48594.0,15561.0,56312.0,23760.0,0.0232059020791415,0.0170355466130114,0.1114688128772635,0.0712273641851106,-0.989403085177733,190.0,176.0,179.0,173.0,178.0,177.0,175.0,172.0,192.0,189.0,196.0,211.0,0.0230918813806514,0.020606486359911,0.0216471157334623,0.0219571011549689,0.021760391198044,0.0208137347130762,0.0210767192580994,0.0219696002043683,0.0234747524147206,0.0239089184060721,0.0262664165103189,0.0306063243400058,-0.0538139357786521,-18.52019002375297,-0.1035598705501618,0.0,-5.63495145631068,-0.1728971962616822,-16.891944990176817,-0.0471806674338319,0.1339285714285714,0.0526315789473683,0.0568745808182427,0.1984202836064001,-0.0525752139590509,-0.1258560710054721,-19.51664348720988,-13.126262626262626,Energy,10.0,1.0,100,8.916774356365426,8228.0,7879.0,10.79127592393757,9.652587324176876,10.938680693334582,10.075800860133013
SLB,2020Q2,2020,Q2,0,1,0,0,5356.0,431.0,4925.0,223.0,81.0,-2879.0,208.0,-3627.0,-3434.0,142.0,-3292.0,44667.0,12040.0,48594.0,15561.0,0.0265123226288274,0.0151232262882748,0.080470500373413,0.0388349514563106,-0.6411501120238984,173.0,190.0,176.0,179.0,173.0,178.0,177.0,175.0,172.0,192.0,189.0,196.0,0.0232059020791415,0.0230918813806514,0.020606486359911,0.0216471157334623,0.0219571011549689,0.021760391198044,0.0208137347130762,0.0210767192580994,0.0219696002043683,0.0234747524147206,0.0239089184060721,0.0262664165103189,-0.3522795985004232,-7.979674796747967,-0.576204523107178,-0.2067039106145251,-2.732250300842358,-0.7127071823204421,-7.116357504215852,-0.320876999448428,-0.2894736842105263,-0.2389078498293515,0.2247508146244383,0.0969645454188121,-0.3457123229225644,-0.556455506088076,-11.775752594157757,-5.906110283159464,Energy,10.0,2.0,101,8.58615939588096,7455.0,8269.0,10.707012640565683,9.39607277189222,10.79127592393757,9.652587324176876
SLB,2020Q3,2020,Q3,0,0,1,0,5258.0,634.0,4624.0,222.0,85.0,671.0,412.0,-54.0,-82.0,137.0,55.0,44066.0,11941.0,44667.0,12040.0,0.0260555344237352,0.0161658425256751,0.1205781666032712,0.0783567896538607,-0.0155952833777101,142.0,173.0,190.0,176.0,179.0,173.0,178.0,177.0,175.0,172.0,192.0,189.0,0.0265123226288274,0.0232059020791415,0.0230918813806514,0.020606486359911,0.0216471157334623,0.0219571011549689,0.021760391198044,0.0208137347130762,0.0210767192580994,0.0219696002043683,0.0234747524147206,0.0239089184060721,-0.3843812199976584,-0.9927962751471492,-0.4515570934256055,-0.221590909090909,-1.061486300742234,-0.5209302325581395,-0.9954890986550832,-0.3738659444820582,-0.2916666666666666,-0.25,0.264433633597289,0.1506038417649298,-0.1091192725272151,-0.2218077436818314,-0.9882983997778246,-1.0049076470063354,Energy,10.0,3.0,102,8.567696173589344,5356.0,8541.0,10.693466481999524,9.387816877106937,10.707012640565683,9.39607277189222
SLB,2020Q4,2020,Q4,0,0,0,1,5532.0,704.0,4828.0,200.0,71.0,1043.0,504.0,471.0,374.0,129.0,503.0,42434.0,12071.0,44066.0,11941.0,0.0233188720173535,0.0128344179320318,0.1272595806218366,0.0911062906724512,0.0676066522053506,137.0,142.0,173.0,190.0,176.0,179.0,173.0,178.0,177.0,175.0,172.0,192.0,0.0260555344237352,0.0265123226288274,0.0232059020791415,0.0230918813806514,0.020606486359911,0.0216471157334623,0.0219571011549689,0.021760391198044,0.0208137347130762,0.0210767192580994,0.0219696002043683,0.0234747524147206,-0.3276616431696645,0.1231231231231231,-0.3605812897366031,-0.3210526315789473,-0.2811853893866299,-0.3563218390804598,0.0420353982300885,-0.3225761189841448,-0.4496124031007752,-0.3730407523510971,0.0098298892567643,-0.1813830174824978,-0.0489629161158297,-0.0426276377357235,0.6704730761129891,-0.0382409177820267,Energy,10.0,4.0,103,8.618485442898109,5258.0,8228.0,10.655728772403778,9.398644000447685,10.693466481999524,9.387816877106937
SLB,2021Q1,2021,Q1,1,0,0,0,5223.0,719.0,4504.0,216.0,81.0,1054.0,503.0,386.0,299.0,135.0,434.0,42036.0,12543.0,42434.0,12071.0,0.0258472142446869,0.0155083285468121,0.1376603484587402,0.096304805667241,0.0572467930308251,129.0,137.0,142.0,173.0,190.0,176.0,179.0,173.0,178.0,177.0,175.0,172.0,0.0233188720173535,0.0260555344237352,0.0265123226288274,0.0232059020791415,0.0230918813806514,0.020606486359911,0.0216471157334623,0.0219571011549689,0.021760391198044,0.0208137347130762,0.0210767192580994,0.0219696002043683,-0.2993963782696177,-1.0405368763557483,-0.1347773766546329,-0.2196531791907514,-1.1471861471861473,-0.0527306967984934,-1.0477191247372977,-0.3200483091787439,-0.3622047244094488,-0.28,0.1138207063245162,-0.0896489030198047,0.2349673859926693,0.3520759439722825,-1.0578599297783082,-1.0602526724975705,Energy,10.0,1.0,104,8.561018670956267,5532.0,7455.0,10.646305461835654,9.436997742590188,10.655728772403778,9.398644000447685
SLB,2021Q2,2021,Q2,0,1,0,0,5634.0,866.0,4768.0,204.0,70.0,1204.0,662.0,542.0,431.0,134.0,565.0,40908.0,12762.0,42036.0,12543.0,0.0237841675541356,0.01242456514022,0.1537096201632942,0.1175008874689385,0.0764998225062122,135.0,129.0,137.0,142.0,173.0,190.0,176.0,179.0,173.0,178.0,177.0,175.0,0.0258472142446869,0.0233188720173535,0.0260555344237352,0.0265123226288274,0.0232059020791415,0.0230918813806514,0.020606486359911,0.0216471157334623,0.0219571011549689,0.021760391198044,0.0208137347130762,0.0210767192580994,0.0519044062733382,-1.125509609784508,1.0092807424593966,-0.0563380281690141,-1.4182007641542205,2.1826923076923075,-1.149434794596085,-0.0318781725888325,-0.1358024691358025,-0.0852017937219731,-0.1029013984510542,-0.1784448038145825,0.910136254279824,2.025647852325169,-1.1193165548466142,-1.1716281895504252,Energy,10.0,2.0,105,8.636752426473876,5223.0,5356.0,10.61910536672344,9.45430563898269,10.646305461835654,9.436997742590188
SLB,2021Q3,2021,Q3,0,0,1,0,5847.0,985.0,4862.0,220.0,80.0,1351.0,765.0,691.0,550.0,140.0,690.0,41038.0,13362.0,40908.0,12762.0,0.0239439028561655,0.0136822302035231,0.1684624593808791,0.1308363263211903,0.0940653326492218,134.0,135.0,129.0,137.0,142.0,173.0,190.0,176.0,179.0,173.0,178.0,177.0,0.0237841675541356,0.0258472142446869,0.0233188720173535,0.0260555344237352,0.0265123226288274,0.0232059020791415,0.0230918813806514,0.020606486359911,0.0216471157334623,0.0219571011549689,0.021760391198044,0.0208137347130762,0.112019779383796,-7.7073170731707314,0.553627760252366,0.0218978102189781,1.0134128166915053,0.8567961165048543,-13.796296296296296,0.0514705882352941,-0.0588235294117647,-0.009009009009009,-0.0810434947611788,-0.1536333363514724,0.3971224154963126,0.6697509800893662,-7.031652671580589,11.545454545454543,Energy,10.0,3.0,106,8.673855001429615,5634.0,5258.0,10.62227811307605,9.500244972781061,10.61910536672344,9.45430563898269
SLB,2021Q4,2021,Q4,0,0,0,1,6225.0,1089.0,5136.0,254.0,109.0,1425.0,836.0,756.0,601.0,145.0,746.0,41511.0,15004.0,41038.0,13362.0,0.023293172690763,0.0175100401606425,0.1749397590361446,0.13429718875502,0.0965461847389558,140.0,134.0,135.0,129.0,137.0,142.0,173.0,190.0,176.0,179.0,173.0,178.0,0.0239439028561655,0.0237841675541356,0.0258472142446869,0.0233188720173535,0.0260555344237352,0.0265123226288274,0.0232059020791415,0.0230918813806514,0.020606486359911,0.0216471157334623,0.0219571011549689,0.021760391198044,0.1252711496746203,0.606951871657754,0.546875,0.1240310077519379,0.3662511984659635,0.6587301587301588,0.605095541401274,0.0637945318972659,0.5352112676056338,0.27,-0.0011020827496029,0.364303410826404,0.3746686746987953,0.4740715241920061,0.4280574705238065,0.4831013916500994,Energy,10.0,4.0,107,8.736489351001554,5847.0,5532.0,10.633737821047575,9.616138757874468,10.62227811307605,9.500244972781061
SLB,2022Q1,2022,Q1,1,0,0,0,5962.0,949.0,5013.0,238.0,97.0,1294.0,711.0,638.0,510.0,141.0,651.0,41967.0,15347.0,41511.0,15004.0,0.0236497819523649,0.0162697081516269,0.1591747735659174,0.1192552834619255,0.0855417645085541,145.0,140.0,134.0,135.0,129.0,137.0,142.0,173.0,190.0,176.0,179.0,173.0,0.023293172690763,0.0239439028561655,0.0237841675541356,0.0258472142446869,0.0233188720173535,0.0260555344237352,0.0265123226288274,0.0232059020791415,0.0230918813806514,0.020606486359911,0.0216471157334623,0.0219571011549689,0.141489565383879,0.705685618729097,0.3198887343532683,0.0444444444444445,0.2277039848197344,0.4135188866799204,0.6528497409326426,0.1130106571936055,0.1975308641975308,0.1018518518518518,-0.0850162137985016,0.0490948848882428,0.1562862897563099,0.2383108260867534,0.4942629967497609,0.5,Energy,10.0,1.0,108,8.693328989123106,6225.0,5223.0,10.644662702106656,9.638740451366843,10.633737821047575,9.616138757874468
SLB,2022Q2,2022,Q2,0,1,0,0,6773.0,1205.0,5568.0,240.0,86.0,1808.0,965.0,1152.0,959.0,154.0,1113.0,42827.0,16325.0,41967.0,15347.0,0.0227373394359958,0.0126974752694522,0.177912298833604,0.1424774841281559,0.1415916137605197,141.0,145.0,140.0,134.0,135.0,129.0,137.0,142.0,173.0,190.0,176.0,179.0,0.0236497819523649,0.023293172690763,0.0239439028561655,0.0237841675541356,0.0258472142446869,0.0233188720173535,0.0260555344237352,0.0265123226288274,0.0232059020791415,0.0230918813806514,0.020606486359911,0.0216471157334623,0.2021654242101527,1.2250580046403714,0.3914549653579677,0.1492537313432835,0.5016611295681064,0.457703927492447,1.1254612546125462,0.1677852348993289,0.2285714285714286,0.1764705882352941,-0.0440136538626811,0.0219653666870556,0.1574571496865184,0.2125651745891699,0.8508750624750996,0.9699115044247788,Energy,10.0,2.0,109,8.820847033377717,5962.0,5634.0,10.66494737327816,9.7005142080113,10.644662702106656,9.638740451366843
SLB,2022Q3,2022,Q3,0,0,1,0,7477.0,1435.0,6042.0,254.0,94.0,1789.0,1181.0,1134.0,907.0,160.0,1067.0,44093.0,17199.0,42827.0,16325.0,0.0213989568008559,0.0125718871205028,0.1919218938076768,0.157951049886318,0.1213053363648522,154.0,141.0,145.0,140.0,134.0,135.0,129.0,137.0,142.0,173.0,190.0,176.0,0.0227373394359958,0.0236497819523649,0.023293172690763,0.0239439028561655,0.0237841675541356,0.0258472142446869,0.0233188720173535,0.0260555344237352,0.0265123226288274,0.0232059020791415,0.0230918813806514,0.020606486359911,0.2787754403967846,0.6490909090909092,0.4568527918781726,0.1428571428571428,0.3242042931162101,0.5437908496732027,0.6410998552821998,0.2426984779925955,0.175,0.1545454545454545,-0.1062878541813944,-0.081152200080246,0.1392561554248597,0.2072415538369953,0.2895860031368926,0.5463768115942029,Energy,10.0,3.0,110,8.91972065553706,6773.0,5847.0,10.694078997756927,9.752664662801545,10.66494737327816,9.7005142080113
SLB,2022Q4,2022,Q4,0,0,0,1,7879.0,1571.0,6308.0,277.0,99.0,1539.0,1294.0,1347.0,1064.0,178.0,1242.0,43135.0,17685.0,44093.0,17199.0,0.0225916994542454,0.0125650463256758,0.1993907856326945,0.1642340398527731,0.1350425180860515,160.0,154.0,141.0,145.0,140.0,134.0,135.0,129.0,137.0,142.0,173.0,190.0,0.0213989568008559,0.0227373394359958,0.0236497819523649,0.023293172690763,0.0239439028561655,0.0237841675541356,0.0258472142446869,0.0233188720173535,0.0260555344237352,0.0265123226288274,0.0232059020791415,0.0230918813806514,0.2657028112449799,0.7703826955074875,0.4426078971533518,0.2275862068965517,0.08,0.5478468899521531,0.7817460317460319,0.2281931464174456,-0.091743119266055,0.0905511811023622,-0.0301149717056689,-0.2824090515841087,0.1397682649802782,0.2229149498606615,0.3987349003089364,0.6648793565683646,Energy,10.0,4.0,111,8.972083182851925,7477.0,6225.0,10.67211319427198,9.78052864513568,10.694078997756927,9.752664662801545
SLB,2023Q1,2023,Q1,1,0,0,0,7736.0,1451.0,6285.0,265.0,91.0,1841.0,1186.0,1161.0,934.0,174.0,1108.0,43855.0,18068.0,43135.0,17685.0,0.0224922440537745,0.0117631851085832,0.187564632885212,0.1533092037228542,0.1207342295760082,178.0,160.0,154.0,141.0,145.0,140.0,134.0,135.0,129.0,137.0,142.0,173.0,0.0225916994542454,0.0213989568008559,0.0227373394359958,0.0236497819523649,0.023293172690763,0.0239439028561655,0.0237841675541356,0.0258472142446869,0.0233188720173535,0.0260555344237352,0.0265123226288274,0.0232059020791415,0.2975511573297551,0.8313725490196078,0.5289778714436248,0.2340425531914893,0.4227202472952087,0.6680731364275667,0.8197492163009403,0.253740275284261,-0.0618556701030927,0.1134453781512605,-0.048944971286497,-0.2769885606456359,0.1783565239848619,0.2855548137772949,0.4114068171218847,0.7019969278033795,Energy,10.0,1.0,112,8.953769294549454,7879.0,5962.0,10.688666818542567,9.801953041711831,10.67211319427198,9.78052864513568
SLB,2023Q2,2023,Q2,0,1,0,0,8099.0,1597.0,6502.0,259.0,96.0,1899.0,1338.0,1293.0,1033.0,163.0,1196.0,44826.0,18608.0,43855.0,18068.0,0.020125941474256,0.0118533152241017,0.1971848376342758,0.165205580935918,0.1275466106926781,174.0,178.0,160.0,154.0,141.0,145.0,140.0,134.0,135.0,129.0,137.0,142.0,0.0224922440537745,0.0225916994542454,0.0213989568008559,0.0227373394359958,0.0236497819523649,0.023293172690763,0.0239439028561655,0.0237841675541356,0.0258472142446869,0.0233188720173535,0.0260555344237352,0.0265123226288274,0.1957773512476008,0.0771637122002084,0.325311203319502,0.0584415584415585,0.0503318584070795,0.3865284974093264,0.1223958333333332,0.1677442528735633,0.1162790697674418,0.0791666666666666,-0.1148506389276855,-0.0664825114785919,0.1083260624870956,0.1595206214289872,-0.0991937495083327,0.0745732255166218,Energy,10.0,2.0,113,8.99961934066053,7736.0,6773.0,10.71056591543671,9.831400613641227,10.688666818542567,9.801953041711831
SLB,2023Q3,2023,Q3,0,0,1,0,8310.0,1718.0,6592.0,267.0,81.0,2103.0,1451.0,1395.0,1123.0,186.0,1309.0,45813.0,19386.0,44826.0,18608.0,0.0223826714801444,0.0097472924187725,0.2067388688327316,0.1746089049338146,0.1351383874849578,163.0,174.0,178.0,160.0,154.0,141.0,145.0,140.0,134.0,135.0,129.0,137.0,0.020125941474256,0.0224922440537745,0.0225916994542454,0.0213989568008559,0.0227373394359958,0.0236497819523649,0.023293172690763,0.0239439028561655,0.0237841675541356,0.0258472142446869,0.0233188720173535,0.0260555344237352,0.1114083188444563,0.2381477398015434,0.1972125435540068,0.1625000000000001,0.1755170486305197,0.2286198137171888,0.2301587301587302,0.0910294604435617,-0.1382978723404255,0.0511811023622046,0.0459702166064981,-0.2246754743067823,0.0772031514023237,0.1054621356394007,0.1140349759923153,0.2268041237113403,Energy,10.0,3.0,114,9.025335217553026,8099.0,7477.0,10.73234500024852,9.872358017339208,10.71056591543671,9.831400613641227
SLB,2023Q4,2023,Q4,0,0,0,1,8990.0,1796.0,7194.0,283.0,96.0,1619.0,1513.0,1433.0,1112.0,187.0,1299.0,47957.0,20189.0,45813.0,19386.0,0.0208008898776418,0.0106785317018909,0.1997775305895439,0.1682981090100111,0.1236929922135706,186.0,163.0,174.0,178.0,160.0,154.0,141.0,145.0,140.0,134.0,135.0,129.0,0.0223826714801444,0.020125941474256,0.0224922440537745,0.0225916994542454,0.0213989568008559,0.0227373394359958,0.0236497819523649,0.023293172690763,0.0239439028561655,0.0237841675541356,0.0258472142446869,0.0233188720173535,0.1410077420992512,0.0451127819548873,0.1432208784213877,0.050561797752809,0.0519818063677712,0.1692426584234929,0.0638455827765405,0.1404565630944831,-0.0303030303030302,0.0216606498194946,-0.0792684755846072,-0.1501398860686958,0.0019396330458414,0.0247455957417912,-0.0840440924335309,0.0458937198067632,Energy,10.0,4.0,115,9.103979355984773,8310.0,7879.0,10.778080906854074,9.912942711306883,10.73234500024852,9.872358017339208
SLB,2024Q1,2024,Q1,1,0,0,0,8710.0,1700.0,7007.0,303.0,121.0,2070.0,1397.0,1357.0,1068.0,182.0,1250.0,47856.0,20736.0,47957.0,20189.0,0.0208955223880597,0.0138920780711825,0.1951779563719862,0.1603903559127439,0.122617680826636,187.0,186.0,163.0,174.0,178.0,160.0,154.0,141.0,145.0,140.0,134.0,135.0,0.0208008898776418,0.0223826714801444,0.020125941474256,0.0224922440537745,0.0225916994542454,0.0213989568008559,0.0227373394359958,0.0236497819523649,0.023293172690763,0.0239439028561655,0.0237841675541356,0.0258472142446869,0.125904860392968,0.1434689507494646,0.1716057891109579,0.0459770114942528,0.1243889190657252,0.1779089376053964,0.1688199827734711,0.1148766905330151,0.3296703296703296,0.1433962264150943,-0.0709898781952306,0.180979296249101,0.0405904000645662,0.0461886959030246,0.0155999773820734,0.128158844765343,Energy,10.0,1.0,116,9.072341873818893,8990.0,7736.0,10.775972676672808,9.93967482329784,10.778080906854074,9.912942711306883
SLB,2024Q2,2024,Q2,0,1,0,0,9139.0,1877.0,7230.0,282.0,94.0,2184.0,1595.0,1421.0,1112.0,188.0,1300.0,49373.0,21071.0,47856.0,20736.0,0.0205711784659153,0.0102855892329576,0.2053835211729948,0.1745267534741219,0.121676332202648,182.0,187.0,186.0,163.0,174.0,178.0,160.0,154.0,141.0,145.0,140.0,134.0,0.0208955223880597,0.0208008898776418,0.0223826714801444,0.020125941474256,0.0224922440537745,0.0225916994542454,0.0213989568008559,0.0227373394359958,0.0236497819523649,0.023293172690763,0.0239439028561655,0.0237841675541356,0.1284109149277688,0.0764762826718297,0.1753287413901063,0.1533742331288343,0.1500789889415481,0.1920777279521675,0.0989945862335652,0.1119655490618272,-0.0208333333333333,0.0888030888030888,0.0221225423033626,-0.1322605500237078,0.0415786712461399,0.0564216564924611,-0.0460245745312235,0.0869565217391303,Energy,10.0,2.0,117,9.120415664448196,8710.0,8099.0,10.807179248833767,9.955700423983062,10.775972676672808,9.93967482329784
SLB,2024Q3,2024,Q3,0,0,1,0,9159.0,1922.0,7237.0,277.0,90.0,2283.0,1645.0,1507.0,1186.0,187.0,1373.0,49775.0,21511.0,49373.0,21071.0,0.0204170761000109,0.0098264002620373,0.2098482367070641,0.1796047603450158,0.1294901190086254,188.0,182.0,187.0,186.0,163.0,174.0,178.0,160.0,154.0,141.0,145.0,140.0,0.0205711784659153,0.0208955223880597,0.0208008898776418,0.0223826714801444,0.020125941474256,0.0224922440537745,0.0225916994542454,0.0213989568008559,0.0227373394359958,0.0236497819523649,0.023293172690763,0.0239439028561655,0.1021660649819493,0.0560997328584149,0.118742724097788,0.0053763440860215,0.0855920114122681,0.1337008959338388,0.0802867383512544,0.0978458737864078,0.1111111111111111,0.0374531835205993,-0.0878177290801572,0.008115878734942,0.015040073943948,0.0286116874342394,-0.0417961807999314,0.0488922841864019,Energy,10.0,3.0,118,9.122601457668177,9139.0,8310.0,10.815288219137418,9.9763661979487,10.807179248833767,9.955700423983062
SLB,2024Q4,2024,Q4,0,0,0,1,9284.0,1961.0,7323.0,272.0,80.0,1532.0,1689.0,1387.0,1095.0,192.0,1287.0,48935.0,21130.0,49775.0,21511.0,0.0206807410598879,0.0086169754416199,0.21122361051271,0.181925894011202,0.1179448513571736,187.0,188.0,182.0,187.0,186.0,163.0,174.0,178.0,160.0,154.0,141.0,145.0,0.0204170761000109,0.0205711784659153,0.0208955223880597,0.0208008898776418,0.0223826714801444,0.020125941474256,0.0224922440537745,0.0225916994542454,0.0213989568008559,0.0227373394359958,0.0236497819523649,0.023293172690763,0.0327030033370412,-0.0152877697841726,0.091870824053452,0.0267379679144386,-0.0537368746139592,0.1163251817580965,-0.0321004884856943,0.0179316096747288,-0.1666666666666666,-0.03886925795053,-0.0057761383508398,-0.1930561539566279,0.0572941305730865,0.0809740827235336,-0.0464710308444326,-0.0092378752886835,Energy,10.0,4.0,119,9.136155473786806,9159.0,8990.0,10.7982686009224,9.958496435566927,10.815288219137418,9.9763661979487
SLB,2025Q1,2025,Q1,1,0,0,0,8490.0,1606.0,6884.0,268.0,96.0,1850.0,1338.0,1063.0,797.0,172.0,969.0,49002.0,19515.0,48935.0,21130.0,0.0202591283863368,0.0113074204946996,0.1891637220259128,0.1575971731448763,0.0938751472320376,192.0,187.0,188.0,182.0,187.0,186.0,163.0,174.0,178.0,160.0,154.0,141.0,0.0206807410598879,0.0204170761000109,0.0205711784659153,0.0208955223880597,0.0208008898776418,0.0223826714801444,0.020125941474256,0.0224922440537745,0.0225916994542454,0.0213989568008559,0.0227373394359958,0.0236497819523649,-0.0252583237657864,-0.2537453183520599,-0.0552941176470588,-0.0549450549450549,-0.106280193236715,-0.0422333571939871,-0.2166543846720707,-0.0175538746967318,-0.2066115702479338,-0.1155115511551154,-0.0304559986538786,-0.1860526238939345,-0.0308141065613525,-0.0174149047302271,-0.2344077412068835,-0.2248,Energy,10.0,1.0,120,9.046762057999363,9284.0,8710.0,10.799636799708416,9.878989920935728,10.7982686009224,9.958496435566927
SLB,2025Q2,2025,Q2,0,1,0,0,8546.0,1612.0,6934.0,267.0,87.0,2060.0,1345.0,1285.0,1014.0,180.0,1194.0,48769.0,20302.0,49002.0,19515.0,0.021062485373274,0.0101802012637491,0.188626257898432,0.1573835712614088,0.1186520009361104,172.0,192.0,187.0,188.0,182.0,187.0,186.0,163.0,174.0,178.0,160.0,154.0,0.0202591283863368,0.0206807410598879,0.0204170761000109,0.0205711784659153,0.0208955223880597,0.0208008898776418,0.0223826714801444,0.020125941474256,0.0224922440537745,0.0225916994542454,0.0213989568008559,0.0227373394359958,-0.0648867490972754,-0.0881294964028777,-0.1411827384123601,-0.0425531914893616,-0.0567765567765568,-0.1567398119122257,-0.095707248416608,-0.0409405255878284,-0.074468085106383,-0.0531914893617021,0.0238832650337845,-0.0102461771340082,-0.0815901060555299,-0.0982266722520279,-0.0248555426662648,-0.0815384615384615,Energy,10.0,2.0,121,9.053335623166017,8490.0,9139.0,10.794870648704098,9.918523937362242,10.799636799708416,9.878989920935728
SLB,2025Q3,2025,Q3,0,0,1,0,8928.0,1558.0,7370.0,242.0,72.0,1780.0,1316.0,1000.0,739.0,170.0,909.0,55093.0,25635.0,48769.0,20302.0,0.0190412186379928,0.0080645161290322,0.1745071684587813,0.1474014336917562,0.0827732974910394,180.0,172.0,192.0,187.0,188.0,182.0,187.0,186.0,163.0,174.0,178.0,160.0,0.021062485373274,0.0202591283863368,0.0206807410598879,0.0204170761000109,0.0205711784659153,0.0208955223880597,0.0208008898776418,0.0223826714801444,0.020125941474256,0.0224922440537745,0.0225916994542454,0.0213989568008559,-0.0252210940058958,-0.3768971332209107,-0.1893860561914672,-0.0909090909090909,-0.2203241349102058,-0.1999999999999999,-0.3364299933642999,0.0183777808484177,-0.1999999999999999,-0.1263537906137184,-0.0673875855327469,-0.1793010752688172,-0.1684125099302921,-0.1793010752688172,-0.3607751840468548,-0.337946103423161,Energy,10.0,3.0,122,9.097059685517216,8546.0,9159.0,10.916796096289781,10.151752892624117,10.794870648704098,9.918523937362242
