ticker,Year_Quarter,year,quarter,Q1,Q2,Q3,Q4,revenue,grossProfit,costOfRevenue,operatingExpenses,snaExpenses,ebitda,operatingIncome,incomeBeforeTax,netIncome,rnd,net_plus_rnd,totalAssets,totalEquity,totalAssets_lag1,totalEquity_lag1,rnd_to_rev_ratio,sna_to_rev_ratio,grossProfitRatio,operatingIncomeRatio,netIncomeRatio,rnd_lag1,rnd_lag2,rnd_lag3,rnd_lag4,rnd_lag5,rnd_lag6,rnd_lag7,rnd_lag8,rnd_lag9,rnd_lag10,rnd_lag11,rnd_lag12,rnd_to_rev_ratio_lag1,rnd_to_rev_ratio_lag2,rnd_to_rev_ratio_lag3,rnd_to_rev_ratio_lag4,rnd_to_rev_ratio_lag5,rnd_to_rev_ratio_lag6,rnd_to_rev_ratio_lag7,rnd_to_rev_ratio_lag8,rnd_to_rev_ratio_lag9,rnd_to_rev_ratio_lag10,rnd_to_rev_ratio_lag11,rnd_to_rev_ratio_lag12,revenue_yoy,netIncome_yoy,grossProfit_yoy,rnd_yoy,ebitda_yoy,operatingIncome_yoy,incomeBeforeTax_yoy,costOfRevenue_yoy,snaExpenses_yoy,operatingExpenses_yoy,rnd_to_rev_ratio_yoy,sna_to_rev_ratio_yoy,grossProfitRatio_yoy,operatingIncomeRatio_yoy,netIncomeRatio_yoy,net_plus_rnd_yoy,gics_sectors,gics_sector_code,quarter_int,time_idx,revenue_log,revenue_lag1,revenue_lag4,totalAssets_log,totalEquity_log,totalAssets_lag1_log,totalEquity_lag1_log
TXN,1995Q2,1995,Q2,0,1,0,0,3238.0,1090.0,2148.0,687.0,472.0,383.0,403.0,410.0,278.0,215.0,493.0,7961.0,3558.0,7421.0,3273.0,0.0663990117356392,0.1457689932056825,0.3366275478690549,0.1244595429277331,0.0858554663372452,213.0,,,,,,,,,,,,0.0744234800838574,,,,,,,,,,,,,,,,,,,,,,,,,,,,Information Technology,45.0,2.0,1,8.08301991917133,2862.0,,8.982435503560263,8.177234885510194,8.912203841620542,8.09376775793108
TXN,1995Q3,1995,Q3,0,0,1,0,3425.0,1103.0,2322.0,666.0,445.0,431.0,437.0,431.0,289.0,221.0,510.0,8644.0,3849.0,7961.0,3558.0,0.06493770958913984,0.12992700729927,0.3220437956204379,0.1275912408759124,0.0843795620437956,215.0,213.0,,,,,,,,,,,0.0663990117356392,0.0744234800838574,,,,,,,,,,,,,,,,,,,,,,,,,,,Information Technology,45.0,3.0,2,8.139148678884066,3238.0,,9.064736398117391,8.25582842728183,8.982435503560263,8.177234885510194
TXN,1995Q4,1995,Q4,0,0,0,1,3603.0,1032.0,2571.0,623.0,623.0,378.0,409.0,430.0,291.0,0.0,291.0,9215.0,4095.0,8644.0,3849.0,0.06493770958913984,0.1729114626699972,0.2864279766860949,0.1135165140160976,0.0807660283097418,221.0,215.0,213.0,,,,,,,,,,0.06493770958913984,0.0663990117356392,0.0744234800838574,,,,,,,,,,,,,,,,,,,,,,,,,,Information Technology,45.0,4.0,3,8.189799618728228,3425.0,,9.128696382935672,8.317766166719343,9.064736398117391,8.25582842728183
TXN,1996Q1,1996,Q1,1,0,0,0,2675.0,786.0,1889.0,640.0,397.0,146.0,197.0,240.0,163.0,243.0,406.0,9122.0,4231.0,9215.0,4095.0,0.0908411214953271,0.148411214953271,0.2938317757009346,0.0736448598130841,0.0609345794392523,0.0,221.0,215.0,213.0,,,,,,,,,0.06493770958913984,0.06493770958913984,0.0663990117356392,0.0744234800838574,,,,,,,,,-0.0653389238294899,-0.2913043478260869,-0.1803962460896767,0.1408450704225352,-0.5755813953488372,-0.4273255813953488,-0.3103448275862068,-0.0073568050446662,-0.0124378109452736,0.0406504065040651,0.2205976043174937,0.0565992467568698,-0.1231005817976278,-0.3872918930667246,-0.2417618854124339,-0.0835214446952595,Information Technology,45.0,1.0,4,7.892078421248119,3603.0,2862.0,9.118553976345474,8.350429973538136,9.128696382935672,8.317766166719343
TXN,1996Q2,1996,Q2,0,1,0,0,2399.0,677.0,1722.0,637.0,402.0,40.0,95.0,92.0,76.0,235.0,311.0,9241.0,4279.0,9122.0,4231.0,0.0979574822842851,0.1675698207586494,0.2822009170487703,0.0395998332638599,0.0316798666110879,243.0,0.0,221.0,215.0,213.0,,,,,,,,0.0908411214953271,0.06493770958913984,0.06493770958913984,0.0663990117356392,0.0744234800838574,,,,,,,,-0.2591105620753552,-0.7266187050359711,-0.3788990825688073,0.0930232558139534,-0.8955613577023499,-0.7642679900744417,-0.775609756097561,-0.1983240223463687,-0.1483050847457627,-0.0727802037845706,0.4752852448210012,0.1495573720688705,-0.1616820464184235,-0.681825657299309,-0.6310093234291266,-0.3691683569979715,Information Technology,45.0,2.0,5,7.783224016336037,2675.0,3238.0,9.131513591430211,8.361708288575842,9.118553976345474,8.350429973538136
TXN,1996Q3,1996,Q3,0,0,1,0,2407.0,664.0,1743.0,841.0,393.0,-177.0,-125.0,-133.0,-147.0,448.0,301.0,9557.0,4115.0,9241.0,4279.0,0.1861238055670959,0.1632737847943498,0.2758620689655172,-0.0519318653926049,-0.0610718737017033,235.0,243.0,0.0,221.0,215.0,213.0,,,,,,,0.0979574822842851,0.0908411214953271,0.06493770958913984,0.06493770958913984,0.0663990117356392,0.0744234800838574,,,,,,,-0.2972262773722628,-1.508650519031142,-0.3980054397098821,1.0271493212669682,-1.4106728538283062,-1.2860411899313502,-1.308584686774942,-0.2493540051679587,-0.1168539325842696,0.2627627627627626,1.8844978917072568,0.2566577818441531,-0.1434020070653703,-1.407017480479798,-1.7237756658419865,-0.4098039215686274,Information Technology,45.0,3.0,6,7.786551806428712,2399.0,3425.0,9.165133779138104,8.32263709695394,9.131513591430211,8.361708288575842
TXN,1996Q4,1996,Q4,0,0,0,1,1179.0,355.0,824.0,549.0,351.0,-191.0,-194.0,-222.0,-28.0,198.0,170.0,9360.0,4097.0,9557.0,4115.0,0.1679389312977099,0.2977099236641221,0.3011026293469042,-0.1645462256149279,-0.0237489397794741,448.0,235.0,243.0,0.0,221.0,215.0,213.0,,,,,,0.1861238055670959,0.0979574822842851,0.0908411214953271,0.06493770958913984,0.064918974946236,0.0663990117356392,0.0744234800838574,,,,,,-0.6727726894254787,-1.0962199312714778,-0.6560077519379846,,-1.5052910052910051,-1.4743276283618585,-1.516279069767442,-0.6795021392454298,-0.4365971107544141,-0.1187800963081862,,0.7217477607734062,0.0512333076907904,-2.449535576749597,-1.29404615129019,-0.415807560137457,Information Technology,45.0,4.0,7,7.07326971745971,2407.0,3603.0,9.144307401371744,8.318254328798846,9.165133779138104,8.32263709695394
TXN,1997Q1,1997,Q1,1,0,0,0,2263.0,791.0,1472.0,620.0,381.0,161.0,171.0,157.0,129.0,239.0,368.0,9263.0,4234.0,9360.0,4097.0,0.1056120194432169,0.168360583296509,0.3495360141405214,0.0755634114007954,0.0570039770216526,198.0,448.0,235.0,243.0,0.0,221.0,215.0,213.0,,,,,0.1679389312977099,0.1861238055670959,0.0979574822842851,0.0908411214953271,0.064918974946236,0.06490024030333216,0.0663990117356392,0.0744234800838574,,,,,-0.154018691588785,-0.2085889570552147,0.0063613231552162,-0.0164609053497942,0.1027397260273972,-0.131979695431472,-0.3458333333333333,-0.2207517204870301,-0.0403022670025189,-0.03125,0.1626014486033142,0.1344195474009111,0.1895786740787464,0.0260513984625772,-0.064505285074105,-0.0935960591133004,Information Technology,45.0,1.0,8,7.724888439323074,1179.0,2675.0,9.133891199812776,8.351138607086154,9.144307401371744,8.318254328798846
TXN,1997Q2,1997,Q2,0,1,0,0,2559.0,962.0,1597.0,675.0,395.0,204.0,287.0,344.0,249.0,280.0,529.0,9387.0,4463.0,9263.0,4234.0,0.1094177413051973,0.1543571707698319,0.3759280969128565,0.1121531848378272,0.0973036342321219,239.0,198.0,448.0,235.0,243.0,0.0,221.0,215.0,213.0,,,,0.1056120194432169,0.1679389312977099,0.1861238055670959,0.0979574822842851,0.0908411214953271,0.06490024030333216,0.06488150566042833,0.0663990117356392,0.0744234800838574,,,,0.0666944560233431,2.276315789473684,0.4209748892171343,0.1914893617021276,4.1,2.0210526315789474,2.739130434782609,-0.0725900116144018,-0.017412935323383,0.0596546310832024,0.1169921761326315,-0.0788486251820226,0.332129253314539,1.8321630571152383,2.071466033195533,0.7009646302250805,Information Technology,45.0,2.0,9,7.847762537473608,2263.0,2399.0,9.147187556970914,8.403800504061147,9.133891199812776,8.351138607086154
TXN,1997Q3,1997,Q3,0,0,1,0,2500.0,982.0,1518.0,624.0,349.0,325.0,358.0,368.0,1712.0,275.0,1987.0,12074.0,6320.0,9387.0,4463.0,0.11,0.1396,0.3928,0.1432,0.6848,280.0,239.0,198.0,448.0,235.0,243.0,0.0,221.0,215.0,213.0,,,0.1094177413051973,0.1056120194432169,0.1679389312977099,0.1861238055670959,0.0979574822842851,0.0908411214953271,0.06488150566042833,0.06486277101752448,0.0663990117356392,0.0744234800838574,,,0.038637307852098,-12.64625850340136,0.4789156626506023,-0.3861607142857143,-2.8361581920903958,-3.864,-3.7669172932330826,-0.1290877796901893,-0.1119592875318066,-0.2580261593341261,-0.4089955357142857,-0.1449944020356234,0.4238999999999999,-3.7574592,-12.21301768707483,5.601328903654485,Information Technology,45.0,3.0,10,7.824445930877619,2559.0,2407.0,9.398892478520773,8.751632702472298,9.147187556970914,8.403800504061147
TXN,1997Q4,1997,Q4,0,0,0,1,2428.0,948.0,1480.0,1148.0,407.0,-265.0,-200.0,-156.0,-285.0,741.0,456.0,10849.0,5914.0,12074.0,6320.0,0.21345895016890518,0.1676276771004942,0.3904448105436573,-0.0823723228995057,-0.1173805601317957,275.0,280.0,239.0,198.0,448.0,235.0,243.0,0.0,221.0,215.0,213.0,,0.11,0.1094177413051973,0.1056120194432169,0.1679389312977099,0.1861238055670959,0.0979574822842851,0.0908411214953271,0.06486277101752448,0.06484403637462065,0.0663990117356392,0.0744234800838574,,1.0593723494486853,9.178571428571429,1.6704225352112676,2.742424242424242,0.387434554973822,0.0309278350515462,-0.2972972972972972,0.796116504854369,0.1595441595441595,1.0910746812386156,0.8172644900404373,-0.4369429307650065,0.2967167088196392,-0.4993970685643438,3.9425600141209696,1.6823529411764704,Information Technology,45.0,4.0,11,7.795234929002173,2500.0,1179.0,9.291920358968605,8.685246776412487,9.398892478520773,8.751632702472298
TXN,1998Q1,1998,Q1,1,0,0,0,2187.0,670.0,1517.0,692.0,364.0,-79.0,-22.0,17.0,11.0,328.0,339.0,10370.0,5977.0,10849.0,5914.0,0.1499771376314586,0.1664380429812528,0.3063557384545038,-0.0100594421582075,0.0050297210791037,741.0,275.0,280.0,239.0,198.0,448.0,235.0,243.0,0.0,221.0,215.0,213.0,0.21345895016890518,0.11,0.1094177413051973,0.1056120194432169,0.1679389312977099,0.1861238055670959,0.0979574822842851,0.0908411214953271,0.06484403637462065,0.06482530173171681,0.0663990117356392,0.0744234800838574,-0.0335837384003535,-0.9147286821705426,-0.1529709228824273,0.3723849372384937,-1.4906832298136643,-1.128654970760234,-0.89171974522293,0.030570652173913,-0.0446194225721784,0.1161290322580645,0.420076411966489,-0.0114191830273615,-0.1235359846744093,-1.1331258339416594,-0.9117654356433188,-0.0788043478260869,Information Technology,45.0,1.0,12,7.690743163541872,2428.0,2263.0,9.246768728589734,8.695841342843883,9.291920358968605,8.685246776412487
TXN,1998Q2,1998,Q2,0,1,0,0,2167.0,711.0,1456.0,763.0,457.0,-187.0,-38.0,65.0,52.0,306.0,358.0,10250.0,5959.0,10370.0,5977.0,0.1412090447623442,0.2108906322104291,0.3281033687125058,-0.0175357637286571,0.0239963082602676,328.0,741.0,275.0,280.0,239.0,198.0,448.0,235.0,243.0,0.0,221.0,215.0,0.1499771376314586,0.21345895016890518,0.11,0.1094177413051973,0.1056120194432169,0.1679389312977099,0.1861238055670959,0.0979574822842851,0.0908411214953271,0.06482530173171681,0.06480656708881298,0.0663990117356392,-0.1531848378272763,-0.7911646586345382,-0.2609147609147609,0.0928571428571427,-1.9166666666666663,-1.132404181184669,-0.811046511627907,-0.0882905447714464,0.1569620253164556,0.1303703703703704,0.2905498055244249,0.3662509565227549,-0.1272177541213073,-1.1563554682286885,-0.7533873379998999,-0.3232514177693761,Information Technology,45.0,2.0,13,7.681560362559537,2187.0,2559.0,9.235130540783402,8.692825760059396,9.246768728589734,8.695841342843883
TXN,1998Q3,1998,Q3,0,0,1,0,2113.0,805.0,1308.0,602.0,311.0,138.0,203.0,249.0,164.0,291.0,455.0,10518.0,6028.0,10250.0,5959.0,0.1377188831045906,0.1471840984382394,0.3809749171793658,0.0960719356365357,0.0776147657359205,306.0,328.0,741.0,275.0,280.0,239.0,198.0,448.0,235.0,243.0,0.0,221.0,0.1412090447623442,0.1499771376314586,0.21345895016890518,0.11,0.1094177413051973,0.1056120194432169,0.1679389312977099,0.1861238055670959,0.0979574822842851,0.0908411214953271,0.06480656708881298,0.06478783244590913,-0.1548,-0.9042056074766356,-0.180244399185336,0.0581818181818181,-0.5753846153846154,-0.4329608938547485,-0.3233695652173913,-0.1383399209486165,-0.1088825214899713,-0.0352564102564102,0.2519898464053693,0.0543273527094516,-0.0301045896655656,-0.3291065947169291,-0.8866606808762844,-0.7710115752390538,Information Technology,45.0,3.0,14,7.656337166430183,2167.0,2500.0,9.260938424739274,8.704336438489406,9.235130540783402,8.692825760059396
TXN,1998Q4,1998,Q4,0,0,0,1,1993.0,880.0,1113.0,609.0,328.0,236.0,271.0,286.0,189.0,281.0,470.0,11250.0,6527.0,10518.0,6028.0,0.1409934771700953,0.1645760160561966,0.4415454089312594,0.1359759157049674,0.0948319116909182,291.0,306.0,328.0,741.0,275.0,280.0,239.0,198.0,448.0,235.0,243.0,0.0,0.1377188831045906,0.1412090447623442,0.1499771376314586,0.21345895016890518,0.11,0.1094177413051973,0.1056120194432169,0.1679389312977099,0.1861238055670959,0.0979574822842851,0.0908411214953271,0.06478783244590913,-0.179159802306425,-1.663157894736842,-0.0717299578059071,-0.6207827260458839,-1.890566037735849,-2.355,-2.833333333333333,-0.2479729729729729,-0.1941031941031941,-0.4695121951219512,-0.5380132758853017,-0.0182049951242123,0.130877903887234,-2.6507476166583044,-1.8079013388966647,0.0307017543859648,Information Technology,45.0,4.0,15,7.597897950521784,2113.0,2428.0,9.328212292571072,8.783855896643942,9.260938424739274,8.704336438489406
TXN,1999Q1,1999,Q1,1,0,0,0,2039.0,912.0,1127.0,642.0,323.0,205.0,299.0,358.0,255.0,311.0,566.0,11115.0,6679.0,11250.0,6527.0,0.1525257479156449,0.1584109857773418,0.4472780774889652,0.146640510053948,0.1250613045610593,281.0,291.0,306.0,328.0,741.0,275.0,280.0,239.0,198.0,448.0,235.0,243.0,0.1409934771700953,0.1377188831045906,0.1412090447623442,0.1499771376314586,0.21347291099833401,0.11,0.1094177413051973,0.1056120194432169,0.1679389312977099,0.1861238055670959,0.0979574822842851,0.0908411214953271,-0.0676726108824874,22.181818181818183,0.3611940298507463,-0.0518292682926829,-3.59493670886076,-14.590909090909092,20.058823529411764,-0.2570863546473302,-0.1126373626373626,-0.0722543352601156,0.0169933252790104,-0.0482285002883335,0.4599957544303985,-15.577399794908375,23.864461188639705,0.6696165191740413,Information Technology,45.0,1.0,16,7.620705086838262,1993.0,2187.0,9.316140790862395,8.806873266530692,9.328212292571072,8.783855896643942
TXN,1999Q2,1999,Q2,0,1,0,0,2395.0,1149.0,1222.0,710.0,336.0,389.0,463.0,511.0,330.0,365.0,695.0,11047.0,6721.0,11115.0,6679.0,0.1524008350730689,0.1402922755741127,0.4797494780793319,0.1933194154488517,0.1377870563674321,311.0,281.0,291.0,306.0,328.0,741.0,275.0,280.0,239.0,198.0,448.0,235.0,0.1525257479156449,0.1409934771700953,0.1377188831045906,0.1412090447623442,0.1499771376314586,0.2134868718277629,0.11,0.1094177413051973,0.1056120194432169,0.1679389312977099,0.1861238055670959,0.0979574822842851,0.1052145823719428,5.346153846153846,0.6160337552742616,0.1928104575163398,-3.0802139037433154,-13.18421052631579,6.861538461538461,-0.1607142857142857,-0.2647702407002188,-0.0694626474442988,0.0792568941285631,-0.3347628858444151,0.4621900407846866,-12.02429403362268,4.742010599004336,0.941340782122905,Information Technology,45.0,2.0,17,7.78155595923534,2039.0,2167.0,9.310004695089129,8.81314100828505,9.316140790862395,8.806873266530692
TXN,1999Q3,1999,Q3,0,0,1,0,2385.0,1138.0,1307.0,748.0,372.0,283.0,452.0,586.0,402.0,350.0,752.0,13198.0,7923.0,11047.0,6721.0,0.1467505241090146,0.1559748427672956,0.4771488469601677,0.1895178197064989,0.1685534591194968,365.0,311.0,281.0,291.0,306.0,328.0,741.0,275.0,280.0,239.0,198.0,448.0,0.1524008350730689,0.1525257479156449,0.1409934771700953,0.1377188831045906,0.1412090447623442,0.1499771376314586,0.21350083265719177,0.11,0.1094177413051973,0.1056120194432169,0.1679389312977099,0.1861238055670959,0.1287269285376242,1.451219512195122,0.4136645962732919,0.2027491408934707,1.0507246376811592,1.2266009852216748,1.3534136546184738,-0.0007645259938837,0.1961414790996785,0.2425249169435215,0.0655802661249072,0.0597261825314971,0.252441631834577,0.9726657785213412,1.1716674336554689,0.6527472527472526,Information Technology,45.0,3.0,18,7.777373602657861,2395.0,2113.0,9.487896348128954,8.977651407818442,9.310004695089129,8.81314100828505
TXN,1999Q4,1999,Q4,0,0,0,1,2698.0,1322.0,1376.0,815.0,478.0,404.0,507.0,590.0,456.0,337.0,793.0,15028.0,9255.0,13198.0,7923.0,0.1249073387694588,0.1771682727946627,0.4899925871015567,0.1879169755374351,0.1690140845070422,350.0,365.0,311.0,281.0,291.0,306.0,328.0,741.0,275.0,280.0,239.0,198.0,0.1467505241090146,0.1524008350730689,0.1525257479156449,0.1409934771700953,0.1377188831045906,0.1412090447623442,0.1499771376314586,0.2135147934866206,0.11,0.1094177413051973,0.1056120194432169,0.1679389312977099,0.3537380832915202,1.4126984126984126,0.5022727272727272,0.199288256227758,0.7118644067796611,0.8708487084870848,1.062937062937063,0.2362982929020665,0.4573170731707316,0.3382594417077176,-0.1140913659518451,0.0765133160968378,0.1097218478334118,0.3819872038601779,0.7822490498546835,0.6872340425531915,Information Technology,45.0,4.0,19,7.900636613018005,2385.0,1993.0,9.617736946934095,9.133027268873512,9.487896348128954,8.977651407818442
TXN,2000Q1,2000,Q1,1,0,0,0,2761.0,1341.0,1420.0,787.0,388.0,398.0,554.0,661.0,421.0,401.0,822.0,17500.0,11199.0,15028.0,9255.0,0.1452372328866353,0.140528793915248,0.4856935892792466,0.2006519377037305,0.1524809851503078,337.0,350.0,365.0,311.0,281.0,291.0,306.0,328.0,741.0,275.0,280.0,239.0,0.1249073387694588,0.1467505241090146,0.1524008350730689,0.1525257479156449,0.1409934771700953,0.1377188831045906,0.1412090447623442,0.1499771376314586,0.2135287543160495,0.11,0.1094177413051973,0.1056120194432169,0.3540951446787641,0.6509803921568627,0.4703947368421053,0.2893890675241157,0.9414634146341464,0.8528428093645486,0.8463687150837989,0.2599822537710736,0.2012383900928793,0.2258566978193146,-0.047785473132317,-0.1128847963059107,0.085887311996035,0.3683254213307911,0.2192499165548145,0.4522968197879859,Information Technology,45.0,1.0,20,7.923710333969238,2698.0,2039.0,9.770013301136158,9.323669057283185,9.617736946934095,9.133027268873512
TXN,2000Q2,2000,Q2,0,1,0,0,2843.0,1395.0,1486.0,801.0,400.0,-718.0,623.0,1971.0,1296.0,400.0,1696.0,19558.0,12670.0,17500.0,11199.0,0.1406964474147027,0.1406964474147027,0.4906788603587759,0.2191347168483995,0.455856489623637,401.0,337.0,350.0,365.0,311.0,281.0,291.0,306.0,328.0,741.0,275.0,280.0,0.1452372328866353,0.1249073387694588,0.1467505241090146,0.1524008350730689,0.1525257479156449,0.1409934771700953,0.1377188831045906,0.1412090447623442,0.1499771376314586,0.21354271514547837,0.11,0.1094177413051973,0.1870563674321503,2.9272727272727272,0.2140992167101827,0.095890410958904,-2.845758354755784,0.3455723542116631,2.857142857142857,0.2160392798690671,0.1904761904761904,0.1281690140845071,-0.0768000231281832,0.0028809272565868,0.0227814365180751,0.1335370342374016,2.3084130080260925,1.4402877697841725,Information Technology,45.0,2.0,21,7.952966790923131,2761.0,2395.0,9.881190817537517,9.447071196798909,9.770013301136158,9.323669057283185
TXN,2000Q3,2000,Q3,0,0,1,0,3160.0,1516.0,1644.0,986.0,453.0,-35.0,530.0,1078.0,679.0,533.0,1212.0,18339.0,12441.0,19558.0,12670.0,0.1686708860759493,0.1433544303797468,0.479746835443038,0.1677215189873417,0.214873417721519,400.0,401.0,337.0,350.0,365.0,311.0,281.0,291.0,306.0,328.0,741.0,275.0,0.1406964474147027,0.1452372328866353,0.1249073387694588,0.1467505241090146,0.1524008350730689,0.1525257479156449,0.1409934771700953,0.1377188831045906,0.1412090447623442,0.1499771376314586,0.2135566759749072,0.11,0.3249475890985325,0.6890547263681592,0.3321616871704744,0.5228571428571429,-1.1236749116607774,0.1725663716814158,0.8395904436860069,0.2578423871461361,0.217741935483871,0.3181818181818181,0.1493716094032551,-0.0809131278072683,0.0054448176903738,-0.1150092416265262,0.2748087096164746,0.6117021276595744,Information Technology,45.0,3.0,22,8.058643712215618,2843.0,2385.0,9.816839745810455,9.428833125074965,9.881190817537517,9.447071196798909
TXN,2000Q4,2000,Q4,0,0,0,1,3024.0,1452.0,1572.0,842.0,401.0,336.0,610.0,867.0,633.0,441.0,1074.0,17720.0,12588.0,18339.0,12441.0,0.1458333333333333,0.1326058201058201,0.4801587301587302,0.2017195767195767,0.2093253968253968,533.0,400.0,401.0,337.0,350.0,365.0,311.0,281.0,291.0,306.0,328.0,741.0,0.1686708860759493,0.1406964474147027,0.1452372328866353,0.1249073387694588,0.1467505241090146,0.1524008350730689,0.1525257479156449,0.1409934771700953,0.1377188831045906,0.1412090447623442,0.1499771376314586,0.2135706368043361,0.1208302446256486,0.388157894736842,0.0983358547655068,0.3086053412462908,-0.1683168316831683,0.2031558185404338,0.4694915254237288,0.1424418604651163,-0.1610878661087865,0.0331288343558282,0.1675321463897132,-0.2515261450930907,-0.0200693994188698,0.0734505285787336,0.2385085978835979,0.3543505674653215,Information Technology,45.0,4.0,23,8.014666370464942,3160.0,2698.0,9.782505655975346,9.44057869576626,9.816839745810455,9.428833125074965
TXN,2001Q1,2001,Q1,1,0,0,0,2528.0,1023.0,1505.0,794.0,348.0,632.0,229.0,320.0,230.0,446.0,676.0,17242.0,13002.0,17720.0,12588.0,0.1764240506329114,0.1376582278481012,0.4046677215189873,0.0905854430379746,0.0909810126582278,441.0,533.0,400.0,401.0,337.0,350.0,365.0,311.0,281.0,291.0,306.0,328.0,0.1458333333333333,0.1686708860759493,0.1406964474147027,0.1452372328866353,0.1249073387694588,0.1467505241090146,0.1524008350730689,0.1525257479156449,0.1409934771700953,0.1377188831045906,0.1412090447623442,0.1499771376314586,-0.0843897138717856,-0.4536817102137767,-0.2371364653243848,0.112219451371571,0.5879396984924623,-0.5866425992779783,-0.5158850226928895,0.0598591549295774,-0.1030927835051546,0.0088945362134689,0.2147301840335869,-0.0204268889468874,-0.1668250715034124,-0.5485443894804185,-0.4033287982200306,-0.1776155717761557,Information Technology,45.0,1.0,24,7.835579246669965,3024.0,2761.0,9.755161543000131,9.47293537905132,9.782505655975346,9.44057869576626
TXN,2001Q2,2001,Q2,0,1,0,0,2037.0,514.0,1523.0,812.0,400.0,147.0,-298.0,-256.0,-197.0,412.0,215.0,16702.0,12667.0,17242.0,13002.0,0.2022582228767795,0.196367206676485,0.2523318605792832,-0.1462935689739813,-0.0967108492881688,446.0,441.0,533.0,400.0,401.0,337.0,350.0,365.0,311.0,281.0,291.0,306.0,0.1764240506329114,0.1458333333333333,0.1686708860759493,0.1406964474147027,0.1452372328866353,0.1249073387694588,0.1467505241090146,0.1524008350730689,0.1525257479156449,0.1409934771700953,0.1377188831045906,0.1412090447623442,-0.283503341540626,-1.152006172839506,-0.6315412186379928,0.03,-1.2047353760445685,-1.478330658105939,-1.1298833079654995,0.0248990578734857,0.0,0.013732833957553,0.4375503190967109,0.3956799214531172,-0.4857494769699625,-1.6675964953339149,-1.212151963369031,-0.8732311320754718,Information Technology,45.0,2.0,25,7.61972421378267,2528.0,2843.0,9.723343622989947,9.44683440765853,9.755161543000131,9.47293537905132
TXN,2001Q3,2001,Q3,0,0,1,0,1849.0,425.0,1424.0,670.0,312.0,225.0,-245.0,-223.0,-117.0,358.0,241.0,15244.0,11548.0,16702.0,12667.0,0.1936181719848566,0.1687398593834505,0.2298539751216874,-0.1325040562466198,-0.0632774472687939,412.0,446.0,441.0,533.0,400.0,401.0,337.0,350.0,365.0,311.0,281.0,291.0,0.2022582228767795,0.1764240506329114,0.1458333333333333,0.1686708860759493,0.1406964474147027,0.1452372328866353,0.1249073387694588,0.1467505241090146,0.1524008350730689,0.1525257479156449,0.1409934771700953,0.1377188831045906,-0.414873417721519,-1.1723122238586157,-0.7196569920844327,-0.3283302063789869,-7.428571428571429,-1.4622641509433962,-1.2068645640074211,-0.1338199513381994,-0.3112582781456954,-0.3204868154158214,0.1479051097038406,0.1770815798050853,-0.5208848539679867,-1.7900241844138085,-1.294487088909262,-0.8011551155115512,Information Technology,45.0,3.0,26,7.52294091807237,2037.0,3160.0,9.632006859422356,9.354354132115088,9.723343622989947,9.44683440765853
TXN,2001Q4,2001,Q4,0,0,0,1,1787.0,415.0,1372.0,683.0,301.0,242.0,-268.0,-268.0,-116.0,382.0,266.0,15779.0,11879.0,15244.0,11548.0,0.21345895016890518,0.1684387241186346,0.2322327923894795,-0.1499720201454952,-0.0649132624510352,358.0,412.0,446.0,441.0,533.0,400.0,401.0,337.0,350.0,365.0,311.0,281.0,0.1936181719848566,0.2022582228767795,0.1764240506329114,0.1458333333333333,0.1686708860759493,0.1406964474147027,0.1452372328866353,0.1249073387694588,0.1467505241090146,0.1524008350730689,0.1525257479156449,0.1409934771700953,-0.4090608465608465,-1.1832543443917851,-0.7141873278236914,-0.1337868480725623,-0.2797619047619047,-1.4393442622950818,-1.309111880046136,-0.1272264631043257,-0.2493765586034912,-0.1888361045130641,0.4658246062834759,0.2702212013335434,-0.5163416224615798,-1.743467850688488,-1.3101069599556563,-0.7523277467411545,Information Technology,45.0,4.0,27,7.488852955733459,1849.0,3024.0,9.666498594399865,9.382611592916636,9.632006859422356,9.354354132115088
TXN,2002Q1,2002,Q1,1,0,0,0,1827.0,611.0,1216.0,655.0,265.0,381.0,-44.0,-47.0,-38.0,388.0,350.0,15538.0,11848.0,15779.0,11879.0,0.2123700054734537,0.1450465243568691,0.3344280240831965,-0.0240831964969896,-0.0207991242474001,382.0,358.0,412.0,446.0,441.0,533.0,400.0,401.0,337.0,350.0,365.0,311.0,0.21345895016890518,0.1936181719848566,0.2022582228767795,0.1764240506329114,0.1458333333333333,0.1686708860759493,0.1406964474147027,0.1452372328866353,0.1249073387694588,0.1467505241090146,0.1524008350730689,0.1525257479156449,-0.2772943037974683,-1.1652173913043478,-0.4027370478983382,-0.1300448430493274,-0.3971518987341772,-1.1921397379912664,-1.146875,-0.1920265780730896,-0.2385057471264368,-0.1750629722921914,0.2037474749706078,0.0536713033740381,-0.1735737586683081,-1.2658616626392565,-1.2286095047714238,-0.4822485207100592,Information Technology,45.0,1.0,28,7.510977752014095,1787.0,2528.0,9.651108271786734,9.37999875481674,9.666498594399865,9.382611592916636
TXN,2002Q2,2002,Q2,0,1,0,0,2162.0,856.0,1306.0,701.0,295.0,574.0,155.0,117.0,95.0,404.0,499.0,14989.0,11376.0,15538.0,11848.0,0.1868640148011101,0.1364477335800185,0.3959296947271045,0.0716928769657724,0.0439407955596669,388.0,382.0,358.0,412.0,446.0,441.0,533.0,400.0,401.0,337.0,350.0,365.0,0.2123700054734537,0.21345895016890518,0.1936181719848566,0.2022582228767795,0.1764240506329114,0.1458333333333333,0.1686708860759493,0.1406964474147027,0.1452372328866353,0.1249073387694588,0.1467505241090146,0.1524008350730689,0.0613647520864015,-1.482233502538071,0.6653696498054475,-0.0194174757281553,2.9047619047619047,-1.520134228187919,-1.45703125,-0.1424819435325016,-0.2624999999999999,-0.1366995073891626,-0.0761116549760649,-0.3051399167437558,0.5690832454457431,-1.4900617126821425,-1.4543522870814296,1.3209302325581396,Information Technology,45.0,2.0,29,7.679251425953058,1827.0,2037.0,9.615138591096644,9.339349052539717,9.651108271786734,9.37999875481674
TXN,2002Q3,2002,Q3,0,0,1,0,2248.0,835.0,1413.0,726.0,309.0,529.0,109.0,152.0,188.0,415.0,603.0,14899.0,11092.0,14989.0,11376.0,0.1846085409252669,0.1374555160142348,0.37144128113879,0.0484875444839857,0.0836298932384341,404.0,388.0,382.0,358.0,412.0,446.0,441.0,533.0,400.0,401.0,337.0,350.0,0.1868640148011101,0.2123700054734537,0.21345895016890518,0.1936181719848566,0.2022582228767795,0.1764240506329114,0.1458333333333333,0.1686708860759493,0.1406964474147027,0.1452372328866353,0.1249073387694588,0.1467505241090146,0.2157923201730665,-2.606837606837607,0.9647058823529412,0.1592178770949721,1.351111111111111,-1.4448979591836737,-1.6816143497757847,-0.0077247191011236,-0.0096153846153845,0.0835820895522387,-0.0465329827630767,-0.1853998425951273,0.6159880678249947,-1.365932529595468,-2.321638227332177,1.5020746887966805,Information Technology,45.0,3.0,30,7.718240951959316,2162.0,1849.0,9.60911649193355,9.314069557738659,9.615138591096644,9.339349052539717
TXN,2002Q4,2002,Q4,0,0,0,1,2146.0,769.0,1377.0,702.0,288.0,492.0,67.0,-567.0,-589.0,412.0,-177.0,14679.0,10734.0,14899.0,11092.0,0.1919850885368126,0.1342031686859273,0.35834109972041,0.0312208760484622,-0.2744641192917055,415.0,404.0,388.0,382.0,358.0,412.0,446.0,441.0,533.0,400.0,401.0,337.0,0.1846085409252669,0.1868640148011101,0.2123700054734537,0.21345895016890518,0.1936181719848566,0.2022582228767795,0.1764240506329114,0.1458333333333333,0.1686708860759493,0.1406964474147027,0.1452372328866353,0.1249073387694588,0.2008953553441521,4.077586206896552,0.853012048192771,0.0785340314136124,1.033057851239669,-1.25,1.1156716417910446,0.0036443148688045,-0.043189368770764,0.027818448023426,-0.1018917455097271,-0.2032522842466708,0.5430254101213801,-1.2081780055917988,3.228167079088601,-1.6654135338345863,Information Technology,45.0,4.0,31,7.671826797878781,2248.0,1787.0,9.594241302168507,9.28126471031288,9.60911649193355,9.314069557738659
TXN,2003Q1,2003,Q1,1,0,0,0,2192.0,862.0,1330.0,709.0,301.0,527.0,153.0,154.0,117.0,408.0,525.0,14395.0,10729.0,14679.0,10734.0,0.1861313868613138,0.1373175182481751,0.3932481751824817,0.0697992700729927,0.0533759124087591,412.0,415.0,404.0,388.0,382.0,358.0,412.0,446.0,441.0,533.0,400.0,401.0,0.1919850885368126,0.1846085409252669,0.1868640148011101,0.2123700054734537,0.21347291099833401,0.1936181719848566,0.2022582228767795,0.1764240506329114,0.1458333333333333,0.1686708860759493,0.1406964474147027,0.1452372328866353,0.1997810618500273,-4.078947368421053,0.4108019639934532,0.0515463917525773,0.3832020997375327,-4.477272727272727,-4.276595744680851,0.09375,0.1358490566037735,0.082442748091603,-0.1235514335164421,-0.0532863930588073,0.175882841339434,-3.898256055076311,-3.5662576834421817,0.5,Information Technology,45.0,1.0,32,7.693025748417888,2146.0,1827.0,9.574705669198922,9.280798835624744,9.594241302168507,9.28126471031288
TXN,2003Q2,2003,Q2,0,1,0,0,2339.0,877.0,1462.0,752.0,328.0,506.0,125.0,151.0,121.0,424.0,545.0,14634.0,10942.0,14395.0,10729.0,0.1812740487387772,0.1402308678922616,0.3749465583582728,0.0534416417272338,0.0517315091919623,408.0,412.0,415.0,404.0,388.0,382.0,358.0,412.0,446.0,441.0,533.0,400.0,0.1861313868613138,0.1919850885368126,0.1846085409252669,0.1868640148011101,0.2123700054734537,0.2134868718277629,0.1936181719848566,0.2022582228767795,0.1764240506329114,0.1458333333333333,0.1686708860759493,0.1406964474147027,0.0818686401480111,0.2736842105263157,0.0245327102803738,0.0495049504950495,-0.1184668989547038,-0.1935483870967742,0.2905982905982907,0.119448698315467,0.111864406779661,0.0727532097004279,-0.0299146203632761,0.0277258860443041,-0.0529971271371662,-0.2545752941014219,0.1773002407686594,0.092184368737475,Information Technology,45.0,2.0,33,7.757906208351747,2192.0,2162.0,9.591171199125986,9.300455261418444,9.574705669198922,9.280798835624744
TXN,2003Q3,2003,Q3,0,0,1,0,2533.0,1030.0,1503.0,781.0,313.0,631.0,249.0,384.0,447.0,468.0,915.0,15086.0,11428.0,14634.0,10942.0,0.1847611527832609,0.1235688906435057,0.4066324516383734,0.0983024082116068,0.1764705882352941,424.0,408.0,412.0,415.0,404.0,388.0,382.0,358.0,412.0,446.0,441.0,533.0,0.1812740487387772,0.1861313868613138,0.1919850885368126,0.1846085409252669,0.1868640148011101,0.2123700054734537,0.21350083265719177,0.1936181719848566,0.2022582228767795,0.1764240506329114,0.1458333333333333,0.1686708860759493,0.126779359430605,1.377659574468085,0.2335329341317364,0.1277108433734939,0.1928166351606806,1.2844036697247705,1.526315789473684,0.0636942675159235,0.0129449838187702,0.0757575757575756,0.0008266782090859,-0.101026323085434,0.0947422171054652,1.0273744372448816,1.1101376720901128,0.5174129353233832,Information Technology,45.0,3.0,34,7.837554360881084,2339.0,2248.0,9.621588724840075,9.343909263897597,9.591171199125986,9.300455261418444
TXN,2003Q4,2003,Q4,0,0,0,1,2770.0,1194.0,1576.0,756.0,308.0,829.0,438.0,561.0,513.0,448.0,961.0,15510.0,11864.0,15086.0,11428.0,0.1617328519855595,0.1111913357400722,0.4310469314079422,0.1581227436823104,0.1851985559566787,468.0,424.0,408.0,412.0,415.0,404.0,388.0,382.0,358.0,412.0,446.0,441.0,0.1847611527832609,0.1812740487387772,0.1861313868613138,0.1919850885368126,0.1846085409252669,0.1868640148011101,0.2123700054734537,0.2135147934866206,0.1936181719848566,0.2022582228767795,0.1764240506329114,0.1458333333333333,0.2907735321528424,-1.870967741935484,0.552665799739922,0.0873786407766989,0.684959349593496,5.537313432835821,-1.9894179894179893,0.1445170660856936,0.0694444444444444,0.0769230769230768,-0.1575759699975465,-0.1714701163257119,0.2028955979212536,4.064647879734899,-1.674764178409223,-6.429378531073446,Information Technology,45.0,4.0,35,7.9269635448629785,2533.0,2146.0,9.64930472862475,9.381348168869865,9.621588724840075,9.343909263897597
TXN,2004Q1,2004,Q1,1,0,0,0,2936.0,1322.0,1614.0,848.0,354.0,841.0,474.0,516.0,367.0,494.0,861.0,15785.0,12085.0,15510.0,11864.0,0.1682561307901907,0.1205722070844686,0.4502724795640327,0.1614441416893733,0.125,448.0,468.0,424.0,408.0,412.0,415.0,404.0,388.0,382.0,358.0,412.0,446.0,0.1617328519855595,0.1847611527832609,0.1812740487387772,0.1861313868613138,0.1919850885368126,0.1846085409252669,0.1868640148011101,0.2123700054734537,0.2135287543160495,0.1936181719848566,0.2022582228767795,0.1764240506329114,0.3394160583941605,2.1367521367521367,0.5336426914153132,0.2107843137254901,0.5958254269449716,2.0980392156862746,2.3506493506493507,0.2135338345864661,0.176079734219269,0.1960507757404794,-0.0960356894801517,-0.121945920501145,0.1450084399122502,1.312977507079126,1.341880341880342,0.6399999999999999,Information Technology,45.0,1.0,36,7.98514393119862,2770.0,2192.0,9.666878750268348,9.399803036921504,9.64930472862475,9.381348168869865
TXN,2004Q2,2004,Q2,0,1,0,0,3241.0,1481.0,1760.0,889.0,375.0,974.0,592.0,622.0,441.0,514.0,955.0,16050.0,12438.0,15785.0,12085.0,0.1585930268435668,0.1157050293119407,0.456957729095958,0.1826596729404505,0.1360691144708423,494.0,448.0,468.0,424.0,408.0,412.0,415.0,404.0,388.0,382.0,358.0,412.0,0.1682561307901907,0.1617328519855595,0.1847611527832609,0.1812740487387772,0.1861313868613138,0.1919850885368126,0.1846085409252669,0.1868640148011101,0.2123700054734537,0.21354271514547837,0.1936181719848566,0.2022582228767795,0.3856348867037196,2.644628099173554,0.6887115165336375,0.2122641509433962,0.924901185770751,3.736,3.119205298013245,0.2038303693570451,0.1432926829268292,0.1821808510638298,-0.1251200712568331,-0.1748961476810078,0.2187276264030169,2.417927800061709,1.6302947003909107,0.7522935779816513,Information Technology,45.0,2.0,37,8.08394570229562,2936.0,2339.0,9.683526431913219,9.428591977209965,9.666878750268348,9.399803036921504
TXN,2004Q3,2004,Q3,0,0,1,0,3250.0,1489.0,1761.0,832.0,349.0,1051.0,657.0,715.0,563.0,483.0,1046.0,16137.0,12896.0,16050.0,12438.0,0.1486153846153846,0.1073846153846153,0.4581538461538461,0.2021538461538461,0.1732307692307692,514.0,494.0,448.0,468.0,424.0,408.0,412.0,415.0,404.0,388.0,382.0,358.0,0.1585930268435668,0.1682561307901907,0.1617328519855595,0.1847611527832609,0.1812740487387772,0.1861313868613138,0.1919850885368126,0.1846085409252669,0.1868640148011101,0.2123700054734537,0.2135566759749072,0.1936181719848566,0.2830635609948677,0.2595078299776285,0.445631067961165,0.0320512820512821,0.6656101426307448,1.6385542168674698,0.8619791666666667,0.1716566866267466,0.1150159744408945,0.0653008962868118,-0.1956351084812623,-0.1309737036126812,0.1267026138909632,1.0564485634847078,-0.0183589743589743,0.1431693989071039,Information Technology,45.0,3.0,38,8.086717920303906,3241.0,2533.0,9.688932018408451,9.464750005164392,9.683526431913219,9.428591977209965
TXN,2004Q4,2004,Q4,0,0,0,1,3153.0,1334.0,1819.0,850.0,362.0,890.0,484.0,568.0,490.0,488.0,978.0,16299.0,13063.0,16137.0,12896.0,0.1547732318426895,0.1148112908341262,0.4230891214716143,0.1535045987947986,0.1554075483666349,483.0,514.0,494.0,448.0,468.0,424.0,408.0,412.0,415.0,404.0,388.0,382.0,0.1486153846153846,0.1585930268435668,0.1682561307901907,0.1617328519855595,0.1847611527832609,0.1812740487387772,0.1861313868613138,0.1919850885368126,0.1846085409252669,0.1868640148011101,0.2123700054734537,0.2135706368043361,0.1382671480144404,-0.0448343079922027,0.117252931323283,0.0892857142857141,0.0735826296743062,0.1050228310502283,0.0124777183600712,0.1541878172588833,0.1753246753246753,0.1243386243386244,-0.0430315799012277,0.0325560896445766,-0.0184615858656854,-0.0292060761150864,-0.1608598265583258,0.0176899063475546,Information Technology,45.0,4.0,39,8.056426767522984,3250.0,2770.0,9.698920386794853,9.4776156346503,9.688932018408451,9.464750005164392
TXN,2005Q1,2005,Q1,1,0,0,0,2972.0,1336.0,1636.0,839.0,344.0,882.0,497.0,543.0,411.0,495.0,906.0,15045.0,11904.0,16299.0,13063.0,0.1665545087483176,0.1157469717362045,0.449528936742934,0.1672274562584118,0.1382907133243607,488.0,483.0,514.0,494.0,448.0,468.0,424.0,408.0,412.0,415.0,404.0,388.0,0.1547732318426895,0.1486153846153846,0.1585930268435668,0.1682561307901907,0.1617328519855595,0.1847611527832609,0.1812740487387772,0.1861313868613138,0.1919850885368126,0.1846085409252669,0.1868640148011101,0.2123700054734537,0.0122615803814714,0.1198910081743869,0.0105900151285931,0.0020242914979757,0.0487514863258025,0.0485232067510548,0.0523255813953489,0.01363073110285,-0.0282485875706214,-0.0106132075471697,-0.0101132840383388,-0.0400194660522694,-0.0016513174907304,0.0358223872883907,0.1063257065948855,0.0522648083623693,Information Technology,45.0,1.0,40,7.997326822998097,3153.0,2936.0,9.618867454120167,9.384713758920963,9.698920386794853,9.4776156346503
TXN,2005Q2,2005,Q2,0,1,0,0,3239.0,1521.0,1718.0,852.0,339.0,985.0,669.0,723.0,628.0,493.0,1121.0,14486.0,11463.0,15045.0,11904.0,0.152207471441803,0.1046619326952763,0.4695893794380982,0.2065452300092621,0.1938870021611608,495.0,488.0,483.0,514.0,494.0,448.0,468.0,424.0,408.0,412.0,415.0,404.0,0.1665545087483176,0.1547732318426895,0.1486153846153846,0.1585930268435668,0.1682561307901907,0.1617328519855595,0.1847611527832609,0.1812740487387772,0.1861313868613138,0.1919850885368126,0.1846085409252669,0.1868640148011101,-0.0006170934896636,0.4240362811791383,0.027008777852802,-0.0408560311284046,0.0112936344969198,0.1300675675675675,0.162379421221865,-0.0238636363636363,-0.0959999999999999,-0.0416197975253093,-0.0402637841578139,-0.0954418030256252,0.027642929614366,0.130765355506788,0.4249155873113885,0.1738219895287958,Information Technology,45.0,2.0,41,8.083328608786376,2972.0,3241.0,9.581006974541651,9.346966969508008,9.618867454120167,9.384713758920963
TXN,2005Q3,2005,Q3,0,0,1,0,3590.0,1771.0,1819.0,956.0,408.0,1138.0,761.0,808.0,631.0,527.0,1158.0,14984.0,11873.0,14486.0,11463.0,0.1467966573816156,0.1136490250696378,0.4933147632311978,0.2119777158774373,0.1757660167130919,493.0,495.0,488.0,483.0,514.0,494.0,448.0,468.0,424.0,408.0,412.0,415.0,0.152207471441803,0.1665545087483176,0.1547732318426895,0.1486153846153846,0.1585930268435668,0.1682561307901907,0.1617328519855595,0.1847611527832609,0.1812740487387772,0.1861313868613138,0.1919850885368126,0.1846085409252669,0.1046153846153845,0.1207815275310835,0.1893888515782404,0.0910973084886128,0.082778306374881,0.1582952815829528,0.1300699300699301,0.0329358319136854,0.1690544412607451,0.1490384615384614,-0.0122378126495845,0.0583361933418999,0.0767447820694378,0.0485960070040658,0.0146350875977774,0.1070745697896748,Information Technology,45.0,3.0,42,8.186185994226083,3239.0,3250.0,9.614804979750764,9.38210641483062,9.581006974541651,9.346966969508008
TXN,2005Q4,2005,Q4,0,0,0,1,3592.0,1735.0,1857.0,925.0,425.0,1294.0,810.0,860.0,655.0,500.0,1155.0,15063.0,11937.0,14984.0,11873.0,0.1391982182628062,0.1183184855233853,0.4830178173719376,0.2255011135857461,0.1823496659242761,527.0,493.0,495.0,488.0,483.0,514.0,494.0,448.0,468.0,424.0,408.0,412.0,0.1467966573816156,0.152207471441803,0.1665545087483176,0.1547732318426895,0.1486153846153846,0.1585930268435668,0.1682561307901907,0.1617328519855595,0.1847611527832609,0.1812740487387772,0.1861313868613138,0.1919850885368126,0.139232477006026,0.336734693877551,0.300599700149925,0.0245901639344261,0.4539325842696629,0.6735537190082646,0.5140845070422535,0.0208905992303463,0.1740331491712707,0.0882352941176469,-0.1006311840519917,0.0305474719757841,0.1416455608498648,0.4690186180492921,0.1733642788964138,0.1809815950920246,Information Technology,45.0,4.0,43,8.186742787113518,3590.0,3153.0,9.620063070336988,9.387481868728596,9.614804979750764,9.38210641483062
TXN,2006Q1,2006,Q1,1,0,0,0,3334.0,1672.0,1662.0,954.0,421.0,1034.0,718.0,767.0,585.0,533.0,1118.0,14038.0,11238.0,15063.0,11937.0,0.159868026394721,0.1262747450509898,0.501499700059988,0.2153569286142771,0.1754649070185963,500.0,527.0,493.0,495.0,488.0,483.0,514.0,494.0,448.0,468.0,424.0,408.0,0.1391982182628062,0.1467966573816156,0.152207471441803,0.1665545087483176,0.1547732318426895,0.1486153846153846,0.1585930268435668,0.1682561307901907,0.1617328519855595,0.1847611527832609,0.1812740487387772,0.1861313868613138,0.1218034993270524,0.4233576642335765,0.2514970059880239,0.0767676767676768,0.1723356009070293,0.4446680080482896,0.4125230202578269,0.0158924205378974,0.2238372093023255,0.1370679380214541,-0.0401459102118969,0.0909550648009931,0.1156116082172786,0.2878084342889973,0.2688119310444483,0.2339955849889625,Information Technology,45.0,1.0,44,8.112227958349724,3592.0,2972.0,9.549594449971952,9.327145151518268,9.620063070336988,9.387481868728596
TXN,2006Q2,2006,Q2,0,1,0,0,3697.0,1907.0,1790.0,954.0,418.0,1264.0,953.0,1039.0,2387.0,536.0,2923.0,15928.0,12788.0,14038.0,11238.0,0.1449824181769002,0.11306464701109,0.5158236407898296,0.2577765756018393,0.6456586421422775,533.0,500.0,527.0,493.0,495.0,488.0,483.0,514.0,494.0,448.0,468.0,424.0,0.159868026394721,0.1391982182628062,0.1467966573816156,0.152207471441803,0.1665545087483176,0.1547732318426895,0.1486153846153846,0.1585930268435668,0.1682561307901907,0.1617328519855595,0.1847611527832609,0.1812740487387772,0.1414016671812288,2.800955414012739,0.2537804076265615,0.0872210953346857,0.2832487309644669,0.4245142002989537,0.4370677731673582,0.0419091967403957,0.2330383480825959,0.1197183098591549,-0.047468453397607,0.0802843412062559,0.0984567866655212,0.2480393548196675,2.3300769775459185,1.607493309545049,Information Technology,45.0,2.0,45,8.21554741194707,3334.0,3239.0,9.675896626294639,9.45634070543332,9.549594449971952,9.327145151518268
TXN,2006Q3,2006,Q3,0,0,1,0,3761.0,1932.0,1829.0,1002.0,432.0,1237.0,930.0,984.0,702.0,570.0,1272.0,14785.0,12027.0,15928.0,12788.0,0.1515554373836745,0.1148630683328901,0.5136931667109811,0.2472746609944164,0.1866524860409465,536.0,533.0,500.0,527.0,493.0,495.0,488.0,483.0,514.0,494.0,448.0,468.0,0.1449824181769002,0.159868026394721,0.1391982182628062,0.1467966573816156,0.152207471441803,0.1665545087483176,0.1547732318426895,0.1486153846153846,0.1585930268435668,0.1682561307901907,0.1617328519855595,0.1847611527832609,0.0476323119777157,0.1125198098256734,0.0909090909090908,0.0815939278937381,0.0869947275922671,0.2220762155059132,0.2178217821782178,0.005497526113249,0.0588235294117647,0.0481171548117154,0.0324174956496994,0.010682390478127,0.0413091295835246,0.1665125268987579,0.0619372819128338,0.0984455958549221,Information Technology,45.0,3.0,46,8.232706009860976,3697.0,3590.0,9.601436066117046,9.394992544108419,9.675896626294639,9.45634070543332
TXN,2006Q4,2006,Q4,0,0,0,1,3463.0,1748.0,1715.0,982.0,426.0,1053.0,766.0,836.0,668.0,556.0,1224.0,13930.0,11360.0,14785.0,12027.0,0.1605544325729136,0.123014727115218,0.5047646549234768,0.221195495235345,0.1928963326595437,570.0,536.0,533.0,500.0,527.0,493.0,495.0,488.0,483.0,514.0,494.0,448.0,0.1515554373836745,0.1449824181769002,0.159868026394721,0.1391982182628062,0.1467966573816156,0.152207471441803,0.1665545087483176,0.1547732318426895,0.1486153846153846,0.1585930268435668,0.1682561307901907,0.1617328519855595,-0.035913140311804,0.0198473282442748,0.0074927953890489,0.1120000000000001,-0.1862442040185471,-0.054320987654321,-0.027906976744186,-0.0764674205708131,0.0023529411764706,0.0616216216216216,0.1534230436038117,0.0396915289361485,0.0450228475418608,-0.0190935569316549,0.0578375983405818,0.0597402597402596,Information Technology,45.0,4.0,47,8.150179269682326,3761.0,3592.0,9.541871851706224,9.337941716569905,9.601436066117046,9.394992544108419
TXN,2007Q1,2007,Q1,1,0,0,0,3191.0,1637.0,1554.0,957.0,405.0,971.0,680.0,719.0,516.0,552.0,1068.0,13750.0,11283.0,13930.0,11360.0,0.1729865246004387,0.1269194609840175,0.5130053274835474,0.2130993418990912,0.1617047947351927,556.0,570.0,536.0,533.0,500.0,527.0,493.0,495.0,488.0,483.0,514.0,494.0,0.1605544325729136,0.1515554373836745,0.1449824181769002,0.159868026394721,0.1391982182628062,0.1467966573816156,0.152207471441803,0.1665545087483176,0.1547732318426895,0.1486153846153846,0.1585930268435668,0.1682561307901907,-0.0428914217156568,-0.1179487179487179,-0.020933014354067,0.0356472795497184,-0.0609284332688587,-0.0529247910863509,-0.0625814863102999,-0.0649819494584837,-0.0380047505938242,0.0031446540880504,0.0820582983449582,0.0051056601442149,0.0229424412859731,-0.0104830001510166,-0.0784208792356709,-0.0447227191413237,Information Technology,45.0,1.0,48,8.068402958569699,3463.0,3334.0,9.528866827722945,9.331141072121888,9.541871851706224,9.337941716569905
TXN,2007Q2,2007,Q2,0,1,0,0,3424.0,1784.0,1640.0,975.0,424.0,1103.0,809.0,865.0,610.0,551.0,1161.0,14020.0,11494.0,13750.0,11283.0,0.1609228971962616,0.1238317757009345,0.5210280373831776,0.2362733644859813,0.1781542056074766,552.0,556.0,570.0,536.0,533.0,500.0,527.0,493.0,495.0,488.0,483.0,514.0,0.1729865246004387,0.1605544325729136,0.1515554373836745,0.1449824181769002,0.159868026394721,0.1391982182628062,0.1467966573816156,0.152207471441803,0.1665545087483176,0.1547732318426895,0.1486153846153846,0.1585930268435668,-0.0738436570192048,-0.744449099287809,-0.0644992134242264,0.0279850746268657,-0.127373417721519,-0.1511017838405036,-0.1674687199230029,-0.0837988826815642,0.0143540669856458,0.0220125786163523,0.1099476696540662,0.0952298439386485,0.0100894883091806,-0.0834180183581606,-0.7240736916083614,-0.6028053369825521,Information Technology,45.0,2.0,49,8.138856750696325,3191.0,3697.0,9.54831148472113,9.349667437197281,9.528866827722945,9.331141072121888
TXN,2007Q3,2007,Q3,0,0,1,0,3663.0,1984.0,1679.0,971.0,429.0,1309.0,1013.0,1066.0,776.0,542.0,1318.0,13724.0,11137.0,14020.0,11494.0,0.1479661479661479,0.1171171171171171,0.5416325416325416,0.2765492765492765,0.2118482118482118,551.0,552.0,556.0,570.0,536.0,533.0,500.0,527.0,493.0,495.0,488.0,483.0,0.1609228971962616,0.1729865246004387,0.1605544325729136,0.1515554373836745,0.1449824181769002,0.159868026394721,0.1391982182628062,0.1467966573816156,0.152207471441803,0.1665545087483176,0.1547732318426895,0.1486153846153846,-0.0260568997607019,0.1054131054131053,0.0269151138716357,-0.0491228070175439,0.0582053354890865,0.089247311827957,0.0833333333333332,-0.0820120284308365,-0.0069444444444444,-0.030938123752495,-0.0236830131566974,0.0196237904571237,0.0543892283022717,0.1183890635503537,0.1349873572095794,0.0361635220125786,Information Technology,45.0,3.0,50,8.20631072579402,3424.0,3761.0,9.526974266377731,9.318117964149614,9.54831148472113,9.349667437197281
TXN,2007Q4,2007,Q4,0,0,0,1,3556.0,1927.0,1629.0,931.0,422.0,1185.0,996.0,1042.0,755.0,509.0,1264.0,12667.0,9975.0,13724.0,11137.0,0.1431383577052868,0.1186726659167604,0.5419010123734533,0.280089988751406,0.2123172103487064,542.0,551.0,552.0,556.0,570.0,536.0,533.0,500.0,527.0,493.0,495.0,488.0,0.1479661479661479,0.1609228971962616,0.1729865246004387,0.1605544325729136,0.1515554373836745,0.1449824181769002,0.159868026394721,0.1391982182628062,0.1467966573816156,0.152207471441803,0.1665545087483176,0.1547732318426895,0.0268553277505052,0.1302395209580837,0.1024027459954233,-0.0845323741007194,0.1253561253561252,0.3002610966057442,0.2464114832535884,-0.0501457725947521,-0.0093896713615023,-0.0519348268839103,-0.1084745814147332,-0.0352970843433303,0.0735716280602225,0.2662553930105995,0.1006803883795961,0.0326797385620916,Information Technology,45.0,4.0,51,8.176672771948455,3663.0,3463.0,9.44683440765853,9.207937487359873,9.526974266377731,9.318117964149614
TXN,2008Q1,2008,Q1,1,0,0,0,3272.0,1756.0,1516.0,949.0,435.0,1058.0,807.0,840.0,662.0,514.0,1176.0,12338.0,9857.0,12667.0,9975.0,0.1570904645476772,0.1329462102689486,0.5366748166259169,0.2466381418092909,0.202322738386308,509.0,542.0,551.0,552.0,556.0,570.0,536.0,533.0,500.0,527.0,493.0,495.0,0.1431383577052868,0.1479661479661479,0.1609228971962616,0.1729865246004387,0.1605544325729136,0.1515554373836745,0.1449824181769002,0.159868026394721,0.1391982182628062,0.1467966573816156,0.152207471441803,0.1665545087483176,0.0253838921968034,0.2829457364341086,0.0726939523518632,-0.0688405797101449,0.089598352214212,0.1867647058823529,0.1682892906815021,-0.0244530244530244,0.0740740740740741,-0.0083594566353186,-0.0918918978774672,0.0474848320202843,0.0461388759030549,0.1573857507550697,0.2511857716874206,0.101123595505618,Information Technology,45.0,1.0,52,8.09346227450118,3556.0,3191.0,9.420520256898534,9.196038587265322,9.44683440765853,9.207937487359873
TXN,2008Q2,2008,Q2,0,1,0,0,3351.0,1749.0,1602.0,916.0,428.0,1088.0,833.0,850.0,588.0,488.0,1076.0,12382.0,9984.0,12338.0,9857.0,0.1456281706953148,0.1277230677409728,0.5219337511190689,0.2485825126827812,0.1754700089525514,514.0,509.0,542.0,551.0,552.0,556.0,570.0,536.0,533.0,500.0,527.0,493.0,0.1570904645476772,0.1431383577052868,0.1479661479661479,0.1609228971962616,0.1729865246004387,0.1605544325729136,0.1515554373836745,0.1449824181769002,0.159868026394721,0.1391982182628062,0.1467966573816156,0.152207471441803,-0.0213200934579439,-0.0360655737704918,-0.0196188340807175,-0.1143375680580762,-0.013599274705349,0.0296662546353523,-0.0173410404624277,-0.023170731707317,0.009433962264151,-0.0605128205128204,-0.0950438176755753,0.031424018738422,0.0017383205334595,0.0520970623310792,-0.0150667038466619,-0.0732127476313523,Information Technology,45.0,2.0,53,8.117312461601975,3272.0,3424.0,9.424079843215099,9.208839245849916,9.420520256898534,9.196038587265322
TXN,2008Q3,2008,Q3,0,0,1,0,3387.0,1643.0,1744.0,897.0,390.0,1006.0,746.0,756.0,563.0,507.0,1070.0,12466.0,10094.0,12382.0,9984.0,0.149689991142604,0.1151461470327723,0.4850900501919102,0.2202539120165338,0.1662237968703867,488.0,514.0,509.0,542.0,551.0,552.0,556.0,570.0,536.0,533.0,500.0,527.0,0.1456281706953148,0.1570904645476772,0.1431383577052868,0.1479661479661479,0.1609228971962616,0.1729865246004387,0.1605544325729136,0.1515554373836745,0.1449824181769002,0.159868026394721,0.1391982182628062,0.1467966573816156,-0.0753480753480753,-0.2744845360824742,-0.171875,-0.0645756457564575,-0.2314744079449961,-0.2635735439289239,-0.2908067542213883,0.0387135199523525,-0.0909090909090909,-0.0762100926879505,0.0116502537921747,-0.0168290522586359,-0.104392714791851,-0.2035635935670647,-0.2153637011131098,-0.1881638846737481,Information Technology,45.0,3.0,54,8.127995055771946,3351.0,3663.0,9.430840432344976,9.219795530746937,9.424079843215099,9.208839245849916
TXN,2008Q4,2008,Q4,0,0,0,1,2491.0,1097.0,1394.0,1047.0,362.0,387.0,50.0,36.0,107.0,431.0,538.0,11923.0,9326.0,12466.0,10094.0,0.1730228823765556,0.1453231633881975,0.4403853873946206,0.0200722601364913,0.0429546366920915,507.0,488.0,514.0,509.0,542.0,551.0,552.0,556.0,570.0,536.0,533.0,500.0,0.149689991142604,0.1456281706953148,0.1570904645476772,0.1431383577052868,0.1479661479661479,0.1609228971962616,0.1729865246004387,0.1605544325729136,0.1515554373836745,0.1449824181769002,0.159868026394721,0.1391982182628062,-0.2994938132733408,-0.8582781456953642,-0.4307213284898806,-0.1532416502946955,-0.6734177215189874,-0.9497991967871486,-0.965451055662188,-0.1442602823818293,-0.1421800947867298,0.1245972073039742,0.2087806870943649,0.2245714905413041,-0.1873324143356144,-0.9283363885086714,-0.7976865058581755,-0.5743670886075949,Information Technology,45.0,4.0,55,7.820840879907344,3387.0,3556.0,9.386308454797962,9.140668698726863,9.430840432344976,9.219795530746937
TXN,2009Q1,2009,Q1,1,0,0,0,2086.0,806.0,1280.0,796.0,305.0,355.0,10.0,15.0,17.0,386.0,403.0,11520.0,9210.0,11923.0,9326.0,0.1850431447746884,0.1462128475551294,0.386385426653883,0.0047938638542665,0.0081495685522531,431.0,507.0,488.0,514.0,509.0,542.0,551.0,552.0,556.0,570.0,536.0,533.0,0.1730228823765556,0.149689991142604,0.1456281706953148,0.1570904645476772,0.1431383577052868,0.1479661479661479,0.1609228971962616,0.1729865246004387,0.1605544325729136,0.1515554373836745,0.1449824181769002,0.159868026394721,-0.3624694376528117,-0.974320241691843,-0.541002277904328,-0.2490272373540856,-0.6644612476370511,-0.9876084262701365,-0.9821428571428572,-0.1556728232189973,-0.2988505747126436,-0.1612223393045311,0.1779400188770048,0.0997895108054793,-0.2800380888317167,-0.9805631691063692,-0.9597199572462656,-0.657312925170068,Information Technology,45.0,1.0,56,7.643482907077201,2491.0,3272.0,9.351926736038054,9.128153700988236,9.386308454797962,9.140668698726863
TXN,2009Q2,2009,Q2,0,1,0,0,2457.0,1124.0,1333.0,781.0,327.0,661.0,343.0,356.0,260.0,369.0,629.0,11510.0,9213.0,11520.0,9210.0,0.1501831501831501,0.1330891330891331,0.4574684574684575,0.1396011396011396,0.1058201058201058,386.0,431.0,507.0,488.0,514.0,509.0,542.0,551.0,552.0,556.0,570.0,536.0,0.1850431447746884,0.1730228823765556,0.149689991142604,0.1456281706953148,0.1570904645476772,0.1431383577052868,0.1479661479661479,0.1609228971962616,0.1729865246004387,0.1605544325729136,0.1515554373836745,0.1449824181769002,-0.2667860340196956,-0.5578231292517006,-0.357347055460263,-0.2438524590163934,-0.3924632352941176,-0.5882352941176471,-0.5811764705882353,-0.1679151061173532,-0.235981308411215,-0.1473799126637555,0.0312781480814265,0.0420132826674883,-0.1235124065312743,-0.4384112619406737,-0.3969333765252132,-0.4154275092936803,Information Technology,45.0,2.0,57,7.80710329012598,2086.0,3351.0,9.351058378915061,9.128479345495862,9.351926736038054,9.128153700988236
TXN,2009Q3,2009,Q3,0,0,1,0,2880.0,1481.0,1399.0,718.0,340.0,1002.0,763.0,765.0,538.0,368.0,906.0,11903.0,9438.0,11510.0,9213.0,0.1277777777777777,0.1180555555555555,0.5142361111111111,0.2649305555555555,0.1868055555555555,369.0,386.0,431.0,507.0,488.0,514.0,509.0,542.0,551.0,552.0,556.0,570.0,0.1501831501831501,0.1850431447746884,0.1730228823765556,0.149689991142604,0.1456281706953148,0.1570904645476772,0.1431383577052868,0.1479661479661479,0.1609228971962616,0.1729865246004387,0.1605544325729136,0.1515554373836745,-0.149689991142604,-0.0444049733570159,-0.0986001217285453,-0.2741617357001972,-0.0039761431411531,0.0227882037533511,0.0119047619047618,-0.1978211009174312,-0.1282051282051282,-0.1995540691192865,-0.1463839579224194,0.025267094017094,0.0600838151754918,0.2028415437890973,0.1238195677915927,-0.1532710280373831,Information Technology,45.0,3.0,58,7.9658927350845286,2457.0,3387.0,9.384629757072872,9.152605321324945,9.351058378915061,9.128479345495862
TXN,2009Q4,2009,Q4,0,0,0,1,3005.0,1589.0,1416.0,714.0,348.0,1110.0,875.0,881.0,655.0,354.0,1009.0,12119.0,9722.0,11903.0,9438.0,0.1178036605657237,0.1158069883527454,0.5287853577371048,0.2911813643926789,0.2179700499168053,368.0,369.0,386.0,431.0,507.0,488.0,514.0,509.0,542.0,551.0,552.0,556.0,0.1277777777777777,0.1501831501831501,0.1850431447746884,0.1730228823765556,0.149689991142604,0.1456281706953148,0.1570904645476772,0.1431383577052868,0.1479661479661479,0.1609228971962616,0.1729865246004387,0.1605544325729136,0.2063428342031312,5.121495327102804,0.4484958979033728,-0.1786542923433874,1.868217054263566,16.5,23.47222222222222,0.0157819225251076,-0.0386740331491712,-0.3180515759312321,-0.3191440406746683,-0.2031071602577655,0.200733205217072,13.506655574043265,4.074424246194038,0.8754646840148699,Information Technology,45.0,4.0,59,8.00836557031292,2880.0,2491.0,9.402612259623305,9.182249491809657,9.384629757072872,9.152605321324945
TXN,2010Q1,2010,Q1,1,0,0,0,3205.0,1689.0,1516.0,739.0,359.0,1184.0,950.0,957.0,658.0,370.0,1028.0,12370.0,9805.0,12119.0,9722.0,0.1154446177847113,0.1120124804992199,0.5269890795631825,0.296411856474259,0.2053042121684867,354.0,368.0,369.0,386.0,431.0,507.0,488.0,514.0,509.0,542.0,551.0,552.0,0.1178036605657237,0.1277777777777777,0.1501831501831501,0.1850431447746884,0.1730228823765556,0.149689991142604,0.1456281706953148,0.1570904645476772,0.1431383577052868,0.1479661479661479,0.1609228971962616,0.1729865246004387,0.5364333652924258,37.70588235294117,1.095533498759305,-0.0414507772020725,2.335211267605634,94.0,62.8,0.1843749999999999,0.1770491803278688,-0.0716080402010049,-0.3761205370494612,-0.2339080841922201,0.3638948138570703,60.83151326053042,24.192034504909607,1.5508684863523574,Information Technology,45.0,1.0,60,8.072779333169498,3005.0,2086.0,9.423110302862831,9.190749722211178,9.402612259623305,9.182249491809657
TXN,2010Q2,2010,Q2,0,1,0,0,3496.0,1894.0,1602.0,787.0,378.0,1338.0,1107.0,1111.0,769.0,392.0,1161.0,12164.0,9755.0,12370.0,9805.0,0.1121281464530892,0.1081235697940503,0.5417620137299771,0.3166475972540046,0.2199656750572082,370.0,354.0,368.0,369.0,386.0,431.0,507.0,488.0,514.0,509.0,542.0,551.0,0.1154446177847113,0.1178036605657237,0.1277777777777777,0.1501831501831501,0.1850431447746884,0.1730228823765556,0.149689991142604,0.1456281706953148,0.1570904645476772,0.1431383577052868,0.1479661479661479,0.1609228971962616,0.4228734228734228,1.957692307692308,0.6850533807829182,0.062330623306233,1.024205748865355,2.227405247813411,2.1207865168539324,0.2018004501125281,0.1559633027522935,0.0076824583866836,-0.2533906345928447,-0.1875852875107593,0.1842609143545852,1.2682307476766457,1.078675629290618,0.8457869634340223,Information Technology,45.0,2.0,61,8.159660737063376,3205.0,2457.0,9.406318255217624,9.18563775933581,9.423110302862831,9.190749722211178
TXN,2010Q3,2010,Q3,0,0,1,0,3740.0,2039.0,1701.0,812.0,391.0,1459.0,1227.0,1235.0,859.0,417.0,1276.0,12649.0,9962.0,12164.0,9755.0,0.1114973262032085,0.1045454545454545,0.545187165775401,0.3280748663101604,0.2296791443850267,392.0,370.0,354.0,368.0,369.0,386.0,431.0,507.0,488.0,514.0,509.0,542.0,0.1121281464530892,0.1154446177847113,0.1178036605657237,0.1277777777777777,0.1501831501831501,0.1850431447746884,0.1730228823765556,0.149689991142604,0.1456281706953148,0.1570904645476772,0.1431383577052868,0.1479661479661479,0.2986111111111111,0.5966542750929369,0.3767724510465902,0.1331521739130434,0.4560878243512973,0.6081258191349934,0.6143790849673203,0.215868477483917,0.1499999999999999,0.1309192200557103,-0.1274122297140199,-0.1144385026737968,0.0601884115011175,0.2383428767670536,0.229509174403117,0.4083885209713025,Information Technology,45.0,3.0,62,8.227108234348146,3496.0,2880.0,9.445412494155667,9.206633510044856,9.406318255217624,9.18563775933581
TXN,2010Q4,2010,Q4,0,0,0,1,3525.0,1870.0,1655.0,640.0,390.0,1467.0,1230.0,1248.0,942.0,392.0,1334.0,13401.0,10437.0,12649.0,9962.0,0.1112056737588652,0.1106382978723404,0.5304964539007092,0.3489361702127659,0.2672340425531915,417.0,392.0,370.0,354.0,368.0,369.0,386.0,431.0,507.0,488.0,514.0,509.0,0.1114973262032085,0.1121281464530892,0.1154446177847113,0.1178036605657237,0.1277777777777777,0.1501831501831501,0.1850431447746884,0.1730228823765556,0.149689991142604,0.1456281706953148,0.1570904645476772,0.1431383577052868,0.173044925124792,0.4381679389312978,0.1768407803650094,0.1073446327683615,0.3216216216216216,0.4057142857142857,0.416572077185017,0.1687853107344632,0.1206896551724137,-0.103641456582633,-0.0560083343350562,-0.0446319393494742,0.0032358992898875,0.1983465045592705,0.22601266850739,0.3221010901883052,Information Technology,45.0,4.0,63,8.167919362957816,3740.0,3005.0,9.503159228533116,9.25320827220336,9.445412494155667,9.206633510044856
TXN,2011Q1,2011,Q1,1,0,0,0,3392.0,1728.0,1664.0,820.0,396.0,1149.0,908.0,918.0,666.0,422.0,1088.0,13310.0,10574.0,13401.0,10437.0,0.1244103773584905,0.1167452830188679,0.5094339622641509,0.267688679245283,0.1963443396226415,392.0,417.0,392.0,370.0,354.0,368.0,369.0,386.0,431.0,507.0,488.0,514.0,0.1112056737588652,0.1114973262032085,0.1121281464530892,0.1154446177847113,0.1178036605657237,0.1277777777777777,0.1501831501831501,0.1850431447746884,0.1730228823765556,0.149689991142604,0.1456281706953148,0.1570904645476772,0.058346333853354,0.012158054711246,0.0230905861456482,0.1405405405405404,-0.0295608108108108,-0.0442105263157894,-0.0407523510971786,0.0976253298153033,0.1030640668523676,0.1096075778078484,0.0776628633350331,0.0422524570347402,-0.0333121083146218,-0.0969029294935452,-0.043641932385158,0.0583657587548638,Information Technology,45.0,1.0,64,8.129469764784231,3525.0,3205.0,9.496346040047019,9.266248003914479,9.503159228533116,9.25320827220336
TXN,2011Q2,2011,Q2,0,1,0,0,3458.0,1753.0,1705.0,848.0,411.0,1141.0,905.0,909.0,672.0,424.0,1096.0,17098.0,10903.0,13310.0,10574.0,0.1226142278773857,0.1188548293811451,0.5069404279930596,0.261711972238288,0.194331983805668,422.0,392.0,417.0,392.0,370.0,354.0,368.0,369.0,386.0,431.0,507.0,488.0,0.1244103773584905,0.1112056737588652,0.1114973262032085,0.1121281464530892,0.1154446177847113,0.1178036605657237,0.1277777777777777,0.1501831501831501,0.1850431447746884,0.1730228823765556,0.149689991142604,0.1456281706953148,-0.0108695652173913,-0.1261378413524057,-0.0744456177402322,0.0816326530612245,-0.1472346786248132,-0.1824751580849142,-0.1818181818181817,0.0642946317103621,0.0873015873015872,0.0775095298602286,0.0935187261717873,0.0992499563928135,-0.0642746904626524,-0.1734913686133199,-0.1165349604881464,-0.0559862187769164,Information Technology,45.0,2.0,65,8.148734808937169,3392.0,3496.0,9.746775261248594,9.296884973376368,9.496346040047019,9.266248003914479
TXN,2011Q3,2011,Q3,0,0,1,0,3466.0,1744.0,1722.0,930.0,388.0,1021.0,814.0,780.0,601.0,395.0,996.0,20907.0,11026.0,17098.0,10903.0,0.1139642238892094,0.1119446047316791,0.5031736872475476,0.2348528563185228,0.173398730525101,424.0,422.0,392.0,417.0,392.0,370.0,354.0,368.0,369.0,386.0,431.0,507.0,0.1226142278773857,0.1244103773584905,0.1112056737588652,0.1114973262032085,0.1121281464530892,0.1154446177847113,0.1178036605657237,0.1277777777777777,0.1501831501831501,0.1850431447746884,0.1730228823765556,0.149689991142604,-0.0732620320855614,-0.3003492433061699,-0.1446787641000491,-0.052757793764988,-0.3002056202878684,-0.3365933170334149,-0.368421052631579,0.0123456790123457,-0.0076726342710997,0.1453201970443349,0.0221251734907514,0.0707744800421485,-0.0770624863630072,-0.2841485879125711,-0.245039287352878,-0.219435736677116,Information Technology,45.0,3.0,66,8.151044945685024,3458.0,3740.0,9.947887139832812,9.308102089758679,9.746775261248594,9.296884973376368
TXN,2011Q4,2011,Q4,0,0,0,1,3420.0,1548.0,1872.0,1183.0,444.0,701.0,365.0,348.0,298.0,474.0,772.0,20497.0,10952.0,20907.0,11026.0,0.1385964912280701,0.1298245614035087,0.4526315789473684,0.1067251461988304,0.0871345029239766,395.0,424.0,422.0,392.0,417.0,392.0,370.0,354.0,368.0,369.0,386.0,431.0,0.1139642238892094,0.1226142278773857,0.1244103773584905,0.1112056737588652,0.1114973262032085,0.1121281464530892,0.1154446177847113,0.1178036605657237,0.1277777777777777,0.1501831501831501,0.1850431447746884,0.1730228823765556,-0.0297872340425532,-0.683651804670913,-0.172192513368984,0.2091836734693877,-0.5221540558963872,-0.7032520325203252,-0.7211538461538461,0.1311178247734139,0.1384615384615384,0.8484375,0.2463077336197634,0.1734143049932524,-0.1467773712355755,-0.69414134930823,-0.6739393600774761,-0.4212893553223388,Information Technology,45.0,4.0,67,8.137688184977605,3466.0,3525.0,9.928082599391509,9.301368670323747,9.947887139832812,9.308102089758679
TXN,2012Q1,2012,Q1,1,0,0,0,3121.0,1531.0,1590.0,1134.0,462.0,712.0,397.0,362.0,265.0,509.0,774.0,20009.0,11071.0,20497.0,10952.0,0.1630887536046139,0.1480294777314963,0.4905479013136815,0.1272028196090996,0.0849086831143864,474.0,395.0,424.0,422.0,392.0,417.0,392.0,370.0,354.0,368.0,369.0,386.0,0.1385964912280701,0.1139642238892094,0.1226142278773857,0.1244103773584905,0.1112056737588652,0.1114973262032085,0.1121281464530892,0.1154446177847113,0.1178036605657237,0.1277777777777777,0.1501831501831501,0.1850431447746884,-0.0798938679245283,-0.602102102102102,-0.1140046296296296,0.2061611374407583,-0.3803307223672759,-0.5627753303964758,-0.6056644880174291,-0.0444711538461538,0.1666666666666667,0.3829268292682926,0.3108934886892189,0.2679696678415038,-0.0370726381620325,-0.5248106122091784,-0.5675521724864884,-0.2886029411764705,Information Technology,45.0,1.0,68,8.046229101075378,3420.0,3392.0,9.903987427577778,9.31217467785745,9.928082599391509,9.301368670323747
TXN,2012Q2,2012,Q2,0,1,0,0,3335.0,1651.0,1684.0,1053.0,456.0,922.0,598.0,576.0,446.0,480.0,926.0,19521.0,11158.0,20009.0,11071.0,0.1439280359820089,0.1367316341829085,0.4950524737631184,0.1793103448275862,0.1337331334332833,509.0,474.0,395.0,424.0,422.0,392.0,417.0,392.0,370.0,354.0,368.0,369.0,0.1630887536046139,0.1385964912280701,0.1139642238892094,0.1226142278773857,0.1244103773584905,0.1112056737588652,0.1114973262032085,0.1121281464530892,0.1154446177847113,0.1178036605657237,0.1277777777777777,0.1501831501831501,-0.0355696934644302,-0.3363095238095238,-0.0581859669138619,0.1320754716981131,-0.1919368974583698,-0.3392265193370165,-0.3663366336633663,-0.012316715542522,0.1094890510948904,0.241745283018868,0.1738281802494978,0.1504087372372207,-0.0234503968780014,-0.3148561630786816,-0.311831584207896,-0.1551094890510949,Information Technology,45.0,2.0,69,8.112527763478637,3121.0,3458.0,9.879297313734911,9.320001626185702,9.903987427577778,9.31217467785745
TXN,2012Q3,2012,Q3,0,0,1,0,3390.0,1740.0,1650.0,900.0,453.0,1191.0,840.0,843.0,784.0,463.0,1247.0,20514.0,11403.0,19521.0,11158.0,0.1365781710914454,0.1336283185840708,0.5132743362831859,0.247787610619469,0.2312684365781711,480.0,509.0,474.0,395.0,424.0,422.0,392.0,417.0,392.0,370.0,354.0,368.0,0.1439280359820089,0.1630887536046139,0.1385964912280701,0.1139642238892094,0.1226142278773857,0.1244103773584905,0.1112056737588652,0.1114973262032085,0.1121281464530892,0.1154446177847113,0.1178036605657237,0.1277777777777777,-0.0219272937103288,0.3044925124792013,-0.0022935779816514,0.1721518987341772,0.1665034280117532,0.031941031941032,0.0807692307692307,-0.0418118466898954,0.1675257731958763,-0.032258064516129,0.1984302303872149,0.1937003922999725,0.0200738816270196,0.0550759931290905,0.3337377723459915,0.2520080321285141,Information Technology,45.0,3.0,70,8.128880142125638,3335.0,3466.0,9.928911604876287,9.341719450032562,9.879297313734911,9.320001626185702
TXN,2012Q4,2012,Q4,0,0,0,1,2979.0,1445.0,1534.0,1307.0,430.0,495.0,139.0,155.0,264.0,425.0,689.0,20064.0,10961.0,20514.0,11403.0,0.1426653239342061,0.1443437395099026,0.4850621013763008,0.0466599530043638,0.0886203423967774,463.0,480.0,509.0,474.0,395.0,424.0,422.0,392.0,417.0,392.0,370.0,354.0,0.1365781710914454,0.1439280359820089,0.1630887536046139,0.1385964912280701,0.1139642238892094,0.1226142278773857,0.1244103773584905,0.1112056737588652,0.1114973262032085,0.1121281464530892,0.1154446177847113,0.1178036605657237,-0.1289473684210526,-0.1140939597315435,-0.0665374677002583,-0.1033755274261603,-0.2938659058487874,-0.6191780821917808,-0.5545977011494253,-0.1805555555555555,-0.0315315315315315,0.1048182586644124,0.0293574005379428,0.111836912441142,0.0716488286220597,-0.5628026321234946,0.0170522516677142,-0.1075129533678757,Information Technology,45.0,4.0,71,7.9996785794994505,3390.0,3420.0,9.906732282701016,9.302190025606063,9.928911604876287,9.341719450032562
TXN,2013Q1,2013,Q1,1,0,0,0,2885.0,1374.0,1511.0,979.0,459.0,720.0,395.0,374.0,362.0,419.0,781.0,19701.0,10952.0,20064.0,10961.0,0.1452339688041594,0.1590987868284228,0.4762564991334488,0.1369150779896014,0.125476603119584,425.0,463.0,480.0,509.0,474.0,395.0,424.0,422.0,392.0,417.0,392.0,370.0,0.1426653239342061,0.1365781710914454,0.1439280359820089,0.1630887536046139,0.1385964912280701,0.1139642238892094,0.1226142278773857,0.1244103773584905,0.1112056737588652,0.1114973262032085,0.1121281464530892,0.1154446177847113,-0.0756167894905479,0.3660377358490565,-0.1025473546701501,-0.1768172888015716,0.0112359550561798,-0.0050377833753149,0.0331491712707181,-0.0496855345911949,-0.0064935064935064,-0.13668430335097,-0.1094789457018042,0.0747777352630039,-0.0291335507540863,0.0763525400643474,0.4777829371178181,0.0090439276485787,Information Technology,45.0,1.0,72,7.9676267393338165,2979.0,3121.0,9.888475432415625,9.301368670323747,9.906732282701016,9.302190025606063
TXN,2013Q2,2013,Q2,0,1,0,0,3047.0,1570.0,1477.0,664.0,471.0,1227.0,906.0,882.0,660.0,389.0,1049.0,19398.0,11068.0,19701.0,10952.0,0.1276665572694453,0.1545782737118477,0.5152609123728258,0.2973416475221529,0.2166064981949458,419.0,425.0,463.0,480.0,509.0,474.0,395.0,424.0,422.0,392.0,417.0,392.0,0.1452339688041594,0.1426653239342061,0.1365781710914454,0.1439280359820089,0.1630887536046139,0.1385964912280701,0.1139642238892094,0.1226142278773857,0.1244103773584905,0.1112056737588652,0.1114973262032085,0.1121281464530892,-0.0863568215892054,0.4798206278026906,-0.049061175045427,-0.1895833333333333,0.3308026030368762,0.5150501672240804,0.53125,-0.1229216152019002,0.0328947368421053,-0.369420702754036,-0.1129833989716659,0.1305231202390617,0.0408208011892028,0.6582514957966221,0.6196920885205031,0.132829373650108,Information Technology,45.0,2.0,73,8.022240916806537,2885.0,3335.0,9.872976797331106,9.311903687385623,9.888475432415625,9.301368670323747
TXN,2013Q3,2013,Q3,0,0,1,0,3244.0,1779.0,1465.0,935.0,465.0,1165.0,844.0,816.0,629.0,368.0,997.0,19244.0,11051.0,19398.0,11068.0,0.1134401972872996,0.1433415536374845,0.5483970406905055,0.2601726263871763,0.1938964241676942,389.0,419.0,425.0,463.0,480.0,509.0,474.0,395.0,424.0,422.0,392.0,417.0,0.1276665572694453,0.1452339688041594,0.1426653239342061,0.1365781710914454,0.1439280359820089,0.1630887536046139,0.1385964912280701,0.1139642238892094,0.1226142278773857,0.1244103773584905,0.1112056737588652,0.1114973262032085,-0.0430678466076696,-0.197704081632653,0.0224137931034482,-0.2051835853131749,-0.0218303946263643,0.0047619047619047,-0.0320284697508896,-0.112121212121212,0.0264900662251654,0.0388888888888889,-0.1694119464277629,0.0726884477507123,0.0684287172073641,0.0499823850625329,-0.1615958189687711,-0.2004811547714514,Information Technology,45.0,3.0,74,8.08487062913819,3047.0,3390.0,9.865006565717847,9.310366686043308,9.872976797331106,9.311903687385623
TXN,2013Q4,2013,Q4,0,0,0,1,3028.0,1640.0,1388.0,953.0,461.0,1084.0,687.0,682.0,511.0,346.0,857.0,18938.0,10807.0,19244.0,11051.0,0.1142668428005284,0.1522457067371202,0.5416116248348745,0.2268824306472919,0.1687582562747688,368.0,389.0,419.0,425.0,463.0,480.0,509.0,474.0,395.0,424.0,422.0,392.0,0.1134401972872996,0.1276665572694453,0.1452339688041594,0.1426653239342061,0.1365781710914454,0.1439280359820089,0.1630887536046139,0.1385964912280701,0.1139642238892094,0.1226142278773857,0.1244103773584905,0.1112056737588652,0.0164484726418261,0.9356060606060606,0.1349480968858132,-0.1858823529411765,1.1898989898989898,3.942446043165468,3.4000000000000004,-0.0951760104302477,0.0720930232558139,-0.2708492731446059,-0.1990566477581785,0.0547440938834444,0.1165820279467757,3.862465905743041,0.9042835054641524,0.2438316400580551,Information Technology,45.0,4.0,75,8.015987811027237,3244.0,2979.0,9.848978567035735,9.288041879640035,9.865006565717847,9.310366686043308
TXN,2014Q1,2014,Q1,1,0,0,0,2983.0,1607.0,1376.0,917.0,479.0,1006.0,690.0,671.0,487.0,366.0,853.0,18935.0,10620.0,18938.0,10807.0,0.1226952732148843,0.1605766007375125,0.538719409989943,0.2313107609788803,0.1632584646329198,346.0,368.0,389.0,419.0,425.0,463.0,480.0,509.0,474.0,395.0,424.0,422.0,0.1142668428005284,0.1134401972872996,0.1276665572694453,0.1452339688041594,0.1426653239342061,0.1365781710914454,0.1439280359820089,0.1630887536046139,0.1385964912280701,0.1139642238892094,0.1226142278773857,0.1244103773584905,0.0339688041594454,0.3453038674033148,0.1695778748180494,-0.1264916467780429,0.3972222222222221,0.7468354430379747,0.7941176470588236,-0.0893448047650562,0.0435729847494552,-0.0633299284984678,-0.1551888705848656,0.0092886560516858,0.1311539285451133,0.6894469504406826,0.3011068244916404,0.0921895006402049,Information Technology,45.0,1.0,76,8.001019961323651,3028.0,2885.0,9.84882015119382,9.27058845232154,9.848978567035735,9.288041879640035
TXN,2014Q2,2014,Q2,0,1,0,0,3292.0,1881.0,1411.0,899.0,472.0,1292.0,982.0,961.0,683.0,349.0,1032.0,17810.0,10466.0,18935.0,10620.0,0.1060145808019441,0.1433778857837181,0.5713851761846902,0.2982989064398542,0.2074726609963548,366.0,346.0,368.0,389.0,419.0,425.0,463.0,480.0,509.0,474.0,395.0,424.0,0.1226952732148843,0.1142668428005284,0.1134401972872996,0.1276665572694453,0.1452339688041594,0.1426653239342061,0.1365781710914454,0.1439280359820089,0.1630887536046139,0.1385964912280701,0.1139642238892094,0.1226142278773857,0.0804069576632753,0.0348484848484849,0.1980891719745223,-0.1028277634961439,0.0529747351263243,0.0838852097130242,0.0895691609977324,-0.0446851726472579,0.0021231422505307,0.3539156626506023,-0.1695978722274456,-0.0724577112887705,0.1089239693214974,0.0032193906426443,-0.0421678817334952,-0.0162059103908484,Information Technology,45.0,2.0,77,8.099554282376364,2983.0,3047.0,9.787571522938785,9.255982729854884,9.84882015119382,9.27058845232154
TXN,2014Q3,2014,Q3,0,0,1,0,3501.0,2044.0,1457.0,869.0,463.0,1486.0,1175.0,1155.0,826.0,332.0,1158.0,17900.0,10471.0,17810.0,10466.0,0.0948300485575549,0.1322479291630962,0.5838331905169951,0.3356183947443587,0.2359325906883747,349.0,366.0,346.0,368.0,389.0,419.0,425.0,463.0,480.0,509.0,474.0,395.0,0.1060145808019441,0.1226952732148843,0.1142668428005284,0.1134401972872996,0.1276665572694453,0.1452339688041594,0.1426653239342061,0.1365781710914454,0.1439280359820089,0.1630887536046139,0.1385964912280701,0.1139642238892094,0.0792231812577064,0.3131955484896662,0.1489600899381675,-0.0978260869565217,0.2755364806866953,0.3921800947867297,0.4154411764705883,-0.0054607508532422,-0.0043010752688171,-0.0705882352941176,-0.1640525067372055,-0.0773929414944424,0.0646176897341945,0.2899834982828195,0.216797017795052,0.1614844533600803,Information Technology,45.0,3.0,78,8.161089512845797,3292.0,3244.0,9.792611856190192,9.256460307589736,9.787571522938785,9.255982729854884
TXN,2014Q4,2014,Q4,0,0,0,1,3269.0,1895.0,1374.0,795.0,429.0,1414.0,1100.0,1087.0,825.0,311.0,1136.0,17722.0,10390.0,17900.0,10471.0,0.0951361272560416,0.1312327929030284,0.5796879779749159,0.336494340776996,0.252370755582747,332.0,349.0,366.0,346.0,368.0,389.0,419.0,425.0,463.0,480.0,509.0,474.0,0.0948300485575549,0.1060145808019441,0.1226952732148843,0.1142668428005284,0.1134401972872996,0.1276665572694453,0.1452339688041594,0.1426653239342061,0.1365781710914454,0.1439280359820089,0.1630887536046139,0.1385964912280701,0.0795904887714662,0.614481409001957,0.1554878048780488,-0.1011560693641618,0.3044280442804428,0.6011644832605532,0.5938416422287389,-0.010086455331412,-0.0694143167028199,-0.1657922350472193,-0.1674214065569538,-0.1380197463983293,0.0703019495780765,0.4831220725949694,0.4954572366038317,0.3255542590431739,Information Technology,45.0,4.0,79,8.0925452638913,3501.0,3028.0,9.782618510055139,9.248695325852646,9.792611856190192,9.256460307589736
TXN,2015Q1,2015,Q1,1,0,0,0,3150.0,1816.0,1334.0,858.0,439.0,1258.0,958.0,940.0,656.0,338.0,994.0,17346.0,10369.0,17722.0,10390.0,0.1073015873015873,0.1393650793650793,0.5765079365079365,0.3041269841269841,0.2082539682539682,311.0,332.0,349.0,366.0,346.0,368.0,389.0,419.0,425.0,463.0,480.0,509.0,0.0951361272560416,0.0948300485575549,0.1060145808019441,0.1226952732148843,0.1142668428005284,0.1134401972872996,0.1276665572694453,0.1452339688041594,0.1426653239342061,0.1365781710914454,0.1439280359820089,0.1630887536046139,0.0559839088166276,0.3470225872689938,0.1300560049782202,-0.0765027322404371,0.2504970178926442,0.3884057971014492,0.4008941877794336,-0.0305232558139535,-0.0835073068893528,-0.0643402399127589,-0.1254627461184838,-0.1320959671272823,0.0701450993174701,0.3147982516678169,0.275609008832828,0.1652989449003516,Information Technology,45.0,1.0,80,8.055475141757274,3269.0,2983.0,9.76117485976141,9.246672301223573,9.782618510055139,9.248695325852646
TXN,2015Q2,2015,Q2,0,1,0,0,3232.0,1881.0,1351.0,871.0,470.0,1304.0,1010.0,989.0,696.0,320.0,1016.0,17532.0,10205.0,17346.0,10369.0,0.099009900990099,0.1454207920792079,0.5819925742574258,0.3125,0.2153465346534653,338.0,311.0,332.0,349.0,366.0,346.0,368.0,389.0,419.0,425.0,463.0,480.0,0.1073015873015873,0.0951361272560416,0.0948300485575549,0.1060145808019441,0.1226952732148843,0.1142668428005284,0.1134401972872996,0.1276665572694453,0.1452339688041594,0.1426653239342061,0.1365781710914454,0.1439280359820089,-0.0182260024301336,0.0190336749633968,0.0,-0.0830945558739254,0.0092879256965945,0.0285132382892057,0.0291363163371487,-0.0425230333097094,-0.0042372881355932,-0.0311457174638487,-0.0660727963913869,0.0142484057727805,0.0185643564356434,0.0476069246435846,0.0379513793253409,-0.0155038759689922,Information Technology,45.0,2.0,81,8.081165777725433,3150.0,3292.0,9.771840098470129,9.230731061623917,9.76117485976141,9.246672301223573
TXN,2015Q3,2015,Q3,0,0,1,0,3429.0,1997.0,1432.0,833.0,434.0,1455.0,1164.0,1148.0,798.0,316.0,1114.0,16540.0,9970.0,17532.0,10205.0,0.0921551472732575,0.126567512394284,0.5823855351414406,0.3394575678040245,0.2327209098862642,320.0,338.0,311.0,332.0,349.0,366.0,346.0,368.0,389.0,419.0,425.0,463.0,0.099009900990099,0.1073015873015873,0.0951361272560416,0.0948300485575549,0.1060145808019441,0.1226952732148843,0.1142668428005284,0.1134401972872996,0.1276665572694453,0.1452339688041594,0.1426653239342061,0.1365781710914454,-0.0205655526992287,-0.0338983050847457,-0.0229941291585127,-0.0481927710843373,-0.0208613728129205,-0.0093617021276595,-0.0060606060606061,-0.0171585449553878,-0.0626349892008639,-0.0414269275028769,-0.0282073174588116,-0.0429527842497009,-0.0024795701907124,0.0114391020271402,-0.0136127051915121,-0.0379965457685664,Information Technology,45.0,3.0,82,8.140315540159985,3232.0,3501.0,9.713597426242222,9.207436158828793,9.771840098470129,9.230731061623917
TXN,2015Q4,2015,Q4,0,0,0,1,3189.0,1866.0,1323.0,724.0,405.0,1422.0,1142.0,1139.0,836.0,306.0,1142.0,16230.0,9946.0,16540.0,9970.0,0.0959548447789275,0.1269990592662276,0.5851364063969896,0.3581059893383506,0.262151144559423,316.0,320.0,338.0,311.0,332.0,349.0,366.0,346.0,368.0,389.0,419.0,425.0,0.0921551472732575,0.099009900990099,0.1073015873015873,0.0951361272560416,0.0948300485575549,0.1060145808019441,0.1226952732148843,0.1142668428005284,0.1134401972872996,0.1276665572694453,0.1452339688041594,0.1426653239342061,-0.0244723156928724,0.0133333333333334,-0.0153034300791556,-0.0160771704180063,0.0056577086280056,0.038181818181818,0.0478380864765408,-0.037117903930131,-0.0559440559440559,-0.0893081761006289,0.0086057478531003,-0.0322612476892816,0.0093988984230917,0.0642258901336982,0.0387540503815198,0.005281690140845,Information Technology,45.0,4.0,83,8.06777619577889,3429.0,3269.0,9.69467827290507,9.205026277152413,9.713597426242222,9.207436158828793
TXN,2016Q1,2016,Q1,1,0,0,0,3008.0,1824.0,1184.0,845.0,441.0,1221.0,968.0,950.0,711.0,322.0,1033.0,15686.0,9782.0,16230.0,9946.0,0.1070478723404255,0.1466090425531915,0.6063829787234043,0.3218085106382978,0.2363696808510638,306.0,316.0,320.0,338.0,311.0,332.0,349.0,366.0,346.0,368.0,389.0,419.0,0.0959548447789275,0.0921551472732575,0.099009900990099,0.1073015873015873,0.0951361272560416,0.0948300485575549,0.1060145808019441,0.1226952732148843,0.1142668428005284,0.1134401972872996,0.1276665572694453,0.1452339688041594,-0.045079365079365,0.083841463414634,0.0044052863436123,-0.0473372781065088,-0.0294117647058823,0.010438413361169,0.0106382978723404,-0.1124437781109445,0.0045558086560364,-0.0151515151515151,-0.0023645033362709,0.0519783235593467,0.0518206954728652,0.0581386310131923,0.1350068516476388,0.039235412474849,Information Technology,45.0,1.0,84,8.009363076630045,3189.0,3150.0,9.66058762285624,9.18840146445743,9.69467827290507,9.205026277152413
TXN,2016Q2,2016,Q2,0,1,0,0,3273.0,2003.0,1270.0,876.0,454.0,1365.0,1117.0,1102.0,819.0,341.0,1160.0,15693.0,9962.0,15686.0,9782.0,0.1041857622975863,0.1387106630003055,0.6119767797128017,0.3412771157959059,0.2502291475710357,322.0,306.0,316.0,320.0,338.0,311.0,332.0,349.0,366.0,346.0,368.0,389.0,0.1070478723404255,0.0959548447789275,0.0921551472732575,0.099009900990099,0.1073015873015873,0.0951361272560416,0.0948300485575549,0.1060145808019441,0.1226952732148843,0.1142668428005284,0.1134401972872996,0.1276665572694453,0.0126856435643565,0.1767241379310344,0.0648591174906965,0.065625,0.0467791411042943,0.105940594059406,0.1142568250758342,-0.0599555884529977,-0.0340425531914894,0.0057405281285878,0.0522761992056217,-0.0461428450702394,0.051519910702698,0.0920867705468988,0.1619836278011315,0.1417322834645669,Information Technology,45.0,2.0,85,8.09376775793108,3008.0,3232.0,9.661033752687418,9.206633510044856,9.66058762285624,9.18840146445743
TXN,2016Q3,2016,Q3,0,0,1,0,3675.0,2280.0,1395.0,876.0,442.0,1636.0,1395.0,1381.0,968.0,353.0,1321.0,16216.0,10286.0,15693.0,9962.0,0.0960544217687074,0.1202721088435374,0.6204081632653061,0.3795918367346939,0.2634013605442177,341.0,322.0,306.0,316.0,320.0,338.0,311.0,332.0,349.0,366.0,346.0,368.0,0.1041857622975863,0.1070478723404255,0.0959548447789275,0.0921551472732575,0.099009900990099,0.1073015873015873,0.0951361272560416,0.0948300485575549,0.1060145808019441,0.1226952732148843,0.1142668428005284,0.1134401972872996,0.0717410323709535,0.213032581453634,0.1417125688532798,0.1170886075949366,0.1243986254295532,0.1984536082474226,0.2029616724738676,-0.0258379888268156,0.0184331797235022,0.0516206482593037,0.0423120640661329,-0.0497394902661525,0.0652877275096317,0.1182305912055545,0.1318336657971459,0.1858168761220826,Information Technology,45.0,3.0,86,8.209580483475577,3273.0,3429.0,9.693815353719375,9.23863624113103,9.661033752687418,9.206633510044856
TXN,2016Q4,2016,Q4,0,0,0,1,3414.0,2133.0,1281.0,814.0,411.0,1743.0,1319.0,1497.0,1047.0,343.0,1390.0,16431.0,10473.0,16216.0,10286.0,0.1004686584651435,0.1203866432337434,0.624780316344464,0.3863503222026948,0.3066783831282952,353.0,341.0,322.0,306.0,316.0,320.0,338.0,311.0,332.0,349.0,366.0,346.0,0.0960544217687074,0.1041857622975863,0.1070478723404255,0.0959548447789275,0.0921551472732575,0.099009900990099,0.1073015873015873,0.0951361272560416,0.0948300485575549,0.1060145808019441,0.1226952732148843,0.1142668428005284,0.0705550329256821,0.2523923444976077,0.1430868167202572,0.1209150326797385,0.2257383966244726,0.1549912434325744,0.3143107989464442,-0.0317460317460317,0.0148148148148148,0.1243093922651934,0.047041019102427,-0.0520666536483758,0.0677515695726129,0.0788714338917633,0.1698533059762363,0.2171628721541156,Information Technology,45.0,4.0,87,8.13593277200489,3675.0,3189.0,9.70698593216834,9.256651274839433,9.693815353719375,9.23863624113103
TXN,2017Q1,2017,Q1,1,0,0,0,3402.0,2144.0,1258.0,892.0,439.0,1503.0,1252.0,1255.0,997.0,369.0,1366.0,15978.0,10639.0,16431.0,10473.0,0.1084656084656084,0.1290417401528512,0.630217519106408,0.3680188124632569,0.2930629041740152,343.0,353.0,341.0,322.0,306.0,316.0,320.0,338.0,311.0,332.0,349.0,366.0,0.1004686584651435,0.0960544217687074,0.1041857622975863,0.1070478723404255,0.0959548447789275,0.0921551472732575,0.099009900990099,0.1073015873015873,0.0951361272560416,0.0948300485575549,0.1060145808019441,0.1226952732148843,0.1309840425531914,0.4022503516174402,0.1754385964912281,0.1459627329192547,0.2309582309582309,0.2933884297520661,0.3210526315789475,0.0625,-0.0045351473922902,0.0556213017751479,0.0132439449209633,-0.1198241397283976,0.039306084140392,0.1435956486461538,0.2398498111890827,0.3223620522749273,Information Technology,45.0,1.0,88,8.132412674500905,3414.0,3008.0,9.679030639139388,9.272375762895635,9.70698593216834,9.256651274839433
TXN,2017Q2,2017,Q2,0,1,0,0,3693.0,2374.0,1319.0,894.0,434.0,1731.0,1480.0,1486.0,1056.0,378.0,1434.0,16438.0,10708.0,15978.0,10639.0,0.1023558082859463,0.1175196317357162,0.6428378012455997,0.4007581911724885,0.2859463850528026,369.0,343.0,353.0,341.0,322.0,306.0,316.0,320.0,338.0,311.0,332.0,349.0,0.1084656084656084,0.1004686584651435,0.0960544217687074,0.1041857622975863,0.1070478723404255,0.0959548447789275,0.0921551472732575,0.099009900990099,0.1073015873015873,0.0951361272560416,0.0948300485575549,0.1060145808019441,0.1283226397800183,0.2893772893772894,0.1852221667498752,0.1085043988269793,0.268131868131868,0.3249776186213071,0.3484573502722323,0.0385826771653543,-0.0440528634361233,0.0205479452054795,-0.0175643386513123,-0.1527714654823805,0.0504284191097592,0.1742896684937822,0.1427381175553392,0.2362068965517241,Information Technology,45.0,2.0,89,8.214465160759186,3402.0,3273.0,9.707411839509511,9.278839788400875,9.679030639139388,9.272375762895635
TXN,2017Q3,2017,Q3,0,0,1,0,4116.0,2656.0,1460.0,868.0,412.0,2033.0,1788.0,1789.0,1285.0,375.0,1660.0,16929.0,10988.0,16438.0,10708.0,0.0911078717201166,0.1000971817298348,0.6452866861030127,0.434402332361516,0.3121963070942662,378.0,369.0,343.0,353.0,341.0,322.0,306.0,316.0,320.0,338.0,311.0,332.0,0.1023558082859463,0.1084656084656084,0.1004686584651435,0.0960544217687074,0.1041857622975863,0.1070478723404255,0.0959548447789275,0.0921551472732575,0.099009900990099,0.1073015873015873,0.0951361272560416,0.0948300485575549,0.1200000000000001,0.3274793388429753,0.1649122807017544,0.0623229461756373,0.2426650366748166,0.2817204301075269,0.2954380883417813,0.0465949820788531,-0.0678733031674208,-0.0091324200913242,-0.0514973694860381,-0.1677440206851971,0.0401002506265664,0.1443932411674346,0.1852494096812278,0.2566237698713096,Information Technology,45.0,3.0,90,8.322880021769905,3693.0,3675.0,9.736842475127181,9.304650051446924,9.707411839509511,9.278839788400875
TXN,2017Q4,2017,Q4,0,0,0,1,3750.0,2440.0,1310.0,877.0,409.0,1795.0,1563.0,1550.0,344.0,386.0,730.0,17642.0,10337.0,16929.0,10988.0,0.1029333333333333,0.1090666666666666,0.6506666666666666,0.4168,0.0917333333333333,375.0,378.0,369.0,343.0,353.0,341.0,322.0,306.0,316.0,320.0,338.0,311.0,0.0911078717201166,0.1023558082859463,0.1084656084656084,0.1004686584651435,0.0960544217687074,0.1041857622975863,0.1070478723404255,0.0959548447789275,0.0921551472732575,0.099009900990099,0.1073015873015873,0.0951361272560416,0.0984182776801405,-0.6714422158548233,0.1439287388654477,0.1253644314868804,0.0298336201950659,0.1849886277482941,0.0354041416165664,0.0226385636221702,-0.0048661800486617,0.0773955773955774,0.024531778425656,-0.0940301703163016,0.0414327238631035,0.078813646702047,-0.7008809933142311,-0.4748201438848921,Information Technology,45.0,4.0,91,8.229777750081887,4116.0,3414.0,9.778094383128066,9.243581705755984,9.736842475127181,9.304650051446924
TXN,2018Q1,2018,Q1,1,0,0,0,3789.0,2447.0,1342.0,899.0,433.0,1805.0,1548.0,1553.0,1366.0,385.0,1751.0,17507.0,10642.0,17642.0,10337.0,0.101609923462655,0.1142781736605964,0.6458168382158881,0.4085510688836104,0.3605172868830826,386.0,375.0,378.0,369.0,343.0,353.0,341.0,322.0,306.0,316.0,320.0,338.0,0.1029333333333333,0.0911078717201166,0.1023558082859463,0.1084656084656084,0.1004686584651435,0.0960544217687074,0.1041857622975863,0.1070478723404255,0.0959548447789275,0.0921551472732575,0.099009900990099,0.1073015873015873,0.1137566137566137,0.3701103309929789,0.1413246268656716,0.043360433604336,0.2009314703925482,0.2364217252396165,0.2374501992031872,0.066772655007949,-0.0136674259681093,0.0078475336322869,-0.0632060714906436,-0.1144092328169723,0.0247522778033821,0.1101363708802258,0.2301703209390642,0.2818448023426061,Information Technology,45.0,1.0,92,8.240121298076472,3750.0,3402.0,9.770413198310786,9.272657678041044,9.778094383128066,9.243581705755984
TXN,2018Q2,2018,Q2,0,1,0,0,4017.0,2619.0,1398.0,907.0,441.0,1969.0,1712.0,1706.0,1405.0,384.0,1789.0,18527.0,10634.0,17507.0,10642.0,0.0955937266616878,0.1097834204630321,0.6519790888722927,0.4261886980333582,0.3497635051033109,385.0,386.0,375.0,378.0,369.0,343.0,353.0,341.0,322.0,306.0,316.0,320.0,0.101609923462655,0.1029333333333333,0.0911078717201166,0.1023558082859463,0.1084656084656084,0.1004686584651435,0.0960544217687074,0.1041857622975863,0.1070478723404255,0.0959548447789275,0.0921551472732575,0.099009900990099,0.0877335499593825,0.3304924242424243,0.103201347935973,0.0158730158730158,0.1374927787406124,0.1567567567567567,0.1480484522207268,0.0598938589840789,0.0161290322580645,0.0145413870246084,-0.0660644641227164,-0.065829097304199,0.0142202085953568,0.0634559877278324,0.223178621540272,0.2475592747559274,Information Technology,45.0,2.0,93,8.29853954537488,3789.0,3693.0,9.827038380372722,9.271905727634337,9.770413198310786,9.272657678041044
TXN,2018Q3,2018,Q3,0,0,1,0,4261.0,2804.0,1457.0,867.0,396.0,2203.0,1937.0,1924.0,1570.0,390.0,1960.0,18573.0,10516.0,18527.0,10634.0,0.0915278103731518,0.0929359305327388,0.6580614879136353,0.4545881248533208,0.3684581084252523,384.0,385.0,386.0,375.0,378.0,369.0,343.0,353.0,341.0,322.0,306.0,316.0,0.0955937266616878,0.101609923462655,0.1029333333333333,0.0911078717201166,0.1023558082859463,0.1084656084656084,0.1004686584651435,0.0960544217687074,0.1041857622975863,0.1070478723404255,0.0959548447789275,0.0921551472732575,0.0352283770651118,0.2217898832684826,0.055722891566265,0.04,0.0836202656173144,0.0833333333333332,0.0754611514812744,-0.0020547945205479,-0.0388349514563106,-0.0011520737327188,0.0046092466557146,-0.0715429852603085,0.0197970949745944,0.0464679652663695,0.1802128982710804,0.1807228915662651,Information Technology,45.0,3.0,94,8.357493812658563,4017.0,4116.0,9.829518032335953,9.260748274520028,9.827038380372722,9.271905727634337
TXN,2018Q4,2018,Q4,0,0,0,1,3717.0,2407.0,1310.0,891.0,414.0,1788.0,1516.0,1503.0,1239.0,400.0,1639.0,17137.0,8994.0,18573.0,10516.0,0.1076136669357008,0.1113801452784503,0.6475652407855798,0.4078557976863061,0.3333333333333333,390.0,384.0,385.0,386.0,375.0,378.0,369.0,343.0,353.0,341.0,322.0,306.0,0.0915278103731518,0.0955937266616878,0.101609923462655,0.1029333333333333,0.0911078717201166,0.1023558082859463,0.1084656084656084,0.1004686584651435,0.0960544217687074,0.1041857622975863,0.1070478723404255,0.0959548447789275,-0.0088,2.601744186046512,-0.0135245901639344,0.0362694300518133,-0.0038997214484679,-0.0300703774792066,-0.0303225806451612,0.0,0.0122249388753055,0.015963511972634,0.045469562199166,0.0212116009637868,-0.0047665356778998,-0.0214592186029123,2.633720930232558,1.2452054794520548,Information Technology,45.0,4.0,95,8.220941168281389,4261.0,3750.0,9.749053499229063,9.104424146384634,9.829518032335953,9.260748274520028
TXN,2019Q1,2019,Q1,1,0,0,0,3594.0,2261.0,1333.0,882.0,414.0,1673.0,1379.0,1377.0,1217.0,389.0,1606.0,17443.0,8519.0,17137.0,8994.0,0.1082359488035615,0.1151919866444073,0.6291040623260991,0.3836950473010573,0.3386199220923762,400.0,390.0,384.0,385.0,386.0,375.0,378.0,369.0,343.0,353.0,341.0,322.0,0.1076136669357008,0.0915278103731518,0.0955937266616878,0.101609923462655,0.1029333333333333,0.0911078717201166,0.1023558082859463,0.1084656084656084,0.1004686584651435,0.0960544217687074,0.1041857622975863,0.1070478723404255,-0.051464766429137,-0.1090775988286969,-0.0760114425827543,0.0103896103896103,-0.0731301939058172,-0.1091731266149871,-0.1133290405666451,-0.0067064083457526,-0.0438799076212471,-0.0189098998887653,0.0652104156277779,0.0079963912139939,-0.0258785074975115,-0.0608394481759003,-0.0607387373294191,-0.0828098229583095,Information Technology,45.0,1.0,96,8.187299270155147,3717.0,3789.0,9.766751028962657,9.050171619823361,9.749053499229063,9.104424146384634
TXN,2019Q2,2019,Q2,0,1,0,0,3668.0,2360.0,1308.0,854.0,420.0,1825.0,1506.0,1514.0,1305.0,390.0,1695.0,17384.0,8486.0,17443.0,8519.0,0.1063249727371864,0.1145038167938931,0.64340239912759,0.4105779716466739,0.3557797164667394,389.0,400.0,390.0,384.0,385.0,386.0,375.0,378.0,369.0,343.0,353.0,341.0,0.1082359488035615,0.1076136669357008,0.0915278103731518,0.0955937266616878,0.101609923462655,0.1029333333333333,0.0911078717201166,0.1023558082859463,0.1084656084656084,0.1004686584651435,0.0960544217687074,0.1041857622975863,-0.0868807567836693,-0.0711743772241992,-0.0988927071401297,0.015625,-0.0731335703402742,-0.1203271028037383,-0.1125439624853458,-0.0643776824034334,-0.0476190476190476,-0.0584343991179713,0.1122588944929117,0.0429973516124007,-0.013154854029962,-0.036628672836046,0.0172007978981438,-0.0525433202906652,Information Technology,45.0,2.0,97,8.207674424355282,3594.0,4017.0,9.763363044441961,9.046290859969677,9.766751028962657,9.050171619823361
TXN,2019Q3,2019,Q3,0,0,1,0,3771.0,2446.0,1325.0,857.0,399.0,1898.0,1589.0,1580.0,1425.0,379.0,1804.0,17992.0,8985.0,17384.0,8486.0,0.1005038451339167,0.1058074781225139,0.6486343145054362,0.4213736409440466,0.3778838504375497,390.0,389.0,400.0,390.0,384.0,385.0,386.0,375.0,378.0,369.0,343.0,353.0,0.1063249727371864,0.1082359488035615,0.1076136669357008,0.0915278103731518,0.0955937266616878,0.101609923462655,0.1029333333333333,0.0911078717201166,0.1023558082859463,0.1084656084656084,0.1004686584651435,0.0960544217687074,-0.114996479699601,-0.0923566878980891,-0.1276747503566333,-0.0282051282051282,-0.138447571493418,-0.179659266907589,-0.1787941787941788,-0.0905971173644475,0.0075757575757575,-0.0115340253748558,0.0980689336297928,0.1384991522223024,-0.0143256725721598,-0.0730650056465758,0.0255815838945219,-0.0795918367346938,Information Technology,45.0,3.0,98,8.235360643753348,3668.0,4261.0,9.79773807235252,9.103423089630105,9.763363044441961,9.046290859969677
TXN,2019Q4,2019,Q4,0,0,0,1,3350.0,2097.0,1253.0,848.0,412.0,1552.0,1249.0,1257.0,1070.0,386.0,1456.0,18018.0,8907.0,17992.0,8985.0,0.1152238805970149,0.1229850746268656,0.6259701492537313,0.3728358208955223,0.3194029850746269,379.0,390.0,389.0,400.0,390.0,384.0,385.0,386.0,375.0,378.0,369.0,343.0,0.1005038451339167,0.1063249727371864,0.1082359488035615,0.1076136669357008,0.0915278103731518,0.0955937266616878,0.101609923462655,0.1029333333333333,0.0911078717201166,0.1023558082859463,0.1084656084656084,0.1004686584651435,-0.0987355394135055,-0.1364003228410008,-0.1287910261736601,-0.035,-0.1319910514541387,-0.1761213720316622,-0.1636726546906187,-0.0435114503816793,-0.0048309178743961,-0.0482603815937149,0.0707179104477611,0.1041920830629461,-0.0333481326231328,-0.0858636238333399,-0.0417910447761192,-0.111653447223917,Information Technology,45.0,4.0,99,8.11701408773731,3771.0,3717.0,9.799182035726814,9.094705028377259,9.79773807235252,9.103423089630105
TXN,2020Q1,2020,Q1,1,0,0,0,3329.0,2088.0,1241.0,844.0,417.0,1519.0,1244.0,1224.0,1174.0,377.0,1551.0,17283.0,7734.0,18018.0,8907.0,0.1132472213878041,0.1252628416942024,0.6272153799939922,0.3736857915289877,0.3526584559927906,386.0,379.0,390.0,389.0,400.0,390.0,384.0,385.0,386.0,375.0,378.0,369.0,0.1152238805970149,0.1005038451339167,0.1063249727371864,0.1082359488035615,0.1076136669357008,0.0915278103731518,0.0955937266616878,0.101609923462655,0.1029333333333333,0.0911078717201166,0.1023558082859463,0.1084656084656084,-0.073734001112966,-0.0353327855382087,-0.0765148164528969,-0.0308483290488431,-0.0920502092050209,-0.0978970268310369,-0.1111111111111111,-0.0690172543135784,0.0072463768115942,-0.0430839002267573,0.0462995209968331,0.0874266981859024,-0.0030021779308234,-0.0260864867620146,0.0414580861446913,-0.0342465753424657,Information Technology,45.0,1.0,100,8.110727582974489,3350.0,3594.0,9.757536497051824,8.953510763007166,9.799182035726814,9.094705028377259
TXN,2020Q2,2020,Q2,0,1,0,0,3239.0,2082.0,1157.0,854.0,401.0,1576.0,1228.0,1279.0,1380.0,379.0,1759.0,17445.0,7644.0,17283.0,7734.0,0.1170114232787897,0.1238036430997221,0.642790984871874,0.3791293609138623,0.4260574251312133,377.0,386.0,379.0,390.0,389.0,400.0,390.0,384.0,385.0,386.0,375.0,378.0,0.1132472213878041,0.1152238805970149,0.1005038451339167,0.1063249727371864,0.1082359488035615,0.1076136669357008,0.0915278103731518,0.0955937266616878,0.101609923462655,0.1029333333333333,0.0911078717201166,0.1023558082859463,-0.1169574700109051,0.0574712643678161,-0.1177966101694915,-0.0282051282051282,-0.1364383561643836,-0.1845949535192562,-0.155217965653897,-0.1154434250764525,-0.0452380952380951,0.0,0.1005074374015404,0.0812184830709066,-0.0009502828347314,-0.0765959523027577,0.1975315213649735,0.0377581120943952,Information Technology,45.0,2.0,101,8.083328608786376,3329.0,3668.0,9.766865674993165,8.941807118363164,9.757536497051824,8.953510763007166
TXN,2020Q3,2020,Q3,0,0,1,0,3817.0,2453.0,1364.0,844.0,407.0,1886.0,1609.0,1587.0,1353.0,386.0,1739.0,18207.0,8325.0,17445.0,7644.0,0.101126539166885,0.1066282420749279,0.6426512968299711,0.4215352370971967,0.3544668587896253,379.0,377.0,386.0,379.0,390.0,389.0,400.0,390.0,384.0,385.0,386.0,375.0,0.1170114232787897,0.1132472213878041,0.1152238805970149,0.1005038451339167,0.1063249727371864,0.1082359488035615,0.1076136669357008,0.0915278103731518,0.0955937266616878,0.101609923462655,0.1029333333333333,0.0911078717201166,0.0121983558737734,-0.0505263157894736,0.0028618152085035,0.0184696569920843,-0.006322444678609,0.0125865324103209,0.0044303797468354,0.0294339622641508,0.0200501253132832,-0.0151691948658109,0.0061957234784255,0.007757145023943,-0.0092240227531392,0.0003834984855437,-0.0619687547398756,-0.036031042128603,Information Technology,45.0,3.0,102,8.247482004285693,3239.0,3771.0,9.809616336926057,9.02713842775492,9.766865674993165,8.941807118363164
TXN,2020Q4,2020,Q4,0,0,0,1,4076.0,2646.0,1430.0,833.0,398.0,2218.0,1813.0,1927.0,1688.0,388.0,2076.0,19351.0,9187.0,18207.0,8325.0,0.0951913640824337,0.0976447497546614,0.6491658488714426,0.4447988223748773,0.4141315014720314,386.0,379.0,377.0,386.0,379.0,390.0,389.0,400.0,390.0,384.0,385.0,386.0,0.101126539166885,0.1170114232787897,0.1132472213878041,0.1152238805970149,0.1005038451339167,0.1063249727371864,0.1082359488035615,0.1076136669357008,0.0915278103731518,0.0955937266616878,0.101609923462655,0.1029333333333333,0.2167164179104477,0.577570093457944,0.2618025751072961,0.005181347150259,0.4291237113402062,0.4515612489991993,0.5330151153540175,0.1412609736632082,-0.0339805825242718,-0.017688679245283,-0.1738573324451993,-0.2060439036938937,0.0370556002476551,0.193015256169607,0.2965799345152384,0.4258241758241758,Information Technology,45.0,4.0,103,8.313116702819253,3817.0,3350.0,9.870551052289864,9.125653563808989,9.809616336926057,9.02713842775492
TXN,2021Q1,2021,Q1,1,0,0,0,4289.0,2797.0,1492.0,858.0,425.0,2226.0,1939.0,1939.0,1753.0,386.0,2139.0,19639.0,10166.0,19351.0,9187.0,0.0899976684541851,0.0990906971321986,0.6521333644206109,0.4520867335043134,0.4087199813476335,388.0,386.0,379.0,377.0,386.0,379.0,390.0,389.0,400.0,390.0,384.0,385.0,0.0951913640824337,0.101126539166885,0.1170114232787897,0.1132472213878041,0.1152238805970149,0.1005038451339167,0.1063249727371864,0.1082359488035615,0.1076136669357008,0.0915278103731518,0.0955937266616878,0.101609923462655,0.2883748873535596,0.4931856899488926,0.3395593869731801,0.0238726790450929,0.4654377880184333,0.5586816720257235,0.5841503267973855,0.2022562449637388,0.0191846522781775,0.0165876777251183,-0.2052991026950071,-0.2089378159398338,0.0397279550556577,0.2098044500288258,0.1589683287106233,0.379110251450677,Information Technology,45.0,1.0,104,8.364042011922063,4076.0,3329.0,9.885323581908457,9.226902460275161,9.870551052289864,9.125653563808989
TXN,2021Q2,2021,Q2,0,1,0,0,4580.0,3077.0,1503.0,864.0,425.0,2533.0,2213.0,2242.0,1931.0,391.0,2322.0,20603.0,11153.0,19639.0,10166.0,0.0853711790393013,0.0927947598253275,0.6718340611353711,0.4831877729257642,0.4216157205240174,386.0,388.0,386.0,379.0,377.0,386.0,379.0,390.0,389.0,400.0,390.0,384.0,0.0899976684541851,0.0951913640824337,0.101126539166885,0.1170114232787897,0.1132472213878041,0.1152238805970149,0.1005038451339167,0.1063249727371864,0.1082359488035615,0.1076136669357008,0.0915278103731518,0.0955937266616878,0.4140166718122877,0.3992753623188405,0.4779058597502401,0.0316622691292876,0.6072335025380711,0.8021172638436482,0.7529319781078967,0.2990492653414001,0.0598503740648379,0.0117096018735363,-0.2704030371812745,-0.2504682616602599,0.0451827685002244,0.2744667723994709,-0.0104251313208025,0.3200682205798748,Information Technology,45.0,2.0,105,8.429672593886743,4289.0,3239.0,9.933240510685476,9.3195534569495,9.885323581908457,9.226902460275161
TXN,2021Q3,2021,Q3,0,0,1,0,4643.0,3152.0,1491.0,847.0,412.0,2573.0,2305.0,2275.0,1947.0,388.0,2335.0,23273.0,12151.0,20603.0,11153.0,0.0835666594874003,0.0887357312082705,0.6788714193409433,0.4964462631919017,0.4193409433555891,391.0,386.0,388.0,386.0,379.0,377.0,386.0,379.0,390.0,389.0,400.0,390.0,0.0853711790393013,0.0899976684541851,0.0951913640824337,0.101126539166885,0.1170114232787897,0.1132472213878041,0.1152238805970149,0.1005038451339167,0.1063249727371864,0.1082359488035615,0.1076136669357008,0.0915278103731518,0.2164003143830233,0.4390243902439024,0.2849571952710965,0.005181347150259,0.3642629904559915,0.432566811684276,0.4335223692501575,0.0931085043988269,0.0122850122850122,0.0035545023696681,-0.1736426443953179,-0.1678027370467603,0.0563604596919611,0.1777099978890546,0.183018758897475,0.342725704427832,Information Technology,45.0,3.0,106,8.443331342817782,4580.0,3817.0,10.055092136668023,9.405249044275608,9.933240510685476,9.3195534569495
TXN,2021Q4,2021,Q4,0,0,0,1,4832.0,3350.0,1482.0,847.0,404.0,2725.0,2503.0,2463.0,2138.0,389.0,2527.0,24676.0,13333.0,23273.0,12151.0,0.0805049668874172,0.0836092715231788,0.6932947019867549,0.5180049668874173,0.4424668874172185,388.0,391.0,386.0,388.0,386.0,379.0,377.0,386.0,379.0,390.0,389.0,400.0,0.0835666594874003,0.0853711790393013,0.0899976684541851,0.0951913640824337,0.101126539166885,0.1170114232787897,0.1132472213878041,0.1152238805970149,0.1005038451339167,0.1063249727371864,0.1082359488035615,0.1076136669357008,0.185475956820412,0.2665876777251184,0.2660619803476947,0.0025773195876288,0.2285843101893598,0.380584666298952,0.2781525687597301,0.0363636363636363,0.015075376884422,0.0168067226890755,-0.1542828736259984,-0.1437402243003095,0.0679777797800502,0.1645825951644306,0.0684212281472647,0.2172447013487475,Information Technology,45.0,4.0,107,8.483222671845084,4643.0,4076.0,10.113626914715084,9.498072443178005,10.055092136668023,9.405249044275608
TXN,2022Q1,2022,Q1,1,0,0,0,4905.0,3442.0,1463.0,879.0,422.0,2792.0,2563.0,2526.0,2201.0,391.0,2592.0,25276.0,14017.0,24676.0,13333.0,0.0797145769622833,0.0860346585117227,0.7017329255861366,0.5225280326197758,0.4487257900101937,389.0,388.0,391.0,386.0,388.0,386.0,379.0,377.0,386.0,379.0,390.0,389.0,0.0805049668874172,0.0835666594874003,0.0853711790393013,0.0899976684541851,0.0951913640824337,0.101126539166885,0.1170114232787897,0.1132472213878041,0.1152238805970149,0.1005038451339167,0.1063249727371864,0.1082359488035615,0.143623222196316,0.2555618938961779,0.2306042188058634,0.0129533678756477,0.2542677448337826,0.3218153687467766,0.3027333677153172,-0.0194369973190348,-0.0070588235294117,0.0244755244755243,-0.1142595321470636,-0.1317584697487557,0.0760573892881444,0.1558136832935628,0.0978807263854653,0.2117812061711079,Information Technology,45.0,1.0,108,8.498214224818435,4832.0,4289.0,10.13765017033277,9.54809749706027,10.113626914715084,9.498072443178005
TXN,2022Q2,2022,Q2,0,1,0,0,5212.0,3625.0,1587.0,902.0,422.0,2970.0,2723.0,2681.0,2291.0,414.0,2705.0,24723.0,14092.0,25276.0,14017.0,0.0794320798158096,0.0809669992325402,0.695510360706063,0.5224481964696853,0.4395625479662318,391.0,389.0,388.0,391.0,386.0,388.0,386.0,379.0,377.0,386.0,379.0,390.0,0.0797145769622833,0.0805049668874172,0.0835666594874003,0.0853711790393013,0.0899976684541851,0.0951913640824337,0.101126539166885,0.1170114232787897,0.1132472213878041,0.1152238805970149,0.1005038451339167,0.1063249727371864,0.1379912663755458,0.1864319005696531,0.1780955476113097,0.0588235294117647,0.1725227003553098,0.2304563940352462,0.1958073148974131,0.0558882235528941,-0.0070588235294117,0.0439814814814814,-0.0695679653288789,-0.1274615141528599,0.0352412908787027,0.0812529325942876,0.0425667890654279,0.164944013781223,Information Technology,45.0,2.0,109,8.558910784768106,4905.0,4580.0,10.115529710779164,9.553433499191511,10.13765017033277,9.54809749706027
TXN,2022Q3,2022,Q3,0,0,1,0,5241.0,3617.0,1624.0,939.0,431.0,2973.0,2678.0,2658.0,2295.0,431.0,2726.0,26057.0,14507.0,24723.0,14092.0,0.0822362144628887,0.0822362144628887,0.6901354703300897,0.5109711887044457,0.4378935317687464,414.0,391.0,389.0,388.0,391.0,386.0,388.0,386.0,379.0,377.0,386.0,379.0,0.0794320798158096,0.0797145769622833,0.0805049668874172,0.0835666594874003,0.0853711790393013,0.0899976684541851,0.0951913640824337,0.101126539166885,0.1170114232787897,0.1132472213878041,0.1152238805970149,0.1005038451339167,0.128796037045014,0.1787365177195685,0.1475253807106598,0.1108247422680412,0.1554605518849592,0.1618221258134491,0.1683516483516483,0.0892018779342722,0.046116504854369,0.1086186540731994,-0.0159207635278543,-0.0732457675941928,0.0165923187635173,0.0292578000671328,0.0442422537248532,0.1674518201284796,Information Technology,45.0,3.0,110,8.564458383883352,5212.0,4643.0,10.168080101762877,9.582455500402792,10.115529710779164,9.553433499191511
TXN,2022Q4,2022,Q4,0,0,0,1,4670.0,3087.0,1583.0,911.0,429.0,2490.0,2176.0,2167.0,1962.0,434.0,2396.0,27207.0,14577.0,26057.0,14507.0,0.092933618843683,0.0918629550321199,0.6610278372591006,0.4659528907922912,0.4201284796573876,431.0,414.0,391.0,389.0,388.0,391.0,386.0,388.0,386.0,379.0,377.0,386.0,0.0822362144628887,0.0794320798158096,0.0797145769622833,0.0805049668874172,0.0835666594874003,0.0853711790393013,0.0899976684541851,0.0951913640824337,0.101126539166885,0.1170114232787897,0.1132472213878041,0.1152238805970149,-0.0335264900662252,-0.0823199251637043,-0.0785074626865671,0.1156812339331618,-0.0862385321100916,-0.1306432281262485,-0.1201786439301664,0.0681511470985154,0.0618811881188119,0.0755608028335301,0.154383666459323,0.0987173235524838,-0.0465413404071718,-0.1004856698728121,-0.0504860553299828,-0.0518401266323703,Information Technology,45.0,4.0,111,8.449128460502108,5241.0,4832.0,10.211266326687031,9.587268821942159,10.168080101762877,9.582455500402792
TXN,2023Q1,2023,Q1,1,0,0,0,4379.0,2863.0,1516.0,929.0,474.0,2295.0,1934.0,1946.0,1708.0,455.0,2163.0,29220.0,15243.0,27207.0,14577.0,0.1039050011418132,0.1082438912993834,0.6538022379538707,0.4416533455126741,0.3900433889015757,434.0,431.0,414.0,391.0,389.0,388.0,391.0,386.0,388.0,386.0,379.0,377.0,0.092933618843683,0.0822362144628887,0.0794320798158096,0.0797145769622833,0.0805049668874172,0.0835666594874003,0.0853711790393013,0.0899976684541851,0.0951913640824337,0.101126539166885,0.1170114232787897,0.1132472213878041,-0.1072375127420999,-0.2239890958655156,-0.1682161533991865,0.1636828644501278,-0.1780085959885387,-0.2454155286773313,-0.229612034837688,0.036226930963773,0.1232227488151658,0.0568828213879408,0.303462993863411,0.2581428597712694,-0.0683033186624824,-0.1547757862896346,-0.1307756371820859,-0.1655092592592593,Information Technology,45.0,1.0,112,8.384804003370492,4670.0,4905.0,10.282642907853932,9.63194126199375,10.211266326687031,9.587268821942159
TXN,2023Q2,2023,Q2,0,1,0,0,4531.0,2910.0,1621.0,938.0,461.0,2391.0,1972.0,2002.0,1722.0,477.0,2199.0,30939.0,15940.0,29220.0,15243.0,0.1052747737806223,0.1017435444714191,0.6422423306113441,0.4352240123593026,0.3800485544030015,455.0,434.0,431.0,414.0,391.0,389.0,388.0,391.0,386.0,388.0,386.0,379.0,0.1039050011418132,0.092933618843683,0.0822362144628887,0.0794320798158096,0.0797145769622833,0.0805049668874172,0.0835666594874003,0.0853711790393013,0.0899976684541851,0.0951913640824337,0.101126539166885,0.1170114232787897,-0.1306600153491941,-0.2483631601920558,-0.1972413793103448,0.1521739130434782,-0.1949494949494949,-0.2757987513771576,-0.2532637075718016,0.021424070573409,0.0924170616113744,0.039911308203991,0.3253432873058062,0.2566051037560106,-0.076588406304462,-0.1669527901517865,-0.1353936859238568,-0.1870609981515711,Information Technology,45.0,2.0,113,8.418918622147897,4379.0,5212.0,10.339805124127057,9.676649685633647,10.282642907853932,9.63194126199375
TXN,2023Q3,2023,Q3,0,0,1,0,4532.0,2815.0,1717.0,923.0,452.0,2340.0,1892.0,1922.0,1709.0,471.0,2180.0,31638.0,16631.0,30939.0,15940.0,0.1039276257722859,0.0997352162400706,0.6211385701676964,0.4174757281553398,0.3770962047661076,477.0,455.0,434.0,431.0,414.0,391.0,389.0,388.0,391.0,386.0,388.0,386.0,0.1052747737806223,0.1039050011418132,0.092933618843683,0.0822362144628887,0.0794320798158096,0.0797145769622833,0.0805049668874172,0.0835666594874003,0.0853711790393013,0.0899976684541851,0.0951913640824337,0.101126539166885,-0.1352795268078611,-0.2553376906318083,-0.2217307160630356,0.0928074245939676,-0.2129162462159435,-0.2935026138909634,-0.2768999247554552,0.0572660098522168,0.0487238979118329,-0.0170394036208733,0.2637695746462896,0.2127894856478192,-0.099975878836357,-0.1829759928072681,-0.138840431730209,-0.2002934702861335,Information Technology,45.0,3.0,114,8.41913925094085,4531.0,5241.0,10.362145815819545,9.71908382953785,10.339805124127057,9.676649685633647
TXN,2023Q4,2023,Q4,0,0,0,1,4077.0,2431.0,1646.0,898.0,438.0,1983.0,1533.0,1548.0,1371.0,460.0,1831.0,32348.0,16897.0,31638.0,16631.0,0.1128280598479274,0.1074319352465047,0.5962717684571989,0.3760117733627667,0.3362766740250184,471.0,477.0,455.0,434.0,431.0,414.0,391.0,389.0,388.0,391.0,386.0,388.0,0.1039276257722859,0.1052747737806223,0.1039050011418132,0.092933618843683,0.0822362144628887,0.0794320798158096,0.0797145769622833,0.0805049668874172,0.0835666594874003,0.0853711790393013,0.0899976684541851,0.0951913640824337,-0.1269807280513918,-0.3012232415902141,-0.2125040492387431,0.0599078341013825,-0.2036144578313252,-0.2954963235294118,-0.2856483617904938,0.0397978521794062,0.020979020979021,-0.0142700329308452,0.2140715195617994,0.1694805072288516,-0.0979626955960094,-0.1930262033069298,-0.1995861020913171,-0.2358096828046744,Information Technology,45.0,4.0,115,8.3133619511344,4532.0,4670.0,10.384338387550182,9.73495055071279,10.362145815819545,9.71908382953785
TXN,2024Q1,2024,Q1,1,0,0,0,3661.0,2095.0,1566.0,809.0,455.0,1771.0,1286.0,1293.0,1105.0,478.0,1583.0,34885.0,16983.0,32348.0,16897.0,0.1305654192843485,0.124282982791587,0.5722480196667578,0.3512701447691887,0.3018301010652827,460.0,471.0,477.0,455.0,434.0,431.0,414.0,391.0,389.0,388.0,391.0,386.0,0.1128280598479274,0.1039276257722859,0.1052747737806223,0.1039050011418132,0.092933618843683,0.0822362144628887,0.0794320798158096,0.0797145769622833,0.0805049668874172,0.0835666594874003,0.0853711790393013,0.0899976684541851,-0.16396437542818,-0.3530444964871194,-0.268250087320992,0.0505494505494505,-0.2283224400871459,-0.3350568769389865,-0.3355601233299075,0.0329815303430078,-0.0400843881856539,-0.1291711517761034,0.2565845517498071,0.1481754887011803,-0.1247383590217491,-0.2046473816213663,-0.2261627561095591,-0.2681460933888118,Information Technology,45.0,1.0,116,8.205764725234456,4077.0,4379.0,10.45984088157808,9.740027003383092,10.384338387550182,9.73495055071279
TXN,2024Q2,2024,Q2,0,1,0,0,3822.0,2211.0,1611.0,963.0,465.0,1759.0,1248.0,1247.0,1127.0,498.0,1625.0,35048.0,17214.0,34885.0,16983.0,0.130298273155416,0.1216640502354788,0.5784929356357927,0.3265306122448979,0.2948717948717949,478.0,460.0,471.0,477.0,455.0,434.0,431.0,414.0,391.0,389.0,388.0,391.0,0.1305654192843485,0.1128280598479274,0.1039276257722859,0.1052747737806223,0.1039050011418132,0.092933618843683,0.0822362144628887,0.0794320798158096,0.0797145769622833,0.0805049668874172,0.0835666594874003,0.0853711790393013,-0.1564775987640697,-0.3455284552845529,-0.2402061855670103,0.0440251572327043,-0.2643245503973233,-0.3671399594320487,-0.3771228771228772,-0.0061690314620604,0.0086767895878525,0.0266524520255864,0.2376970139773373,0.1957913484098796,-0.0992606558880491,-0.2497412758206731,-0.2241207302182911,-0.2610277398817644,Information Technology,45.0,2.0,117,8.248790733696413,3661.0,4531.0,10.464502361385257,9.753536375772624,10.45984088157808,9.740027003383092
TXN,2024Q3,2024,Q3,0,0,1,0,4151.0,2474.0,1677.0,920.0,428.0,2087.0,1554.0,1554.0,1362.0,492.0,1854.0,35321.0,17268.0,35048.0,17214.0,0.1185256564683208,0.1031076848952059,0.5960009636232233,0.3743676222596964,0.3281137075403517,498.0,478.0,460.0,471.0,477.0,455.0,434.0,431.0,414.0,391.0,389.0,388.0,0.130298273155416,0.1305654192843485,0.1128280598479274,0.1039276257722859,0.1052747737806223,0.1039050011418132,0.092933618843683,0.0822362144628887,0.0794320798158096,0.0797145769622833,0.0805049668874172,0.0835666594874003,-0.0840688437775816,-0.2030427150380339,-0.1211367673179396,0.0445859872611464,-0.108119658119658,-0.1786469344608879,-0.1914672216441206,-0.023296447291788,-0.0530973451327433,-0.0032502708559046,0.1404634291176862,0.0338142211174192,-0.040470207054903,-0.1032589513314247,-0.1298939013616886,-0.1495412844036697,Information Technology,45.0,3.0,118,8.331345424845724,3822.0,4532.0,10.472261278256317,9.75666826558467,10.464502361385257,9.753536375772624
TXN,2024Q4,2024,Q4,0,0,0,1,4007.0,2314.0,1693.0,937.0,446.0,1924.0,1377.0,1359.0,1205.0,491.0,1696.0,35509.0,16903.0,35321.0,17268.0,0.1225355627651609,0.1113052158722236,0.5774893935612678,0.3436486149238832,0.3007237334664337,492.0,498.0,478.0,460.0,471.0,477.0,455.0,434.0,431.0,414.0,391.0,389.0,0.1185256564683208,0.130298273155416,0.1305654192843485,0.1128280598479274,0.1039276257722859,0.1052747737806223,0.1039050011418132,0.092933618843683,0.0822362144628887,0.0794320798158096,0.0797145769622833,0.0805049668874172,-0.0171694873681628,-0.1210795040116703,-0.0481283422459892,0.067391304347826,-0.0297528996469994,-0.1017612524461839,-0.1220930232558139,0.028554070473876,0.0182648401826484,0.0434298440979954,0.0860380204207853,0.0360533450024103,-0.0314996883795601,-0.086069534869751,-0.1057252652497079,-0.0737302020753686,Information Technology,45.0,4.0,119,8.2960476427647,4151.0,4077.0,10.477569625937134,9.735305559295893,10.472261278256317,9.75666826558467
TXN,2025Q1,2025,Q1,1,0,0,0,4069.0,2313.0,1756.0,989.0,472.0,1848.0,1324.0,1276.0,1179.0,517.0,1696.0,33757.0,16406.0,35509.0,16903.0,0.1270582452691079,0.1159990169574834,0.5684443352174982,0.3253870729909068,0.2897517817645613,491.0,492.0,498.0,478.0,460.0,471.0,477.0,455.0,434.0,431.0,414.0,391.0,0.1225355627651609,0.1185256564683208,0.130298273155416,0.1305654192843485,0.1128280598479274,0.1039276257722859,0.1052747737806223,0.1039050011418132,0.092933618843683,0.0822362144628887,0.0794320798158096,0.0797145769622833,0.1114449603933351,0.0669683257918551,0.1040572792362768,0.0815899581589958,0.0434782608695651,0.0295489891135303,-0.0131477184841454,0.1213282247765006,0.0373626373626374,0.2224969097651421,-0.0268614311083598,-0.0666540635574797,-0.0066469158800664,-0.0736842346658552,-0.0400169474750595,0.0713834491471889,Information Technology,45.0,1.0,120,8.311398278436641,4007.0,3661.0,10.426972705248874,9.705463352014883,10.477569625937134,9.735305559295893
TXN,2025Q2,2025,Q2,0,1,0,0,4448.0,2575.0,1873.0,1012.0,485.0,2092.0,1563.0,1478.0,1295.0,527.0,1822.0,34933.0,16403.0,33757.0,16406.0,0.1184802158273381,0.1090377697841726,0.5789118705035972,0.3513938848920863,0.2911420863309352,517.0,491.0,492.0,498.0,478.0,460.0,471.0,477.0,455.0,434.0,431.0,414.0,0.1270582452691079,0.1225355627651609,0.1185256564683208,0.130298273155416,0.1305654192843485,0.1128280598479274,0.1039276257722859,0.1052747737806223,0.1039050011418132,0.092933618843683,0.0822362144628887,0.0794320798158096,0.1637885923600208,0.1490683229813665,0.1646313885119854,0.0582329317269076,0.1893121091529277,0.2524038461538462,0.185244587008821,0.1626319056486653,0.043010752688172,0.0508826583592938,-0.090700030337176,-0.1037798793223485,0.0007241832043185,0.0761437724820144,-0.0126485767907413,0.1212307692307692,Information Technology,45.0,2.0,121,8.400434630806041,4069.0,3822.0,10.461215845988338,9.705280486511949,10.426972705248874,9.705463352014883
TXN,2025Q3,2025,Q3,0,0,1,0,4742.0,2723.0,2019.0,1060.0,457.0,2383.0,1663.0,1584.0,1364.0,518.0,1882.0,35004.0,16627.0,34933.0,16403.0,0.1092366090257275,0.0963728384647828,0.5742302825811894,0.3506959088991986,0.2876423450021088,527.0,517.0,491.0,492.0,498.0,478.0,460.0,471.0,477.0,455.0,434.0,431.0,0.1184802158273381,0.1270582452691079,0.1225355627651609,0.1185256564683208,0.130298273155416,0.1305654192843485,0.1128280598479274,0.1039276257722859,0.1052747737806223,0.1039050011418132,0.092933618843683,0.0822362144628887,0.1423753312454829,0.0014684287812041,0.1006467259498786,0.0528455284552844,0.1418303785337804,0.0701415701415701,0.0193050193050192,0.2039355992844365,0.0677570093457944,0.1521739130434782,-0.0783716177524491,-0.0653185690016041,-0.0365279292665654,-0.0632311983007891,-0.123345540305614,0.0151024811218984,Information Technology,45.0,3.0,122,8.464425125877582,4448.0,4151.0,10.463246187411299,9.718843300372528,10.461215845988338,9.705280486511949
